日期,商品名稱,身份別,多方交易口數,多方交易契約金額(千元),空方交易口數,空方交易契約金額(千元),多空交易口數淨額,多空交易契約金額淨額(千元),多方未平倉口數,多方未平倉契約金額(千元),空方未平倉口數,空方未平倉契約金額(千元),多空未平倉口數淨額,多空未平倉契約金額淨額(千元)
2018/06/05,臺股期貨,外資及陸資,43660,96744874,44337,98256299,-677,,72646,160633794,24929,54946371,47717,105687423
2018/06/05,臺股期貨,投信,53,117320,393,870142,-340,,1716,3798881,26133,57853235,-24417,-54054354
2018/06/05,臺股期貨,自營商,16010,35407810,16344,36136490,-334,,8394,18097645,10601,23059521,-2207,-4961876
2018/06/06,臺股期貨,外資及陸資,54950,122352058,46849,104329549,8101,,78562,175707537,22750,50702057,55812,125005480
2018/06/06,臺股期貨,投信,393,879606,105,234643,288,,1688,3780445,25817,57819753,-24129,-54039308
2018/06/06,臺股期貨,自營商,20806,46271438,24824,55254918,-4018,,8355,18215510,14585,32277896,-6230,-14062386
2018/06/07,臺股期貨,外資及陸資,51972,116473656,55267,123877249,-3295,,76369,171233679,23852,53302760,52517,117930919
2018/06/07,臺股期貨,投信,121,271318,292,655602,-171,,1720,3862088,26020,58425308,-24300,-54563220
2018/06/07,臺股期貨,自營商,17719,39631422,16482,36852701,1237,,7732,16849179,12725,28169463,-4993,-11320284
2018/06/08,臺股期貨,外資及陸資,49370,110244773,50896,113658864,-1526,,74893,166386759,23902,52929841,50991,113456918
2018/06/08,臺股期貨,投信,10,22222,547,1217113,-537,,1656,3684600,26493,58946925,-24837,-55262325
2018/06/08,臺股期貨,自營商,15711,35016021,16126,35906302,-415,,8011,17322894,13416,29420384,-5405,-12097490
2018/06/11,臺股期貨,外資及陸資,46731,103962131,47318,105273154,-587,,74625,165817366,24220,53638811,50405,112178555
2018/06/11,臺股期貨,投信,6,13353,199,443246,-193,,1530,3405168,26560,59111936,-25030,-55706768
2018/06/11,臺股期貨,自營商,13583,30169835,14911,33125032,-1328,,7033,15146695,13766,30207913,-6733,-15061218
2018/06/12,臺股期貨,外資及陸資,63025,139946701,63225,140447536,-200,,74397,165429259,24185,53621552,50212,111807707
2018/06/12,臺股期貨,投信,16,35612,117,259650,-101,,1486,3311105,26617,59307999,-25131,-55996894
2018/06/12,臺股期貨,自營商,20829,46205536,20476,45398398,353,,6976,15042924,13338,29253275,-6362,-14210351
2018/06/13,臺股期貨,外資及陸資,44501,99040954,45143,100504597,-642,,73295,162999521,23726,52612599,49569,110386922
2018/06/13,臺股期貨,投信,49,109314,36,79946,13,,1522,3392842,26640,59385888,-25118,-55993046
2018/06/13,臺股期貨,自營商,17674,39305968,16649,36998259,1025,,7541,16342462,12508,27424783,-4967,-11082321
2018/06/14,臺股期貨,外資及陸資,56504,124695478,62462,138084905,-5958,,71217,155849438,27606,60335160,43611,95514278
2018/06/14,臺股期貨,投信,3216,7100255,3785,8184828,-569,,1609,3527360,27296,59792705,-25687,-56265345
2018/06/14,臺股期貨,自營商,19396,42787908,19736,43443279,-340,,6653,14204198,11913,25683033,-5260,-11478835
2018/06/15,臺股期貨,外資及陸資,78011,170780893,76662,168487110,1349,,76582,167885980,31625,69483165,44957,98402815
2018/06/15,臺股期貨,投信,13207,29053940,13199,28440242,8,,1668,3658251,27315,59577736,-25647,-55919485
2018/06/15,臺股期貨,自營商,17179,37682522,17723,38852295,-544,,7525,16183597,13139,28489804,-5614,-12306207
2018/06/19,臺股期貨,外資及陸資,126360,273937143,132088,286904682,-5728,,75873,162174412,36684,78365389,39189,83809023
2018/06/19,臺股期貨,投信,11501,25051158,12402,26505097,-901,,1422,3033570,27972,59473388,-26550,-56439818
2018/06/19,臺股期貨,自營商,28214,61352684,25214,54760132,3000,,8909,18915682,11239,23839038,-2330,-4923356
2018/06/20,臺股期貨,外資及陸資,81585,175724156,79172,170745887,2413,,64890,139333973,29722,63785115,35168,75548858
2018/06/20,臺股期貨,投信,806,1735774,524,1123135,282,,1364,2929489,27635,59352981,-26271,-56423492
2018/06/20,臺股期貨,自營商,32720,70737769,39116,84543612,-6396,,5556,11737308,11316,24116854,-5760,-12379546
2018/06/21,臺股期貨,外資及陸資,47306,101388023,51197,109729021,-3891,,63832,136653683,32555,69660777,31277,66992906
2018/06/21,臺股期貨,投信,252,539659,26,55631,226,,1390,2976438,27435,58747869,-26045,-55771431
2018/06/21,臺股期貨,自營商,14808,31704990,14033,30040122,775,,6389,13487211,11368,24156039,-4979,-10668828
2018/06/22,臺股期貨,外資及陸資,61710,131302103,63161,134375280,-1451,,64051,136459880,34225,72877316,29826,63582564
2018/06/22,臺股期貨,投信,527,1123835,70,149137,457,,1895,4038138,27483,58564849,-25588,-54526711
2018/06/22,臺股期貨,自營商,15332,32581112,17578,37351468,-2246,,5959,12504506,13156,27836182,-7197,-15331676
2018/06/25,臺股期貨,外資及陸資,48106,102288666,48907,103987755,-801,,63228,133807724,34210,72351003,29018,61456721
2018/06/25,臺股期貨,投信,80,169552,95,201361,-15,,1914,4051448,27517,58246562,-25603,-54195114
2018/06/25,臺股期貨,自營商,14994,31849477,12989,27574649,2005,,6395,13344740,11597,24340057,-5202,-10995317
2018/06/26,臺股期貨,外資及陸資,73503,154999814,75087,158341871,-1584,,62355,132059084,34939,73950863,27416,58108221
2018/06/26,臺股期貨,投信,84,176720,108,227550,-24,,1900,4024853,27527,58312481,-25627,-54287628
2018/06/26,臺股期貨,自營商,21693,45720800,21519,45335872,174,,6868,14356481,11880,24947190,-5012,-10590709
2018/06/27,臺股期貨,外資及陸資,54011,114320574,52961,112110714,1050,,62285,131461987,33823,71344087,28462,60117900
2018/06/27,臺股期貨,投信,55,116321,358,755699,-303,,1888,3985839,27818,58728654,-25930,-54742815
2018/06/27,臺股期貨,自營商,17781,37609264,16608,35109947,1173,,7115,14851608,10900,22808780,-3785,-7957172
2018/06/28,臺股期貨,外資及陸資,73612,155079565,75521,159126981,-1909,,64424,135550108,37871,79639896,26553,55910212
2018/06/28,臺股期貨,投信,40,84403,41,86242,-1,,1899,3996531,27830,58570322,-25931,-54573791
2018/06/28,臺股期貨,自營商,18728,39407808,20078,42239959,-1350,,6677,13886948,11802,24646420,-5125,-10759472
2018/06/29,臺股期貨,外資及陸資,71601,151656005,66309,140406976,5292,,67957,145078400,36112,77049206,31845,68029194
2018/06/29,臺股期貨,投信,1060,2262981,0,0,1060,,2006,4283506,26877,57392438,-24871,-53108932
2018/06/29,臺股期貨,自營商,18180,38512829,17421,36960944,759,,7336,15470478,11692,24769164,-4356,-9298686
2018/07/02,臺股期貨,外資及陸資,55371,118137724,55035,117454691,336,,64977,137835282,32786,69508333,32191,68326949
2018/07/02,臺股期貨,投信,46,97934,293,622091,-247,,1982,4205697,27100,57505484,-25118,-53299787
2018/07/02,臺股期貨,自營商,18727,39934841,17392,37054867,1335,,7031,14733833,10042,21100911,-3011,-6367078
2018/07/03,臺股期貨,外資及陸資,89141,189415512,92418,196386978,-3277,,64829,137648865,35912,76216069,28917,61432796
2018/07/03,臺股期貨,投信,112,237955,278,590213,-166,,2025,4301105,27309,58009050,-25284,-53707945
2018/07/03,臺股期貨,自營商,29725,63101284,28826,61172462,899,,8224,17279203,10304,21655820,-2080,-4376617
2018/07/04,臺股期貨,外資及陸資,53716,114000223,54994,116715591,-1278,,63741,135279507,36087,76557453,27654,58722054
2018/07/04,臺股期貨,投信,119,252213,16,33938,103,,2115,4490083,27296,57959602,-25181,-53469519
2018/07/04,臺股期貨,自營商,18007,38182916,17701,37531966,306,,8150,17129149,9880,20758785,-1730,-3629636
2018/07/05,臺股期貨,外資及陸資,69687,147199877,75670,159860379,-5983,,62189,130536598,40518,85022162,21671,45514436
2018/07/05,臺股期貨,投信,65,136807,638,1341750,-573,,2127,4465910,27881,58554964,-25754,-54089054
2018/07/05,臺股期貨,自營商,20609,43492852,21115,44514356,-506,,9559,19908296,11864,24666825,-2305,-4758529
2018/07/06,臺股期貨,外資及陸資,93755,196883122,90584,190229170,3171,,64948,136807007,40095,84429316,24853,52377691
2018/07/06,臺股期貨,投信,149,313742,74,153955,75,,2239,4717506,27918,58837997,-25679,-54120491
2018/07/06,臺股期貨,自營商,25867,54258656,25164,52784489,703,,9530,19914554,11124,23191505,-1594,-3276951
2018/07/09,臺股期貨,外資及陸資,68172,144790244,62625,133050198,5547,,69185,147415779,38776,82587172,30409,64828607
2018/07/09,臺股期貨,投信,1288,2744407,70,149172,1218,,2409,5134625,26870,57295578,-24461,-52160953
2018/07/09,臺股期貨,自營商,17505,37148143,19004,40351696,-1499,,8011,16894425,10974,23165000,-2963,-6270575
2018/07/10,臺股期貨,外資及陸資,48861,104593001,46667,99909884,2194,,67512,144458692,34896,74635475,32616,69823217
2018/07/10,臺股期貨,投信,283,602290,51,109208,232,,2556,5468430,26785,57361395,-24229,-51892965
2018/07/10,臺股期貨,自營商,14371,30738439,13973,29879454,398,,8506,18023402,11071,23460769,-2565,-5437367
2018/07/11,臺股期貨,外資及陸資,66551,141295314,69432,147383010,-2881,,65511,138933923,35776,75829014,29735,63104909
2018/07/11,臺股期貨,投信,177,373305,538,1141848,-361,,2623,5560100,27213,57766421,-24590,-52206321
2018/07/11,臺股期貨,自營商,23844,50571663,23140,49072575,704,,8773,18442147,10573,22190073,-1800,-3747926
2018/07/12,臺股期貨,外資及陸資,64639,138018031,59428,126929315,5211,,71878,154172982,36926,79173035,34952,74999947
2018/07/12,臺股期貨,投信,1338,2864630,365,782324,973,,2673,5724303,26290,56458531,-23617,-50734228
2018/07/12,臺股期貨,自營商,18791,40086953,20427,43616415,-1636,,9176,19507743,12573,26736944,-3397,-7229201
2018/07/13,臺股期貨,外資及陸資,60248,129958756,60474,130606617,-226,,72660,157247119,37924,82122048,34736,75125071
2018/07/13,臺股期貨,投信,5195,11243097,4496,9633714,699,,2757,5954728,25675,55598138,-22918,-49643410
2018/07/13,臺股期貨,自營商,18294,39470541,17676,38107007,618,,11093,23856538,14324,30766526,-3231,-6909988
2018/07/16,臺股期貨,外資及陸資,87409,188806818,87081,188437723,328,,72512,155889227,37448,80604742,35064,75284485
2018/07/16,臺股期貨,投信,13431,29098087,13420,28789788,11,,2782,5974418,25689,55169566,-22907,-49195148
2018/07/16,臺股期貨,自營商,19845,42951244,19722,42614913,123,,11730,25172985,15035,32164845,-3305,-6991860
2018/07/17,臺股期貨,外資及陸資,100738,216522452,102597,220657534,-1859,,81227,173538214,48022,102666942,33205,70871272
2018/07/17,臺股期貨,投信,9263,19978382,9781,20910753,-518,,2783,5938119,26208,55879476,-23425,-49941357
2018/07/17,臺股期貨,自營商,21542,46343043,24050,51761056,-2508,,9066,19345945,14649,31230791,-5583,-11884846
2018/07/18,臺股期貨,外資及陸資,64149,138001750,56105,120749795,8044,,69067,148002663,32028,68626189,37039,79376474
2018/07/18,臺股期貨,投信,648,1397098,576,1238416,72,,2811,6024508,26164,56074505,-23353,-50049997
2018/07/18,臺股期貨,自營商,29809,64292033,33343,71923240,-3534,,5355,11405439,12929,27637567,-7574,-16232128
2018/07/19,臺股期貨,外資及陸資,56502,121522726,54606,117439099,1896,,71002,152205784,32068,68740141,38934,83465643
2018/07/19,臺股期貨,投信,81,174220,68,146110,13,,2856,6123240,26196,56164008,-23340,-50040768
2018/07/19,臺股期貨,自營商,16449,35350900,16053,34498762,396,,5680,12110967,12870,27523458,-7190,-15412491
2018/07/20,臺股期貨,外資及陸資,86844,187457443,81341,175562646,5503,,78185,169226429,33733,73011277,44452,96215152
2018/07/20,臺股期貨,投信,666,1441477,340,735665,326,,2630,5693400,25644,55513867,-23014,-49820467
2018/07/20,臺股期貨,自營商,24571,53028598,24782,53495104,-211,,6010,12939230,13400,28939126,-7390,-15999896
2018/07/23,臺股期貨,外資及陸資,58790,127316881,58642,126984620,148,,76820,166349368,32220,69768700,44600,96580668
2018/07/23,臺股期貨,投信,51,110461,917,1986068,-866,,2559,5542259,26439,57261290,-23880,-51719031
2018/07/23,臺股期貨,自營商,18299,39617612,16856,36493651,1443,,6688,14414565,12642,27312839,-5954,-12898274
2018/07/24,臺股期貨,外資及陸資,44008,95403306,46552,100917955,-2544,,74125,161133016,32069,69710538,42056,91422478
2018/07/24,臺股期貨,投信,75,163028,38,82538,37,,2585,5620283,26428,57459454,-23843,-51839171
2018/07/24,臺股期貨,自營商,13822,29972068,12135,26313643,1687,,8300,17971225,12552,27220454,-4252,-9249229
2018/07/25,臺股期貨,外資及陸資,43645,94924076,40926,89009347,2719,,75416,163833515,30641,66562676,44775,97270839
2018/07/25,臺股期貨,投信,34,73994,44,95631,-10,,2561,5564517,26414,57392035,-23853,-51827518
2018/07/25,臺股期貨,自營商,12305,26754982,13034,28342509,-729,,7519,16264119,12500,27089734,-4981,-10825615
2018/07/26,臺股期貨,外資及陸資,48596,105917539,46476,101301372,2120,,76570,167104120,29675,64758948,46895,102345172
2018/07/26,臺股期貨,投信,72,157138,55,119929,17,,2560,5587942,26396,57616854,-23836,-52028912
2018/07/26,臺股期貨,自營商,12286,26773284,12222,26636187,64,,8384,18217592,13309,28976828,-4925,-10759236
2018/07/27,臺股期貨,外資及陸資,46306,101473136,40617,89006577,5689,,82234,180730306,29648,65156634,52586,115573672
2018/07/27,臺股期貨,投信,399,876822,44,96719,355,,2640,5803223,26121,57418863,-23481,-51615640
2018/07/27,臺股期貨,自營商,12531,27455596,14271,31292139,-1740,,9297,20342742,15962,35010206,-6665,-14667464
2018/07/30,臺股期貨,外資及陸資,51466,113013996,52057,114308952,-591,,81067,177321914,29071,63585683,51996,113736231
2018/07/30,臺股期貨,投信,24,52514,52,113830,-28,,2623,5738574,26132,57171263,-23509,-51432689
2018/07/30,臺股期貨,自營商,14730,32325314,15276,33524767,-546,,7493,16301828,14784,32264131,-7291,-15962303
2018/07/31,臺股期貨,外資及陸資,43330,94975377,41515,91004714,1815,,82093,180403309,28281,62145813,53812,118257496
2018/07/31,臺股期貨,投信,76,166807,108,236705,-32,,2591,5694993,26132,57437817,-23541,-51742824
2018/07/31,臺股期貨,自營商,15334,33612281,15620,34243474,-286,,7798,17046296,15365,33692902,-7567,-16646606
2018/08/01,臺股期貨,外資及陸資,39636,87433754,38741,85453783,895,,83114,183543094,28407,62725826,54707,120817268
2018/08/01,臺股期貨,投信,94,207576,24,52930,70,,2640,5831204,26111,57673627,-23471,-51842423
2018/08/01,臺股期貨,自營商,13030,28735516,13124,28952731,-94,,9739,21404279,17401,38350976,-7662,-16946697
2018/08/02,臺股期貨,外資及陸資,59812,130973206,62980,137975645,-3168,,81977,178211566,28059,60991491,53918,117220075
2018/08/02,臺股期貨,投信,18,39261,818,1780249,-800,,2571,5590357,26842,58364918,-24271,-52774561
2018/08/02,臺股期貨,自營商,21628,47327199,20944,45824078,684,,9296,20110221,16271,35285468,-6975,-15175247
2018/08/03,臺股期貨,外資及陸資,49704,108802722,45796,100256498,3908,,83749,183652337,25921,56834255,57828,126818082
2018/08/03,臺股期貨,投信,929,2038206,26,57009,903,,2580,5658946,25948,56914016,-23368,-51255070
2018/08/03,臺股期貨,自營商,13324,29154714,13821,30254028,-497,,8965,19552543,16429,35942544,-7464,-16390001
2018/08/06,臺股期貨,外資及陸資,54725,120342100,56100,123355514,-1375,,81350,178598548,24895,54647004,56455,123951544
2018/08/06,臺股期貨,投信,76,166975,29,63644,47,,2622,5757887,25943,56970516,-23321,-51212629
2018/08/06,臺股期貨,自營商,17735,38984759,16974,37319478,761,,9162,20009554,15866,34748402,-6704,-14738848
2018/08/07,臺股期貨,外資及陸資,42611,93556639,42354,92989003,257,,82590,181121153,25878,56739421,56712,124381732
2018/08/07,臺股期貨,投信,0,0,257,563681,-257,,2578,5655077,26156,57375498,-23578,-51720421
2018/08/07,臺股期貨,自營商,13652,29962561,14347,31491129,-695,,8602,18759139,16006,35017753,-7404,-16258614
2018/08/08,臺股期貨,外資及陸資,43178,95335902,39967,88254512,3211,,86111,190196325,26188,57832571,59923,132363754
2018/08/08,臺股期貨,投信,273,601508,183,404536,90,,2633,5815718,26121,57711426,-23488,-51895708
2018/08/08,臺股期貨,自營商,17081,37707714,17944,39625487,-863,,10054,22093726,18321,40385712,-8267,-18291986
2018/08/09,臺股期貨,外資及陸資,42567,93785621,44188,97353297,-1621,,83980,184985961,25678,56551107,58302,128434854
2018/08/09,臺股期貨,投信,1164,2556659,1583,3488007,-419,,2668,5869138,26575,58555074,-23907,-52685936
2018/08/09,臺股期貨,自營商,16685,36739698,15168,33396123,1517,,8322,18237944,15084,33150371,-6762,-14912427
2018/08/10,臺股期貨,外資及陸資,50962,111975658,53430,117422834,-2468,,81829,179286788,25992,56943250,55837,122343538
2018/08/10,臺股期貨,投信,3845,8447475,4160,9114249,-315,,2632,5758390,26854,58842872,-24222,-53084482
2018/08/10,臺股期貨,自營商,16700,36688524,16261,35717373,439,,7868,17157287,14152,30932301,-6284,-13775014
2018/08/13,臺股期貨,外資及陸資,119555,258224664,130287,281558142,-10732,,78052,167704101,32944,70781538,45108,96922563
2018/08/13,臺股期貨,投信,13419,28907263,13989,30058152,-570,,2538,5449668,27330,58702435,-24792,-53252767
2018/08/13,臺股期貨,自營商,37812,81712671,38423,83040964,-611,,7528,16124439,14142,30324481,-6614,-14200042
2018/08/14,臺股期貨,外資及陸資,104290,224880664,104069,224489311,221,,76622,165407009,32089,69286880,44533,96120129
2018/08/14,臺股期貨,投信,10289,22216499,9754,21019490,535,,2488,5369105,26745,57709188,-24257,-52340083
2018/08/14,臺股期貨,自營商,26864,57939923,26553,57259346,311,,7363,15852077,13626,29366411,-6263,-13514334
2018/08/15,臺股期貨,外資及陸資,67227,144271180,71350,153191188,-4123,,64574,137904938,30193,64485649,34381,73419289
2018/08/15,臺股期貨,投信,854,1833432,1192,2549909,-338,,2464,5262611,27059,57792444,-24595,-52529833
2018/08/15,臺股期貨,自營商,35668,76620085,37319,80116513,-1651,,6103,12988290,11264,24002064,-5161,-11013774
2018/08/16,臺股期貨,外資及陸資,76637,163339655,74421,158647822,2216,,64503,137856270,29108,62214816,35395,75641454
2018/08/16,臺股期貨,投信,36,76857,78,166375,-42,,2475,5290065,27112,57949045,-24637,-52658980
2018/08/16,臺股期貨,自營商,16849,35925450,19246,41020873,-2397,,6404,13643096,14019,29909251,-7615,-16266155
2018/08/17,臺股期貨,外資及陸資,49826,106612957,53025,113494504,-3199,,63734,135881005,31548,67266040,32186,68614965
2018/08/17,臺股期貨,投信,66,140726,27,57597,39,,2519,5371012,27117,57818699,-24598,-52447687
2018/08/17,臺股期貨,自營商,16467,35226862,15072,32229391,1395,,7865,16722901,14085,29972819,-6220,-13249918
2018/08/20,臺股期貨,外資及陸資,59972,128012222,57218,122129184,2754,,65778,140358180,30838,65807743,34940,74550437
2018/08/20,臺股期貨,投信,27,57721,500,1067255,-473,,2541,5422494,27612,58923888,-25071,-53501394
2018/08/20,臺股期貨,自營商,13428,28660972,14639,31243095,-1211,,7615,16206701,15093,32154004,-7478,-15947303
2018/08/21,臺股期貨,外資及陸資,51137,109694162,50761,108891954,376,,67693,145742426,32383,69725684,35310,76016742
2018/08/21,臺股期貨,投信,502,1080792,64,137684,438,,2527,5441136,27160,58480768,-24633,-53039632
2018/08/21,臺股期貨,自營商,15869,34049312,15533,33346535,336,,8033,17251254,15216,32708276,-7183,-15457022
2018/08/22,臺股期貨,外資及陸資,49223,106023323,47851,103059737,1372,,67266,144781639,30584,65833518,36682,78948121
2018/08/22,臺股期貨,投信,61,131272,26,55895,35,,2558,5506351,27156,58455838,-24598,-52949487
2018/08/22,臺股期貨,自營商,19082,41096506,16834,36260115,2248,,6701,14378832,11640,25000915,-4939,-10622083
2018/08/23,臺股期貨,外資及陸資,59595,128675505,57141,123368329,2454,,68263,147975824,29114,63117255,39149,84858569
2018/08/23,臺股期貨,投信,372,806327,10,21552,362,,2607,5651976,26841,58191090,-24234,-52539114
2018/08/23,臺股期貨,自營商,16825,36333854,15773,34067639,1052,,8291,17922534,12141,26259770,-3850,-8337236
2018/08/24,臺股期貨,外資及陸資,54698,117937463,61867,133389007,-7169,,64313,138730348,32325,69734858,31988,68995490
2018/08/24,臺股期貨,投信,77,166073,48,103398,29,,2648,5712795,26853,57932464,-24205,-52219669
2018/08/24,臺股期貨,自營商,16991,36617287,15604,33627436,1387,,8571,18440195,11017,23707042,-2446,-5266847
2018/08/27,臺股期貨,外資及陸資,56493,122555880,51448,111630481,5045,,65995,143648399,28961,63044818,37034,80603581
2018/08/27,臺股期貨,投信,133,289160,6,13022,127,,2682,5838714,26760,58256272,-24078,-52417558
2018/08/27,臺股期貨,自營商,15361,33333028,16438,35672631,-1077,,8078,17525467,11495,24954963,-3417,-7429496
2018/08/28,臺股期貨,外資及陸資,52460,114878628,48987,107276079,3473,,69059,151265725,27746,60782507,41313,90483218
2018/08/28,臺股期貨,投信,134,293699,269,589385,-135,,2747,6018128,26960,59063720,-24213,-53045592
2018/08/28,臺股期貨,自營商,13812,30246110,13790,30191889,22,,8290,18096211,11667,25483854,-3377,-7387643
2018/08/29,臺股期貨,外資及陸資,58333,128463474,52151,114852717,6182,,76624,169164593,28325,62543495,48299,106621098
2018/08/29,臺股期貨,投信,33,72810,35,77263,-2,,2723,6012929,26938,59484244,-24215,-53471315
2018/08/29,臺股期貨,自營商,17887,39385715,18224,40140807,-337,,9339,20552826,13055,28748796,-3716,-8195970
2018/08/30,臺股期貨,外資及陸資,70425,155871534,65144,144195848,5281,,80560,177545529,26973,59455421,53587,118090108
2018/08/30,臺股期貨,投信,140,310328,71,156807,69,,2740,6040056,26886,59267250,-24146,-53227194
2018/08/30,臺股期貨,自營商,18875,41773346,17995,39829017,880,,10060,22102275,12944,28449780,-2884,-6347505
2018/08/31,臺股期貨,外資及陸資,62522,137426118,69626,153049142,-7104,,74391,163949929,27908,61516459,46483,102433470
2018/08/31,臺股期貨,投信,18,39530,323,711478,-305,,2689,5927632,27140,59827205,-24451,-53899573
2018/08/31,臺股期貨,自營商,15487,34040996,14428,31709682,1059,,10144,22296555,12035,26455368,-1891,-4158813
2018/09/03,臺股期貨,外資及陸資,62845,138017908,62403,137058274,442,,73601,160917669,26679,58337102,46922,102580567
2018/09/03,臺股期貨,投信,0,0,519,1134941,-519,,2605,5696614,27575,60300710,-24970,-54604096
2018/09/03,臺股期貨,自營商,17845,39165563,19100,41907594,-1255,,9246,20160427,12388,27022579,-3142,-6862152
2018/09/04,臺股期貨,外資及陸資,55470,121672162,55879,122558053,-409,,73946,162670650,27433,60354478,46513,102316172
2018/09/04,臺股期貨,投信,377,829533,49,107791,328,,2565,5644026,27207,59865962,-24642,-54221936
2018/09/04,臺股期貨,自營商,14499,31810673,14168,31079522,331,,8965,19663424,11999,26332515,-3034,-6669091
2018/09/05,臺股期貨,外資及陸資,69252,152145417,68738,150988031,514,,74146,162325769,27117,59371273,47029,102954496
2018/09/05,臺股期貨,投信,10,22007,64,140366,-54,,2525,5529245,27221,59608221,-24696,-54078976
2018/09/05,臺股期貨,自營商,20603,45256419,21561,47358432,-958,,8496,18545185,12462,27221948,-3966,-8676763
2018/09/06,臺股期貨,外資及陸資,78281,170850682,76977,167984525,1304,,75394,164317338,27825,60647038,47569,103670300
2018/09/06,臺股期貨,投信,24,52338,35,76314,-11,,2535,5526300,27242,59387185,-24707,-53860885
2018/09/06,臺股期貨,自營商,18756,40925414,19432,42395663,-676,,7906,17175184,12547,27283640,-4641,-10108456
2018/09/07,臺股期貨,外資及陸資,78414,170269078,79657,172975598,-1243,,74661,161900113,28335,61445707,46326,100454406
2018/09/07,臺股期貨,投信,4,8675,691,1498683,-687,,2452,5318388,27846,60397597,-25394,-55079209
2018/09/07,臺股期貨,自營商,21608,46896790,22900,49686632,-1292,,7373,15934440,13222,28607939,-5849,-12673499
2018/09/10,臺股期貨,外資及陸資,82746,178507211,94038,202880036,-11292,,68051,146064384,34217,73445923,33834,72618461
2018/09/10,臺股期貨,投信,5,10792,252,541035,-247,,2444,5246779,28085,60292646,-25641,-55045867
2018/09/10,臺股期貨,自營商,27683,59651169,27147,58509553,536,,7220,15451377,12533,26845217,-5313,-11393840
2018/09/11,臺股期貨,外資及陸資,73832,158429314,78937,169366865,-5105,,63053,135428696,34324,73725002,28729,61703694
2018/09/11,臺股期貨,投信,829,1781022,367,788084,462,,2260,4854850,27439,58944286,-25179,-54089436
2018/09/11,臺股期貨,自營商,20442,43861999,19185,41158708,1257,,7770,16648651,11729,25141900,-3959,-8493249
2018/09/12,臺股期貨,外資及陸資,65692,140880978,69197,148395511,-3505,,59044,126618725,33837,72564123,25207,54054602
2018/09/12,臺股期貨,投信,406,871142,242,519541,164,,2312,4958457,27327,58610805,-25015,-53652348
2018/09/12,臺股期貨,自營商,24426,52368711,23675,50753500,751,,8402,17982679,11582,24792476,-3180,-6809797
2018/09/13,臺股期貨,外資及陸資,63426,136191286,67215,144332607,-3789,,57746,123764510,37128,79576314,20618,44188196
2018/09/13,臺股期貨,投信,446,957170,304,653193,142,,2452,5255363,27325,58573725,-24873,-53318362
2018/09/13,臺股期貨,自營商,18561,39857547,16869,36213187,1692,,9778,20924375,10950,23426424,-1172,-2502049
2018/09/14,臺股期貨,外資及陸資,84809,183406648,73727,159514067,11082,,69574,151338273,37136,80784069,32438,70554204
2018/09/14,臺股期貨,投信,5449,11826260,4371,9475245,1078,,2555,5557254,26350,57325698,-23795,-51768444
2018/09/14,臺股期貨,自營商,23250,50304241,23572,51019791,-322,,9103,19756194,10630,23066213,-1527,-3310019
2018/09/17,臺股期貨,外資及陸資,70188,152156970,79914,173252484,-9726,,65212,141140524,42506,92007749,22706,49132775
2018/09/17,臺股期貨,投信,14897,32255151,14576,31550225,321,,2759,5971435,26245,56804357,-23486,-50832922
2018/09/17,臺股期貨,自營商,17808,38616975,16491,35761567,1317,,10301,22258114,10529,22741538,-228,-483424
2018/09/18,臺股期貨,外資及陸資,102092,220234802,100168,216083016,1924,,61799,133210780,37171,80132558,24628,53078222
2018/09/18,臺股期貨,投信,8586,18524198,8929,19253676,-343,,2719,5861167,26548,57226871,-23829,-51365704
2018/09/18,臺股期貨,自營商,25936,55946249,29085,62741432,-3149,,8274,17799857,11787,25364300,-3513,-7564443
2018/09/19,臺股期貨,外資及陸資,55049,119371686,48010,104093552,7039,,50786,110435054,21900,47625266,28886,62809788
2018/09/19,臺股期貨,投信,699,1518628,245,531760,454,,2677,5821940,26088,56736052,-23411,-50914112
2018/09/19,臺股期貨,自營商,21542,46719517,23910,51861624,-2368,,5515,11950505,7560,16389959,-2045,-4439454
2018/09/20,臺股期貨,外資及陸資,51111,111018944,57445,124788732,-6334,,47085,102134187,24536,53226495,22549,48907692
2018/09/20,臺股期貨,投信,77,167084,30,65121,47,,2730,5922462,26094,56608244,-23364,-50685782
2018/09/20,臺股期貨,自營商,15402,33445212,15265,33147886,137,,6592,14264558,8738,18912499,-2146,-4647941
2018/09/21,臺股期貨,外資及陸資,64218,140076425,58009,126524703,6209,,52044,114190786,23282,51087525,28762,63103261
2018/09/21,臺股期貨,投信,513,1124905,31,67718,482,,2723,5975351,25605,56187492,-22882,-50212141
2018/09/21,臺股期貨,自營商,18962,41368692,17182,37496244,1780,,7356,16094721,7728,16907277,-372,-812556
2018/09/25,臺股期貨,外資及陸資,38824,85181202,35975,78930422,2849,,54494,119631515,22154,48638805,32340,70992710
2018/09/25,臺股期貨,投信,36,79056,12,26331,24,,2738,6011553,25596,56198458,-22858,-50186905
2018/09/25,臺股期貨,自營商,12772,28022523,12988,28494991,-216,,7766,17003607,8349,18280048,-583,-1276441
2018/09/26,臺股期貨,外資及陸資,38540,84558928,39577,86830033,-1037,,53535,117462545,22248,48818684,31287,68643861
2018/09/26,臺股期貨,投信,18,39496,21,46076,-3,,2736,6003878,25597,56169957,-22861,-50166079
2018/09/26,臺股期貨,自營商,14163,31072885,14100,30925572,63,,7113,15564097,7537,16490310,-424,-926213
2018/09/27,臺股期貨,外資及陸資,54333,119288285,48294,106042138,6039,,58051,127463718,20712,45480866,37339,81982852
2018/09/27,臺股期貨,投信,15,32954,75,164698,-60,,2664,5850144,25585,56184550,-22921,-50334406
2018/09/27,臺股期貨,自營商,14775,32441161,14653,32167874,122,,8217,17996230,8516,18651356,-299,-655126
2018/09/28,臺股期貨,外資及陸資,58734,129017210,64106,140809067,-5372,,55738,122103966,23765,52066503,31973,70037463
2018/09/28,臺股期貨,投信,8,17563,361,791128,-353,,2570,5630870,25844,56624094,-23274,-50993224
2018/09/28,臺股期貨,自營商,18966,41650820,18782,41227406,184,,9119,19930662,9202,20106506,-83,-175844
2018/10/01,臺股期貨,外資及陸資,35813,78662847,31426,69027517,4387,,57739,127074800,21379,47056480,36360,80018320
2018/10/01,臺股期貨,投信,44,96822,0,0,44,,2598,5718718,25828,56852474,-23230,-51133756
2018/10/01,臺股期貨,自營商,12235,26888359,11610,25510614,625,,10695,23484008,10155,22292585,540,1191423
2018/10/02,臺股期貨,外資及陸資,48958,106945648,62485,136540585,-13527,,51367,111745399,29620,64442344,21747,47303055
2018/10/02,臺股期貨,投信,13,28354,491,1068455,-478,,2559,5567872,26267,57151639,-23708,-51583767
2018/10/02,臺股期貨,自營商,20233,44183205,20624,45033493,-391,,11136,24179119,11275,24470225,-139,-291106
2018/10/03,臺股期貨,外資及陸資,59329,129056394,54194,117884224,5135,,53329,115748066,26441,57392651,26888,58355415
2018/10/03,臺股期貨,投信,2,4342,241,523317,-239,,2526,5483441,26473,57467488,-23947,-51984047
2018/10/03,臺股期貨,自營商,17833,38776587,20362,44283535,-2529,,8168,17688102,10813,23416749,-2645,-5728647
2018/10/04,臺股期貨,外資及陸資,56775,121979598,73439,157838381,-16664,,46542,99557317,37322,79842253,9220,19715064
2018/10/04,臺股期貨,投信,5,10714,392,839708,-387,,2447,5235112,26781,57295115,-24334,-52060003
2018/10/04,臺股期貨,自營商,23161,49729608,19466,41818317,3695,,13574,29003055,12673,27056959,901,1946096
2018/10/05,臺股期貨,外資及陸資,111602,235998894,113103,239111744,-1501,,48028,100942349,40319,84746593,7709,16195756
2018/10/05,臺股期貨,投信,22,46280,588,1242853,-566,,2437,5122574,27337,57462262,-24900,-52339688
2018/10/05,臺股期貨,自營商,42236,89218858,41038,86743150,1198,,16360,34354645,14232,29855930,2128,4498715
2018/10/08,臺股期貨,外資及陸資,82819,173303902,83759,175267700,-940,,49058,102655492,42289,88497594,6769,14157898
2018/10/08,臺股期貨,投信,980,2051662,188,392862,792,,2779,5815888,26887,56269001,-24108,-50453113
2018/10/08,臺股期貨,自營商,27194,56904166,26677,55821858,517,,17013,35571116,14392,30058609,2621,5512507
2018/10/09,臺股期貨,外資及陸資,75191,157410929,75713,158511912,-522,,49732,104037496,43484,90973861,6248,13063635
2018/10/09,臺股期貨,投信,745,1559618,7,14674,738,,2949,6169896,26319,55064544,-23370,-48894648
2018/10/09,臺股期貨,自營商,22495,47099282,21872,45791145,623,,17553,36689879,14284,29825216,3269,6864663
2018/10/11,臺股期貨,外資及陸資,167011,330848875,156596,310418055,10415,,56273,108621715,39571,76387411,16702,32234304
2018/10/11,臺股期貨,投信,2528,4934931,5985,11635566,-3457,,3186,6151039,30013,57940828,-26827,-51789789
2018/10/11,臺股期貨,自營商,68888,135992687,64564,127483480,4324,,20404,39338580,12823,24665176,7581,14673404
2018/10/12,臺股期貨,外資及陸資,171507,336101029,163063,319688871,8444,,64995,129395870,38648,76947417,26347,52448453
2018/10/12,臺股期貨,投信,6732,13354419,3824,7530656,2908,,3228,6428293,27147,54045466,-23919,-47617173
2018/10/12,臺股期貨,自營商,39389,77367625,40197,79033440,-808,,18231,36234387,11519,22843564,6712,13390823
2018/10/15,臺股期貨,外資及陸資,125397,248146256,125238,247885524,159,,69997,137957497,43491,85744485,26506,52213012
2018/10/15,臺股期貨,投信,13570,26815001,13726,27082100,-156,,3176,6259402,27251,53685945,-24075,-47426543
2018/10/15,臺股期貨,自營商,23570,46628633,24671,48798080,-1101,,17656,34761769,12141,23855133,5515,10906636
2018/10/16,臺股期貨,外資及陸資,145235,287964684,144380,286320970,855,,79873,158474822,52512,104250153,27361,54224669
2018/10/16,臺股期貨,投信,9805,19454957,9694,19195784,111,,3190,6321911,27154,53810916,-23964,-47489005
2018/10/16,臺股期貨,自營商,35016,69459780,35198,69833161,-182,,19335,38341636,13536,26795084,5799,11546552
2018/10/17,臺股期貨,外資及陸資,92617,185467979,92782,185952622,-165,,61610,122766507,29659,59106375,31951,63660132
2018/10/17,臺股期貨,投信,571,1146071,1990,3958497,-1419,,3272,6521096,28655,57109127,-25383,-50588031
2018/10/17,臺股期貨,自營商,39035,78290934,39185,78568634,-150,,10258,20381823,9015,17871363,1243,2510460
2018/10/18,臺股期貨,外資及陸資,75945,150774594,77470,153802746,-1525,,56639,111932424,26213,51810027,30426,60122397
2018/10/18,臺股期貨,投信,26,51412,307,607167,-281,,3295,6512897,28959,57240179,-25664,-50727282
2018/10/18,臺股期貨,自營商,18110,35946866,18002,35725531,108,,10830,21358534,9479,18657323,1351,2701211
2018/10/19,臺股期貨,外資及陸資,100259,197241305,96474,189865714,3785,,58271,115368751,24055,47631242,34216,67737509
2018/10/19,臺股期貨,投信,24,47459,107,210011,-83,,3311,6556442,29058,57540484,-25747,-50984042
2018/10/19,臺股期貨,自營商,23154,45569384,23125,45486056,29,,11054,21842281,9636,19004223,1418,2838058
2018/10/22,臺股期貨,外資及陸資,94481,186663052,100768,199048521,-6287,,53776,106832802,25846,51353874,27930,55478928
2018/10/22,臺股期貨,投信,523,1034423,7,13858,516,,3375,6706125,28606,56839978,-25231,-50133853
2018/10/22,臺股期貨,自營商,21042,41556754,19665,38863856,1377,,12165,24125122,9400,18600648,2765,5524474
2018/10/23,臺股期貨,外資及陸資,94369,185078840,93744,183923091,625,,55629,108223912,27074,52677897,28555,55546015
2018/10/23,臺股期貨,投信,272,532916,1378,2682009,-1106,,3423,6660473,29760,57906864,-26337,-51246391
2018/10/23,臺股期貨,自營商,25176,49303943,24983,48905283,193,,13584,26388189,10649,20644347,2935,5743842
2018/10/24,臺股期貨,外資及陸資,131475,254889865,128977,250064866,2498,,57112,110948084,26059,50629651,31053,60318433
2018/10/24,臺股期貨,投信,95,184471,515,998069,-420,,3472,6746096,30229,58734791,-26757,-51988695
2018/10/24,臺股期貨,自營商,34218,66384368,35636,69148737,-1418,,11336,21977595,9734,18831205,1602,3146390
2018/10/25,臺股期貨,外資及陸資,130541,248987143,123948,236533500,6593,,62750,119025948,25104,47624161,37646,71401787
2018/10/25,臺股期貨,投信,79,149823,2455,4652629,-2376,,3427,6501704,32560,61772608,-29133,-55270904
2018/10/25,臺股期貨,自營商,27917,53124177,29060,55302229,-1143,,11833,22399605,11453,21640320,380,759285
2018/10/26,臺股期貨,外資及陸資,137165,259860847,136408,258530160,757,,61201,115331105,22798,42966137,38403,72364968
2018/10/26,臺股期貨,投信,184,346857,516,973299,-332,,3406,6419629,32871,61955021,-29465,-55535392
2018/10/26,臺股期貨,自營商,30476,57705709,28896,54680278,1580,,13162,24767082,11132,20906389,2030,3860693
2018/10/29,臺股期貨,外資及陸資,122833,232225810,120940,228661316,1893,,59064,111866572,18768,35551124,40296,76315448
2018/10/29,臺股期貨,投信,53,100427,57,108128,-4,,3416,6471270,32885,62297152,-29469,-55825882
2018/10/29,臺股期貨,自營商,21545,40787050,21910,41468664,-365,,12672,23958006,11108,20956549,1564,3001457
2018/10/30,臺股期貨,外資及陸資,94150,179100046,95113,180945767,-963,,61909,117886916,22577,42997162,39332,74889754
2018/10/30,臺股期貨,投信,663,1262978,14,26652,649,,3424,6521350,32244,61411730,-28820,-54890380
2018/10/30,臺股期貨,自營商,21304,40530807,22161,42164964,-857,,11609,22062510,10991,20846115,618,1216395
2018/10/31,臺股期貨,外資及陸資,88493,170342264,91615,176410986,-3122,,60323,117302509,24113,46896597,36210,70405912
2018/10/31,臺股期貨,投信,1641,3186370,13,25220,1628,,3464,6737480,30656,59625712,-27192,-52888232
2018/10/31,臺股期貨,自營商,27045,52251941,26586,51360873,459,,11534,22386299,10366,20078802,1168,2307497
2018/11/01,臺股期貨,外資及陸資,71151,139086137,73672,144007838,-2521,,60540,118487085,26851,52560505,33689,65926580
2018/11/01,臺股期貨,投信,1582,3097435,1,1950,1581,,3742,7325339,29353,57461241,-25611,-50135902
2018/11/01,臺股期貨,自營商,18235,35650499,17476,34173681,759,,13155,25704756,11122,21688147,2033,4016609
2018/11/02,臺股期貨,外資及陸資,76105,149589156,71817,141151521,4288,,65202,128705577,27225,53749804,37977,74955773
2018/11/02,臺股期貨,投信,162,318717,919,1813023,-757,,3660,7226304,30028,59286997,-26368,-52060693
2018/11/02,臺股期貨,自營商,19433,38201273,20617,40537075,-1184,,12494,24613652,11465,22543391,1029,2070261
2018/11/05,臺股期貨,外資及陸資,80712,158336687,85962,168619833,-5250,,60854,119451399,28127,55219575,32727,64231824
2018/11/05,臺股期貨,投信,8,15672,1770,3473257,-1762,,3616,7099654,31746,62329744,-28130,-55230090
2018/11/05,臺股期貨,自營商,21205,41556718,19067,37363868,2138,,14049,27528125,10904,21311967,3145,6216158
2018/11/06,臺股期貨,外資及陸資,54886,107629606,55687,109217065,-801,,62764,122659492,30838,60277144,31926,62382348
2018/11/06,臺股期貨,投信,37,72300,505,988727,-468,,3451,6746015,32049,62649081,-28598,-55903066
2018/11/06,臺股期貨,自營商,15822,31015372,15864,31087140,-42,,14205,27707691,11174,21736990,3031,5970701
2018/11/07,臺股期貨,外資及陸資,71776,141234957,68044,133905279,3732,,66561,131052098,30903,60854094,35658,70198004
2018/11/07,臺股期貨,投信,613,1207979,135,265850,478,,3440,6774736,31560,62153922,-28120,-55379186
2018/11/07,臺股期貨,自營商,21102,41537778,21931,43169460,-829,,13657,26833230,11430,22402648,2227,4430582
2018/11/08,臺股期貨,外資及陸資,55185,109582485,54514,108301334,671,,69377,137637393,33048,65572491,36329,72064902
2018/11/08,臺股期貨,投信,434,861253,97,192510,337,,3348,6643771,31131,61775995,-27783,-55132224
2018/11/08,臺股期貨,自營商,16537,32855064,14766,29330990,1771,,15455,30598353,11481,22669802,3974,7928551
2018/11/09,臺股期貨,外資及陸資,58462,114822197,62080,121935948,-3618,,66322,129839166,33611,65808056,32711,64031110
2018/11/09,臺股期貨,投信,15,29383,1018,1994633,-1003,,3330,6520806,32116,62889209,-28786,-56368403
2018/11/09,臺股期貨,自營商,18456,36204438,18138,35600114,318,,15494,30274834,11255,21931556,4239,8343278
2018/11/12,臺股期貨,外資及陸資,59560,116742400,54466,106746954,5094,,68975,135320949,31170,61158500,37805,74162449
2018/11/12,臺股期貨,投信,1,1962,206,404355,-205,,3243,6364063,32234,63255660,-28991,-56891597
2018/11/12,臺股期貨,自營商,14933,29278539,17057,33436210,-2124,,14004,27410869,11805,23054112,2199,4356757
2018/11/13,臺股期貨,外資及陸資,86028,166457035,83690,162006985,2338,,69506,135164869,29363,57105733,40143,78059136
2018/11/13,臺股期貨,投信,294,565703,1079,2084219,-785,,3111,6051517,32887,63971432,-29776,-57919915
2018/11/13,臺股期貨,自營商,26787,51792691,27309,52773036,-522,,13204,25607092,11460,22169163,1744,3437929
2018/11/14,臺股期貨,外資及陸資,67994,132746002,67161,131129614,833,,69389,135513227,28392,55450222,40997,80063005
2018/11/14,臺股期貨,投信,551,1076878,13,25332,538,,3133,6120629,32371,63239539,-29238,-57118910
2018/11/14,臺股期貨,自營商,19109,37308901,18457,36035280,652,,14177,27607279,11788,22894275,2389,4713004
2018/11/15,臺股期貨,外資及陸資,87310,170858218,86655,169581550,655,,68633,134834227,26968,52989777,41665,81844450
2018/11/15,臺股期貨,投信,3854,7544473,3695,7217524,159,,3105,6101877,32184,63237887,-29079,-57136010
2018/11/15,臺股期貨,自營商,23783,46525715,23621,46210923,162,,14046,27508833,11498,22460972,2548,5047861
2018/11/16,臺股期貨,外資及陸資,87104,171147341,91657,180119767,-4553,,68931,134816543,31811,62241325,37120,72575218
2018/11/16,臺股期貨,投信,7020,13755015,7068,13829842,-48,,3091,6046819,32218,63016293,-29127,-56969474
2018/11/16,臺股期貨,自營商,21331,41891716,20952,41141174,379,,13447,26231350,10815,21027617,2632,5203733
2018/11/19,臺股期貨,外資及陸資,86236,168952525,84367,165337833,1869,,80605,158124384,41611,81676583,38994,76447801
2018/11/19,臺股期貨,投信,14804,29020057,14588,28547056,216,,3101,6082089,32012,62774491,-28911,-56692402
2018/11/19,臺股期貨,自營商,18941,37120073,19094,37416556,-153,,13060,25562174,10709,20892850,2351,4669324
2018/11/20,臺股期貨,外資及陸資,117036,228384076,117700,229720498,-664,,83827,162891554,44500,86527015,39327,76364539
2018/11/20,臺股期貨,投信,9430,18374205,9904,19266752,-474,,3055,5933996,32440,63005535,-29385,-57071539
2018/11/20,臺股期貨,自營商,26826,52347089,26915,52522860,-89,,13895,26958871,11469,22185801,2426,4773070
2018/11/21,臺股期貨,外資及陸資,83798,162332630,81289,157476839,2509,,65351,127115452,23717,46142520,41634,80972932
2018/11/21,臺股期貨,投信,235,456252,201,390418,34,,3018,5871821,32409,63054950,-29391,-57183129
2018/11/21,臺股期貨,自營商,29321,56821994,30390,58896670,-1069,,8654,16790220,8883,17180570,-229,-390350
2018/11/22,臺股期貨,外資及陸資,40279,78470131,41379,80614396,-1100,,63322,122990239,22788,44271153,40534,78719086
2018/11/22,臺股期貨,投信,84,163366,4,7769,80,,3071,5966339,32382,62911750,-29311,-56945411
2018/11/22,臺股期貨,自營商,9459,18418577,9284,18070386,175,,9328,18075361,9412,18182787,-84,-107426
2018/11/23,臺股期貨,外資及陸資,44238,85556057,44517,86092141,-279,,63239,121704549,22984,44242716,40255,77461833
2018/11/23,臺股期貨,投信,205,394656,91,175187,114,,3067,5903975,32264,62108200,-29197,-56204225
2018/11/23,臺股期貨,自營商,13602,26287408,14658,28336637,-1056,,8909,17106628,10051,19250145,-1142,-2143517
2018/11/26,臺股期貨,外資及陸資,61332,119626244,57943,113020437,3389,,66777,130436899,23129,45187921,43648,85248978
2018/11/26,臺股期貨,投信,591,1154511,114,223123,477,,3071,6000120,31791,62113256,-28720,-56113136
2018/11/26,臺股期貨,自營商,22644,44192763,22670,44271274,-26,,7430,14494787,8831,17180715,-1401,-2685928
2018/11/27,臺股期貨,外資及陸資,52100,101212468,59402,115376088,-7302,,64077,124777197,27729,54008672,36348,70768525
2018/11/27,臺股期貨,投信,67,130286,5,9726,62,,3110,6057658,31768,61877710,-28658,-55820052
2018/11/27,臺股期貨,自營商,19151,37171792,15277,29645553,3874,,9896,19254104,7469,14473455,2427,4780649
2018/11/28,臺股期貨,外資及陸資,66654,130436765,60639,118683127,6015,,67882,133937928,25519,50362446,42363,83575482
2018/11/28,臺股期貨,投信,854,1684036,39,76861,815,,3082,6082635,30925,61033580,-27843,-54950945
2018/11/28,臺股期貨,自營商,21469,42068157,23359,45771942,-1890,,8065,15892197,7548,14820916,517,1071281
2018/11/29,臺股期貨,外資及陸資,61280,121618961,62554,124151633,-1274,,68015,134323104,26926,53187540,41089,81135564
2018/11/29,臺股期貨,投信,236,468879,125,247380,111,,3070,6064478,30802,60846271,-27732,-54781793
2018/11/29,臺股期貨,自營商,15886,31520434,16799,33330707,-913,,7305,14405597,7809,15349050,-504,-943453
2018/11/30,臺股期貨,外資及陸資,55202,109275662,59551,117886835,-4349,,65298,128655824,28559,56281912,36739,72373912
2018/11/30,臺股期貨,投信,41,80804,792,1561634,-751,,2978,5869042,31461,62003339,-28483,-56134297
2018/11/30,臺股期貨,自營商,15472,30612576,13260,26234953,2212,,9087,17883648,7462,14628813,1625,3254835
2018/12/03,臺股期貨,外資及陸資,58829,118258639,55403,111375425,3426,,70926,143506042,30750,62229746,40176,81276296
2018/12/03,臺股期貨,投信,1669,3379965,82,165884,1587,,2913,5895329,29809,60327454,-26896,-54432125
2018/12/03,臺股期貨,自營商,19139,38525675,20805,41912785,-1666,,8515,17203702,8703,17540439,-188,-336737
2018/12/04,臺股期貨,外資及陸資,48838,98402028,53180,107142116,-4342,,65244,130974853,29418,59069011,35826,71905842
2018/12/04,臺股期貨,投信,21,42164,1230,2469353,-1209,,2795,5612360,30900,62047200,-28105,-56434840
2018/12/04,臺股期貨,自營商,15337,30880205,12986,26141040,2351,,10458,20968797,8346,16680669,2112,4288128
2018/12/05,臺股期貨,外資及陸資,65654,130388783,65567,130204452,87,,63779,125967693,27891,55098839,35888,70868854
2018/12/05,臺股期貨,投信,37,73262,1268,2507077,-1231,,2765,5462534,32101,63418736,-29336,-57956202
2018/12/05,臺股期貨,自營商,20918,41459766,21683,42988208,-765,,9841,19412655,8448,16614109,1393,2798546
2018/12/06,臺股期貨,外資及陸資,67105,130350714,71820,139516711,-4715,,60562,117114566,29389,56845824,31173,60268742
2018/12/06,臺股期貨,投信,126,243984,1539,2973590,-1413,,2845,5503368,33594,64984234,-30749,-59480866
2018/12/06,臺股期貨,自營商,22675,44011437,22047,42814354,628,,11604,22414566,9682,18641232,1922,3773334
2018/12/07,臺股期貨,外資及陸資,77938,151110324,72466,140496632,5472,,64361,125414990,27712,54010321,36649,71404669
2018/12/07,臺股期貨,投信,1118,2178793,25,48784,1093,,2861,5576661,32517,63382136,-29656,-57805475
2018/12/07,臺股期貨,自營商,14783,28701519,14888,28898319,-105,,11516,22405341,9771,18954336,1745,3451005
2018/12/10,臺股期貨,外資及陸資,73435,142002463,73511,142162369,-76,,63479,122171103,26903,51786040,36576,70385063
2018/12/10,臺股期貨,投信,15,28879,413,794891,-398,,2807,5404036,32861,63263997,-30054,-57859961
2018/12/10,臺股期貨,自營商,15725,30317355,17280,33323613,-1555,,11375,21854443,11129,21331975,246,522468
2018/12/11,臺股期貨,外資及陸資,71594,138263745,73036,141043177,-1442,,61998,120072898,26864,52035543,35134,68037355
2018/12/11,臺股期貨,投信,946,1832889,33,63813,913,,2807,5438282,31948,61895989,-29141,-56457707
2018/12/11,臺股期貨,自營商,17547,33893968,15498,29941404,2049,,13164,25443041,10663,20552600,2501,4890441
2018/12/12,臺股期貨,外資及陸資,74569,145514241,71841,140163019,2728,,61934,121519125,23072,45276991,38862,76242134
2018/12/12,臺股期貨,投信,288,564999,0,0,288,,2836,5566501,31689,62199103,-28853,-56632602
2018/12/12,臺股期貨,自營商,20092,39230440,20291,39629642,-199,,13282,26007804,10931,21350380,2351,4657424
2018/12/13,臺股期貨,外資及陸資,60805,119592972,58583,115234636,2222,,64632,127293944,23548,46391381,41084,80902563
2018/12/13,臺股期貨,投信,2795,5499983,3557,6991697,-762,,2838,5591066,32453,63935977,-29615,-58344911
2018/12/13,臺股期貨,自營商,12098,23788861,12476,24531727,-378,,12622,24810051,10698,20976130,1924,3833921
2018/12/14,臺股期貨,外資及陸資,74243,144705289,78843,153640180,-4600,,61139,118886856,24655,47960837,36484,70926019
2018/12/14,臺股期貨,投信,5780,11222447,6898,13377347,-1118,,2820,5485004,33553,65252759,-30733,-59767755
2018/12/14,臺股期貨,自營商,23233,45203283,21667,42179870,1566,,14034,27244509,10542,20411721,3492,6832788
2018/12/17,臺股期貨,外資及陸資,82561,161333673,78343,153163415,4218,,64778,126693187,24076,47119764,40702,79573423
2018/12/17,臺股期貨,投信,16419,32163941,16476,32208258,-57,,3001,5870529,33791,66075168,-30790,-60204639
2018/12/17,臺股期貨,自營商,18688,36516459,20679,40414660,-1991,,12422,24260019,10970,21374675,1452,2885344
2018/12/18,臺股期貨,外資及陸資,117774,228979173,119264,231925919,-1490,,69575,134888063,30373,58924787,39202,75963276
2018/12/18,臺股期貨,投信,10645,20683638,11858,23001522,-1213,,2984,5783090,34986,67796778,-32002,-62013688
2018/12/18,臺股期貨,自營商,25368,49318162,25277,49152503,91,,14166,27437527,12623,24412130,1543,3025397
2018/12/19,臺股期貨,外資及陸資,59044,115013267,54037,105267861,5007,,60126,117175824,17693,34489369,42433,82686455
2018/12/19,臺股期貨,投信,326,635848,809,1576864,-483,,2975,5799465,35477,69158864,-32502,-63359399
2018/12/19,臺股期貨,自營商,18315,35703207,19406,37826245,-1091,,9862,19198458,7737,15005217,2125,4193241
2018/12/20,臺股期貨,外資及陸資,77792,150583029,79602,154089324,-1810,,60055,115740693,19432,37459713,40623,78280980
2018/12/20,臺股期貨,投信,0,0,1361,2622468,-1361,,2950,5687010,36813,70968101,-33863,-65281091
2018/12/20,臺股期貨,自營商,13599,26290197,13708,26499785,-109,,10177,19592578,8155,15640558,2022,3952020
2018/12/21,臺股期貨,外資及陸資,59572,114724937,60782,117037745,-1210,,58245,112460029,18832,36370823,39413,76089206
2018/12/21,臺股期貨,投信,16,30717,431,830713,-415,,2894,5589472,37172,71794001,-34278,-66204529
2018/12/21,臺股期貨,自營商,15775,30348380,14974,28795328,801,,11142,21490598,8264,15878479,2878,5612119
2018/12/22,臺股期貨,外資及陸資,27155,52427214,30206,58301828,-3051,,58820,112735692,22458,43055181,36362,69680511
2018/12/22,臺股期貨,投信,16,30719,748,1434373,-732,,2891,5542625,37901,72663797,-35010,-67121172
2018/12/22,臺股期貨,自營商,6026,11588975,5911,11368576,115,,11297,21630710,8305,15839431,2992,5791279
2018/12/24,臺股期貨,外資及陸資,34961,67182074,34034,65392603,927,,56352,108364784,20663,39746072,35689,68618712
2018/12/24,臺股期貨,投信,5,9615,523,1005720,-518,,2896,5570746,38424,73912406,-35528,-68341660
2018/12/24,臺股期貨,自營商,6418,12334155,6496,12481509,-78,,11280,21670559,8362,16001337,2918,5669222
2018/12/25,臺股期貨,外資及陸資,44683,84874009,45261,86035918,-578,,56489,107035629,21379,40520427,35110,66515202
2018/12/25,臺股期貨,投信,74,140233,1718,3255159,-1644,,2938,5568685,40110,76024494,-37172,-70455809
2018/12/25,臺股期貨,自營商,16902,32013895,15765,29865977,1137,,12520,23709593,8402,15844003,4118,7865590
2018/12/26,臺股期貨,外資及陸資,46620,88631653,42585,80972674,4035,,58475,110519231,19330,36543995,39145,73975236
2018/12/26,臺股期貨,投信,4,7625,1396,2637758,-1392,,2792,5278555,41356,78187654,-38564,-72909099
2018/12/26,臺股期貨,自營商,13398,25460520,15346,29162675,-1948,,10024,18930825,7875,14806699,2149,4124126
2018/12/27,臺股期貨,外資及陸資,71597,137189239,64660,123853723,6937,,62485,120348215,16403,31600326,46082,88747889
2018/12/27,臺股期貨,投信,1733,3333365,107,206220,1626,,2835,5461911,39773,76626662,-36938,-71164751
2018/12/27,臺股期貨,自營商,12692,24339137,13362,25654941,-670,,10819,20818473,9336,17905320,1483,2913153
2018/12/28,臺股期貨,外資及陸資,58528,112704029,57584,110854918,944,,63045,121881428,16021,30979773,47024,90901655
2018/12/28,臺股期貨,投信,132,254998,79,152685,53,,2826,5464919,39711,76793132,-36885,-71328213
2018/12/28,臺股期貨,自營商,8405,16196356,9360,18042994,-955,,11115,21468160,10572,20365300,543,1102860
2019/01/02,臺股期貨,外資及陸資,75965,145995212,87220,167657838,-11255,,58863,112146917,23094,44008901,35769,68138016
2019/01/02,臺股期貨,投信,100,190670,306,583295,-206,,2831,5395320,39922,76083348,-37091,-70688028
2019/01/02,臺股期貨,自營商,25157,48290063,21863,41940843,3294,,12262,23343697,8430,15980866,3832,7362831
2019/01/03,臺股期貨,外資及陸資,66602,126521953,69120,131258966,-2518,,56822,107279800,23571,44512109,33251,62767691
2019/01/03,臺股期貨,投信,2700,5108434,36,68112,2664,,2818,5322075,37245,70340907,-34427,-65018832
2019/01/03,臺股期貨,自營商,16812,31898191,15525,29441157,1287,,13689,25827754,8652,16251760,5037,9575994
2019/01/04,臺股期貨,外資及陸資,89494,167864847,93095,174602465,-3601,,54589,102264538,24938,46730178,29651,55534360
2019/01/04,臺股期貨,投信,2160,4050382,342,640435,1818,,2776,5202224,35385,66311490,-32609,-61109266
2019/01/04,臺股期貨,自營商,21064,39475125,21431,40150932,-367,,13883,25991141,9190,17131999,4693,8859142
2019/01/07,臺股期貨,外資及陸資,84787,161338489,78277,148983806,6510,,60367,115419632,22604,43228528,37763,72191104
2019/01/07,臺股期貨,投信,3309,6337718,49,93193,3260,,2817,5387794,32166,61520692,-29349,-56132898
2019/01/07,臺股期貨,自營商,19845,37796278,19593,37352563,252,,13335,25476229,8382,15945366,4953,9530863
2019/01/08,臺股期貨,外資及陸資,60673,116091973,62861,120279682,-2188,,57740,110334878,22165,42366721,35575,67968157
2019/01/08,臺股期貨,投信,2077,3974773,0,0,2077,,2834,5417474,30106,57550630,-27272,-52133156
2019/01/08,臺股期貨,自營商,13906,26595177,16334,31241306,-2428,,13044,24906243,10565,20109022,2479,4797221
2019/01/09,臺股期貨,外資及陸資,78400,151631111,70396,136187487,8004,,64785,125753526,19979,38790838,44806,86962688
2019/01/09,臺股期貨,投信,2146,4172586,32,62134,2114,,2850,5534130,28008,54385934,-25158,-48851804
2019/01/09,臺股期貨,自營商,25730,49830974,26344,51012957,-614,,12002,23267327,10552,20408450,1450,2858877
2019/01/10,臺股期貨,外資及陸資,56889,110377433,54451,105636334,2438,,64359,124735872,17116,33179250,47243,91556622
2019/01/10,臺股期貨,投信,519,1007044,11,21337,508,,2864,5552723,27514,53344140,-24650,-47791417
2019/01/10,臺股期貨,自營商,11547,22386680,12693,24612976,-1146,,11351,21972635,10929,21116520,422,856115
2019/01/11,臺股期貨,外資及陸資,75185,146710962,73066,142564636,2119,,67329,131238986,17967,35030082,49362,96208904
2019/01/11,臺股期貨,投信,4067,7935419,2884,5623132,1183,,2805,5468444,26272,51225156,-23467,-45756712
2019/01/11,臺股期貨,自營商,18590,36253192,20658,40301397,-2068,,11504,22392525,13096,25466789,-1592,-3074264
2019/01/14,臺股期貨,外資及陸資,77665,150704276,82889,160873845,-5224,,63122,122218847,18984,36772934,44138,85445913
2019/01/14,臺股期貨,投信,16818,32604448,17092,33099636,-274,,2767,5358098,26508,51323628,-23741,-45965530
2019/01/14,臺股期貨,自營商,18279,35460713,15995,31028595,2284,,11342,21935665,10754,20767565,588,1168100
2019/01/15,臺股期貨,外資及陸資,112246,219161671,104217,203548225,8029,,75671,148157815,22716,44485700,52955,103672115
2019/01/15,臺股期貨,投信,9043,17697598,8618,16854879,425,,2759,5402739,26124,51156299,-23365,-45753560
2019/01/15,臺股期貨,自營商,30756,60049856,32769,63961137,-2013,,12944,25325020,14267,27888338,-1323,-2563318
2019/01/16,臺股期貨,外資及陸資,61870,121017719,64513,126194556,-2643,,59617,116378264,11300,22063007,48317,94315257
2019/01/16,臺股期貨,投信,556,1087523,738,1442279,-182,,2736,5342314,26299,51351427,-23563,-46009113
2019/01/16,臺股期貨,自營商,19705,38538463,19248,37649825,457,,8085,15759186,10951,21334909,-2866,-5575723
2019/01/17,臺股期貨,外資及陸資,64983,127027609,60913,119038146,4070,,64998,127092413,12611,24662964,52387,102429449
2019/01/17,臺股期貨,投信,3,5868,4,7820,-1,,2735,5349113,26299,51435584,-23564,-46086471
2019/01/17,臺股期貨,自營商,14823,28966241,16163,31593111,-1340,,8427,16450172,12649,24690151,-4222,-8239979
2019/01/18,臺股期貨,外資及陸資,59354,116376934,59409,116468805,-55,,67206,131975385,14874,29210553,52332,102764832
2019/01/18,臺股期貨,投信,305,598868,91,178697,214,,2665,5234593,26015,51098663,-23350,-45864070
2019/01/18,臺股期貨,自營商,13314,26109420,11764,23062395,1550,,9079,17798834,11784,23099563,-2705,-5300729
2019/01/21,臺股期貨,外資及陸資,60779,120191482,61024,120663828,-245,,69501,137082319,16205,31964376,53296,105117943
2019/01/21,臺股期貨,投信,234,461702,644,1270878,-410,,2034,4012675,25794,50886403,-23760,-46873728
2019/01/21,臺股期貨,自營商,14825,29305777,14815,29290993,10,,9752,19203925,12472,24558678,-2720,-5354753
2019/01/22,臺股期貨,外資及陸資,38974,76766331,38260,75349128,714,,69138,136101738,15122,29768063,54016,106333675
2019/01/22,臺股期貨,投信,16,31498,429,844813,-413,,2030,3997070,26203,51593707,-24173,-47596637
2019/01/22,臺股期貨,自營商,10825,21317517,9789,19277041,1036,,10114,19878144,11823,23232783,-1709,-3354639
2019/01/23,臺股期貨,外資及陸資,52099,102434461,57861,113761815,-5762,,63637,124939010,15383,30201338,48254,94737672
2019/01/23,臺股期貨,投信,46,90353,733,1439354,-687,,2051,4027754,26911,52847822,-24860,-48820068
2019/01/23,臺股期貨,自營商,13074,25697715,12267,24110003,807,,10086,19770241,11284,22112906,-1198,-2342665
2019/01/24,臺股期貨,外資及陸資,53299,104951984,49858,98168257,3441,,65876,129875911,14180,27954891,51696,101921020
2019/01/24,臺股期貨,投信,29,57142,35,69018,-6,,2032,4007104,26898,53042856,-24866,-49035752
2019/01/24,臺股期貨,自營商,12202,24032945,11217,22086925,985,,11024,21701311,11114,21869429,-90,-168118
2019/01/25,臺股期貨,外資及陸資,64625,128521369,55211,109788394,9414,,74121,147733832,13009,25926755,61112,121807077
2019/01/25,臺股期貨,投信,33,65789,56,111636,-23,,1979,3945334,26868,53564045,-24889,-49618711
2019/01/25,臺股期貨,自營商,13802,27445262,17418,34661342,-3616,,10431,20751583,14022,27905593,-3591,-7154010
2019/01/28,臺股期貨,外資及陸資,43603,87222462,45729,91456941,-2126,,72820,145404451,13834,27619021,58986,117785430
2019/01/28,臺股期貨,投信,4,7999,63,125981,-59,,1954,3902529,26902,53728674,-24948,-49826145
2019/01/28,臺股期貨,自營商,9729,19446276,9123,18237825,606,,11063,22054145,13977,27869547,-2914,-5815402
2019/01/29,臺股期貨,外資及陸資,54350,107786496,61129,121213825,-6779,,67302,133522883,15095,29939364,52207,103583519
2019/01/29,臺股期貨,投信,3,5954,1030,2043383,-1027,,1914,3798142,27889,55342921,-25975,-51544779
2019/01/29,臺股期貨,自營商,15984,31681920,13962,27681729,2022,,11537,22851594,12351,24466246,-814,-1614652
2019/01/30,臺股期貨,外資及陸資,40727,80840197,42514,84388594,-1787,,65349,129673886,14929,29615404,50420,100058482
2019/01/30,臺股期貨,投信,117,232731,162,321402,-45,,1923,3816770,27943,55461244,-26020,-51644474
2019/01/30,臺股期貨,自營商,11699,23222573,11887,23592518,-188,,10972,21733093,11928,23631781,-956,-1898688
2019/02/11,臺股期貨,外資及陸資,51926,103865179,49444,98886896,2482,,67707,135353833,14801,29579989,52906,105773844
2019/02/11,臺股期貨,投信,94,188226,223,445895,-129,,1930,3859228,28079,56146746,-26149,-52287518
2019/02/11,臺股期貨,自營商,16109,32234158,15984,31987094,125,,10891,21729674,11532,23016262,-641,-1286588
2019/02/12,臺股期貨,外資及陸資,38138,76701519,33061,66497385,5077,,71223,143605154,13231,26667819,57992,116937335
2019/02/12,臺股期貨,投信,348,701743,100,201564,248,,1907,3846038,27808,56083152,-25901,-52237114
2019/02/12,臺股期貨,自營商,12417,24972478,11543,23217277,874,,12733,25631066,12275,24715093,458,915973
2019/02/13,臺股期貨,外資及陸資,42222,85181086,47446,95717924,-5224,,69015,139168357,16234,32719486,52781,106448871
2019/02/13,臺股期貨,投信,36,72586,168,338297,-132,,1931,3894827,27964,56403287,-26033,-52508460
2019/02/13,臺股期貨,自營商,15411,31088356,13120,26467333,2291,,13678,27541849,10929,22006106,2749,5535743
2019/02/14,臺股期貨,外資及陸資,48251,97318137,44614,89988042,3637,,69348,139754410,12899,25976900,56449,113777510
2019/02/14,臺股期貨,投信,433,872697,460,927879,-27,,1916,3861580,27976,56393920,-26060,-52532340
2019/02/14,臺股期貨,自營商,12671,25547583,14192,28613782,-1521,,12329,24806436,10843,21820882,1486,2985554
2019/02/15,臺股期貨,外資及陸資,69420,139694244,68803,138449360,617,,69957,140455716,12891,25864789,57066,114590927
2019/02/15,臺股期貨,投信,8000,16080000,8310,16694422,-310,,1885,3785401,28255,56739013,-26370,-52953612
2019/02/15,臺股期貨,自營商,17160,34519351,17563,35330827,-403,,12073,24199890,11047,22149426,1026,2050464
2019/02/18,臺股期貨,外資及陸資,72146,146134973,71321,144488248,825,,73597,149166038,14809,29997361,58788,119168677
2019/02/18,臺股期貨,投信,12412,25177387,11397,23108673,1015,,1854,3758261,27209,55153791,-25355,-51395530
2019/02/18,臺股期貨,自營商,19052,38571250,19599,39689672,-547,,13883,28100023,13117,26557558,766,1542465
2019/02/19,臺股期貨,外資及陸資,69634,141263042,68604,139158872,1030,,83258,168895053,23437,47522463,59821,121372590
2019/02/19,臺股期貨,投信,8164,16570264,8161,16566172,3,,1854,3761733,27206,55200689,-25352,-51438956
2019/02/19,臺股期貨,自營商,16602,33656751,14744,29895067,1858,,17344,35140261,15851,32128786,1493,3011475
2019/02/20,臺股期貨,外資及陸資,62551,127834496,56292,115050010,6259,,75669,155047044,10322,21126464,65347,133920580
2019/02/20,臺股期貨,投信,1139,2334025,692,1417863,447,,1782,3652031,26707,54733326,-24925,-51081295
2019/02/20,臺股期貨,自營商,27164,55521300,31199,63778136,-4035,,9345,19105328,15219,31154925,-5874,-12049597
2019/02/21,臺股期貨,外資及陸資,44009,90388861,43574,89500354,435,,74926,154662965,9132,18826513,65794,135836452
2019/02/21,臺股期貨,投信,31,63811,12,24778,19,,1785,3685311,26691,55106239,-24906,-51420928
2019/02/21,臺股期貨,自營商,12115,24885322,10989,22570816,1126,,11111,22892450,15859,32706946,-4748,-9814496
2019/02/22,臺股期貨,外資及陸資,43289,88961875,49009,100708340,-5720,,69782,143833797,9707,19984573,60075,123849224
2019/02/22,臺股期貨,投信,49,100719,14,28743,35,,1775,3659340,26646,54933394,-24871,-51274054
2019/02/22,臺股期貨,自營商,10734,22057562,9136,18774329,1598,,11682,24037467,14818,30513192,-3136,-6475725
2019/02/25,臺股期貨,外資及陸資,50244,103999599,50935,105424079,-691,,69285,143613607,9897,20491157,59388,123122450
2019/02/25,臺股期貨,投信,226,468624,7,14514,219,,1776,3682003,26428,54790530,-24652,-51108527
2019/02/25,臺股期貨,自營商,13811,28580017,14150,29290105,-339,,12459,25783558,15944,33020811,-3485,-7237253
2019/02/26,臺股期貨,外資及陸資,45276,93933817,44280,91859673,996,,69974,144846791,9590,19828188,60384,125018603
2019/02/26,臺股期貨,投信,1,2071,415,859572,-414,,1761,3645974,26827,55542621,-25066,-51896647
2019/02/26,臺股期貨,自營商,13176,27327660,12754,26450881,422,,12205,25224515,15275,31591779,-3070,-6367264
2019/02/27,臺股期貨,外資及陸資,35318,73155277,35741,74024850,-423,,71404,147935543,11443,23685176,59961,124250367
2019/02/27,臺股期貨,投信,0,0,310,642594,-310,,1754,3634639,27130,56218786,-25376,-52584147
2019/02/27,臺股期貨,自營商,11218,23233322,12324,25520295,-1106,,10379,21462125,14563,30143777,-4184,-8681652
2019/03/04,臺股期貨,外資及陸資,55291,114110388,63672,131432020,-8381,,69061,142404472,17474,36011672,51587,106392800
2019/03/04,臺股期貨,投信,0,0,326,672389,-326,,1745,3598888,27447,56606693,-25702,-53007805
2019/03/04,臺股期貨,自營商,16442,33932489,13155,27137352,3287,,10844,22322467,11744,24185076,-900,-1862609
2019/03/05,臺股期貨,外資及陸資,53682,110301100,50600,103961115,3082,,67529,138744326,14317,29394764,53212,109349562
2019/03/05,臺股期貨,投信,15,30832,630,1294640,-615,,1746,3588030,28063,57669465,-26317,-54081435
2019/03/05,臺股期貨,自營商,11197,23004894,11938,24529041,-741,,11753,24110133,13500,27707461,-1747,-3597328
2019/03/06,臺股期貨,外資及陸資,49244,101528532,44239,91205385,5005,,70388,145279454,12171,25098814,58217,120180640
2019/03/06,臺股期貨,投信,36,74289,0,0,36,,1771,3656052,28052,57910549,-26281,-54254497
2019/03/06,臺股期貨,自營商,12331,25423915,14171,29218771,-1840,,11088,22846818,14672,30254473,-3584,-7407655
2019/03/07,臺股期貨,外資及陸資,42830,88266207,42231,87038960,599,,70349,144341993,11556,23688759,58793,120653234
2019/03/07,臺股期貨,投信,0,0,553,1135214,-553,,1735,3560567,28569,58629302,-26834,-55068735
2019/03/07,臺股期貨,自營商,11757,24219619,12491,25715562,-734,,11788,24151525,16106,33019595,-4318,-8868070
2019/03/08,臺股期貨,外資及陸資,62329,127278519,64922,132566149,-2593,,70137,143066173,13937,28407867,56200,114658306
2019/03/08,臺股期貨,投信,0,0,815,1662397,-815,,1723,3515265,29372,59924754,-27649,-56409489
2019/03/08,臺股期貨,自營商,16738,34165742,16196,33059634,542,,12729,25933183,16561,33754986,-3832,-7821803
2019/03/11,臺股期貨,外資及陸資,44341,90440334,45433,92659419,-1092,,69849,142839454,14741,30124235,55108,112715219
2019/03/11,臺股期貨,投信,90,183906,1,2045,89,,1727,3532406,29287,59903630,-27560,-56371224
2019/03/11,臺股期貨,自營商,10466,21346163,9356,19083169,1110,,13174,26907293,15974,32638378,-2800,-5731085
2019/03/12,臺股期貨,外資及陸資,50941,105269009,49502,102308259,1439,,69846,144521614,13275,27446928,56571,117074686
2019/03/12,臺股期貨,投信,806,1668187,13,26937,793,,1757,3636287,28524,59033270,-26767,-55396983
2019/03/12,臺股期貨,自營商,18327,37869695,18443,38115961,-116,,14366,29690577,17283,35734964,-2917,-6044387
2019/03/13,臺股期貨,外資及陸資,46867,96867583,46057,95190405,810,,69288,143573285,11912,24661695,57376,118911590
2019/03/13,臺股期貨,投信,13,26889,19,39238,-6,,1743,3612542,28516,59102262,-26773,-55489720
2019/03/13,臺股期貨,自營商,14052,29041983,12796,26442087,1256,,14157,29300688,15841,32798738,-1684,-3498050
2019/03/14,臺股期貨,外資及陸資,43406,89938265,49415,102394677,-6009,,66823,138119313,15457,31929245,51366,106190068
2019/03/14,臺股期貨,投信,368,761439,367,759723,1,,1743,3603111,28515,58951911,-26772,-55348800
2019/03/14,臺股期貨,自營商,12627,26158223,11274,23349872,1353,,13861,28617404,14025,28963038,-164,-345634
2019/03/15,臺股期貨,外資及陸資,64780,134640917,60302,125362548,4478,,74253,154596284,18400,38292628,55853,116303656
2019/03/15,臺股期貨,投信,7930,16512501,7600,15817918,330,,1750,3644079,28192,58705159,-26442,-55061080
2019/03/15,臺股期貨,自營商,16172,33610972,18167,37762884,-1995,,15751,32762525,17883,37209662,-2132,-4447137
2019/03/18,臺股期貨,外資及陸資,74991,156746847,74770,156311227,221,,79842,167259531,23768,49779434,56074,117480097
2019/03/18,臺股期貨,投信,13424,28106055,13006,27218912,418,,1744,3653883,27768,58174697,-26024,-54520814
2019/03/18,臺股期貨,自營商,19437,40623795,16485,34451248,2952,,16341,34205943,15013,31427464,1328,2778479
2019/03/19,臺股期貨,外資及陸資,85190,178655515,83881,175916698,1309,,90983,190963439,33600,70513537,57383,120449902
2019/03/19,臺股期貨,投信,7859,16496688,8376,17572385,-517,,1714,3597420,28255,59302455,-26541,-55705035
2019/03/19,臺股期貨,自營商,22073,46283391,22293,46749323,-220,,14040,29438829,13373,28040100,667,1398729
2019/03/20,臺股期貨,外資及陸資,58589,123141749,55882,117471988,2707,,74174,155945718,17472,36715837,56702,119229881
2019/03/20,臺股期貨,投信,677,1424030,680,1428273,-3,,1721,3618919,28265,59435642,-26544,-55816723
2019/03/20,臺股期貨,自營商,17844,37515708,20884,43927705,-3040,,8777,18415333,12270,25769006,-3493,-7353673
2019/03/21,臺股期貨,外資及陸資,44922,94804797,39123,82562192,5799,,80320,170058681,16818,35589282,63502,134469399
2019/03/21,臺股期貨,投信,28,59281,928,1964740,-900,,1697,3593567,29141,61708982,-27444,-58115415
2019/03/21,臺股期貨,自營商,11942,25200340,12581,26545692,-639,,9847,20811320,13966,29542348,-4119,-8731028
2019/03/22,臺股期貨,外資及陸資,49803,105699698,54084,114781446,-4281,,76630,162628170,17409,36928030,59221,125700140
2019/03/22,臺股期貨,投信,41,86702,0,0,41,,1697,3602052,29100,61767660,-27403,-58165608
2019/03/22,臺股期貨,自營商,14409,30573372,12788,27133144,1621,,10717,22707406,13215,28016292,-2498,-5308886
2019/03/25,臺股期貨,外資及陸資,52717,110562260,54520,114349141,-1803,,74525,155537828,17107,35685039,57418,119852789
2019/03/25,臺股期貨,投信,57,119157,936,1954816,-879,,1659,3462997,29941,62498843,-28282,-59035846
2019/03/25,臺股期貨,自營商,13673,28638116,16614,34820482,-2941,,9821,20461369,15268,31836722,-5447,-11375353
2019/03/26,臺股期貨,外資及陸資,45826,96209386,44445,93302055,1381,,76626,161240532,17827,37494465,58799,123746067
2019/03/26,臺股期貨,投信,333,700841,0,0,333,,1667,3508368,29616,62329834,-27949,-58821466
2019/03/26,臺股期貨,自營商,13571,28500838,13159,27642978,412,,10459,21969696,15516,32619976,-5057,-10650280
2019/03/27,臺股期貨,外資及陸資,43362,91177215,44782,94161677,-1420,,74209,156108759,17818,37464541,56391,118644218
2019/03/27,臺股期貨,投信,18,37841,25,52475,-7,,1685,3545240,29641,62364637,-27956,-58819397
2019/03/27,臺股期貨,自營商,13890,29195333,12998,27317495,892,,9782,20538422,13956,29327239,-4174,-8788817
2019/03/28,臺股期貨,外資及陸資,46785,98161913,42275,88695657,4510,,77287,162167607,16386,34363423,60901,127804184
2019/03/28,臺股期貨,投信,4,8398,23,48277,-19,,1671,3506761,29646,62215066,-27975,-58708305
2019/03/28,臺股期貨,自營商,10444,21904269,11315,23727858,-871,,10041,21029574,15083,31616490,-5042,-10586916
2019/03/29,臺股期貨,外資及陸資,54654,115113813,57709,121537434,-3055,,76542,162209749,18696,39603551,57846,122606198
2019/03/29,臺股期貨,投信,577,1222036,4,8478,573,,1678,3556689,29080,61637935,-27402,-58081246
2019/03/29,臺股期貨,自營商,17303,36455400,14950,31507914,2353,,12254,25927992,14944,31637873,-2690,-5709881
2019/04/01,臺股期貨,外資及陸資,55896,119224862,54976,117250899,920,,76861,163531911,18095,38480880,58766,125051031
2019/04/01,臺股期貨,投信,225,478878,61,129810,164,,1628,3464384,28866,61426821,-27238,-57962437
2019/04/01,臺股期貨,自營商,13415,28611251,14867,31701812,-1452,,11050,23469350,15192,32289328,-4142,-8819978
2019/04/02,臺股期貨,外資及陸資,36903,78825358,35462,75743164,1441,,77289,165028746,17082,36455266,60207,128573480
2019/04/02,臺股期貨,投信,220,469821,54,115345,166,,1580,3374248,28652,61189181,-27072,-57814933
2019/04/02,臺股期貨,自營商,8937,19084564,9458,20198067,-521,,10924,23283166,15588,33248567,-4664,-9965401
2019/04/03,臺股期貨,外資及陸資,43325,92627551,43799,93634267,-474,,76073,162690881,16340,34926250,59733,127764631
2019/04/03,臺股期貨,投信,306,654447,20,42779,286,,1561,3338979,28347,60634209,-26786,-57295230
2019/04/03,臺股期貨,自營商,12890,27558077,12628,27000560,262,,10303,21994847,14704,31412196,-4401,-9417349
2019/04/08,臺股期貨,外資及陸資,47729,102749195,44683,96185482,3046,,80048,172390350,17269,37172281,62779,135218069
2019/04/08,臺股期貨,投信,481,1036463,0,0,481,,1567,3375318,27872,60036261,-26305,-56660943
2019/04/08,臺股期貨,自營商,11436,24621785,13235,28497567,-1799,,9677,20800378,15875,34153521,-6198,-13353143
2019/04/09,臺股期貨,外資及陸資,32618,70501816,28271,61120054,4347,,84800,183862260,17674,38302663,67126,145559597
2019/04/09,臺股期貨,投信,322,698263,52,112727,270,,1525,3307115,27560,59766595,-26035,-56459480
2019/04/09,臺股期貨,自營商,9837,21266508,9801,21186579,36,,10225,22128699,16161,35005253,-5936,-12876554
2019/04/10,臺股期貨,外資及陸資,33107,71739417,36119,78276644,-3012,,83163,180611395,19049,41353386,64114,139258009
2019/04/10,臺股期貨,投信,9,19542,82,178117,-73,,1443,3134485,27551,59846261,-26108,-56711776
2019/04/10,臺股期貨,自營商,12799,27748881,12465,27015092,334,,8557,18544225,14072,30524711,-5515,-11980486
2019/04/11,臺股期貨,外資及陸資,45941,99524463,47180,102219782,-1239,,81975,177132386,19085,41221526,62890,135910860
2019/04/11,臺股期貨,投信,1,2161,46,99416,-45,,1420,3068904,27573,59590755,-26153,-56521851
2019/04/11,臺股期貨,自營商,15057,32616743,14061,30450858,996,,7899,17030657,12354,26660312,-4455,-9629655
2019/04/12,臺股期貨,外資及陸資,51167,110582621,50951,110116142,216,,81766,176624891,18660,40289046,63106,136335845
2019/04/12,臺股期貨,投信,6000,12961800,6000,12960840,0,,1420,3067768,27573,59568709,-26153,-56500941
2019/04/12,臺股期貨,自營商,10442,22563011,11414,24660365,-972,,7907,17047411,13486,29101413,-5579,-12054002
2019/04/15,臺股期貨,外資及陸資,70315,152901885,71967,156488897,-1652,,87231,189742713,25775,56044672,61456,133698041
2019/04/15,臺股期貨,投信,15397,33504218,15169,33010438,228,,1427,3104174,27352,59504378,-25925,-56400204
2019/04/15,臺股期貨,自營商,20956,45552138,19648,42717255,1308,,10541,22896398,14974,32543493,-4433,-9647095
2019/04/16,臺股期貨,外資及陸資,77280,168314336,78152,170226074,-872,,90176,197009367,29614,64692332,60562,132317035
2019/04/16,臺股期貨,投信,7455,16263017,7475,16301010,-20,,1394,3045686,27339,59730332,-25945,-56684646
2019/04/16,臺股期貨,自營商,24094,52472981,21979,47864637,2115,,10750,23463472,13179,28758241,-2429,-5294769
2019/04/17,臺股期貨,外資及陸資,56023,122937543,52461,115119557,3562,,78296,172093550,15549,34160235,62747,137933315
2019/04/17,臺股期貨,投信,763,1676849,163,357918,600,,1356,2981030,26701,58699478,-25345,-55718448
2019/04/17,臺股期貨,自營商,22186,48687792,25669,56350953,-3483,,7419,16279545,14638,32143480,-7219,-15863935
2019/04/18,臺股期貨,外資及陸資,48144,105842573,47880,105272600,264,,79739,174406509,16728,36572033,63011,137834476
2019/04/18,臺股期貨,投信,7,15358,424,927672,-417,,1350,2953260,27112,59310211,-25762,-56356951
2019/04/18,臺股期貨,自營商,14155,31103526,14247,31298597,-92,,8329,18190836,15718,34349160,-7389,-16158324
2019/04/19,臺股期貨,外資及陸資,35463,77937631,34581,75984335,882,,81576,178995656,17683,38784540,63893,140211116
2019/04/19,臺股期貨,投信,0,0,203,445444,-203,,1347,2956126,27312,59938915,-25965,-56982789
2019/04/19,臺股期貨,自營商,11301,24836240,11555,25392084,-254,,8642,18935620,16321,35780792,-7679,-16845172
2019/04/22,臺股期貨,外資及陸資,22919,50395156,26078,57338380,-3159,,79160,173772872,18426,40433522,60734,133339350
2019/04/22,臺股期貨,投信,6,13173,0,0,6,,1347,2957473,27306,59953054,-25959,-56995581
2019/04/22,臺股期貨,自營商,8818,19383198,7544,16583624,1274,,9094,19937101,15508,34009284,-6414,-14072183
2019/04/23,臺股期貨,外資及陸資,41838,91855644,40315,88518238,1523,,79616,175489553,17359,38246448,62257,137243105
2019/04/23,臺股期貨,投信,8,17638,19,41826,-11,,1335,2943141,27305,60196603,-25970,-57253462
2019/04/23,臺股期貨,自營商,12840,28197042,13555,29762101,-715,,9308,20489017,16383,36079168,-7075,-15590151
2019/04/24,臺股期貨,外資及陸資,39657,87362598,45796,100919672,-6139,,76102,167529814,19984,43975972,56118,123553842
2019/04/24,臺股期貨,投信,4,8845,2,4404,2,,1338,2946008,27306,60122351,-25968,-57176343
2019/04/24,臺股期貨,自營商,16829,37074662,14154,31163764,2675,,8954,19683027,13430,29529816,-4476,-9846789
2019/04/25,臺股期貨,外資及陸資,44198,97314924,39463,86906174,4735,,80011,176473792,19158,42237542,60853,134236250
2019/04/25,臺股期貨,投信,913,2014542,5,11031,908,,1338,2951628,26398,58233988,-25060,-55282360
2019/04/25,臺股期貨,自營商,9491,20898732,11669,25689909,-2178,,9112,20067989,15766,34740727,-6654,-14672738
2019/04/26,臺股期貨,外資及陸資,50377,110283576,57009,124793702,-6632,,75250,164525947,21029,45958682,54221,118567265
2019/04/26,臺股期貨,投信,0,0,631,1379797,-631,,1316,2877829,27007,59058908,-25691,-56181079
2019/04/26,臺股期貨,自營商,16294,35649095,16135,35300769,159,,9206,20100945,15575,34017543,-6369,-13916598
2019/04/29,臺股期貨,外資及陸資,40631,88873130,38404,84002023,2227,,76507,167261151,20059,43834212,56448,123426939
2019/04/29,臺股期貨,投信,13,28462,48,104916,-35,,1321,2888499,27047,59140970,-25726,-56252471
2019/04/29,臺股期貨,自營商,11286,24683142,11743,25681373,-457,,9086,19836004,15920,34772241,-6834,-14936237
2019/04/30,臺股期貨,外資及陸資,40024,87417341,38718,84555952,1306,,77328,169350234,19574,42847859,57754,126502375
2019/04/30,臺股期貨,投信,0,0,6,13100,-6,,1319,2889138,27051,59252510,-25732,-56363372
2019/04/30,臺股期貨,自營商,13282,29003532,10723,23413383,2559,,9825,21489316,14117,30882438,-4292,-9393122
2019/05/02,臺股期貨,外資及陸資,45878,100756057,46925,103038831,-1047,,76770,168527475,20063,44022889,56707,124504586
2019/05/02,臺股期貨,投信,348,764187,0,0,348,,1339,2939908,26723,58673019,-25384,-55733111
2019/05/02,臺股期貨,自營商,17125,37614098,17651,38778638,-526,,9264,20304721,14076,30865187,-4812,-10560466
2019/05/03,臺股期貨,外資及陸資,47381,104369112,43337,95477844,4044,,81322,180374677,20571,45606942,60751,134767735
2019/05/03,臺股期貨,投信,569,1261626,14,30998,555,,1343,2979311,26172,58059965,-24829,-55080654
2019/05/03,臺股期貨,自營商,17477,38536272,16415,36196342,1062,,10055,22266797,13804,30580821,-3749,-8314024
2019/05/06,臺股期貨,外資及陸資,57154,124735682,67897,148215983,-10743,,74317,161386805,24309,52771200,50008,108615605
2019/05/06,臺股期貨,投信,41,89266,1129,2452965,-1088,,1307,2838804,27224,59130528,-25917,-56291724
2019/05/06,臺股期貨,自營商,23633,51560896,22733,49591497,900,,9932,21533713,12781,27713646,-2849,-6179933
2019/05/07,臺股期貨,外資及陸資,61457,134476336,54534,119323870,6923,,78380,171949408,21431,46993972,56949,124955436
2019/05/07,臺股期貨,投信,552,1211018,0,0,552,,1316,2887567,26681,58543450,-25365,-55655883
2019/05/07,臺股期貨,自營商,16593,36312270,18658,40834944,-2065,,10095,22108279,15065,33004961,-4970,-10896682
2019/05/08,臺股期貨,外資及陸資,70630,154033529,72562,158291786,-1932,,79651,173493824,24634,53637110,55017,119856714
2019/05/08,臺股期貨,投信,9,19667,270,588200,-261,,1311,2856145,26937,58684948,-25626,-55828803
2019/05/08,臺股期貨,自營商,18732,40850329,19762,43075131,-1030,,7931,17235131,13895,30213473,-5964,-12978342
2019/05/09,臺股期貨,外資及陸資,85071,183860505,91351,197454027,-6280,,78181,168008834,29444,63242696,48737,104766138
2019/05/09,臺股期貨,投信,0,0,968,2081325,-968,,1293,2779174,27887,59940315,-26594,-57161141
2019/05/09,臺股期貨,自營商,23674,51072575,22613,48789991,1061,,11000,23596214,15813,33929674,-4813,-10333460
2019/05/10,臺股期貨,外資及陸資,163476,350782158,155206,332977831,8270,,84371,181261346,27363,58742726,57008,122518620
2019/05/10,臺股期貨,投信,8091,17312694,8151,17438581,-60,,1281,2752613,27935,60026728,-26654,-57274115
2019/05/10,臺股期貨,自營商,31113,66744786,33627,72137804,-2514,,11558,24776019,18774,40277406,-7216,-15501387
2019/05/13,臺股期貨,外資及陸資,128626,273921123,135525,288697133,-6899,,91439,193323425,42130,89029255,49309,104294170
2019/05/13,臺股期貨,投信,13373,28342405,14083,29849316,-710,,1268,2681642,28632,60559690,-27364,-57878048
2019/05/13,臺股期貨,自營商,25234,53709902,26779,56944825,-1545,,12132,25604922,20990,44304567,-8858,-18699645
2019/05/14,臺股期貨,外資及陸資,147360,309358547,145673,305883489,1687,,94256,198337399,43286,91058482,50970,107278917
2019/05/14,臺股期貨,投信,7174,15106251,7028,14795779,146,,1233,2595267,28451,59884555,-27218,-57289288
2019/05/14,臺股期貨,自營商,38837,81522067,40695,85376218,-1858,,7286,15285244,17652,37051969,-10366,-21766725
2019/05/15,臺股期貨,外資及陸資,84008,177436371,84045,177512003,-37,,67514,142751522,20364,43011198,47150,99740324
2019/05/15,臺股期貨,投信,1157,2447730,590,1247073,567,,1229,2600810,27886,59012353,-26657,-56411543
2019/05/15,臺股期貨,自營商,31684,66915578,27651,58404386,4033,,6095,12836432,10306,21673471,-4211,-8837039
2019/05/16,臺股期貨,外資及陸資,76813,161854114,74791,157526197,2022,,68067,142663369,18895,39488725,49172,103174644
2019/05/16,臺股期貨,投信,43,90297,530,1110870,-487,,1260,2643228,28404,59584276,-27144,-56941048
2019/05/16,臺股期貨,自營商,15090,31681740,17444,36686422,-2354,,8014,16677015,14667,30606084,-6653,-13929069
2019/05/17,臺股期貨,外資及陸資,72475,152075843,73690,154614917,-1215,,69602,144821676,21645,44872151,47957,99949525
2019/05/17,臺股期貨,投信,24,50072,409,852034,-385,,1219,2538689,28748,59868942,-27529,-57330253
2019/05/17,臺股期貨,自營商,17492,36594097,19181,40163675,-1689,,8772,18088013,17114,35465918,-8342,-17377905
2019/05/20,臺股期貨,外資及陸資,85439,178297931,80652,168294414,4787,,71908,149864308,19165,39734035,52743,110130273
2019/05/20,臺股期貨,投信,21,43819,8,16687,13,,1233,2572531,28749,59980286,-27516,-57407755
2019/05/20,臺股期貨,自營商,14473,30159775,16604,34619646,-2131,,7932,16349705,18410,38233252,-10478,-21883547
2019/05/21,臺股期貨,外資及陸資,80447,167835711,82108,171292550,-1661,,70746,148205739,19664,40989735,51082,107216004
2019/05/21,臺股期貨,投信,186,389479,19,39842,167,,1292,2709841,28641,60070013,-27349,-57360172
2019/05/21,臺股期貨,自營商,15548,32429537,15236,31764695,312,,8281,17157950,18452,38515290,-10171,-21357340
2019/05/22,臺股期貨,外資及陸資,60902,127713126,64487,135228252,-3585,,64954,135940199,17457,36330350,47497,99609849
2019/05/22,臺股期貨,投信,506,1059247,0,0,506,,1391,2915258,28234,59172324,-26843,-56257066
2019/05/22,臺股期貨,自營商,17506,36686932,14147,29629960,3359,,7817,16171494,14629,30454220,-6812,-14282726
2019/05/23,臺股期貨,外資及陸資,69147,143200027,74464,154188232,-5317,,60275,124112874,19295,39538618,40980,84574256
2019/05/23,臺股期貨,投信,54,111456,1150,2372158,-1096,,1426,2940697,29365,60556019,-27939,-57615322
2019/05/23,臺股期貨,自營商,17859,36906296,16784,34682628,1075,,8758,17848973,14495,29661700,-5737,-11812727
2019/05/24,臺股期貨,外資及陸資,69851,144204829,65464,135131987,4387,,60839,125624970,15472,31738583,45367,93886387
2019/05/24,臺股期貨,投信,191,395941,301,622481,-110,,1431,2959594,29480,60970048,-28049,-58010454
2019/05/24,臺股期貨,自營商,12241,25237154,13921,28706171,-1680,,8483,17318588,15870,32583725,-7387,-15265137
2019/05/27,臺股期貨,外資及陸資,49937,103155100,51136,105640556,-1199,,59877,123524157,15709,32200263,44168,91323894
2019/05/27,臺股期貨,投信,90,185423,550,1136300,-460,,1431,2957018,29940,61867521,-28509,-58910503
2019/05/27,臺股期貨,自營商,13912,28712329,11431,23577513,2481,,8918,18195009,13853,28371765,-4935,-10176756
2019/05/28,臺股期貨,外資及陸資,32912,68023420,34336,70956087,-1424,,58521,120814466,15777,32359915,42744,88454551
2019/05/28,臺股期貨,投信,49,101298,0,0,49,,1468,3035824,29928,61890609,-28460,-58854785
2019/05/28,臺股期貨,自營商,10167,20992959,10008,20668061,159,,9070,18513663,13861,28404795,-4791,-9891132
2019/05/29,臺股期貨,外資及陸資,48968,100685552,46487,95613244,2481,,61761,126910395,16537,33771153,45224,93139242
2019/05/29,臺股期貨,投信,284,584290,26,53474,258,,1447,2978215,29649,61023079,-28202,-58044864
2019/05/29,臺股期貨,自營商,14119,28993662,14912,30623771,-793,,7783,15763905,13352,27210067,-5569,-11446162
2019/05/30,臺股期貨,外資及陸資,58549,120889607,59414,122673661,-865,,61944,128182944,17596,36210893,44348,91972051
2019/05/30,臺股期貨,投信,1062,2202497,32,66330,1030,,1445,2995485,28617,59322553,-27172,-56327068
2019/05/30,臺股期貨,自營商,15203,31371149,15579,32137401,-376,,8437,17223909,14394,29556999,-5957,-12333090
2019/05/31,臺股期貨,外資及陸資,61083,127283927,60591,126268607,492,,61451,128257201,17281,35855557,44170,92401644
2019/05/31,臺股期貨,投信,573,1198451,74,154777,499,,1445,3021495,28118,58794243,-26673,-55772748
2019/05/31,臺股期貨,自營商,17297,35986274,14865,30952099,2432,,9835,20282503,13360,27650888,-3525,-7368385
2019/06/03,臺股期貨,外資及陸資,62918,131194600,62608,130554174,310,,58247,121739904,13838,28704541,44409,93035363
2019/06/03,臺股期貨,投信,87,181473,2061,4311095,-1974,,1476,3091039,30123,63083087,-28647,-59992048
2019/06/03,臺股期貨,自營商,16287,33937564,16356,34058215,-69,,10414,21526214,14006,29040806,-3592,-7514592
2019/06/04,臺股期貨,外資及陸資,48797,101908570,51377,107342873,-2580,,56510,117480163,14690,30351276,41820,87128887
2019/06/04,臺股期貨,投信,86,179225,1621,3374971,-1535,,1529,3185213,31711,66059862,-30182,-62874649
2019/06/04,臺股期貨,自營商,14264,29788608,13803,28769584,461,,10177,20919719,13300,27377980,-3123,-6458261
2019/06/05,臺股期貨,外資及陸資,50234,105117833,50304,105299600,-70,,59219,123592974,17460,36270642,41759,87322332
2019/06/05,臺股期貨,投信,133,278580,2004,4189115,-1871,,1566,3274819,33619,70303569,-32053,-67028750
2019/06/05,臺股期貨,自營商,14583,30500489,14273,29839838,310,,9693,19989949,12530,25866540,-2837,-5876591
2019/06/06,臺股期貨,外資及陸資,53685,111573777,55273,114849350,-1588,,58063,120118712,17876,36803066,40187,83315646
2019/06/06,臺股期貨,投信,24,49809,1197,2478865,-1173,,1565,3244245,34791,72118114,-33226,-68873869
2019/06/06,臺股期貨,自營商,15650,32440606,14457,29996190,1193,,10778,22022731,12423,25406841,-1645,-3384110
2019/06/10,臺股期貨,外資及陸資,60527,126831343,53451,112051400,7076,,63890,134418162,16629,34795787,47261,99622375
2019/06/10,臺股期貨,投信,536,1129211,12,25267,524,,1604,3381232,34306,72313419,-32702,-68932187
2019/06/10,臺股期貨,自營商,16457,34447305,17716,37134550,-1259,,12513,26008425,15417,32150076,-2904,-6141651
2019/06/11,臺股期貨,外資及陸資,44636,94404053,44764,94682294,-128,,62755,132638558,15620,32825449,47135,99813109
2019/06/11,臺股期貨,投信,1572,3330455,0,0,1572,,1614,3418452,32744,69348147,-31130,-65929695
2019/06/11,臺股期貨,自營商,14914,31491312,13978,29536727,936,,13528,28253323,15452,32367738,-1924,-4114415
2019/06/12,臺股期貨,外資及陸資,42176,89293996,41612,88093856,564,,61832,130693993,14134,29680109,47698,101013884
2019/06/12,臺股期貨,投信,1277,2705375,0,0,1277,,1691,3581876,31544,66812856,-29853,-63230980
2019/06/12,臺股期貨,自營商,13472,28487675,13749,29081788,-277,,12457,25977260,14662,30693977,-2205,-4716717
2019/06/13,臺股期貨,外資及陸資,51630,108752052,57867,122024505,-6237,,60182,126332732,18723,39167319,41459,87165413
2019/06/13,臺股期貨,投信,709,1492873,40,84135,669,,1671,3518371,30855,64964746,-29184,-61446375
2019/06/13,臺股期貨,自營商,17849,37599797,16129,33823384,1720,,13174,27383006,13564,28109519,-390,-726513
2019/06/14,臺股期貨,外資及陸資,48719,102198762,49017,103181673,-298,,64977,136031628,23816,49857332,41161,86174296
2019/06/14,臺股期貨,投信,7129,15016202,6007,12399931,1122,,1691,3559632,29753,62388824,-28062,-58829192
2019/06/14,臺股期貨,自營商,13052,27406285,13742,28762274,-690,,14794,30771881,15866,32842634,-1072,-2070753
2019/06/17,臺股期貨,外資及陸資,80670,168716747,77769,163315425,2901,,79745,166380645,35731,74780528,44014,91600117
2019/06/17,臺股期貨,投信,14986,31576645,14729,30460707,257,,1956,4086454,29761,61893266,-27805,-57806812
2019/06/17,臺股期貨,自營商,18869,39527682,21491,44998153,-2622,,14169,29463761,18080,37464618,-3911,-8000857
2019/06/18,臺股期貨,外資及陸資,67604,141460800,68995,144759669,-1391,,88225,183552774,45602,95166404,42623,88386370
2019/06/18,臺股期貨,投信,10367,21833157,10829,22416275,-462,,1893,3914572,30160,62367110,-28267,-58452538
2019/06/18,臺股期貨,自營商,15343,32140268,15561,32666738,-218,,12394,25713602,16543,34287750,-4149,-8574148
2019/06/19,臺股期貨,外資及陸資,88018,186109015,73722,156072802,14296,,72184,152675178,21069,44506615,51115,108168563
2019/06/19,臺股期貨,投信,415,883317,1063,2247945,-648,,1952,4130822,30867,65320745,-28915,-61189923
2019/06/19,臺股期貨,自營商,30166,64125798,37305,79309858,-7139,,5240,10991649,11644,24542081,-6404,-13550432
2019/06/20,臺股期貨,外資及陸資,43173,91350091,40691,86091517,2482,,76979,162993968,23381,49454865,53598,113539103
2019/06/20,臺股期貨,投信,80,169410,2262,4790329,-2182,,1980,4194432,33077,70070317,-31097,-65875885
2019/06/20,臺股期貨,自營商,9118,19274067,9355,19769711,-237,,6206,13037461,12843,27092980,-6637,-14055519
2019/06/21,臺股期貨,外資及陸資,53221,112976230,53124,112796388,97,,80220,169764676,26525,56085628,53695,113679048
2019/06/21,臺股期貨,投信,775,1640682,1118,2366474,-343,,2748,5818066,34188,72382834,-31440,-66564768
2019/06/21,臺股期貨,自營商,11423,24225517,12211,25886027,-788,,6962,14622086,14389,30339371,-7427,-15717285
2019/06/24,臺股期貨,外資及陸資,40803,86537366,45112,95682455,-4309,,79860,169577521,30474,64666573,49386,104910948
2019/06/24,臺股期貨,投信,350,743462,53,112590,297,,2780,5905832,33923,72066021,-31143,-66160189
2019/06/24,臺股期貨,自營商,9727,20618282,8847,18748335,880,,7313,15409863,13863,29322137,-6550,-13912274
2019/06/25,臺股期貨,外資及陸資,43428,91857673,43431,91883170,-3,,78309,164983346,28926,60900275,49383,104083071
2019/06/25,臺股期貨,投信,102,215066,640,1349483,-538,,2867,6043063,34548,72820274,-31681,-66777211
2019/06/25,臺股期貨,自營商,11012,23269946,12149,25664611,-1137,,7306,15278597,14993,31466334,-7687,-16187737
2019/06/26,臺股期貨,外資及陸資,42728,89908347,46728,98314485,-4000,,75435,158397739,31152,65360468,44283,93037271
2019/06/26,臺股期貨,投信,1602,3368073,387,812589,1215,,2718,5710518,33184,69718304,-30466,-64007786
2019/06/26,臺股期貨,自營商,12633,26557695,10981,23090552,1652,,8053,16782346,14092,29461407,-6039,-12679061
2019/06/27,臺股期貨,外資及陸資,50693,107421330,49364,104635854,1329,,79988,169813868,34376,72927533,45612,96886335
2019/06/27,臺股期貨,投信,733,1556559,19,40387,714,,2716,5769327,32468,68967216,-29752,-63197889
2019/06/27,臺股期貨,自營商,15385,32587372,12700,26911158,2685,,9018,19001398,12381,26150850,-3363,-7149452
2019/06/28,臺股期貨,外資及陸資,40705,86196978,39192,82994287,1513,,77704,164279803,30579,64589929,47125,99689874
2019/06/28,臺股期貨,投信,111,234903,1447,3058101,-1336,,2769,5857543,33857,71619818,-31088,-65762275
2019/06/28,臺股期貨,自營商,10791,22831610,10987,23240236,-196,,10461,21974485,14124,29725942,-3663,-7751457
2019/07/01,臺股期貨,外資及陸資,41609,89289302,41934,89977797,-325,,80727,173724511,33927,72952302,46800,100772209
2019/07/01,臺股期貨,投信,2563,5516724,50,107765,2513,,3017,6496204,31592,68023894,-28575,-61527690
2019/07/01,臺股期貨,自營商,13585,29136687,14130,30325989,-545,,10016,21393709,14218,30459605,-4202,-9065896
2019/07/02,臺股期貨,外資及陸資,30277,65104600,32414,69695289,-2137,,76715,164824311,32052,68805195,44663,96019116
2019/07/02,臺股期貨,投信,1380,2966748,64,137585,1316,,3440,7395312,30699,65996710,-27259,-58601398
2019/07/02,臺股期貨,自營商,9040,19417329,9494,20385878,-454,,10593,22587787,15249,32610640,-4656,-10022853
2019/07/03,臺股期貨,外資及陸資,44686,95413544,46907,100135312,-2221,,71914,152948172,29472,62621435,42442,90326737
2019/07/03,臺股期貨,投信,3254,6929196,62,131456,3192,,3579,7616828,27646,58836217,-24067,-51219389
2019/07/03,臺股期貨,自營商,18697,39879214,19217,40940708,-520,,9023,19020339,14198,30033767,-5175,-11013428
2019/07/04,臺股期貨,外資及陸資,31939,68313313,31534,67458075,405,,70971,151876716,28124,60123722,42847,91752994
2019/07/04,臺股期貨,投信,1482,3174090,0,0,1482,,3644,7803262,26229,56166781,-22585,-48363519
2019/07/04,臺股期貨,自營商,9037,19314063,8704,18609561,333,,9084,19264859,13926,29638636,-4842,-10373777
2019/07/05,臺股期貨,外資及陸資,29710,63628679,30475,65262018,-765,,69837,149602052,27754,59391334,42083,90210718
2019/07/05,臺股期貨,投信,152,325823,49,104874,103,,3796,8137106,26278,56329521,-22482,-48192415
2019/07/05,臺股期貨,自營商,7127,15253125,7552,16159866,-425,,9017,19137238,14284,30432147,-5267,-11294909
2019/07/08,臺股期貨,外資及陸資,47372,101110369,48417,103322666,-1045,,68481,145964420,27446,58433928,41035,87530492
2019/07/08,臺股期貨,投信,581,1239506,15,31995,566,,3871,8256843,25787,55003671,-21916,-46746828
2019/07/08,臺股期貨,自營商,13794,29409479,13230,28210015,564,,9490,20042018,14193,30078304,-4703,-10036286
2019/07/09,臺股期貨,外資及陸資,32778,69829108,34596,73711780,-1818,,68895,146625656,29670,63080047,39225,83545609
2019/07/09,臺股期貨,投信,1,2102,0,0,1,,3872,8247333,25787,54926310,-21915,-46678977
2019/07/09,臺股期貨,自營商,8720,18564009,9334,19867668,-614,,10145,21398828,15461,32724034,-5316,-11325206
2019/07/10,臺股期貨,外資及陸資,42940,91949886,39413,84391639,3527,,72111,154657724,29359,62891470,42752,91766254
2019/07/10,臺股期貨,投信,539,1157091,20,42924,519,,3928,8431032,25324,54355434,-21396,-45924402
2019/07/10,臺股期貨,自營商,17709,37853765,17699,37863880,10,,9226,19555003,14532,30981074,-5306,-11426071
2019/07/11,臺股期貨,外資及陸資,47661,102854810,46174,99666312,1487,,74099,160052654,29858,64394931,44241,95657723
2019/07/11,臺股期貨,投信,72,154960,578,1249959,-506,,3879,8388163,25781,55753991,-21902,-47365828
2019/07/11,臺股期貨,自營商,14286,30801015,14175,30561974,111,,10058,21497062,15252,32763774,-5194,-11266712
2019/07/12,臺股期貨,外資及陸資,45069,97165930,46918,101339098,-1849,,76445,164912379,34038,73421868,42407,91490511
2019/07/12,臺股期貨,投信,3730,8047939,3648,7811078,82,,3961,8545060,25781,55665078,-21820,-47120018
2019/07/12,臺股期貨,自營商,15291,33021349,14029,30172082,1262,,11185,23995549,14934,32013819,-3749,-8018270
2019/07/15,臺股期貨,外資及陸資,82548,177702141,83737,180720825,-1189,,73279,158083557,32076,69315920,41203,88767637
2019/07/15,臺股期貨,投信,16534,35771183,16470,35288886,64,,4034,8684650,25790,55492020,-21756,-46807370
2019/07/15,臺股期貨,自營商,22127,47732263,21277,45853766,850,,12130,26152281,15031,32308890,-2901,-6156609
2019/07/16,臺股期貨,外資及陸資,68274,147790418,73590,159452695,-5316,,70778,152418313,34917,75234251,35861,77184062
2019/07/16,臺股期貨,投信,10047,21801669,8246,17741389,1801,,4037,8661523,23992,51472437,-19955,-42810914
2019/07/16,臺股期貨,自營商,21088,45638880,20505,44431311,583,,10886,23462377,13508,29067162,-2622,-5604785
2019/07/17,臺股期貨,外資及陸資,53305,114539789,53051,114153447,254,,54137,115462060,21456,45755193,32681,69706867
2019/07/17,臺股期貨,投信,39,83211,46,98689,-7,,4044,8625852,24006,51204798,-19962,-42578946
2019/07/17,臺股期貨,自營商,20098,43376666,23849,51417559,-3751,,5897,12552735,11690,24907898,-5793,-12355163
2019/07/18,臺股期貨,外資及陸資,37191,79281906,31145,66396173,6046,,59237,126173056,20543,43748848,38694,82424208
2019/07/18,臺股期貨,投信,15,31992,697,1485017,-682,,3562,7587772,24206,51563621,-20644,-43975849
2019/07/18,臺股期貨,自營商,6657,14188770,7527,16041594,-870,,5907,12554632,12560,26726721,-6653,-14172089
2019/07/19,臺股期貨,外資及陸資,47037,101073993,44633,95919826,2404,,60918,130837659,19801,42520135,41117,88317524
2019/07/19,臺股期貨,投信,112,240673,2133,4580299,-2021,,3658,7857384,26323,56541804,-22665,-48684420
2019/07/19,臺股期貨,自營商,13727,29493293,13911,29903266,-184,,5835,12503474,12449,26711061,-6614,-14207587
2019/07/22,臺股期貨,外資及陸資,38613,83159506,34325,73918339,4288,,64924,140156580,19520,42131227,45404,98025353
2019/07/22,臺股期貨,投信,9,19430,921,1988141,-912,,3640,7858760,27217,58761503,-23577,-50902743
2019/07/22,臺股期貨,自營商,11358,24466087,9803,21119725,1555,,7442,16033088,12421,26786763,-4979,-10753675
2019/07/23,臺股期貨,外資及陸資,33513,72463555,34482,74560554,-969,,61878,133679635,17444,37677392,44434,96002243
2019/07/23,臺股期貨,投信,17,36734,34,73455,-17,,3623,7827854,27217,58805050,-23594,-50977196
2019/07/23,臺股期貨,自營商,9699,20969847,9591,20733625,108,,7731,16669268,12602,27197193,-4871,-10527925
2019/07/24,臺股期貨,外資及陸資,31633,68416782,31913,69022093,-280,,60605,130941737,16451,35535751,44154,95405986
2019/07/24,臺股期貨,投信,287,620205,10,21608,277,,3900,8427120,27217,58810494,-23317,-50383374
2019/07/24,臺股期貨,自營商,9530,20604481,9957,21530518,-427,,6369,13728612,11649,25141010,-5280,-11412398
2019/07/25,臺股期貨,外資及陸資,31756,68649236,32786,70876742,-1030,,59907,129648607,16783,36312729,43124,93335878
2019/07/25,臺股期貨,投信,16,34623,214,463191,-198,,3697,8001787,27212,58897653,-23515,-50895866
2019/07/25,臺股期貨,自營商,9039,19539606,6543,14137809,2496,,7762,16764780,10546,22794374,-2784,-6029594
2019/07/26,臺股期貨,外資及陸資,28983,62528224,31545,68054409,-2562,,57984,125091930,17432,37598852,40552,87493078
2019/07/26,臺股期貨,投信,35,75523,228,491891,-193,,3509,7571018,27217,58723399,-23708,-51152381
2019/07/26,臺股期貨,自營商,5932,12794103,6294,13571700,-362,,8522,18351212,11596,24986152,-3074,-6634940
2019/07/29,臺股期貨,外資及陸資,36071,77730266,36108,77798960,-37,,59916,129188975,19405,41832918,40511,87356057
2019/07/29,臺股期貨,投信,1,2153,10,21562,-9,,3500,7547400,27217,58690739,-23717,-51143339
2019/07/29,臺股期貨,自營商,8180,17619138,8237,17747003,-57,,8958,19280227,12089,26034556,-3131,-6754329
2019/07/30,臺股期貨,外資及陸資,35238,76016240,39270,84718381,-4032,,59016,126893381,22537,48451004,36479,78442377
2019/07/30,臺股期貨,投信,10,21626,9,19355,1,,3508,7543603,27224,58542490,-23716,-50998887
2019/07/30,臺股期貨,自營商,9690,20897457,11536,24871816,-1846,,7241,15535737,12194,26186397,-4953,-10650660
2019/07/31,臺股期貨,外資及陸資,48362,103642925,47434,101651336,928,,59409,127548255,22002,47230171,37407,80318084
2019/07/31,臺股期貨,投信,46,98745,24,51461,22,,3542,7605382,27236,58481139,-23694,-50875757
2019/07/31,臺股期貨,自營商,16893,36204241,15626,33484397,1267,,6074,13004168,9760,20918526,-3686,-7914358
2019/08/01,臺股期貨,外資及陸資,56549,120578747,61397,130928843,-4848,,57735,122891264,25172,53573672,32563,69317592
2019/08/01,臺股期貨,投信,300,638742,78,166015,222,,3512,7476346,26984,57443389,-23472,-49967043
2019/08/01,臺股期貨,自營商,12460,26567174,11651,24835192,809,,6731,14293024,9566,20324812,-2835,-6031788
2019/08/02,臺股期貨,外資及陸資,85042,179126585,88426,186231768,-3384,,60475,126607527,31296,65515466,29179,61092061
2019/08/02,臺股期貨,投信,4,8379,473,990885,-469,,3482,7290612,27423,57418133,-23941,-50127521
2019/08/02,臺股期貨,自營商,19845,41766531,19045,40083266,800,,7396,15453434,9442,19725992,-2046,-4272558
2019/08/05,臺股期貨,外資及陸資,81782,170306777,80609,167861619,1173,,62645,129984685,33491,69487151,29154,60497534
2019/08/05,臺股期貨,投信,1938,4023681,74,153896,1864,,3502,7267350,25579,53081385,-22077,-45814035
2019/08/05,臺股期貨,自營商,18185,37851951,19803,41210859,-1618,,8649,17909450,12082,25019015,-3433,-7109565
2019/08/06,臺股期貨,外資及陸資,108369,222384154,108559,222931481,-190,,59897,123716761,30913,63843721,28984,59873040
2019/08/06,臺股期貨,投信,345,712659,22,45291,323,,3497,7224103,25251,52163516,-21754,-44939413
2019/08/06,臺股期貨,自營商,28977,59466353,27579,56617001,1398,,9215,18987582,11268,23213541,-2053,-4225959
2019/08/07,臺股期貨,外資及陸資,69194,142981431,65146,134624212,4048,,62697,129713028,29641,61316407,33056,68396621
2019/08/07,臺股期貨,投信,525,1086708,80,165396,445,,3487,7215300,24796,51307883,-21309,-44092583
2019/08/07,臺股期貨,自營商,18039,37275434,17987,37160932,52,,8916,18397475,10917,22521218,-2001,-4123743
2019/08/08,臺股期貨,外資及陸資,84616,175643879,83308,172915247,1308,,62967,131403277,28604,59681440,34363,71721837
2019/08/08,臺股期貨,投信,179,373360,0,0,179,,3617,7549402,24747,51651938,-21130,-44102536
2019/08/08,臺股期貨,自營商,18735,38896243,18362,38132805,373,,9144,19020372,10772,22410485,-1628,-3390113
2019/08/12,臺股期貨,外資及陸資,44393,92720005,44825,93610364,-432,,63157,131837405,29226,60994946,33931,70842459
2019/08/12,臺股期貨,投信,96,200470,10,20878,86,,3703,7731123,24747,51666787,-21044,-43935664
2019/08/12,臺股期貨,自營商,11415,23827589,11635,24292684,-220,,9351,19452406,11176,23257323,-1825,-3804917
2019/08/13,臺股期貨,外資及陸資,56312,116822885,54160,112358824,2152,,63516,131367840,27454,56767674,36062,74600166
2019/08/13,臺股期貨,投信,109,225584,178,368273,-69,,3699,7651744,24812,51326103,-21113,-43674359
2019/08/13,臺股期貨,自營商,13607,28210103,15928,33023250,-2321,,8818,18169217,12938,26684239,-4120,-8515022
2019/08/14,臺股期貨,外資及陸資,71973,150184332,70593,147294786,1380,,63983,133432303,26541,55335046,37442,78097257
2019/08/14,臺股期貨,投信,41,85426,1438,2998863,-1397,,3681,7677755,26191,54629188,-22510,-46951433
2019/08/14,臺股期貨,自營商,21932,45776954,22333,46603374,-401,,8365,17373338,12839,26704891,-4474,-9331553
2019/08/15,臺股期貨,外資及陸資,78894,162683655,77025,158861913,1869,,69441,143009527,30149,62073111,39292,80936416
2019/08/15,臺股期貨,投信,84,172992,1125,2318290,-1041,,3718,7658722,27270,56175976,-23552,-48517254
2019/08/15,臺股期貨,自營商,16930,34898391,18947,39052963,-2017,,8053,16519798,14544,29878476,-6491,-13358678
2019/08/16,臺股期貨,外資及陸資,105813,218474240,105259,217354986,554,,67784,141031313,29142,60623462,38642,80407851
2019/08/16,臺股期貨,投信,6623,13752233,5829,12067545,794,,3759,7821082,26517,55182749,-22758,-47361667
2019/08/16,臺股期貨,自營商,23984,49592013,23105,47759175,879,,6156,12753322,11877,24630194,-5721,-11876872
2019/08/19,臺股期貨,外資及陸資,85239,178021174,85239,178139350,0,,68786,143891235,30144,63079560,38642,80811675
2019/08/19,臺股期貨,投信,16064,33648667,15996,33400744,68,,3793,7934927,26483,55362736,-22690,-47427809
2019/08/19,臺股期貨,自營商,17334,36191467,16661,34791333,673,,6761,14100885,11986,25015074,-5225,-10914189
2019/08/20,臺股期貨,外資及陸資,73159,153571968,70018,147015286,3141,,71840,150794918,30057,63087859,41783,87707059
2019/08/20,臺股期貨,投信,7873,16538792,7620,15969512,253,,3796,7960581,26233,55013897,-22437,-47053316
2019/08/20,臺股期貨,自營商,17552,36834449,20018,42032604,-2466,,6618,13849691,14407,30214161,-7789,-16364470
2019/08/21,臺股期貨,外資及陸資,56535,118674688,52850,111004505,3685,,62266,130622913,20044,42037595,42222,88585318
2019/08/21,臺股期貨,投信,451,949190,728,1526839,-277,,3793,7957714,26507,55611686,-22714,-47653972
2019/08/21,臺股期貨,自營商,18051,37945474,19940,41911961,-1889,,5485,11463523,10659,22315816,-5174,-10852293
2019/08/22,臺股期貨,外資及陸資,44782,94147660,49071,103186323,-4289,,60716,127201110,22783,47720643,37933,79480467
2019/08/22,臺股期貨,投信,1242,2602760,41,85945,1201,,3835,8035092,25348,53109130,-21513,-45074038
2019/08/22,臺股期貨,自營商,12398,26059261,11585,24348430,813,,6092,12719242,10399,21739623,-4307,-9020381
2019/08/23,臺股期貨,外資及陸資,42194,88425797,39973,83771104,2221,,62360,130907161,22206,46604564,40154,84302597
2019/08/23,臺股期貨,投信,164,344281,46,96488,118,,3998,8393401,25393,53310064,-21395,-44916663
2019/08/23,臺股期貨,自營商,7505,15730277,7691,16117804,-186,,6289,13156089,10759,22538384,-4470,-9382295
2019/08/26,臺股期貨,外資及陸資,82628,171411722,85157,176703947,-2529,,62664,129164078,25040,51604037,37624,77560041
2019/08/26,臺股期貨,投信,322,663986,346,714037,-24,,3984,8212618,25403,52365744,-21419,-44153126
2019/08/26,臺股期貨,自營商,16556,34296507,18368,38028800,-1812,,6037,12402064,12319,25342226,-6282,-12940162
2019/08/27,臺股期貨,外資及陸資,49137,101868407,45374,94065444,3763,,62138,128774801,20751,42993504,41387,85781297
2019/08/27,臺股期貨,投信,42,87056,16,33189,26,,4005,8300763,25398,52639895,-21393,-44339132
2019/08/27,臺股期貨,自營商,10892,22579818,10787,22357430,105,,6413,13245643,12590,26039094,-6177,-12793451
2019/08/28,臺股期貨,外資及陸資,46817,97402232,47325,98457789,-508,,62503,130141497,21630,45024982,40873,85116515
2019/08/28,臺股期貨,投信,325,676795,20,41641,305,,3992,8312941,25080,52226592,-21088,-43913651
2019/08/28,臺股期貨,自營商,12987,27019433,12685,26395008,302,,5617,11645636,11480,23848785,-5863,-12203149
2019/08/29,臺股期貨,外資及陸資,45575,94808076,41440,86201222,4135,,65750,137139578,20742,43249434,45008,93890144
2019/08/29,臺股期貨,投信,1,2086,3,6259,-2,,3989,8321054,25079,52314794,-21090,-43993740
2019/08/29,臺股期貨,自營商,7630,15872009,8159,16975233,-529,,5538,11500735,11932,24833837,-6394,-13333102
2019/08/30,臺股期貨,外資及陸資,44573,93897619,42897,90361283,1676,,68471,144827873,20787,43952984,47684,100874889
2019/08/30,臺股期貨,投信,914,1933583,0,0,914,,4021,8506023,24197,51186334,-20176,-42680311
2019/08/30,臺股期貨,自營商,10960,23082064,11217,23642160,-257,,6799,14321869,13146,27752170,-6347,-13430301
2019/09/02,臺股期貨,外資及陸資,31035,65735064,28984,61394690,2051,,69007,146320163,19272,40848099,49735,105472064
2019/09/02,臺股期貨,投信,124,262786,800,1696676,-676,,4035,8556621,24887,52775372,-20852,-44218751
2019/09/02,臺股期貨,自營商,8035,17015136,7349,15563377,686,,7095,14981886,12757,26993661,-5662,-12011775
2019/09/03,臺股期貨,外資及陸資,36672,77662896,39722,84133483,-3050,,67871,143097371,21187,44655459,46684,98441912
2019/09/03,臺股期貨,投信,0,0,212,447023,-212,,4030,8497658,25094,52913208,-21064,-44415550
2019/09/03,臺股期貨,自營商,10880,23039359,11263,23836508,-383,,7870,16531480,13922,29294443,-6052,-12762963
2019/09/04,臺股期貨,外資及陸資,43884,92986224,39481,83682049,4403,,72290,153874768,21203,45117324,51087,108757444
2019/09/04,臺股期貨,投信,442,941188,21,44646,421,,4030,8579064,24673,52523882,-20643,-43944818
2019/09/04,臺股期貨,自營商,13521,28690440,14523,30805977,-1002,,8582,18198690,15617,33183157,-7035,-14984467
2019/09/05,臺股期貨,外資及陸資,42733,91661664,43826,94008846,-1093,,69932,150114449,19938,42785493,49994,107328956
2019/09/05,臺股期貨,投信,39,83737,787,1689471,-748,,3652,7840114,25043,53762312,-21391,-45922198
2019/09/05,臺股期貨,自營商,11984,25694517,10088,21631075,1896,,8908,19044213,14026,30042306,-5118,-10998093
2019/09/06,臺股期貨,外資及陸資,35164,75717581,33161,71409876,2003,,71497,153945936,18747,40352733,52750,113593203
2019/09/06,臺股期貨,投信,282,607350,4,8614,278,,3652,7864217,24765,53328951,-21113,-45464734
2019/09/06,臺股期貨,自營商,8830,19008560,8311,17890578,519,,9117,19550540,13651,29325666,-4534,-9775126
2019/09/09,臺股期貨,外資及陸資,33746,72836361,32311,69744357,1435,,72814,157158019,18629,40196212,54185,116961807
2019/09/09,臺股期貨,投信,3,6476,737,1590912,-734,,3616,7805498,25463,54964432,-21847,-47158934
2019/09/09,臺股期貨,自營商,8270,17850024,8282,17875642,-12,,9324,20047045,13927,29992279,-4603,-9945234
2019/09/10,臺股期貨,外資及陸資,30266,65140691,32545,70044687,-2279,,70957,152425138,19050,40911782,51907,111513356
2019/09/10,臺股期貨,投信,0,0,1012,2174146,-1012,,3611,7757872,26470,56868148,-22859,-49110276
2019/09/10,臺股期貨,自營商,10031,21579859,9857,21205608,174,,9625,20603800,14118,30261869,-4493,-9658069
2019/09/11,臺股期貨,外資及陸資,45073,97076779,45945,98959054,-872,,69912,150614739,18859,40612367,51053,110002372
2019/09/11,臺股期貨,投信,12,25855,57,122621,-45,,3606,7770146,26510,57123540,-22904,-49353394
2019/09/11,臺股期貨,自營商,16133,34746386,14246,30682072,1887,,10074,21629428,12721,27341187,-2647,-5711759
2019/09/12,臺股期貨,外資及陸資,53412,115581374,53583,115975383,-171,,82689,178922163,31806,68795803,50883,110126360
2019/09/12,臺股期貨,投信,2603,5636078,5016,10845602,-2413,,3600,7793175,28917,62586822,-25317,-54793647
2019/09/12,臺股期貨,自營商,18977,41066073,17624,38136612,1353,,10938,23594809,12255,26452943,-1317,-2858134
2019/09/16,臺股期貨,外資及陸資,85955,186349766,77229,167552481,8726,,100413,218162434,40804,88639122,59609,129523312
2019/09/16,臺股期貨,投信,16582,36049043,17975,38982579,-1393,,3577,7770711,30287,65760216,-26710,-57989505
2019/09/16,臺股期貨,自營商,18023,39075696,18503,40121389,-480,,10738,23255608,12602,27326890,-1864,-4071282
2019/09/17,臺股期貨,外資及陸資,66647,144780259,71687,155863925,-5040,,99984,216952265,45415,98569522,54569,118382743
2019/09/17,臺股期貨,投信,12976,28200128,12978,28152913,-2,,3639,7891097,30351,65815013,-26712,-57923916
2019/09/17,臺股期貨,自營商,17222,37452259,16804,36494016,418,,14451,31318636,16525,35800887,-2074,-4482251
2019/09/18,臺股期貨,外資及陸資,49170,107160929,45472,99124011,3698,,70374,153322938,18413,40114068,51961,113208870
2019/09/18,臺股期貨,投信,652,1421955,610,1328165,42,,3799,8277261,30469,66385857,-26670,-58108596
2019/09/18,臺股期貨,自營商,18518,40382918,20744,45257571,-2226,,6559,14239998,12387,26942662,-5828,-12702664
2019/09/19,臺股期貨,外資及陸資,37273,81169524,41583,90535593,-4310,,69819,151737181,22136,48106206,47683,103630975
2019/09/19,臺股期貨,投信,1048,2278312,721,1567233,327,,3801,8261093,30144,65514970,-26343,-57253877
2019/09/19,臺股期貨,自營商,8862,19294147,7876,17144971,986,,7043,15257169,11972,25971349,-4929,-10714180
2019/09/20,臺股期貨,外資及陸資,33212,72373654,30091,65572131,3121,,72434,157883685,21630,47144306,50804,110739379
2019/09/20,臺股期貨,投信,5,10900,0,0,5,,3801,8285420,30139,65696992,-26338,-57411572
2019/09/20,臺股期貨,自營商,6018,13112831,5710,12440315,308,,7144,15519696,11756,25575077,-4612,-10055381
2019/09/23,臺股期貨,外資及陸資,34352,74853061,35317,76945773,-965,,71438,155612103,21599,47045113,49839,108566990
2019/09/23,臺股期貨,投信,0,0,717,1561730,-717,,3789,8253958,30844,67190570,-27055,-58936612
2019/09/23,臺股期貨,自營商,8776,19121760,7962,17348867,814,,7346,15946706,10914,23722289,-3568,-7775583
2019/09/24,臺股期貨,外資及陸資,38824,84591323,38319,83472231,505,,72989,159179796,22652,49389121,50337,109790675
2019/09/24,臺股期貨,投信,0,0,812,1770668,-812,,3786,8257266,31653,69035193,-27867,-60777927
2019/09/24,臺股期貨,自營商,11900,25917337,12428,27079391,-528,,8761,19043113,12331,26840315,-3570,-7797202
2019/09/25,臺股期貨,外資及陸資,44637,96836265,46651,101204701,-2014,,72693,157604529,24372,52827554,48321,104776975
2019/09/25,臺股期貨,投信,0,0,802,1739160,-802,,3365,7295993,32034,69456119,-28669,-62160126
2019/09/25,臺股期貨,自營商,12355,26793760,13062,28325718,-707,,8534,18438986,12670,27415227,-4136,-8976241
2019/09/26,臺股期貨,外資及陸資,44269,96077088,42742,92776041,1527,,73175,158677277,23327,50570347,49848,108106930
2019/09/26,臺股期貨,投信,9,19547,243,526943,-234,,3126,6779044,32029,69458089,-28903,-62679045
2019/09/26,臺股期貨,自營商,9242,20066353,8476,18391135,766,,8899,19229615,12274,26556740,-3375,-7327125
2019/09/27,臺股期貨,外資及陸資,47975,104114346,45267,98215649,2708,,74815,161934601,22244,48130931,52571,113803670
2019/09/27,臺股期貨,投信,907,1963802,141,305381,766,,3125,6764375,31262,67669725,-28137,-60905350
2019/09/27,臺股期貨,自營商,9428,20457119,9686,21020852,-258,,9334,20134996,12947,27965936,-3613,-7830940
2019/10/01,臺股期貨,外資及陸資,50162,109288183,45531,99175832,4631,,79330,173769862,22148,48498511,57182,125271351
2019/10/01,臺股期貨,投信,693,1518417,6,13144,687,,3163,6928868,30613,67060838,-27450,-60131970
2019/10/01,臺股期貨,自營商,15233,33212805,16504,35989055,-1271,,11070,24171989,15822,34600606,-4752,-10428617
2019/10/02,臺股期貨,外資及陸資,36805,80474374,39822,87071260,-3017,,77899,170168386,23730,51822434,54169,118345952
2019/10/02,臺股期貨,投信,1553,3393160,31,67771,1522,,3151,6883675,29079,63525983,-25928,-56642308
2019/10/02,臺股期貨,自營商,9226,20169091,8964,19596458,262,,10494,22848963,14984,32675247,-4490,-9826284
2019/10/03,臺股期貨,外資及陸資,51336,111322394,51068,110755061,268,,78627,170595317,24180,52448057,54447,118147260
2019/10/03,臺股期貨,投信,1436,3116532,78,168982,1358,,3153,6841379,27723,60153365,-24570,-53311986
2019/10/03,臺股期貨,自營商,11925,25844699,12538,27177025,-613,,10227,22116230,15306,33151631,-5079,-11035401
2019/10/04,臺股期貨,外資及陸資,55769,121203335,55088,119722270,681,,78592,170958479,23466,51026267,55126,119932212
2019/10/04,臺股期貨,投信,14,30489,701,1524824,-687,,3152,6856861,28409,61800939,-25257,-54944078
2019/10/04,臺股期貨,自營商,12802,27822732,11628,25267824,1174,,11626,25210912,15531,33725553,-3905,-8514641
2019/10/07,臺股期貨,外資及陸資,35235,76824189,36496,79568760,-1261,,77296,168709779,23431,51119330,53865,117590449
2019/10/07,臺股期貨,投信,35,76408,1,2184,34,,3172,6923842,28395,61980606,-25223,-55056764
2019/10/07,臺股期貨,自營商,12240,26691395,10764,23474223,1476,,13155,28622618,15582,33946353,-2427,-5323735
2019/10/08,臺股期貨,外資及陸資,45968,100971010,40068,88032657,5900,,84907,186766310,25142,55285852,59765,131480458
2019/10/08,臺股期貨,投信,407,895310,355,780954,52,,3134,6894800,28305,62271000,-25171,-55376200
2019/10/08,臺股期貨,自營商,15709,34508442,18204,39996812,-2495,,12806,28080489,17682,38829500,-4876,-10749011
2019/10/09,臺股期貨,外資及陸資,53964,118078144,61034,133582613,-7070,,79820,173684623,27245,59271538,52575,114413085
2019/10/09,臺股期貨,投信,3672,8023317,4949,10790464,-1277,,3098,6743064,29546,64296626,-26448,-57553562
2019/10/09,臺股期貨,自營商,18901,41347514,17400,38042894,1501,,10416,22589296,13888,30152128,-3472,-7562832
2019/10/14,臺股期貨,外資及陸資,93274,205945319,87886,194122799,5388,,89378,197789729,31397,69472893,57981,128316836
2019/10/14,臺股期貨,投信,16795,37194447,16485,36451368,310,,3133,6932246,29271,64761126,-26138,-57828880
2019/10/14,臺股期貨,自營商,21966,48461941,23415,51669286,-1449,,10241,22599527,15202,33586505,-4961,-10986978
2019/10/15,臺股期貨,外資及陸資,80937,179505759,81380,180564265,-443,,91949,203960086,34412,76325591,57537,127634495
2019/10/15,臺股期貨,投信,12107,26889955,12523,27764225,-416,,3135,6951673,29688,65830635,-26553,-58878962
2019/10/15,臺股期貨,自營商,24543,54454326,23047,51131345,1496,,11328,25074897,15259,33805290,-3931,-8730393
2019/10/16,臺股期貨,外資及陸資,55293,123107742,52867,117746338,2426,,77781,173148636,22702,50536303,55079,122612333
2019/10/16,臺股期貨,投信,159,354346,134,298278,25,,3129,6965780,29657,66022413,-26528,-59056633
2019/10/16,臺股期貨,自營商,19670,43815040,21669,48268939,-1999,,9622,21363884,11913,26466166,-2291,-5102282
2019/10/17,臺股期貨,外資及陸資,29758,66313083,27088,60362712,2670,,80118,178784095,22366,49909359,57752,128874736
2019/10/17,臺股期貨,投信,207,461980,322,718374,-115,,3085,6884486,29728,66341005,-26643,-59456519
2019/10/17,臺股期貨,自營商,5834,13000615,5185,11551032,649,,9760,21721419,11399,25380624,-1639,-3659205
2019/10/18,臺股期貨,外資及陸資,47635,106477460,51184,114406914,-3549,,77729,173312586,23526,52455423,54203,120857163
2019/10/18,臺股期貨,投信,6,13380,0,0,6,,3091,6892312,29728,66287494,-26637,-59395182
2019/10/18,臺股期貨,自營商,13142,29371751,13650,30505845,-508,,10575,23520791,12700,28256775,-2125,-4735984
2019/10/21,臺股期貨,外資及陸資,28410,63361389,30817,68727815,-2407,,75968,169507270,24172,53934223,51796,115573047
2019/10/21,臺股期貨,投信,800,1785378,127,283408,673,,3067,6843704,29031,64779773,-25964,-57936069
2019/10/21,臺股期貨,自營商,6687,14913222,5645,12588900,1042,,10649,23700638,11712,26071409,-1063,-2370771
2019/10/22,臺股期貨,外資及陸資,34157,76604979,32493,72863483,1664,,76177,171237578,22717,51064320,53460,120173258
2019/10/22,臺股期貨,投信,54,121398,411,923851,-357,,2683,6031384,29004,65200992,-26321,-59169608
2019/10/22,臺股期貨,自營商,12143,27237431,10827,24287799,1316,,11694,26222538,11439,25649787,255,572751
2019/10/23,臺股期貨,外資及陸資,33285,74715486,33275,74699710,10,,76164,170599087,22693,50828739,53471,119770348
2019/10/23,臺股期貨,投信,2,4482,483,1082292,-481,,2668,5976320,29470,66012800,-26802,-60036480
2019/10/23,臺股期貨,自營商,11474,25742262,12080,27094687,-606,,10958,24482262,11262,25163980,-304,-681718
2019/10/24,臺股期貨,外資及陸資,31283,70315755,28354,63740534,2929,,78426,177045790,20826,47012856,57600,130032934
2019/10/24,臺股期貨,投信,235,530250,4,9030,231,,2677,6043595,29248,66030285,-26571,-59986690
2019/10/24,臺股期貨,自營商,8663,19472039,7695,17300947,968,,11156,25116178,10467,23567826,689,1548352
2019/10/25,臺股期貨,外資及陸資,28950,65381174,31249,70579156,-2299,,77140,174065859,21839,49278252,55301,124787607
2019/10/25,臺股期貨,投信,72,162441,1,2257,71,,2680,6047688,29180,65847588,-26500,-59799900
2019/10/25,臺股期貨,自營商,7606,17173670,7591,17134191,15,,10734,24154847,10029,22567090,705,1587757
2019/10/28,臺股期貨,外資及陸資,25445,57561336,22841,51669901,2604,,77559,175445459,19654,44457288,57905,130988171
2019/10/28,臺股期貨,投信,321,726219,55,124431,266,,2631,5951848,28865,65298403,-26234,-59346555
2019/10/28,臺股期貨,自營商,5188,11731536,5997,13563096,-809,,10582,23869996,10686,24109391,-104,-239395
2019/10/29,臺股期貨,外資及陸資,33130,75105552,33261,75399813,-131,,77651,175868688,19876,45011304,57775,130857384
2019/10/29,臺股期貨,投信,8,18122,14,31726,-6,,2625,5945625,28865,65379225,-26240,-59433600
2019/10/29,臺股期貨,自營商,8396,19029616,9750,22096350,-1354,,10453,23605871,11911,26914548,-1458,-3308677
2019/10/30,臺股期貨,外資及陸資,28865,65353856,28147,63727861,718,,78008,176880219,19515,44244625,58493,132635594
2019/10/30,臺股期貨,投信,5,11340,0,0,5,,2625,5952450,28860,65442936,-26235,-59490486
2019/10/30,臺股期貨,自營商,7922,17933945,7570,17137114,352,,10732,24264494,11811,26718969,-1079,-2454475
2019/10/31,臺股期貨,外資及陸資,35947,81670810,35490,80634868,457,,78759,178677636,19809,44934133,58950,133743503
2019/10/31,臺股期貨,投信,230,521826,66,149736,164,,2648,6007782,28719,65157667,-26071,-59149885
2019/10/31,臺股期貨,自營商,8627,19595154,7898,17940346,729,,11161,25248229,11340,25664748,-179,-416519
2019/11/01,臺股期貨,外資及陸資,32224,73054384,31992,72537290,232,,78899,179421341,19717,44831615,59182,134589726
2019/11/01,臺股期貨,投信,243,552632,179,405525,64,,2637,5997065,28644,65142185,-26007,-59145120
2019/11/01,臺股期貨,自營商,6734,15271443,6291,14258677,443,,11722,26582790,11403,25866162,319,716628
2019/11/04,臺股期貨,外資及陸資,43902,100709083,41168,94502796,2734,,83811,193457101,21895,50531964,61916,142925137
2019/11/04,臺股期貨,投信,1140,2629818,9,20776,1131,,2631,6073400,27507,63497159,-24876,-57423759
2019/11/04,臺股期貨,自營商,13416,30780615,14927,34259544,-1511,,12149,27958081,13339,30717022,-1190,-2758941
2019/11/05,臺股期貨,外資及陸資,42419,98407604,47131,109358582,-4712,,81238,189191838,24034,55965713,57204,133226125
2019/11/05,臺股期貨,投信,1737,4044961,8,18635,1729,,2633,6132257,25780,60041620,-23147,-53909363
2019/11/05,臺股期貨,自營商,13022,30199296,12648,29333501,374,,12838,29814061,13688,31803889,-850,-1989828
2019/11/06,臺股期貨,外資及陸資,43252,100685738,44762,104215931,-1510,,79351,184876919,23657,55113689,55694,129763230
2019/11/06,臺股期貨,投信,916,2134358,103,239979,813,,2535,5906550,24869,57944770,-22334,-52038220
2019/11/06,臺股期貨,自營商,13628,31726370,13232,30794315,396,,12191,28323455,12661,29425676,-470,-1102221
2019/11/07,臺股期貨,外資及陸資,39140,90848631,41607,96573829,-2467,,76762,178015747,23535,54575504,53227,123440243
2019/11/07,臺股期貨,投信,700,1623929,392,909314,308,,2166,5023387,24192,56106086,-22026,-51082699
2019/11/07,臺股期貨,自營商,9057,21012867,9929,23029741,-872,,11524,26647838,12878,29791618,-1354,-3143780
2019/11/08,臺股期貨,外資及陸資,46386,107671023,47507,110278089,-1121,,75211,174057586,23105,53467650,52106,120589936
2019/11/08,臺股期貨,投信,61,141333,335,776871,-274,,1831,4237666,24131,55848786,-22300,-51611120
2019/11/08,臺股期貨,自營商,10044,23309279,9236,21428297,808,,12163,28072941,12720,29361301,-557,-1288360
2019/11/11,臺股期貨,外資及陸資,50756,116705332,50599,116372193,157,,77409,177053326,25146,57512425,52263,119540901
2019/11/11,臺股期貨,投信,26,59690,682,1560432,-656,,1809,4137907,24765,56647461,-22956,-52509554
2019/11/11,臺股期貨,自營商,13180,30284892,15939,36622978,-2759,,11963,27292499,15159,34601285,-3196,-7308786
2019/11/12,臺股期貨,外資及陸資,37393,85862288,39494,90712449,-2101,,76769,176919787,26608,61314997,50161,115604790
2019/11/12,臺股期貨,投信,1627,3750162,6,13807,1621,,1808,4167078,23143,53339986,-21335,-49172908
2019/11/12,臺股期貨,自營商,11266,25877303,9006,20683325,2260,,12992,29863441,13901,31963155,-909,-2099714
2019/11/13,臺股期貨,外資及陸資,45683,104766718,45916,105290859,-233,,75784,173769876,25856,59279303,49928,114490573
2019/11/13,臺股期貨,投信,0,0,18,41276,-18,,1807,4143812,23160,53110512,-21353,-48966700
2019/11/13,臺股期貨,自營商,12607,28904245,12523,28709508,84,,11962,27350436,12800,29276238,-838,-1925802
2019/11/14,臺股期貨,外資及陸資,53337,122213199,54789,125541999,-1452,,77743,178099029,29267,67039286,48476,111059743
2019/11/14,臺股期貨,投信,894,2048401,0,0,894,,1807,4140198,22266,51015859,-20459,-46875661
2019/11/14,臺股期貨,自營商,12961,29688329,13293,30446693,-332,,11311,25838855,12453,28454139,-1142,-2615284
2019/11/15,臺股期貨,外資及陸資,56966,131231037,60118,138530889,-3152,,78015,179884805,32691,75378010,45324,104506795
2019/11/15,臺股期貨,投信,4452,10266090,4012,9239834,440,,1825,4209146,21844,50369802,-20019,-46160656
2019/11/15,臺股期貨,自營商,14678,33826426,13663,31472952,1015,,11429,26286237,12040,27688410,-611,-1402173
2019/11/18,臺股期貨,外資及陸資,79261,183145852,78787,182086731,474,,79201,183558689,33403,77421402,45798,106137287
2019/11/18,臺股期貨,投信,12579,29089897,12756,29481083,-177,,1632,3782750,21828,50583722,-20196,-46800972
2019/11/18,臺股期貨,自營商,16968,39203951,16395,37875544,573,,13238,30628833,12651,29256912,587,1371921
2019/11/19,臺股期貨,外資及陸資,66699,155022224,67867,157747698,-1168,,79979,186219791,35345,82301331,44634,103918460
2019/11/19,臺股期貨,投信,6771,15756604,6430,14956510,341,,1646,3832239,21501,50058727,-19855,-46226488
2019/11/19,臺股期貨,自營商,17821,41400565,17076,39678646,745,,13974,32485767,12596,29265605,1378,3220162
2019/11/20,臺股期貨,外資及陸資,49945,116029499,53477,124245742,-3532,,60595,140562496,19627,45529620,40968,95032876
2019/11/20,臺股期貨,投信,158,366811,159,368932,-1,,1648,3823030,21504,49884979,-19856,-46061949
2019/11/20,臺股期貨,自營商,21403,49719327,19003,44148298,2400,,10430,24143638,8643,19987092,1787,4156546
2019/11/21,臺股期貨,外資及陸資,64412,148346054,62618,144200534,1794,,62946,145336219,20185,46606123,42761,98730096
2019/11/21,臺股期貨,投信,301,695120,94,216825,207,,1582,3652838,21231,49022379,-19649,-45369541
2019/11/21,臺股期貨,自營商,12234,28161282,13621,31354200,-1387,,10529,24259774,10108,23272129,421,987645
2019/11/22,臺股期貨,外資及陸資,38742,89521910,40357,93252492,-1615,,61995,143251901,20841,48158365,41154,95093536
2019/11/22,臺股期貨,投信,20,46228,2,4621,18,,1595,3685726,21226,49049041,-19631,-45363315
2019/11/22,臺股期貨,自營商,6799,15700039,7349,16972585,-550,,10687,24640007,10786,24854335,-99,-214328
2019/11/25,臺股期貨,外資及陸資,37109,85983755,36831,85340270,278,,61675,142659740,20243,46825088,41432,95834652
2019/11/25,臺股期貨,投信,723,1672847,4,9253,719,,1610,3724252,20522,47471490,-18912,-43747238
2019/11/25,臺股期貨,自營商,8207,19017232,8785,20352687,-578,,10717,24734848,11344,26170849,-627,-1436001
2019/11/26,臺股期貨,外資及陸資,46323,107689111,43063,100103002,3260,,65253,151612494,19559,45445171,45694,106167323
2019/11/26,臺股期貨,投信,239,555154,67,155603,172,,1551,3603904,20291,47148168,-18740,-43544264
2019/11/26,臺股期貨,自營商,11519,26772231,12582,29242661,-1063,,10762,24946112,12516,29009411,-1754,-4063299
2019/11/27,臺股期貨,外資及陸資,30638,71214740,29146,67749826,1492,,66177,154143300,18980,44209968,47197,109933332
2019/11/27,臺股期貨,投信,4,9319,0,0,4,,1555,3622217,20291,47265855,-18736,-43643638
2019/11/27,臺股期貨,自營商,8856,20589264,7396,17192608,1460,,10587,24603196,10907,25337900,-320,-734704
2019/11/28,臺股期貨,外資及陸資,35559,82750093,41043,95517832,-5484,,62947,146190765,21234,49316161,41713,96874604
2019/11/28,臺股期貨,投信,0,0,214,497060,-214,,1541,3579127,20491,47592397,-18950,-44013270
2019/11/28,臺股期貨,自營商,8160,18986749,7379,17164299,781,,10628,24646785,10193,23624005,435,1022780
2019/11/29,臺股期貨,外資及陸資,46481,107196494,52349,120765688,-5868,,61938,142000839,26095,59828533,35843,82172306
2019/11/29,臺股期貨,投信,28,64204,668,1532495,-640,,1546,3544669,21136,48460621,-19590,-44915952
2019/11/29,臺股期貨,自營商,13219,30471213,14381,33163091,-1162,,10913,24990093,11697,26769475,-784,-1779382
2019/12/02,臺股期貨,外資及陸資,46958,107937286,40213,92428366,6745,,64845,149157848,22957,52808113,41888,96349735
2019/12/02,臺股期貨,投信,8,18402,206,473975,-198,,1548,3561019,21336,49081334,-19788,-45520315
2019/12/02,臺股期貨,自營商,10832,24890231,11684,26852206,-852,,10854,24934653,12499,28703856,-1645,-3769203
2019/12/03,臺股期貨,外資及陸資,50701,116508529,45945,105610782,4756,,68071,156864547,21427,49378390,46644,107486157
2019/12/03,臺股期貨,投信,4,9218,4,9218,0,,1544,3558302,21332,49161727,-19788,-45603425
2019/12/03,臺股期貨,自營商,12055,27705401,12475,28666200,-420,,10480,24114490,12697,29210485,-2217,-5095995
2019/12/04,臺股期貨,外資及陸資,61469,141139154,63161,145012617,-1692,,66475,152907975,21523,49509017,44952,103398958
2019/12/04,臺股期貨,投信,0,0,88,201963,-88,,1543,3549517,21419,49272268,-19876,-45722751
2019/12/04,臺股期貨,自營商,14647,33626581,14521,33339174,126,,9885,22700144,11973,27490236,-2088,-4790092
2019/12/05,臺股期貨,外資及陸資,47958,111024844,44170,102258257,3788,,70779,164167421,22039,51119088,48740,113048333
2019/12/05,臺股期貨,投信,365,846456,0,0,365,,1565,3630174,21076,48887890,-19511,-45257716
2019/12/05,臺股期貨,自營商,12201,28235195,12399,28715810,-198,,10359,23980781,12640,29266607,-2281,-5285826
2019/12/06,臺股期貨,外資及陸資,41079,95512698,39765,92453930,1314,,70853,164523149,20799,48296941,50054,116226208
2019/12/06,臺股期貨,投信,11,25544,0,0,11,,1565,3634243,21065,48917143,-19500,-45282900
2019/12/06,臺股期貨,自營商,8451,19640785,9014,20948569,-563,,10566,24487199,13408,31084047,-2842,-6596848
2019/12/09,臺股期貨,外資及陸資,36794,85829497,36281,84637085,513,,73475,171487580,21708,50663275,51767,120824305
2019/12/09,臺股期貨,投信,337,786702,11,25676,326,,1574,3674031,20748,48429982,-19174,-44755951
2019/12/09,臺股期貨,自營商,9276,21626354,9302,21696911,-26,,10884,25354316,13745,32033522,-2861,-6679206
2019/12/10,臺股期貨,外資及陸資,28877,67209548,37343,86896552,-8466,,68175,158476220,24905,57887848,43270,100588372
2019/12/10,臺股期貨,投信,11,25576,222,516131,-211,,1577,3666210,20962,48732458,-19385,-45066248
2019/12/10,臺股期貨,自營商,10136,23582691,7366,17145050,2770,,11153,25878318,11249,26104235,-96,-225917
2019/12/11,臺股期貨,外資及陸資,51584,120022240,45507,105897169,6077,,70860,165846548,21499,50306549,49361,115539999
2019/12/11,臺股期貨,投信,232,542908,27,62910,205,,1563,3658670,20743,48555214,-19180,-44896544
2019/12/11,臺股期貨,自營商,15071,35062902,15053,35021991,18,,11966,27946782,12086,28240762,-120,-293980
2019/12/12,臺股期貨,外資及陸資,65225,154143737,63124,149234866,2101,,71563,169588959,20101,47622567,51462,121966392
2019/12/12,臺股期貨,投信,677,1603899,650,1542802,27,,1619,3837349,20772,49233794,-19153,-45396445
2019/12/12,臺股期貨,自營商,16606,39223378,17211,40660197,-605,,11783,27869984,12477,29521982,-694,-1651998
2019/12/13,臺股期貨,外資及陸資,79890,190730876,82456,196904928,-2566,,79657,190512961,30754,73537945,48903,116975016
2019/12/13,臺股期貨,投信,2746,6567184,3433,8193334,-687,,1661,3973867,21501,51428333,-19840,-47454466
2019/12/13,臺股期貨,自營商,19238,45928107,18094,43188417,1144,,12632,30164930,12116,28935981,516,1228949
2019/12/16,臺股期貨,外資及陸資,90350,215903048,89591,214140850,759,,88942,212626431,39274,93898300,49668,118728131
2019/12/16,臺股期貨,投信,13732,32858424,15413,36834058,-1681,,1679,4014584,23200,55441904,-21521,-51427320
2019/12/16,臺股期貨,自營商,16279,38888028,14270,34085003,2009,,13652,32611020,11591,27675282,2061,4935738
2019/12/17,臺股期貨,外資及陸資,76561,184019106,81180,195147043,-4619,,84836,205188557,39792,96254124,45044,108934433
2019/12/17,臺股期貨,投信,5545,13356076,6603,15904420,-1058,,1690,4087288,24269,58687550,-22579,-54600262
2019/12/17,臺股期貨,自營商,21163,50905704,19173,46131567,1990,,16962,41005683,12381,29913659,4581,11092024
2019/12/18,臺股期貨,外資及陸資,42410,102468753,45132,109058706,-2722,,62392,150936847,18484,44711919,43908,106224928
2019/12/18,臺股期貨,投信,506,1222697,831,2010010,-325,,1706,4127155,24605,59524416,-22899,-55397261
2019/12/18,臺股期貨,自營商,21276,51409028,17903,43281861,3373,,8789,21231701,7022,16957462,1767,4274239
2019/12/19,臺股期貨,外資及陸資,36600,88250681,38021,91708693,-1421,,62709,150888149,20222,48653951,42487,102234198
2019/12/19,臺股期貨,投信,18,43357,614,1477597,-596,,1723,4145883,25218,60679552,-23495,-56533669
2019/12/19,臺股期貨,自營商,8196,19754665,8288,19969660,-92,,9273,22283086,7604,18262407,1669,4020679
2019/12/20,臺股期貨,外資及陸資,51223,123053233,52712,126631204,-1489,,61926,148359813,20923,50121653,41003,98238160
2019/12/20,臺股期貨,投信,160,383363,44,105460,116,,1840,4408272,25219,60419680,-23379,-56011408
2019/12/20,臺股期貨,自營商,10475,25156248,11601,27856018,-1126,,8621,20624117,8042,19229439,579,1394678
2019/12/23,臺股期貨,外資及陸資,33242,79773421,33577,80576712,-335,,62012,149073961,21344,51304903,40668,97769058
2019/12/23,臺股期貨,投信,0,0,9,21635,-9,,1833,4406532,25221,60631284,-23388,-56224752
2019/12/23,臺股期貨,自營商,6806,16332126,6834,16396971,-28,,8225,19739501,7614,18263223,611,1476278
2019/12/24,臺股期貨,外資及陸資,21012,50486307,24587,59081204,-3575,,59344,142221511,22251,53321419,37093,88900092
2019/12/24,臺股期貨,投信,52,125066,163,390656,-111,,1722,4126945,25221,60444649,-23499,-56317704
2019/12/24,臺股期貨,自營商,5327,12795557,5304,12736079,23,,8778,21008184,8144,19479142,634,1529042
2019/12/25,臺股期貨,外資及陸資,13343,32011597,13252,31795731,91,,59478,142970593,22294,53584903,37184,89385690
2019/12/25,臺股期貨,投信,6,14423,41,98410,-35,,1683,4045595,25217,60616625,-23534,-56571030
2019/12/25,臺股期貨,自營商,6563,15749909,5198,12470930,1365,,9065,21763671,7103,17038517,1962,4725154
2019/12/26,臺股期貨,外資及陸資,15924,38252170,18249,43839962,-2325,,59494,142866183,24635,59152911,34859,83713272
2019/12/26,臺股期貨,投信,0,0,507,1217331,-507,,1678,4029549,25719,61761607,-24041,-57732058
2019/12/26,臺股期貨,自營商,4473,10744692,3647,8757160,826,,9749,23383547,6955,16664574,2794,6718973
2019/12/27,臺股期貨,外資及陸資,30986,74847789,27405,66211956,3581,,62944,152283863,24501,59272126,38443,93011737
2019/12/27,臺股期貨,投信,33,79842,0,0,33,,1691,4091205,25699,62176161,-24008,-58084956
2019/12/27,臺股期貨,自營商,6906,16674295,7888,19045795,-982,,9353,22595198,7571,18277867,1782,4317331
2019/12/30,臺股期貨,外資及陸資,26402,63854425,26692,64561454,-290,,62439,150712484,24281,58604075,38158,92108409
2019/12/30,臺股期貨,投信,16,38719,207,499643,-191,,1687,4072081,25886,62483627,-24199,-58411546
2019/12/30,臺股期貨,自營商,6304,15245423,6923,16735242,-619,,9464,22812008,8301,19997028,1163,2814980
2019/12/31,臺股期貨,外資及陸資,29046,69874345,30294,72874887,-1248,,62273,149377640,25363,60835433,36910,88542207
2019/12/31,臺股期貨,投信,0,0,446,1070106,-446,,1657,3974812,26302,63093238,-24645,-59118426
2019/12/31,臺股期貨,自營商,7720,18560859,8410,20216595,-690,,9957,23852947,9485,22710481,472,1142466
2020/01/02,臺股期貨,外資及陸資,39566,95425359,41019,98941313,-1453,,60992,147609850,25535,61794190,35457,85815660
2020/01/02,臺股期貨,投信,1647,3986158,0,0,1647,,1670,4041734,24668,59701494,-22998,-55659760
2020/01/02,臺股期貨,自營商,14600,35224864,12866,31045880,1734,,10502,25378624,8518,20572664,1984,4805960
2020/01/03,臺股期貨,外資及陸資,72436,175204591,73270,177245969,-834,,60907,147233626,26284,63533909,34623,83699717
2020/01/03,臺股期貨,投信,40,97045,60,144955,-20,,1637,3957284,24655,59600997,-23018,-55643713
2020/01/03,臺股期貨,自營商,24255,58633428,23197,56074200,1058,,10829,26137445,7804,18819428,3025,7318017
2020/01/06,臺股期貨,外資及陸資,55498,133244260,57945,139121985,-2447,,59175,141413586,26999,64517301,32176,76896285
2020/01/06,臺股期貨,投信,20,47933,251,600109,-231,,1614,3857137,24863,59417597,-23249,-55560460
2020/01/06,臺股期貨,自營商,12567,30146441,14843,35614686,-2276,,10421,24864273,9672,23066327,749,1797946
2020/01/07,臺股期貨,外資及陸資,68172,162288320,71097,169272453,-2925,,56006,132966631,26743,63488351,29263,69478280
2020/01/07,臺股期貨,投信,515,1224029,344,816901,171,,1598,3793972,24676,58585759,-23078,-54791787
2020/01/07,臺股期貨,自營商,22136,52669702,22295,53059802,-159,,10449,24765906,9905,23465012,544,1300894
2020/01/08,臺股期貨,外資及陸資,81956,193837117,75697,179082999,6259,,60742,143201510,25196,59392760,35546,83808750
2020/01/08,臺股期貨,投信,0,0,325,766802,-325,,1591,3750942,24994,58925854,-23403,-55174912
2020/01/08,臺股期貨,自營商,22565,53334717,24083,56913947,-1518,,9119,21445966,10043,23621940,-924,-2175974
2020/01/09,臺股期貨,外資及陸資,63751,152036656,61886,147603407,1865,,63723,152528140,26297,62933391,37426,89594749
2020/01/09,臺股期貨,投信,822,1965605,300,716812,522,,1609,3851026,24490,58624045,-22881,-54773019
2020/01/09,臺股期貨,自營商,17554,41875751,16602,39611818,952,,11162,26663361,11188,26725183,-26,-61822
2020/01/10,臺股期貨,外資及陸資,70201,168369960,68274,163761107,1927,,70250,168707749,30888,74161531,39362,94546218
2020/01/10,臺股期貨,投信,3056,7332980,5031,12059985,-1975,,1636,3929322,26492,63624928,-24856,-59695606
2020/01/10,臺股期貨,自營商,14496,34767671,13968,33492866,528,,11319,27128517,10801,25884644,518,1243873
2020/01/13,臺股期貨,外資及陸資,95662,231083554,92634,223829109,3028,,77470,187577593,35077,84926932,42393,102650661
2020/01/13,臺股期貨,投信,12874,31153350,13398,32374216,-524,,1639,3967397,27019,65401949,-25380,-61434552
2020/01/13,臺股期貨,自營商,19695,47576971,19800,47822210,-105,,10497,25367804,10083,24366028,414,1001776
2020/01/14,臺股期貨,外資及陸資,70941,172522004,73447,178676662,-2506,,73536,178877546,33657,81884406,39879,96993140
2020/01/14,臺股期貨,投信,9974,24272252,9694,23544267,280,,1654,4021009,26754,65038974,-25100,-61017965
2020/01/14,臺股期貨,自營商,20488,49834493,21001,51080116,-513,,9642,23416758,10470,25430800,-828,-2014042
2020/01/15,臺股期貨,外資及陸資,64790,157009103,66716,161688403,-1926,,58949,142112272,22200,53512476,36749,88599796
2020/01/15,臺股期貨,投信,1185,2858391,54,130671,1131,,1641,3956123,25610,61740588,-23969,-57784465
2020/01/15,臺股期貨,自營商,25727,62314707,25698,62251222,29,,7801,18768695,7534,18114383,267,654312
2020/01/16,臺股期貨,外資及陸資,45534,109714170,50834,122489716,-5300,,56368,135867659,24919,60057799,31449,75809860
2020/01/16,臺股期貨,投信,829,1997786,21,50428,808,,1657,3994033,24818,59821307,-23161,-55827274
2020/01/16,臺股期貨,自營商,9680,23315152,8631,20780617,1049,,8067,19409073,6710,16123443,1357,3285630
2020/01/17,臺股期貨,外資及陸資,46280,111753068,45344,109498665,936,,56046,135304219,23664,57121769,32382,78182450
2020/01/17,臺股期貨,投信,1,2414,0,0,1,,1658,4002744,24818,59915616,-23160,-55912872
2020/01/17,臺股期貨,自營商,10299,24872587,10466,25265459,-167,,8180,19710349,6943,16707640,1237,3002709
2020/01/20,臺股期貨,外資及陸資,31751,76980100,32343,78426263,-592,,56731,137411845,24942,60406840,31789,77005005
2020/01/20,臺股期貨,投信,537,1300647,19,46022,518,,1647,3989363,24289,58832816,-22642,-54843453
2020/01/20,臺股期貨,自營商,8718,21131045,7799,18909762,919,,8959,21660218,6797,16409960,2162,5250258
2020/01/30,臺股期貨,外資及陸資,107119,247822260,118870,275241960,-11751,,54398,123720022,36159,82231749,18239,41488273
2020/01/30,臺股期貨,投信,129,296911,2658,6065127,-2529,,1698,3861931,26869,61110854,-25171,-57248923
2020/01/30,臺股期貨,自營商,33404,77386503,35157,81449626,-1753,,10099,22930836,9658,21901539,441,1029297
2020/01/31,臺股期貨,外資及陸資,102551,234977852,91019,208518913,11532,,59241,135883450,29462,67565477,29779,68317973
2020/01/31,臺股期貨,投信,1044,2397265,44,101203,1000,,1686,3867347,25857,59310787,-24171,-55443440
2020/01/31,臺股期貨,自營商,19156,43853128,19189,43930707,-33,,9347,21390516,8879,20298573,468,1091943
2020/02/03,臺股期貨,外資及陸資,123579,279176704,121910,275430360,1669,,59336,134380385,26988,61108879,32348,73271506
2020/02/03,臺股期貨,投信,773,1744925,562,1273719,211,,1842,4171762,25802,58436210,-23960,-54264448
2020/02/03,臺股期貨,自營商,26235,59251837,25592,57793243,643,,12031,27196961,10866,24535854,1165,2661107
2020/02/04,臺股期貨,外資及陸資,77866,178324032,76292,174672680,1574,,58261,134392833,24351,56159823,33910,78233010
2020/02/04,臺股期貨,投信,2486,5736515,9,20725,2477,,1876,4327557,23356,53877469,-21480,-49549912
2020/02/04,臺股期貨,自營商,20721,47485342,19295,44240245,1426,,11464,26394376,8838,20314207,2626,6080169
2020/02/05,臺股期貨,外資及陸資,77944,180213773,77172,178439900,772,,59210,136676315,24530,56610762,34680,80065553
2020/02/05,臺股期貨,投信,85,196922,387,893102,-302,,1822,4205905,23610,54501324,-21788,-50295419
2020/02/05,臺股期貨,自營商,22803,52715420,24528,56695155,-1725,,10325,23777707,9335,21469936,990,2307771
2020/02/06,臺股期貨,外資及陸資,72139,168209809,70106,163519602,2033,,60185,141298223,23173,54391237,37012,86906986
2020/02/06,臺股期貨,投信,864,2027828,306,714474,558,,1843,4326995,23073,54170789,-21230,-49843794
2020/02/06,臺股期貨,自營商,16587,38698940,14810,34550500,1777,,11144,26103804,8355,19542583,2789,6561221
2020/02/07,臺股期貨,外資及陸資,66790,155447246,67740,157675733,-950,,56893,131862489,20831,48267689,36062,83594800
2020/02/07,臺股期貨,投信,209,484454,131,304209,78,,1802,4176676,22954,53202781,-21152,-49026105
2020/02/07,臺股期貨,自營商,12206,28389515,13692,31844322,-1486,,10917,25244996,9645,22276318,1272,2968678
2020/02/10,臺股期貨,外資及陸資,81002,186652030,81152,187016748,-150,,57666,133377425,21758,50310137,35908,83067288
2020/02/10,臺股期貨,投信,724,1674947,43,99178,681,,1789,4137957,22260,51487380,-20471,-47349423
2020/02/10,臺股期貨,自營商,18213,41965163,18120,41741502,93,,11366,26225511,10063,23191997,1303,3033514
2020/02/11,臺股期貨,外資及陸資,46876,109001469,47887,111328158,-1011,,56386,131532664,21497,50125747,34889,81406917
2020/02/11,臺股期貨,投信,653,1522210,22,51319,631,,1779,4150051,21619,50432803,-19840,-46282752
2020/02/11,臺股期貨,自營商,13631,31708162,14091,32790020,-460,,11865,27603746,10761,25020344,1104,2583402
2020/02/12,臺股期貨,外資及陸資,49330,115649397,45030,105567050,4300,,60944,143456122,21770,51216541,39174,92239581
2020/02/12,臺股期貨,投信,469,1103727,10,23540,459,,1799,4234846,21180,49857720,-19381,-45622874
2020/02/12,臺股期貨,自營商,17924,42032206,16917,39680586,1007,,13018,30557437,10653,24995782,2365,5561655
2020/02/13,臺股期貨,外資及陸資,59521,140474472,57369,135418623,2152,,62089,146201714,20491,48225176,41598,97976538
2020/02/13,臺股期貨,投信,32,75564,65,153422,-33,,1829,4307295,21243,50027265,-19414,-45719970
2020/02/13,臺股期貨,自營商,12959,30573633,14489,34175218,-1530,,12498,29354636,11667,27391225,831,1963411
2020/02/14,臺股期貨,外資及陸資,63922,150746093,67163,158412605,-3241,,62689,148022810,24338,57442565,38351,90580245
2020/02/14,臺股期貨,投信,2017,4770102,2015,4756593,2,,1827,4315324,21239,50158118,-19412,-45842794
2020/02/14,臺股期貨,自營商,15270,36011047,15167,35760079,103,,12708,29935836,11793,27764203,915,2171633
2020/02/17,臺股期貨,外資及陸資,79532,186939211,81023,190501904,-1491,,69501,163475062,32648,76782652,36853,86692410
2020/02/17,臺股期貨,投信,13161,30934832,13566,31837465,-405,,1874,4407031,21691,51000902,-19817,-46593871
2020/02/17,臺股期貨,自營商,15748,37020101,14862,34925979,886,,12699,29814664,10883,25518507,1816,4296157
2020/02/18,臺股期貨,外資及陸資,89830,209546558,95018,221707134,-5188,,71690,166785663,40025,93121821,31665,73663842
2020/02/18,臺股期貨,投信,8018,18675535,7190,16727296,828,,1990,4628441,20979,48792958,-18989,-44164517
2020/02/18,臺股期貨,自營商,28148,65677553,27197,63447035,951,,15141,35185959,12373,28706029,2768,6479930
2020/02/19,臺股期貨,外資及陸資,74718,174820491,71981,168461005,2737,,52660,123886618,21332,50177270,31328,73709348
2020/02/19,臺股期貨,投信,475,1116978,41,96313,434,,1994,4691084,20553,48352988,-18559,-43661904
2020/02/19,臺股期貨,自營商,29422,68911114,28822,67499034,600,,11255,26432265,9481,22231194,1774,4201071
2020/02/20,臺股期貨,外資及陸資,58126,136543016,63647,149593844,-5521,,48034,112523393,22227,52060918,25807,60462475
2020/02/20,臺股期貨,投信,24,56640,11,25764,13,,2015,4720339,20561,48166199,-18546,-43445860
2020/02/20,臺股期貨,自營商,13666,32099364,12518,29387278,1148,,11561,27038936,8729,20371108,2832,6667828
2020/02/21,臺股期貨,外資及陸資,72352,169144586,71505,167167858,847,,48927,114125989,22265,51926957,26662,62199032
2020/02/21,臺股期貨,投信,5,11690,326,760461,-321,,2007,4681528,20874,48690692,-18867,-44009164
2020/02/21,臺股期貨,自營商,15960,37308924,17583,41104908,-1623,,11124,25902209,9836,22862873,1288,3039336
2020/02/24,臺股期貨,外資及陸資,71525,165356071,71438,165144188,87,,51745,119126132,24989,57520121,26756,61606011
2020/02/24,臺股期貨,投信,408,939528,428,985324,-20,,2179,5016494,21066,48498145,-18887,-43481651
2020/02/24,臺股期貨,自營商,15593,36008935,16290,37620772,-697,,10784,24780976,10133,23241247,651,1539729
2020/02/25,臺股期貨,外資及陸資,97369,223095651,96695,221565461,674,,53429,123323613,25975,59945775,27454,63377838
2020/02/25,臺股期貨,投信,208,480077,52,119624,156,,2131,4918774,20862,48153668,-18731,-43234894
2020/02/25,臺股期貨,自營商,21842,50079932,20998,48143229,844,,11108,25590437,9609,22088133,1499,3502304
2020/02/26,臺股期貨,外資及陸資,110540,252924005,114380,261744747,-3840,,51597,117856859,30136,68824378,21461,49032481
2020/02/26,臺股期貨,投信,527,1203915,332,758379,195,,2155,4922451,20691,47262382,-18536,-42339931
2020/02/26,臺股期貨,自營商,24787,56690500,24534,56087896,253,,11095,25290066,9320,21186965,1775,4103101
2020/02/27,臺股期貨,外資及陸資,121454,276075285,122334,278115696,-880,,51868,116971709,31287,70543123,20581,46428586
2020/02/27,臺股期貨,投信,64,144341,470,1060836,-406,,2203,4968206,21145,47686204,-18942,-42717998
2020/02/27,臺股期貨,自營商,19398,44014400,21384,48516602,-1986,,11198,25195656,11355,25498110,-157,-302454
2020/03/02,臺股期貨,外資及陸資,157941,353921140,159510,357466337,-1569,,54019,120742083,35010,78240472,19009,42501611
2020/03/02,臺股期貨,投信,170,378007,23,51502,147,,2366,5288483,21161,47299067,-18795,-42010584
2020/03/02,臺股期貨,自營商,23600,52774705,23274,52056239,326,,12235,27284758,12032,26778876,203,505882
2020/03/03,臺股期貨,外資及陸資,136653,307512474,132320,297649059,4333,,54614,123655654,31265,70774238,23349,52881416
2020/03/03,臺股期貨,投信,166,375709,323,730937,-157,,2467,5585781,21419,48496900,-18952,-42911119
2020/03/03,臺股期貨,自營商,21699,48873924,22997,51845467,-1298,,10949,24716664,12046,27155884,-1097,-2439220
2020/03/04,臺股期貨,外資及陸資,117281,265745098,112632,255189499,4649,,57256,130061532,30259,68720200,26997,61341332
2020/03/04,臺股期貨,投信,37,84031,2716,6165390,-2679,,2486,5647198,24117,54784177,-21631,-49136979
2020/03/04,臺股期貨,自營商,23975,54323201,22499,50975418,1476,,11275,25534849,10895,24630738,380,904111
2020/03/05,臺股期貨,外資及陸資,73507,168332054,70745,161972789,2762,,61929,142323957,32165,73899523,29764,68424434
2020/03/05,臺股期貨,投信,39,89621,1438,3303678,-1399,,2430,5584626,25460,58512172,-23030,-52927546
2020/03/05,臺股期貨,自營商,14618,33481404,13548,31039456,1070,,12201,27946638,10764,24615009,1437,3331629
2020/03/06,臺股期貨,外資及陸資,88677,201303881,95154,215951019,-6477,,55222,124457069,32937,74196971,22285,50260098
2020/03/06,臺股期貨,投信,0,0,984,2217969,-984,,2394,5395597,26408,59518350,-24014,-54122753
2020/03/06,臺股期貨,自營商,19068,43208235,19425,44077695,-357,,14136,31754759,12851,28829877,1285,2924882
2020/03/09,臺股期貨,外資及陸資,156061,345115218,147870,327157316,8191,,60098,131623294,28722,62849857,31376,68773437
2020/03/09,臺股期貨,投信,544,1194570,2817,6166001,-2273,,2894,6338439,29181,63912226,-26287,-57573787
2020/03/09,臺股期貨,自營商,26387,58310539,29612,65404422,-3225,,14090,30724696,16083,35059223,-1993,-4334527
2020/03/10,臺股期貨,外資及陸資,154687,335808366,163651,355396538,-8964,,55902,122767273,34383,75411869,21519,47355404
2020/03/10,臺股期貨,投信,38,83244,381,833462,-343,,2784,6114221,29414,64599027,-26630,-58484806
2020/03/10,臺股期貨,自營商,35382,76867051,31931,69320628,3451,,15947,34837227,14158,30921477,1789,3915750
2020/03/11,臺股期貨,外資及陸資,140150,306555938,135905,297358468,4245,,58143,125861698,32380,69970010,25763,55891688
2020/03/11,臺股期貨,投信,5,10979,1041,2252555,-1036,,2768,5992166,30434,65883115,-27666,-59890949
2020/03/11,臺股期貨,自營商,27756,60700106,29454,64355962,-1698,,16521,35556365,16293,35095577,228,460788
2020/03/12,臺股期貨,外資及陸資,214137,450444820,208041,437962395,6096,,68161,141237091,36307,75067207,31854,66169884
2020/03/12,臺股期貨,投信,24,49604,3339,6906964,-3315,,2776,5752854,33757,69952221,-30981,-64199367
2020/03/12,臺股期貨,自營商,43143,90227270,46772,97861799,-3629,,18010,37058340,21421,44187106,-3411,-7128766
2020/03/13,臺股期貨,外資及陸資,272795,536455230,268727,528950006,4068,,82320,164931469,46372,92725074,35948,72206395
2020/03/13,臺股期貨,投信,4673,9177548,7069,13906681,-2396,,2925,5861059,36302,72728591,-33377,-66867532
2020/03/13,臺股期貨,自營商,50937,100310020,51366,101121473,-429,,20822,41436303,25140,50189371,-4318,-8753068
2020/03/16,臺股期貨,外資及陸資,246881,488896926,243823,483726311,3058,,81012,156113863,43036,82865442,37976,73248421
2020/03/16,臺股期貨,投信,23550,46004500,25149,48601528,-1599,,2869,5519033,37845,72597620,-34976,-67078587
2020/03/16,臺股期貨,自營商,38474,76231392,38390,75994177,84,,23401,44746572,27789,53467708,-4388,-8721136
2020/03/17,臺股期貨,外資及陸資,249168,469272724,245192,462408588,3976,,82351,152784507,40398,75142078,41953,77642429
2020/03/17,臺股期貨,投信,11144,21041577,12301,22989106,-1157,,3445,6343673,39578,72867879,-36133,-66524206
2020/03/17,臺股期貨,自營商,49628,93329359,51901,97363567,-2273,,24055,44212855,30755,56936111,-6700,-12723256
2020/03/18,臺股期貨,外資及陸資,206919,382796846,191204,354000625,15715,,58829,104913520,15029,26785290,43800,78128230
2020/03/18,臺股期貨,投信,2507,4513374,429,782619,2078,,3656,6521573,37711,67268882,-34055,-60747309
2020/03/18,臺股期貨,自營商,35503,65656801,46310,85494167,-10807,,22106,39255055,22845,40517296,-739,-1262241
2020/03/19,臺股期貨,外資及陸資,227787,390931830,218977,376058484,8810,,67444,112673265,14809,24725359,52635,87947906
2020/03/19,臺股期貨,投信,500,838440,5205,8721021,-4705,,4053,6773374,42813,71548534,-38760,-64775160
2020/03/19,臺股期貨,自營商,34109,58326104,37129,63556941,-3020,,22435,37310298,26216,43568902,-3781,-6258604
2020/03/20,臺股期貨,外資及陸資,201446,352275519,203128,355545504,-1682,,66648,120473595,15679,28331355,50969,92142240
2020/03/20,臺股期貨,投信,6614,11993103,90,162598,6524,,4285,7748137,36521,66036944,-32236,-58288807
2020/03/20,臺股期貨,自營商,27616,48794344,29117,51577594,-1501,,20448,36814217,25603,46083592,-5155,-9269375
2020/03/23,臺股期貨,外資及陸資,157900,281987313,152190,272110861,5710,,70371,121914504,14995,25965951,55376,95948553
2020/03/23,臺股期貨,投信,219,383789,4899,8479526,-4680,,4180,7243940,41096,71218696,-36916,-63974756
2020/03/23,臺股期貨,自營商,18892,33334840,18533,32735319,359,,21697,37423227,26541,45768306,-4844,-8345079
2020/03/24,臺股期貨,外資及陸資,161921,291198802,166221,299044333,-4300,,65243,119910516,14168,26024570,51075,93885946
2020/03/24,臺股期貨,投信,3442,6316740,135,246920,3307,,4276,7861854,37885,69654617,-33609,-61792763
2020/03/24,臺股期貨,自營商,23702,43128461,23655,43024092,47,,19960,36497982,24768,45291143,-4808,-8793161
2020/03/25,臺股期貨,外資及陸資,139986,264647217,146059,276204864,-6073,,60967,116817463,14145,27077925,46822,89739538
2020/03/25,臺股期貨,投信,1925,3676270,242,461800,1683,,4225,8099325,36151,69300663,-31926,-61201338
2020/03/25,臺股期貨,自營商,33376,63378098,26530,50338670,6846,,19184,36547327,17146,32597542,2038,3949785
2020/03/26,臺股期貨,外資及陸資,159087,305495181,161874,310942412,-2787,,60090,115689996,14244,27381436,45846,88308560
2020/03/26,臺股期貨,投信,298,569951,387,744880,-89,,4107,7910903,36122,69577404,-32015,-61666501
2020/03/26,臺股期貨,自營商,25750,49375555,24079,46143332,1671,,18685,35737209,15096,28795110,3589,6942099
2020/03/27,臺股期貨,外資及陸資,134202,260124710,133324,258460059,878,,60301,115470348,13577,25953946,46724,89516402
2020/03/27,臺股期貨,投信,1311,2518214,665,1278704,646,,4183,8013791,35552,68109790,-31369,-60095999
2020/03/27,臺股期貨,自營商,18260,35382335,18571,36019945,-311,,19185,36496528,15897,30167437,3288,6329091
2020/03/30,臺股期貨,外資及陸資,115200,217722197,114774,216995730,426,,61261,117150453,14127,26966123,47134,90184330
2020/03/30,臺股期貨,投信,187,356798,1092,2080922,-905,,4184,8004829,36458,69750390,-32274,-61745561
2020/03/30,臺股期貨,自營商,17013,32144539,16123,30427949,890,,19776,37555798,15673,29685953,4103,7869845
2020/03/31,臺股期貨,外資及陸資,88421,169464946,87480,167693375,941,,63320,121454735,15245,29189681,48075,92265054
2020/03/31,臺股期貨,投信,87,167083,105,201230,-18,,4103,7873657,36395,69840949,-32292,-61967292
2020/03/31,臺股期貨,自營商,13780,26415968,14504,27798236,-724,,19979,38047531,16644,31630862,3335,6416669
2020/04/01,臺股期貨,外資及陸資,79042,151832089,75938,145876617,3104,,65435,124990394,14318,27292956,51117,97697438
2020/04/01,臺股期貨,投信,30,57341,1313,2510881,-1283,,3770,7204470,37345,71365191,-33575,-64160721
2020/04/01,臺股期貨,自營商,15050,28875620,15325,29415959,-275,,19022,36062632,15962,30209225,3060,5853407
2020/04/06,臺股期貨,外資及陸資,87792,169397611,92757,178984032,-4965,,62584,122898895,16432,32217721,46152,90681174
2020/04/06,臺股期貨,投信,1135,2226831,53,102477,1082,,3800,7465480,36293,71299930,-32493,-63834450
2020/04/06,臺股期貨,自營商,15412,29817592,14569,28153648,843,,19528,38087211,15628,30423409,3900,7663802
2020/04/07,臺股期貨,外資及陸資,79439,157664891,79730,158302539,-291,,62715,125352748,16855,33637337,45860,91715411
2020/04/07,臺股期貨,投信,2112,4214644,98,195894,2014,,3846,7689516,34325,68635060,-30479,-60945544
2020/04/07,臺股期貨,自營商,14288,28355306,14820,29414120,-532,,19500,38718468,16171,32062545,3329,6655923
2020/04/08,臺股期貨,外資及陸資,91197,183689149,95655,192681121,-4458,,63340,128167364,21575,43581427,41765,84585937
2020/04/08,臺股期貨,投信,686,1384511,90,180953,596,,3950,7994185,33833,68490398,-29883,-60496213
2020/04/08,臺股期貨,自營商,21131,42534973,19803,39875627,1328,,20169,40553660,15667,31461311,4502,9092349
2020/04/09,臺股期貨,外資及陸資,86226,174036446,84462,170453087,1764,,66436,134114346,22907,46083439,43529,88030907
2020/04/09,臺股期貨,投信,1008,2032256,1710,3426760,-702,,3933,7941273,34518,69700883,-30585,-61759610
2020/04/09,臺股期貨,自營商,17048,34365722,17148,34613045,-100,,23027,46102416,18626,37330023,4401,8772393
2020/04/10,臺股期貨,外資及陸資,59426,119856202,57353,115702664,2073,,67521,136696395,21884,44123982,45637,92572413
2020/04/10,臺股期貨,投信,3225,6512125,3406,6830347,-181,,3927,7950593,34693,70226271,-30766,-62275678
2020/04/10,臺股期貨,自營商,11832,23838269,12981,26160350,-1149,,24491,49138792,21211,42658547,3280,6480245
2020/04/13,臺股期貨,外資及陸資,70230,141185024,68492,138156274,1738,,64321,129018875,17744,35530910,46577,93487965
2020/04/13,臺股期貨,投信,19358,39064800,22160,44294188,-2802,,3934,7873607,37502,74942190,-33568,-67068583
2020/04/13,臺股期貨,自營商,16224,32652545,15564,31269717,660,,25833,51367822,21812,43489750,4021,7878072
2020/04/14,臺股期貨,外資及陸資,91316,186552455,95386,195357621,-4070,,63881,131342964,21360,43960133,42521,87382831
2020/04/14,臺股期貨,投信,13275,27391211,12745,26112074,530,,3794,7788492,36832,75612195,-33038,-67823703
2020/04/14,臺股期貨,自營商,25297,51779286,23202,47387494,2095,,25752,52806961,19653,40226369,6099,12580592
2020/04/15,臺股期貨,外資及陸資,59347,122860024,62646,129777850,-3299,,48097,99242274,12841,26498131,35256,72744143
2020/04/15,臺股期貨,投信,1413,2930629,638,1317156,775,,3820,7888300,36083,74511395,-32263,-66623095
2020/04/15,臺股期貨,自營商,21521,44626198,19920,41303544,1601,,19417,39932411,10405,21223504,9012,18708907
2020/04/16,臺股期貨,外資及陸資,65317,134019223,65188,133728173,129,,50359,103671144,14974,30828427,35385,72842717
2020/04/16,臺股期貨,投信,42,86706,498,1025679,-456,,3814,7857603,36533,75265287,-32719,-67407684
2020/04/16,臺股期貨,自營商,9766,20033167,10216,20956206,-450,,19266,39518836,10706,21788017,8560,17730819
2020/04/17,臺股期貨,外資及陸資,85280,179410096,87803,184742005,-2523,,49553,104609633,16689,35236810,32864,69372823
2020/04/17,臺股期貨,投信,1795,3793758,417,884517,1378,,3821,8072245,35162,74283241,-31341,-66210996
2020/04/17,臺股期貨,自營商,17573,36986082,17174,36137049,399,,20024,42131200,11060,23103966,8964,19027234
2020/04/20,臺股期貨,外資及陸資,56310,118319680,59018,124019771,-2708,,49340,103292281,19187,40174915,30153,63117366
2020/04/20,臺股期貨,投信,0,0,505,1057919,-505,,3569,7477055,35415,74194425,-31846,-66717370
2020/04/20,臺股期貨,自營商,9838,20663512,8348,17526443,1490,,20950,43722885,10490,21715463,10460,22007422
2020/04/21,臺股期貨,外資及陸資,105359,216821123,96722,199204856,8637,,57351,116874076,18561,37823114,38790,79050962
2020/04/21,臺股期貨,投信,9,18360,2828,5774775,-2819,,3497,7131082,38161,77817911,-34664,-70686829
2020/04/21,臺股期貨,自營商,17698,36432511,18471,38020818,-773,,21977,44635818,12255,24719995,9722,19915823
2020/04/22,臺股期貨,外資及陸資,85382,173163197,89213,180941884,-3831,,56378,115178952,21418,43754160,34960,71424792
2020/04/22,臺股期貨,投信,518,1050922,618,1261581,-100,,3495,7145178,38259,78216700,-34764,-71071522
2020/04/22,臺股期貨,自營商,14298,28997017,14986,30376720,-688,,19897,40485035,10887,21978659,9010,18506376
2020/04/23,臺股期貨,外資及陸資,86319,177321055,84642,173890504,1677,,56781,116798322,20144,41427585,36637,75370737
2020/04/23,臺股期貨,投信,761,1566508,19,39191,742,,3520,7245568,37542,77276453,-34022,-70030885
2020/04/23,臺股期貨,自營商,14747,30297723,13911,28571427,836,,20465,41927273,10504,21342326,9961,20584947
2020/04/24,臺股期貨,外資及陸資,66176,135988468,65540,134685289,636,,57572,118148472,20298,41643122,37274,76505350
2020/04/24,臺股期貨,投信,426,874964,29,59496,397,,3516,7220458,37141,76272758,-33625,-69052300
2020/04/24,臺股期貨,自營商,7598,15600215,8562,17579099,-964,,19879,40612324,10854,22001453,9025,18610871
2020/04/27,臺股期貨,外資及陸資,67752,141484648,69736,145728135,-1984,,59287,124959473,23998,50576230,35289,74383243
2020/04/27,臺股期貨,投信,1934,4080308,73,153943,1861,,3461,7299249,35225,74289525,-31764,-66990276
2020/04/27,臺股期貨,自營商,13090,27376946,13394,28020518,-304,,19846,41653596,11035,22999778,8811,18653818
2020/04/28,臺股期貨,外資及陸資,59192,124841162,58855,124151780,337,,60000,126917505,23442,49574579,36558,77342926
2020/04/28,臺股期貨,投信,178,375073,230,486797,-52,,3494,7395400,35330,74779478,-31836,-67384078
2020/04/28,臺股期貨,自營商,9360,19738480,9514,20061877,-154,,19446,40949403,10840,22665803,8606,18283600
2020/04/29,臺股期貨,外資及陸資,61781,132194694,59900,128175515,1881,,60706,129941691,22267,47636134,38439,82305557
2020/04/29,臺股期貨,投信,1143,2450722,210,448124,933,,3482,7457748,34385,73645793,-30903,-66188045
2020/04/29,臺股期貨,自營商,13589,29067872,14396,30806148,-807,,19422,41377784,11589,24548459,7833,16829325
2020/04/30,臺股期貨,外資及陸資,59967,130283505,61821,134352563,-1854,,59196,129523715,22607,49434766,36589,80088949
2020/04/30,臺股期貨,投信,1322,2891656,443,965197,879,,3395,7433013,33419,73167559,-30024,-65734546
2020/04/30,臺股期貨,自營商,12744,27683619,11881,25820416,863,,19669,42820929,10896,23572730,8773,19248199
2020/05/04,臺股期貨,外資及陸資,82815,177052394,82795,177105143,20,,58597,124262833,21987,46575987,36610,77686846
2020/05/04,臺股期貨,投信,87,185029,2751,5842155,-2664,,3297,6996234,35985,76360170,-32688,-69363936
2020/05/04,臺股期貨,自營商,13762,29305511,15142,32275677,-1380,,19810,41779127,12460,26147245,7350,15631882
2020/05/05,臺股期貨,外資及陸資,61114,130684450,60441,129227848,673,,57029,122179542,20944,44791966,36085,77387576
2020/05/05,臺股期貨,投信,46,98655,1262,2705024,-1216,,3326,7130279,37230,79813674,-33904,-72683395
2020/05/05,臺股期貨,自營商,13475,28790838,13375,28605867,100,,20463,43556763,12894,27325717,7569,16231046
2020/05/06,臺股期貨,外資及陸資,66554,142604674,62670,134284073,3884,,58880,126496283,18911,40529311,39969,85966972
2020/05/06,臺股期貨,投信,4,8576,1814,3897888,-1810,,3312,7120138,39026,83898095,-35714,-76777957
2020/05/06,臺股期貨,自營商,13686,29300117,13655,29241193,31,,20117,42901079,12529,26598266,7588,16302813
2020/05/07,臺股期貨,外資及陸資,62582,135036231,64687,139580825,-2105,,58944,127623122,21080,45529108,37864,82094014
2020/05/07,臺股期貨,投信,87,188256,294,636547,-207,,3342,7240777,39263,85067216,-35921,-77826439
2020/05/07,臺股期貨,自營商,12552,27086869,11345,24482209,1207,,20687,44446027,11850,25336287,8837,19109740
2020/05/08,臺股期貨,外資及陸資,57754,125740151,58530,127426329,-776,,59538,129636536,22450,48764640,37088,80871896
2020/05/08,臺股期貨,投信,239,520699,310,676322,-71,,3343,7283728,39335,85703098,-35992,-78419370
2020/05/08,臺股期貨,自營商,9033,19651921,9301,20237377,-268,,20305,43855343,11752,25266968,8553,18588375
2020/05/11,臺股期貨,外資及陸資,50039,109804713,50244,110275155,-205,,60376,132512506,23494,51455703,36882,81056803
2020/05/11,臺股期貨,投信,1150,2528698,500,1092339,650,,3352,7362333,38694,84979602,-35342,-77617269
2020/05/11,臺股期貨,自營商,9360,20534860,9926,21773791,-566,,20242,44083598,12258,26586037,7984,17497561
2020/05/12,臺股期貨,外資及陸資,60638,131942931,58973,128366673,1665,,62025,134677803,23478,50877951,38547,83799852
2020/05/12,臺股期貨,投信,633,1375045,1751,3794438,-1118,,3284,7136132,39744,86347872,-36460,-79211740
2020/05/12,臺股期貨,自營商,13379,29099869,13317,28941007,62,,20168,43462890,12136,26028861,8032,17434029
2020/05/13,臺股期貨,外資及陸資,57544,125031328,54396,118253829,3148,,64559,140789862,22864,49757892,41695,91031970
2020/05/13,臺股期貨,投信,858,1868079,876,1894753,-18,,3284,7168178,39762,86763158,-36478,-79594980
2020/05/13,臺股期貨,自營商,10863,23596268,11238,24411647,-375,,19843,42940037,12186,26253682,7657,16686355
2020/05/14,臺股期貨,外資及陸資,77338,167530464,79079,171391366,-1741,,63806,137005219,25053,53702315,38753,83302904
2020/05/14,臺股期貨,投信,1718,3713181,3925,8422078,-2207,,3255,6997280,41940,90097465,-38685,-83100185
2020/05/14,臺股期貨,自營商,14683,31720368,15311,33103750,-628,,19319,41149234,12274,26043938,7045,15105296
2020/05/15,臺股期貨,外資及陸資,94307,203114385,91794,197834021,2513,,65077,140516900,23811,51366330,41266,89150570
2020/05/15,臺股期貨,投信,8220,17760272,7695,16516741,525,,3252,7034103,41410,89431720,-38158,-82397617
2020/05/15,臺股期貨,自營商,15387,33132607,15296,32919481,91,,19023,40793308,11951,25525275,7072,15268033
2020/05/18,臺股期貨,外資及陸資,99189,213303085,104089,224025994,-4900,,65514,140507085,29557,63419720,35957,77087365
2020/05/18,臺股期貨,投信,19084,41109401,19722,42267371,-638,,3233,6933818,42029,90067232,-38796,-83133414
2020/05/18,臺股期貨,自營商,16420,35280349,15574,33490208,846,,18719,39889776,11077,23514042,7642,16375734
2020/05/19,臺股期貨,外資及陸資,97699,212264735,96226,209147801,1473,,63349,137068230,25919,56096308,37430,80971922
2020/05/19,臺股期貨,投信,12597,27376478,10759,23295779,1838,,3237,6994135,40196,86861258,-36959,-79867123
2020/05/19,臺股期貨,自營商,21144,45866934,22170,48144741,-1026,,18115,38942082,11616,24923959,6499,14018123
2020/05/20,臺股期貨,外資及陸資,63088,137230077,63033,137145809,55,,51771,112307444,15758,34120853,36013,78186591
2020/05/20,臺股期貨,投信,248,540531,431,936552,-183,,3249,7050980,39491,85703368,-36242,-78652388
2020/05/20,臺股期貨,自營商,17454,37984505,16620,36173023,834,,17392,37523050,8506,18230491,8886,19292559
2020/05/21,臺股期貨,外資及陸資,60115,131434747,62001,135540374,-1886,,52661,115314860,18534,40485363,34127,74829497
2020/05/21,臺股期貨,投信,1530,3353845,143,313365,1387,,3289,7204883,38144,83558246,-34855,-76353363
2020/05/21,臺股期貨,自營商,12775,27872429,11460,25047657,1315,,18862,41056272,8661,18747743,10201,22308529
2020/05/22,臺股期貨,外資及陸資,75992,164600421,76862,166524736,-870,,53263,114406076,20010,42843463,33253,71562613
2020/05/22,臺股期貨,投信,22,47280,1611,3461061,-1589,,3299,7088891,39743,85399758,-36444,-78310867
2020/05/22,臺股期貨,自營商,13223,28571092,13316,28805636,-93,,19691,42018631,9582,20352890,10109,21665741
2020/05/25,臺股期貨,外資及陸資,67636,145478187,68168,146686197,-532,,51254,110878671,18533,39955611,32721,70923060
2020/05/25,臺股期貨,投信,2521,5458821,18,38726,2503,,3310,7163502,37251,80618614,-33941,-73455112
2020/05/25,臺股期貨,自營商,10758,23112898,11516,24748486,-758,,18858,40502234,9452,20212201,9406,20290033
2020/05/26,臺股期貨,外資及陸資,48046,105364252,46575,102149868,1471,,53509,117503693,19311,42265903,34198,75237790
2020/05/26,臺股期貨,投信,1239,2721296,162,356295,1077,,3352,7363674,36216,79559309,-32864,-72195635
2020/05/26,臺股期貨,自營商,11378,24922730,11577,25380286,-199,,19199,41846387,10003,21728024,9196,20118363
2020/05/27,臺股期貨,外資及陸資,54171,119000380,54186,119034156,-15,,52624,115447002,18441,40321620,34183,75125382
2020/05/27,臺股期貨,投信,11,24154,203,445707,-192,,3360,7373856,36416,79918554,-33056,-72544698
2020/05/27,臺股期貨,自營商,10324,22658318,10366,22727647,-42,,19135,41679447,9970,21631455,9165,20047992
2020/05/28,臺股期貨,外資及陸資,76075,166822382,75243,165052992,832,,53556,116828328,18541,40300285,35015,76528043
2020/05/28,臺股期貨,投信,25,54764,418,913227,-393,,3341,7290730,36790,80283138,-33449,-72992408
2020/05/28,臺股期貨,自營商,10432,22823323,10655,23322137,-223,,18918,40959345,9985,21547093,8933,19412252
2020/05/29,臺股期貨,外資及陸資,64667,140846800,63070,137371841,1597,,54853,119747242,18241,39672470,36612,80074772
2020/05/29,臺股期貨,投信,34,74090,44,95540,-10,,3323,7256767,36782,80324532,-33459,-73067765
2020/05/29,臺股期貨,自營商,10390,22594443,10007,21776700,383,,19800,42892179,10482,22645786,9318,20246393
2020/06/01,臺股期貨,外資及陸資,62685,138067702,62202,136920403,483,,58294,128870698,19599,43115193,38695,85755505
2020/06/01,臺股期貨,投信,1200,2654204,220,487256,980,,3369,7450207,35848,79274267,-32479,-71824060
2020/06/01,臺股期貨,自營商,12755,28006774,13959,30741498,-1204,,19670,43069097,11556,25316028,8114,17753069
2020/06/02,臺股期貨,外資及陸資,46678,103487026,45984,101921225,694,,57432,127538632,18038,39818357,39394,87720275
2020/06/02,臺股期貨,投信,248,550937,34,75544,214,,3364,7472790,35629,79146261,-32265,-71673471
2020/06/02,臺股期貨,自營商,9503,21035242,9122,20209619,381,,19828,43591694,11327,24927372,8501,18664322
2020/06/03,臺股期貨,外資及陸資,58528,131424359,57050,128128123,1478,,59054,133219874,18160,40714901,40894,92504973
2020/06/03,臺股期貨,投信,746,1683449,127,286371,619,,3291,7426471,34937,78838834,-31646,-71412363
2020/06/03,臺股期貨,自營商,13124,29459406,13414,30118978,-290,,20118,44914566,11921,26660650,8197,18253916
2020/06/04,臺股期貨,外資及陸資,62605,142292328,64082,145637376,-1477,,56523,128356967,17097,38554886,39426,89802081
2020/06/04,臺股期貨,投信,392,890644,0,0,392,,3315,7530354,34569,78526940,-31254,-70996586
2020/06/04,臺股期貨,自營商,11574,26273961,11850,26925927,-276,,19922,44765306,11966,26952721,7956,17812585
2020/06/05,臺股期貨,外資及陸資,51364,117193884,50755,115802934,609,,59383,136029091,19348,44037307,40035,91991784
2020/06/05,臺股期貨,投信,1321,3027769,17,38785,1304,,3336,7644110,33286,76271540,-29950,-68627430
2020/06/05,臺股期貨,自營商,9683,22071216,9259,21117674,424,,20244,45870846,11847,26912978,8397,18957868
2020/06/08,臺股期貨,外資及陸資,67744,156630131,70650,163345690,-2906,,58002,134167286,20873,47967350,37129,86199936
2020/06/08,臺股期貨,投信,960,2223647,354,819005,606,,3308,7654712,32652,75556728,-29344,-67902016
2020/06/08,臺股期貨,自營商,13607,31415637,14701,33957515,-1094,,19800,45258471,12443,28534661,7357,16723810
2020/06/09,臺股期貨,外資及陸資,54256,125684258,52346,121215739,1910,,61433,142548094,22390,51597121,39043,90950973
2020/06/09,臺股期貨,投信,16,37142,1049,2434671,-1033,,3284,7622821,33661,78133415,-30377,-70510594
2020/06/09,臺股期貨,自營商,11185,25842316,10763,24893232,422,,20525,47023670,12736,29288949,7789,17734721
2020/06/10,臺股期貨,外資及陸資,53517,124703957,55377,129038284,-1860,,61176,143146811,23975,55733221,37201,87413590
2020/06/10,臺股期貨,投信,265,616983,731,1708031,-466,,3284,7683719,34127,79880844,-30843,-72197125
2020/06/10,臺股期貨,自營商,12760,29709364,11918,27763131,842,,20678,47753618,12047,27927657,8631,19825961
2020/06/11,臺股期貨,外資及陸資,79541,184784776,75965,176552352,3576,,64318,147753987,23542,53668664,40776,94085323
2020/06/11,臺股期貨,投信,64,149809,3438,7904727,-3374,,3236,7433215,37453,86067980,-34217,-78634765
2020/06/11,臺股期貨,自營商,15044,34886890,15335,35556433,-291,,19320,43715656,10996,24979049,8324,18736607
2020/06/12,臺股期貨,外資及陸資,93462,212316853,99098,225455374,-5636,,63832,145085177,28695,64956246,35137,80128931
2020/06/12,臺股期貨,投信,7384,16800197,8878,19892778,-1494,,3216,7322518,38927,88367275,-35711,-81044757
2020/06/12,臺股期貨,自營商,16084,36498141,14931,33861262,1153,,19385,43469259,9940,22342886,9445,21126373
2020/06/15,臺股期貨,外資及陸資,130709,296026711,127325,289051705,3384,,63753,141915706,26783,59504989,36970,82410717
2020/06/15,臺股期貨,投信,19457,44155961,21239,47459116,-1782,,3174,7046622,40667,90171455,-37493,-83124833
2020/06/15,臺股期貨,自營商,18365,41535132,18898,42759671,-533,,19866,43819944,10916,24155349,8950,19664595
2020/06/16,臺股期貨,外資及陸資,116733,265852709,118133,269561517,-1400,,66214,150562059,30635,69609737,35579,80952322
2020/06/16,臺股期貨,投信,14071,32337043,12887,29223385,1184,,3250,7364815,39559,89642625,-36309,-82277810
2020/06/16,臺股期貨,自營商,21226,48348425,22088,50359547,-862,,19956,45201142,11969,27175990,7987,18025152
2020/06/17,臺股期貨,外資及陸資,83343,190354060,82839,189294691,504,,55668,126435699,24154,54776561,31514,71659138
2020/06/17,臺股期貨,投信,504,1151758,240,543683,264,,3469,7880874,39514,89767905,-36045,-81887031
2020/06/17,臺股期貨,自營商,18920,43312607,20908,47878349,-1988,,14979,33850752,7385,16664889,7594,17185863
2020/06/18,臺股期貨,外資及陸資,67303,153044146,65911,149876987,1392,,55977,127538789,23062,52454357,32915,75084432
2020/06/18,臺股期貨,投信,78,177599,81,184574,-3,,3436,7830644,39484,89984036,-36048,-82153392
2020/06/18,臺股期貨,自營商,9089,20657275,8763,19908024,326,,15679,35546823,7733,17505438,7946,18041385
2020/06/19,臺股期貨,外資及陸資,56030,127851143,56989,130034491,-959,,54928,125300917,22973,52307362,31955,72993555
2020/06/19,臺股期貨,投信,146,333110,124,282918,22,,3458,7890464,39484,90094591,-36026,-82204127
2020/06/19,臺股期貨,自營商,8338,18996004,8589,19571717,-251,,16291,36969687,8519,19311890,7772,17657797
2020/06/22,臺股期貨,外資及陸資,65896,150565297,65326,149243748,570,,59695,136321588,27174,61924961,32521,74396627
2020/06/22,臺股期貨,投信,400,914007,372,849682,28,,3596,8213983,39594,90440615,-35998,-82226632
2020/06/22,臺股期貨,自營商,12177,27761763,11906,27172495,271,,17112,38831154,9073,20582933,8039,18248221
2020/06/23,臺股期貨,外資及陸資,75823,173529105,75236,172180533,587,,60736,139122472,27627,63123135,33109,75999337
2020/06/23,臺股期貨,投信,266,609888,108,247451,158,,3719,8520973,39559,90637581,-35840,-82116608
2020/06/23,臺股期貨,自營商,12091,27643199,12230,27975501,-139,,17754,40391015,9775,22251306,7979,18139709
2020/06/24,臺股期貨,外資及陸資,48392,111542486,47863,110315347,529,,61980,142802102,28346,65141217,33634,77660885
2020/06/24,臺股期貨,投信,346,797448,95,218896,251,,3650,8411790,39239,90430199,-35589,-82018409
2020/06/24,臺股期貨,自營商,10171,23405188,10920,25140480,-749,,15547,35531247,8319,19027029,7228,16504218
2020/06/29,臺股期貨,外資及陸資,76987,175595952,78938,180047357,-1951,,59638,135495121,27956,63333392,31682,72161729
2020/06/29,臺股期貨,投信,185,420382,1444,3281596,-1259,,3767,8560884,40615,92301649,-36848,-83740765
2020/06/29,臺股期貨,自營商,14771,33612812,13294,30269642,1477,,15943,35925136,7245,16314945,8698,19610191
2020/06/30,臺股期貨,外資及陸資,49511,113226937,49355,112856040,156,,58662,134531082,27824,63594944,30838,70936138
2020/06/30,臺股期貨,投信,1117,2564073,108,247685,1009,,3863,8861722,39702,91076388,-35839,-82214666
2020/06/30,臺股期貨,自營商,10593,24194254,10432,23863706,161,,16909,38434015,8004,18205269,8905,20228746
2020/07/01,臺股期貨,外資及陸資,55302,127587419,52644,121391611,2658,,63447,146447418,29952,68922188,33495,77525230
2020/07/01,臺股期貨,投信,215,496587,94,217013,121,,4000,9235200,39718,91700918,-35718,-82465718
2020/07/01,臺股期貨,自營商,13479,31081499,14414,33267885,-935,,16400,37500694,8536,19548308,7864,17952386
2020/07/02,臺股期貨,外資及陸資,53724,124910016,50758,117995622,2966,,65020,152041677,28560,66553322,36460,85488355
2020/07/02,臺股期貨,投信,906,2119261,30,70116,876,,3985,9320915,38827,90816353,-34842,-81495438
2020/07/02,臺股期貨,自營商,12986,30190138,12486,29056596,500,,17576,40711778,9219,21398584,8357,19313194
2020/07/03,臺股期貨,外資及陸資,58905,138985744,55268,130399774,3637,,67409,159504722,25763,60716196,41646,98788526
2020/07/03,臺股期貨,投信,722,1707996,214,505816,508,,4072,9637610,38406,90899321,-34334,-81261711
2020/07/03,臺股期貨,自營商,12352,29108089,13415,31629430,-1063,,16892,39570121,9639,22648559,7253,16921562
2020/07/06,臺股期貨,外資及陸資,48021,115106117,53454,128159435,-5433,,66252,159847844,30048,72266270,36204,87581574
2020/07/06,臺股期貨,投信,1571,3790279,74,178575,1497,,4135,9979409,36972,89228225,-32837,-79248816
2020/07/06,臺股期貨,自營商,13522,32396962,13474,32294661,48,,16884,40356194,9581,22959857,7303,17396337
2020/07/07,臺股期貨,外資及陸資,71734,173268373,71688,173154859,46,,65787,158213554,29530,70778662,36257,87434892
2020/07/07,臺股期貨,投信,12,28980,3,7217,9,,4143,9966401,36971,88937438,-32828,-78971037
2020/07/07,臺股期貨,自營商,17123,41331425,16643,40147831,480,,16402,39060784,8618,20563272,7784,18497512
2020/07/08,臺股期貨,外資及陸資,58435,141145873,60368,145860133,-1933,,64631,156699544,30301,73218828,34330,83480716
2020/07/08,臺股期貨,投信,1731,4198333,35,84841,1696,,4136,10030627,35268,85531954,-31132,-75501327
2020/07/08,臺股期貨,自營商,14310,34551449,13694,33064646,616,,16728,40153856,8323,20017009,8405,20136847
2020/07/09,臺股期貨,外資及陸資,60589,147391355,60441,147024207,148,,63971,155382323,29493,71361025,34478,84021298
2020/07/09,臺股期貨,投信,802,1948495,29,69756,773,,4135,10047223,34494,83812642,-30359,-73765419
2020/07/09,臺股期貨,自營商,13226,32124135,11656,28316871,1570,,17240,41423807,7245,17411490,9995,24012317
2020/07/10,臺股期貨,外資及陸資,83768,202237128,78975,190797467,4793,,66724,159835021,27453,65501738,39271,94333283
2020/07/10,臺股期貨,投信,7642,18376796,8678,20691146,-1036,,4296,10253444,35691,85396215,-31395,-75142771
2020/07/10,臺股期貨,自營商,15035,36245345,16846,40653470,-1811,,16773,39728408,8559,20336485,8214,19391923
2020/07/13,臺股期貨,外資及陸資,81394,196810017,86673,210130070,-5279,,62052,150650950,28053,68038884,33999,82612066
2020/07/13,臺股期貨,投信,20118,48919281,19395,46562736,723,,4359,10536372,35031,84637800,-30672,-74101428
2020/07/13,臺股期貨,自營商,13900,33608650,11950,28943971,1950,,18225,43877092,8064,19466606,10161,24410486
2020/07/14,臺股期貨,外資及陸資,112914,273727777,114307,277636395,-1393,,61707,148855325,30101,72639583,31606,76215742
2020/07/14,臺股期貨,投信,11730,28500465,11777,28329449,-47,,4522,10881322,35241,84792848,-30719,-73911526
2020/07/14,臺股期貨,自營商,22481,54635694,21819,52901751,662,,19526,47072654,8707,20936122,10819,26136532
2020/07/15,臺股期貨,外資及陸資,79473,193313263,80568,196049497,-1095,,51459,124360427,23953,57863298,27506,66497129
2020/07/15,臺股期貨,投信,346,840368,209,507500,137,,4696,11349293,35278,85259870,-30582,-73910577
2020/07/15,臺股期貨,自營商,20027,48841091,20384,49724479,-357,,15027,36234488,7364,17733206,7663,18501282
2020/07/16,臺股期貨,外資及陸資,70500,169681967,71762,172735226,-1262,,50745,122077026,24487,58884449,26258,63192577
2020/07/16,臺股期貨,投信,200,479708,1266,3041505,-1066,,4867,11709029,36515,87847787,-31648,-76138758
2020/07/16,臺股期貨,自營商,11862,28517884,10433,25092441,1429,,16492,39597820,7410,17765040,9082,21832780
2020/07/17,臺股期貨,外資及陸資,64239,154884497,61578,148466742,2661,,52594,126629394,23673,56964696,28921,69664698
2020/07/17,臺股期貨,投信,279,672709,0,0,279,,5127,12344791,36500,87884700,-31373,-75539909
2020/07/17,臺股期貨,自營商,9825,23687155,10314,24871635,-489,,16785,40325723,8192,19660368,8593,20665355
2020/07/20,臺股期貨,外資及陸資,61223,146975040,60991,146428677,232,,53429,128575713,24271,58372680,29158,70203033
2020/07/20,臺股期貨,投信,34,81828,360,866437,-326,,4801,11554087,36500,87840900,-31699,-76286813
2020/07/20,臺股期貨,自營商,10447,25065546,9237,22162302,1210,,17787,42712323,7979,19134514,9808,23577809
2020/07/21,臺股期貨,外資及陸資,59862,146326256,60243,147288571,-381,,58044,142646646,29268,71887342,28776,70759304
2020/07/21,臺股期貨,投信,1290,3169419,411,1010063,879,,4699,11548262,35519,87291494,-30820,-75743232
2020/07/21,臺股期貨,自營商,14856,36288151,14823,36239743,33,,18589,45570249,8773,21488132,9816,24082117
2020/07/22,臺股期貨,外資及陸資,55109,135763795,56147,138326197,-1038,,58438,144129480,30700,75665179,27738,68464301
2020/07/22,臺股期貨,投信,479,1180923,643,1584968,-164,,4966,12248142,35950,88667080,-30984,-76418938
2020/07/22,臺股期貨,自營商,12575,30978680,14245,35096309,-1670,,15718,38637935,7562,18573453,8156,20064482
2020/07/23,臺股期貨,外資及陸資,64718,158837432,67130,164767362,-2412,,55788,137091281,31715,77880604,24073,59210677
2020/07/23,臺股期貨,投信,14,34406,1273,3127346,-1259,,4975,12225565,37218,91459513,-32243,-79233948
2020/07/23,臺股期貨,自營商,14840,36413726,12085,29646418,2755,,18141,44449029,7231,17687576,10910,26761453
2020/07/24,臺股期貨,外資及陸資,90033,220449489,85651,209710373,4382,,57673,140143022,29218,70934632,28455,69208390
2020/07/24,臺股期貨,投信,118,287293,1494,3634582,-1376,,4967,12069810,38586,93763980,-33619,-81694170
2020/07/24,臺股期貨,自營商,18006,44071601,19395,47488595,-1389,,18119,43885080,8594,20796075,9525,23089005
2020/07/27,臺股期貨,外資及陸資,97694,242487983,94689,235154723,3005,,57718,144269243,25262,63075698,32456,81193545
2020/07/27,臺股期貨,投信,1065,2660984,87,217340,978,,4955,12385518,37596,93974962,-32641,-81589444
2020/07/27,臺股期貨,自營商,17590,43689515,17874,44383222,-284,,18190,45298149,9003,22409668,9187,22888481
2020/07/28,臺股期貨,外資及陸資,133456,337545135,135648,343070465,-2192,,56475,140664339,27208,67694117,29267,72970222
2020/07/28,臺股期貨,投信,15,37852,825,2054914,-810,,4924,12264699,38375,95584450,-33451,-83319751
2020/07/28,臺股期貨,自營商,27134,68577236,27840,70385906,-706,,18310,45432911,9828,24378556,8482,21054355
2020/07/29,臺股期貨,外資及陸資,84834,211311685,84957,211611207,-123,,59034,146648381,29904,74199564,29130,72448817
2020/07/29,臺股期貨,投信,0,0,1244,3090884,-1244,,4860,12073212,39555,98262531,-34695,-86189319
2020/07/29,臺股期貨,自營商,15286,38064002,15767,39279788,-481,,17129,42367782,9127,22571337,8002,19796445
2020/07/30,臺股期貨,外資及陸資,76844,192911747,74102,186059633,2742,,59809,150655127,27936,70281263,31873,80373864
2020/07/30,臺股期貨,投信,93,234129,43,108060,50,,4867,12259973,39512,99530728,-34645,-87270755
2020/07/30,臺股期貨,自營商,12047,30241385,11087,27829445,960,,17724,44452706,8765,21971995,8959,22480711
2020/07/31,臺股期貨,外資及陸資,83183,209002477,85814,215579954,-2631,,60051,151035964,30809,77392032,29242,73643932
2020/07/31,臺股期貨,投信,473,1188983,109,273989,364,,4864,12233933,39145,98457504,-34281,-86223571
2020/07/31,臺股期貨,自營商,12142,30486630,12248,30770381,-106,,18097,45312435,9244,23141476,8853,22170959
2020/08/03,臺股期貨,外資及陸資,79893,199529976,83112,207612332,-3219,,58563,145700045,33940,84343971,24623,61356074
2020/08/03,臺股期貨,投信,0,0,1336,3322358,-1336,,4857,12084216,40474,100699312,-35617,-88615096
2020/08/03,臺股期貨,自營商,12996,32443973,10941,27295870,2055,,20033,49641881,9124,22589667,10909,27052214
2020/08/04,臺股期貨,外資及陸資,66844,167393175,60641,151890940,6203,,61047,154187929,30221,76230027,30826,77957902
2020/08/04,臺股期貨,投信,1108,2796429,38,95927,1070,,4993,12611319,39540,99870132,-34547,-87258813
2020/08/04,臺股期貨,自營商,12053,30193794,12353,30947361,-300,,20126,50620192,9505,23893928,10621,26726264
2020/08/05,臺股期貨,外資及陸資,56408,143143964,55571,141011501,837,,62719,159814908,31056,79022629,31663,80792279
2020/08/05,臺股期貨,投信,405,1030631,65,165367,340,,4938,12583012,39145,99749289,-34207,-87166277
2020/08/05,臺股期貨,自營商,11609,29454620,12738,32325689,-1129,,17727,44953773,8238,20882518,9489,24071255
2020/08/06,臺股期貨,外資及陸資,73989,189838006,74174,190332920,-185,,62223,159733371,30745,78808694,31478,80924677
2020/08/06,臺股期貨,投信,79,202909,69,176857,10,,4889,12551041,39086,100341579,-34197,-87790538
2020/08/06,臺股期貨,自營商,14301,36677499,14133,36256442,168,,18782,47988887,9125,23310872,9657,24678015
2020/08/07,臺股期貨,外資及陸資,62758,160483987,62381,159549367,377,,61378,156618633,29523,75217475,31855,81401158
2020/08/07,臺股期貨,投信,15,38249,381,972112,-366,,4872,12432370,39435,100630233,-34563,-88197863
2020/08/07,臺股期貨,自營商,10107,25825955,10020,25603995,87,,19802,50303157,10053,25534247,9749,24768910
2020/08/10,臺股期貨,外資及陸資,58485,149965074,61191,156905568,-2706,,59574,153146857,30425,78095604,29149,75051253
2020/08/10,臺股期貨,投信,584,1501389,86,221179,498,,4791,12316703,38856,99891005,-34065,-87574302
2020/08/10,臺股期貨,自營商,10190,26127441,10413,26707294,-223,,19625,50219617,10073,25777182,9552,24442435
2020/08/11,臺股期貨,外資及陸資,54658,140082446,55854,143143428,-1196,,58185,148191239,30232,76883425,27953,71307814
2020/08/11,臺股期貨,投信,13,33118,592,1507635,-579,,4788,12195036,39432,100433304,-34644,-88238268
2020/08/11,臺股期貨,自營商,12594,32247142,13468,34482507,-874,,19742,50066457,11056,28045111,8686,22021346
2020/08/12,臺股期貨,外資及陸資,73678,186491925,72146,182601053,1532,,55669,140891535,27137,68554959,28532,72336576
2020/08/12,臺股期貨,投信,17,42849,490,1235692,-473,,4713,11928592,39830,100806325,-35117,-88877733
2020/08/12,臺股期貨,自營商,20066,50755051,19581,49533989,485,,17448,43934837,8193,20620571,9255,23314266
2020/08/13,臺股期貨,外資及陸資,62504,159399053,62433,159234883,71,,55616,141522083,27045,68692853,28571,72829230
2020/08/13,臺股期貨,投信,4783,12168044,3945,10017575,838,,4570,11616742,38849,98838033,-34279,-87221291
2020/08/13,臺股期貨,自營商,10714,27310522,10905,27804570,-191,,17072,43207081,8615,21804587,8457,21402494
2020/08/14,臺股期貨,外資及陸資,63767,162240001,63594,161848693,173,,55260,141260013,26516,67675219,28744,73584794
2020/08/14,臺股期貨,投信,6850,17472391,5835,14830323,1015,,4552,11620291,37816,96637666,-33264,-85017375
2020/08/14,臺股期貨,自營商,11620,29546296,10231,26016825,1389,,18464,46978700,7975,20277049,10489,26701651
2020/08/17,臺股期貨,外資及陸資,80293,206550188,79669,205135915,624,,56664,146527255,26396,68218226,30268,78309029
2020/08/17,臺股期貨,投信,19381,50045667,18546,47691156,835,,4572,11808394,37001,95572383,-32429,-83763989
2020/08/17,臺股期貨,自營商,16034,41274425,16828,43350188,-794,,20557,52976132,10857,28011157,9700,24964975
2020/08/18,臺股期貨,外資及陸資,89627,231062670,92474,238521328,-2847,,53796,138164366,26875,69028947,26921,69135419
2020/08/18,臺股期貨,投信,12687,32692549,12941,33255349,-254,,4593,11786998,37276,95661802,-32683,-83874804
2020/08/18,臺股期貨,自營商,25327,65320178,24447,63035229,880,,19083,48910372,8505,21780597,10578,27129775
2020/08/19,臺股期貨,外資及陸資,64712,166280837,66791,171636321,-2079,,46718,119121281,23469,59823686,23249,59297595
2020/08/19,臺股期貨,投信,621,1597047,951,2434556,-330,,4701,11986610,37735,96216703,-33034,-84230093
2020/08/19,臺股期貨,自營商,21799,56038718,22584,58063448,-785,,17740,45146930,6628,16822681,11112,28324249
2020/08/20,臺股期貨,外資及陸資,116932,290349186,118280,293963931,-1348,,48970,120445441,28266,69500878,20704,50944563
2020/08/20,臺股期貨,投信,66,162531,3760,9238502,-3694,,4718,11604393,41446,101940582,-36728,-90336189
2020/08/20,臺股期貨,自營商,24088,59804835,21663,53834175,2425,,20631,50649915,7103,17385459,13528,33264456
2020/08/21,臺股期貨,外資及陸資,83556,208215436,76097,189656738,7459,,50820,127566922,22648,56826299,28172,70740623
2020/08/21,臺股期貨,投信,1564,3925061,150,375613,1414,,4785,12011307,40099,100656510,-35314,-88645203
2020/08/21,臺股期貨,自營商,12668,31605648,14064,35098813,-1396,,19486,48808082,7377,18425958,12109,30382124
2020/08/24,臺股期貨,外資及陸資,59739,150314619,58200,146440009,1539,,50924,128357432,21210,53437373,29714,74920059
2020/08/24,臺股期貨,投信,256,645246,180,453612,76,,4662,11751037,39900,100571940,-35238,-88820903
2020/08/24,臺股期貨,自營商,10345,26037275,11029,27754212,-684,,19342,48649925,7921,19878092,11421,28771833
2020/08/25,臺股期貨,外資及陸資,57758,146693727,57517,146065688,241,,53266,135667174,23296,59307981,29970,76359193
2020/08/25,臺股期貨,投信,745,1896331,0,0,745,,4743,12080421,39236,99934092,-34493,-87853671
2020/08/25,臺股期貨,自營商,12760,32423519,13845,35186083,-1085,,19223,48853377,8875,22518853,10348,26334524
2020/08/26,臺股期貨,外資及陸資,44456,113283155,42951,109451693,1505,,53670,137340372,22192,56758343,31478,80582029
2020/08/26,臺股期貨,投信,228,582973,53,135464,175,,4690,12001710,39008,99821472,-34318,-87819762
2020/08/26,臺股期貨,自營商,10211,26015253,10667,27183866,-456,,17581,44877250,7691,19596207,9890,25281043
2020/08/27,臺股期貨,外資及陸資,59708,153172342,59508,152651973,200,,53983,137741608,22305,56870211,31678,80871397
2020/08/27,臺股期貨,投信,318,818440,13,33248,305,,4680,11941488,38693,98729059,-34013,-86787571
2020/08/27,臺股期貨,自營商,12293,31512307,12281,31492887,12,,17688,45005989,7764,19723246,9924,25282743
2020/08/28,臺股期貨,外資及陸資,77412,196820530,80110,203707154,-2698,,52326,132780274,24467,62046674,27859,70733600
2020/08/28,臺股期貨,投信,9,22837,1398,3547590,-1389,,4662,11830291,40064,101666406,-35402,-89836115
2020/08/28,臺股期貨,自營商,14029,35641677,12296,31242231,1733,,18978,48039844,7315,18479459,11663,29560385
2020/08/31,臺股期貨,外資及陸資,72247,183396964,74817,189904278,-2570,,53223,134001966,27915,70232394,25308,63769572
2020/08/31,臺股期貨,投信,309,781498,392,986818,-83,,4946,12453039,40431,101797172,-35485,-89344133
2020/08/31,臺股期貨,自營商,11626,29502210,12340,31333893,-714,,19116,48004412,8166,20478402,10950,27526010
2020/09/01,臺股期貨,外資及陸資,68000,171322252,67235,169389729,765,,54399,138039604,28326,71817398,26073,66222206
2020/09/01,臺股期貨,投信,435,1103637,82,207723,353,,4907,12452003,40039,101602966,-35132,-89150963
2020/09/01,臺股期貨,自營商,12928,32578919,12698,32011367,230,,17991,45514917,6845,17288995,11146,28225922
2020/09/02,臺股期貨,外資及陸資,64180,162796434,63110,160102289,1070,,53237,135111685,26094,66153786,27143,68957899
2020/09/02,臺股期貨,投信,18,45754,151,381875,-133,,4770,12106260,40035,101608830,-35265,-89502570
2020/09/02,臺股期貨,自營商,14048,35625463,13827,35071649,221,,17553,44406431,6377,16106926,11176,28299505
2020/09/03,臺股期貨,外資及陸資,70880,180831435,69481,177235752,1399,,56125,142934392,27564,70117376,28561,72817016
2020/09/03,臺股期貨,投信,367,935330,69,175899,298,,4727,12038724,39694,101092679,-34967,-89053955
2020/09/03,臺股期貨,自營商,12060,30783064,13055,33335683,-995,,16881,42832081,6695,16966728,10186,25865353
2020/09/04,臺股期貨,外資及陸資,89669,226010463,89101,224596439,568,,56513,142486537,27336,68834183,29177,73652354
2020/09/04,臺股期貨,投信,9,22697,131,330286,-122,,4684,11810238,39773,100283642,-35089,-88473404
2020/09/04,臺股期貨,自營商,15989,40287164,16626,41894848,-637,,17294,43443076,7676,19271790,9618,24171286
2020/09/07,臺股期貨,外資及陸資,93636,236451345,92655,233956432,981,,55528,139702936,25370,63731129,30158,75971807
2020/09/07,臺股期貨,投信,0,0,317,798269,-317,,4650,11699400,40056,100780896,-35406,-89081496
2020/09/07,臺股期貨,自營商,16261,41067243,17150,43324716,-889,,16918,42389732,8150,20419621,8768,21970111
2020/09/08,臺股期貨,外資及陸資,54212,137074748,52144,131829566,2068,,59296,150214960,27070,68457407,32226,81757553
2020/09/08,臺股期貨,投信,102,257617,141,356345,-39,,4624,11714442,40069,101510805,-35445,-89796363
2020/09/08,臺股期貨,自營商,12159,30727620,12531,31689649,-372,,17435,43965867,8445,21305635,8990,22660232
2020/09/09,臺股期貨,外資及陸資,95997,240673252,97607,244664422,-1610,,61562,155102982,32639,82067178,28923,73035804
2020/09/09,臺股期貨,投信,32,80281,1813,4558478,-1781,,4589,11562444,41815,105354074,-37226,-93791630
2020/09/09,臺股期貨,自營商,24158,60498095,23415,58674804,743,,18953,47503191,8578,21518980,10375,25984211
2020/09/10,臺股期貨,外資及陸資,64415,163009333,61107,154640131,3308,,63562,161398639,31331,79369691,32231,82028948
2020/09/10,臺股期貨,投信,3308,8379012,3334,8404340,-26,,4604,11692318,41856,106252441,-37252,-94560123
2020/09/10,臺股期貨,自營商,13464,34046797,14124,35741408,-660,,19553,49353558,9857,24939733,9696,24413825
2020/09/11,臺股期貨,外資及陸資,74901,189484894,77774,196845422,-2873,,63950,161827352,34609,87442450,29341,74384902
2020/09/11,臺股期貨,投信,8716,22044977,8740,22010760,-24,,4607,11658575,41883,105928079,-37276,-94269504
2020/09/11,臺股期貨,自營商,14632,37004810,13052,33010914,1580,,20385,51325226,9026,22757356,11359,28567870
2020/09/14,臺股期貨,外資及陸資,85870,218394930,85599,217847036,271,,65536,167212014,35931,91589439,29605,75622575
2020/09/14,臺股期貨,投信,21279,54310892,20453,51984436,826,,4850,12355285,41300,105190161,-36450,-92834876
2020/09/14,臺股期貨,自營商,18623,47346125,18166,46254988,457,,23873,60654013,11992,30564998,11881,30089015
2020/09/15,臺股期貨,外資及陸資,83583,213759208,83963,214947170,-380,,69725,178456938,40498,103656533,29227,74800405
2020/09/15,臺股期貨,投信,13926,35656131,13320,33986122,606,,5326,13615386,41170,105247647,-35844,-91632261
2020/09/15,臺股期貨,自營商,21757,55720220,21043,53833535,714,,20398,52088216,8248,21073192,12150,31015024
2020/09/16,臺股期貨,外資及陸資,71317,184211776,66327,171416963,4990,,57473,148312917,24945,64322553,32528,83990364
2020/09/16,臺股期貨,投信,1669,4305989,525,1354473,1144,,6868,17723561,41568,107270381,-34700,-89546820
2020/09/16,臺股期貨,自營商,24715,63936371,25497,65929321,-782,,18440,47473610,6788,17458218,11652,30015392
2020/09/17,臺股期貨,外資及陸資,57708,148347097,66014,169672971,-8306,,54254,139050145,30032,76908087,24222,62142058
2020/09/17,臺股期貨,投信,927,2373943,800,2048065,127,,7785,19952955,42358,108563554,-34573,-88610599
2020/09/17,臺股期貨,自營商,12035,30899552,9686,24877213,2349,,20082,51341195,6075,15503661,14007,35837534
2020/09/18,臺股期貨,外資及陸資,57801,148176906,59160,151653533,-1359,,54746,140508174,31883,81761161,22863,58747013
2020/09/18,臺股期貨,投信,399,1024003,403,1033668,-4,,7728,19834685,42305,108580013,-34577,-88745328
2020/09/18,臺股期貨,自營商,8759,22451920,8798,22554528,-39,,20166,51622080,6198,15840017,13968,35782063
2020/09/21,臺股期貨,外資及陸資,69864,178520283,75883,193888476,-6019,,53411,135222300,40253,101824491,13158,33397809
2020/09/21,臺股期貨,投信,311,789153,1747,4425954,-1436,,7881,19953116,43894,111130829,-36013,-91177713
2020/09/21,臺股期貨,自營商,13494,34435457,12665,32329418,829,,21253,53656366,6456,16271865,14797,37384501
2020/09/22,臺股期貨,外資及陸資,86667,217758116,87014,218628635,-347,,53518,133886120,41497,103701889,12021,30184231
2020/09/22,臺股期貨,投信,271,678653,1934,4837191,-1663,,8101,20267082,45777,114524899,-37676,-94257817
2020/09/22,臺股期貨,自營商,15867,39844904,15064,37845188,803,,21860,54507776,6258,15572957,15602,38934819
2020/09/23,臺股期貨,外資及陸資,68374,171014692,65266,163245828,3108,,51371,128709738,37921,94895114,13450,33814624
2020/09/23,臺股期貨,投信,195,488533,686,1718369,-491,,8273,20728829,46440,116360064,-38167,-95631235
2020/09/23,臺股期貨,自營商,12315,30790582,14102,35258098,-1787,,20802,51926548,6967,17364738,13835,34561810
2020/09/24,臺股期貨,外資及陸資,95745,235557914,93766,230809734,1979,,51254,124848247,35810,87112875,15444,37735372
2020/09/24,臺股期貨,投信,590,1446419,2421,5900224,-1831,,8577,20893572,48575,118328504,-39998,-97434932
2020/09/24,臺股期貨,自營商,15263,37485545,14281,35090837,982,,21981,53354923,7108,17221262,14873,36133661
2020/09/25,臺股期貨,外資及陸資,96468,235467668,87922,214584600,8546,,53984,131660287,29994,73026979,23990,58633308
2020/09/25,臺股期貨,投信,108,263423,86,209900,22,,8625,21036375,48601,118537655,-39976,-97501280
2020/09/25,臺股期貨,自營商,11738,28616384,13037,31807851,-1299,,21008,51034681,7402,17957944,13606,33076737
2020/09/28,臺股期貨,外資及陸資,57324,140883334,58557,143887588,-1233,,54747,135930236,33098,82043490,21649,53886746
2020/09/28,臺股期貨,投信,2566,6371426,44,107311,2522,,8978,22292374,46432,115290472,-37454,-92998098
2020/09/28,臺股期貨,自營商,9000,22142508,9434,23247646,-434,,20918,51718819,7728,19091315,13190,32627504
2020/09/29,臺股期貨,外資及陸資,56841,141543401,54953,136825982,1888,,55766,138527073,32229,79912614,23537,58614459
2020/09/29,臺股期貨,投信,402,999009,12,29809,390,,8995,22345379,46059,114419568,-37064,-92074189
2020/09/29,臺股期貨,自營商,8681,21601907,9612,23926004,-931,,21597,53419079,9339,23101961,12258,30317118
2020/09/30,臺股期貨,外資及陸資,59941,149565579,55314,137997912,4627,,58988,147145218,30029,74745721,28959,72399497
2020/09/30,臺股期貨,投信,782,1951181,3,7483,779,,9014,22486324,45299,113002685,-36285,-90516361
2020/09/30,臺股期貨,自營商,10337,25781794,11581,28904473,-1244,,18780,46605203,7766,19281571,11014,27323632
2020/10/05,臺股期貨,外資及陸資,53068,133099074,57213,143486386,-4145,,56318,141115648,31509,78792294,24809,62323354
2020/10/05,臺股期貨,投信,52,130311,13,32540,39,,9015,22589787,45261,113414826,-36246,-90825039
2020/10/05,臺股期貨,自營商,8507,21326218,7310,18326752,1197,,19896,49613520,7733,19285658,12163,30327862
2020/10/06,臺股期貨,外資及陸資,49539,125215435,49334,124698073,205,,58937,149423261,33926,85837931,25011,63585330
2020/10/06,臺股期貨,投信,1211,3069683,0,0,1211,,9089,23044251,44124,111871790,-35035,-88827539
2020/10/06,臺股期貨,自營商,11368,28721306,11816,29875117,-448,,20199,50949190,8494,21444058,11705,29505132
2020/10/07,臺股期貨,外資及陸資,52822,133992051,50355,127740112,2467,,62260,158804267,32180,81884798,30080,76919469
2020/10/07,臺股期貨,投信,716,1825755,0,0,716,,9128,23283702,43447,110824412,-34319,-87540710
2020/10/07,臺股期貨,自營商,10626,26940587,11287,28640956,-661,,19069,48355502,8261,20976176,10808,27379326
2020/10/08,臺股期貨,外資及陸資,50094,128451133,50706,130011804,-612,,63150,162574611,33682,86493110,29468,76081501
2020/10/08,臺股期貨,投信,759,1953801,0,0,759,,9184,23645126,42744,110048494,-33560,-86403368
2020/10/08,臺股期貨,自營商,9163,23474844,9715,24908462,-552,,19418,49672104,9171,23505797,10247,26166307
2020/10/12,臺股期貨,外資及陸資,56051,144834857,56420,145791381,-369,,62486,161463730,33358,85963687,29128,75500043
2020/10/12,臺股期貨,投信,548,1416215,210,542653,338,,9302,24038228,42524,109890289,-33222,-85852061
2020/10/12,臺股期貨,自營商,11135,28760633,11069,28602725,66,,20295,52101262,9972,25659435,10323,26441827
2020/10/13,臺股期貨,外資及陸資,51306,132227756,49380,127261868,1926,,64315,166108111,33246,85599618,31069,80508493
2020/10/13,臺股期貨,投信,8,20669,625,1614259,-617,,9287,23988321,43126,111394198,-33839,-87405877
2020/10/13,臺股期貨,自營商,10644,27421990,9983,25716241,661,,21329,54707370,10325,26548699,11004,28158671
2020/10/14,臺股期貨,外資及陸資,47300,122121872,48029,123977644,-729,,64223,165544248,33869,86980841,30354,78563407
2020/10/14,臺股期貨,投信,42,108420,1337,3447906,-1295,,9208,23738224,44342,114313388,-35134,-90575164
2020/10/14,臺股期貨,自營商,9551,24629097,10296,26577139,-745,,20136,51466871,9848,25259149,10288,26207722
2020/10/15,臺股期貨,外資及陸資,66124,169582686,66523,170557968,-399,,63833,163887723,33868,86613935,29965,77273788
2020/10/15,臺股期貨,投信,2474,6328481,3619,9241217,-1145,,9158,23511706,45437,116651402,-36279,-93139696
2020/10/15,臺股期貨,自營商,14385,36836892,11682,29935348,2703,,22219,56571823,8922,22773525,13297,33798298
2020/10/16,臺股期貨,外資及陸資,69788,178464483,71008,181636493,-1220,,60673,154584871,31928,81024652,28745,73560219
2020/10/16,臺股期貨,投信,5012,12819601,5960,15156821,-948,,9123,23253869,46350,118064723,-37227,-94810854
2020/10/16,臺股期貨,自營商,12070,30826951,12647,32328275,-577,,23012,58165492,9728,24663825,13284,33501667
2020/10/19,臺股期貨,外資及陸資,82958,212936030,82934,213135449,24,,64511,166006714,35742,91753807,28769,74252907
2020/10/19,臺股期貨,投信,27475,70696302,26657,68382687,818,,9210,23665206,45619,117287801,-36409,-93622595
2020/10/19,臺股期貨,自營商,15261,39195978,15595,40048997,-334,,23185,59295455,10253,26288548,12932,33006907
2020/10/20,臺股期貨,外資及陸資,81801,210207794,84150,216432763,-2349,,65248,166987237,38864,99307434,26384,67679803
2020/10/20,臺股期貨,投信,20048,51576328,20129,51569133,-81,,9205,23526413,45695,116789774,-36490,-93263361
2020/10/20,臺股期貨,自營商,16523,42446469,15042,38670155,1481,,25712,65516412,11302,28883931,14410,36632481
2020/10/21,臺股期貨,外資及陸資,54028,138867011,51290,131881186,2738,,54094,138565422,26628,68006589,27466,70558833
2020/10/21,臺股期貨,投信,357,917998,963,2467506,-606,,9360,23976576,46456,119001690,-37096,-95025114
2020/10/21,臺股期貨,自營商,17295,44489887,19829,51019545,-2534,,22634,57699166,7129,18169914,15505,39529252
2020/10/22,臺股期貨,外資及陸資,54975,140598256,51080,130617260,3895,,58819,150996364,27458,70270687,31361,80725677
2020/10/22,臺股期貨,投信,108,276676,19,48765,89,,9466,24301115,46473,119305486,-37007,-95004371
2020/10/22,臺股期貨,自營商,9362,23915275,9386,23989652,-24,,23167,59175851,7668,19588681,15499,39587170
2020/10/23,臺股期貨,外資及陸資,42727,109749365,45191,116065769,-2464,,56221,144349101,27324,69925128,28897,74423973
2020/10/23,臺股期貨,投信,115,295218,153,392928,-38,,9449,24261252,46494,119377994,-37045,-95116742
2020/10/23,臺股期貨,自營商,7384,18950829,6695,17184732,689,,23685,60496448,7493,19133607,16192,41362841
2020/10/26,臺股期貨,外資及陸資,45677,117593348,42491,109353087,3186,,61234,157489481,29151,74713286,32083,82776195
2020/10/26,臺股期貨,投信,450,1157979,540,1390496,-90,,9675,24884100,46810,120395320,-37135,-95511220
2020/10/26,臺股期貨,自營商,8591,22093254,10770,27733312,-2179,,22183,56697711,8170,20900641,14013,35797070
2020/10/27,臺股期貨,外資及陸資,45716,117084833,47594,121872264,-1878,,60675,155420129,31587,80635105,29088,74785024
2020/10/27,臺股期貨,投信,83,212622,2364,6056286,-2281,,8419,21566110,47835,122534136,-39416,-100968026
2020/10/27,臺股期貨,自營商,10554,27011482,9291,23784693,1263,,23562,59984523,8293,21125412,15269,38859111
2020/10/28,臺股期貨,外資及陸資,41648,106332434,40255,102763063,1393,,61532,156815548,31051,78836763,30481,77978785
2020/10/28,臺股期貨,投信,10,25480,1340,3414106,-1330,,8369,21329233,49115,125174489,-40746,-103845256
2020/10/28,臺股期貨,自營商,10876,27735818,11436,29172357,-560,,22577,57162965,7870,19950019,14707,37212946
2020/10/29,臺股期貨,外資及陸資,75857,191078714,79637,200573760,-3780,,60179,151680244,34783,87355021,25396,64325223
2020/10/29,臺股期貨,投信,118,295948,1085,2735702,-967,,8361,21074737,50074,126216524,-41713,-105141787
2020/10/29,臺股期貨,自營商,12941,32558000,12559,31626004,382,,22578,56518879,7486,18759273,15092,37759606
2020/10/30,臺股期貨,外資及陸資,72036,180432386,68372,171283864,3664,,62388,154877282,33332,82407725,29056,72469557
2020/10/30,臺股期貨,投信,13,32569,1621,4028210,-1608,,8286,20570824,51607,128119538,-43321,-107548714
2020/10/30,臺股期貨,自營商,12352,30893232,10896,27262220,1456,,24753,61038074,8245,20351797,16508,40686277
2020/11/02,臺股期貨,外資及陸資,59785,148918301,60592,150928822,-807,,60291,150911455,32707,81503014,27584,69408441
2020/11/02,臺股期貨,投信,58,145228,278,692218,-220,,8297,20769050,51838,129760882,-43541,-108991832
2020/11/02,臺股期貨,自營商,8942,22258500,8721,21712304,221,,24510,60903787,7786,19365024,16724,41538763
2020/11/03,臺股期貨,外資及陸資,49229,124325420,45347,114521874,3882,,63754,161722339,32288,81537848,31466,80184491
2020/11/03,臺股期貨,投信,2038,5172578,118,297817,1920,,8452,21441034,50073,127025186,-41621,-105584152
2020/11/03,臺股期貨,自營商,9385,23697220,10375,26228688,-990,,24385,61400132,8814,22231705,15571,39168427
2020/11/04,臺股期貨,外資及陸資,74022,189015514,73701,188241943,321,,64920,167017401,33133,84869480,31787,82147921
2020/11/04,臺股期貨,投信,1614,4147495,10,25707,1604,,8775,22576320,48792,125532058,-40017,-102955738
2020/11/04,臺股期貨,自營商,16803,42913416,15558,39742152,1245,,24816,63377995,8033,20544134,16783,42833861
2020/11/05,臺股期貨,外資及陸資,63548,163611105,60966,156945790,2582,,68474,176530637,33005,84710166,35469,91820471
2020/11/05,臺股期貨,投信,400,1030700,66,169942,334,,9076,23399743,48759,125710454,-39683,-102310711
2020/11/05,臺股期貨,自營商,10401,26750870,10664,27433897,-263,,25083,64187332,8567,21963317,16516,42224015
2020/11/06,臺股期貨,外資及陸資,54813,141944192,52660,136359531,2153,,73312,189677790,32433,83509851,40879,106167939
2020/11/06,臺股期貨,投信,728,1883794,55,142344,673,,9270,23985198,48280,124919672,-39010,-100934474
2020/11/06,臺股期貨,自營商,9048,23399303,11171,28918848,-2123,,24315,62396939,9939,25589119,14376,36807820
2020/11/09,臺股期貨,外資及陸資,61784,161534851,65341,170869465,-3557,,75451,198063052,38129,99631195,37322,98431857
2020/11/09,臺股期貨,投信,2126,5581252,20,52282,2106,,9783,25682332,46687,122562712,-36904,-96880380
2020/11/09,臺股期貨,自營商,13582,35496809,13335,34897508,247,,23921,62217851,9283,24243334,14638,37974517
2020/11/10,臺股期貨,外資及陸資,77926,205094044,78335,206176726,-409,,73552,192268509,36648,95341958,36904,96926551
2020/11/10,臺股期貨,投信,410,1071749,590,1542850,-180,,9923,25940707,47007,122885699,-37084,-96944992
2020/11/10,臺股期貨,自營商,16610,43660044,16245,42739679,365,,24245,62811256,9235,24016107,15010,38795149
2020/11/11,臺股期貨,外資及陸資,64025,168481693,66219,174334850,-2194,,73383,194599540,38673,102094834,34710,92504706
2020/11/11,臺股期貨,投信,2163,5738148,17,45086,2146,,10226,27121397,45164,119783961,-34938,-92662564
2020/11/11,臺股期貨,自營商,15949,41992011,15024,39547747,925,,25043,65845147,9143,24133128,15900,41712019
2020/11/12,臺股期貨,外資及陸資,58989,156396018,56198,148982613,2791,,75045,198477323,37542,98882481,37503,99594842
2020/11/12,臺股期貨,投信,2124,5616325,2150,5684107,-26,,10172,26898308,45136,119384023,-34964,-92485715
2020/11/12,臺股期貨,自營商,11178,29593726,12075,31987820,-897,,22936,60180758,7903,20817674,15033,39363084
2020/11/13,臺股期貨,外資及陸資,53376,141217604,55649,147266961,-2273,,75129,199505662,39899,105545438,35230,93960224
2020/11/13,臺股期貨,投信,5085,13457295,4197,11080436,888,,10034,26636795,44110,117137264,-34076,-90500469
2020/11/13,臺股期貨,自營商,8902,23536739,8062,21326379,840,,22259,58644496,7222,19098700,15037,39545796
2020/11/16,臺股期貨,外資及陸資,90715,244082445,95959,258491539,-5244,,74111,200886344,44125,119192246,29986,81694098
2020/11/16,臺股期貨,投信,27571,74450460,24653,66344331,2918,,10289,27856235,41447,112237992,-31158,-84381757
2020/11/16,臺股期貨,自營商,16431,44256006,16247,43755886,184,,22997,61844422,7680,20756947,15317,41087475
2020/11/17,臺股期貨,外資及陸資,108166,295023906,111446,304160104,-3280,,75866,206287260,49161,133377240,26705,72910020
2020/11/17,臺股期貨,投信,21507,58648242,20070,54623412,1437,,10737,29172913,40458,109924784,-29721,-80751871
2020/11/17,臺股期貨,自營商,20007,54579742,17984,49029589,2023,,23661,63989649,6335,17164817,17326,46824832
2020/11/18,臺股期貨,外資及陸資,62853,171882774,60948,166742937,1905,,62799,172281645,36535,99942380,26264,72339265
2020/11/18,臺股期貨,投信,1317,3612652,124,339626,1193,,10782,29579339,39310,107843054,-28528,-78263715
2020/11/18,臺股期貨,自營商,16903,46260814,19358,52978115,-2455,,20033,54630837,5866,16030018,14167,38600819
2020/11/19,臺股期貨,外資及陸資,54150,148744175,57041,156682366,-2891,,60752,166968186,37380,102428379,23372,64539807
2020/11/19,臺股期貨,投信,727,1996626,124,340569,603,,10735,29504074,38660,106253144,-27925,-76749070
2020/11/19,臺股期貨,自營商,8144,22351077,7039,19324202,1105,,20551,56142813,5388,14746021,15163,41396792
2020/11/20,臺股期貨,外資及陸資,46945,128671203,48468,132865815,-1523,,59026,162113508,37188,101837394,21838,60276114
2020/11/20,臺股期貨,投信,1212,3327598,2,5492,1210,,10743,29506724,37458,102882143,-26715,-73375419
2020/11/20,臺股期貨,自營商,6526,17871647,6635,18173502,-109,,20427,55775307,5306,14511801,15121,41263506
2020/11/23,臺股期貨,外資及陸資,44316,122851021,49478,137161838,-5162,,54806,152057046,37524,103796946,17282,48260100
2020/11/23,臺股期貨,投信,1279,3549194,10,27749,1269,,10861,30134931,36307,100737402,-25446,-70602471
2020/11/23,臺股期貨,自營商,8614,23867158,8516,23602968,98,,21003,57931094,5858,16189429,15145,41741665
2020/11/24,臺股期貨,外資及陸資,46886,129857089,46342,128354657,544,,54987,151744736,37161,102227369,17826,49517367
2020/11/24,臺股期貨,投信,500,1379524,139,383707,361,,10790,29778242,35875,99007825,-25085,-69229583
2020/11/24,臺股期貨,自營商,8747,24196659,9525,26358779,-778,,21317,58484169,7061,19421924,14256,39062245
2020/11/25,臺股期貨,外資及陸資,57640,159036380,56520,155962065,1120,,58859,161403068,39913,109046156,18946,52356912
2020/11/25,臺股期貨,投信,1189,3261702,152,417648,1037,,10663,29242211,34711,95191446,-24048,-65949235
2020/11/25,臺股期貨,自營商,13214,36439750,14904,41123530,-1690,,20959,57054419,8393,22937017,12566,34117402
2020/11/26,臺股期貨,外資及陸資,46622,128507220,50572,139470528,-3950,,59772,165418372,44776,123469852,14996,41948520
2020/11/26,臺股期貨,投信,1842,5098365,50,136805,1792,,10834,29986345,33090,91586502,-22256,-61600157
2020/11/26,臺股期貨,自營商,8689,23931483,8802,24255356,-113,,21239,58307694,8766,24174582,12473,34133112
2020/11/27,臺股期貨,外資及陸資,45151,124795969,43334,119777308,1817,,59821,166020822,43008,118887051,16813,47133771
2020/11/27,臺股期貨,投信,199,552007,17,47167,182,,10830,30059748,32904,91328342,-22074,-61268594
2020/11/27,臺股期貨,自營商,7857,21685868,7562,20893231,295,,22120,60890756,9346,25850162,12774,35040594
2020/11/30,臺股期貨,外資及陸資,66276,183717457,70216,194559754,-3940,,58984,161827449,47344,129428442,11640,32399007
2020/11/30,臺股期貨,投信,163,452276,587,1611015,-424,,10786,29596784,33284,91331296,-22498,-61734512
2020/11/30,臺股期貨,自營商,14025,38846395,10992,30486312,3033,,24804,67575482,8794,24040285,16010,43535197
2020/12/01,臺股期貨,外資及陸資,51172,141113381,54641,150749446,-3469,,58506,162323185,50335,139219807,8171,23103378
2020/12/01,臺股期貨,投信,1618,4488994,55,152346,1563,,10864,30147600,31799,88242225,-20935,-58094625
2020/12/01,臺股期貨,自營商,8880,24493620,9389,25881949,-509,,24324,67034186,8778,24268659,15546,42765527
2020/12/02,臺股期貨,外資及陸資,57178,159152406,55613,154805798,1565,,59244,165319438,49508,137698583,9736,27620855
2020/12/02,臺股期貨,投信,1008,2813459,141,392879,867,,10848,30276768,30916,86286556,-20068,-56009788
2020/12/02,臺股期貨,自營商,10958,30475796,10993,30592595,-35,,23023,63766064,7501,20845648,15522,42920416
2020/12/03,臺股期貨,外資及陸資,60091,167852867,59569,166382205,522,,57190,159897064,46932,130724794,10258,29172270
2020/12/03,臺股期貨,投信,268,749496,67,187032,201,,10861,30371700,30728,85927779,-19867,-55556079
2020/12/03,臺股期貨,自營商,8543,23829282,8264,23073795,279,,23867,66209833,8044,22399472,15823,43810361
2020/12/04,臺股期貨,外資及陸資,56604,159191118,57100,160573442,-496,,61232,173050267,51470,144833530,9762,28216737
2020/12/04,臺股期貨,投信,1437,4045176,676,1905930,761,,10825,30586305,29931,84602965,-19106,-54016660
2020/12/04,臺股期貨,自營商,13268,37224624,13398,37633162,-130,,25626,71775875,9747,27435916,15879,44339959
2020/12/07,臺股期貨,外資及陸資,58560,165828907,62366,176589673,-3806,,57110,162389584,51155,144768379,5955,17621205
2020/12/07,臺股期貨,投信,341,970032,42,119422,299,,10846,30833904,29653,84333132,-18807,-53499228
2020/12/07,臺股期貨,自營商,10979,31077162,9958,28189206,1021,,27166,76566604,10115,28647109,17051,47919495
2020/12/08,臺股期貨,外資及陸資,53809,153196510,54654,155650082,-845,,56348,161573091,51239,146149496,5109,15423595
2020/12/08,臺股期貨,投信,1335,3808821,539,1537536,796,,10991,31496060,29002,83177736,-18011,-51681676
2020/12/08,臺股期貨,自營商,9760,27768729,10026,28553065,-266,,27804,78974175,10963,31315172,16841,47659003
2020/12/09,臺股期貨,外資及陸資,47906,137659196,52300,150275402,-4394,,54615,157208368,55307,158410080,-692,-1201712
2020/12/09,臺股期貨,投信,1017,2917838,414,1190495,603,,11129,32010734,28577,82284614,-17448,-50273880
2020/12/09,臺股期貨,自營商,10180,29231158,9075,26066068,1105,,26894,76663581,8857,25373010,18037,51290571
2020/12/10,臺股期貨,外資及陸資,69544,198372746,69042,196926444,502,,55021,156605959,56013,158653621,-992,-2047662
2020/12/10,臺股期貨,投信,527,1497100,1011,2880138,-484,,11330,32223678,29262,83320619,-17932,-51096941
2020/12/10,臺股期貨,自營商,11509,32794787,11542,32900408,-33,,28428,80210402,10350,29341521,18078,50868881
2020/12/11,臺股期貨,外資及陸資,88795,252342967,89242,253652930,-447,,54332,154595958,55771,157885225,-1439,-3289267
2020/12/11,臺股期貨,投信,6826,19343567,6947,19614450,-121,,11161,31695785,29214,83061709,-18053,-51365924
2020/12/11,臺股期貨,自營商,15052,42715981,14025,39851885,1027,,29618,83493055,10551,29898014,19067,53595041
2020/12/14,臺股期貨,外資及陸資,87202,247599820,90380,256852298,-3178,,51006,144397276,55628,156889471,-4622,-12492195
2020/12/14,臺股期貨,投信,17577,49930107,17626,49850805,-49,,11332,31981718,29434,83134059,-18102,-51152341
2020/12/14,臺股期貨,自營商,12240,34766770,10981,31187592,1259,,31050,87284558,10708,30237237,20342,57047321
2020/12/15,臺股期貨,外資及陸資,106142,299036803,101860,287247688,4282,,56653,158731550,56994,159393590,-341,-662040
2020/12/15,臺股期貨,投信,15127,42564319,15298,42854106,-171,,12010,33577684,30283,84666135,-18273,-51088451
2020/12/15,臺股期貨,自營商,21527,60653539,21527,60551936,0,,29977,83673762,9593,26792898,20384,56880864
2020/12/16,臺股期貨,外資及陸資,59117,167821189,57588,163523005,1529,,43369,123060416,47014,133194107,-3645,-10133691
2020/12/16,臺股期貨,投信,1647,4674492,72,204279,1575,,12487,35435609,29185,82821193,-16698,-47385584
2020/12/16,臺股期貨,自營商,15483,43984915,19414,55174440,-3931,,24142,68249245,6155,17380200,17987,50869045
2020/12/17,臺股期貨,外資及陸資,53792,152378248,57023,161519444,-3231,,42324,120066760,49210,139397180,-6886,-19330420
2020/12/17,臺股期貨,投信,114,322558,335,949608,-221,,12298,34891886,29217,82894472,-16919,-48002586
2020/12/17,臺股期貨,自營商,8441,23893368,6912,19570325,1529,,25029,70754968,5504,15528145,19525,55226823
2020/12/18,臺股期貨,外資及陸資,43111,122175170,42192,119574602,919,,44345,125356211,50312,142018118,-5967,-16661907
2020/12/18,臺股期貨,投信,10,28416,66,186604,-56,,12245,34619064,29220,82610784,-16975,-47991720
2020/12/18,臺股期貨,自營商,4421,12514656,5106,14459798,-685,,24715,69612536,5887,16554749,18828,53057787
2020/12/21,臺股期貨,外資及陸資,65678,186070859,64284,182234609,1394,,45919,131395994,50492,144266773,-4573,-12870779
2020/12/21,臺股期貨,投信,754,2156800,86,243912,668,,12402,35492044,28709,82159416,-16307,-46667372
2020/12/21,臺股期貨,自營商,9473,26843566,8914,25249955,559,,25031,71356105,5722,16279487,19309,55076618
2020/12/22,臺股期貨,外資及陸資,82665,235086967,83765,238301928,-1100,,43988,123554410,49710,139410376,-5722,-15855966
2020/12/22,臺股期貨,投信,101,288377,1049,2949392,-948,,12261,34443601,29516,82916347,-17255,-48472746
2020/12/22,臺股期貨,自營商,10588,30076057,10858,30831464,-270,,25349,70936415,6297,17587419,19052,53348996
2020/12/23,臺股期貨,外資及陸資,63835,180156764,64907,183200958,-1072,,41861,118150556,48660,137113418,-6799,-18962862
2020/12/23,臺股期貨,投信,775,2189671,43,121238,732,,12383,34954732,28906,81595857,-16523,-46641125
2020/12/23,臺股期貨,自營商,8113,22888088,8753,24694129,-640,,24590,69127955,6094,17098834,18496,52029121
2020/12/24,臺股期貨,外資及陸資,50898,144808335,48598,138260200,2300,,43405,123618616,47904,136190788,-4499,-12572172
2020/12/24,臺股期貨,投信,348,991230,0,0,348,,12499,35602152,28674,81675022,-16175,-46072870
2020/12/24,臺股期貨,自營商,5910,16795720,6274,17846214,-364,,24354,69068268,6265,17739076,18089,51329192
2020/12/25,臺股期貨,外資及陸資,34980,100154825,36211,103658300,-1231,,42539,121680283,48287,137865630,-5748,-16185347
2020/12/25,臺股期貨,投信,409,1170660,67,192117,342,,12482,35708506,28315,81003552,-15833,-45295046
2020/12/25,臺股期貨,自營商,7017,20060366,5735,16406904,1282,,25360,72240154,5982,17009017,19378,55231137
2020/12/28,臺股期貨,外資及陸資,32598,93791362,34990,100706593,-2392,,42701,123272079,52067,150056400,-9366,-26784321
2020/12/28,臺股期貨,投信,641,1851213,52,149955,589,,12530,36176616,27774,80189093,-15244,-44012477
2020/12/28,臺股期貨,自營商,6376,18336422,5473,15736883,903,,26445,76034148,6163,17687931,20282,58346217
2020/12/29,臺股期貨,外資及陸資,39863,115047159,40084,115648158,-221,,43212,124935711,52802,152376049,-9590,-27440338
2020/12/29,臺股期貨,投信,72,208117,57,164437,15,,12543,36269339,27772,80305515,-15229,-44036176
2020/12/29,臺股期貨,自營商,8191,23600745,7424,21413087,767,,26754,77019468,5705,16390939,21049,60628529
2020/12/30,臺股期貨,外資及陸資,44710,129892550,41657,121089599,3053,,47884,140150639,54421,158990000,-6537,-18839361
2020/12/30,臺股期貨,投信,899,2631223,4,11710,895,,12669,37084697,27003,79043182,-14334,-41958485
2020/12/30,臺股期貨,自營商,7441,21605360,9152,26589366,-1711,,24659,71825920,5410,15730140,19249,56095780
2020/12/31,臺股期貨,外資及陸資,44541,130614639,47330,138773696,-2789,,47023,138024982,56345,165063547,-9322,-27038565
2020/12/31,臺股期貨,投信,1176,3452246,39,114323,1137,,12690,37252750,25887,75993877,-13197,-38741127
2020/12/31,臺股期貨,自營商,8005,23445369,6537,19155074,1468,,26060,76131859,5565,16231266,20495,59900593
2021/01/04,臺股期貨,外資及陸資,62151,183800404,63049,186503143,-898,,47304,140694684,57524,170742878,-10220,-30048194
2021/01/04,臺股期貨,投信,1068,3176557,36,107059,1032,,12858,38247393,25023,74433416,-12165,-36186023
2021/01/04,臺股期貨,自營商,13593,40189568,12493,36963220,1100,,27483,81348961,5910,17466805,21573,63882156
2021/01/05,臺股期貨,外資及陸資,70556,210137967,71261,212246239,-705,,47213,141395552,58138,173746102,-10925,-32350550
2021/01/05,臺股期貨,投信,127,379980,201,598666,-74,,12852,38494059,25091,75152563,-12239,-36658504
2021/01/05,臺股期貨,自營商,13275,39528499,12555,37383032,720,,28458,84811787,6224,18520890,22234,66290897
2021/01/06,臺股期貨,外資及陸資,116866,350177895,117071,350782090,-205,,47161,140625011,58291,173375368,-11130,-32750357
2021/01/06,臺股期貨,投信,346,1034891,227,680124,119,,12893,38449233,25013,74593769,-12120,-36144536
2021/01/06,臺股期貨,自營商,25432,76121878,25704,76967215,-272,,28872,85623256,7036,20856479,21836,64766777
2021/01/07,臺股期貨,外資及陸資,83075,250748398,84743,255865244,-1668,,48671,148187765,61467,186702072,-12796,-38514307
2021/01/07,臺股期貨,投信,1440,4382679,288,874767,1152,,12945,39419845,23913,72819868,-10968,-33400023
2021/01/07,臺股期貨,自營商,17513,52887098,16144,48760909,1369,,29952,90702765,6675,20192485,23277,70510280
2021/01/08,臺股期貨,外資及陸資,90793,278846562,93323,286641721,-2530,,51101,157872384,66427,204776782,-15326,-46904398
2021/01/08,臺股期貨,投信,977,3019055,175,538610,802,,12971,40082756,23137,71497957,-10166,-31415201
2021/01/08,臺股期貨,自營商,16046,49239899,16257,49895517,-211,,29659,91155891,6595,20245023,23064,70910868
2021/01/11,臺股期貨,外資及陸資,86719,267860837,89091,275137120,-2372,,50064,155454808,68908,213470117,-18844,-58015309
2021/01/11,臺股期貨,投信,48,149091,0,0,48,,12994,40361718,23112,71790494,-10118,-31428776
2021/01/11,臺股期貨,自營商,13860,42752685,13060,40326198,800,,31217,96402619,7287,22495658,23930,73906961
2021/01/12,臺股期貨,外資及陸資,98511,305503847,98157,304372485,354,,52701,163191118,71902,222127370,-19201,-58936252
2021/01/12,臺股期貨,投信,4,12430,85,263332,-81,,12920,40023348,23119,71618038,-10199,-31594690
2021/01/12,臺股期貨,自營商,15414,47750063,15953,49431358,-539,,31890,98211848,8541,26313935,23349,71897913
2021/01/13,臺股期貨,外資及陸資,77343,242198289,79677,249624856,-2334,,53259,167784245,74794,235049751,-21535,-67265506
2021/01/13,臺股期貨,投信,913,2877244,120,375691,793,,13051,41134127,22457,70779973,-9406,-29645846
2021/01/13,臺股期貨,自營商,17240,53992804,16869,52837133,371,,31078,97313202,7378,23117329,23700,74195873
2021/01/14,臺股期貨,外資及陸資,72156,226678441,77540,243613361,-5384,,49059,154217523,77177,242090478,-28118,-87872955
2021/01/14,臺股期貨,投信,1088,3419553,1314,4116244,-226,,13067,41100860,22699,71383835,-9632,-30282975
2021/01/14,臺股期貨,自營商,13050,40973648,11599,36400706,1451,,33241,103948127,8096,25324209,25145,78623918
2021/01/15,臺股期貨,外資及陸資,151133,478291718,147860,467918426,3273,,45754,142949422,70606,220060472,-24852,-77111050
2021/01/15,臺股期貨,投信,2271,7140887,2121,6646437,150,,13029,40733538,22511,70340036,-9482,-29606498
2021/01/15,臺股期貨,自營商,22229,70215321,22765,71952004,-536,,32449,100826114,7733,24039720,24716,76786394
2021/01/18,臺股期貨,外資及陸資,132430,411873694,135561,421645838,-3131,,48758,152004442,76741,238857528,-27983,-86853086
2021/01/18,臺股期貨,投信,16810,52159244,16988,52669248,-178,,12966,40416555,22616,70469476,-9650,-30052921
2021/01/18,臺股期貨,自營商,21185,65828545,19756,61397112,1429,,33041,102576749,6716,20841586,26325,81735163
2021/01/19,臺股期貨,外資及陸資,115720,365647817,117717,372050778,-1997,,39270,124517765,69252,219323272,-29982,-94805507
2021/01/19,臺股期貨,投信,15869,50252464,14896,47146914,973,,13225,41910214,21902,69408547,-8677,-27498333
2021/01/19,臺股期貨,自營商,20907,66041701,20952,66179480,-45,,32007,101166043,5739,18114196,26268,83051847
2021/01/20,臺股期貨,外資及陸資,110498,349903590,108491,343454121,2007,,33210,104489983,49927,156712627,-16717,-52222644
2021/01/20,臺股期貨,投信,154,489188,698,2198760,-544,,13104,41233046,22325,70247845,-9221,-29014799
2021/01/20,臺股期貨,自營商,24304,76995702,24793,78593183,-489,,25776,80747706,4645,14527350,21131,66220356
2021/01/21,臺股期貨,外資及陸資,110253,352455876,112921,361055957,-2668,,30347,97861875,50928,163846319,-20581,-65984444
2021/01/21,臺股期貨,投信,1604,5170567,392,1263712,1212,,13036,42041100,21045,67870125,-8009,-25829025
2021/01/21,臺股期貨,自營商,17422,55678348,17014,54433976,408,,26331,84524311,4736,15173371,21595,69350940
2021/01/22,臺股期貨,外資及陸資,82742,265270936,88912,285036199,-6170,,29227,93384151,56778,181034516,-27551,-87650365
2021/01/22,臺股期貨,投信,410,1311967,717,2292379,-307,,13286,42454084,21602,69027031,-8316,-26572947
2021/01/22,臺股期貨,自營商,12395,39700943,10944,35043135,1451,,27528,87584113,4502,14282078,23026,73302035
2021/01/25,臺股期貨,外資及陸資,94940,301505350,96512,306495390,-1572,,29970,95362145,59093,187651085,-29123,-92288940
2021/01/25,臺股期貨,投信,43,136899,450,1430956,-407,,13142,41820472,21865,69578803,-8723,-27758331
2021/01/25,臺股期貨,自營商,16898,53605168,16301,51729372,597,,28482,90263562,4817,15225090,23665,75038472
2021/01/26,臺股期貨,外資及陸資,123251,388782306,119530,377031102,3721,,30505,95338224,58009,180857865,-27504,-85519641
2021/01/26,臺股期貨,投信,16,49920,1250,3907405,-1234,,12876,40245226,22833,71366825,-9957,-31121599
2021/01/26,臺股期貨,自營商,20463,64416281,21020,66223395,-557,,28718,89344574,5900,18334761,22818,71009813
2021/01/27,臺股期貨,外資及陸資,99609,312570324,100215,314466791,-606,,31457,98496512,59563,186038798,-28106,-87542286
2021/01/27,臺股期貨,投信,19,59504,123,385625,-104,,12761,39959795,22822,71464811,-10061,-31505016
2021/01/27,臺股期貨,自營商,14241,44657259,15481,48573538,-1240,,27430,85453862,5862,18251099,21568,67202763
2021/01/28,臺股期貨,外資及陸資,124425,384223378,124131,383337657,294,,31669,97418286,59476,182484972,-27807,-85066686
2021/01/28,臺股期貨,投信,78,241111,930,2863100,-852,,12346,37981234,23259,71553988,-10913,-33572754
2021/01/28,臺股期貨,自營商,17547,54105519,18089,55801931,-542,,27533,84239074,6511,19920748,21022,64318326
2021/01/29,臺股期貨,外資及陸資,134644,413574242,125410,385341575,9234,,35390,106656397,52756,158500385,-17366,-51843988
2021/01/29,臺股期貨,投信,0,0,1150,3473036,-1150,,12070,36378980,24133,72736862,-12063,-36357882
2021/01/29,臺股期貨,自營商,20099,61611596,20240,62096846,-141,,28592,85672567,7686,23055959,20906,62616608
2021/02/01,臺股期貨,外資及陸資,108181,329082016,110406,335974195,-2225,,34878,107144249,54502,166935484,-19624,-59791235
2021/02/01,臺股期貨,投信,1308,4014612,339,1036204,969,,12262,37670219,23356,71758974,-11094,-34088755
2021/02/01,臺股期貨,自營商,16353,49757134,16197,49289514,156,,28105,85820855,7022,21460300,21083,64360555
2021/02/02,臺股期貨,外資及陸資,100747,314929484,99978,312638669,769,,35017,110287593,53872,169155638,-18855,-58868045
2021/02/02,臺股期貨,投信,2267,7123637,593,1864049,1674,,12566,39576040,21986,69264694,-9420,-29688654
2021/02/02,臺股期貨,自營商,19229,60177923,19422,60767808,-193,,28331,88688145,7458,23371863,20873,65316282
2021/02/03,臺股期貨,外資及陸資,84796,267764848,87684,276875998,-2888,,29485,92966534,51227,160945110,-21742,-67978576
2021/02/03,臺股期貨,投信,1700,5362206,1712,5379897,-12,,12552,39580253,21984,69327326,-9432,-29747073
2021/02/03,臺股期貨,自營商,16748,52823364,15292,48258277,1456,,27890,87349850,5568,17446772,22322,69903078
2021/02/04,臺股期貨,外資及陸資,103498,324470282,102642,321830099,856,,30951,96966898,51840,161904375,-20889,-64937477
2021/02/04,臺股期貨,投信,17990,56382824,18440,57686152,-450,,12539,39229104,22421,70127360,-9882,-30898256
2021/02/04,臺股期貨,自營商,17185,53780264,17488,54788598,-303,,28533,88826806,6519,20354957,22014,68471849
2021/02/05,臺股期貨,外資及陸資,105723,334436981,107496,340077714,-1773,,33261,104750578,55922,175788635,-22661,-71038057
2021/02/05,臺股期貨,投信,13939,44059170,13553,42784239,386,,12490,39251466,21986,69093613,-9496,-29842147
2021/02/05,臺股期貨,自營商,18025,57008496,18003,56923453,22,,27939,87574389,5740,18023028,22199,69551361
2021/02/17,臺股期貨,外資及陸資,79577,258126830,79129,256862249,448,,26950,88018107,43941,143206378,-16991,-55188271
2021/02/17,臺股期貨,投信,2347,7658928,92,300369,2255,,13015,42506990,20256,66156096,-7241,-23649106
2021/02/17,臺股期貨,自營商,19941,64797827,20806,67590836,-865,,24698,80358024,4244,13794295,20454,66563729
2021/02/18,臺股期貨,外資及陸資,77753,254618376,83921,274844316,-6168,,26203,85840269,49352,161372433,-23149,-75532164
2021/02/18,臺股期貨,投信,596,1953672,77,252301,519,,13011,42624036,19733,64645308,-6722,-22021272
2021/02/18,臺股期貨,自營商,11901,38990337,11113,36393344,788,,25192,82228987,3956,12888777,21236,69340210
2021/02/19,臺股期貨,外資及陸資,84133,273466170,82925,269521790,1208,,25014,81589837,46952,152825140,-21938,-71235303
2021/02/19,臺股期貨,投信,5,16312,375,1221055,-370,,12860,41946748,19952,65079434,-7092,-23132686
2021/02/19,臺股期貨,自營商,12064,39189777,11730,38104457,334,,25918,84226210,4415,14326637,21503,69899573
2021/02/22,臺股期貨,外資及陸資,82306,270461999,85656,281470626,-3350,,23744,77793789,49931,163252729,-26187,-85458940
2021/02/22,臺股期貨,投信,171,560470,16,52428,155,,12999,42589924,19936,65318310,-6937,-22728386
2021/02/22,臺股期貨,自營商,13045,42857723,12047,39574401,998,,26423,86245109,3862,12578687,22561,73666422
2021/02/23,臺股期貨,外資及陸資,77299,252336849,78904,257623611,-1605,,24750,81347297,52542,172330481,-27792,-90983184
2021/02/23,臺股期貨,投信,232,762379,7,23002,225,,13013,42771115,19725,64832130,-6712,-22061015
2021/02/23,臺股期貨,自營商,13046,42582401,13446,43887980,-400,,26651,87250869,4493,14691737,22158,72559132
2021/02/24,臺股期貨,外資及陸資,104946,341878910,103787,338135753,1159,,24216,78364399,53364,172278087,-29148,-93913688
2021/02/24,臺股期貨,投信,3,9730,826,2671449,-823,,12845,41568974,20380,65953756,-7535,-24384782
2021/02/24,臺股期貨,自營商,17350,56477565,18609,60623509,-1259,,25769,83009452,4697,15123561,21072,67885891
2021/02/25,臺股期貨,外資及陸資,77508,252662998,76842,250464116,666,,25137,82380751,53619,175246957,-28482,-92866206
2021/02/25,臺股期貨,投信,999,3273372,40,130220,959,,13261,43461585,19837,65013784,-6576,-21552199
2021/02/25,臺股期貨,自營商,13941,45418295,14158,46165777,-217,,25909,84458868,5080,16562437,20829,67896431
2021/02/26,臺股期貨,外資及陸資,121149,388853689,121221,389128162,-72,,26163,83353984,55598,176673994,-29435,-93320010
2021/02/26,臺股期貨,投信,176,560492,1161,3695552,-985,,13281,42315907,20842,66406780,-7561,-24090873
2021/02/26,臺股期貨,自營商,16826,53941666,17532,56178924,-706,,27163,86107528,7038,22333537,20125,63773991
2021/03/02,臺股期貨,外資及陸資,110783,354690514,106112,339777183,4671,,29050,92396273,53803,170678218,-24753,-78281945
2021/03/02,臺股期貨,投信,2,6362,245,779512,-243,,13238,42107417,21042,66930394,-7804,-24822977
2021/03/02,臺股期貨,自營商,15134,48467807,15342,49137039,-208,,27215,86131073,7314,23172217,19901,62958856
2021/03/03,臺股期貨,外資及陸資,87120,279265126,87326,279978658,-206,,26876,86960554,51837,167265814,-24961,-80305260
2021/03/03,臺股期貨,投信,791,2559577,115,371421,676,,13368,43256160,20496,66320817,-7128,-23064657
2021/03/03,臺股期貨,自營商,14507,46516944,15197,48730590,-690,,25960,83549064,6747,21736903,19213,61812161
2021/03/04,臺股期貨,外資及陸資,118487,378338938,117295,374572697,1192,,26287,83700989,50037,158867434,-23750,-75166445
2021/03/04,臺股期貨,投信,49,156028,684,2177689,-635,,13386,42626351,21149,67346738,-7763,-24720387
2021/03/04,臺股期貨,自營商,17000,54246859,17315,55264448,-315,,26170,82894894,7232,22930853,18938,59964041
2021/03/05,臺股期貨,外資及陸資,120808,381739207,121954,385423748,-1146,,26186,82989960,51881,163970824,-25695,-80980864
2021/03/05,臺股期貨,投信,16,50714,532,1685072,-516,,13296,42140316,21575,68379671,-8279,-26239355
2021/03/05,臺股期貨,自營商,15474,48840040,15549,49097066,-75,,26515,83599879,7565,23879134,18950,59720745
2021/03/08,臺股期貨,外資及陸資,115791,367815652,110290,350386466,5501,,27958,88446862,48152,151875359,-20194,-63428497
2021/03/08,臺股期貨,投信,8,25626,51,161255,-43,,13247,41910832,21569,68239870,-8322,-26329038
2021/03/08,臺股期貨,自營商,17809,56607546,18221,57920260,-412,,26916,84713630,8409,26507359,18507,58206271
2021/03/09,臺股期貨,外資及陸資,104796,330703106,108522,342468529,-3726,,26092,82554063,50017,157846041,-23925,-75291978
2021/03/09,臺股期貨,投信,366,1158061,12,37939,354,,13405,42418760,21373,67632609,-7968,-25213849
2021/03/09,臺股期貨,自營商,17530,55241360,17084,53844394,446,,27834,87670359,8826,27831868,19008,59838491
2021/03/10,臺股期貨,外資及陸資,79955,253916508,77719,246829010,2236,,26178,83154841,47858,151598770,-21680,-68443929
2021/03/10,臺股期貨,投信,27,85887,21,66688,6,,13400,42571777,21362,67866958,-7962,-25295181
2021/03/10,臺股期貨,自營商,14478,45969116,14085,44724965,393,,26172,82721161,6794,21483132,19378,61238029
2021/03/11,臺股期貨,外資及陸資,76852,246867073,83109,267061570,-6257,,24513,79256125,51651,166550842,-27138,-87294717
2021/03/11,臺股期貨,投信,1454,4701383,44,141227,1410,,13739,44429153,20291,65616366,-6552,-21187213
2021/03/11,臺股期貨,自營商,14723,47339326,14290,45962494,433,,25512,82049839,6054,19480006,19458,62569833
2021/03/12,臺股期貨,外資及陸資,67362,218378233,69083,223942646,-1721,,22916,74308724,51775,167445688,-28859,-93136964
2021/03/12,臺股期貨,投信,2124,6882791,2110,6812141,14,,13748,44605210,20286,65792021,-6538,-21186811
2021/03/12,臺股期貨,自營商,11695,37870387,10669,34572212,1026,,26859,86640310,5796,18702631,21063,67937679
2021/03/15,臺股期貨,外資及陸資,84901,274660047,85517,276661868,-616,,24368,78783842,54673,176496196,-30305,-97712354
2021/03/15,臺股期貨,投信,18150,58707856,18152,58671835,-2,,13750,44452070,20290,65574753,-6540,-21122683
2021/03/15,臺股期貨,自營商,14626,47278384,14479,46833113,147,,28255,91016356,6989,22524733,21266,68491623
2021/03/16,臺股期貨,外資及陸資,85408,277436333,82005,266343062,3403,,28249,91840608,55150,179058911,-26901,-87218303
2021/03/16,臺股期貨,投信,13643,44328996,13425,43600542,218,,13950,45318658,20272,65851905,-6322,-20533247
2021/03/16,臺股期貨,自營商,18154,58958630,19569,63606500,-1415,,27877,90344934,8088,26256003,19789,64088931
2021/03/17,臺股期貨,外資及陸資,54110,175789022,61068,198291352,-6958,,21981,71032286,49331,159151611,-27350,-88119325
2021/03/17,臺股期貨,投信,303,983581,397,1290504,-94,,13872,44828755,20288,65562701,-6416,-20733946
2021/03/17,臺股期貨,自營商,18345,59554909,16455,53470303,1890,,26272,84646395,3127,10031582,23145,74614813
2021/03/18,臺股期貨,外資及陸資,69338,225546514,68703,223528404,635,,22522,73127390,49236,159603178,-26714,-86475788
2021/03/18,臺股期貨,投信,104,337719,57,185143,47,,13896,45120312,20265,65800455,-6369,-20680143
2021/03/18,臺股期貨,自營商,11104,36136453,11834,38505195,-730,,26148,84637713,3684,11872290,22464,72765423
2021/03/19,臺股期貨,外資及陸資,82236,264109329,82915,266296967,-679,,22187,71041060,49580,158501944,-27393,-87460884
2021/03/19,臺股期貨,投信,39,124884,575,1841449,-536,,13406,42926012,20311,65035822,-6905,-22109810
2021/03/19,臺股期貨,自營商,14584,46809041,13937,44722682,647,,27759,88625939,4597,14619615,23162,74006324
2021/03/22,臺股期貨,外資及陸資,75503,242428425,73063,234637775,2440,,22377,72217957,47330,152493485,-24953,-80275528
2021/03/22,臺股期貨,投信,517,1668538,37,119159,480,,13467,43463396,19892,64199441,-6425,-20736045
2021/03/22,臺股期貨,自營商,12216,39218168,12613,40503318,-397,,27001,86872527,4236,13568695,22765,73303832
2021/03/23,臺股期貨,外資及陸資,59210,191603637,60234,194907604,-1024,,21278,68594461,47255,152079835,-25977,-83485374
2021/03/23,臺股期貨,投信,609,1963733,23,74382,586,,14052,45300838,19891,64124606,-5839,-18823768
2021/03/23,臺股期貨,自營商,11999,38814609,10908,35283070,1091,,28479,91533946,4606,14742756,23873,76791190
2021/03/24,臺股期貨,外資及陸資,63780,204324152,66021,211480505,-2241,,20568,65737539,48786,155670500,-28218,-89932961
2021/03/24,臺股期貨,投信,0,0,687,2195952,-687,,13898,44420788,20424,65279189,-6526,-20858401
2021/03/24,臺股期貨,自營商,12223,39126210,12250,39206140,-27,,28710,91492329,4864,15438878,23846,76053451
2021/03/25,臺股期貨,外資及陸資,71519,228612064,68406,218673532,3113,,21208,67991199,46313,148219891,-25105,-80228692
2021/03/25,臺股期貨,投信,75,240024,16,51073,59,,13957,44746142,20424,65479344,-6467,-20733202
2021/03/25,臺股期貨,自營商,10439,33338121,10843,34641990,-404,,28127,89899624,4662,14837403,23465,75062221
2021/03/26,臺股期貨,外資及陸資,69141,223285931,66871,215946599,2270,,25493,83028970,48328,157135378,-22835,-74106408
2021/03/26,臺股期貨,投信,1080,3516139,2,6487,1078,,14273,46487161,19662,64039134,-5389,-17551973
2021/03/26,臺股期貨,自營商,11256,36369754,11264,36432111,-8,,27619,89657285,4177,13497440,23442,76159845
2021/03/29,臺股期貨,外資及陸資,63025,206618932,61431,201363696,1594,,25129,82461446,45470,148941362,-20341,-66479916
2021/03/29,臺股期貨,投信,141,462666,42,137967,99,,14355,47107368,19645,64467032,-5290,-17359664
2021/03/29,臺股期貨,自營商,10841,35517220,11040,36184110,-199,,27812,90960084,4569,14879989,23243,76080095
2021/03/30,臺股期貨,外資及陸資,52191,171918887,51215,168716383,976,,26057,86090470,45422,149803914,-19365,-63713444
2021/03/30,臺股期貨,投信,384,1268679,117,386520,267,,14314,47293456,19337,63889448,-5023,-16595992
2021/03/30,臺股期貨,自營商,9436,31080249,9726,32035474,-290,,27764,91424381,4797,15735884,22967,75688497
2021/03/31,臺股期貨,外資及陸資,47197,155570870,49211,162211538,-2014,,23734,77954957,45113,147916822,-21379,-69961865
2021/03/31,臺股期貨,投信,39,128111,412,1353953,-373,,14159,46506651,19555,64230353,-5396,-17723702
2021/03/31,臺股期貨,自營商,11146,36711623,11032,36343884,114,,28076,91925053,5013,16351631,23063,75573422
2021/04/01,臺股期貨,外資及陸資,56355,186187069,54792,181018816,1563,,24704,81763268,44520,147069892,-19816,-65306624
2021/04/01,臺股期貨,投信,317,1049161,159,526080,158,,14099,46664870,19337,64001603,-5238,-17336733
2021/04/01,臺股期貨,自營商,8893,29361290,9581,31642880,-688,,26987,89004551,4539,14909111,22448,74095440
2021/04/06,臺股期貨,外資及陸資,53493,178988513,52798,176706663,695,,25837,86438198,44958,150127883,-19121,-63689685
2021/04/06,臺股期貨,投信,709,2372202,3,10043,706,,14265,47724984,18797,62887243,-4532,-15162259
2021/04/06,臺股期貨,自營商,11141,37261789,11620,38879481,-479,,26632,88779935,4651,15443660,21981,73336275
2021/04/07,臺股期貨,外資及陸資,41773,139871110,45519,152420304,-3746,,20909,70113671,43776,146514227,-22867,-76400556
2021/04/07,臺股期貨,投信,65,217984,192,643128,-127,,14169,47514325,18806,63064040,-4637,-15549715
2021/04/07,臺股期貨,自營商,10451,34984936,9196,30778219,1255,,27623,92312460,4387,14593432,23236,77719028
2021/04/08,臺股期貨,外資及陸資,50847,170843477,51342,172508710,-495,,21067,71316423,44429,150129023,-23362,-78812600
2021/04/08,臺股期貨,投信,453,1533111,10,33824,443,,14286,48363824,18480,62562192,-4194,-14198368
2021/04/08,臺股期貨,自營商,9729,32702475,9394,31561403,335,,28302,95491560,4731,15897071,23571,79594489
2021/04/09,臺股期貨,外資及陸資,48158,162688869,50248,169737237,-2090,,19040,64117479,44492,149560258,-25452,-85442779
2021/04/09,臺股期貨,投信,92,310819,46,154906,46,,14344,48307723,18492,62277358,-4148,-13969635
2021/04/09,臺股期貨,自營商,8772,29612149,9222,31124270,-450,,28363,95215465,5242,17536820,23121,77678645
2021/04/12,臺股期貨,外資及陸資,51589,174067719,52109,175820462,-520,,18594,62600284,44566,149762796,-25972,-87162512
2021/04/12,臺股期貨,投信,31,104464,52,175117,-21,,14325,48232275,18494,62269212,-4169,-14036937
2021/04/12,臺股期貨,自營商,10264,34604788,10406,35096351,-142,,28292,94940415,5323,17799662,22969,77140753
2021/04/13,臺股期貨,外資及陸資,65828,222773862,65262,220866376,566,,20222,67912054,45628,152953926,-25406,-85041872
2021/04/13,臺股期貨,投信,2,6716,568,1908034,-566,,14163,47567852,18898,63470743,-4735,-15902891
2021/04/13,臺股期貨,自營商,16528,55904618,15826,53557029,702,,29666,99307711,6006,20037287,23660,79270424
2021/04/14,臺股期貨,外資及陸資,85362,286377763,85126,285531634,236,,19079,64315060,44249,148867412,-25170,-84552352
2021/04/14,臺股期貨,投信,88,296688,22,73462,66,,14232,47981765,18901,63722747,-4669,-15740982
2021/04/14,臺股期貨,自營商,18244,61174120,18069,60595920,175,,28556,95933668,4723,15792425,23833,80141243
2021/04/15,臺股期貨,外資及陸資,64431,218102184,63855,216191395,576,,19026,64940876,43620,148571017,-24594,-83630141
2021/04/15,臺股期貨,投信,637,2172875,45,151874,592,,14287,48772961,18364,62690591,-4077,-13917630
2021/04/15,臺股期貨,自營商,12194,41286385,12034,40748568,160,,28666,97488121,4673,15820818,23993,81667303
2021/04/16,臺股期貨,外資及陸資,71090,242691263,74596,254660802,-3506,,19680,67487552,48530,166133709,-28850,-98646157
2021/04/16,臺股期貨,投信,1975,6752312,1511,5148887,464,,14534,49869052,18147,62252364,-3613,-12383312
2021/04/16,臺股期貨,自營商,12653,43182180,11916,40680005,737,,29576,101090046,4891,16647932,24685,84442114
2021/04/19,臺股期貨,外資及陸資,73391,252418341,69076,237548313,4315,,23072,79564237,47607,163882916,-24535,-84318679
2021/04/19,臺股期貨,投信,18431,63462027,17942,61752391,489,,14706,50711343,17830,61465194,-3124,-10753851
2021/04/19,臺股期貨,自營商,14793,50805208,16498,56747538,-1705,,28213,96953991,5766,19782122,22447,77171869
2021/04/20,臺股期貨,外資及陸資,66442,229313539,70738,244071895,-4296,,22058,76211002,50890,175519989,-28832,-99308987
2021/04/20,臺股期貨,投信,12717,43861445,12711,43845543,6,,14724,50820858,17842,61580181,-3118,-10759323
2021/04/20,臺股期貨,自營商,15951,54989468,14779,50989072,1172,,29716,102322233,6055,20829606,23661,81492627
2021/04/21,臺股期貨,外資及陸資,62429,214721879,63218,217403004,-789,,17137,58723425,43805,149853437,-26668,-91130012
2021/04/21,臺股期貨,投信,56,192473,534,1831137,-478,,14316,49060932,18062,61898474,-3746,-12837542
2021/04/21,臺股期貨,自營商,19729,67835019,20748,71350488,-1019,,25741,87928658,2565,8666332,23176,79262326
2021/04/22,臺股期貨,外資及陸資,87749,302283078,88715,305548228,-966,,16068,54966505,44802,153010451,-28734,-98043946
2021/04/22,臺股期貨,投信,7,23954,239,817593,-232,,14289,48885527,18267,62495060,-3978,-13609533
2021/04/22,臺股期貨,自營商,13377,46045107,13750,47332424,-373,,26587,90667489,3786,12817045,22801,77850444
2021/04/23,臺股期貨,外資及陸資,62388,213912192,63111,216419670,-723,,17390,60007855,46847,161402230,-29457,-101394375
2021/04/23,臺股期貨,投信,286,987013,7,23987,279,,14362,49563262,18061,62328511,-3699,-12765249
2021/04/23,臺股期貨,自營商,9368,32124805,9616,32973908,-248,,25808,88762696,3245,11060418,22563,77702278
2021/04/26,臺股期貨,外資及陸資,58900,204989875,59929,208644269,-1029,,17447,61150091,47933,167737785,-30486,-106587694
2021/04/26,臺股期貨,投信,883,3095183,8,28015,875,,14594,51154889,17418,61053574,-2824,-9898685
2021/04/26,臺股期貨,自營商,10510,36562571,10117,35207319,393,,26265,91741945,3327,11514116,22938,80227829
2021/04/27,臺股期貨,外資及陸資,56254,197218799,57221,200600534,-967,,17716,62248520,49167,172472099,-31451,-110223579
2021/04/27,臺股期貨,投信,37,129881,24,84329,13,,14610,51339540,17421,61217394,-2811,-9877854
2021/04/27,臺股期貨,自營商,10403,36420211,9553,33439812,850,,27493,96252705,3705,12846608,23788,83406097
2021/04/28,臺股期貨,外資及陸資,44599,156367010,46487,162972267,-1888,,15786,55349718,49127,171975224,-33341,-116625506
2021/04/28,臺股期貨,投信,6,21038,6,21035,0,,14612,51238439,17423,61095492,-2811,-9857053
2021/04/28,臺股期貨,自營商,8391,29403391,8192,28704344,199,,26737,93434831,2746,9484081,23991,83950750
2021/04/29,臺股期貨,外資及陸資,70857,249420950,69540,244774659,1317,,16667,58502897,48675,170673711,-32008,-112170814
2021/04/29,臺股期貨,投信,43,151092,50,175679,-7,,14623,51382297,17441,61284186,-2818,-9901889
2021/04/29,臺股期貨,自營商,11380,40043693,10976,38626753,404,,27147,95059673,2758,9546264,24389,85513409
2021/05/03,臺股期貨,外資及陸資,85840,298347898,90272,313799765,-4432,,17359,59839397,53610,184629751,-36251,-124790354
2021/05/03,臺股期貨,投信,243,838716,703,2425086,-460,,14836,51196069,18114,62507791,-3278,-11311722
2021/05/03,臺股期貨,自營商,16024,55632797,15990,55491218,34,,28492,98003900,4046,13809828,24446,84194072
2021/05/04,臺股期貨,外資及陸資,115252,392176268,116907,397779038,-1655,,17741,60006422,57105,192977265,-39364,-132970843
2021/05/04,臺股期貨,投信,125,423235,863,2924541,-738,,14824,50197029,18840,63796008,-4016,-13598979
2021/05/04,臺股期貨,自營商,21537,73244494,21651,73701221,-114,,28979,97792147,4585,15364067,24394,82428080
2021/05/05,臺股期貨,外資及陸資,93500,315730766,90554,305747877,2946,,16607,55614821,55361,185174017,-38754,-129559196
2021/05/05,臺股期貨,投信,5,16765,699,2353284,-694,,14636,49074508,19346,64867138,-4710,-15792630
2021/05/05,臺股期貨,自營商,14372,48484307,15789,53313314,-1417,,27135,90598198,4118,13650762,23017,76947436
2021/05/06,臺股期貨,外資及陸資,97023,328017947,92443,312545260,4580,,18536,62748263,52710,178168699,-34174,-115420436
2021/05/06,臺股期貨,投信,446,1511458,37,126091,409,,14767,50045363,19068,64621452,-4301,-14576089
2021/05/06,臺股期貨,自營商,14984,50634408,15398,52067318,-414,,26726,90168659,4421,14821034,22305,75347625
2021/05/07,臺股期貨,外資及陸資,72238,247433136,74099,253873513,-1861,,17462,60290380,53492,184406187,-36030,-124115807
2021/05/07,臺股期貨,投信,1009,3485249,15,51849,994,,15104,52208486,18411,63639463,-3307,-11430977
2021/05/07,臺股期貨,自營商,12205,41778518,11672,39991475,533,,26223,90194738,3583,12225515,22640,77969223
2021/05/10,臺股期貨,外資及陸資,66528,229675378,68018,234793096,-1490,,18507,63699021,56026,192484122,-37519,-128785101
2021/05/10,臺股期貨,投信,55,189475,66,227524,-11,,15148,52196908,18466,63630143,-3318,-11433235
2021/05/10,臺股期貨,自營商,10958,37780141,10226,35288560,732,,26412,90507575,3063,10394206,23349,80113369
2021/05/11,臺股期貨,外資及陸資,128271,430760957,122920,412975616,5351,,22733,75218691,55251,182364514,-32518,-107145823
2021/05/11,臺股期貨,投信,26,86374,2485,8229609,-2459,,14348,47523374,20125,66658025,-5777,-19134651
2021/05/11,臺股期貨,自營商,22623,75828374,22474,75381331,149,,28260,93048415,4777,15655297,23483,77393118
2021/05/12,臺股期貨,外資及陸資,227383,729477407,219728,706000686,7655,,26374,82709476,51237,160159263,-24863,-77449787
2021/05/12,臺股期貨,投信,198,622939,2199,6931919,-2001,,14303,44902754,22081,69321091,-7778,-24418337
2021/05/12,臺股期貨,自營商,37353,119484029,38558,123099414,-1205,,27112,84485932,4725,14675742,22387,69810190
2021/05/13,臺股期貨,外資及陸資,160904,504697708,158695,497868037,2209,,26491,82383868,48283,149660255,-21792,-67276387
2021/05/13,臺股期貨,投信,460,1427439,181,564592,279,,14191,44179013,21690,67525308,-7499,-23346295
2021/05/13,臺股期貨,自營商,19748,61934331,20543,64355252,-795,,27569,85217202,5741,17704255,21828,67512947
2021/05/14,臺股期貨,外資及陸資,163676,515109683,158314,498185843,5362,,28580,90002474,44104,138371849,-15524,-48369375
2021/05/14,臺股期貨,投信,2671,8430675,2054,6456198,617,,14360,45279530,21242,66952476,-6882,-21672946
2021/05/14,臺股期貨,自營商,15036,47325790,16864,53134884,-1828,,26525,82992849,6839,21401092,19686,61591757
2021/05/17,臺股期貨,外資及陸資,164878,510624815,164802,510664761,76,,26529,80764341,41935,127247024,-15406,-46482683
2021/05/17,臺股期貨,投信,19818,61057632,21363,65706691,-1545,,14281,43478445,22708,69092830,-8427,-25614385
2021/05/17,臺股期貨,自營商,24853,76575460,24245,74764427,608,,27226,82403321,6277,18991162,20949,63412159
2021/05/18,臺股期貨,外資及陸資,145714,460527745,150421,475565791,-4707,,29854,96099455,49958,160439608,-20104,-64340153
2021/05/18,臺股期貨,投信,14756,47259450,11731,37525686,3025,,14967,48152369,20369,65531488,-5402,-17379119
2021/05/18,臺股期貨,自營商,25311,80167481,25823,81803129,-512,,26452,84736260,5641,18044170,20811,66692090
2021/05/19,臺股期貨,外資及陸資,98875,318744543,99198,319831357,-323,,20476,65537594,40557,129512562,-20081,-63974968
2021/05/19,臺股期貨,投信,90,288820,92,295335,-2,,14969,47966664,20373,65283241,-5404,-17316577
2021/05/19,臺股期貨,自營商,18095,58287547,18166,58524917,-71,,24202,77146720,2165,6797749,22037,70348971
2021/05/20,臺股期貨,外資及陸資,101320,323500598,100204,319946036,1116,,20968,66879081,39951,127130528,-18983,-60251447
2021/05/20,臺股期貨,投信,0,0,647,2066532,-647,,14661,46838963,20712,66170698,-6051,-19331735
2021/05/20,臺股期貨,自營商,8923,28399635,8635,27505067,288,,25132,79837194,2801,8785158,22331,71052036
2021/05/21,臺股期貨,外資及陸資,102879,332978550,105222,340559642,-2343,,20309,65963621,41629,134846124,-21320,-68882503
2021/05/21,臺股期貨,投信,1013,3294613,16,52021,997,,14890,48419302,19944,64853899,-5054,-16434597
2021/05/21,臺股期貨,自營商,11865,38294602,11706,37837162,159,,25482,82384548,3001,9636084,22481,72748464
2021/05/24,臺股期貨,外資及陸資,79261,257090315,82226,266709367,-2965,,20432,66495680,44702,145106506,-24270,-78610826
2021/05/24,臺股期貨,投信,286,932055,0,0,286,,14964,48755705,19732,64290802,-4768,-15535097
2021/05/24,臺股期貨,自營商,7043,22824808,6645,21548859,398,,25779,83495634,2806,9019599,22973,74476035
2021/05/25,臺股期貨,外資及陸資,75784,250079381,74454,245673350,1330,,20242,67066588,43186,142659514,-22944,-75592926
2021/05/25,臺股期貨,投信,928,3077933,0,0,928,,15227,50504914,19068,63244742,-3841,-12739828
2021/05/25,臺股期貨,自營商,9401,30980193,10733,35439337,-1332,,24588,81018580,3008,9857287,21580,71161293
2021/05/26,臺股期貨,外資及陸資,57607,191054974,57266,189919185,341,,20711,68747475,43305,143314091,-22594,-74566616
2021/05/26,臺股期貨,投信,153,507386,1,3308,152,,15375,51088050,19064,63345859,-3689,-12257809
2021/05/26,臺股期貨,自營商,7163,23740897,6785,22503808,378,,24780,81805379,2842,9325027,21938,72480352
2021/05/27,臺股期貨,外資及陸資,74578,245837843,75344,248347904,-766,,19382,64018443,42736,140709848,-23354,-76691405
2021/05/27,臺股期貨,投信,85,280698,241,796794,-156,,15432,51027451,19277,63741328,-3845,-12713877
2021/05/27,臺股期貨,自營商,6842,22502256,7257,23895268,-415,,24668,81016514,2741,8945287,21927,72071227
2021/05/28,臺股期貨,外資及陸資,67115,224799665,67826,227129970,-711,,20427,68821959,44493,149443010,-24066,-80621051
2021/05/28,臺股期貨,投信,1055,3557972,47,158097,1008,,15674,52862132,18511,62430199,-2837,-9568067
2021/05/28,臺股期貨,自營商,7564,25324278,8120,27225525,-556,,24137,80833124,2790,9287752,21347,71545372
2021/05/31,臺股期貨,外資及陸資,76438,259314429,77132,261648212,-694,,20339,69125843,45091,152708378,-24752,-83582535
2021/05/31,臺股期貨,投信,357,1213975,50,170268,307,,15754,53598259,18284,62205825,-2530,-8607566
2021/05/31,臺股期貨,自營商,9705,32842562,10124,34348585,-419,,24327,82112763,3422,11512367,20905,70600396
2021/06/01,臺股期貨,外資及陸資,53152,181507304,53677,183181558,-525,,21907,74988313,47184,160826661,-25277,-85838348
2021/06/01,臺股期貨,投信,1086,3722418,57,195221,1029,,16472,56436366,17973,61579093,-1501,-5142727
2021/06/01,臺股期貨,自營商,8610,29264172,8275,28257521,335,,26002,88296281,4766,16194965,21236,72101316
2021/06/02,臺股期貨,外資及陸資,62454,213989271,61706,211352045,748,,21800,74464935,46329,157508652,-24529,-83043717
2021/06/02,臺股期貨,投信,780,2670309,59,201896,721,,17196,58817198,17976,61485110,-780,-2667912
2021/06/02,臺股期貨,自營商,9748,33323430,10587,36260350,-839,,25969,87954558,5550,18844974,20419,69109584
2021/06/03,臺股期貨,外資及陸資,62885,216399698,63367,218066290,-482,,22313,76771438,47293,161938877,-24980,-85167439
2021/06/03,臺股期貨,投信,814,2804337,304,1047188,510,,17706,61000711,17976,61930915,-270,-930204
2021/06/03,臺股期貨,自營商,9565,32896477,8900,30627392,665,,26432,90150378,5327,18205778,21105,71944600
2021/06/04,臺股期貨,外資及陸資,62428,213711900,65282,223420731,-2854,,21797,74442879,49636,168732312,-27839,-94289433
2021/06/04,臺股期貨,投信,763,2611658,542,1854858,221,,18352,62774851,18401,62942461,-49,-167610
2021/06/04,臺股期貨,自營商,7431,25352719,7377,25233419,54,,27358,92617168,6105,20734628,21253,71882540
2021/06/07,臺股期貨,外資及陸資,89615,305239057,89135,303637378,480,,21672,73956696,49036,166527003,-27364,-92570307
2021/06/07,臺股期貨,投信,139,474699,55,188032,84,,18480,63164640,18445,63045010,35,119630
2021/06/07,臺股期貨,自營商,13730,46679408,13125,44672520,605,,28370,95985284,6483,22011627,21887,73973657
2021/06/08,臺股期貨,外資及陸資,53092,181720477,53938,184583356,-846,,21029,71758075,49234,167143326,-28205,-95385251
2021/06/08,臺股期貨,投信,63,215397,11,37593,52,,18535,63352630,18448,63055264,87,297366
2021/06/08,臺股期貨,自營商,6779,23152505,7209,24655160,-430,,28541,96516894,7130,24216495,21411,72300399
2021/06/09,臺股期貨,外資及陸資,62952,214018606,62174,211354349,778,,21243,71932207,49911,168130420,-28668,-96198213
2021/06/09,臺股期貨,投信,87,293319,654,2217237,-567,,18398,62400500,18878,64030400,-480,-1629900
2021/06/09,臺股期貨,自營商,10823,36738528,11192,38019951,-369,,28958,97174522,4700,15787048,24258,81387474
2021/06/10,臺股期貨,外資及陸資,68360,233357284,69362,236767679,-1002,,19742,67616253,49414,168307056,-29672,-100690803
2021/06/10,臺股期貨,投信,1041,3569455,98,335169,943,,18651,63995829,18188,62409467,463,1586362
2021/06/10,臺股期貨,自營商,11605,39548550,10777,36775146,828,,30280,102747982,4802,16309755,25478,86438227
2021/06/11,臺股期貨,外資及陸資,67155,231197288,66605,229140525,550,,20388,70019426,49507,169008290,-29119,-98988864
2021/06/11,臺股期貨,投信,19006,65295716,18829,64674040,177,,18833,64632478,18193,62421687,640,2210791
2021/06/11,臺股期貨,自營商,13746,47191444,13984,48144154,-238,,29546,100459087,4357,14843205,25189,85615882
2021/06/15,臺股期貨,外資及陸資,77043,266651525,79201,273983321,-2158,,21584,74661544,52853,181960351,-31269,-107298807
2021/06/15,臺股期貨,投信,18124,62664244,17461,60396085,663,,19164,66201347,17861,61699913,1303,4501434
2021/06/15,臺股期貨,自營商,12723,43965958,13576,47020457,-853,,27610,94662383,3330,11438517,24280,83223866
2021/06/16,臺股期貨,外資及陸資,59911,207269618,57489,198787520,2422,,18165,62529254,47183,161788979,-29018,-99259725
2021/06/16,臺股期貨,投信,347,1197746,85,294443,262,,19427,66980411,17862,61584604,1565,5395807
2021/06/16,臺股期貨,自營商,17185,59474939,17704,61290336,-519,,22940,78282381,3128,10688651,19812,67593730
2021/06/17,臺股期貨,外資及陸資,53528,183664310,57579,197622258,-4051,,19049,65782859,52137,179399465,-33088,-113616606
2021/06/17,臺股期貨,投信,41,141608,0,0,41,,19465,67329435,17859,61774281,1606,5555154
2021/06/17,臺股期貨,自營商,7749,26571496,6181,21199831,1568,,24455,83741863,3079,10549235,21376,73192628
2021/06/18,臺股期貨,外資及陸資,53519,184916187,52042,179780095,1477,,17862,61523825,49474,169749339,-31612,-108225514
2021/06/18,臺股期貨,投信,9,31063,37,127670,-28,,19452,67124962,17874,61679599,1578,5445363
2021/06/18,臺股期貨,自營商,5585,19258092,6012,20756943,-427,,24422,83399791,3452,11806216,20970,71593575
2021/06/21,臺股期貨,外資及陸資,81392,277193982,81266,276714472,126,,19876,67317195,51350,173191136,-31474,-105873941
2021/06/21,臺股期貨,投信,37,125544,965,3273493,-928,,19187,65093816,18537,62888626,650,2205190
2021/06/21,臺股期貨,自營商,12615,42831747,12605,42884388,10,,25421,85329911,4341,14613829,21080,70716082
2021/06/22,臺股期貨,外資及陸資,57672,196785724,57277,195401883,395,,18175,61794784,49247,166634535,-31072,-104839751
2021/06/22,臺股期貨,投信,31,105540,95,323542,-64,,19114,65086993,18528,63091546,586,1995447
2021/06/22,臺股期貨,自營商,8429,28670109,9965,33978024,-1536,,25415,85570372,5973,20215878,19442,65354494
2021/06/23,臺股期貨,外資及陸資,67540,231740930,68947,236653830,-1407,,18706,64498305,51170,175642181,-32464,-111143876
2021/06/23,臺股期貨,投信,1076,3717423,8,27603,1068,,19435,67116829,17781,61404905,1654,5711924
2021/06/23,臺股期貨,自營商,11770,40417742,12693,43576031,-923,,25518,87137354,7005,24066084,18513,63071270
2021/06/24,臺股期貨,外資及陸資,47153,163342165,46180,159970983,973,,19912,68924644,51406,177171448,-31494,-108246804
2021/06/24,臺股期貨,投信,85,294768,0,0,85,,19506,67639006,17767,61608849,1739,6030157
2021/06/24,臺股期貨,自營商,6014,20817072,6912,23942039,-898,,25093,86029685,7474,25796403,17619,60233282
2021/06/25,臺股期貨,外資及陸資,52995,185218103,51017,178303722,1978,,19251,66963833,48745,168763633,-29494,-101799800
2021/06/25,臺股期貨,投信,348,1215103,164,571551,184,,19492,67921823,17569,61220937,1923,6700886
2021/06/25,臺股期貨,自營商,7811,27273813,8113,28349278,-302,,24206,83356370,6913,23965537,17293,59390833
2021/06/28,臺股期貨,外資及陸資,39654,138589176,40206,140508449,-552,,20029,70100261,50063,174406154,-30034,-104305893
2021/06/28,臺股期貨,投信,286,1002968,83,289495,203,,19479,68305061,17353,60850030,2126,7455031
2021/06/28,臺股期貨,自營商,5373,18756511,5742,20069084,-369,,24002,83131595,7078,24689772,16924,58441823
2021/06/29,臺股期貨,外資及陸資,53791,188710970,53060,186135205,731,,20989,73454185,50291,175176272,-29302,-101722087
2021/06/29,臺股期貨,投信,15,52593,50,175301,-35,,19444,68170664,17353,60839618,2091,7331046
2021/06/29,臺股期貨,自營商,8069,28299133,6985,24488412,1084,,24190,83777168,6192,21571635,17998,62205533
2021/06/30,臺股期貨,外資及陸資,45466,160701704,45248,159962574,218,,21787,77040710,50858,178982223,-29071,-101941513
2021/06/30,臺股期貨,投信,662,2345160,31,109814,631,,19634,69551482,16912,59909069,2722,9642413
2021/06/30,臺股期貨,自營商,8938,31595691,9895,34971101,-957,,23953,83784707,6926,24390427,17027,59394280
2021/07/01,臺股期貨,外資及陸資,59987,212024203,60808,214923762,-821,,21337,75167772,51250,179709883,-29913,-104542111
2021/07/01,臺股期貨,投信,10,35354,340,1199737,-330,,19517,68879396,17125,60437550,2392,8441846
2021/07/01,臺股期貨,自營商,8009,28290366,7544,26638145,465,,23513,81952177,5962,20897533,17551,61054644
2021/07/02,臺股期貨,外資及陸資,53074,187353974,52020,183645770,1054,,21386,75357674,50251,176258107,-28865,-100900433
2021/07/02,臺股期貨,投信,12,42360,1,3530,11,,19526,68922875,17123,60440765,2403,8482110
2021/07/02,臺股期貨,自營商,6108,21547371,6257,22073650,-149,,23942,83514039,6618,23215190,17324,60298849
2021/07/05,臺股期貨,外資及陸資,53299,190136090,52521,187404661,778,,22294,79660904,50374,179144871,-28080,-99483967
2021/07/05,臺股期貨,投信,933,3339189,2,7159,931,,19911,71265451,16577,59332398,3334,11933053
2021/07/05,臺股期貨,自營商,8196,29218240,9360,33389845,-1164,,23681,83719826,7537,26829510,16144,56890316
2021/07/06,臺股期貨,外資及陸資,39640,142018491,40563,145323294,-923,,21759,77661605,50772,180423387,-29013,-102761782
2021/07/06,臺股期貨,投信,45,161097,124,444058,-79,,19832,70899400,16577,59262775,3255,11636625
2021/07/06,臺股期貨,自營商,5940,21269046,5485,19639065,455,,23619,83471566,7020,24957692,16599,58513874
2021/07/07,臺股期貨,外資及陸資,59582,212418647,57989,206701066,1593,,22642,80597356,50077,177428127,-27435,-96830771
2021/07/07,臺股期貨,投信,1,3564,455,1622493,-454,,19597,69867224,16796,59881099,2801,9986125
2021/07/07,臺股期貨,自營商,9116,32461129,9125,32502186,-9,,23187,81702451,6494,23015500,16693,58686951
2021/07/08,臺股期貨,外資及陸資,60060,213953822,60128,214179082,-68,,22156,78850397,49653,175843913,-27497,-96993516
2021/07/08,臺股期貨,投信,53,188952,21,74861,32,,19625,69955275,16792,59856763,2833,10098512
2021/07/08,臺股期貨,自營商,8055,28638492,7783,27698888,272,,23619,83195597,6311,22352899,17308,60842698
2021/07/09,臺股期貨,外資及陸資,80537,284146323,81780,288522423,-1243,,21564,76046288,50304,176581200,-28740,-100534912
2021/07/09,臺股期貨,投信,0,0,381,1344166,-381,,19362,68390456,16910,59729502,2452,8660954
2021/07/09,臺股期貨,自營商,10229,36052117,10821,38135752,-592,,23255,81200935,6563,23038642,16692,58162293
2021/07/12,臺股期貨,外資及陸資,63946,228257230,64470,230100501,-524,,20711,73715942,49967,177026301,-29256,-103310359
2021/07/12,臺股期貨,投信,687,2449403,0,0,687,,19609,69910007,16470,58718844,3139,11191163
2021/07/12,臺股期貨,自營商,9686,34560077,10475,37386700,-789,,23224,81839674,7393,26208660,15831,55631014
2021/07/13,臺股期貨,外資及陸資,55837,200239942,54813,196558500,1024,,22679,80925235,50891,180732160,-28212,-99806925
2021/07/13,臺股期貨,投信,13,46609,11,39310,2,,19609,70078644,16468,58853338,3141,11225306
2021/07/13,臺股期貨,自營商,8782,31462144,10636,38141939,-1854,,22648,79968317,8744,31099690,13904,48868627
2021/07/14,臺股期貨,外資及陸資,59593,212750101,58516,208874549,1077,,22147,79033076,49294,175036969,-27147,-96003893
2021/07/14,臺股期貨,投信,48,171558,1244,4443023,-1196,,18413,65811745,16468,58859926,1945,6951819
2021/07/14,臺股期貨,自營商,11289,40262682,9759,34824054,1530,,22123,78098387,6707,23822368,15416,54276019
2021/07/15,臺股期貨,外資及陸資,51681,185415345,52579,188687180,-898,,21305,76630543,49348,176633041,-28043,-100002498
2021/07/15,臺股期貨,投信,426,1535242,20,72083,406,,18489,66638007,16138,58164580,2351,8473427
2021/07/15,臺股期貨,自營商,7938,28482683,7322,26263765,616,,22649,80597001,6599,23619880,16050,56977121
2021/07/16,臺股期貨,外資及陸資,67957,242877308,69490,248328635,-1533,,22340,79882701,51917,184872931,-29577,-104990230
2021/07/16,臺股期貨,投信,193,683942,501,1793023,-308,,18399,65950015,16356,58631561,2043,7318454
2021/07/16,臺股期貨,自營商,10955,39127972,9734,34743208,1221,,23731,84082916,6460,22978145,17271,61104771
2021/07/19,臺股期貨,外資及陸資,84141,298564692,86650,307181742,-2509,,18425,65178679,52291,184363607,-33866,-119184928
2021/07/19,臺股期貨,投信,20152,71096539,20284,71514355,-132,,18415,65098241,16504,58251328,1911,6846913
2021/07/19,臺股期貨,自營商,17606,62228383,16170,57350636,1436,,24873,87319322,6096,21508007,18777,65811315
2021/07/20,臺股期貨,外資及陸資,101996,358788433,104581,367589542,-2585,,18414,64035529,54852,190260328,-36438,-126224799
2021/07/20,臺股期貨,投信,14240,49724002,15085,52780436,-845,,18222,63181716,17156,59484615,1066,3697101
2021/07/20,臺股期貨,自營商,18349,64389911,18192,63937829,157,,24868,86025711,5888,20490973,18980,65534738
2021/07/21,臺股期貨,外資及陸資,82216,286614614,79946,278475261,2270,,16498,56955741,51703,178280154,-35205,-121324413
2021/07/21,臺股期貨,投信,312,1079080,549,1899048,-237,,18134,62652970,17305,59788775,829,2864195
2021/07/21,臺股期貨,自營商,20102,70151568,20339,70962350,-237,,21836,75122811,4191,14426181,17645,60696630
2021/07/22,臺股期貨,外資及陸資,66757,232403446,66732,232325304,25,,17346,60336665,52533,182490547,-35187,-122153882
2021/07/22,臺股期貨,投信,367,1277839,16,55696,351,,18252,63538862,17072,59431046,1180,4107816
2021/07/22,臺股期貨,自營商,7284,25363542,7808,27197640,-524,,21790,75504287,4648,16122471,17142,59381816
2021/07/23,臺股期貨,外資及陸資,55359,193250453,55540,193878651,-181,,17456,60720274,52819,183490161,-35363,-122769887
2021/07/23,臺股期貨,投信,594,2068503,283,985265,311,,18123,63089788,16632,57899318,1491,5190470
2021/07/23,臺股期貨,自營商,7184,25074244,7321,25564505,-137,,21963,76110822,4958,17202252,17005,58908570
2021/07/26,臺股期貨,外資及陸資,54102,187802378,53174,184614810,928,,17606,60532645,52043,178710399,-34437,-118177754
2021/07/26,臺股期貨,投信,72,249812,980,3374639,-908,,17561,60420377,16978,58414507,583,2005870
2021/07/26,臺股期貨,自營商,8678,30090267,7223,25048799,1455,,23444,80349913,4926,16895455,18518,63454458
2021/07/27,臺股期貨,外資及陸資,63329,218385522,63650,219470277,-321,,17185,58962873,51925,177935191,-34740,-118972318
2021/07/27,臺股期貨,投信,57,195813,121,416112,-64,,17499,60084566,16980,58302528,519,1782038
2021/07/27,臺股期貨,自營商,7775,26801240,9562,32959923,-1787,,22555,77130749,5824,19945713,16731,57185036
2021/07/28,臺股期貨,外資及陸資,118564,401841394,115276,390709027,3288,,16149,54750278,47605,161177462,-31456,-106427184
2021/07/28,臺股期貨,投信,23,78056,1772,6003219,-1749,,16865,57222945,18095,61396335,-1230,-4173390
2021/07/28,臺股期貨,自營商,17806,60328791,17870,60554275,-64,,21862,73876376,5152,17431683,16710,56444693
2021/07/29,臺股期貨,外資及陸資,71896,246496299,68813,236007984,3083,,18698,64746075,47064,162701269,-28366,-97955194
2021/07/29,臺股期貨,投信,1141,3953180,2,6871,1139,,17228,59701911,17319,60017263,-91,-315352
2021/07/29,臺股期貨,自營商,7631,26183179,8171,28045304,-540,,21698,74856985,5630,19460675,16068,55396310
2021/07/30,臺股期貨,外資及陸資,61019,210656988,60784,209880634,235,,18212,62494344,46353,158771167,-28141,-96276823
2021/07/30,臺股期貨,投信,206,709976,447,1534586,-241,,17207,59102604,17539,60242957,-332,-1140353
2021/07/30,臺股期貨,自營商,7151,24648893,7269,25054131,-118,,20897,71413482,5036,17244001,15861,54169481
2021/08/02,臺股期貨,外資及陸資,72125,249310588,73806,255219121,-1681,,19220,67076084,49031,170852884,-29811,-103776800
2021/08/02,臺股期貨,投信,901,3146955,0,0,901,,17556,61330130,16987,59342386,569,1987744
2021/08/02,臺股期貨,自營商,10548,36499725,11076,38307505,-528,,20098,69860618,4876,16981492,15222,52879126
2021/08/03,臺股期貨,外資及陸資,50911,177397511,49654,173023503,1257,,19320,67480060,47865,166940469,-28545,-99460409
2021/08/03,臺股期貨,投信,45,157196,79,276014,-34,,17485,61134554,16950,59263980,535,1870574
2021/08/03,臺股期貨,自營商,7634,26599697,6951,24212342,683,,20457,71198744,4558,15886171,15899,55312573
2021/08/04,臺股期貨,外資及陸資,45846,160611169,44622,156335878,1224,,20768,72907986,48086,168523227,-27318,-95615241
2021/08/04,臺股期貨,投信,402,1412483,0,0,402,,17663,62071315,16726,58778509,937,3292806
2021/08/04,臺股期貨,自營商,7678,26906254,8162,28596291,-484,,20118,70325730,4676,16372329,15442,53953401
2021/08/05,臺股期貨,外資及陸資,32716,114851935,35682,125258305,-2966,,19280,67569906,49563,173417735,-30283,-105847829
2021/08/05,臺股期貨,投信,182,638640,116,407046,66,,17657,61954882,16654,58435555,1003,3519327
2021/08/05,臺股期貨,自營商,3610,12669409,3951,13861862,-341,,19767,68969334,4651,16256420,15116,52712914
2021/08/06,臺股期貨,外資及陸資,59135,206373405,57264,199830456,1871,,18997,66183061,47410,164887210,-28413,-98704149
2021/08/06,臺股期貨,投信,0,0,463,1615114,-463,,17520,61106256,16971,59191454,549,1914802
2021/08/06,臺股期貨,自營商,9249,32265947,8799,30687511,450,,20188,70035570,4605,15994239,15583,54041331
2021/08/09,臺股期貨,外資及陸資,60140,208762909,58110,201680674,2030,,19257,66959164,45605,158261832,-26348,-91302668
2021/08/09,臺股期貨,投信,89,309767,492,1711869,-403,,17533,61035880,17387,60527624,146,508256
2021/08/09,臺股期貨,自營商,9222,31986714,9982,34641510,-760,,19931,68986918,5084,17630840,14847,51356078
2021/08/10,臺股期貨,外資及陸資,47274,163897476,48848,169418816,-1574,,19021,65714110,46943,161863476,-27922,-96149366
2021/08/10,臺股期貨,投信,16,55355,527,1823215,-511,,17380,60117420,17745,61379955,-365,-1262535
2021/08/10,臺股期貨,自營商,7983,27665526,8076,27979197,-93,,20487,70456127,5702,19652982,14785,50803145
2021/08/11,臺股期貨,外資及陸資,65984,227028781,69766,240006971,-3782,,16693,57246323,48400,165695400,-31707,-108449077
2021/08/11,臺股期貨,投信,86,295182,329,1129775,-243,,17358,59607211,17966,61695244,-608,-2088033
2021/08/11,臺股期貨,自營商,12281,42222272,12712,43723108,-431,,19682,67185078,5289,18092318,14393,49092760
2021/08/12,臺股期貨,外資及陸資,50603,173792581,49384,169621817,1219,,17811,61037498,48300,165227135,-30489,-104189637
2021/08/12,臺股期貨,投信,81,278470,68,233003,13,,17371,59610157,17966,61651269,-595,-2041112
2021/08/12,臺股期貨,自營商,6393,21953834,6579,22590482,-186,,19432,66276077,5213,17816929,14219,48459148
2021/08/13,臺股期貨,外資及陸資,71946,245229951,73183,249486806,-1237,,17318,58576298,49400,166808559,-32082,-108232261
2021/08/13,臺股期貨,投信,997,3374299,1358,4616508,-361,,17314,58625157,18270,61883123,-956,-3257966
2021/08/13,臺股期貨,自營商,11373,38746779,11191,38095212,182,,20297,68365674,5895,19888076,14402,48477598
2021/08/16,臺股期貨,外資及陸資,89827,302444634,85788,288751071,4039,,18458,61725063,46527,155385251,-28069,-93660188
2021/08/16,臺股期貨,投信,19066,63952745,19368,64910686,-302,,17191,57460372,18449,61644687,-1258,-4184315
2021/08/16,臺股期貨,自營商,14159,47584336,14911,50185475,-752,,19226,64054680,5583,18654248,13643,45400432
2021/08/17,臺股期貨,外資及陸資,83999,281230272,83048,277947132,951,,18559,61269828,45680,150549645,-27121,-89279817
2021/08/17,臺股期貨,投信,15334,51161315,15538,51831020,-204,,17327,57069241,18789,61889214,-1462,-4819973
2021/08/17,臺股期貨,自營商,13613,45459851,13880,46384572,-267,,18508,60910508,5692,18793800,12816,42116708
2021/08/18,臺股期貨,外資及陸資,95145,313960889,97222,320941041,-2077,,14825,49505094,42218,140872612,-27393,-91367518
2021/08/18,臺股期貨,投信,1069,3559213,241,791609,828,,17474,58366655,18108,60484342,-634,-2117687
2021/08/18,臺股期貨,自營商,18052,59687688,18802,62204628,-750,,16357,54498839,3928,13086742,12429,41412097
2021/08/19,臺股期貨,外資及陸資,97655,321020313,94097,309640542,3558,,15824,51659642,39660,129381790,-23836,-77722148
2021/08/19,臺股期貨,投信,10,33113,1372,4477902,-1362,,17034,55626230,19030,62144368,-1996,-6518138
2021/08/19,臺股期貨,自營商,12131,39870956,13573,44557237,-1442,,16031,52226776,5066,16508751,10965,35718025
2021/08/20,臺股期貨,外資及陸資,118766,385908787,115570,375618502,3196,,16173,52346334,36813,119056925,-20640,-66710591
2021/08/20,臺股期貨,投信,30,97141,285,923515,-255,,16987,54997111,19238,62284949,-2251,-7287838
2021/08/20,臺股期貨,自營商,13065,42469194,13209,42913892,-144,,16510,53331195,5679,18351429,10831,34979766
2021/08/23,臺股期貨,外資及陸資,69799,231091225,71381,236273145,-1582,,17580,58627471,39793,132601561,-22213,-73974090
2021/08/23,臺股期貨,投信,1571,5238701,9,30019,1562,,17443,58186359,18132,60484726,-689,-2298367
2021/08/23,臺股期貨,自營商,10754,35647260,10296,34124042,458,,17061,56776536,5960,19844414,11101,36932122
2021/08/24,臺股期貨,外資及陸資,48438,162333735,47405,158873624,1033,,18600,62409808,39772,133347435,-21172,-70937627
2021/08/24,臺股期貨,投信,251,841498,0,0,251,,17544,58881173,17982,60351188,-438,-1470015
2021/08/24,臺股期貨,自營商,6329,21209318,7077,23721165,-748,,16851,56423718,6524,21858281,10327,34565437
2021/08/25,臺股期貨,外資及陸資,51352,173255807,51195,172786653,157,,19667,66702251,40684,137879577,-21017,-71177326
2021/08/25,臺股期貨,投信,634,2151682,1,3392,633,,17739,60177784,17544,59516266,195,661518
2021/08/25,臺股期貨,自營商,9647,32578779,9563,32298594,84,,16337,55284064,5936,20097592,10401,35186472
2021/08/26,臺股期貨,外資及陸資,70173,238485746,69091,234859209,1082,,17175,58353594,37104,125969268,-19929,-67615674
2021/08/26,臺股期貨,投信,3,10195,126,427999,-123,,17614,59862940,17542,59618241,72,244699
2021/08/26,臺股期貨,自營商,8861,30114016,7879,26772364,982,,16803,56973647,5468,18541006,11335,38432641
2021/08/27,臺股期貨,外資及陸資,65512,223817853,63155,215838179,2357,,17936,61595151,35507,121821504,-17571,-60226353
2021/08/27,臺股期貨,投信,630,2164326,921,3164142,-291,,16783,57639535,17002,58391669,-219,-752134
2021/08/27,臺股期貨,自營商,8326,28488971,10290,35198584,-1964,,15686,53730766,6394,21915239,9292,31815527
2021/08/30,臺股期貨,外資及陸資,50337,173808896,52066,179790132,-1729,,16685,57842971,35983,124634820,-19298,-66791849
2021/08/30,臺股期貨,投信,803,2783911,4,13866,799,,16953,58776051,16373,56765191,580,2010860
2021/08/30,臺股期貨,自營商,7421,25619795,7394,25534818,27,,16143,55830051,6830,23633647,9313,32196404
2021/08/31,臺股期貨,外資及陸資,67317,232791563,67189,232420817,128,,21774,76009014,40938,142792292,-19164,-66783278
2021/08/31,臺股期貨,投信,591,2062496,4,13963,587,,17024,59430784,15857,55356787,1167,4073997
2021/08/31,臺股期貨,自營商,10630,36756248,11551,39941465,-921,,16050,55886351,7743,26982489,8307,28903862
2021/09/01,臺股期貨,外資及陸資,58465,203824743,59501,207444376,-1036,,21897,76520426,42096,146967304,-20199,-70446878
2021/09/01,臺股期貨,投信,62,216698,37,129293,25,,17037,59540908,15845,55375106,1192,4165802
2021/09/01,臺股期貨,自營商,10462,36472880,10279,35847141,183,,14876,51815352,6450,22484828,8426,29330524
2021/09/02,臺股期貨,外資及陸資,66954,232882603,62550,217591348,4404,,21671,75058749,37476,129659375,-15805,-54600626
2021/09/02,臺股期貨,投信,4,13870,373,1291697,-369,,16892,58510510,16069,55659802,823,2850708
2021/09/02,臺股期貨,自營商,9045,31437725,9693,33690139,-648,,14118,48726627,6442,22254690,7676,26471937
2021/09/03,臺股期貨,外資及陸資,55396,193405943,59410,207405302,-4014,,20410,71462683,40226,140703768,-19816,-69241085
2021/09/03,臺股期貨,投信,352,1232332,137,479523,215,,16771,58725334,15733,55090673,1038,3634661
2021/09/03,臺股期貨,自營商,8277,28894278,9070,31678720,-793,,14485,50539288,7603,26562382,6882,23976906
2021/09/06,臺股期貨,外資及陸資,65256,228438650,61733,216120858,3523,,21392,74837091,37688,131702777,-16296,-56865686
2021/09/06,臺股期貨,投信,20,69976,253,885111,-233,,16744,58580558,15939,55764185,805,2816373
2021/09/06,臺股期貨,自營商,8536,29872913,8991,31469306,-455,,14283,49786128,7961,27788657,6322,21997471
2021/09/07,臺股期貨,外資及陸資,55343,192947232,54628,190475213,715,,20306,70756309,35886,124890652,-15580,-54134343
2021/09/07,臺股期貨,投信,5,17424,790,2750557,-785,,15964,55631347,15944,55561651,20,69696
2021/09/07,臺股期貨,自營商,9036,31490396,9045,31525989,-9,,14822,51452304,8504,29564850,6318,21887454
2021/09/08,臺股期貨,外資及陸資,71214,246456386,69831,241708075,1383,,20623,71183278,34820,120035078,-14197,-48851800
2021/09/08,臺股期貨,投信,28,96611,858,2959573,-830,,15677,54116980,16487,56913124,-810,-2796144
2021/09/08,臺股期貨,自營商,13252,45813188,13073,45211300,179,,13655,46950647,7043,24252108,6612,22698539
2021/09/09,臺股期貨,外資及陸資,80194,275739528,79151,272173663,1043,,22436,77334277,34091,117363357,-11655,-40029080
2021/09/09,臺股期貨,投信,50,172505,786,2709706,-736,,14941,51510568,16487,56840180,-1546,-5329612
2021/09/09,臺股期貨,自營商,11357,39023120,10715,36835026,642,,14360,49315938,7182,24699417,7178,24616521
2021/09/10,臺股期貨,外資及陸資,60517,210219519,63168,219500690,-2651,,22919,80042636,37221,129853229,-14302,-49810593
2021/09/10,臺股期貨,投信,643,2246211,56,195549,587,,15030,52523258,15989,55874731,-959,-3351473
2021/09/10,臺股期貨,自營商,11227,39011520,10958,38082754,269,,14890,51806064,7435,25906009,7455,25900055
2021/09/13,臺股期貨,外資及陸資,73780,257066522,74888,260855845,-1108,,22015,76679856,37418,130141385,-15403,-53461529
2021/09/13,臺股期貨,投信,16708,58173432,16847,58621407,-139,,15006,52236424,16104,56028173,-1098,-3791749
2021/09/13,臺股期貨,自營商,13282,46207767,12391,43179402,891,,17000,58978467,8654,30110081,8346,28868386
2021/09/14,臺股期貨,外資及陸資,75534,263886469,75506,263753398,28,,23342,81353337,38710,134761707,-15368,-53408370
2021/09/14,臺股期貨,投信,14195,49526016,14080,49141188,115,,15112,52603311,16095,56023708,-983,-3420397
2021/09/14,臺股期貨,自營商,11536,40298041,12554,43854966,-1018,,15819,54966259,8487,29557023,7332,25409236
2021/09/15,臺股期貨,外資及陸資,65768,228179327,63161,219121214,2607,,16495,57161545,31581,109357561,-15086,-52196016
2021/09/15,臺股期貨,投信,196,678762,1276,4421014,-1080,,14244,49364006,16307,56513539,-2063,-7149533
2021/09/15,臺股期貨,自營商,17337,60152425,17383,60336073,-46,,16219,56090704,4844,16744928,11375,39345776
2021/09/16,臺股期貨,外資及陸資,41333,142795521,44245,152879675,-2912,,15674,54062673,33671,116067030,-17997,-62004357
2021/09/16,臺股期貨,投信,4,13800,304,1048350,-300,,14165,48860751,16528,57011683,-2363,-8150932
2021/09/16,臺股期貨,自營商,7236,24981089,6730,23238444,506,,16879,58119636,4999,17203458,11880,40916178
2021/09/17,臺股期貨,外資及陸資,56956,196876777,55575,192138445,1381,,17970,62125788,34583,119502751,-16613,-57376963
2021/09/17,臺股期貨,投信,74,256106,0,0,74,,14217,49173760,16506,57090953,-2289,-7917193
2021/09/17,臺股期貨,自營商,8792,30400883,9849,34062387,-1057,,16742,57790815,5989,20671751,10753,37119064
2021/09/22,臺股期貨,外資及陸資,69228,234277521,70429,238348651,-1201,,16336,55187932,34164,115366452,-17828,-60178520
2021/09/22,臺股期貨,投信,5,16894,1967,6646254,-1962,,12955,43787900,17206,58156280,-4251,-14368380
2021/09/22,臺股期貨,自營商,13793,46603716,11696,39532794,2097,,18394,62060971,5421,18278677,12973,43782294
2021/09/23,臺股期貨,外資及陸資,55342,188522705,54008,183986531,1334,,18329,62583859,34797,118763705,-16468,-56179846
2021/09/23,臺股期貨,投信,481,1642749,42,141974,439,,13094,44729104,16906,57750896,-3812,-13021792
2021/09/23,臺股期貨,自營商,7763,26453208,7791,26550110,-28,,18650,63600500,5621,19155730,13029,44444770
2021/09/24,臺股期貨,外資及陸資,49110,168973232,50095,172350708,-985,,19014,65562692,36477,125725364,-17463,-60162672
2021/09/24,臺股期貨,投信,488,1681945,39,134489,449,,13165,45413984,16528,57014989,-3363,-11601005
2021/09/24,臺股期貨,自營商,7108,24457332,7570,26052184,-462,,18225,62759342,5659,19476910,12566,43282432
2021/09/27,臺股期貨,外資及陸資,46443,160397362,48331,166877329,-1888,,20034,69258481,39360,136019652,-19326,-66761171
2021/09/27,臺股期貨,投信,26,89923,5,17273,21,,13176,45567878,16518,57125851,-3342,-11557973
2021/09/27,臺股期貨,自營商,7228,24961593,7281,25149875,-53,,18873,65164315,6373,21996873,12500,43167442
2021/09/28,臺股期貨,外資及陸資,51692,177175380,49270,168859532,2422,,18151,62303118,36597,125572832,-18446,-63269714
2021/09/28,臺股期貨,投信,11,37727,875,3002803,-864,,12434,42698356,16640,57141760,-4206,-14443404
2021/09/28,臺股期貨,自營商,8827,30247443,8965,30723685,-138,,19190,65795983,6782,23245085,12408,42550898
2021/09/29,臺股期貨,外資及陸資,84745,286116320,84494,285276479,251,,18110,60887957,36280,121928478,-18170,-61040521
2021/09/29,臺股期貨,投信,168,566725,1488,5006339,-1320,,11987,40319473,17513,58906727,-5526,-18587254
2021/09/29,臺股期貨,自營商,15153,51112986,13973,47142331,1180,,19975,67086035,6369,21379691,13606,45706344
2021/09/30,臺股期貨,外資及陸資,75779,255004551,74358,250287426,1421,,20010,67682553,36741,124212987,-16731,-56530434
2021/09/30,臺股期貨,投信,539,1824012,5,16918,534,,12194,41262057,17186,58153987,-4992,-16891930
2021/09/30,臺股期貨,自營商,10543,35489094,10385,34969411,158,,20433,69028001,6681,22559485,13752,46468516
2021/10/01,臺股期貨,外資及陸資,92586,308047521,88887,295912647,3699,,24484,80856638,37521,123845393,-13037,-42988755
2021/10/01,臺股期貨,投信,168,554548,1260,4165564,-1092,,12100,39973560,18183,60069359,-6083,-20095799
2021/10/01,臺股期貨,自營商,13368,44365210,13264,44036288,104,,21131,69698493,7293,24044782,13838,45653711
2021/10/04,臺股期貨,外資及陸資,95451,314365560,93570,308260037,1881,,25458,83274835,36615,119701553,-11157,-36426718
2021/10/04,臺股期貨,投信,184,602638,36,117769,148,,12265,40133533,18200,59554040,-5935,-19420507
2021/10/04,臺股期貨,自營商,12351,40634555,12764,41988841,-413,,20901,68280534,7470,24393712,13431,43886822
2021/10/05,臺股期貨,外資及陸資,94549,308065672,100517,327551012,-5968,,21656,70982183,38785,127070306,-17129,-56088123
2021/10/05,臺股期貨,投信,453,1485690,27,87682,426,,12618,41374422,18127,59438433,-5509,-18064011
2021/10/05,臺股期貨,自營商,13664,44489694,12483,40667168,1181,,21961,71901170,7282,23829851,14679,48071319
2021/10/06,臺股期貨,外資及陸資,73440,240461813,70057,229374463,3383,,23353,76392421,37095,121278365,-13742,-44885944
2021/10/06,臺股期貨,投信,114,373116,87,284680,27,,12642,41369681,18125,59312250,-5483,-17942569
2021/10/06,臺股期貨,自營商,12337,40357480,11925,39010727,412,,20787,67906260,5685,18554469,15102,49351791
2021/10/07,臺股期貨,外資及陸資,79850,264076057,84381,279139059,-4531,,21783,72723242,40063,133687484,-18280,-60964242
2021/10/07,臺股期貨,投信,1139,3804911,0,0,1139,,12949,43247070,17293,57755161,-4344,-14508091
2021/10/07,臺股期貨,自營商,11292,37440118,13134,43576951,-1842,,20532,68447204,7268,24222161,13264,44225043
2021/10/08,臺股期貨,外資及陸資,52892,176606914,55756,186209367,-2864,,19757,65663087,40901,135881799,-21144,-70218712
2021/10/08,臺股期貨,投信,10,33250,329,1093890,-319,,12851,42729575,17514,58234050,-4663,-15504475
2021/10/08,臺股期貨,自營商,7464,24909658,6757,22548112,707,,21460,71229714,7522,24957018,13938,46272696
2021/10/12,臺股期貨,外資及陸資,79626,261694176,74111,243541008,5515,,21797,71549780,37431,122808981,-15634,-51259201
2021/10/12,臺股期貨,投信,52,170784,620,2035908,-568,,12734,41815909,17965,58993467,-5231,-17177558
2021/10/12,臺股期貨,自營商,11494,37731507,12346,40524538,-852,,22296,73098801,9066,29719690,13230,43379111
2021/10/13,臺股期貨,外資及陸資,62316,204916517,65130,214215772,-2814,,20524,66964600,38960,127062733,-18436,-60098133
2021/10/13,臺股期貨,投信,161,525848,282,921149,-121,,12747,41608757,18099,59078652,-5352,-17469895
2021/10/13,臺股期貨,自營商,11164,36681349,11566,38010445,-402,,21171,68983653,8356,27221929,12815,41761724
2021/10/14,臺股期貨,外資及陸資,61435,201626958,59126,194051889,2309,,23632,77490370,39759,130306895,-16127,-52816525
2021/10/14,臺股期貨,投信,86,282788,39,128388,47,,12783,41933353,18088,59335545,-5305,-17402192
2021/10/14,臺股期貨,自營商,7153,23477697,7434,24405901,-281,,20684,67719409,8064,26400037,12620,41319372
2021/10/15,臺股期貨,外資及陸資,63228,210709459,64789,215909105,-1561,,23033,77257881,40683,136399894,-17650,-59142013
2021/10/15,臺股期貨,投信,1508,5058312,9,30165,1499,,13316,44687114,17122,57461119,-3806,-12774005
2021/10/15,臺股期貨,自營商,11897,39641479,11087,36954835,810,,21145,70819462,7863,26331547,13282,44487915
2021/10/18,臺股期貨,外資及陸資,66086,221842703,67429,226341900,-1343,,24078,80441204,43080,143882484,-19002,-63441280
2021/10/18,臺股期貨,投信,17718,59418425,17577,58918957,141,,13423,44844259,17088,57079040,-3665,-12234781
2021/10/18,臺股期貨,自營商,14548,48791840,14380,48256688,168,,21114,70445934,7831,26130306,13283,44315628
2021/10/19,臺股期貨,外資及陸資,67936,229083376,67136,226325604,800,,22924,77389087,41130,138804167,-18206,-61415080
2021/10/19,臺股期貨,投信,12917,43679820,12182,41195942,735,,13824,46656011,16754,56544912,-2930,-9888901
2021/10/19,臺股期貨,自營商,15407,51961691,16685,56316576,-1278,,20330,68553147,8641,29160485,11689,39392662
2021/10/20,臺股期貨,外資及陸資,47479,160649457,48647,164587921,-1168,,17323,58486303,34786,117414035,-17463,-58927732
2021/10/20,臺股期貨,投信,321,1084299,97,327745,224,,14047,47442338,16753,56581582,-2706,-9139244
2021/10/20,臺股期貨,自營商,12402,41965297,11360,38433103,1042,,18454,62251596,3602,12131941,14852,50119655
2021/10/21,臺股期貨,外資及陸資,53295,180399811,53967,182705716,-672,,19664,66110862,37827,127147272,-18163,-61036410
2021/10/21,臺股期貨,投信,64,216252,1295,4358693,-1231,,12801,43049763,16738,56289894,-3937,-13240131
2021/10/21,臺股期貨,自營商,8958,30315387,8044,27225770,914,,19478,65436184,3646,12228748,15832,53207436
2021/10/22,臺股期貨,外資及陸資,47510,160080697,49346,166294210,-1836,,19291,65002793,39293,132375458,-20002,-67372665
2021/10/22,臺股期貨,投信,18,60694,98,330159,-80,,12719,42870661,16736,56410362,-4017,-13539701
2021/10/22,臺股期貨,自營商,6720,22645545,6494,21880684,226,,19443,65466094,3358,11285881,16085,54180213
2021/10/25,臺股期貨,外資及陸資,51655,173893189,50279,169295392,1376,,19108,64529962,39136,132139869,-20028,-67609907
2021/10/25,臺股期貨,投信,40,135135,58,195643,-18,,12703,42913275,16738,56544312,-4035,-13631037
2021/10/25,臺股期貨,自營商,7321,24656871,7384,24858967,-63,,19523,65881372,3515,11840333,16008,54041039
2021/10/26,臺股期貨,外資及陸資,44426,151010918,46476,157952611,-2050,,20112,68536535,42177,143698794,-22065,-75162259
2021/10/26,臺股期貨,投信,373,1271210,17,57937,356,,12776,43550829,16455,56091804,-3679,-12540975
2021/10/26,臺股期貨,自營商,7479,25428087,8581,29181050,-1102,,19860,67621337,4960,16870594,14900,50750743
2021/10/27,臺股期貨,外資及陸資,41998,142802927,42583,144812994,-585,,19594,66865704,42260,144184672,-22666,-77318968
2021/10/27,臺股期貨,投信,11,37551,85,290150,-74,,12699,43349306,16452,56160547,-3753,-12811241
2021/10/27,臺股期貨,自營商,8676,29510670,6878,23389835,1798,,20457,69753358,3746,12750824,16711,57002534
2021/10/28,臺股期貨,外資及陸資,43431,148021050,43179,147174943,252,,19933,67906301,42347,144234062,-22414,-76327761
2021/10/28,臺股期貨,投信,0,0,119,405463,-119,,12583,42880347,16455,56075349,-3872,-13195002
2021/10/28,臺股期貨,自營商,5611,19121038,5583,19024761,28,,20600,70121269,3852,13090337,16748,57030932
2021/10/29,臺股期貨,外資及陸資,54557,185021724,55987,189912758,-1430,,19062,64583639,42904,145331423,-23842,-80747784
2021/10/29,臺股期貨,投信,0,0,262,888011,-262,,12485,42314162,16619,56325115,-4134,-14010953
2021/10/29,臺股期貨,自營商,8441,28619344,7397,25081219,1044,,22083,74759564,4284,14480519,17799,60279045
2021/11/01,臺股期貨,外資及陸資,44047,150091489,42289,144092857,1758,,20227,69073696,42311,144453948,-22084,-75380252
2021/11/01,臺股期貨,投信,323,1103280,5,17078,318,,12580,42973280,16396,56008736,-3816,-13035456
2021/11/01,臺股期貨,自營商,6309,21496621,6387,21764715,-78,,22289,76050690,4549,15498180,17740,60552510
2021/11/02,臺股期貨,外資及陸資,45981,157517273,46350,158752595,-369,,21541,73419340,43984,149880701,-22443,-76461361
2021/11/02,臺股期貨,投信,0,0,156,531842,-156,,12535,42736829,16507,56278966,-3972,-13542137
2021/11/02,臺股期貨,自營商,9223,31579483,10079,34534817,-856,,22463,76499179,5575,18966497,16888,57532682
2021/11/03,臺股期貨,外資及陸資,34815,118951113,33909,115854080,906,,20790,71042015,42324,144596558,-21534,-73554543
2021/11/03,臺股期貨,投信,85,290558,18,61529,67,,12592,43041974,16497,56390045,-3905,-13348071
2021/11/03,臺股期貨,自營商,6068,20726332,5944,20305934,124,,21401,73070003,4389,14961739,17012,58108264
2021/11/04,臺股期貨,外資及陸資,43729,150031258,45289,155400465,-1560,,20776,70919044,43873,149726309,-23097,-78807265
2021/11/04,臺股期貨,投信,352,1201854,11,37680,341,,12612,43064935,16176,55234570,-3564,-12169635
2021/11/04,臺股期貨,自營商,6934,23783583,6845,23465122,89,,21452,73160161,4375,14894423,17077,58265738
2021/11/05,臺股期貨,外資及陸資,44143,151611309,42450,145816499,1693,,22740,78516975,44136,152351685,-21396,-73834710
2021/11/05,臺股期貨,投信,635,2193454,122,421342,513,,12650,43690570,15701,54228114,-3051,-10537544
2021/11/05,臺股期貨,自營商,7836,26925534,7015,24107474,821,,21944,75694489,4045,13928578,17899,61765911
2021/11/08,臺股期貨,外資及陸資,43667,151352070,39711,137650463,3956,,24888,86700207,42343,147460202,-17455,-60759995
2021/11/08,臺股期貨,投信,333,1160261,0,0,333,,12763,44473950,15481,53945093,-2718,-9471143
2021/11/08,臺股期貨,自營商,6864,23795678,7406,25679226,-542,,21427,74565532,4109,14275567,17318,60289965
2021/11/09,臺股期貨,外資及陸資,42252,148159763,40123,140688580,2129,,25784,90482241,39366,138089558,-13582,-47607317
2021/11/09,臺股期貨,投信,363,1274127,93,326431,270,,12714,44628683,15162,53221652,-2448,-8592969
2021/11/09,臺股期貨,自營商,8323,29176535,9177,32174904,-854,,20617,72262608,4158,14548939,16459,57713669
2021/11/10,臺股期貨,外資及陸資,40110,140794141,43043,151083143,-2933,,23757,83383259,40270,141284231,-16513,-57900972
2021/11/10,臺股期貨,投信,290,1018075,90,315990,200,,12634,44355447,14882,52247726,-2248,-7892279
2021/11/10,臺股期貨,自營商,9061,31793367,8058,28286834,1003,,21292,74643987,3836,13422965,17456,61221022
2021/11/11,臺股期貨,外資及陸資,48844,170843609,50322,175991255,-1478,,23348,81567345,41338,144360229,-17990,-62792884
2021/11/11,臺股期貨,投信,454,1586658,209,730151,245,,12592,44003809,14595,51003503,-2003,-6999694
2021/11/11,臺股期貨,自營商,8514,29766199,9213,32215034,-699,,20986,73228366,4481,15613524,16505,57614842
2021/11/12,臺股期貨,外資及陸資,51133,179458331,50131,175929214,1002,,25699,90141033,42670,149615678,-16971,-59474645
2021/11/12,臺股期貨,投信,71,249053,18,63075,53,,12638,44344017,14588,51186167,-1950,-6842150
2021/11/12,臺股期貨,自營商,9087,31871624,9380,32913792,-293,,20371,71374401,4148,14512997,16223,56861404
2021/11/15,臺股期貨,外資及陸資,71241,251352654,69816,246336714,1425,,29454,103976896,45033,158943680,-15579,-54966784
2021/11/15,臺股期貨,投信,15992,56448529,15695,55388250,297,,12616,44545295,14269,50374282,-1653,-5828987
2021/11/15,臺股期貨,自營商,13044,46007177,13753,48537358,-709,,19721,69554958,4221,14866604,15500,54688354
2021/11/16,臺股期貨,外資及陸資,56085,198346513,55566,196488462,519,,29676,104948987,44739,158178336,-15063,-53229349
2021/11/16,臺股期貨,投信,11206,39627761,11142,39404348,64,,12678,44831944,14267,50451030,-1589,-5619086
2021/11/16,臺股期貨,自營商,13630,48189740,15626,55265528,-1996,,18962,66996760,5435,19192346,13527,47804414
2021/11/17,臺股期貨,外資及陸資,42312,149906328,41586,147322949,726,,22930,81432241,38480,136624628,-15550,-55192387
2021/11/17,臺股期貨,投信,265,941038,23,81495,242,,12770,45361594,14117,50146407,-1347,-4784813
2021/11/17,臺股期貨,自營商,13022,46141388,13131,46538421,-109,,17274,61291962,3451,12222833,13823,49069129
2021/11/18,臺股期貨,外資及陸資,40864,145516200,43271,154079769,-2407,,24175,86329255,42115,150358512,-17940,-64029257
2021/11/18,臺股期貨,投信,214,764403,110,392904,104,,12713,45408293,13956,49848041,-1243,-4439748
2021/11/18,臺股期貨,自營商,6388,22744718,6797,24208559,-409,,17291,61690131,3883,13834251,13408,47855880
2021/11/19,臺股期貨,外資及陸資,40003,143003278,41829,149539535,-1826,,22931,81852780,42698,152372684,-19767,-70519904
2021/11/19,臺股期貨,投信,0,0,131,467627,-131,,12583,44926343,13957,49832073,-1374,-4905730
2021/11/19,臺股期貨,自營商,6389,22831406,5934,21206065,455,,17598,62757793,3718,13238977,13880,49518816
2021/11/22,臺股期貨,外資及陸資,37251,132741776,36148,128818449,1103,,26119,93151497,44775,159641808,-18656,-66490311
2021/11/22,臺股期貨,投信,0,0,1,3567,-1,,12582,44882510,13957,49787410,-1375,-4904900
2021/11/22,臺股期貨,自營商,5048,17989080,5416,19303023,-368,,17656,62906613,4122,14668390,13534,48238223
2021/11/23,臺股期貨,外資及陸資,53872,190995110,53923,191176793,-51,,25391,89655554,44098,155655475,-18707,-65999921
2021/11/23,臺股期貨,投信,2,7062,472,1667051,-470,,12442,43942656,14287,50458827,-1845,-6516171
2021/11/23,臺股期貨,自營商,10905,38639641,10501,37209682,404,,18593,65587184,4469,15749155,14124,49838029
2021/11/24,臺股期貨,外資及陸資,45679,161175445,45939,162076427,-260,,26591,94004918,45556,160989498,-18965,-66984580
2021/11/24,臺股期貨,投信,0,0,54,190781,-54,,12388,43803968,14287,50518832,-1899,-6714864
2021/11/24,臺股期貨,自營商,9431,33266989,9516,33585323,-85,,18151,64096914,4112,14505513,14039,49591401
2021/11/25,臺股期貨,外資及陸資,39303,138743374,40660,143536001,-1357,,26150,92408479,46472,164159416,-20322,-71750937
2021/11/25,臺股期貨,投信,0,0,12,42420,-12,,12376,43744210,14287,50498830,-1911,-6754620
2021/11/25,臺股期貨,自營商,5078,17921688,4622,16316151,456,,18487,65256731,3966,13983606,14521,51273125
2021/11/26,臺股期貨,外資及陸資,57029,198806953,55387,193089953,1642,,25483,88364491,45526,157789343,-20043,-69424852
2021/11/26,臺股期貨,投信,53,183838,925,3208291,-872,,12157,42165339,14940,51817896,-2783,-9652557
2021/11/26,臺股期貨,自營商,10730,37400761,11569,40309528,-839,,18179,62962528,4586,15872544,13593,47089984
2021/11/29,臺股期貨,外資及陸資,78423,271087974,76848,265683223,1575,,27290,94461722,45770,158345086,-18480,-63883364
2021/11/29,臺股期貨,投信,50,173159,5,17311,45,,12207,42263075,14945,51742579,-2738,-9479504
2021/11/29,臺股期貨,自營商,11102,38387756,11924,41227659,-822,,17321,59870732,4546,15702350,12775,44168382
2021/11/30,臺股期貨,外資及陸資,59359,206808937,62679,218333689,-3320,,25816,89457160,47610,164894471,-21794,-75437311
2021/11/30,臺股期貨,投信,100,348709,47,163076,53,,12287,42586742,14972,51892952,-2685,-9306210
2021/11/30,臺股期貨,自營商,12669,44130518,10908,38015507,1761,,19546,67637376,4991,17257692,14555,50379684
2021/12/01,臺股期貨,外資及陸資,73715,256387993,73468,255679383,247,,27067,95166994,48641,170935230,-21574,-75768236
2021/12/01,臺股期貨,投信,694,2439535,79,276580,615,,12410,43643488,14480,50923264,-2070,-7279776
2021/12/01,臺股期貨,自營商,11985,41809825,12892,44918869,-907,,18517,65002171,4812,16880692,13705,48121479
2021/12/02,臺股期貨,外資及陸資,66147,233217264,66437,234243278,-290,,25754,91169150,47612,168440588,-21858,-77271438
2021/12/02,臺股期貨,投信,292,1032811,63,222655,229,,12479,44185643,14320,50704256,-1841,-6518613
2021/12/02,臺股期貨,自營商,9153,32261779,9892,34883407,-739,,18076,63859487,5169,18252444,12907,45607043
2021/12/03,臺股期貨,外資及陸資,57749,204462356,58052,205542302,-303,,25658,90839737,47825,169212110,-22167,-78372373
2021/12/03,臺股期貨,投信,62,219579,55,194724,7,,12481,44197717,14315,50692278,-1834,-6494561
2021/12/03,臺股期貨,自營商,7587,26842595,6827,24163044,760,,18793,66402184,5126,18100397,13667,48301787
2021/12/06,臺股期貨,外資及陸資,59664,210540180,61524,217115227,-1860,,26877,95079935,50907,179972337,-24030,-84892402
2021/12/06,臺股期貨,投信,76,268756,82,289880,-6,,12477,44148617,14317,50659273,-1840,-6510656
2021/12/06,臺股期貨,自營商,9758,34410659,9404,33168543,354,,20154,71155435,6101,21532891,14053,49622544
2021/12/07,臺股期貨,外資及陸資,52406,185105763,54602,192910577,-2196,,25350,90198699,51568,183358974,-26218,-93160275
2021/12/07,臺股期貨,投信,1386,4929944,33,116468,1353,,13726,48850834,14213,50584067,-487,-1733233
2021/12/07,臺股期貨,自營商,10298,36370367,9375,33127686,923,,20974,74474470,5968,21185181,15006,53289289
2021/12/08,臺股期貨,外資及陸資,50707,181611475,49912,178770955,795,,25001,89246017,50415,179827492,-25414,-90581475
2021/12/08,臺股期貨,投信,623,2225441,7,24977,616,,14295,51041727,14166,50580974,129,460753
2021/12/08,臺股期貨,自營商,10791,38627413,11870,42504495,-1079,,18022,64172700,4102,14595480,13920,49577220
2021/12/09,臺股期貨,外資及陸資,43596,155886482,42782,152967007,814,,25804,92407078,50404,180349889,-24600,-87942811
2021/12/09,臺股期貨,投信,106,379162,38,135631,68,,14368,51466176,14171,50759849,197,706327
2021/12/09,臺股期貨,自營商,6960,24871165,7244,25899383,-284,,17793,63549586,4144,14795867,13649,48753719
2021/12/10,臺股期貨,外資及陸資,41858,149361801,43674,155839193,-1816,,24508,87308008,50924,181261551,-26416,-93953543
2021/12/10,臺股期貨,投信,65,231915,9,32080,56,,14425,51404908,14172,50502678,253,902230
2021/12/10,臺股期貨,自營商,7350,26211353,6520,23251100,830,,18450,65562617,3966,14085190,14484,51477427
2021/12/13,臺股期貨,外資及陸資,74418,265568709,73764,263181499,654,,27013,95761376,52763,186926458,-25750,-91165082
2021/12/13,臺股期貨,投信,16119,57480561,16356,58303325,-237,,14398,51032751,14382,50956859,16,75892
2021/12/13,臺股期貨,自營商,12836,45734791,12714,45352016,122,,19017,67280092,4800,17003571,14217,50276521
2021/12/14,臺股期貨,外資及陸資,79823,281528724,80601,284222209,-778,,26018,91367761,52546,184428384,-26528,-93060623
2021/12/14,臺股期貨,投信,12584,44257079,12856,45227002,-272,,14556,51071182,14812,51969437,-256,-898255
2021/12/14,臺股期貨,自營商,17429,61406943,17611,62085659,-182,,20214,70900149,6095,21414569,14119,49485580
2021/12/15,臺股期貨,外資及陸資,53009,186255523,51311,180242264,1698,,20890,73511746,46678,164223266,-25788,-90711520
2021/12/15,臺股期貨,投信,429,1507181,31,108893,398,,14959,52649696,14817,52149721,142,499975
2021/12/15,臺股期貨,自營商,12766,44871798,13923,48965614,-1157,,16895,59404537,1969,6912357,14926,52492180
2021/12/16,臺股期貨,外資及陸資,46271,163757347,47009,166355246,-738,,21203,75487454,47733,169903550,-26530,-94416096
2021/12/16,臺股期貨,投信,664,2363779,31,110183,633,,15153,53956802,14378,51196998,775,2759804
2021/12/16,臺股期貨,自營商,6087,21557756,5828,20652235,259,,17043,60627125,1873,6651949,15170,53975176
2021/12/17,臺股期貨,外資及陸資,45937,163202582,44808,159207681,1129,,22015,78295437,47429,168641687,-25414,-90346250
2021/12/17,臺股期貨,投信,55,195581,25,88871,30,,15184,54009488,14379,51145923,805,2863565
2021/12/17,臺股期貨,自營商,4956,17603367,5888,20912205,-932,,16673,59246539,2408,8546960,14265,50699579
2021/12/20,臺股期貨,外資及陸資,58051,205280925,59268,209591179,-1217,,21589,75903582,48231,169527801,-26642,-93624219
2021/12/20,臺股期貨,投信,0,0,478,1681461,-478,,14990,52710836,14663,51560793,327,1150043
2021/12/20,臺股期貨,自營商,9262,32707299,7797,27535042,1465,,18173,63838972,2416,8477169,15757,55361803
2021/12/21,臺股期貨,外資及陸資,56290,198950879,55080,194732228,1210,,22106,78667517,47519,169053698,-25413,-90386181
2021/12/21,臺股期貨,投信,528,1879217,15,53369,513,,15173,54003742,14333,51013830,840,2989912
2021/12/21,臺股期貨,自營商,7724,27344970,8395,29722762,-671,,18020,64065105,2951,10483893,15069,53581212
2021/12/22,臺股期貨,外資及陸資,32867,117073776,31653,112740540,1214,,21197,75584810,45391,161804783,-24194,-86219973
2021/12/22,臺股期貨,投信,54,192643,11,39231,43,,15206,54230678,14323,51081363,883,3149315
2021/12/22,臺股期貨,自營商,5927,21109522,5197,18513117,730,,17966,64001401,2167,7710054,15799,56291347
2021/12/23,臺股期貨,外資及陸資,35214,126222109,34886,125051741,328,,22282,79984278,46148,165599988,-23866,-85615710
2021/12/23,臺股期貨,投信,238,854299,189,678111,49,,15039,53993018,14107,50646761,932,3346257
2021/12/23,臺股期貨,自營商,6229,22330808,6007,21539470,222,,18213,65311349,2192,7850750,16021,57460599
2021/12/24,臺股期貨,外資及陸資,23503,84577675,24293,87421944,-790,,23007,82616088,47663,171102901,-24656,-88486813
2021/12/24,臺股期貨,投信,10,35917,2,7197,8,,15047,54039796,14107,50663710,940,3376086
2021/12/24,臺股期貨,自營商,3989,14352916,4566,16427996,-577,,17674,63404811,2260,8098463,15414,55306348
2021/12/27,臺股期貨,外資及陸資,24617,88823840,23426,84531900,1191,,25438,91922301,48898,176644536,-23460,-84722235
2021/12/27,臺股期貨,投信,315,1138296,109,393817,206,,15038,54347332,13892,50205528,1146,4141804
2021/12/27,臺股期貨,自營商,4734,17084134,4999,18040093,-265,,17598,63530089,2451,8839037,15147,54691052
2021/12/28,臺股期貨,外資及陸資,30973,112384206,30112,109256611,861,,27786,101161919,50379,183358810,-22593,-82196891
2021/12/28,臺股期貨,投信,255,928505,5,18207,250,,15120,55054944,13724,49971641,1396,5083303
2021/12/28,臺股期貨,自營商,5158,18710749,5795,21036679,-637,,17407,63306053,2919,10608178,14488,52697875
2021/12/29,臺股期貨,外資及陸資,28797,105002005,29303,106853798,-506,,29056,106181396,52147,190503616,-23091,-84322220
2021/12/29,臺股期貨,投信,259,946539,29,105967,230,,15194,55531031,13568,49588138,1626,5942893
2021/12/29,臺股期貨,自營商,6988,25484035,6504,23719007,484,,17622,64326298,2489,9075641,15133,55250657
2021/12/30,臺股期貨,外資及陸資,26135,95310820,28202,102848071,-2067,,27306,99430782,52462,190972629,-25156,-91541847
2021/12/30,臺股期貨,投信,167,607940,139,506072,28,,15287,55672197,13633,49648659,1654,6023538
2021/12/30,臺股期貨,自營商,4887,17815207,4407,16062034,480,,17979,65400515,2345,8519392,15634,56881123
2022/01/03,臺股期貨,外資及陸資,47531,173843817,47563,173958727,-32,,26582,97129829,51758,189064317,-25176,-91934488
2022/01/03,臺股期貨,投信,202,738140,14,51164,188,,15356,56116961,13514,49385562,1842,6731399
2022/01/03,臺股期貨,自營商,9106,33305795,8917,32622628,189,,18361,67026324,2641,9630774,15720,57395550
2022/01/04,臺股期貨,外資及陸資,47620,175427479,47158,173788084,462,,27113,100381565,51817,191775996,-24704,-91394431
2022/01/04,臺股期貨,投信,556,2058774,8,29600,548,,15524,57482260,13134,48632575,2390,8849685
2022/01/04,臺股期貨,自營商,10380,38266172,9665,35619587,715,,19420,71822437,3025,11179552,16395,60642885
2022/01/05,臺股期貨,外資及陸資,45535,168522193,44930,166272586,605,,27902,103113416,51989,192057127,-24087,-88943711
2022/01/05,臺股期貨,投信,523,1933390,10,36959,513,,16039,59280138,13136,48550656,2903,10729482
2022/01/05,臺股期貨,自營商,9929,36737642,9923,36715197,6,,19120,70579244,2736,10089803,16384,60489441
2022/01/06,臺股期貨,外資及陸資,64270,235999634,63304,232518195,966,,28444,104303379,51581,189067689,-23137,-84764310
2022/01/06,臺股期貨,投信,391,1435132,649,2380921,-258,,16069,58931444,13424,49231178,2645,9700266
2022/01/06,臺股期貨,自營商,10809,39669123,12251,44963099,-1442,,17886,65504721,2973,10880927,14913,54623794
2022/01/07,臺股期貨,外資及陸資,75053,274336314,78533,287135309,-3480,,25367,92049605,51976,188525778,-26609,-96476173
2022/01/07,臺股期貨,投信,21,76222,424,1539325,-403,,15960,57922026,13718,49785366,2242,8136660
2022/01/07,臺股期貨,自營商,12892,47099745,12925,47215468,-33,,18625,67502552,3762,13630058,14863,53872494
2022/01/10,臺股期貨,外資及陸資,61790,224349551,60607,220062005,1183,,25419,92817423,50850,185586531,-25431,-92769108
2022/01/10,臺股期貨,投信,294,1073609,0,0,294,,16080,58724148,13544,49462688,2536,9261460
2022/01/10,臺股期貨,自營商,9612,34888884,8830,32061403,782,,19386,70695296,3732,13604959,15654,57090337
2022/01/11,臺股期貨,外資及陸資,69781,253970228,72699,264611814,-2918,,23945,87524814,52262,190926572,-28317,-103401758
2022/01/11,臺股期貨,投信,15,54852,50,182738,-35,,16091,58825464,13590,49682322,2501,9143142
2022/01/11,臺股期貨,自營商,12688,46193806,11923,43425621,765,,20127,73465730,3695,13482397,16432,59983333
2022/01/12,臺股期貨,外資及陸資,55552,203494952,55678,203947553,-126,,23031,84628415,51460,188972569,-28429,-104344154
2022/01/12,臺股期貨,投信,177,650571,110,404200,67,,16250,59721971,13682,50284086,2568,9437885
2022/01/12,臺股期貨,自營商,11671,42736650,11070,40553043,601,,19409,71197973,2479,9084596,16930,62113377
2022/01/13,臺股期貨,外資及陸資,55975,206108683,53243,196032654,2732,,24230,89271668,49927,183818636,-25697,-94546968
2022/01/13,臺股期貨,投信,157,578259,96,353448,61,,16299,60061519,13670,50373737,2629,9687782
2022/01/13,臺股期貨,自營商,8909,32794041,10116,37248274,-1207,,18412,67700838,3337,12269798,15075,55431040
2022/01/14,臺股期貨,外資及陸資,96162,353752514,95939,352821279,223,,23473,86163350,48947,179551697,-25474,-93388347
2022/01/14,臺股期貨,投信,39,143149,44,161167,-5,,16304,59868007,13680,50232730,2624,9635277
2022/01/14,臺股期貨,自營商,16913,62231838,16231,59747673,682,,18722,68597684,3063,11218466,15659,57379218
2022/01/17,臺股期貨,外資及陸資,79131,291998778,79293,292602823,-162,,24820,91784895,50454,186491052,-25634,-94706157
2022/01/17,臺股期貨,投信,17705,65407952,17547,64810700,158,,16398,60630310,13616,50320967,2782,10309343
2022/01/17,臺股期貨,自營商,15647,57730800,16329,60266531,-682,,19996,73826978,5034,18601938,14962,55225040
2022/01/18,臺股期貨,外資及陸資,85759,317117660,84322,311755790,1437,,26327,96465898,50530,185061361,-24203,-88595463
2022/01/18,臺股期貨,投信,11679,43131452,12081,44630924,-402,,16409,60101421,14029,51379893,2380,8721528
2022/01/18,臺股期貨,自營商,17446,64448578,16269,60135087,1177,,20828,76243944,4608,16876595,16220,59367349
2022/01/19,臺股期貨,外資及陸資,77701,283876183,78504,286776067,-803,,21290,77258711,45781,166072795,-24491,-88814084
2022/01/19,臺股期貨,投信,697,2532265,704,2557709,-7,,16397,59507992,14674,53254881,1723,6253111
2022/01/19,臺股期貨,自營商,18108,66130588,18587,67893296,-479,,17330,62832970,2650,9597791,14680,53235179
2022/01/20,臺股期貨,外資及陸資,68473,249042968,68850,250433633,-377,,21835,79576663,46710,170162968,-24875,-90586305
2022/01/20,臺股期貨,投信,291,1060630,121,440752,170,,16497,60128266,14604,53228659,1893,6899607
2022/01/20,臺股期貨,自營商,8567,31160115,7564,27500182,1003,,18029,65643583,2413,8772535,15616,56871048
2022/01/21,臺股期貨,外資及陸資,85851,309002956,86976,312969594,-1125,,21095,75495509,47110,168526018,-26015,-93030509
2022/01/21,臺股期貨,投信,442,1586595,1000,3578413,-558,,16621,59489883,15286,54711651,1335,4778232
2022/01/21,臺股期貨,自營商,12960,46597148,12901,46358278,59,,19036,68063190,3358,11992361,15678,56070829
2022/01/24,臺股期貨,外資及陸資,86044,307050047,87175,311109636,-1131,,19591,70351732,46732,167736853,-27141,-97385121
2022/01/24,臺股期貨,投信,346,1241487,58,208000,288,,16795,60317563,15172,54488721,1623,5828842
2022/01/24,臺股期貨,自營商,10825,38627963,10195,36378684,630,,19074,68426549,2925,10479524,16149,57947025
2022/01/25,臺股期貨,外資及陸資,124831,441889971,128902,456379872,-4071,,17523,61931981,50251,177518005,-32728,-115586024
2022/01/25,臺股期貨,投信,102,360054,717,2532750,-615,,16768,59271526,15760,55708448,1008,3563078
2022/01/25,臺股期貨,自營商,15191,53723457,14005,49532895,1186,,20838,73574638,3635,12821291,17203,60753347
2022/01/26,臺股期貨,外資及陸資,84366,297639402,83432,294332828,934,,17849,62904012,49630,174813770,-31781,-111909758
2022/01/26,臺股期貨,投信,472,1665094,30,105737,442,,17240,60767552,15790,55656592,1450,5110960
2022/01/26,臺股期貨,自營商,10526,37153778,11059,39035940,-533,,20361,71671899,3784,13307274,16577,58364625
2022/02/07,臺股期貨,外資及陸資,77333,274446690,75811,269044097,1522,,18470,66099072,48730,174298753,-30260,-108199681
2022/02/07,臺股期貨,投信,607,2170977,414,1481354,193,,16977,60763338,15334,54883453,1643,5879885
2022/02/07,臺股期貨,自營商,12514,44495840,11241,39946778,1273,,21511,76897531,3772,13469362,17739,63428169
2022/02/08,臺股期貨,外資及陸資,52773,189736940,52028,187049258,745,,18868,67696514,48402,173558784,-29534,-105862270
2022/02/08,臺股期貨,投信,369,1324147,0,0,369,,17122,61439786,15110,54220724,2012,7219062
2022/02/08,臺股期貨,自營商,9991,35923061,10506,37776200,-515,,21339,76465268,4114,14727386,17225,61737882
2022/02/09,臺股期貨,外資及陸資,41976,151653136,39246,141806917,2730,,20349,73913903,45801,166254580,-25452,-92340677
2022/02/09,臺股期貨,投信,321,1165992,0,0,321,,17213,62530558,14880,54056064,2333,8474494
2022/02/09,臺股期貨,自營商,9806,35449070,9356,33825969,450,,21816,79130876,4215,15276675,17601,63854201
2022/02/10,臺股期貨,外資及陸資,52434,191020995,47545,173190560,4889,,21723,79641687,42282,154905856,-20559,-75264169
2022/02/10,臺股期貨,投信,124,452559,1462,5355923,-1338,,15808,57963946,14813,54315984,995,3647962
2022/02/10,臺股期貨,自營商,10023,36497832,10677,38907133,-654,,21462,78561855,4555,16663464,16907,61898391
2022/02/11,臺股期貨,外資及陸資,66594,243355389,65057,237757780,1537,,22969,83908158,41991,153332741,-19022,-69424583
2022/02/11,臺股期貨,投信,591,2158144,1891,6907123,-1300,,14010,51199433,14315,52315326,-305,-1115893
2022/02/11,臺股期貨,自營商,9663,35288281,10809,39477721,-1146,,21317,77792981,5555,20255195,15762,57537786
2022/02/14,臺股期貨,外資及陸資,93484,337763317,95607,345356625,-2123,,20915,75109608,42060,150991851,-21145,-75882243
2022/02/14,臺股期貨,投信,15379,55259857,16374,58814504,-995,,13382,48053757,14682,52705349,-1300,-4651592
2022/02/14,臺股期貨,自營商,20955,75588782,20210,72935427,745,,21858,78441763,5126,18387150,16732,60054613
2022/02/15,臺股期貨,外資及陸資,101645,365419951,96896,348273788,4749,,23195,83179772,39586,141891919,-16391,-58712147
2022/02/15,臺股期貨,投信,11544,41559025,11752,42306741,-208,,13328,47772081,14836,53172385,-1508,-5400304
2022/02/15,臺股期貨,自營商,18636,66962651,21152,76035861,-2516,,19424,69614968,5218,18699031,14206,50915937
2022/02/16,臺股期貨,外資及陸資,61884,224609284,60558,219776668,1326,,19729,71872184,35153,127999508,-15424,-56127324
2022/02/16,臺股期貨,投信,705,2567475,71,258330,634,,12815,46685045,14316,52153188,-1501,-5468143
2022/02/16,臺股期貨,自營商,20502,74414197,22612,82139529,-2110,,17473,63616574,3469,12620939,14004,50995635
2022/02/17,臺股期貨,外資及陸資,62768,229016979,63781,232732509,-1013,,21116,77047809,37563,136991550,-16447,-59943741
2022/02/17,臺股期貨,投信,85,310228,109,397750,-24,,12848,46879782,14373,52444202,-1525,-5564420
2022/02/17,臺股期貨,自營商,9026,32935128,8867,32352772,159,,18005,65654867,3829,13951843,14176,51703024
2022/02/18,臺股期貨,外資及陸資,55200,200720691,55964,203531746,-764,,22185,80872674,39394,143533981,-17209,-62661307
2022/02/18,臺股期貨,投信,112,408232,156,568641,-44,,12849,46839745,14418,52559377,-1569,-5719632
2022/02/18,臺股期貨,自營商,7812,28391996,7634,27748664,178,,18298,66659446,3962,14424786,14336,52234660
2022/02/21,臺股期貨,外資及陸資,61462,223120728,63729,231371629,-2267,,20971,76384111,40455,147275517,-19484,-70891406
2022/02/21,臺股期貨,投信,72,262281,26,93973,46,,12909,47019742,14432,52567117,-1523,-5547375
2022/02/21,臺股期貨,自營商,8103,29389441,7609,27618412,494,,18627,67800034,3753,13650248,14874,54149786
2022/02/22,臺股期貨,外資及陸資,78541,282142173,78870,283377674,-329,,19132,68415096,38935,139148677,-19803,-70733581
2022/02/22,臺股期貨,投信,142,508101,1108,3964545,-966,,12559,44910984,15048,53811648,-2489,-8900664
2022/02/22,臺股期貨,自營商,14088,50541847,13568,48681328,520,,19180,68546804,3718,13277181,15462,55269623
2022/02/23,臺股期貨,外資及陸資,65970,236887290,63284,227222212,2686,,19592,70694621,36711,132375298,-17119,-61680677
2022/02/23,臺股期貨,投信,375,1352864,27,97424,348,,12623,45548833,14764,53274418,-2141,-7725585
2022/02/23,臺股期貨,自營商,9731,34952149,10461,37592014,-730,,18820,67855392,4023,14492338,14797,53363054
2022/02/24,臺股期貨,外資及陸資,108559,385649842,110232,391709279,-1673,,20706,72523567,40675,142366901,-19969,-69843334
2022/02/24,臺股期貨,投信,55,192751,1186,4158975,-1131,,12288,43039949,15560,54500456,-3272,-11460507
2022/02/24,臺股期貨,自營商,14439,51193297,13747,48742552,692,,19997,69985789,4531,15844415,15466,54141374
2022/02/25,臺股期貨,外資及陸資,114247,399562028,114620,400823605,-373,,17834,62810077,38200,134433016,-20366,-71622939
2022/02/25,臺股期貨,投信,403,1419551,654,2303500,-251,,11836,41686392,15359,54094398,-3523,-12408006
2022/02/25,臺股期貨,自營商,12367,43347983,13120,45997843,-753,,19835,69801137,5094,17913399,14741,51887738
2022/03/01,臺股期貨,外資及陸資,83911,298220241,81604,290039097,2307,,21000,75229385,39087,139915836,-18087,-64686451
2022/03/01,臺股期貨,投信,803,2875789,159,569773,644,,11852,42458605,14731,52772334,-2879,-10313729
2022/03/01,臺股期貨,自營商,10383,36965518,11537,41090091,-1154,,19798,70863099,6159,22036543,13639,48826556
2022/03/02,臺股期貨,外資及陸資,69083,246322996,71232,253989934,-2149,,19703,70291354,39938,142363403,-20235,-72072049
2022/03/02,臺股期貨,投信,11,39245,183,653270,-172,,11784,42040598,14835,52925346,-3051,-10884748
2022/03/02,臺股期貨,自營商,12622,44988281,11604,41362786,1018,,19938,71065688,5277,18798356,14661,52267332
2022/03/03,臺股期貨,外資及陸資,65207,232855508,64442,230142057,765,,18155,65099051,37620,134769222,-19465,-69670171
2022/03/03,臺股期貨,投信,178,637924,8,28685,170,,11850,42491730,14731,52822420,-2881,-10330690
2022/03/03,臺股期貨,自營商,7501,26792925,8120,29003792,-619,,19707,70590204,5679,20332277,14028,50257927
2022/03/04,臺股期貨,外資及陸資,82001,291109211,80054,284263023,1947,,20535,72561132,38052,134312847,-17517,-61751715
2022/03/04,臺股期貨,投信,40,141361,497,1756836,-457,,11744,41498598,15082,53293755,-3338,-11795157
2022/03/04,臺股期貨,自營商,10007,35469685,10419,36947818,-412,,19450,68646283,5745,20275184,13705,48371099
2022/03/07,臺股期貨,外資及陸資,102974,356627831,103666,359115376,-692,,18593,63430159,38062,129686715,-19469,-66256556
2022/03/07,臺股期貨,投信,145,495049,1871,6389445,-1726,,11105,37885818,16169,55162160,-5064,-17276342
2022/03/07,臺股期貨,自營商,18431,63510457,17434,60084053,997,,20401,69506980,5289,18018481,15112,51488499
2022/03/08,臺股期貨,外資及陸資,118367,400468999,113676,384742771,4691,,19913,66534760,35769,119337275,-15856,-52802515
2022/03/08,臺股期貨,投信,168,561875,2599,8687718,-2431,,9045,30222963,16540,55266756,-7495,-25043793
2022/03/08,臺股期貨,自營商,19455,65709667,19555,66044016,-100,,20287,67677468,5418,18073882,14869,49603586
2022/03/09,臺股期貨,外資及陸資,103965,350708500,100804,340006648,3161,,21673,73463706,34393,116370416,-12720,-42906710
2022/03/09,臺股期貨,投信,491,1664039,6,20339,485,,9128,30942094,16138,54704592,-7010,-23762498
2022/03/09,臺股期貨,自營商,17697,59779255,19431,65687172,-1734,,18943,64068728,5950,20136082,12993,43932646
2022/03/10,臺股期貨,外資及陸資,76771,265274900,72511,250586782,4260,,22470,78352204,29531,102748897,-7061,-24396693
2022/03/10,臺股期貨,投信,1109,3864460,31,107799,1078,,9355,32622756,15287,53308597,-5932,-20685841
2022/03/10,臺股期貨,自營商,11641,40297948,12596,43641960,-955,,19251,66966066,7231,25179616,12020,41786450
2022/03/11,臺股期貨,外資及陸資,79414,274665956,82906,286767052,-3492,,22289,76780597,32842,112924274,-10553,-36143677
2022/03/11,臺股期貨,投信,69,240214,494,1701643,-425,,9277,31961120,15634,53862077,-6357,-21900957
2022/03/11,臺股期貨,自營商,13894,48017959,11780,40692020,2114,,19726,67812642,5587,19212879,14139,48599763
2022/03/14,臺股期貨,外資及陸資,95625,330107316,95758,330571685,-133,,21658,74619835,32325,111186642,-10667,-36566807
2022/03/14,臺股期貨,投信,14669,50519895,14780,50869073,-111,,9207,31713307,15675,53980474,-6468,-22267167
2022/03/14,臺股期貨,自營商,15240,52552841,16351,56399607,-1111,,19802,68104255,7052,24276317,12750,43827938
2022/03/15,臺股期貨,外資及陸資,108520,369357751,111691,380198266,-3171,,24853,83764635,38688,130173163,-13835,-46408528
2022/03/15,臺股期貨,投信,10185,34431518,11006,37186692,-821,,9105,30647441,16393,55179476,-7288,-24532035
2022/03/15,臺股期貨,自營商,24194,82120151,23631,80244923,563,,20775,69881180,7476,25187988,13299,44693192
2022/03/16,臺股期貨,外資及陸資,102917,347559413,97171,328260239,5746,,15691,53135917,28014,94720053,-12323,-41584136
2022/03/16,臺股期貨,投信,212,717566,75,253059,137,,9135,30934764,16286,55150910,-7151,-24216146
2022/03/16,臺股期貨,自營商,18959,64064266,21411,72295101,-2452,,19307,65315061,5332,18032585,13975,47282476
2022/03/17,臺股期貨,外資及陸資,94546,326506046,94851,327724887,-305,,19262,67201176,31877,111061152,-12615,-43859976
2022/03/17,臺股期貨,投信,2023,7049415,0,0,2023,,9898,34532142,15026,52422709,-5128,-17890567
2022/03/17,臺股期貨,自營商,11517,39841381,11294,39083839,223,,19908,69379787,5684,19801934,14224,49577853
2022/03/18,臺股期貨,外資及陸資,68504,238102297,72863,253273162,-4359,,17190,59797039,34162,118682631,-16972,-58885592
2022/03/18,臺股期貨,投信,1659,5776546,197,684730,1462,,11472,39906499,15138,52659047,-3666,-12752548
2022/03/18,臺股期貨,自營商,10111,35131308,9678,33620254,433,,20028,69587727,5336,18526089,14692,51061638
2022/03/21,臺股期貨,外資及陸資,58078,202926936,55497,193902472,2581,,19251,67343753,33642,117529181,-14391,-50185428
2022/03/21,臺股期貨,投信,132,462854,192,671593,-60,,11584,40523149,15310,53557442,-3726,-13034293
2022/03/21,臺股期貨,自營商,8056,28175149,8846,30930741,-790,,20129,70326557,6224,21730713,13905,48595844
2022/03/22,臺股期貨,外資及陸資,50317,176196886,48918,171292852,1399,,20407,71514207,33399,116890732,-12992,-45376525
2022/03/22,臺股期貨,投信,7,24535,65,227615,-58,,11532,40412741,15316,53673390,-3784,-13260649
2022/03/22,臺股期貨,自營商,6191,21669269,6560,22963255,-369,,19709,68981794,6173,21592415,13536,47389379
2022/03/23,臺股期貨,外資及陸資,48366,170748667,47403,167365828,963,,23125,81857781,35181,124376597,-12056,-42518816
2022/03/23,臺股期貨,投信,306,1083013,8,28298,298,,11699,41412120,15185,53751863,-3486,-12339743
2022/03/23,臺股期貨,自營商,11775,41587455,10914,38549671,861,,20411,72159429,6013,21243533,14398,50915896
2022/03/24,臺股期貨,外資及陸資,49716,175235925,48610,171335007,1106,,22061,77959067,33005,116474435,-10944,-38515368
2022/03/24,臺股期貨,投信,12,42390,1534,5419973,-1522,,10180,35974084,15188,53671354,-5008,-17697270
2022/03/24,臺股期貨,自營商,6562,23128190,7478,26354146,-916,,19915,70281221,6432,22685337,13483,47595884
2022/03/25,臺股期貨,外資及陸資,50658,178866416,51753,182753346,-1095,,20533,72359643,32611,114771473,-12078,-42411830
2022/03/25,臺股期貨,投信,11,38772,24,84581,-13,,10172,35848162,15193,53543171,-5021,-17695009
2022/03/25,臺股期貨,自營商,5913,20872424,5337,18830713,576,,20136,70871948,6074,21361097,14062,49510851
2022/03/28,臺股期貨,外資及陸資,68458,239054523,66212,231206945,2246,,20211,70481132,28687,99889720,-8476,-29408588
2022/03/28,臺股期貨,投信,81,282737,837,2917978,-756,,9813,34221856,15590,54368566,-5777,-20146710
2022/03/28,臺股期貨,自營商,10343,36066663,11086,38651678,-743,,20057,69858119,6746,23476445,13311,46381674
2022/03/29,臺股期貨,外資及陸資,48518,170000492,45389,159037977,3129,,23628,82911525,28985,101559952,-5357,-18648427
2022/03/29,臺股期貨,投信,173,607126,3,10516,170,,9875,34653350,15482,54329434,-5607,-19676084
2022/03/29,臺股期貨,自營商,7192,25201853,7592,26603967,-400,,19926,69835720,6997,24504410,12929,45331310
2022/03/30,臺股期貨,外資及陸資,55975,198020426,55538,196462764,437,,26585,94319670,31542,111752103,-4957,-17432433
2022/03/30,臺股期貨,投信,563,1996761,98,347645,465,,9960,35338080,15102,53581896,-5142,-18243816
2022/03/30,臺股期貨,自營商,10890,38525333,11205,39647633,-315,,19603,69452288,7071,25036099,12532,44416189
2022/03/31,臺股期貨,外資及陸資,43870,155325694,48139,170438823,-4269,,22986,81063184,32202,113414903,-9216,-32351719
2022/03/31,臺股期貨,投信,0,0,203,716005,-203,,9921,34989383,15266,53840129,-5345,-18850746
2022/03/31,臺股期貨,自營商,6575,23264096,6385,22593206,190,,19522,68755401,6800,23931565,12722,44823836
2022/04/01,臺股期貨,外資及陸資,56188,196929463,53306,186842521,2882,,24334,85442492,30566,107169513,-6232,-21727021
2022/04/01,臺股期貨,投信,10,35117,291,1021363,-281,,9863,34632938,15489,54388075,-5626,-19755137
2022/04/01,臺股期貨,自營商,6910,24205273,7580,26543838,-670,,19588,68681857,7431,26038510,12157,42643347
2022/04/06,臺股期貨,外資及陸資,56022,195642671,55378,193423709,644,,24328,85165615,29893,104497018,-5565,-19331403
2022/04/06,臺股期貨,投信,2,7003,37,128800,-35,,9850,34484850,15511,54304011,-5661,-19819161
2022/04/06,臺股期貨,自營商,8923,31127783,8910,31075207,13,,19510,68204222,7314,25548327,12196,42655895
2022/04/07,臺股期貨,外資及陸資,69802,241823587,70835,245505565,-1033,,25322,86806570,31881,109138499,-6559,-22331929
2022/04/07,臺股期貨,投信,20,68567,986,3381963,-966,,9609,32943496,16236,55663502,-6627,-22720006
2022/04/07,臺股期貨,自營商,9807,33927648,10332,35720711,-525,,19647,67257423,7668,26227847,11979,41029576
2022/04/08,臺股期貨,外資及陸資,61666,212296203,57788,198946166,3878,,27652,95689391,30333,104807932,-2681,-9118541
2022/04/08,臺股期貨,投信,336,1161852,97,334115,239,,9631,33330965,16019,55438555,-6388,-22107590
2022/04/08,臺股期貨,自營商,8150,28067804,9207,31722676,-1057,,18754,64796491,7913,27324445,10841,37472046
2022/04/11,臺股期貨,外資及陸資,73441,251882923,71183,244229279,2258,,28599,97433155,29022,98711338,-423,-1278183
2022/04/11,臺股期貨,投信,67,231964,688,2342341,-621,,9512,32411189,16521,56293655,-7009,-23882466
2022/04/11,臺股期貨,自營商,12900,44155327,12125,41498995,775,,19759,67211457,8111,27573950,11648,39637507
2022/04/12,臺股期貨,外資及陸資,68496,232979487,68848,234186996,-352,,29694,100943992,31557,107101005,-1863,-6157013
2022/04/12,臺股期貨,投信,3,10201,94,320542,-91,,9485,32249000,16585,56389000,-7100,-24140000
2022/04/12,臺股期貨,自營商,12131,41231578,11621,39510929,510,,20137,68333461,8158,27670786,11979,40662675
2022/04/13,臺股期貨,外資及陸資,68255,234322938,69633,239112637,-1378,,30611,105996143,33869,117066429,-3258,-11070286
2022/04/13,臺股期貨,投信,1175,4067965,0,0,1175,,10357,35868362,16282,56387822,-5925,-20519460
2022/04/13,臺股期貨,自營商,17900,61558642,17261,59341574,639,,20226,69872804,7579,26178177,12647,43694627
2022/04/14,臺股期貨,外資及陸資,47835,165428050,49749,172041958,-1914,,28448,98385019,33622,116052314,-5174,-17667295
2022/04/14,臺股期貨,投信,278,961765,81,279895,197,,10534,36437106,16262,56249985,-5728,-19812879
2022/04/14,臺股期貨,自營商,8485,29327563,7522,26005752,963,,20235,69802259,6749,23275563,13486,46526696
2022/04/15,臺股期貨,外資及陸資,64055,219141222,67448,230733832,-3393,,26897,91309629,35318,119712294,-8421,-28402665
2022/04/15,臺股期貨,投信,281,954036,674,2284716,-393,,10766,36561336,16887,57344411,-6121,-20783075
2022/04/15,臺股期貨,自營商,13275,45330286,14016,47831159,-741,,20088,68060551,7527,25476149,12561,42584402
2022/04/18,臺股期貨,外資及陸資,67360,227650976,66040,223175668,1320,,27311,92147619,34363,115756173,-7052,-23608554
2022/04/18,臺股期貨,投信,15578,52596671,15855,53497636,-277,,10775,36343898,17173,57909289,-6398,-21565391
2022/04/18,臺股期貨,自營商,16266,54940528,17466,59015085,-1200,,19597,65989707,7922,26662466,11675,39327241
2022/04/19,臺股期貨,外資及陸資,80012,272521511,80314,273547859,-302,,30139,102369110,37493,127187940,-7354,-24818830
2022/04/19,臺股期貨,投信,11616,39579438,11311,38533596,305,,10855,36848668,16948,57531706,-6093,-20683038
2022/04/19,臺股期貨,自營商,20508,69808699,20465,69702354,43,,19033,64543848,7282,24681500,11751,39862348
2022/04/20,臺股期貨,外資及陸資,68024,231603411,65973,224583654,2051,,21804,74436154,31777,108358635,-9973,-33922481
2022/04/20,臺股期貨,投信,441,1504051,90,307190,351,,10961,37425238,16703,57030723,-5742,-19605485
2022/04/20,臺股期貨,自營商,16665,56761603,17115,58314436,-450,,17946,61195789,3654,12414570,14292,48781219
2022/04/21,臺股期貨,外資及陸資,51288,175886626,51303,175932879,-15,,22780,78014767,32779,112134715,-9999,-34119948
2022/04/21,臺股期貨,投信,218,746717,6,20593,212,,11061,37886137,16591,56827493,-5530,-18941356
2022/04/21,臺股期貨,自營商,7322,25094027,7986,27364996,-664,,18039,61698513,4437,15125343,13602,46573170
2022/04/22,臺股期貨,外資及陸資,63115,214293035,61108,207545770,2007,,22650,76962440,30647,104000495,-7997,-27038055
2022/04/22,臺股期貨,投信,24,81553,370,1256522,-346,,11005,37399392,16881,57368390,-5876,-19968998
2022/04/22,臺股期貨,自營商,8857,30034002,8511,28860453,346,,18421,62510177,4695,15882644,13726,46627533
2022/04/25,臺股期貨,外資及陸資,80909,270168505,81608,272526680,-699,,20744,68742687,29440,97420816,-8696,-28678129
2022/04/25,臺股期貨,投信,191,632980,1087,3601913,-896,,10986,36411998,17758,58857115,-6772,-22445117
2022/04/25,臺股期貨,自營商,13029,43365182,12745,42412401,284,,18964,62762412,5053,16672301,13911,46090111
2022/04/26,臺股期貨,外資及陸資,71816,238179385,71756,237973843,60,,20729,68746639,30440,100806832,-9711,-32060193
2022/04/26,臺股期貨,投信,1,3327,511,1695404,-510,,10740,35624580,18022,59778974,-7282,-24154394
2022/04/26,臺股期貨,自營商,9118,30234069,8804,29189520,314,,19279,63849117,5053,16681980,14226,47167137
2022/04/27,臺股期貨,外資及陸資,91105,297330877,94345,307891467,-3240,,22046,71801137,34990,113805648,-12944,-42004511
2022/04/27,臺股期貨,投信,373,1218738,1106,3602000,-733,,10917,35561036,18932,61669097,-8015,-26108061
2022/04/27,臺股期貨,自營商,18567,60500629,18181,59227571,386,,19715,64112333,5132,16631951,14583,47480382
2022/04/28,臺股期貨,外資及陸資,88612,289079198,87404,285061719,1208,,23534,77123473,35266,115413747,-11732,-38290274
2022/04/28,臺股期貨,投信,292,957108,211,689073,81,,10985,36004436,18919,62008914,-7934,-26004478
2022/04/28,臺股期貨,自營商,9058,29558732,9514,31052841,-456,,19965,65321848,5832,19026924,14133,46294924
2022/04/29,臺股期貨,外資及陸資,79995,264338053,73918,244232406,6077,,24763,82107414,30437,100754088,-5674,-18646674
2022/04/29,臺股期貨,投信,410,1359762,255,844537,155,,11116,36862879,18895,62659599,-7779,-25796720
2022/04/29,臺股期貨,自營商,9230,30510465,10627,35139891,-1397,,19818,65592785,7095,23437803,12723,42154982
2022/05/03,臺股期貨,外資及陸資,62665,206864830,66867,220719326,-4202,,21658,71338104,31534,103698484,-9876,-32360380
2022/05/03,臺股期貨,投信,507,1670259,230,757388,277,,11616,38267750,19118,62982339,-7502,-24714589
2022/05/03,臺股期貨,自營商,9092,29993910,7493,24708227,1599,,20660,67934922,6333,20772406,14327,47162516
2022/05/04,臺股期貨,外資及陸資,53736,177174124,52726,173841370,1010,,23681,78223514,32547,107333847,-8866,-29110333
2022/05/04,臺股期貨,投信,98,324738,0,0,98,,11708,38680890,19057,62960517,-7349,-24279627
2022/05/04,臺股期貨,自營商,9059,29885788,9042,29822177,17,,20701,68258112,6354,20899128,14347,47358984
2022/05/05,臺股期貨,外資及陸資,61220,203485955,62245,206879465,-1025,,24616,82129032,34590,115228213,-9974,-33099181
2022/05/05,臺股期貨,投信,800,2670170,53,176903,747,,11999,40040663,18601,62071537,-6602,-22030874
2022/05/05,臺股期貨,自營商,8668,28849711,8197,27278708,471,,20909,69633721,6100,20259940,14809,49373781
2022/05/06,臺股期貨,外資及陸資,79767,261315417,79655,261014933,112,,27116,88684645,36891,120472399,-9775,-31787754
2022/05/06,臺股期貨,投信,176,579709,926,3028432,-750,,11961,39126823,19313,63176686,-7352,-24049863
2022/05/06,臺股期貨,自營商,10115,33094349,10483,34293826,-368,,21427,69958451,7085,23072079,14342,46886372
2022/05/09,臺股期貨,外資及陸資,88772,287855689,87142,282610163,1630,,28651,91820021,36816,117795348,-8165,-25975327
2022/05/09,臺股期貨,投信,0,0,1293,4151545,-1293,,11704,37516002,20349,65226685,-8645,-27710683
2022/05/09,臺股期貨,自營商,11625,37544418,11660,37644875,-35,,21934,70167551,7631,24350933,14303,45816618
2022/05/10,臺股期貨,外資及陸資,90396,288142582,95098,303114692,-4702,,26968,86483936,39854,127608630,-12886,-41124694
2022/05/10,臺股期貨,投信,2,6415,856,2728111,-854,,11448,36720605,20947,67185037,-9499,-30464432
2022/05/10,臺股期貨,自營商,14310,45556396,12727,40503224,1583,,22999,73613094,7100,22647332,15899,50965762
2022/05/11,臺股期貨,外資及陸資,80895,258654378,77166,246667569,3729,,28866,92391879,38024,121480604,-9158,-29088725
2022/05/11,臺股期貨,投信,0,0,304,973458,-304,,11447,36646426,21250,68024830,-9803,-31378404
2022/05/11,臺股期貨,自營商,13358,42672773,13431,42926904,-73,,21970,70157931,6111,19431980,15859,50725951
2022/05/12,臺股期貨,外資及陸資,100817,319621870,99624,315888407,1193,,32359,101133922,38998,121595937,-6639,-20462015
2022/05/12,臺股期貨,投信,35,109402,1291,4033479,-1256,,11200,35011200,22259,69576658,-11059,-34565458
2022/05/12,臺股期貨,自營商,13959,44080955,15019,47447145,-1060,,22213,69205281,7026,21809882,15187,47395399
2022/05/13,臺股期貨,外資及陸資,93066,292464579,91938,288860853,1128,,34081,107998881,39600,125194837,-5519,-17195956
2022/05/13,臺股期貨,投信,766,2427872,29,91577,737,,11410,36167418,21732,68880914,-10322,-32713496
2022/05/13,臺股期貨,自營商,11452,36039179,12216,38467633,-764,,22361,70616316,7978,25123971,14383,45492345
2022/05/16,臺股期貨,外資及陸資,95099,302854381,92081,293278966,3018,,34984,111283664,37524,119101095,-2540,-7817431
2022/05/16,臺股期貨,投信,18515,58876648,18223,57892247,292,,11463,36457854,21493,68343403,-10030,-31885549
2022/05/16,臺股期貨,自營商,16669,53061432,18061,57517584,-1392,,21929,69543304,9293,29415690,12636,40127614
2022/05/17,臺股期貨,外資及陸資,82394,263490463,79761,255036924,2633,,36090,115815856,35999,115217432,91,598424
2022/05/17,臺股期貨,投信,13506,43315833,13170,42219827,336,,11507,36889150,21201,67972348,-9694,-31083198
2022/05/17,臺股期貨,自營商,16412,52535745,17270,55320220,-858,,20448,65386065,8912,28465734,11536,36920331
2022/05/18,臺股期貨,外資及陸資,70363,227499696,64845,209654150,5518,,30391,98437231,28690,92651188,1701,5786043
2022/05/18,臺股期貨,投信,1232,3988538,601,1938175,631,,11713,37945435,20776,67305930,-9063,-29360495
2022/05/18,臺股期貨,自營商,16752,54195413,18203,58901853,-1451,,18986,61308050,6390,20545433,12596,40762617
2022/05/19,臺股期貨,外資及陸資,72751,232200477,74128,236627753,-1377,,29756,94668284,29356,93097818,400,1570466
2022/05/19,臺股期貨,投信,46,146430,589,1874844,-543,,11648,37066266,21254,67634479,-9606,-30568213
2022/05/19,臺股期貨,自營商,7666,24423358,8279,26364794,-613,,18566,58886079,6608,20863855,11958,38022224
2022/05/20,臺股期貨,外資及陸資,86567,276806880,81363,260112702,5204,,33247,107273732,27654,88898441,5593,18375291
2022/05/20,臺股期貨,投信,542,1748712,272,872584,270,,11636,37551699,20973,67684066,-9337,-30132367
2022/05/20,臺股期貨,自營商,7235,23134584,8640,27668107,-1405,,18043,58013977,7516,24085230,10527,33928747
2022/05/23,臺股期貨,外資及陸資,83114,267678262,84664,272706286,-1550,,32239,104068076,28191,90651955,4048,13416121
2022/05/23,臺股期貨,投信,285,920841,321,1036276,-36,,11527,37216072,20900,67477740,-9373,-30261668
2022/05/23,臺股期貨,自營商,10867,35015426,10595,34118545,272,,17897,57560533,7170,22978376,10727,34582157
2022/05/24,臺股期貨,外資及陸資,69011,222145715,68028,218975960,983,,33493,106658849,28469,90245402,5024,16413447
2022/05/24,臺股期貨,投信,20,63709,742,2368275,-722,,11430,36406836,21525,68561430,-10095,-32154594
2022/05/24,臺股期貨,自營商,9875,31670965,10732,34470479,-857,,17809,56474294,7962,25189733,9847,31284561
2022/05/25,臺股期貨,外資及陸資,78395,250812121,78021,249404417,374,,38931,125031963,33532,107065747,5399,17966216
2022/05/25,臺股期貨,投信,54,173449,206,662062,-152,,11225,36056945,21472,68972358,-10247,-32915413
2022/05/25,臺股期貨,自營商,15304,48820975,15070,48271628,234,,17884,56983671,7805,24893554,10079,32090117
2022/05/26,臺股期貨,外資及陸資,80708,259044658,81573,261869041,-865,,39883,127204368,35355,112107660,4528,15096708
2022/05/26,臺股期貨,投信,154,491975,465,1483597,-311,,11194,35708860,21752,69388880,-10558,-33680020
2022/05/26,臺股期貨,自營商,7828,25071471,8147,26108505,-319,,17861,56493352,7942,25151436,9919,31341916
2022/05/27,臺股期貨,外資及陸資,64334,207534155,59635,192429074,4699,,43761,142012565,34549,111444217,9212,30568348
2022/05/27,臺股期貨,投信,848,2752172,354,1145006,494,,11229,36447088,21293,69112819,-10064,-32665731
2022/05/27,臺股期貨,自營商,7841,25282060,8606,27804778,-765,,17666,56805639,8618,27775302,9048,29030337
2022/05/30,臺股期貨,外資及陸資,55078,180812644,57298,188162503,-2220,,44151,146155106,37159,122284432,6992,23870674
2022/05/30,臺股期貨,投信,1705,5640271,89,294729,1616,,11471,37989658,19919,65967744,-8448,-27978086
2022/05/30,臺股期貨,自營商,9142,30010274,8289,27254936,853,,17670,57934509,7894,25942373,9776,31992136
2022/05/31,臺股期貨,外資及陸資,55123,182652299,55848,185040862,-725,,49636,165531530,41645,138123149,7991,27408381
2022/05/31,臺股期貨,投信,3011,10036341,0,0,3011,,13756,45892767,19193,64031687,-5437,-18138920
2022/05/31,臺股期貨,自營商,9291,30757214,11052,36633350,-1761,,17036,56215799,9019,29881214,8017,26334585
2022/06/01,臺股期貨,外資及陸資,67122,223485424,67689,225181639,-567,,52296,173636406,44862,148058117,7434,25578289
2022/06/01,臺股期貨,投信,517,1723489,299,993105,218,,13846,45990874,19065,63326304,-5219,-17335430
2022/06/01,臺股期貨,自營商,14063,46717569,12593,41908520,1470,,17316,56800902,7888,25988942,9428,30811960
2022/06/02,臺股期貨,外資及陸資,68086,225342615,65263,215919131,2823,,54068,178706311,43811,143812890,10257,34893421
2022/06/02,臺股期貨,投信,76,251325,359,1186964,-283,,13845,45779877,19347,63972790,-5502,-18192913
2022/06/02,臺股期貨,自營商,7389,24384403,7496,24777793,-107,,17204,56116004,7832,25682799,9372,30433205
2022/06/06,臺股期貨,外資及陸資,65949,218598996,67678,224307836,-1729,,51283,170178260,42755,140848877,8528,29329383
2022/06/06,臺股期貨,投信,282,936353,140,464981,142,,13839,45945480,19199,63740680,-5360,-17795200
2022/06/06,臺股期貨,自營商,9286,30721206,8510,28184296,776,,17614,57656775,7452,24522674,10162,33134101
2022/06/07,臺股期貨,外資及陸資,65177,215345478,66037,218058782,-860,,48010,157977199,41393,135063904,6617,22913295
2022/06/07,臺股期貨,投信,0,0,411,1353332,-411,,13661,44974744,19432,63974030,-5771,-18999286
2022/06/07,臺股期貨,自營商,9943,32718184,10056,33171376,-113,,17914,58098135,7821,25529341,10093,32568794
2022/06/08,臺股期貨,外資及陸資,55546,184178492,52546,174311121,3000,,50195,166975841,40608,133943594,9587,33032247
2022/06/08,臺股期貨,投信,285,947382,67,223005,218,,13846,46081343,19399,64563752,-5553,-18482409
2022/06/08,臺股期貨,自營商,10784,35747980,11885,39442157,-1101,,17932,58729318,8958,29585259,8974,29144059
2022/06/09,臺股期貨,外資及陸資,48849,162105651,50535,167684968,-1686,,48164,159587275,40260,132271488,7904,27315787
2022/06/09,臺股期貨,投信,82,271898,150,494090,-68,,13793,45728416,19414,64362040,-5621,-18633624
2022/06/09,臺股期貨,自營商,7378,24422032,5839,19311001,1539,,18469,60272738,7997,26257574,10472,34015164
2022/06/10,臺股期貨,外資及陸資,68008,223822906,68998,227068422,-990,,49924,164160611,43014,140287202,6910,23873409
2022/06/10,臺股期貨,投信,62,204298,433,1426286,-371,,13753,45312506,19745,65052753,-5992,-19740247
2022/06/10,臺股期貨,自營商,10462,34347081,10415,34142465,47,,17897,58016601,7263,23626695,10634,34389906
2022/06/13,臺股期貨,外資及陸資,113559,364545260,115628,371766405,-2069,,53813,171259546,49023,155219439,4790,16040107
2022/06/13,臺股期貨,投信,19285,61241935,21713,68462560,-2428,,12795,40473349,21215,66920325,-8420,-26446976
2022/06/13,臺股期貨,自營商,17611,56360488,18146,58028283,-535,,17699,55827304,7867,24841429,9832,30985875
2022/06/14,臺股期貨,外資及陸資,128575,407382550,131278,416164238,-2703,,56809,179501946,54736,172257296,2073,7244650
2022/06/14,臺股期貨,投信,12928,40816259,13159,41355116,-231,,12948,40437752,21599,67384560,-8651,-26946808
2022/06/14,臺股期貨,自營商,22374,70685267,21570,68357393,804,,17963,56346910,7417,23337660,10546,33009250
2022/06/15,臺股期貨,外資及陸資,82586,261261424,83972,265622595,-1386,,30638,95257014,36936,114750140,-6298,-19493126
2022/06/15,臺股期貨,投信,638,1986512,648,2059482,-10,,13082,40674554,21769,67684175,-8687,-27009621
2022/06/15,臺股期貨,自營商,18488,58491299,18973,60259515,-485,,16562,51409829,5108,15804853,11454,35604976
2022/06/16,臺股期貨,外資及陸資,92182,287595154,92389,288183980,-207,,32392,99835531,38870,119693813,-6478,-19858282
2022/06/16,臺股期貨,投信,2736,8433327,481,1483576,2255,,15670,48298074,22102,68122784,-6432,-19824710
2022/06/16,臺股期貨,自營商,9208,28678235,10604,33043496,-1396,,16434,50555692,6306,19355206,10128,31200486
2022/06/17,臺股期貨,外資及陸資,99890,303989258,106376,323754149,-6486,,33773,102677580,46737,141988135,-12964,-39310555
2022/06/17,臺股期貨,投信,1866,5676390,864,2628033,1002,,17507,53228283,22937,69737655,-5430,-16509372
2022/06/17,臺股期貨,自營商,12955,39408363,11697,35576817,1258,,16933,51382512,5528,16719454,11405,34663058
2022/06/20,臺股期貨,外資及陸資,93149,281756232,94868,286954745,-1719,,36077,108447739,50760,152485114,-14683,-44037375
2022/06/20,臺股期貨,投信,1609,4836278,635,1908151,974,,19103,57427439,23559,70823066,-4456,-13395627
2022/06/20,臺股期貨,自營商,12132,36638585,11922,35979276,210,,17601,52810006,6016,17992740,11585,34817266
2022/06/21,臺股期貨,外資及陸資,59306,180410583,63514,193342500,-4208,,35068,107622887,53962,165501200,-18894,-57878313
2022/06/21,臺股期貨,投信,3341,10253842,6,18413,3335,,21417,65733056,22538,69173630,-1121,-3440574
2022/06/21,臺股期貨,自營商,9700,29537016,11327,34503698,-1627,,16278,49845593,6496,19841419,9782,30004174
2022/06/22,臺股期貨,外資及陸資,73234,222354743,70916,215368001,2318,,35271,105909862,51863,155611580,-16592,-49701718
2022/06/22,臺股期貨,投信,896,2699494,1308,3927592,-412,,21942,65891826,23475,70495425,-1533,-4603599
2022/06/22,臺股期貨,自營商,14242,43229946,14037,42533472,205,,15077,45167588,4953,14784544,10124,30383044
2022/06/23,臺股期貨,外資及陸資,112363,336729004,113839,341203015,-1476,,34235,102275186,52303,156135473,-18068,-53860287
2022/06/23,臺股期貨,投信,557,1663789,489,1460568,68,,22484,67177695,23949,71554822,-1465,-4377127
2022/06/23,臺股期貨,自營商,14139,42294805,15290,45749307,-1151,,13955,41584546,4984,14796483,8971,26788063
2022/06/24,臺股期貨,外資及陸資,92629,278117119,90054,270344187,2575,,32026,96402119,50502,151899536,-18476,-55497417
2022/06/24,臺股期貨,投信,850,2557756,30,90300,820,,22976,69171546,23621,71113383,-645,-1941837
2022/06/24,臺股期貨,自營商,9896,29714531,14268,42902857,-4372,,12261,36797586,6374,19098584,5887,17699002
2022/06/27,臺股期貨,外資及陸資,63098,192377942,63326,193118092,-228,,32715,99941227,51421,156957136,-18706,-57015909
2022/06/27,臺股期貨,投信,2319,7088560,0,0,2319,,24162,73824575,22488,68709835,1674,5114740
2022/06/27,臺股期貨,自營商,10084,30774446,9749,29782485,335,,12692,38643014,6461,19646383,6231,18996631
2022/06/28,臺股期貨,外資及陸資,62984,191556823,63842,194189852,-858,,31049,94333322,50631,153700123,-19582,-59366801
2022/06/28,臺股期貨,投信,943,2864779,396,1202993,547,,25105,76289074,22884,69539899,2221,6749175
2022/06/28,臺股期貨,自營商,8781,26670088,9396,28548587,-615,,12803,38766658,7262,21963889,5541,16802769
2022/06/29,臺股期貨,外資及陸資,70910,214181578,71320,215428986,-410,,29976,90003501,49996,149988421,-20020,-59984920
2022/06/29,臺股期貨,投信,358,1075198,576,1729654,-218,,25286,75938915,23283,69923506,2003,6015409
2022/06/29,臺股期貨,自營商,12423,37472463,12933,39011682,-510,,12507,37413027,7478,22346953,5029,15066074
2022/06/30,臺股期貨,外資及陸資,87266,258305166,85368,252826638,1898,,32900,96205344,50996,148995887,-18096,-52790543
2022/06/30,臺股期貨,投信,37,108272,1511,4419613,-1474,,25100,73412480,24571,71865261,529,1547219
2022/06/30,臺股期貨,自營商,10799,31870360,10850,31991603,-51,,12586,36665639,7547,21951562,5039,14714077
2022/07/01,臺股期貨,外資及陸資,130389,376680348,127583,368923214,2806,,35244,99897182,50537,143119489,-15293,-43222307
2022/07/01,臺股期貨,投信,536,1518576,2468,6985785,-1932,,24963,70770105,26366,74747610,-1403,-3977505
2022/07/01,臺股期貨,自營商,16391,47197126,17189,49499983,-798,,11621,32791290,7373,20772017,4248,12019273
2022/07/04,臺股期貨,外資及陸資,105293,298846785,104331,296165480,962,,35392,100153338,48732,137780868,-13340,-37627530
2022/07/04,臺股期貨,投信,1200,3396447,627,1772166,573,,24874,70403370,25704,72749922,-830,-2346552
2022/07/04,臺股期貨,自營商,13807,39122622,15202,43086687,-1395,,11417,32149790,8558,24080878,2859,8068912
2022/07/05,臺股期貨,外資及陸資,87085,246952578,88102,249896712,-1017,,34018,96654061,48379,137343810,-14361,-40689749
2022/07/05,臺股期貨,投信,1881,5343290,3218,9137100,-1337,,22172,63008086,24339,69164031,-2167,-6155945
2022/07/05,臺股期貨,自營商,15592,44178579,15595,44238151,-3,,11928,33732848,9078,25650535,2850,8082313
2022/07/06,臺股期貨,外資及陸資,110308,309848577,104519,293809658,5789,,34478,95685871,43072,119428736,-8594,-23742865
2022/07/06,臺股期貨,投信,657,1831106,3697,10266018,-3040,,19003,52748208,24210,67196260,-5207,-14448052
2022/07/06,臺股期貨,自營商,15869,44521482,16512,46304828,-643,,11470,31671549,9227,25451715,2243,6219834
2022/07/07,臺股期貨,外資及陸資,104163,292893445,103281,290486257,882,,32959,93488869,39507,111965389,-6548,-18476520
2022/07/07,臺股期貨,投信,2207,6267577,2168,6153494,39,,17058,48400030,22226,63057831,-5168,-14657801
2022/07/07,臺股期貨,自營商,12870,36259969,12184,34298564,686,,11825,33371092,9027,25437130,2798,7933962
2022/07/08,臺股期貨,外資及陸資,86007,246948277,80724,231806380,5283,,33620,96332314,33777,96682770,-157,-350456
2022/07/08,臺股期貨,投信,1749,5019527,1068,3061570,681,,16024,45930861,20511,58786419,-4487,-12855558
2022/07/08,臺股期貨,自營商,11419,32780926,13262,38069558,-1843,,11727,33425228,10891,31035573,836,2389655
2022/07/11,臺股期貨,外資及陸資,89523,256895602,86633,248642897,2890,,32806,93640769,30072,85740918,2734,7899851
2022/07/11,臺股期貨,投信,1253,3578774,2244,6408361,-991,,14466,41308450,19944,56945524,-5478,-15637074
2022/07/11,臺股期貨,自營商,10804,30959210,11140,31922530,-336,,11702,33225162,11239,31900817,463,1324345
2022/07/12,臺股期貨,外資及陸資,83685,234965537,78909,221667237,4776,,36479,101466155,28945,80405144,7534,21061011
2022/07/12,臺股期貨,投信,135,375499,2283,6318849,-2148,,13682,38073623,21308,59259281,-7626,-21185658
2022/07/12,臺股期貨,自營商,14020,39212021,14306,40028346,-286,,12159,33626254,11929,33001699,230,624555
2022/07/13,臺股期貨,外資及陸資,91442,260084703,95484,271521293,-4042,,33858,96640636,30385,86626854,3473,10013782
2022/07/13,臺股期貨,投信,1248,3559544,12,34266,1236,,14197,40547617,20587,58766754,-6390,-18219137
2022/07/13,臺股期貨,自營商,19404,55209129,17594,50027341,1810,,12282,34877386,10160,28838333,2122,6039053
2022/07/14,臺股期貨,外資及陸資,106199,302949473,110110,314156297,-3911,,31902,91720170,32359,92932788,-457,-1212618
2022/07/14,臺股期貨,投信,967,2784395,45,128145,922,,14342,41262431,19810,56961202,-5468,-15698771
2022/07/14,臺股期貨,自營商,12978,37013797,12567,35849023,411,,11631,33244917,9112,26032763,2519,7212154
2022/07/15,臺股期貨,外資及陸資,98387,283476390,99264,286062867,-877,,29931,86508781,30499,88097806,-568,-1589025
2022/07/15,臺股期貨,投信,1119,3238239,1351,3912223,-232,,13025,37715485,18725,54192573,-5700,-16477088
2022/07/15,臺股期貨,自營商,13967,40244856,13115,37748680,852,,12222,35161826,9410,27026591,2812,8135235
2022/07/18,臺股期貨,外資及陸資,99756,290414260,98399,286681104,1357,,33424,97345272,32650,95240296,774,2104976
2022/07/18,臺股期貨,投信,17198,50127077,16336,47475720,862,,13229,38575077,18067,52595451,-4838,-14020374
2022/07/18,臺股期貨,自營商,16579,48303078,15557,45261394,1022,,14208,41382997,10743,31176194,3465,10206803
2022/07/19,臺股期貨,外資及陸資,78443,229254604,75664,221131521,2779,,33127,96498631,29575,86281788,3552,10216843
2022/07/19,臺股期貨,投信,11928,34827698,12095,35285262,-167,,13038,37919852,18043,52417975,-5005,-14498123
2022/07/19,臺股期貨,自營商,15167,44264867,17105,49987190,-1938,,11757,34195926,10220,29660963,1537,4534963
2022/07/20,臺股期貨,外資及陸資,63646,187327364,68343,201166379,-4697,,25927,75763471,20700,60439381,5227,15324090
2022/07/20,臺股期貨,投信,1814,5334410,1703,5052596,111,,12883,37649279,17792,51995341,-4909,-14346062
2022/07/20,臺股期貨,自營商,17771,52438712,16030,47307764,1741,,9165,26703681,9164,26708458,1,-4777
2022/07/21,臺股期貨,外資及陸資,63631,186186760,62102,181740454,1529,,27108,79945961,20349,59961288,6759,19984673
2022/07/21,臺股期貨,投信,513,1513290,65,191560,448,,12901,38050209,17362,51207483,-4461,-13157274
2022/07/21,臺股期貨,自營商,6910,20242273,5946,17407053,964,,9971,29324504,9020,26529151,951,2795353
2022/07/22,臺股期貨,外資及陸資,63810,188415724,61870,182687264,1940,,27379,80789283,18704,55144436,8675,25644847
2022/07/22,臺股期貨,投信,95,280037,410,1209949,-315,,12506,36905206,17282,50999182,-4776,-14093976
2022/07/22,臺股期貨,自營商,6507,19212830,6568,19396002,-61,,9773,28760660,8886,26149710,887,2610950
2022/07/25,臺股期貨,外資及陸資,55745,164670296,53888,159197440,1857,,28573,84529740,18054,53363301,10519,31166439
2022/07/25,臺股期貨,投信,1079,3197303,2,5905,1077,,12753,37731026,16452,48674887,-3699,-10943861
2022/07/25,臺股期貨,自營商,6162,18202322,7165,21159705,-1003,,9457,27897875,9573,28248126,-116,-350251
2022/07/26,臺股期貨,外資及陸資,53302,157097362,54467,160528658,-1165,,27692,81447409,18338,53892262,9354,27555147
2022/07/26,臺股期貨,投信,9,26412,363,1067630,-354,,12655,37223417,16708,49144911,-4053,-11921494
2022/07/26,臺股期貨,自營商,7660,22559487,8444,24865839,-784,,9116,26739066,10012,29376227,-896,-2637161
2022/07/27,臺股期貨,外資及陸資,58869,172924504,58440,171687835,429,,27439,81164251,18691,55245831,8748,25918420
2022/07/27,臺股期貨,投信,206,609092,40,118239,166,,12707,37589847,16594,49088371,-3887,-11498524
2022/07/27,臺股期貨,自營商,11452,33650980,11156,32769785,296,,9220,27198309,9821,28977500,-601,-1779191
2022/07/28,臺股期貨,外資及陸資,58573,173932374,57192,169838791,1381,,28732,85230552,18625,55207380,10107,30023172
2022/07/28,臺股期貨,投信,419,1243322,180,533925,239,,12839,38088177,16487,48910334,-3648,-10822157
2022/07/28,臺股期貨,自營商,7079,21019827,6643,19720767,436,,9037,26732931,9200,27218086,-163,-485155
2022/07/29,臺股期貨,外資及陸資,60922,181529273,62011,184789809,-1089,,29895,89320463,20927,62483830,8968,26836633
2022/07/29,臺股期貨,投信,456,1362338,103,307736,353,,12880,38485440,16175,48330900,-3295,-9845460
2022/07/29,臺股期貨,自營商,7217,21513928,7220,21522816,-3,,9043,26942432,9208,27436903,-165,-494471
2022/08/01,臺股期貨,外資及陸資,55689,165911770,55153,164293284,536,,31576,93902277,22079,65626921,9497,28275356
2022/08/01,臺股期貨,投信,0,0,1009,3003725,-1009,,11872,35307328,16176,48107424,-4304,-12800096
2022/08/01,臺股期貨,自營商,7232,21535383,6993,20817130,239,,9085,26951793,9011,26724800,74,226993
2022/08/02,臺股期貨,外資及陸資,72330,212903418,70124,206371254,2206,,33616,98456970,21899,64108554,11717,34348416
2022/08/02,臺股期貨,投信,14,41008,602,1763918,-588,,11343,33223647,16235,47552315,-4892,-14328668
2022/08/02,臺股期貨,自營商,9743,28634913,11163,32819634,-1420,,8365,24437820,9686,28299262,-1321,-3861442
2022/08/03,臺股期貨,外資及陸資,75498,221384266,75440,221185081,58,,32444,95199400,20674,60632154,11770,34567246
2022/08/03,臺股期貨,投信,307,901195,442,1296626,-135,,11173,32786051,16200,47537248,-5027,-14751197
2022/08/03,臺股期貨,自營商,11408,33441003,11087,32505200,321,,8282,24236756,9209,26951458,-927,-2714702
2022/08/04,臺股期貨,外資及陸資,78913,230964869,78480,229700056,433,,35882,105158894,23681,69371528,12201,35787366
2022/08/04,臺股期貨,投信,0,0,166,485194,-166,,11010,32268108,16203,47487691,-5193,-15219583
2022/08/04,臺股期貨,自營商,10184,29776064,9972,29147664,212,,9641,28190973,10309,30141164,-668,-1950191
2022/08/05,臺股期貨,外資及陸資,60241,179133804,60489,179893814,-248,,38090,114348954,26228,78709774,11862,35639180
2022/08/05,臺股期貨,投信,892,2671860,500,1500760,392,,10546,31661201,15347,46074661,-4801,-14413460
2022/08/05,臺股期貨,自營商,8249,24572103,7789,23198812,460,,10145,30383940,10325,30917606,-180,-533666
2022/08/08,臺股期貨,外資及陸資,47110,140850963,52298,156348874,-5188,,32465,97136684,25787,77129817,6678,20006867
2022/08/08,臺股期貨,投信,65,194483,90,269278,-25,,10525,31492905,15351,45933167,-4826,-14440262
2022/08/08,臺股期貨,自營商,7142,21348264,6099,18220613,1043,,10362,30938132,9497,28338269,865,2599863
2022/08/09,臺股期貨,外資及陸資,55408,165631995,52218,156123441,3190,,35886,107767293,26027,78129145,9859,29638148
2022/08/09,臺股期貨,投信,63,189136,156,468489,-93,,10423,31302354,15342,46074985,-4919,-14772631
2022/08/09,臺股期貨,自營商,9551,28559134,10553,31566748,-1002,,10439,31269275,10608,31772773,-169,-503498
2022/08/10,臺股期貨,外資及陸資,47733,142396190,51925,154918185,-4192,,33286,99040628,27592,82069578,5694,16971050
2022/08/10,臺股期貨,投信,7,20839,363,1080728,-356,,10354,30809362,15629,46505552,-5275,-15696190
2022/08/10,臺股期貨,自營商,11221,33453398,10900,32493739,321,,10078,29909376,9873,29288620,205,620756
2022/08/11,臺股期貨,外資及陸資,56987,171872782,51115,154247017,5872,,35954,109178273,24388,74020022,11566,35158251
2022/08/11,臺股期貨,投信,705,2139156,159,482037,546,,10352,31435989,15081,45797204,-4729,-14361215
2022/08/11,臺股期貨,自營商,10092,30459055,9669,29190563,423,,10888,32956252,10173,30790959,715,2165293
2022/08/12,臺股期貨,外資及陸資,53115,162000118,55250,168532701,-2135,,34794,106252272,25363,77425764,9431,28826508
2022/08/12,臺股期貨,投信,272,831172,163,498135,109,,10190,31127577,14810,45240927,-4620,-14113350
2022/08/12,臺股期貨,自營商,8457,25786596,8385,25564377,72,,11255,34284853,10458,31843670,797,2441183
2022/08/15,臺股期貨,外資及陸資,66188,203190656,66010,202748309,178,,40956,125832816,31347,96347597,9609,29485219
2022/08/15,臺股期貨,投信,12972,39881044,14244,43740373,-1272,,8652,26579706,14544,44655930,-5892,-18076224
2022/08/15,臺股期貨,自營商,14821,45555660,14162,43483042,659,,11504,35314682,10777,33022743,727,2291939
2022/08/16,臺股期貨,外資及陸資,70750,217721930,70489,216921385,261,,39606,121868215,29734,91508783,9872,30359432
2022/08/16,臺股期貨,投信,10185,31362901,9563,29430839,622,,9260,28474381,14530,44665220,-5270,-16190839
2022/08/16,臺股期貨,自營商,13867,42683296,15051,46353119,-1184,,10473,32208829,10940,33605178,-467,-1396349
2022/08/17,臺股期貨,外資及陸資,47535,146324653,46977,144610288,558,,31406,96597236,21184,65156460,10222,31440776
2022/08/17,臺股期貨,投信,899,2762627,862,2659978,37,,9294,28586485,14527,44682147,-5233,-16095662
2022/08/17,臺股期貨,自營商,15304,47136495,14498,44675185,806,,8345,25639636,9484,29123757,-1139,-3484121
2022/08/18,臺股期貨,外資及陸資,44973,137531903,46516,142249091,-1543,,30912,94694390,22265,68205486,8647,26488904
2022/08/18,臺股期貨,投信,2,6127,197,602760,-195,,9204,28195534,14632,44823669,-5428,-16628135
2022/08/18,臺股期貨,自營商,6391,19538146,6302,19266253,89,,8496,26000660,9548,29205422,-1052,-3204762
2022/08/19,臺股期貨,外資及陸資,43204,132517974,41758,128066328,1446,,30886,94843272,20798,63865159,10088,30978113
2022/08/19,臺股期貨,投信,3,9214,2,6141,1,,9202,28257502,14629,44922733,-5427,-16665231
2022/08/19,臺股期貨,自營商,5769,17692042,6323,19399636,-554,,8541,26200609,10146,31111791,-1605,-4911182
2022/08/22,臺股期貨,外資及陸資,40469,123255447,41873,127549277,-1404,,29468,89457453,22026,66865318,7442,22592135
2022/08/22,臺股期貨,投信,4,12145,672,2041131,-668,,8813,26754505,14908,45257706,-6095,-18503201
2022/08/22,臺股期貨,自營商,5698,17351378,6555,19951778,-857,,8573,26001054,11046,33491139,-2473,-7490085
2022/08/23,臺股期貨,外資及陸資,39883,120263098,42983,129612390,-3100,,27171,81663544,22789,68493287,4382,13170257
2022/08/23,臺股期貨,投信,135,405779,471,1415871,-336,,8819,26506386,15250,45835400,-6431,-19329014
2022/08/23,臺股期貨,自營商,8838,26639100,8148,24556520,690,,9131,27419668,10943,32849433,-1812,-5429765
2022/08/24,臺股期貨,外資及陸資,45948,138431164,43354,130604933,2594,,27214,81831045,20245,60875512,6969,20955533
2022/08/24,臺股期貨,投信,8,24056,454,1363758,-446,,8676,26088732,15553,46767871,-6877,-20679139
2022/08/24,臺股期貨,自營商,8350,25147526,9245,27845442,-895,,8230,24724571,10938,32852195,-2708,-8127624
2022/08/25,臺股期貨,外資及陸資,45404,137495348,47160,142811841,-1756,,27675,83964456,22520,68324361,5155,15640095
2022/08/25,臺股期貨,投信,259,785968,258,782512,1,,8458,25661572,15334,46523356,-6876,-20861784
2022/08/25,臺股期貨,自營商,7647,23172199,7211,21848856,436,,8490,25734222,10749,32574791,-2259,-6840569
2022/08/26,臺股期貨,外資及陸資,43282,132091918,41910,127905950,1372,,26120,79617576,19616,59792203,6504,19825373
2022/08/26,臺股期貨,投信,223,679740,327,996978,-104,,8193,24973903,15173,46250339,-6980,-21276436
2022/08/26,臺股期貨,自營商,5967,18208886,6505,19852268,-538,,8537,25997014,11360,34588531,-2823,-8591517
2022/08/29,臺股期貨,外資及陸資,78341,234567114,76759,229881093,1582,,25594,75859282,17439,51687744,8155,24171538
2022/08/29,臺股期貨,投信,115,340990,1312,3891025,-1197,,8118,24061752,16295,48298380,-8177,-24236628
2022/08/29,臺股期貨,自營商,13232,39545229,11255,33656201,1977,,8983,26603272,9834,29113444,-851,-2510172
2022/08/30,臺股期貨,外資及陸資,59281,176487127,55963,166589520,3318,,28382,84855139,16822,50292872,11560,34562267
2022/08/30,臺股期貨,投信,185,553092,151,451346,34,,7985,23873553,16128,48219494,-8143,-24345941
2022/08/30,臺股期貨,自營商,7624,22705623,8789,26196830,-1165,,9361,27962927,11288,33713960,-1927,-5751033
2022/08/31,臺股期貨,外資及陸資,81858,244258012,80160,239134180,1698,,38765,116619402,25524,76784273,13241,39835129
2022/08/31,臺股期貨,投信,376,1131077,58,174520,318,,7973,23985973,15798,47526703,-7825,-23540730
2022/08/31,臺股期貨,自營商,15024,44816683,16509,49290788,-1485,,9106,27369039,12079,36305358,-2973,-8936319
2022/09/01,臺股期貨,外資及陸資,76034,225450108,83265,247009753,-7231,,35931,105902054,29872,88042122,6059,17859932
2022/09/01,臺股期貨,投信,219,645333,836,2462336,-617,,8148,24015415,16590,48897366,-8442,-24881951
2022/09/01,臺股期貨,自營商,14412,42639333,11097,32834613,3315,,10362,30521244,9935,29256028,427,1265216
2022/09/02,臺股期貨,外資及陸資,70304,206412117,72698,213501718,-2394,,33405,97528249,29747,86846757,3658,10681492
2022/09/02,臺股期貨,投信,59,172263,370,1082006,-311,,8194,23923202,16947,49478461,-8753,-25555259
2022/09/02,臺股期貨,自營商,9554,28051134,8723,25599935,831,,10832,31607228,9620,28063116,1212,3544112
2022/09/05,臺股期貨,外資及陸資,75658,221447473,71942,210577287,3716,,32769,95769411,25381,74175167,7388,21594244
2022/09/05,臺股期貨,投信,63,184129,0,0,63,,8256,24128986,16946,49526380,-8690,-25397394
2022/09/05,臺股期貨,自營商,7946,23260147,9511,27841655,-1565,,10454,30530772,10792,31513687,-338,-982915
2022/09/06,臺股期貨,外資及陸資,46854,137298433,47877,140291412,-1023,,32827,96083210,26464,77456752,6363,18626458
2022/09/06,臺股期貨,投信,32,93615,179,523491,-147,,8242,24124334,17079,49990233,-8837,-25865899
2022/09/06,臺股期貨,自營商,8040,23560339,8086,23700696,-46,,10511,30742398,10895,31860963,-384,-1118565
2022/09/07,臺股期貨,外資及陸資,71099,205655117,74603,215811307,-3504,,29406,84435249,27929,80193135,1477,4242114
2022/09/07,臺股期貨,投信,109,313011,664,1905471,-555,,8347,23967576,17739,50935765,-9392,-26968189
2022/09/07,臺股期貨,自營商,15729,45419101,14597,42123576,1132,,10630,30505640,9878,28341252,752,2164388
2022/09/08,臺股期貨,外資及陸資,63509,183268905,59816,172648461,3693,,28748,83626393,23583,68599442,5165,15026951
2022/09/08,臺股期貨,投信,599,1740884,68,197817,531,,8290,24115610,17151,49892259,-8861,-25776649
2022/09/08,臺股期貨,自營商,7859,22694871,8503,24567474,-644,,11202,32563240,11071,32177850,131,385390
2022/09/12,臺股期貨,外資及陸資,62340,182828871,60404,177085689,1936,,29802,88194168,21514,63663309,8288,24530859
2022/09/12,臺股期貨,投信,831,2454523,0,0,831,,8349,24708031,16379,48472013,-8030,-23763982
2022/09/12,臺股期貨,自營商,8656,25463318,10283,30269672,-1627,,10453,30902641,11916,35230066,-1463,-4327425
2022/09/13,臺股期貨,外資及陸資,42589,126663082,39883,118614673,2706,,31653,94165673,20676,61505683,10977,32659990
2022/09/13,臺股期貨,投信,294,874589,156,464067,138,,8273,24612079,16165,48090824,-7892,-23478745
2022/09/13,臺股期貨,自營商,7633,22700476,8577,25509092,-944,,10024,29784153,12374,36771914,-2350,-6987761
2022/09/14,臺股期貨,外資及陸資,74433,217862253,76517,224047427,-2084,,30391,88605343,21406,62405708,8985,26199635
2022/09/14,臺股期貨,投信,330,962474,888,2595141,-558,,8409,24517136,16859,49154052,-8450,-24636916
2022/09/14,臺股期貨,自營商,16606,48580797,15023,43958217,1583,,9550,27810451,10210,29730815,-660,-1920364
2022/09/15,臺股期貨,外資及陸資,63229,184845294,59983,175298876,3246,,33036,96738973,20807,60923946,12229,35815027
2022/09/15,臺股期貨,投信,147,430508,2,5857,145,,8451,24747745,16756,49068216,-8305,-24320471
2022/09/15,臺股期貨,自營商,9781,28591506,9423,27559694,358,,10270,30035544,10546,30843029,-276,-807485
2022/09/16,臺股期貨,外資及陸資,65391,190096362,66254,192626454,-863,,33404,96762934,22048,63865254,11356,32897680
2022/09/16,臺股期貨,投信,147,425932,650,1882982,-503,,8279,23984157,17087,49500821,-8808,-25516664
2022/09/16,臺股期貨,自營商,12096,35135000,11441,33223422,655,,11145,32256873,10763,31145210,382,1111663
2022/09/19,臺股期貨,外資及陸資,87915,254376772,90558,262059852,-2643,,37347,107634362,28642,82551858,8705,25082504
2022/09/19,臺股期貨,投信,13634,39365061,13765,39724794,-131,,8267,23825404,17206,49583132,-8939,-25757728
2022/09/19,臺股期貨,自營商,12540,36282678,12652,36600898,-112,,11206,32276223,10935,31492261,271,783962
2022/09/20,臺股期貨,外資及陸資,79596,230544607,75169,217723731,4427,,38359,111520709,25236,73363583,13123,38157126
2022/09/20,臺股期貨,投信,10560,30632596,10383,30097021,177,,8302,24125807,17064,49584236,-8762,-25458429
2022/09/20,臺股期貨,自營商,14696,42569863,15563,45096395,-867,,10695,31063162,11241,32666209,-546,-1603047
2022/09/21,臺股期貨,外資及陸資,55416,160290659,59339,171662891,-3923,,28809,83032661,21226,61176960,7583,21855701
2022/09/21,臺股期貨,投信,889,2569777,944,2729591,-55,,8353,24075017,16870,48622714,-8517,-24547697
2022/09/21,臺股期貨,自營商,16546,47839150,15575,45042972,971,,10351,29818722,6128,17641569,4223,12177153
2022/09/22,臺股期貨,外資及陸資,90364,258437649,90406,258446546,-42,,28046,79868555,21863,62260545,6183,17608010
2022/09/22,臺股期貨,投信,245,697578,591,1685389,-346,,8592,24468298,17455,49708349,-8863,-25240051
2022/09/22,臺股期貨,自營商,12399,35300719,10942,31189996,1457,,12304,35018392,6618,18819638,5686,16198754
2022/09/23,臺股期貨,外資及陸資,63208,179402765,64718,183735413,-1510,,27550,77789283,22889,64628641,4661,13160642
2022/09/23,臺股期貨,投信,169,480051,226,638098,-57,,8663,24460847,17583,49647359,-8920,-25186512
2022/09/23,臺股期貨,自營商,9008,25534846,9374,26563029,-366,,12267,34618932,6926,19531033,5341,15087899
2022/09/26,臺股期貨,外資及陸資,80654,224385812,85175,236959192,-4521,,26475,72868795,26338,72491984,137,376811
2022/09/26,臺股期貨,投信,236,650271,764,2105871,-528,,8801,24223872,18249,50228548,-9448,-26004676
2022/09/26,臺股期貨,自營商,13518,37520810,13203,36643957,315,,12443,34230495,6776,18625164,5667,15605331
2022/09/27,臺股期貨,外資及陸資,74833,206752299,75553,208721688,-720,,25304,69913848,25905,71574584,-601,-1660736
2022/09/27,臺股期貨,投信,263,726489,149,411794,114,,8932,24679116,18266,50468958,-9334,-25789842
2022/09/27,臺股期貨,自營商,10277,28379111,9891,27316523,386,,12866,35527609,6810,18788473,6056,16739136
2022/09/28,臺股期貨,外資及陸資,94263,258013975,90617,248123126,3646,,26407,71376970,25031,67657934,1376,3719036
2022/09/28,臺股期貨,投信,235,634817,824,2225713,-589,,9162,24764886,19085,51586755,-9923,-26821869
2022/09/28,臺股期貨,自營商,17777,48546252,18390,50226514,-613,,13227,35732555,7775,20988226,5452,14744329
2022/09/29,臺股期貨,外資及陸資,95640,259349419,97365,264033851,-1725,,24679,66745279,25040,67722088,-361,-976809
2022/09/29,臺股期貨,投信,280,757411,80,218066,200,,9208,24903957,18931,51200783,-9723,-26296826
2022/09/29,臺股期貨,自營商,10662,28913866,11028,29896897,-366,,13710,37055236,8625,23294816,5085,13760420
2022/09/30,臺股期貨,外資及陸資,95315,255169874,96781,259078296,-1466,,24895,66686969,26723,71584422,-1828,-4897453
2022/09/30,臺股期貨,投信,460,1233022,4,10719,456,,9417,25226260,18684,50050699,-9267,-24824439
2022/09/30,臺股期貨,自營商,13336,35688504,13155,35198976,181,,13652,36542760,8386,22429930,5266,14112830
2022/10/03,臺股期貨,外資及陸資,89422,238758502,89154,238078639,268,,24598,65443680,26173,69634726,-1575,-4191046
2022/10/03,臺股期貨,投信,133,353890,432,1149085,-299,,9548,25403409,19114,50854708,-9566,-25451299
2022/10/03,臺股期貨,自營商,12031,32100210,12392,33061611,-361,,14063,37388491,9148,24303118,4915,13085373
2022/10/04,臺股期貨,外資及陸資,69377,187216173,70506,190315759,-1129,,26749,72718316,29451,80064387,-2702,-7346071
2022/10/04,臺股期貨,投信,1232,3347366,0,0,1232,,9772,26565977,18106,49222972,-8334,-22656995
2022/10/04,臺股期貨,自營商,11145,30136989,10533,28467347,612,,14682,39886514,9166,24884482,5516,15002032
2022/10/05,臺股期貨,外資及陸資,74322,204710247,65527,180454063,8795,,32264,89136753,24115,66622739,8149,22514014
2022/10/05,臺股期貨,投信,967,2669470,5,13784,962,,10060,27793493,17432,48161130,-7372,-20367637
2022/10/05,臺股期貨,自營商,18201,50168591,17439,48045515,762,,13923,38436053,7722,21298812,6201,17137241
2022/10/06,臺股期貨,外資及陸資,65236,180332739,70668,195379875,-5432,,28970,80365597,26249,72816318,2721,7549279
2022/10/06,臺股期貨,投信,171,474517,261,724047,-90,,9803,27195142,17265,47896563,-7462,-20701421
2022/10/06,臺股期貨,自營商,10188,28183572,9267,25630757,921,,14324,39699007,7193,19912308,7131,19786699
2022/10/07,臺股期貨,外資及陸資,63641,175255863,64578,177826058,-937,,27855,76252465,26071,71367387,1784,4885078
2022/10/07,臺股期貨,投信,391,1070821,79,216287,312,,10105,27663108,17255,47237288,-7150,-19574180
2022/10/07,臺股期貨,自營商,7751,21324798,9413,25888034,-1662,,12936,35375835,7467,20400161,5469,14975674
2022/10/11,臺股期貨,外資及陸資,100565,267924288,97338,259427705,3227,,30036,78625950,26049,68191334,3987,10434616
2022/10/11,臺股期貨,投信,105,274889,1991,5215583,-1886,,10172,26630021,19208,50285711,-9036,-23655690
2022/10/11,臺股期貨,自營商,17603,46694849,17370,46083094,233,,13570,35490287,7990,20876922,5580,14613365
2022/10/12,臺股期貨,外資及陸資,92751,242331324,94471,246832996,-1720,,27473,71815646,25186,65839933,2287,5975713
2022/10/12,臺股期貨,投信,21,54907,252,658836,-231,,10043,26256111,19310,50483133,-9267,-24227022
2022/10/12,臺股期貨,自營商,16178,42256363,16749,43756372,-571,,12919,33738472,7946,20735770,4973,13002702
2022/10/13,臺股期貨,外資及陸資,87882,227897361,80876,209849633,7006,,32098,82600350,22812,58702247,9286,23898103
2022/10/13,臺股期貨,投信,133,342652,488,1256253,-355,,10037,25832826,19659,50597059,-9622,-24764233
2022/10/13,臺股期貨,自營商,12144,31412432,13422,34699701,-1278,,12482,32076661,8780,22548790,3702,9527871
2022/10/14,臺股期貨,外資及陸資,126120,328454078,129012,335979486,-2892,,30340,79884628,23946,63049439,6394,16835189
2022/10/14,臺股期貨,投信,1495,3935657,166,436562,1329,,10363,27291666,18656,49130988,-8293,-21839322
2022/10/14,臺股期貨,自營商,19217,50211697,18281,47790743,936,,13170,34628810,8531,22415895,4639,12212915
2022/10/17,臺股期貨,外資及陸資,144014,373844945,148163,384596954,-4149,,32001,82986757,29756,77175895,2245,5810862
2022/10/17,臺股期貨,投信,15619,40338668,14761,38092700,858,,11270,29231919,18705,48493098,-7435,-19261179
2022/10/17,臺股期貨,自營商,21707,56237262,21930,56844920,-223,,14527,37633922,9419,24393410,5108,13240512
2022/10/18,臺股期貨,外資及陸資,108142,282744069,104763,274002235,3379,,34297,89759211,28671,75056027,5626,14703184
2022/10/18,臺股期貨,投信,11213,29323261,16632,43519355,-5419,,8461,22135115,17931,46905233,-9470,-24770118
2022/10/18,臺股期貨,自營商,21844,57139181,23222,60733693,-1378,,14673,38374415,11045,28882527,3628,9491888
2022/10/19,臺股期貨,外資及陸資,106199,277569687,111445,291298437,-5246,,26340,68283106,21580,55943660,4760,12339446
2022/10/19,臺股期貨,投信,1207,3147744,1167,3042391,40,,8663,22457961,18123,46982065,-9460,-24524104
2022/10/19,臺股期貨,自營商,27024,70583734,25420,66438544,1604,,12310,31891745,6925,17928650,5385,13963095
2022/10/20,臺股期貨,外資及陸資,101334,259494256,98425,252085151,2909,,27314,70458268,19649,50685962,7665,19772306
2022/10/20,臺股期貨,投信,30,77388,457,1178894,-427,,8630,22261948,18517,47766453,-9887,-25504505
2022/10/20,臺股期貨,自營商,11192,28631080,12098,30945628,-906,,12169,31369894,7749,19962418,4420,11407476
2022/10/21,臺股期貨,外資及陸資,90084,232734335,85981,222226254,4103,,30254,77479306,18489,47349755,11765,30129551
2022/10/21,臺股期貨,投信,32,81966,613,1571211,-581,,8324,21317764,18792,48126312,-10468,-26808548
2022/10/21,臺股期貨,自營商,11000,28387257,11098,28637501,-98,,12387,31699323,8086,20678962,4301,11020361
2022/10/24,臺股期貨,外資及陸資,103181,266424149,106473,275067594,-3292,,29813,76820996,21366,55055507,8447,21765489
2022/10/24,臺股期貨,投信,656,1696894,63,162370,593,,8421,21699233,18296,47145133,-9875,-25445900
2022/10/24,臺股期貨,自營商,12780,33060446,14608,37777815,-1828,,10891,28041100,8581,22082333,2310,5958767
2022/10/25,臺股期貨,外資及陸資,108211,276947606,106533,272736443,1678,,31980,81131380,23054,58487652,8926,22643728
2022/10/25,臺股期貨,投信,0,0,768,1949883,-768,,8258,20950546,18901,47951837,-10643,-27001291
2022/10/25,臺股期貨,自營商,15622,39921421,16704,42669579,-1082,,9466,23994550,8238,20872080,1228,3122470
2022/10/26,臺股期貨,外資及陸資,76998,196372965,71841,183204612,5157,,36394,92737112,21218,54067317,15176,38669795
2022/10/26,臺股期貨,投信,736,1876361,23,58589,713,,8289,21122030,18219,46425656,-9930,-25303626
2022/10/26,臺股期貨,自營商,12238,31223120,13794,35183603,-1556,,7945,20223968,8307,21139141,-362,-915173
2022/10/27,臺股期貨,外資及陸資,75855,195676989,80726,208243959,-4871,,35457,91874269,25166,65209709,10291,26664560
2022/10/27,臺股期貨,投信,777,2012803,50,129386,727,,8409,21789401,17612,45636214,-9203,-23846813
2022/10/27,臺股期貨,自營商,10767,27797792,9512,24555879,1255,,8243,21334835,7423,19204055,820,2130780
2022/10/28,臺股期貨,外資及陸資,73113,188189507,76765,197617195,-3652,,32886,83967472,26233,66982826,6653,16984646
2022/10/28,臺股期貨,投信,0,0,532,1358642,-532,,8374,21382172,18109,46239521,-9735,-24857349
2022/10/28,臺股期貨,自營商,10568,27150809,10162,26100391,406,,8770,22370267,7523,19176519,1247,3193748
2022/10/31,臺股期貨,外資及陸資,66745,171829135,64514,166107877,2231,,33858,87640770,24989,64686007,8869,22954763
2022/10/31,臺股期貨,投信,621,1607904,55,142460,566,,8473,21933208,17642,45668081,-9169,-23734873
2022/10/31,臺股期貨,自營商,9667,24926852,9554,24637924,113,,9146,23649853,7641,19748073,1505,3901780
2022/11/01,臺股期貨,外資及陸資,56046,145583103,58748,152630236,-2702,,34117,88925393,27940,72827817,6177,16097576
2022/11/01,臺股期貨,投信,339,883861,80,208517,259,,8442,22004917,17352,45229723,-8910,-23224806
2022/11/01,臺股期貨,自營商,9715,25256316,9759,25361896,-44,,8839,23010894,7432,19339166,1407,3671728
2022/11/02,臺股期貨,外資及陸資,52489,137016084,51332,133967892,1157,,34234,89579279,26900,70390288,7334,19188991
2022/11/02,臺股期貨,投信,577,1508512,0,0,577,,8535,22334388,16868,44140182,-8333,-21805794
2022/11/02,臺股期貨,自營商,10032,26185036,10466,27324854,-434,,8752,22871657,7800,20376688,952,2494969
2022/11/03,臺股期貨,外資及陸資,67938,176463544,68358,177601353,-420,,31746,82261633,25712,66627052,6034,15634581
2022/11/03,臺股期貨,投信,181,468907,333,862984,-152,,8610,22311892,17095,44299983,-8485,-21988091
2022/11/03,臺股期貨,自營商,8344,21644280,7741,20062478,603,,9182,23762563,7674,19849906,1508,3912657
2022/11/04,臺股期貨,外資及陸資,63181,163237022,63606,164380987,-425,,33097,86239214,27509,71678698,5588,14560516
2022/11/04,臺股期貨,投信,310,805832,0,0,310,,8664,22576567,16839,43879066,-8175,-21302499
2022/11/04,臺股期貨,自營商,8898,23002965,9072,23450340,-174,,9009,23443848,7760,20185015,1249,3258833
2022/11/07,臺股期貨,外資及陸資,79861,209862249,80961,212744557,-1100,,33282,88024420,28807,76188013,4475,11836407
2022/11/07,臺股期貨,投信,848,2243214,7,18515,841,,9000,23804905,16334,43203430,-7334,-19398525
2022/11/07,臺股期貨,自營商,15058,39603693,13992,36802032,1066,,9712,25650720,7340,19373952,2372,6276768
2022/11/08,臺股期貨,外資及陸資,49121,130793680,49015,130450329,106,,34261,91354387,29679,79134035,4582,12220352
2022/11/08,臺股期貨,投信,495,1320606,4,10667,491,,9180,24479298,16023,42726932,-6843,-18247634
2022/11/08,臺股期貨,自營商,10113,26935950,11751,31316801,-1638,,9191,24472865,8368,22276571,823,2196294
2022/11/09,臺股期貨,外資及陸資,64538,174130056,60115,162211908,4423,,38455,104538306,29449,80048153,9006,24490153
2022/11/09,臺股期貨,投信,828,2250654,56,152186,772,,9289,25252972,15360,41757696,-6071,-16504724
2022/11/09,臺股期貨,自營商,16063,43386170,16175,43663608,-112,,8657,23493990,7712,20929985,945,2564005
2022/11/10,臺股期貨,外資及陸資,54407,147346845,63692,172483197,-9285,,31572,85150190,31850,85888551,-278,-738361
2022/11/10,臺股期貨,投信,942,2541712,702,1893819,240,,10230,27592250,16061,43319729,-5831,-15727479
2022/11/10,臺股期貨,自營商,10018,27106924,8349,22584892,1669,,8666,23332442,6058,16302786,2608,7029656
2022/11/11,臺股期貨,外資及陸資,104299,288948588,96760,268248341,7539,,42293,118855354,33382,93796212,8911,25059142
2022/11/11,臺股期貨,投信,1955,5489332,105,294201,1850,,11216,31524051,15197,42715274,-3981,-11191223
2022/11/11,臺股期貨,自營商,17523,48628935,20147,55916743,-2624,,7813,21907257,7815,21930583,-2,-23326
2022/11/14,臺股期貨,外資及陸資,105921,299247199,110027,310866777,-4106,,44111,124494619,39306,110901186,4805,13593433
2022/11/14,臺股期貨,投信,14588,41222945,14390,40632322,198,,12528,35325830,16311,45985685,-3783,-10659855
2022/11/14,臺股期貨,自營商,20475,57838686,19531,55179480,944,,8317,23422177,6995,19713941,1322,3708236
2022/11/15,臺股期貨,外資及陸資,120327,344605394,121762,348926457,-1435,,48987,141836967,46981,136048954,2006,5788013
2022/11/15,臺股期貨,投信,13513,39079818,13881,40121800,-368,,13295,38438936,17446,50436772,-4151,-11997836
2022/11/15,臺股期貨,自營商,27758,79856118,23855,68619141,3903,,11896,34438015,6574,19018082,5322,15419933
2022/11/16,臺股期貨,外資及陸資,108525,316572574,104184,304068700,4341,,35517,102899402,26378,76421911,9139,26477491
2022/11/16,臺股期貨,投信,536,1553248,1992,5774619,-1456,,13004,37675189,18611,53919789,-5607,-16244600
2022/11/16,臺股期貨,自營商,25271,73710863,28898,84239473,-3627,,7437,21535882,5555,16082231,1882,5453651
2022/11/17,臺股期貨,外資及陸資,59324,171555543,60587,175232761,-1263,,34776,100926351,26898,78063260,7878,22863091
2022/11/17,臺股期貨,投信,223,647326,290,841632,-67,,13131,38108788,18805,54575871,-5674,-16467083
2022/11/17,臺股期貨,自營商,7856,22728664,8159,23581275,-303,,7667,22239478,6105,17704710,1562,4534768
2022/11/18,臺股期貨,外資及陸資,85887,249121533,81174,235449945,4713,,37504,108497364,24913,72073143,12591,36424221
2022/11/18,臺股期貨,投信,450,1302010,380,1099716,70,,12952,37470136,18556,53682508,-5604,-16212372
2022/11/18,臺股期貨,自營商,11682,33896293,12533,36358940,-851,,7496,21674116,6770,19571770,726,2102346
2022/11/21,臺股期貨,外資及陸資,57564,166698039,58716,170042052,-1152,,37293,107633404,25868,74660041,11425,32973363
2022/11/21,臺股期貨,投信,520,1500643,355,1025705,165,,13364,38571177,18803,54269219,-5439,-15698042
2022/11/21,臺股期貨,自營商,6353,18395500,6667,19301478,-314,,7493,21614637,7079,20416905,414,1197732
2022/11/22,臺股期貨,外資及陸資,48511,140137937,49196,142128592,-685,,37285,108154389,26545,77001490,10740,31152899
2022/11/22,臺股期貨,投信,603,1748867,28,81232,575,,13773,39952718,18637,54062210,-4864,-14109492
2022/11/22,臺股期貨,自營商,8302,23993033,8401,24270334,-99,,7337,21269596,6911,20033212,426,1236384
2022/11/23,臺股期貨,外資及陸資,47692,139059085,46903,136757479,789,,37995,110935827,26465,77272298,11530,33663529
2022/11/23,臺股期貨,投信,334,975262,10,29196,324,,13820,40351636,18360,53607528,-4540,-13255892
2022/11/23,臺股期貨,自營商,9915,28909262,8776,25592842,1139,,7862,22941935,6285,18336991,1577,4604944
2022/11/24,臺股期貨,外資及陸資,44004,129260148,48143,141440386,-4139,,38327,113246785,30936,91408952,7391,21837833
2022/11/24,臺股期貨,投信,1440,4253305,72,212570,1368,,14648,43281910,17820,52654536,-3172,-9372626
2022/11/24,臺股期貨,自營商,8479,24917719,7974,23451377,505,,8575,25322738,6495,19177804,2080,6144934
2022/11/25,臺股期貨,外資及陸資,36229,106925046,37992,112128089,-1763,,37027,108932254,32277,94953385,4750,13978869
2022/11/25,臺股期貨,投信,725,2133628,266,783187,459,,15225,44791950,17938,52773596,-2713,-7981646
2022/11/25,臺股期貨,自營商,5669,16726045,6135,18093022,-466,,9394,27617125,7642,22466075,1752,5151050
2022/11/28,臺股期貨,外資及陸資,64302,187116077,59861,174198819,4441,,38619,111793247,29407,85121414,9212,26671833
2022/11/28,臺股期貨,投信,0,0,1460,4230970,-1460,,14489,41942757,18662,54022758,-4173,-12080001
2022/11/28,臺股期貨,自營商,10578,30754169,9789,28472406,789,,9363,27083475,6822,19728939,2541,7354536
2022/11/29,臺股期貨,外資及陸資,57568,167434271,55592,161740361,1976,,39548,115953519,28358,83137853,11190,32815666
2022/11/29,臺股期貨,投信,440,1289329,239,699856,201,,14420,42279440,18392,53925344,-3972,-11645904
2022/11/29,臺股期貨,自營商,8906,25932169,10067,29286612,-1161,,8688,25447305,7292,21359778,1396,4087527
2022/11/30,臺股期貨,外資及陸資,64952,191005179,63334,186229037,1618,,44745,132461666,31936,94535192,12809,37926474
2022/11/30,臺股期貨,投信,379,1121730,103,304947,276,,14683,43467553,18379,54409192,-3696,-10941639
2022/11/30,臺股期貨,自營商,10948,32196267,11274,33157402,-326,,8597,25424553,7538,22296180,1059,3128373
2022/12/01,臺股期貨,外資及陸資,72424,216468439,82336,246107892,-9912,,38559,115521457,35661,106832489,2898,8688968
2022/12/01,臺股期貨,投信,1578,4730077,415,1242926,1163,,15955,47801180,18488,55390048,-2533,-7588868
2022/12/01,臺股期貨,自營商,13251,39652474,10686,31976362,2565,,10901,32633420,7452,22306337,3449,10327083
2022/12/02,臺股期貨,外資及陸資,53905,160749891,55748,166240128,-1843,,40205,119680984,39150,116531418,1055,3149566
2022/12/02,臺股期貨,投信,337,1003276,930,2769756,-593,,16231,48316441,19357,57621918,-3126,-9305477
2022/12/02,臺股期貨,自營商,8302,24743780,7580,22595492,722,,11502,34212778,7349,21856120,4153,12356658
2022/12/05,臺股期貨,外資及陸資,62485,186312834,59934,178707169,2551,,41918,125165350,38312,114388071,3606,10777279
2022/12/05,臺股期貨,投信,477,1424484,1238,3699043,-761,,16502,49274972,20389,60881554,-3887,-11606582
2022/12/05,臺股期貨,自營商,9592,28625243,9342,27888695,250,,11728,34991825,7424,22146887,4304,12844938
2022/12/06,臺股期貨,外資及陸資,61414,182010738,61566,182490308,-152,,39946,117271396,37824,111027297,2122,6244099
2022/12/06,臺股期貨,投信,39,114506,753,2215871,-714,,16500,48440700,21005,61666479,-4505,-13225779
2022/12/06,臺股期貨,自營商,9725,28799322,10082,29837382,-357,,11553,33888951,7710,22614110,3843,11274841
2022/12/07,臺股期貨,外資及陸資,66639,195485935,61627,180754600,5012,,41954,122712869,34820,101830452,7134,20882417
2022/12/07,臺股期貨,投信,160,468590,840,2458876,-680,,16566,48455550,21751,63621675,-5185,-15166125
2022/12/07,臺股期貨,自營商,11687,34270139,13313,39049973,-1626,,9786,28593964,7528,21998944,2258,6595020
2022/12/08,臺股期貨,外資及陸資,67951,197441698,68751,199781816,-800,,40849,118418451,34519,100048363,6330,18370088
2022/12/08,臺股期貨,投信,7,20293,537,1556755,-530,,16450,47688550,22165,64256335,-5715,-16567785
2022/12/08,臺股期貨,自營商,9005,26138889,8733,25350347,272,,10129,29331679,7420,21490027,2709,7841652
2022/12/09,臺股期貨,外資及陸資,59473,174095333,56799,166270359,2674,,38989,114693567,29985,88179751,9004,26513816
2022/12/09,臺股期貨,投信,829,2437752,240,703544,589,,16655,48995679,21781,64075346,-5126,-15079667
2022/12/09,臺股期貨,自營商,6973,20411948,8219,24068362,-1246,,9436,27713854,7921,23278144,1515,4435710
2022/12/12,臺股期貨,外資及陸資,65785,192226880,65317,190924275,468,,40177,117176544,30719,89566559,9458,27609985
2022/12/12,臺股期貨,投信,164,477564,284,825230,-120,,16765,48896799,22011,64197151,-5246,-15300352
2022/12/12,臺股期貨,自營商,8155,23812287,7704,22488723,451,,9612,27993300,7640,22259775,1972,5733525
2022/12/13,臺股期貨,外資及陸資,51820,151000409,55870,162877727,-4050,,37356,108461777,31950,92735236,5406,15726541
2022/12/13,臺股期貨,投信,131,380884,247,718421,-116,,16884,49024382,22246,64592574,-5362,-15568192
2022/12/13,臺股期貨,自營商,8441,24593041,7455,21720280,986,,10665,30919015,7647,22177523,3018,8741492
2022/12/14,臺股期貨,外資及陸資,89064,261317502,89670,263107047,-606,,38569,113461848,33769,99296618,4800,14165230
2022/12/14,臺股期貨,投信,1099,3232332,200,584209,899,,17775,52293917,22238,65422972,-4463,-13129055
2022/12/14,臺股期貨,自營商,15141,44414975,15667,45943194,-526,,11067,32482915,8658,25433559,2409,7049356
2022/12/15,臺股期貨,外資及陸資,69184,202973839,68412,200719067,772,,38709,113895611,33137,97454477,5572,16441134
2022/12/15,臺股期貨,投信,796,2341855,68,199938,728,,18146,53396277,21881,64385711,-3735,-10989434
2022/12/15,臺股期貨,自營商,10071,29539164,8895,26095393,1176,,11271,33083399,7864,23099612,3407,9983787
2022/12/16,臺股期貨,外資及陸資,79665,231006944,78532,227783084,1133,,38473,111245466,31716,91685206,6757,19560260
2022/12/16,臺股期貨,投信,1138,3294914,2856,8254357,-1718,,17591,50881454,23044,66647341,-5453,-15765887
2022/12/16,臺股期貨,自營商,17095,49516802,15901,46086558,1194,,12655,36510891,7985,23053399,4670,13457492
2022/12/19,臺股期貨,外資及陸資,93670,269822597,90389,260425669,3281,,40149,115495476,30111,86614024,10038,28881452
2022/12/19,臺股期貨,投信,21699,62562447,22156,63834579,-457,,17258,49647929,23194,66702816,-5936,-17054887
2022/12/19,臺股期貨,自營商,18716,53912467,18525,53367661,191,,12549,36063521,7734,22236671,4815,13826850
2022/12/20,臺股期貨,外資及陸資,97503,278797151,96816,276961165,687,,42109,119001268,31379,88678986,10730,30322282
2022/12/20,臺股期貨,投信,15995,45558670,17256,49116208,-1261,,16981,47967629,24179,68299663,-7198,-20332034
2022/12/20,臺股期貨,自營商,22834,65218487,22506,64248459,328,,12960,36618313,8023,22666420,4937,13951893
2022/12/21,臺股期貨,外資及陸資,58333,165655759,55725,158286298,2608,,35803,101443870,22172,62815475,13631,38628395
2022/12/21,臺股期貨,投信,1246,3546302,1577,4483665,-331,,16634,47130776,24163,68463444,-7529,-21332668
2022/12/21,臺股期貨,自營商,16031,45544076,17161,48758890,-1130,,8646,24486380,4726,13381103,3920,11105277
2022/12/22,臺股期貨,外資及陸資,45225,129410213,43564,124645256,1661,,37016,106412844,21722,62438828,15294,43974016
2022/12/22,臺股期貨,投信,632,1816598,350,1005773,282,,16647,47856796,23894,68690471,-7247,-20833675
2022/12/22,臺股期貨,自營商,6946,19892651,5950,17035312,996,,9641,27702171,4915,14119727,4726,13582444
2022/12/23,臺股期貨,外資及陸資,55638,158090094,57522,163456636,-1884,,34602,98192436,21175,60084277,13427,38108159
2022/12/23,臺股期貨,投信,16,45402,979,2778718,-963,,15769,44749268,23979,68047606,-8210,-23298338
2022/12/23,臺股期貨,自營商,7822,22210850,7082,20112288,740,,10990,31174947,5523,15662454,5467,15512493
2022/12/26,臺股期貨,外資及陸資,39445,112006296,38302,108763751,1143,,35436,100942081,20864,59425738,14572,41516343
2022/12/26,臺股期貨,投信,16,45579,190,540572,-174,,15670,44637562,24054,68520224,-8384,-23882662
2022/12/26,臺股期貨,自營商,5117,14532413,5151,14632807,-34,,11402,32466424,5884,16750479,5518,15715945
2022/12/27,臺股期貨,外資及陸資,27329,78336457,27199,77959268,130,,35251,100852197,20552,58791242,14699,42060955
2022/12/27,臺股期貨,投信,742,2122981,301,863154,441,,15999,45773139,23942,68498062,-7943,-22724923
2022/12/27,臺股期貨,自營商,5391,15447708,5461,15652299,-70,,11519,32941017,6129,17523907,5390,15417110
2022/12/28,臺股期貨,外資及陸資,49221,139480585,49740,140952427,-519,,34366,96993307,20208,57028064,14158,39965243
2022/12/28,臺股期貨,投信,3,8468,1080,3048161,-1077,,15704,44322970,24724,69781018,-9020,-25458048
2022/12/28,臺股期貨,自營商,9736,27560484,8967,25381779,769,,12056,34014187,5791,16333937,6265,17680250
2022/12/29,臺股期貨,外資及陸資,51558,144690401,51534,144613805,24,,33528,94104909,19346,54293040,14182,39811869
2022/12/29,臺股期貨,投信,20,55907,1036,2907810,-1016,,14844,41664139,24880,69833184,-10036,-28169045
2022/12/29,臺股期貨,自營商,6799,19058157,6658,18670665,141,,12021,33729498,5610,15736124,6411,17993374
2022/12/30,臺股期貨,外資及陸資,44126,124969146,39087,110694538,5039,,35848,101341057,16627,46995999,19221,54345058
2022/12/30,臺股期貨,投信,328,927099,506,1430450,-178,,14389,40677703,24603,69552681,-10214,-28874978
2022/12/30,臺股期貨,自營商,5398,15280685,6000,16987716,-602,,11596,32767840,5816,16432451,5780,16335389
2023/01/03,臺股期貨,外資及陸資,64139,180805331,67381,189974741,-3242,,33550,95481699,17606,50098749,15944,45382950
2023/01/03,臺股期貨,投信,1314,3729805,1922,5469739,-608,,12524,35643304,23346,66442716,-10822,-30799412
2023/01/03,臺股期貨,自營商,11607,32730868,11232,31687888,375,,11665,33183959,5507,15663057,6158,17520902
2023/01/04,臺股期貨,外資及陸資,56758,161474154,58614,166747202,-1856,,30529,86756306,16441,46714308,14088,40041998
2023/01/04,臺股期貨,投信,1939,5513768,1354,3847719,585,,11178,31765640,21415,60857147,-10237,-29091507
2023/01/04,臺股期貨,自營商,10259,29175058,10013,28484148,246,,12014,34127113,5623,15967749,6391,18159364
2023/01/05,臺股期貨,外資及陸資,61176,174841922,58770,167956368,2406,,32446,92722817,15952,45579640,16494,47143177
2023/01/05,臺股期貨,投信,796,2274830,776,2217325,20,,10442,29841148,20659,59039290,-10217,-29198142
2023/01/05,臺股期貨,自營商,9511,27174884,8426,24078994,1085,,12952,36994846,5493,15684291,7459,21310555
2023/01/06,臺股期貨,外資及陸資,51035,146085639,53175,152228391,-2140,,33476,96181149,19122,54930981,14354,41250168
2023/01/06,臺股期貨,投信,838,2407904,50,143658,788,,10408,29904266,19837,56995668,-9429,-27091402
2023/01/06,臺股期貨,自營商,7939,22735439,9033,25882600,-1094,,12650,36322344,6159,17681416,6491,18640928
2023/01/09,臺股期貨,外資及陸資,63901,185985197,67047,195240337,-3146,,34449,101723884,21934,64758795,12515,36965089
2023/01/09,臺股期貨,投信,1557,4586802,0,0,1557,,10500,31006500,18372,54252516,-7872,-23246016
2023/01/09,臺股期貨,自營商,12426,36238029,11481,33465698,945,,12755,37631796,5378,15864148,7377,21767648
2023/01/10,臺股期貨,外資及陸資,53439,158175729,55843,165325634,-2404,,30759,91104098,21522,63734203,9237,27369895
2023/01/10,臺股期貨,投信,676,2001299,75,221125,601,,10885,32241370,18156,53777682,-7271,-21536312
2023/01/10,臺股期貨,自營商,10588,31326223,10215,30213535,373,,13288,39323376,5569,16474722,7719,22848654
2023/01/11,臺股期貨,外資及陸資,43374,128489339,47606,141038984,-4232,,27864,82423174,22864,67621015,5000,14802159
2023/01/11,臺股期貨,投信,61,180463,136,401683,-75,,10862,32131968,18208,53862126,-7346,-21730158
2023/01/11,臺股期貨,自營商,9364,27729580,8968,26552725,396,,13378,39536007,5292,15631280,8086,23904727
2023/01/12,臺股期貨,外資及陸資,44391,131235165,43686,129160924,705,,27066,79922989,21361,63066020,5705,16856969
2023/01/12,臺股期貨,投信,385,1136354,236,697575,149,,10875,32114970,18072,53369334,-7197,-21254364
2023/01/12,臺股期貨,自營商,7377,21786654,7330,21652333,47,,14205,41904669,6081,17931588,8124,23973081
2023/01/13,臺股期貨,外資及陸資,86077,256243502,80105,238481406,5972,,33712,99983872,22023,65307628,11689,34676244
2023/01/13,臺股期貨,投信,748,2219711,872,2589581,-124,,10608,31468264,17929,53188338,-7321,-21720074
2023/01/13,臺股期貨,自營商,12753,37919878,14265,42441427,-1512,,12910,38244922,6373,18877985,6537,19366937
2023/01/16,臺股期貨,外資及陸資,67912,202619053,70187,209439104,-2275,,35414,105727443,25998,77621832,9416,28105611
2023/01/16,臺股期貨,投信,17243,51519134,16926,50549027,317,,10765,32126450,17769,53035693,-7004,-20909243
2023/01/16,臺股期貨,自營商,14038,41903455,13718,40936789,320,,14765,44070668,7852,23430097,6913,20640571
2023/01/17,臺股期貨,外資及陸資,63562,189786005,63632,189990221,-70,,36144,107805988,26797,79924080,9347,27881908
2023/01/17,臺股期貨,投信,9800,29267152,10467,31245093,-667,,9958,29694915,17629,52570593,-7671,-22875678
2023/01/17,臺股期貨,自營商,10398,31036010,10510,31381422,-112,,14748,43985007,7881,23505654,6867,20479353
2023/01/30,臺股期貨,外資及陸資,61232,187462698,60146,184303292,1086,,32100,99233073,24001,74192341,8099,25040732
2023/01/30,臺股期貨,投信,2237,6907887,449,1384268,1788,,10112,31260237,15995,49446943,-5883,-18186706
2023/01/30,臺股期貨,自營商,14205,43588157,17049,52346096,-2844,,10822,33446397,5797,17917728,5025,15528669
2023/01/31,臺股期貨,外資及陸資,47844,147259088,53353,164246793,-5509,,30176,92143765,27587,84234166,2589,7909599
2023/01/31,臺股期貨,投信,127,389663,730,2232084,-603,,9915,30276444,16401,50082094,-6486,-19805650
2023/01/31,臺股期貨,自營商,8112,24923983,7973,24506854,139,,11465,34999254,6334,19336555,5131,15662699
2023/02/01,臺股期貨,外資及陸資,45520,139600188,43875,134548982,1645,,29376,90370841,25142,77341659,4234,13029182
2023/02/01,臺股期貨,投信,195,600036,260,799415,-65,,9740,29964136,16291,50117632,-6551,-20153496
2023/02/01,臺股期貨,自營商,8815,27043924,8194,25130002,621,,12028,36992056,6349,19526687,5679,17465369
2023/02/02,臺股期貨,外資及陸資,60754,188154118,56579,175212824,4175,,32174,100252482,23765,74041867,8409,26210615
2023/02/02,臺股期貨,投信,744,2318592,53,165056,691,,10176,31708416,16036,49968176,-5860,-18259760
2023/02/02,臺股期貨,自營商,9512,29491979,9086,28175057,426,,12701,39558077,6669,20773380,6032,18784697
2023/02/03,臺股期貨,外資及陸資,54413,169560134,53495,166713992,918,,31862,99286825,22535,70214293,9327,29072532
2023/02/03,臺股期貨,投信,107,333533,237,738553,-130,,10046,31305345,16036,49971383,-5990,-18666038
2023/02/03,臺股期貨,自營商,7730,24071706,8438,26276105,-708,,12478,38865833,7139,22239793,5339,16626040
2023/02/06,臺股期貨,外資及陸資,61518,190599041,62930,195003859,-1412,,31697,97669245,23782,73271671,7915,24397574
2023/02/06,臺股期貨,投信,57,175664,487,1500855,-430,,9999,30810919,16419,50593507,-6420,-19782588
2023/02/06,臺股期貨,自營商,9481,29337632,9089,28126559,392,,13112,40384681,7572,23323174,5540,17061507
2023/02/07,臺股期貨,外資及陸資,45606,140310520,45199,139059023,407,,30821,94907448,23740,73094086,7081,21813362
2023/02/07,臺股期貨,投信,17,52353,72,221688,-55,,10009,30821715,16484,50760830,-6475,-19939115
2023/02/07,臺股期貨,自營商,8871,27293991,8345,25682130,526,,13039,40131788,7068,21755354,5971,18376434
2023/02/08,臺股期貨,外資及陸資,57160,177095695,52475,162501497,4685,,35524,110859626,23758,74133883,11766,36725743
2023/02/08,臺股期貨,投信,351,1095154,180,561325,171,,9852,30746122,16156,50419645,-6304,-19673523
2023/02/08,臺股期貨,自營商,13935,43209401,14295,44337463,-360,,13010,40571273,7310,22801446,5700,17769827
2023/02/09,臺股期貨,外資及陸資,42627,132748274,43643,135912190,-1016,,33689,105103997,22939,71560450,10750,33543547
2023/02/09,臺股期貨,投信,0,0,367,1144666,-367,,9547,29786640,16218,50600160,-6671,-20813520
2023/02/09,臺股期貨,自營商,6886,21437649,6428,20009564,458,,12949,40371227,6542,20397234,6407,19973993
2023/02/10,臺股期貨,外資及陸資,63401,197714411,62469,194856123,932,,36697,114301924,25015,77911180,11682,36390744
2023/02/10,臺股期貨,投信,250,778989,488,1519530,-238,,9430,29378071,16339,50902029,-6909,-21523958
2023/02/10,臺股期貨,自營商,12400,38644918,12806,39920803,-406,,11917,37099506,5885,18318844,6032,18780662
2023/02/13,臺股期貨,外資及陸資,79764,247494446,79179,245718038,585,,38432,119345147,26168,81267818,12264,38077329
2023/02/13,臺股期貨,投信,15270,47298180,15768,48827059,-498,,9247,28712727,16654,51708428,-7407,-22995701
2023/02/13,臺股期貨,自營商,18413,57079972,17256,53491443,1157,,13095,40652732,6354,19719764,6741,20932968
2023/02/14,臺股期貨,外資及陸資,68578,214015624,68457,213635287,121,,32401,101402114,20022,62667902,12379,38734212
2023/02/14,臺股期貨,投信,10067,31505307,9921,31042517,146,,9356,29275296,16617,51994936,-7261,-22719640
2023/02/14,臺股期貨,自營商,14882,46504173,16907,52841883,-2025,,13091,40962226,8438,26401051,4653,14561175
2023/02/15,臺股期貨,外資及陸資,77430,240843012,81372,253029272,-3942,,25796,79275078,17485,53734370,8311,25540708
2023/02/15,臺股期貨,投信,460,1416006,1235,3798424,-775,,8903,27360700,16939,52056935,-8036,-24696235
2023/02/15,臺股期貨,自營商,26693,82835011,23315,72389755,3378,,12566,38609286,6014,18469155,6552,20140131
2023/02/16,臺股期貨,外資及陸資,54366,168203292,47951,148427192,6415,,31217,97039083,15281,47501753,15936,49537330
2023/02/16,臺股期貨,投信,452,1405516,155,481839,297,,8774,27274856,16513,51332312,-7739,-24057456
2023/02/16,臺股期貨,自營商,8143,25237568,9620,29821281,-1477,,12447,38679421,7062,21939192,5385,16740229
2023/02/17,臺股期貨,外資及陸資,52866,163393713,51323,158643483,1543,,30866,95287644,13376,41293699,17490,53993945
2023/02/17,臺股期貨,投信,29,89545,906,2797172,-877,,7890,24358008,16506,50957323,-8616,-26599315
2023/02/17,臺股期貨,自營商,7799,24092602,7850,24247665,-51,,12280,37898559,6940,21410221,5340,16488338
2023/02/20,臺股期貨,外資及陸資,43906,135804616,43573,134772640,333,,31568,98010517,13745,42674705,17823,55335812
2023/02/20,臺股期貨,投信,171,530927,105,326007,66,,7795,24201916,16345,50747956,-8550,-26546040
2023/02/20,臺股期貨,自營商,7699,23816391,7346,22735639,353,,13042,40477215,7304,22663009,5738,17814206
2023/02/21,臺股期貨,外資及陸資,26902,83438276,27789,86184283,-887,,30623,95100821,13685,42499294,16938,52601527
2023/02/21,臺股期貨,投信,28,86956,4,12423,24,,7818,24279581,16344,50757926,-8526,-26478345
2023/02/21,臺股期貨,自營商,6148,19068505,5350,16593808,798,,13621,42284970,7056,21897223,6565,20387747
2023/02/22,臺股期貨,外資及陸資,51797,159437407,49407,152076211,2390,,32001,98401047,12665,38943939,19336,59457108
2023/02/22,臺股期貨,投信,100,307515,143,439356,-43,,7755,23846625,16324,50196232,-8569,-26349607
2023/02/22,臺股期貨,自營商,10531,32398203,11519,35441537,-988,,13885,42680760,8294,25486800,5591,17193960
2023/02/23,臺股期貨,外資及陸資,53709,166587501,54292,168388623,-583,,33048,103107174,14295,44597817,18753,58509357
2023/02/23,臺股期貨,投信,432,1348030,100,312462,332,,7759,24208080,16001,49923050,-8242,-25714970
2023/02/23,臺股期貨,自營商,11003,34160359,11274,34997300,-271,,15000,46774947,9385,29263914,5615,17511033
2023/02/24,臺股期貨,外資及陸資,51665,161258564,54812,171080220,-3147,,30256,94039798,14650,45532479,15606,48507319
2023/02/24,臺股期貨,投信,5,15543,400,1243472,-395,,7532,23410962,16169,50256416,-8637,-26845454
2023/02/24,臺股期貨,自營商,8291,25863082,7656,23878988,635,,14979,46532511,8784,27283976,6195,19248535
2023/03/01,臺股期貨,外資及陸資,51648,159634402,52355,161792123,-707,,29309,91122879,14477,45009498,14832,46113381
2023/03/01,臺股期貨,投信,86,267245,88,272715,-2,,7555,23490006,16194,50350205,-8639,-26860199
2023/03/01,臺股期貨,自營商,13028,40262384,10490,32423564,2538,,15868,49307409,7129,22142000,8739,27165409
2023/03/02,臺股期貨,外資及陸資,53420,165931274,52166,162037556,1254,,30619,95170981,14533,45170966,16086,50000015
2023/03/02,臺股期貨,投信,32,99525,122,378606,-90,,7518,23368951,16247,50501599,-8729,-27132648
2023/03/02,臺股期貨,自營商,7515,23332562,7973,24760740,-458,,15933,49493574,7634,23704296,8299,25789278
2023/03/03,臺股期貨,外資及陸資,48918,152598852,50571,157740729,-1653,,31021,96873659,16588,51799874,14433,45073785
2023/03/03,臺股期貨,投信,172,537254,11,34346,161,,7512,23459976,16080,50217364,-8568,-26757388
2023/03/03,臺股期貨,自營商,7500,23399470,8618,26896194,-1118,,15988,49896495,8712,27183473,7276,22713022
2023/03/06,臺股期貨,外資及陸資,49593,156064754,51572,162309999,-1979,,29428,92820732,16977,53546613,12451,39274119
2023/03/06,臺股期貨,投信,615,1941663,210,662805,405,,7563,23856727,15726,49604814,-8163,-25748087
2023/03/06,臺股期貨,自營商,9721,30599354,9404,29610491,317,,16286,51336692,8680,27354617,7606,23982075
2023/03/07,臺股期貨,外資及陸資,41149,130183686,38244,120964545,2905,,31724,100703171,16374,51973972,15350,48729199
2023/03/07,臺股期貨,投信,278,882226,370,1173994,-92,,7257,23037773,15512,49243035,-8255,-26205262
2023/03/07,臺股期貨,自營商,7531,23815591,8614,27257779,-1083,,16412,52061744,9886,31355613,6526,20706131
2023/03/08,臺股期貨,外資及陸資,50716,160095419,55507,175248052,-4791,,27260,86047779,16701,52715674,10559,33332105
2023/03/08,臺股期貨,投信,141,445142,281,886917,-140,,7233,22834485,15628,49336316,-8395,-26501831
2023/03/08,臺股期貨,自營商,11810,37270725,10058,31736688,1752,,16097,50779726,7526,23729686,8571,27050040
2023/03/09,臺股期貨,外資及陸資,46396,146673520,46736,147745528,-340,,28786,90751138,18567,58534070,10219,32217068
2023/03/09,臺股期貨,投信,21,66458,28,88470,-7,,7228,22791199,15630,49283183,-8402,-26491984
2023/03/09,臺股期貨,自營商,7505,23709049,7316,23110847,189,,16471,51894233,7739,24368491,8732,27525742
2023/03/10,臺股期貨,外資及陸資,68512,213709812,70344,219438795,-1832,,27581,85369905,21380,66172547,6201,19197358
2023/03/10,臺股期貨,投信,382,1184698,1339,4143572,-957,,7283,22549169,16642,51517786,-9359,-28968617
2023/03/10,臺股期貨,自營商,15485,48216439,14730,45881251,755,,18383,56862837,9078,28066013,9305,28796824
2023/03/13,臺股期貨,外資及陸資,125345,387941916,120777,373799671,4568,,29995,92969593,19225,59564489,10770,33405104
2023/03/13,臺股期貨,投信,13578,42065784,12975,40152608,603,,7376,22855226,16132,49979089,-8756,-27123863
2023/03/13,臺股期貨,自營商,27296,84419974,28394,87868555,-1098,,15404,47695192,7210,22313316,8194,25381876
2023/03/14,臺股期貨,外資及陸資,106058,326334024,109241,336139714,-3183,,25700,78698224,18104,55398405,7596,23299819
2023/03/14,臺股期貨,投信,9299,28571668,9912,30415550,-613,,7499,22929167,16868,51576904,-9369,-28647737
2023/03/14,臺股期貨,自營商,23513,72279531,21845,67169605,1668,,18050,55218489,8082,24724321,9968,30494168
2023/03/15,臺股期貨,外資及陸資,72525,223631358,71274,219824199,1251,,23614,72396737,16678,51134136,6936,21262601
2023/03/15,臺股期貨,投信,1878,5763043,175,537391,1703,,9114,27943524,16785,51462810,-7671,-23519286
2023/03/15,臺股期貨,自營商,18096,55830253,19596,60440706,-1500,,14118,43268843,6296,19284552,7822,23984291
2023/03/16,臺股期貨,外資及陸資,88293,268366043,89878,273198581,-1585,,22232,67696827,16849,51307870,5383,16388957
2023/03/16,臺股期貨,投信,285,869929,305,928282,-20,,9293,28299044,16984,51719677,-7691,-23420633
2023/03/16,臺股期貨,自營商,12249,37240563,12285,37357514,-36,,14448,43978606,6667,20281383,7781,23697223
2023/03/17,臺股期貨,外資及陸資,71015,217419392,65724,201127395,5291,,26170,80625538,15498,47748365,10672,32877173
2023/03/17,臺股期貨,投信,623,1920123,112,344860,511,,9402,28967562,16582,51089142,-7180,-22121580
2023/03/17,臺股期貨,自營商,10184,31215791,10314,31622625,-130,,14088,43384691,6334,19491348,7754,23893343
2023/03/20,臺股期貨,外資及陸資,56360,173433777,58392,179645719,-2032,,23289,71586323,14666,45082466,8623,26503857
2023/03/20,臺股期貨,投信,16,49466,548,1684476,-532,,8871,27269454,16583,50976142,-7712,-23706688
2023/03/20,臺股期貨,自營商,7683,23637696,7081,21792701,602,,15254,46872340,6890,21155530,8364,25716810
2023/03/21,臺股期貨,外資及陸資,60628,186870023,59287,182751838,1341,,23999,74176502,14040,43396845,9959,30779657
2023/03/21,臺股期貨,投信,138,426548,116,358817,22,,8891,27482081,16581,51251871,-7690,-23769790
2023/03/21,臺股期貨,自營商,9327,28762300,9336,28780695,-9,,14561,44985142,6130,18921753,8431,26063389
2023/03/22,臺股期貨,外資及陸資,53777,167942973,48621,151850146,5156,,31607,99336034,13869,43589002,17738,55747032
2023/03/22,臺股期貨,投信,1120,3520092,114,357621,1006,,9440,29669920,16124,50677732,-6684,-21007812
2023/03/22,臺股期貨,自營商,10908,34077093,11464,35821818,-556,,14198,44597262,6174,19376256,8024,25221006
2023/03/23,臺股期貨,外資及陸資,65268,205791551,65520,206607810,-252,,33763,106929341,16279,51557457,17484,55371884
2023/03/23,臺股期貨,投信,724,2293063,121,381101,603,,10118,32045730,16199,51305473,-6081,-19259743
2023/03/23,臺股期貨,自營商,9904,31215132,9691,30546610,213,,14208,44966422,5990,18940748,8218,26025674
2023/03/24,臺股期貨,外資及陸資,56673,179924569,61428,195033654,-4755,,30504,97101491,17776,56586228,12728,40515263
2023/03/24,臺股期貨,投信,1234,3928699,4,12733,1230,,11138,35456709,15989,50899383,-4851,-15442674
2023/03/24,臺股期貨,自營商,7338,23279747,7912,25108562,-574,,14260,45357742,6427,20424593,7833,24933149
2023/03/27,臺股期貨,外資及陸資,53822,170449296,60565,191812851,-6743,,24879,78756980,20522,64966479,4357,13790501
2023/03/27,臺股期貨,投信,495,1567070,126,398868,369,,11568,36621974,16050,50811090,-4482,-14189116
2023/03/27,臺股期貨,自營商,8713,27589026,7913,25049185,800,,14410,45583747,5817,18379052,8593,27204695
2023/03/28,臺股期貨,外資及陸資,57707,181644278,57320,180405896,387,,24526,76952723,19789,62092162,4737,14860561
2023/03/28,臺股期貨,投信,416,1305447,514,1612627,-98,,11837,37142139,16417,51513263,-4580,-14371124
2023/03/28,臺股期貨,自營商,8343,26229277,8831,27774312,-488,,14282,44784001,6193,19394591,8089,25389410
2023/03/29,臺股期貨,外資及陸資,48580,152677833,45672,143538728,2908,,26754,84205807,19115,60164415,7639,24041392
2023/03/29,臺股期貨,投信,17,53509,67,210567,-50,,11789,37107056,16419,51680444,-4630,-14573388
2023/03/29,臺股期貨,自營商,8090,25417398,8185,25724617,-95,,13861,43594018,5864,18417817,7997,25176201
2023/03/30,臺股期貨,外資及陸資,47266,149476698,45275,143169438,1991,,27736,87746022,18106,57281789,9630,30464233
2023/03/30,臺股期貨,投信,407,1287853,1023,3236353,-616,,10896,34472765,16142,51070060,-5246,-16597295
2023/03/30,臺股期貨,自營商,6995,22113718,6756,21357031,239,,13778,43554182,5523,17434567,8255,26119615
2023/03/31,臺股期貨,外資及陸資,46730,148530011,49991,158897662,-3261,,26560,84264401,20191,64059651,6369,20204750
2023/03/31,臺股期貨,投信,54,171499,326,1034343,-272,,10712,33987034,16230,51494544,-5518,-17507510
2023/03/31,臺股期貨,自營商,8217,26106629,7908,25131758,309,,14190,44981224,5626,17809481,8564,27171743
2023/04/06,臺股期貨,外資及陸資,48183,152217261,44345,140093584,3838,,29682,93564468,19470,61374071,10212,32190397
2023/04/06,臺股期貨,投信,11,34681,536,1689815,-525,,10402,32791265,16445,51841218,-6043,-19049953
2023/04/06,臺股期貨,自營商,8235,25990711,8837,27892708,-602,,13715,43198664,5912,18595653,7803,24603011
2023/04/07,臺股期貨,外資及陸資,34403,108842261,34704,109792951,-301,,29501,93324308,19590,61970531,9911,31353777
2023/04/07,臺股期貨,投信,163,515773,49,154936,114,,10407,32923585,16336,51680570,-5929,-18756985
2023/04/07,臺股期貨,自營商,5546,17537929,5296,16751808,250,,13795,43602945,5801,18311107,7994,25291838
2023/04/10,臺股期貨,外資及陸資,30129,95599199,29096,92308138,1033,,30955,98128058,20011,63432668,10944,34695390
2023/04/10,臺股期貨,投信,54,171208,0,0,54,,10459,33157122,16334,51782047,-5875,-18624925
2023/04/10,臺股期貨,自營商,6030,19124525,5338,16934949,692,,14118,44711293,5579,17642788,8539,27068505
2023/04/11,臺股期貨,外資及陸資,50529,160434718,49753,157927226,776,,31775,101190554,20059,63875249,11716,37315305
2023/04/11,臺股期貨,投信,496,1579706,805,2563514,-309,,9688,30854342,15872,50549146,-6184,-19694804
2023/04/11,臺股期貨,自營商,9219,29252444,11161,35426799,-1942,,13543,43077155,6725,21372283,6818,21704872
2023/04/12,臺股期貨,外資及陸資,35463,112938919,36753,117033065,-1290,,30096,95848830,19670,62639120,10426,33209710
2023/04/12,臺股期貨,投信,25,79631,473,1506441,-448,,9248,29454880,15880,50577800,-6632,-21122920
2023/04/12,臺股期貨,自營商,7780,24763471,5993,19074768,1787,,14295,45476116,5681,18048722,8614,27427394
2023/04/13,臺股期貨,外資及陸資,59617,189463423,59541,189217317,76,,30553,96635059,20051,63414642,10502,33220417
2023/04/13,臺股期貨,投信,186,588389,768,2429512,-582,,8967,28364414,16181,51183183,-7214,-22818769
2023/04/13,臺股期貨,自營商,9804,31132860,9481,30099394,323,,14540,45946042,5635,17778314,8905,28167728
2023/04/14,臺股期貨,外資及陸資,59961,190594648,56280,178938000,3681,,37144,118447219,22961,73222726,14183,45224493
2023/04/14,臺股期貨,投信,448,1428321,95,302262,353,,8997,28696784,15858,50579788,-6861,-21883004
2023/04/14,臺股期貨,自營商,8775,27901246,10613,33751730,-1838,,13553,43177226,6478,20612188,7075,22565038
2023/04/17,臺股期貨,外資及陸資,70632,224892110,73578,234271407,-2946,,35961,114791967,24724,78935609,11237,35856358
2023/04/17,臺股期貨,投信,13014,41441248,13560,43164066,-546,,8457,26993594,15864,50632240,-7407,-23638646
2023/04/17,臺股期貨,自營商,17578,55952252,15447,49172635,2131,,15372,49049807,5789,18440660,9583,30609147
2023/04/18,臺股期貨,外資及陸資,77610,247033028,79354,252614454,-1744,,34973,111042937,25483,80934669,9490,30108268
2023/04/18,臺股期貨,投信,10986,34949794,11169,35516385,-183,,8426,26747684,16016,50841513,-7590,-24093829
2023/04/18,臺股期貨,自營商,16528,52570874,17862,56811177,-1334,,14820,47047033,6557,20784251,8263,26262782
2023/04/19,臺股期貨,外資及陸資,49803,157981061,52040,165033716,-2237,,29081,91763597,20373,64286801,8708,27476796
2023/04/19,臺股期貨,投信,367,1159760,339,1071838,28,,8652,27302251,16214,51164898,-7562,-23862647
2023/04/19,臺股期貨,自營商,17599,55774606,17101,54201733,498,,11775,37137118,5813,18306676,5962,18830442
2023/04/20,臺股期貨,外資及陸資,55454,174562548,51462,161969628,3992,,30643,96404674,17943,56449626,12700,39955048
2023/04/20,臺股期貨,投信,182,572717,311,978412,-129,,8638,27176876,16329,51374300,-7691,-24197424
2023/04/20,臺股期貨,自營商,7992,25136547,9092,28600544,-1100,,11469,36055540,6475,20326455,4994,15729085
2023/04/21,臺股期貨,外資及陸資,63607,199860930,62473,196239708,1134,,32933,102838288,19099,59640186,13834,43198102
2023/04/21,臺股期貨,投信,75,234238,375,1171181,-300,,8676,27093413,16667,52047708,-7991,-24954295
2023/04/21,臺股期貨,自營商,9510,29844784,8963,28124002,547,,12070,37667443,6481,20190099,5589,17477344
2023/04/24,臺股期貨,外資及陸資,49472,154453387,47627,148687585,1845,,34800,108709873,19123,59735475,15677,48974398
2023/04/24,臺股期貨,投信,109,340475,65,202996,44,,8725,27256900,16672,52083328,-7947,-24826428
2023/04/24,臺股期貨,自營商,7187,22421474,7819,24397897,-632,,12377,38633599,7305,22767063,5072,15866536
2023/04/25,臺股期貨,外資及陸資,53324,165513085,60224,186986204,-6900,,31925,98253554,25354,78026314,6571,20227240
2023/04/25,臺股期貨,投信,370,1138981,522,1606815,-152,,9073,27924879,17172,52851982,-8099,-24927103
2023/04/25,臺股期貨,自營商,12278,38077916,11425,35412921,853,,12717,39108580,6801,20875155,5916,18233425
2023/04/26,臺股期貨,外資及陸資,56604,173874595,57580,176854646,-976,,32411,99665168,26846,82548582,5565,17116586
2023/04/26,臺股期貨,投信,13,39979,55,169248,-42,,9072,27898214,17213,52933418,-8141,-25035204
2023/04/26,臺股期貨,自營商,11054,33936578,11442,35140193,-388,,12491,38375222,6981,21410550,5510,16964672
2023/04/27,臺股期貨,外資及陸資,51689,159013599,48001,147642358,3688,,32605,100581472,23352,72037775,9253,28543697
2023/04/27,臺股期貨,投信,159,490553,81,249470,78,,9227,28467140,17290,53343108,-8063,-24875968
2023/04/27,臺股期貨,自營商,7707,23700794,7702,23691621,5,,12233,37697682,6718,20665991,5515,17031691
2023/04/28,臺股期貨,外資及陸資,52310,162406568,50544,156899605,1766,,34486,107389048,21733,67677581,12753,39711467
2023/04/28,臺股期貨,投信,585,1821558,135,420337,450,,9239,28773942,16852,52483869,-7613,-23709927
2023/04/28,臺股期貨,自營商,7368,22862756,7637,23702485,-269,,12261,38138617,7032,21838855,5229,16299762
2023/05/02,臺股期貨,外資及陸資,51988,162306695,50624,158012596,1364,,35080,109675016,20979,65571918,14101,44103098
2023/05/02,臺股期貨,投信,171,534758,95,297068,76,,9205,28784035,16742,52352234,-7537,-23568199
2023/05/02,臺股期貨,自營商,10224,31870394,10463,32627971,-239,,13239,41327272,8447,26334352,4792,14992920
2023/05/03,臺股期貨,外資及陸資,45174,140610354,45585,141889067,-411,,34363,106840740,20673,64260778,13690,42579962
2023/05/03,臺股期貨,投信,86,267470,269,836797,-183,,9212,28647478,16932,52655134,-7720,-24007656
2023/05/03,臺股期貨,自營商,9336,29050024,8956,27852066,380,,12636,39239168,7621,23618536,5015,15620632
2023/05/04,臺股期貨,外資及陸資,53192,165497491,48469,150824189,4723,,35665,111300842,17252,53822720,18413,57478122
2023/05/04,臺股期貨,投信,168,524122,70,217608,98,,9246,28860464,16868,52651775,-7622,-23791311
2023/05/04,臺股期貨,自營商,7482,23268041,7604,23656833,-122,,12397,38633838,7485,23279881,4912,15353957
2023/05/05,臺股期貨,外資及陸資,49118,153400686,49774,155410507,-656,,35037,109584974,17281,54037854,17756,55547120
2023/05/05,臺股期貨,投信,467,1461515,50,156316,417,,9389,29372548,16594,51912670,-7205,-22540122
2023/05/05,臺股期貨,自營商,8121,25342824,8441,26349023,-320,,12398,38722932,7785,24270494,4613,14452438
2023/05/08,臺股期貨,外資及陸資,43925,138103500,45873,144198740,-1948,,33166,104267744,17358,54558921,15808,49708823
2023/05/08,臺股期貨,投信,226,710729,31,97497,195,,9411,29593831,16421,51637477,-7010,-22043646
2023/05/08,臺股期貨,自營商,7079,22248779,7126,22398365,-47,,12259,38482093,7576,23735494,4683,14746599
2023/05/09,臺股期貨,外資及陸資,39670,124648478,38543,121091883,1127,,33775,106265645,16841,52969478,16934,53296167
2023/05/09,臺股期貨,投信,289,909618,29,91273,260,,9671,30436571,16421,51680171,-6750,-21243600
2023/05/09,臺股期貨,自營商,6503,20417872,6938,21791538,-435,,12131,38107292,7774,24378039,4357,13729253
2023/05/10,臺股期貨,外資及陸資,40750,127532986,49816,155935866,-9066,,26574,82929734,20264,63221597,6310,19708137
2023/05/10,臺股期貨,投信,43,134266,181,565182,-138,,9700,30283400,16588,51787736,-6888,-21504336
2023/05/10,臺股期貨,自營商,10863,33974458,8683,27141515,2180,,13418,41821530,6767,21035472,6651,20786058
2023/05/11,臺股期貨,外資及陸資,60399,188438040,60523,188793762,-124,,28158,87356912,21971,68143147,6187,19213765
2023/05/11,臺股期貨,投信,211,657294,292,906985,-81,,9681,30047888,16650,51678270,-6969,-21630382
2023/05/11,臺股期貨,自營商,9709,30229918,11358,35394418,-1649,,12710,39371443,7840,24241604,4870,15129839
2023/05/12,臺股期貨,外資及陸資,61920,191576683,61422,190042855,498,,29196,90444130,22511,69740379,6685,20703751
2023/05/12,臺股期貨,投信,188,581005,174,538369,14,,9696,30067117,16651,51636715,-6955,-21569598
2023/05/12,臺股期貨,自營商,10781,33346064,10938,33815838,-157,,12711,39335026,7786,24029114,4925,15305912
2023/05/15,臺股期貨,外資及陸資,77715,240127264,72513,224179125,5202,,39060,120838984,27176,84150398,11884,36688586
2023/05/15,臺股期貨,投信,14979,46270386,14931,46048345,48,,9753,30179144,16660,51541840,-6907,-21362696
2023/05/15,臺股期貨,自營商,12076,37318153,15129,46734972,-3053,,13561,41982640,11686,36105686,1875,5876954
2023/05/16,臺股期貨,外資及陸資,78357,244477790,66497,207478954,11860,,42853,134051609,17625,55142983,25228,78908626
2023/05/16,臺股期貨,投信,11190,35029716,11113,34757176,77,,9371,29292079,16201,50643148,-6830,-21351069
2023/05/16,臺股期貨,自營商,15335,47917668,19009,59401789,-3674,,11213,35112491,13167,41161143,-1954,-6048652
2023/05/17,臺股期貨,外資及陸資,74341,234644455,68042,214797574,6299,,48484,153932926,16195,51418814,32289,102514112
2023/05/17,臺股期貨,投信,560,1775681,290,918478,270,,9370,29749750,15915,50530125,-6545,-20780375
2023/05/17,臺股期貨,自營商,24606,77821863,26752,84630122,-2146,,3519,11127696,13795,43772716,-10276,-32645020
2023/05/18,臺股期貨,外資及陸資,52371,167572367,52442,167747664,-71,,50176,161244699,17958,57713332,32218,103531367
2023/05/18,臺股期貨,投信,208,668217,177,568386,31,,9229,29660160,15743,50594853,-6514,-20934693
2023/05/18,臺股期貨,自營商,8872,28358057,9373,29990162,-501,,3860,12352043,14612,46913751,-10752,-34561708
2023/05/19,臺股期貨,外資及陸資,48244,155468802,49133,158340888,-889,,50066,161470769,18737,60433816,31329,101036953
2023/05/19,臺股期貨,投信,170,548245,226,728878,-56,,9042,29164067,15612,50354945,-6570,-21190878
2023/05/19,臺股期貨,自營商,7811,25159706,8929,28754086,-1118,,3613,11606019,15442,49760220,-11829,-38154201
2023/05/22,臺股期貨,外資及陸資,36666,118201812,37183,119863397,-517,,50366,162317748,19551,63012094,30815,99305654
2023/05/22,臺股期貨,投信,298,960503,2,6446,296,,9338,30096374,15612,50317476,-6274,-20221102
2023/05/22,臺股期貨,自營商,4320,13918952,5049,16262312,-729,,3455,11092200,16000,51521801,-12545,-40429601
2023/05/23,臺股期貨,外資及陸資,42509,137113003,43053,138865658,-544,,52551,169571119,22279,71893471,30272,97677648
2023/05/23,臺股期貨,投信,249,803253,5,16135,244,,9582,30921114,15612,50379924,-6030,-19458810
2023/05/23,臺股期貨,自營商,5905,19039324,7197,23195950,-1292,,3370,10831003,17141,55262028,-13771,-44431025
2023/05/24,臺股期貨,外資及陸資,44017,141366454,45414,145840609,-1397,,53476,171850710,24599,79054667,28877,92796043
2023/05/24,臺股期貨,投信,344,1105514,354,1137605,-10,,9655,31029239,15695,50440591,-6040,-19411352
2023/05/24,臺股期貨,自營商,9428,30258988,9050,29031762,378,,3255,10417361,16422,52709654,-13167,-42292293
2023/05/25,臺股期貨,外資及陸資,62670,202196022,61431,198142966,1239,,54672,177179406,24504,79415880,30168,97763526
2023/05/25,臺股期貨,投信,273,884805,271,878232,2,,9438,30588558,15476,50157716,-6038,-19569158
2023/05/25,臺股期貨,自營商,8342,26885370,9216,29703128,-874,,3562,11486690,17593,56940179,-14031,-45453489
2023/05/26,臺股期貨,外資及陸資,62719,205350371,59280,194044829,3439,,56225,184828484,22616,74349223,33609,110479261
2023/05/26,臺股期貨,投信,547,1798330,106,348455,441,,9425,30985630,15022,49386327,-5597,-18400697
2023/05/26,臺股期貨,自營商,9430,30855188,9455,30962041,-25,,3754,12284938,17669,58013317,-13915,-45728379
2023/05/29,臺股期貨,外資及陸資,49111,162763004,54525,180702943,-5414,,54744,181495243,26555,88041399,28189,93453844
2023/05/29,臺股期貨,投信,511,1694522,60,198924,451,,9414,31213058,14560,48275136,-5146,-17062078
2023/05/29,臺股期貨,自營商,10108,33474005,7712,25534703,2396,,3739,12342459,15226,50405029,-11487,-38062570
2023/05/30,臺股期貨,外資及陸資,34185,113289019,33296,110336506,889,,56263,186475075,27185,90101249,29078,96373826
2023/05/30,臺股期貨,投信,54,179057,30,99435,24,,9404,31170498,14526,48147880,-5122,-16977382
2023/05/30,臺股期貨,自營商,5213,17267475,6502,21530450,-1289,,3616,11934396,16175,53530347,-12559,-41595951
2023/05/31,臺股期貨,外資及陸資,68718,227599679,70394,233174842,-1676,,56250,185472110,30581,100838750,25669,84633360
2023/05/31,臺股期貨,投信,426,1407708,271,894512,155,,9536,31445914,14503,47825093,-4967,-16379179
2023/05/31,臺股期貨,自營商,13791,45670922,12929,42792835,862,,3558,11681188,14990,49336712,-11432,-37655524
2023/06/01,臺股期貨,外資及陸資,52308,172213592,53461,176002807,-1153,,55829,183863949,31308,103117193,24521,80746756
2023/06/01,臺股期貨,投信,150,494047,18,59253,132,,9674,31864221,14509,47789744,-4835,-15925523
2023/06/01,臺股期貨,自營商,6592,21688407,6111,20095665,481,,3893,12765943,14675,48228707,-10782,-35462764
2023/06/02,臺股期貨,外資及陸資,52007,172708049,52168,173323952,-161,,57680,192737997,33320,111355259,24360,81382738
2023/06/02,臺股期貨,投信,749,2499384,77,257335,672,,9867,32974211,14030,46891066,-4163,-13916855
2023/06/02,臺股期貨,自營商,8519,28310450,8116,26955872,403,,4117,13708605,14437,48142704,-10320,-34434099
2023/06/05,臺股期貨,外資及陸資,48519,162317096,50693,169593406,-2174,,54879,183071565,32693,109075478,22186,73996087
2023/06/05,臺股期貨,投信,128,427096,230,768280,-102,,9655,32211753,13920,46445472,-4265,-14233719
2023/06/05,臺股期貨,自營商,8191,27388010,8050,26910000,141,,3818,12696025,13952,46451900,-10134,-33755875
2023/06/06,臺股期貨,外資及陸資,44852,149947725,43886,146723931,966,,55164,184716880,32012,107206261,23152,77510619
2023/06/06,臺股期貨,投信,21,70131,307,1026815,-286,,9367,31368589,13918,46614166,-4551,-15245577
2023/06/06,臺股期貨,自營商,6615,22107626,7293,24372937,-678,,4107,13712953,14926,49892181,-10819,-36179228
2023/06/07,臺股期貨,外資及陸資,44464,149551562,43615,146706974,849,,57712,194909063,33712,113871277,24000,81037786
2023/06/07,臺股期貨,投信,726,2451562,92,310830,634,,9489,32050406,13406,45285468,-3917,-13235062
2023/06/07,臺股期貨,自營商,10119,34021243,8810,29621486,1309,,4188,14096957,13579,45770703,-9391,-31673746
2023/06/08,臺股期貨,外資及陸資,52443,176305646,53979,181551942,-1536,,55798,186516822,33338,111449842,22460,75066980
2023/06/08,臺股期貨,投信,107,355197,592,1978373,-485,,9330,31187128,13732,45911569,-4402,-14724441
2023/06/08,臺股期貨,自營商,9355,31421261,9307,31234072,48,,3908,13035429,13208,44061782,-9300,-31026353
2023/06/09,臺股期貨,外資及陸資,43725,147079419,45408,152739674,-1683,,54488,183978199,33711,113834661,20777,70143538
2023/06/09,臺股期貨,投信,327,1104222,284,957149,43,,9161,30931645,13520,45659744,-4359,-14728099
2023/06/09,臺股期貨,自營商,7810,26258171,7906,26585174,-96,,4230,14250043,13738,46296018,-9508,-32045975
2023/06/12,臺股期貨,外資及陸資,47062,159366819,47191,159802170,-129,,54094,183253285,33446,113308702,20648,69944583
2023/06/12,臺股期貨,投信,373,1263655,5,16940,368,,9367,31732170,13358,45262247,-3991,-13530077
2023/06/12,臺股期貨,自營商,8900,30103003,8459,28616818,441,,4543,15349382,13586,45932867,-9043,-30583485
2023/06/13,臺股期貨,外資及陸資,51619,176798539,52732,180665224,-1113,,56368,194057628,36833,126805990,19535,67251638
2023/06/13,臺股期貨,投信,710,2444591,176,603988,534,,9361,32229447,12818,44139065,-3457,-11909618
2023/06/13,臺股期貨,自營商,11918,40825586,11465,39283333,453,,5837,20047770,14531,49933914,-8694,-29886144
2023/06/14,臺股期貨,外資及陸資,51585,177623940,55867,192365660,-4282,,52215,179551001,36962,127090674,15253,52460327
2023/06/14,臺股期貨,投信,733,2521344,103,354345,630,,9796,33689803,12623,43419617,-2827,-9729814
2023/06/14,臺股期貨,自營商,10957,37695059,10716,36848152,241,,5646,19362928,14059,48233375,-8413,-28870447
2023/06/15,臺股期貨,外資及陸資,51288,177019072,48261,166576587,3027,,53269,184617117,34989,121254791,18280,63362326
2023/06/15,臺股期貨,投信,164,567552,228,788538,-64,,9714,33672622,12605,43703056,-2891,-10030434
2023/06/15,臺股期貨,自營商,8283,28558599,8703,30011578,-420,,6190,21395539,15009,51900750,-8819,-30505211
2023/06/16,臺股期貨,外資及陸資,64871,223850891,67397,232782040,-2526,,54527,187902375,38763,133651106,15764,54251269
2023/06/16,臺股期貨,投信,487,1675403,253,867248,234,,9891,34147234,12548,43330930,-2657,-9183696
2023/06/16,臺股期貨,自營商,14059,48526388,14051,48311931,8,,6640,22883776,15306,52588841,-8666,-29705065
2023/06/19,臺股期貨,外資及陸資,79792,274373781,78575,270327462,1217,,57231,196455319,40250,138185810,16981,58269509
2023/06/19,臺股期貨,投信,12885,44259040,11930,40873898,955,,10864,37274237,12566,43061948,-1702,-5787711
2023/06/19,臺股期貨,自營商,11182,38460311,11206,38478637,-24,,6548,22521171,15192,52075805,-8644,-29554634
2023/06/20,臺股期貨,外資及陸資,78884,270283094,80793,276915215,-1909,,59108,201659393,44036,150220027,15072,51439366
2023/06/20,臺股期貨,投信,10124,34582593,10167,34752490,-43,,11004,37440293,12749,43383357,-1745,-5943064
2023/06/20,臺股期貨,自營商,15104,51782123,16042,54897383,-938,,7055,24169513,16559,56480982,-9504,-32311469
2023/06/21,臺股期貨,外資及陸資,51861,177031457,51855,177145708,6,,45277,153968205,30871,104979876,14406,48988329
2023/06/21,臺股期貨,投信,280,957583,308,1046930,-28,,10875,36981525,12641,42986985,-1766,-6005460
2023/06/21,臺股期貨,自營商,11524,39454955,11622,39755577,-98,,2563,8705670,13923,47339209,-11360,-38633539
2023/06/26,臺股期貨,外資及陸資,44597,150777298,46317,156585986,-1720,,46238,156098529,33543,113241108,12695,42857421
2023/06/26,臺股期貨,投信,558,1883409,326,1100203,232,,11324,38229824,12858,43408608,-1534,-5178784
2023/06/26,臺股期貨,自營商,5626,19010869,6401,21630906,-775,,2868,9674793,14959,50494488,-12091,-40819695
2023/06/27,臺股期貨,外資及陸資,53486,179650976,54506,183044453,-1020,,43712,146364175,33533,112281816,10179,34082359
2023/06/27,臺股期貨,投信,297,995481,340,1138345,-43,,11379,38101444,12956,43381870,-1577,-5280426
2023/06/27,臺股期貨,自營商,9116,30599389,9330,31321253,-214,,3274,10955635,15459,51755640,-12185,-40800005
2023/06/28,臺股期貨,外資及陸資,44047,147694603,46311,155293885,-2264,,42805,143609440,34903,117099506,7902,26509934
2023/06/28,臺股期貨,投信,912,3059110,49,164152,863,,12055,40444525,12769,42839995,-714,-2395470
2023/06/28,臺股期貨,自營商,8901,29850782,8477,28421737,424,,3292,11037785,15065,50535472,-11773,-39497687
2023/06/29,臺股期貨,外資及陸資,63495,213587384,69204,232839842,-5709,,39622,132826887,37430,125480279,2192,7346608
2023/06/29,臺股期貨,投信,1401,4698492,121,405688,1280,,13341,44724368,12775,42826910,566,1897458
2023/06/29,臺股期貨,自營商,10350,34827619,9141,30759978,1209,,4045,13552666,14636,49056036,-10591,-35503370
2023/06/30,臺股期貨,外資及陸資,49567,165948598,49132,164521907,435,,38218,128310226,35585,119473043,2633,8837183
2023/06/30,臺股期貨,投信,16,53643,64,214769,-48,,13290,44619846,12772,42880713,518,1739133
2023/06/30,臺股期貨,自營商,6517,21827334,6079,20355093,438,,4161,13962239,14295,47982824,-10134,-34020585
2023/07/03,臺股期貨,外資及陸資,46630,158099367,45792,155274512,838,,40290,137265078,36823,125455896,3467,11809182
2023/07/03,臺股期貨,投信,1930,6573429,0,0,1930,,14639,49875073,12191,41534737,2448,8340336
2023/07/03,臺股期貨,自營商,8981,30453944,8186,27766553,795,,5159,17565848,14526,49479363,-9367,-31913515
2023/07/04,臺股期貨,外資及陸資,39377,134252937,37728,128620971,1649,,40757,139410131,35645,121927248,5112,17482883
2023/07/04,臺股期貨,投信,747,2555027,5,17044,742,,15276,52253086,12086,41341372,3190,10911714
2023/07/04,臺股期貨,自營商,7268,24778510,7253,24731289,15,,5357,18313600,14699,50268593,-9342,-31954993
2023/07/05,臺股期貨,外資及陸資,31823,108506104,36543,124606975,-4720,,37880,128824760,37491,127506868,389,1317892
2023/07/05,臺股期貨,投信,101,343610,140,476264,-39,,15347,52195147,12196,41478596,3151,10716551
2023/07/05,臺股期貨,自營商,7014,23920787,7088,24159845,-74,,5189,17637272,14591,49609891,-9402,-31972619
2023/07/06,臺股期貨,外資及陸資,60474,203465416,60992,205202765,-518,,34953,116660686,36691,122465985,-1738,-5805299
2023/07/06,臺股期貨,投信,230,767852,542,1809968,-312,,15534,51849385,12695,42373371,2839,9476014
2023/07/06,臺股期貨,自營商,11380,38256191,10886,36598773,494,,5503,18359624,14341,47848812,-8838,-29489188
2023/07/07,臺股期貨,外資及陸資,62527,207772756,61039,202805032,1488,,34854,115875523,35098,116691063,-244,-815540
2023/07/07,臺股期貨,投信,181,601869,189,628157,-8,,15653,52043094,12822,42630586,2831,9412508
2023/07/07,臺股期貨,自營商,11056,36720143,9455,31413387,1601,,5514,18320940,12724,42282529,-7210,-23961589
2023/07/10,臺股期貨,外資及陸資,66613,221851298,64150,213600388,2463,,34632,114645164,32413,107301444,2219,7343720
2023/07/10,臺股期貨,投信,339,1122393,104,344825,235,,15976,52890146,12910,42739846,3066,10150300
2023/07/10,臺股期貨,自營商,11274,37531877,11663,38829785,-389,,5359,17727540,12937,42802743,-7578,-25075203
2023/07/11,臺股期貨,外資及陸資,53522,179310557,51534,172770204,1988,,37285,125742900,33081,111580720,4204,14162180
2023/07/11,臺股期貨,投信,710,2390318,76,256361,634,,16181,54581749,12481,42100909,3700,12480840
2023/07/11,臺股期貨,自營商,11429,38334187,11704,39234169,-275,,4982,16784943,12881,43410345,-7899,-26625402
2023/07/12,臺股期貨,外資及陸資,50148,169258361,54193,182929113,-4045,,34858,117944509,34705,117441961,153,502548
2023/07/12,臺股期貨,投信,591,1999945,34,115083,557,,16631,56285956,12374,41878566,4257,14407390
2023/07/12,臺股期貨,自營商,12625,42614405,11516,38865444,1109,,5936,20066367,12735,43056149,-6799,-22989782
2023/07/13,臺股期貨,外資及陸資,73772,252634651,73477,251622201,295,,36509,124728301,36061,123211205,448,1517096
2023/07/13,臺股期貨,投信,724,2474631,22,75171,702,,17065,58314518,12106,41368623,4959,16945895
2023/07/13,臺股期貨,自營商,14045,48064250,14826,50761363,-781,,5230,17845622,12987,44335400,-7757,-26489778
2023/07/14,臺股期貨,外資及陸資,59942,206347151,60689,208936523,-747,,39554,136692387,38469,132960611,1085,3731776
2023/07/14,臺股期貨,投信,889,3068928,496,1713302,393,,17134,59248909,11782,40743968,5352,18504941
2023/07/14,臺股期貨,自營商,11283,38833578,11847,40768522,-564,,5161,17823869,13385,46236882,-8224,-28413013
2023/07/17,臺股期貨,外資及陸資,84911,293430931,83567,288841230,1344,,40262,138962637,37833,130636280,2429,8326357
2023/07/17,臺股期貨,投信,14119,48785149,18137,62668135,-4018,,13117,45272260,11783,40659159,1334,4613101
2023/07/17,臺股期貨,自營商,17758,61373669,16575,57243584,1183,,6479,22379933,13523,46669652,-7044,-24289719
2023/07/18,臺股期貨,外資及陸資,89825,309934229,89419,308543128,406,,34743,119345633,31908,109666885,2835,9678748
2023/07/18,臺股期貨,投信,10013,34474532,10231,35233433,-218,,12969,44540546,11853,40704512,1116,3836034
2023/07/18,臺股期貨,自營商,22910,79038764,23259,80198209,-349,,6505,22376214,13960,47973030,-7455,-25596816
2023/07/19,臺股期貨,外資及陸資,66367,228095344,70280,241561049,-3913,,31962,109188174,28832,98494113,3130,10694061
2023/07/19,臺股期貨,投信,840,2873724,934,3196998,-94,,12989,44371672,11967,40881665,1022,3490007
2023/07/19,臺股期貨,自營商,19870,68291911,18498,63561542,1372,,2508,8560114,10878,37157480,-8370,-28597366
2023/07/20,臺股期貨,外資及陸資,57618,197001670,55276,188991495,2342,,35567,121823066,30095,103079418,5472,18743648
2023/07/20,臺股期貨,投信,52,178095,452,1547242,-400,,12684,43443437,12062,41314762,622,2128675
2023/07/20,臺股期貨,自營商,7433,25411314,7817,26721168,-384,,2823,9661386,11511,39422426,-8688,-29761040
2023/07/21,臺股期貨,外資及陸資,71116,240698733,76061,257390698,-4945,,34314,116302452,33779,114488583,535,1813869
2023/07/21,臺股期貨,投信,178,604160,291,986048,-113,,12724,43124551,12215,41401521,509,1723030
2023/07/21,臺股期貨,自營商,11355,38420964,9875,33417907,1480,,3672,12437951,10885,36886347,-7213,-24448396
2023/07/24,臺股期貨,外資及陸資,60925,206517679,57180,193807706,3745,,36001,122250669,31721,107716063,4280,14534606
2023/07/24,臺股期貨,投信,115,390496,145,492360,-30,,12692,43097244,12213,41472905,479,1624339
2023/07/24,臺股期貨,自營商,8882,30101609,9194,31158847,-312,,3255,11045845,10745,36479332,-7490,-25433487
2023/07/25,臺股期貨,外資及陸資,54406,186245895,53726,183927711,680,,38101,130928476,33168,113976113,4933,16952363
2023/07/25,臺股期貨,投信,652,2240245,52,178668,600,,12756,43832093,11677,40126843,1079,3705250
2023/07/25,臺股期貨,自營商,10180,34858887,9487,32485787,693,,4187,14377804,11058,37990879,-6871,-23613075
2023/07/26,臺股期貨,外資及陸資,49696,170561399,53010,181955515,-3314,,35531,121514403,33912,115976873,1619,5537530
2023/07/26,臺股期貨,投信,2,6842,413,1412536,-411,,12454,42590355,11786,40308120,668,2282235
2023/07/26,臺股期貨,自營商,10247,35159736,9619,33000849,628,,4185,14303310,10497,35890899,-6312,-21587589
2023/07/27,臺股期貨,外資及陸資,63395,217874700,62820,215926178,575,,34543,118985126,32349,111426636,2194,7558490
2023/07/27,臺股期貨,投信,375,1291924,162,558220,213,,12480,42986133,11599,39953915,881,3032218
2023/07/27,臺股期貨,自營商,9224,31701035,8045,27653370,1179,,5251,18077681,10415,35866652,-5164,-17788971
2023/07/28,臺股期貨,外資及陸資,69752,240411148,70033,241437931,-281,,34577,119371322,33542,115797645,1035,3573677
2023/07/28,臺股期貨,投信,1,3452,330,1138932,-329,,12150,41944035,11598,40040935,552,1903100
2023/07/28,臺股期貨,自營商,10255,35350163,9683,33371170,572,,5234,18059297,9821,33896803,-4587,-15837506
2023/07/31,臺股期貨,外資及陸資,73910,255201593,78731,271899087,-4821,,32055,109644937,35841,122595135,-3786,-12950198
2023/07/31,臺股期貨,投信,190,654043,722,2470066,-532,,11724,40100639,11704,40034702,20,65937
2023/07/31,臺股期貨,自營商,12628,43591693,13283,45790735,-655,,5406,18480563,10597,36235516,-5191,-17754953
2023/08/01,臺股期貨,外資及陸資,57411,196901916,53300,182807282,4111,,32670,112238320,32344,111118122,326,1120198
2023/08/01,臺股期貨,投信,154,529152,291,999797,-137,,11488,39465323,11605,39870138,-117,-404815
2023/08/01,臺股期貨,自營商,8417,28867839,8513,29193007,-96,,5091,17477964,10419,35781685,-5328,-18303721
2023/08/02,臺股期貨,外資及陸資,69726,237001420,74356,252898720,-4630,,29816,100297216,35143,118218214,-5327,-17920998
2023/08/02,臺股期貨,投信,276,929110,518,1744526,-242,,11646,39174744,12005,40384820,-359,-1210076
2023/08/02,臺股期貨,自營商,17362,58973177,17381,58981592,-19,,5782,19439736,11368,38223538,-5586,-18783802
2023/08/04,臺股期貨,外資及陸資,71549,240001723,67606,226788758,3943,,32140,108134574,33524,112791790,-1384,-4657216
2023/08/04,臺股期貨,投信,303,1019519,182,611139,121,,11866,39922094,12104,40725118,-238,-803024
2023/08/04,臺股期貨,自營商,11108,37263417,10302,34561198,806,,5868,19732814,10810,36353896,-4942,-16621082
2023/08/07,臺股期貨,外資及陸資,69648,235256316,66274,223885893,3374,,33501,113898833,31511,107133450,1990,6765383
2023/08/07,臺股期貨,投信,518,1757529,30,101994,488,,11971,40698400,11721,39851400,250,847000
2023/08/07,臺股期貨,自營商,11089,37470830,11675,39466928,-586,,4722,16043515,10310,35037502,-5588,-18993987
2023/08/08,臺股期貨,外資及陸資,69811,235933035,72164,243981491,-2353,,30522,102867498,30889,104104497,-367,-1236999
2023/08/08,臺股期貨,投信,287,967449,40,134783,247,,12222,41190854,11725,39517940,497,1672914
2023/08/08,臺股期貨,自營商,13518,45667829,12406,41899240,1112,,5591,18834630,10125,34107596,-4534,-15272966
2023/08/09,臺股期貨,外資及陸資,63793,214724345,61529,207128268,2264,,30897,104137023,29000,97743502,1897,6393521
2023/08/09,臺股期貨,投信,183,616390,114,383846,69,,12304,41469690,11738,39564103,566,1905587
2023/08/09,臺股期貨,自營商,13100,44099775,13889,46753814,-789,,4259,14346699,9582,32280397,-5323,-17933698
2023/08/10,臺股期貨,外資及陸資,73453,245444649,78406,261987707,-4953,,25413,84651983,29287,97557057,-3874,-12905074
2023/08/10,臺股期貨,投信,665,2214866,469,1562277,196,,12832,42743804,12070,40207500,762,2536304
2023/08/10,臺股期貨,自營商,14479,48330751,12198,40730230,2281,,5473,18223681,8938,29759111,-3465,-11535430
2023/08/11,臺股期貨,外資及陸資,79880,266528022,77113,257298614,2767,,26627,88526860,27742,92233046,-1115,-3706186
2023/08/11,臺股期貨,投信,76,252528,116,387071,-40,,12891,42860257,12169,40461841,722,2398416
2023/08/11,臺股期貨,自營商,12729,42446515,14397,48026859,-1668,,4838,16075037,9711,32271984,-4873,-16196947
2023/08/14,臺股期貨,外資及陸資,102480,336810244,111698,367161999,-9218,,22520,73709724,33728,110416017,-11208,-36706293
2023/08/14,臺股期貨,投信,14842,48545737,14530,47524481,312,,13375,43778865,12341,40395223,1034,3383642
2023/08/14,臺股期貨,自營商,23283,76482716,20279,66591489,3004,,8245,26990888,10114,33102192,-1869,-6111304
2023/08/15,臺股期貨,外資及陸資,80489,264811398,72861,239730599,7628,,24599,80709417,28181,92479416,-3582,-11769999
2023/08/15,臺股期貨,投信,9662,31799017,10955,36046344,-1293,,11978,39289225,12237,40138202,-259,-848977
2023/08/15,臺股期貨,自營商,15037,49479921,18106,59585491,-3069,,4916,16127615,9958,32675046,-5042,-16547431
2023/08/16,臺股期貨,外資及陸資,62488,204405952,64585,211265330,-2097,,20187,66103932,22557,73864463,-2370,-7760531
2023/08/16,臺股期貨,投信,804,2632053,454,1486051,350,,12296,40264482,12246,40100752,50,163730
2023/08/16,臺股期貨,自營商,19050,62308907,17201,56254222,1849,,4133,13530537,8447,27656479,-4314,-14125942
2023/08/17,臺股期貨,外資及陸資,76553,250567377,73220,239737811,3333,,24315,80024853,23369,76911312,946,3113541
2023/08/17,臺股期貨,投信,262,862365,25,82292,237,,12521,41209115,12234,40264541,287,944574
2023/08/17,臺股期貨,自營商,12189,39904865,11433,37442467,756,,4859,15988326,8507,27994008,-3648,-12005682
2023/08/18,臺股期貨,外資及陸資,72546,238453031,74266,244096059,-1720,,23770,77741413,24544,80273040,-774,-2531627
2023/08/18,臺股期貨,投信,59,193007,218,713042,-159,,12490,40849794,12362,40431157,128,418637
2023/08/18,臺股期貨,自營商,11897,39085036,11882,39040136,15,,4898,16015823,8655,28302856,-3757,-12287033
2023/08/21,臺股期貨,外資及陸資,61701,201922682,65780,215301898,-4079,,21534,70406514,27621,90308938,-6087,-19902424
2023/08/21,臺股期貨,投信,92,300737,9,29420,83,,12574,41111950,12363,40422065,211,689885
2023/08/21,臺股期貨,自營商,7623,24958905,8258,27032586,-635,,4692,15338004,9164,29958344,-4472,-14620340
2023/08/22,臺股期貨,外資及陸資,54828,180019639,53820,176725151,1008,,21044,69023498,26120,85673012,-5076,-16649514
2023/08/22,臺股期貨,投信,25,82003,41,134467,-16,,12549,41160720,12354,40521120,195,639600
2023/08/22,臺股期貨,自營商,7893,25921863,7596,24950382,297,,4907,16091853,9212,30211335,-4305,-14119482
2023/08/23,臺股期貨,外資及陸資,60017,197686209,57947,190870531,2070,,22951,76003145,25957,85958156,-3006,-9955011
2023/08/23,臺股期貨,投信,444,1470026,99,327540,345,,12564,41606942,12024,39818678,540,1788264
2023/08/23,臺股期貨,自營商,9753,32140497,10544,34751866,-791,,4641,15364270,9746,32269570,-5105,-16905300
2023/08/24,臺股期貨,外資及陸資,69309,231405065,69234,231135683,75,,21831,73158690,23469,78648134,-1638,-5489444
2023/08/24,臺股期貨,投信,738,2469594,0,0,738,,12877,43153402,11599,38870569,1278,4282833
2023/08/24,臺股期貨,自營商,10365,34632511,9549,31905319,816,,4767,15969753,9211,30862611,-4444,-14892858
2023/08/25,臺股期貨,外資及陸資,68671,227463289,77135,255600679,-8464,,16965,55732952,28801,94616403,-11836,-38883451
2023/08/25,臺股期貨,投信,997,3275410,831,2732024,166,,13682,44948106,12238,40204278,1444,4743828
2023/08/25,臺股期貨,自營商,12327,40829856,10800,35730172,1527,,5935,19494726,9257,30407589,-3322,-10912863
2023/08/28,臺股期貨,外資及陸資,68404,225337311,64858,213647138,3546,,18812,62048669,27102,89392481,-8290,-27343812
2023/08/28,臺股期貨,投信,672,2216842,303,998441,369,,14059,46372206,12246,40392206,1813,5980000
2023/08/28,臺股期貨,自營商,8320,27417825,8859,29198195,-539,,4797,15819385,8660,28560226,-3863,-12740841
2023/08/29,臺股期貨,外資及陸資,49169,162582612,47252,156266698,1917,,20580,68422976,25436,84568605,-4856,-16145629
2023/08/29,臺股期貨,投信,469,1556485,326,1079105,143,,13875,46131600,11919,39628291,1956,6503309
2023/08/29,臺股期貨,自營商,8746,28934060,8545,28267363,201,,4277,14215885,7946,26414243,-3669,-12198358
2023/08/30,臺股期貨,外資及陸資,50089,167298072,51927,173463895,-1838,,19316,64602811,26010,86991902,-6694,-22389091
2023/08/30,臺股期貨,投信,582,1946612,909,3040198,-327,,13120,43881152,11491,38432799,1629,5448353
2023/08/30,臺股期貨,自營商,10652,35589077,10046,33555486,606,,4586,15333773,7641,25551544,-3055,-10217771
2023/08/31,臺股期貨,外資及陸資,51503,171684926,53260,177534857,-1757,,17908,59525079,26359,87616440,-8451,-28091361
2023/08/31,臺股期貨,投信,110,365833,786,2614196,-676,,12604,41895696,11651,38727924,953,3167772
2023/08/31,臺股期貨,自營商,9137,30448649,7726,25747178,1411,,5782,19215672,7535,25042065,-1753,-5826393
2023/09/01,臺股期貨,外資及陸資,49276,164025774,46938,156248748,2338,,20616,68654333,26722,88988743,-6106,-20334410
2023/09/01,臺股期貨,投信,384,1278745,377,1256946,7,,12609,41990492,11649,38793500,960,3196992
2023/09/01,臺股期貨,自營商,8401,27972542,9623,32047752,-1222,,4271,14219648,7249,24136662,-2978,-9917014
2023/09/04,臺股期貨,外資及陸資,57779,192594876,55165,183877606,2614,,22171,74395498,25661,86106996,-3490,-11711498
2023/09/04,臺股期貨,投信,614,2059793,356,1190303,258,,12653,42458407,11435,38371286,1218,4087121
2023/09/04,臺股期貨,自營商,9866,32893239,9520,31766368,346,,5111,17146022,7695,25817144,-2584,-8671122
2023/09/05,臺股期貨,外資及陸資,29254,97956038,31994,107135668,-2740,,19662,65874359,25892,86747576,-6230,-20873217
2023/09/05,臺股期貨,投信,216,723686,296,990682,-80,,12568,42107827,11430,38295072,1138,3812755
2023/09/05,臺股期貨,自營商,6333,21207235,5031,16847234,1302,,6274,21016427,7567,25348872,-1293,-4332445
2023/09/06,臺股期貨,外資及陸資,46994,157340964,45896,153662589,1098,,20040,66985137,25172,84139126,-5132,-17153989
2023/09/06,臺股期貨,投信,144,481483,260,870092,-116,,12458,41642111,11436,38225974,1022,3416137
2023/09/06,臺股期貨,自營商,9289,31098816,9821,32875774,-532,,5879,19648042,7620,25467868,-1741,-5819826
2023/09/07,臺股期貨,外資及陸資,52586,174860507,50568,168138702,2018,,21270,70457829,24380,80760532,-3110,-10302703
2023/09/07,臺股期貨,投信,334,1106785,567,1880450,-233,,12498,41400875,11709,38787233,789,2613642
2023/09/07,臺股期貨,自營商,9302,30916929,9497,31560330,-195,,6050,20038715,7907,26189712,-1857,-6150997
2023/09/08,臺股期貨,外資及陸資,48948,161752392,49725,164306779,-777,,22299,73862524,26186,86737882,-3887,-12875358
2023/09/08,臺股期貨,投信,687,2275625,303,1001848,384,,12891,42700148,11718,38814703,1173,3885445
2023/09/08,臺股期貨,自營商,9160,30275452,9606,31751117,-446,,5823,19285545,8249,27321451,-2426,-8035906
2023/09/11,臺股期貨,外資及陸資,60917,200662609,63631,209588854,-2714,,21306,69989419,27907,91673801,-6601,-21684382
2023/09/11,臺股期貨,投信,954,3133497,727,2386322,227,,13386,43973010,11986,39374010,1400,4599000
2023/09/11,臺股期貨,自營商,11989,39464869,11790,38800889,199,,5769,18949545,8014,26323068,-2245,-7373523
2023/09/12,臺股期貨,外資及陸資,56882,187634113,51398,169535908,5484,,24702,81860888,25825,85582721,-1123,-3721833
2023/09/12,臺股期貨,投信,862,2855469,624,2060972,238,,13356,44261778,11718,38833452,1638,5428326
2023/09/12,臺股期貨,自營商,11703,38621166,13195,43546208,-1492,,4220,13982216,7953,26352903,-3733,-12370687
2023/09/13,臺股期貨,外資及陸資,47956,158955308,47500,157443969,456,,24905,82578358,25572,84790515,-667,-2212157
2023/09/13,臺股期貨,投信,739,2450233,294,973640,445,,13789,45721556,11706,38814755,2083,6906801
2023/09/13,臺股期貨,自營商,11373,37696087,10843,35943366,530,,4650,15415574,7804,25873231,-3154,-10457657
2023/09/14,臺股期貨,外資及陸資,54886,183460521,52280,174765818,2606,,31689,106700231,29753,100182710,1936,6517521
2023/09/14,臺股期貨,投信,844,2841657,368,1235304,476,,13859,46666006,11300,38049360,2559,8616646
2023/09/14,臺股期貨,自營商,9865,32994295,10911,36513998,-1046,,4189,14101432,8163,27482282,-3974,-13380850
2023/09/15,臺股期貨,外資及陸資,52382,176570699,55786,188031327,-3404,,29206,98740944,30675,103705876,-1469,-4964932
2023/09/15,臺股期貨,投信,374,1264429,985,3325515,-611,,13140,44423797,11191,37834549,1949,6589248
2023/09/15,臺股期貨,自營商,11540,38896343,9483,31972015,2057,,5775,19522234,7926,26794807,-2151,-7272573
2023/09/18,臺股期貨,外資及陸資,86680,290585379,92022,308544115,-5342,,26792,89591532,33603,112360685,-6811,-22769153
2023/09/18,臺股期貨,投信,14805,49591770,14410,48264936,395,,13804,46160649,11460,38323045,2344,7837604
2023/09/18,臺股期貨,自營商,17005,57031924,14771,49523148,2234,,8393,28052168,8903,29765514,-510,-1713346
2023/09/19,臺股期貨,外資及陸資,69092,230529193,70680,235835140,-1588,,25366,84307922,33765,112218714,-8399,-27910792
2023/09/19,臺股期貨,投信,10275,34264118,10610,35381045,-335,,13581,45145924,11572,38467450,2009,6678474
2023/09/19,臺股期貨,自營商,16268,54278625,15870,52937922,398,,8770,29131559,8895,29553884,-125,-422325
2023/09/20,臺股期貨,外資及陸資,55284,183485974,54640,181335491,644,,22161,73419397,28326,93844038,-6165,-20424641
2023/09/20,臺股期貨,投信,428,1418794,203,672692,225,,13857,45908241,11623,38506999,2234,7401242
2023/09/20,臺股期貨,自營商,17729,58826616,18602,61730971,-873,,3048,10097423,4514,14953667,-1466,-4856244
2023/09/21,臺股期貨,外資及陸資,60095,197324513,65616,215355115,-5521,,22686,74006418,35889,117077225,-13203,-43070807
2023/09/21,臺股期貨,投信,673,2195568,264,861451,409,,14288,46610314,11645,37988319,2643,8621995
2023/09/21,臺股期貨,自營商,11093,36371331,10269,33679970,824,,4592,14979787,5434,17726281,-842,-2746494
2023/09/22,臺股期貨,外資及陸資,54264,176767142,51685,168385719,2579,,21558,70468693,32171,105160433,-10613,-34691740
2023/09/22,臺股期貨,投信,378,1235178,187,610237,191,,14478,47325686,11644,38061907,2834,9263779
2023/09/22,臺股期貨,自營商,8075,26316211,7994,26042287,81,,4940,16146956,5748,18787490,-808,-2640534
2023/09/25,臺股期貨,外資及陸資,48013,157569139,42439,139276722,5574,,22773,74991293,27810,91578054,-5037,-16586761
2023/09/25,臺股期貨,投信,530,1745187,169,556485,361,,14560,47946080,11365,37424945,3195,10521135
2023/09/25,臺股期貨,自營商,6880,22588061,8262,27133515,-1382,,3934,12953316,6009,19786136,-2075,-6832820
2023/09/26,臺股期貨,外資及陸資,53163,173897236,54259,177496070,-1096,,21111,68843075,27227,88787365,-6116,-19944290
2023/09/26,臺股期貨,投信,94,306482,515,1678831,-421,,14413,47000793,11639,37954779,2774,9046014
2023/09/26,臺股期貨,自營商,12523,40959390,10761,35182449,1762,,4925,16060176,5339,17409983,-414,-1349807
2023/09/27,臺股期貨,外資及陸資,50761,165308144,52900,172283684,-2139,,19878,64846062,28127,91755907,-8249,-26909845
2023/09/27,臺股期貨,投信,128,417607,119,387236,9,,14430,47073546,11647,37994843,2783,9078703
2023/09/27,臺股期貨,自營商,10139,33022540,9972,32473883,167,,5193,16940102,5497,17931263,-304,-991161
2023/09/28,臺股期貨,外資及陸資,56892,185978577,58731,192023700,-1839,,18970,62096492,29054,95105396,-10084,-33008904
2023/09/28,臺股期貨,投信,317,1037698,88,287531,229,,14421,47205701,11409,37346221,3012,9859480
2023/09/28,臺股期貨,自營商,8919,29166467,8462,27667778,457,,5517,18059181,5345,17495630,172,563551
2023/10/02,臺股期貨,外資及陸資,56715,187119842,53643,176970389,3072,,21184,70144461,28196,93362451,-7012,-23217990
2023/10/02,臺股期貨,投信,543,1798075,0,0,543,,14626,48429611,11071,36658295,3555,11771316
2023/10/02,臺股期貨,自營商,8502,28081918,9401,31050836,-899,,5323,17624827,6281,20796472,-958,-3171645
2023/10/03,臺股期貨,外資及陸資,56757,187333041,59590,196669993,-2833,,19886,65270520,29723,97557402,-9837,-32286882
2023/10/03,臺股期貨,投信,39,128041,259,850490,-220,,14571,47824936,11236,36878799,3335,10946137
2023/10/03,臺股期貨,自營商,12020,39664715,10268,33884499,1752,,6452,21176808,5685,18658687,767,2518121
2023/10/04,臺股期貨,外資及陸資,71712,233506831,69244,225457183,2468,,22047,71632301,30518,99154201,-8471,-27521900
2023/10/04,臺股期貨,投信,243,789837,689,2238845,-446,,14461,46983789,11572,37597428,2889,9386361
2023/10/04,臺股期貨,自營商,14504,47215060,15452,50287471,-948,,5810,18877600,6124,19896946,-314,-1019346
2023/10/05,臺股期貨,外資及陸資,65552,214659512,61217,200439901,4335,14219611,25429,83699092,28023,92235864,-2594,-8536772
2023/10/05,臺股期貨,投信,427,1405783,147,479393,280,926390,14531,47827333,11362,37396887,3169,10430446
2023/10/05,臺股期貨,自營商,9454,30962265,10182,33384994,-728,-2422729,5789,19054413,6822,22453791,-1033,-3399378
2023/10/06,臺股期貨,外資及陸資,51819,170849605,53281,175614750,-1462,-4765145,24742,81789210,28800,95202225,-4058,-13413015
2023/10/06,臺股期貨,投信,315,1039041,145,479299,170,559741,14470,47832032,11131,36794634,3339,11037398
2023/10/06,臺股期貨,自營商,7647,25205559,7400,24406442,247,799117,5970,19735246,6885,22759158,-915,-3023912
2023/10/11,臺股期貨,外資及陸資,69282,230687177,69256,230598577,26,88601,25556,85431756,29588,98907904,-4032,-13476148
2023/10/11,臺股期貨,投信,460,1537465,10,33425,450,1504040,14645,48955324,10856,36289437,3789,12665887
2023/10/11,臺股期貨,自營商,14821,49395385,14701,49005982,120,389403,5599,18716980,5968,19950349,-369,-1233369
2023/10/12,臺股期貨,外資及陸資,51726,173393557,50307,168581545,1419,4812013,31391,105782064,32268,108732358,-877,-2950294
2023/10/12,臺股期貨,投信,223,751399,198,667162,25,84237,14449,48687374,10635,35835696,3814,12851678
2023/10/12,臺股期貨,自營商,8654,29014170,9003,30205401,-349,-1191231,6061,20423901,6727,22668956,-666,-2245055
2023/10/13,臺股期貨,外資及陸資,55764,187089552,55355,185745726,409,1343826,32482,108974620,32950,110527255,-468,-1552635
2023/10/13,臺股期貨,投信,232,779139,328,1101257,-96,-322118,14462,48508984,10744,36038085,3718,12470899
2023/10/13,臺股期貨,自營商,11812,39631844,10535,35346955,1277,4284888,6723,22552102,6075,20382887,648,2169215
2023/10/16,臺股期貨,外資及陸資,92748,309121931,93714,312381778,-966,-3259847,31454,104783640,32874,109506622,-1420,-4722982
2023/10/16,臺股期貨,投信,13111,43646208,13611,45309907,-500,-1663698,14137,47091823,10919,36377233,3218,10714590
2023/10/16,臺股期貨,自營商,15488,51629254,15700,52323916,-212,-694662,8056,26830225,7533,25088834,523,1741391
2023/10/17,臺股期貨,外資及陸資,73899,246968476,73706,246347457,193,621019,30089,100315746,31315,104388760,-1226,-4073014
2023/10/17,臺股期貨,投信,9545,31866169,9411,31412484,134,453685,14384,47956675,11032,36789398,3352,11167277
2023/10/17,臺股期貨,自營商,13971,46685260,15416,51497214,-1445,-4811954,6050,20150346,7025,23407551,-975,-3257205
2023/10/18,臺股期貨,外資及陸資,70241,232733097,76732,254206757,-6491,-21473660,23137,76204431,31303,103099918,-8166,-26895487
2023/10/18,臺股期貨,投信,815,2689924,1183,3900055,-368,-1210130,12699,41825426,11322,37290139,1377,4535287
2023/10/18,臺股期貨,自營商,23795,78789845,22597,74839492,1198,3950353,3490,11495278,5104,16809608,-1614,-5314330
2023/10/19,臺股期貨,外資及陸資,61166,201093895,58306,191682772,2860,9411123,23404,77050991,28710,94519339,-5306,-17468348
2023/10/19,臺股期貨,投信,230,757181,1,3292,229,753890,12929,42564854,11323,37277581,1606,5287273
2023/10/19,臺股期貨,自營商,7413,24371402,7922,26048580,-509,-1677178,3431,11295939,5810,19126430,-2379,-7830491
2023/10/20,臺股期貨,外資及陸資,87907,288770125,87191,286379249,716,2390877,22875,75094357,27454,90126369,-4579,-15032012
2023/10/20,臺股期貨,投信,574,1884546,333,1091801,241,792746,13176,43254173,11329,37190841,1847,6063332
2023/10/20,臺股期貨,自營商,11943,39180400,12120,39751080,-177,-570680,4818,15817364,7301,23966588,-2483,-8149224
2023/10/23,臺股期貨,外資及陸資,60209,196664035,65046,212459013,-4837,-15794978,23304,75766253,33783,109836360,-10479,-34070107
2023/10/23,臺股期貨,投信,296,963100,254,826337,42,136763,13368,43462042,11479,37320525,1889,6141517
2023/10/23,臺股期貨,自營商,8314,27133564,7970,26008937,344,1124627,5554,18057824,7885,25634384,-2331,-7576560
2023/10/24,臺股期貨,外資及陸資,81231,264072604,82649,268647021,-1418,-4574417,22825,74560314,34722,113423499,-11897,-38863185
2023/10/24,臺股期貨,投信,505,1647327,0,0,505,1647327,13765,44964749,11371,37144509,2394,7820240
2023/10/24,臺股期貨,自營商,10999,35762850,11001,35776952,-2,-14101,5741,18754257,8142,26594844,-2401,-7840587
2023/10/25,臺股期貨,外資及陸資,64098,210155668,60376,197947255,3722,12208414,22014,72021097,30191,98773313,-8177,-26752216
2023/10/25,臺股期貨,投信,269,880866,69,226240,200,654626,13844,45292030,11250,36805500,2594,8486530
2023/10/25,臺股期貨,自營商,10712,35134185,10733,35194581,-21,-60396,5769,18874561,8283,27096428,-2514,-8221867
2023/10/26,臺股期貨,外資及陸資,77856,251852606,82051,265367225,-4195,-13514618,23165,74434019,35549,114227376,-12384,-39793357
2023/10/26,臺股期貨,投信,304,976902,714,2295365,-410,-1318463,13760,44213632,11576,37196003,2184,7017629
2023/10/26,臺股期貨,自營商,12596,40677034,11736,37916174,860,2760860,6249,20079765,8204,26358821,-1955,-6279056
2023/10/27,臺股期貨,外資及陸資,70058,226063067,66813,215589048,3245,10474019,21160,68355324,30302,97887914,-9142,-29532590
2023/10/27,臺股期貨,投信,172,555635,13,41997,159,513639,13814,44624746,11471,37055918,2343,7568828
2023/10/27,臺股期貨,自營商,9125,29464510,8958,28915278,167,549232,5116,16527015,6840,22092777,-1724,-5565762
2023/10/30,臺股期貨,外資及陸資,63436,204923081,66784,215721621,-3348,-10798540,20899,67545991,33382,107892910,-12483,-40346919
2023/10/30,臺股期貨,投信,48,155329,5,16154,43,139175,13845,44747040,11459,37035488,2386,7711552
2023/10/30,臺股期貨,自營商,8595,27759542,8160,26363006,435,1396536,5782,18688018,7086,22898969,-1304,-4210951
2023/10/31,臺股期貨,外資及陸資,67774,218499481,70588,227574618,-2814,-9075137,22035,70499305,37332,119442614,-15297,-48943309
2023/10/31,臺股期貨,投信,113,363113,391,1250724,-278,-887610,13853,44321288,11745,37576953,2108,6744335
2023/10/31,臺股期貨,自營商,11106,35777320,10307,33193378,799,2583942,6121,19584199,6758,21619407,-637,-2035208
2023/11/01,臺股期貨,外資及陸資,63517,203905673,61616,197796544,1901,6109129,22643,72684537,36039,115687865,-13396,-43003328
2023/11/01,臺股期貨,投信,795,2553202,11,35312,784,2517890,14326,45986460,11434,36703140,2892,9283320
2023/11/01,臺股期貨,自營商,9952,31948316,10266,32963700,-314,-1015384,5697,18287995,6725,21584558,-1028,-3296563
2023/11/02,臺股期貨,外資及陸資,61688,200538463,55024,178843784,6664,21694679,27055,88681081,30959,101478563,-3904,-12797482
2023/11/02,臺股期貨,投信,762,2496745,33,108147,729,2388599,14555,47708379,10934,35839465,3621,11868914
2023/11/02,臺股期貨,自營商,8463,27553753,9713,31625077,-1250,-4071325,6640,21765827,8886,29122527,-2246,-7356700
2023/11/03,臺股期貨,外資及陸資,54772,180491583,51202,168701633,3570,11789950,28107,92831732,27445,90644922,662,2186810
2023/11/03,臺股期貨,投信,442,1457062,97,320362,345,1136700,14624,48300147,10658,35201242,3966,13098905
2023/11/03,臺股期貨,自營商,8758,28858507,9295,30639258,-537,-1780751,6831,22561923,9516,31424216,-2685,-8862293
2023/11/06,臺股期貨,外資及陸資,62650,208534653,58582,194996813,4068,13537840,32334,107820478,26662,88904424,5672,18916054
2023/11/06,臺股期貨,投信,1104,3682801,74,246732,1030,3436069,15628,52113129,10632,35453467,4996,16659662
2023/11/06,臺股期貨,自營商,9552,31777756,10658,35474595,-1106,-3696838,6737,22463225,10426,34759120,-3689,-12295895
2023/11/07,臺股期貨,外資及陸資,47897,159667995,45630,152104168,2267,7563827,35981,120232917,28039,93692745,7942,26540172
2023/11/07,臺股期貨,投信,558,1864235,195,650875,363,1213360,15981,53402068,10622,35494475,5359,17907593
2023/11/07,臺股期貨,自營商,7253,24174819,7593,25312789,-340,-1137970,6633,22163529,10597,35404190,-3964,-13240661
2023/11/08,臺股期貨,外資及陸資,50769,169991592,53243,178255978,-2474,-8264386,36402,121960058,30934,103639689,5468,18320369
2023/11/08,臺股期貨,投信,231,774047,50,167496,181,606551,16160,54142418,10619,35577898,5541,18564520
2023/11/08,臺股期貨,自營商,11283,37767532,9790,32782266,1493,4985266,6473,21686398,8820,29543435,-2347,-7857037
2023/11/09,臺股期貨,外資及陸資,45698,153016770,46081,154286531,-383,-1269762,39350,131922104,34265,114874006,5085,17048098
2023/11/09,臺股期貨,投信,428,1435110,550,1844128,-122,-409018,15688,52595476,10269,34427807,5419,18167669
2023/11/09,臺股期貨,自營商,6866,22985460,6796,22756389,70,229071,6351,21291613,8619,28888599,-2268,-7596986
2023/11/10,臺股期貨,外資及陸資,69096,230965768,65460,218801804,3636,12163965,41170,137787214,32449,108597873,8721,29189341
2023/11/10,臺股期貨,投信,549,1834043,1154,3857701,-605,-2023658,15241,51003542,10427,34893220,4814,16110322
2023/11/10,臺股期貨,自營商,13326,44514370,12649,42271486,677,2242884,7174,24007776,8751,29284710,-1577,-5276934
2023/11/13,臺股期貨,外資及陸資,84199,284347047,89788,303259568,-5589,-18912521,38773,130889372,35641,120314986,3132,10574386
2023/11/13,臺股期貨,投信,14618,49350106,14492,48917305,126,432801,15104,50989248,10154,34278782,4950,16710466
2023/11/13,臺股期貨,自營商,17045,57605853,16484,55683063,561,1922789,5660,19102096,6749,22774824,-1089,-3672728
2023/11/14,臺股期貨,外資及陸資,66340,224796905,64234,217656408,2106,7140497,42849,145368642,37611,127597266,5238,17771376
2023/11/14,臺股期貨,投信,9458,32086491,9849,33405365,-391,-1318874,14604,49559754,10045,34088592,4559,15471162
2023/11/14,臺股期貨,自營商,10926,37015985,13912,47148910,-2986,-10132925,4827,16363971,9359,31741822,-4532,-15377851
2023/11/15,臺股期貨,外資及陸資,70633,242013615,71336,244428244,-703,-2414629,37533,128805752,31943,109621989,5590,19183763
2023/11/15,臺股期貨,投信,497,1704979,1162,3986229,-665,-2281250,13707,47039683,9813,33676253,3894,13363430
2023/11/15,臺股期貨,自營商,19034,65201645,19750,67646177,-716,-2444532,2100,7206938,7907,27129701,-5807,-19922763
2023/11/16,臺股期貨,外資及陸資,58243,200171367,58365,200557361,-122,-385994,38964,133927170,33495,115129054,5469,18798116
2023/11/16,臺股期貨,投信,751,2580187,58,199360,693,2380827,14406,49516303,9819,33749867,4587,15766436
2023/11/16,臺股期貨,自營商,7208,24763124,7095,24380564,113,382560,2878,9892678,8527,29304383,-5649,-19411705
2023/11/17,臺股期貨,外資及陸資,54884,188776876,56456,194165922,-1572,-5389046,41507,142941774,37610,129521318,3897,13420456
2023/11/17,臺股期貨,投信,624,2148951,61,210051,563,1938901,14979,51584680,9829,33849110,5150,17735570
2023/11/17,臺股期貨,自營商,7101,24424543,6554,22546031,547,1878512,3461,11918958,8561,29476068,-5100,-17557110
2023/11/20,臺股期貨,外資及陸資,46012,158345614,48032,165288355,-2020,-6942741,43223,148695919,41346,142238662,1877,6457257
2023/11/20,臺股期貨,投信,647,2226250,112,385359,535,1840891,15614,53715283,9929,34157746,5685,19557537
2023/11/20,臺股期貨,自營商,5924,20380930,5349,18405354,575,1975576,3791,13041931,8357,28744073,-4566,-15702142
2023/11/21,臺股期貨,外資及陸資,44517,154407432,43949,152485573,568,1921859,46815,163019576,44365,154488265,2450,8531311
2023/11/21,臺股期貨,投信,1021,3555258,20,69620,1001,3485638,16559,57661750,9873,34379761,6686,23281989
2023/11/21,臺股期貨,自營商,7368,25571922,7682,26649720,-314,-1077798,4257,14824120,9111,31719136,-4854,-16895016
2023/11/22,臺股期貨,外資及陸資,41196,142708409,48702,168733695,-7506,-26025286,42965,148564509,49313,170514589,-6348,-21950080
2023/11/22,臺股期貨,投信,778,2690654,444,1535641,334,1155014,17052,58962406,10032,34688650,7020,24273756
2023/11/22,臺股期貨,自營商,9488,32878416,7456,25820320,2032,7058096,5497,19007562,8086,27952217,-2589,-8944655
2023/11/23,臺股期貨,外資及陸資,55160,190616537,51251,177099371,3909,13517167,44857,155241666,47296,163682420,-2439,-8440754
2023/11/23,臺股期貨,投信,575,1989892,16,55237,559,1934655,17609,60941227,10030,34711824,7579,26229403
2023/11/23,臺股期貨,自營商,6594,22783126,6723,23233963,-129,-450837,5310,18377168,7904,27347244,-2594,-8970076
2023/11/24,臺股期貨,外資及陸資,29521,102207437,31322,108443451,-1801,-6236014,43674,151050866,47914,165715360,-4240,-14664494
2023/11/24,臺股期貨,投信,195,674307,73,252463,122,421844,17725,61303685,10024,34669006,7701,26634679
2023/11/24,臺股期貨,自營商,5134,17774574,4044,14003735,1090,3770839,6047,20914157,7504,25945687,-1457,-5031530
2023/11/27,臺股期貨,外資及陸資,47722,164694531,44844,154750794,2878,9943737,44389,152450078,45745,157107134,-1356,-4657056
2023/11/27,臺股期貨,投信,159,545892,684,2348276,-525,-1802384,17515,60153516,10339,35508262,7176,24645254
2023/11/27,臺股期貨,自營商,6804,23475508,8282,28565953,-1478,-5090445,4388,15070311,7366,25290903,-2978,-10220592
2023/11/28,臺股期貨,外資及陸資,49375,170686416,48168,166606962,1207,4079454,45868,159253912,46017,159771024,-149,-517112
2023/11/28,臺股期貨,投信,621,2155540,261,906758,360,1248781,17606,61128032,10070,34963040,7536,26164992
2023/11/28,臺股期貨,自營商,8066,27916197,8000,27672189,66,244009,5187,18009320,8093,28092027,-2906,-10082707
2023/11/29,臺股期貨,外資及陸資,46567,161818063,50895,176817817,-4328,-14999754,42886,148720320,47364,164249350,-4478,-15529030
2023/11/29,臺股期貨,投信,641,2223244,447,1550355,194,672889,18100,62767180,10370,35961086,7730,26806094
2023/11/29,臺股期貨,自營商,8678,30142607,7582,26352609,1096,3789998,5772,20016478,7582,26285755,-1810,-6269277
2023/11/30,臺股期貨,外資及陸資,52040,180817246,51170,177810128,870,3007119,43608,151695040,47216,164246114,-3608,-12551074
2023/11/30,臺股期貨,投信,1072,3728934,1,3481,1071,3725453,19141,66583883,10340,35968724,8801,30615159
2023/11/30,臺股期貨,自營商,6535,22696127,7296,25348881,-761,-2652754,5532,19243774,8101,28173577,-2569,-8929803
2023/12/01,臺股期貨,外資及陸資,58126,202011924,55346,192371130,2780,9640794,47034,163903501,47866,166802075,-832,-2898574
2023/12/01,臺股期貨,投信,431,1502151,402,1398897,29,103254,19168,66796646,10338,36025862,8830,30770784
2023/12/01,臺股期貨,自營商,7923,27527452,8172,28403905,-249,-876453,4956,17269515,7781,27107397,-2825,-9837882
2023/12/04,臺股期貨,外資及陸資,53077,185053065,56598,197320554,-3521,-12267489,43522,151613222,47875,166777184,-4353,-15163962
2023/12/04,臺股期貨,投信,672,2340779,1009,3515415,-337,-1174636,18627,64889017,10134,35302802,8493,29586215
2023/12/04,臺股期貨,自營商,8829,30778764,7691,26818650,1138,3960114,6008,20929168,7682,26752971,-1674,-5823803
2023/12/05,臺股期貨,外資及陸資,52420,181391237,53975,186752572,-1555,-5361335,42689,147780777,48595,168225854,-5906,-20445077
2023/12/05,臺股期貨,投信,866,2997883,810,2802561,56,195321,18696,64721813,10147,35126885,8549,29594928
2023/12/05,臺股期貨,自營商,8305,28725083,8390,29034504,-85,-309421,6577,22767960,8175,28291696,-1598,-5523736
2023/12/06,臺股期貨,外資及陸資,49196,170874171,49648,172440528,-452,-1566357,41941,145762360,48290,167827836,-6349,-22065476
2023/12/06,臺股期貨,投信,381,1324333,1266,4401842,-885,-3077509,17804,61876022,10140,35240556,7664,26635466
2023/12/06,臺股期貨,自營商,9427,32753632,9392,32632107,35,121524,6344,22048135,7915,27500298,-1571,-5452163
2023/12/07,臺股期貨,外資及陸資,49834,172805683,50816,176173455,-982,-3367772,42262,145981784,49582,171265617,-7320,-25283833
2023/12/07,臺股期貨,投信,495,1710510,736,2542138,-241,-831629,17723,61218805,10300,35578260,7423,25640545
2023/12/07,臺股期貨,自營商,7687,26633886,6991,24232659,696,2401228,6552,22631698,7421,25625964,-869,-2994266
2023/12/08,臺股期貨,外資及陸資,61175,212747741,59423,206650636,1752,6097106,43228,150217034,48796,169563637,-5568,-19346603
2023/12/08,臺股期貨,投信,681,2366911,200,694994,481,1671917,18394,63919055,10490,36452750,7904,27466305
2023/12/08,臺股期貨,自營商,9117,31709385,10566,36742735,-1449,-5033350,6165,21422190,8473,29435784,-2308,-8013594
2023/12/11,臺股期貨,外資及陸資,47251,164317574,49564,172360166,-2313,-8042592,42934,149564704,50815,177017038,-7881,-27452334
2023/12/11,臺股期貨,投信,793,2762209,78,271706,715,2490503,18857,65690182,10238,35665097,8619,30025085
2023/12/11,臺股期貨,自營商,7992,27794524,6840,23792007,1152,4002517,6787,23642174,8014,27909443,-1227,-4267269
2023/12/12,臺股期貨,外資及陸資,41323,144401145,42938,150044666,-1615,-5643522,42295,147711125,51791,180872357,-9496,-33161232
2023/12/12,臺股期貨,投信,660,2304522,1038,3624967,-378,-1320445,18473,64515070,10232,35734237,8241,28780833
2023/12/12,臺股期貨,自營商,7556,26410061,6776,23678289,780,2731773,7717,26950509,8251,28808582,-534,-1858073
2023/12/13,臺股期貨,外資及陸資,43513,151996937,43319,151299819,194,697118,41451,144721983,51610,180189131,-10159,-35467148
2023/12/13,臺股期貨,投信,1498,5229092,1211,4227294,287,1001798,18410,64276674,9882,34502015,8528,29774659
2023/12/13,臺股期貨,自營商,8346,29146913,8943,31237666,-597,-2090753,7577,26454332,8711,30406429,-1134,-3952097
2023/12/14,臺股期貨,外資及陸資,65573,230679792,64769,227934359,804,2745433,44737,158033353,54092,191063310,-9355,-33029957
2023/12/14,臺股期貨,投信,2331,8223998,2057,7255274,274,968724,18413,65042361,9611,33951819,8802,31090542
2023/12/14,臺股期貨,自營商,13070,46004132,12418,43695452,652,2308680,10161,35883985,10745,37946609,-584,-2062624
2023/12/15,臺股期貨,外資及陸資,73519,260418300,72417,256493654,1102,3924646,48603,171788117,56856,200954019,-8253,-29165902
2023/12/15,臺股期貨,投信,3236,11458071,4422,15661408,-1186,-4203337,17221,60867529,9605,33949833,7616,26917696
2023/12/15,臺股期貨,自營商,11638,41213861,12701,44991813,-1063,-3777952,8134,28748820,9791,34597800,-1657,-5848980
2023/12/18,臺股期貨,外資及陸資,88849,313515740,92700,327099279,-3851,-13583539,47532,167803739,59632,210515182,-12100,-42711443
2023/12/18,臺股期貨,投信,14241,50243244,13492,47595911,749,2647333,17971,63441697,9606,33912334,8365,29529363
2023/12/18,臺股期貨,自營商,13306,46948872,12409,43788342,897,3160530,8471,29906835,9315,32879982,-844,-2973147
2023/12/19,臺股期貨,外資及陸資,67265,236337011,71440,251016094,-4175,-14679083,46099,161957515,63322,222464035,-17223,-60506520
2023/12/19,臺股期貨,投信,8727,30624210,9256,32481048,-529,-1856838,17658,62030309,9822,34502722,7836,27527587
2023/12/19,臺股期貨,自營商,17079,60000802,14609,51315560,2470,8685242,9989,35101130,8030,28208244,1959,6892886
2023/12/20,臺股期貨,外資及陸資,48884,172203753,44556,156966127,4328,15237626,43429,153415330,54894,193915639,-11465,-40500309
2023/12/20,臺股期貨,投信,985,3478037,827,2918201,158,559837,18005,63604463,10011,35364859,7994,28239604
2023/12/20,臺股期貨,自營商,13054,45986814,15695,55291605,-2641,-9304791,3478,12286087,4964,17524538,-1486,-5238451
2023/12/21,臺股期貨,外資及陸資,48071,168444823,54178,189950027,-6107,-21505204,42386,148595376,59949,210166535,-17563,-61571159
2023/12/21,臺股期貨,投信,650,2278647,323,1132120,327,1146528,18550,65032590,10229,35860828,8321,29171762
2023/12/21,臺股期貨,自營商,8654,30342124,8168,28612625,486,1729500,4606,16147304,5588,19579422,-982,-3432118
2023/12/22,臺股期貨,外資及陸資,43880,154143458,42067,147762060,1813,6381398,40704,142950881,56454,198263810,-15750,-55312929
2023/12/22,臺股期貨,投信,757,2658877,544,1911084,213,747794,18763,65895656,10229,35924248,8534,29971408
2023/12/22,臺股期貨,自營商,5484,19259690,5425,19058168,59,201522,4887,17162744,5791,20327437,-904,-3164693
2023/12/25,臺股期貨,外資及陸資,28621,100816316,27159,95664927,1462,5151390,41657,146814590,55945,197169858,-14288,-50355268
2023/12/25,臺股期貨,投信,840,2960886,604,2129290,236,831596,18883,66551245,10113,35642257,8770,30908988
2023/12/25,臺股期貨,自營商,5194,18294680,5226,18407244,-32,-112564,4864,17142494,5764,20303681,-900,-3161187
2023/12/26,臺股期貨,外資及陸資,24053,85112243,21660,76660665,2393,8451578,44855,159089048,56750,201277052,-11895,-42188004
2023/12/26,臺股期貨,投信,803,2848069,732,2593945,71,254124,18853,66867820,10012,35510562,8841,31357258
2023/12/26,臺股期貨,自營商,5613,19860187,6827,24161663,-1214,-4301476,4135,14665026,6330,22438570,-2195,-7773544
2023/12/27,臺股期貨,外資及陸資,35300,125668417,35641,126885686,-341,-1217269,49284,176029635,61519,219730007,-12235,-43700372
2023/12/27,臺股期貨,投信,1588,5672474,492,1757229,1096,3915245,20133,71911049,10196,36418073,9937,35492976
2023/12/27,臺股期貨,自營商,8873,31576934,7606,27072879,1267,4504055,4833,17261227,5799,20702114,-966,-3440887
2023/12/28,臺股期貨,外資及陸資,37249,133004653,38632,137929791,-1383,-4925138,49043,175235981,62661,223895587,-13618,-48659606
2023/12/28,臺股期貨,投信,1231,4399299,900,3216170,331,1183128,21264,75980525,10996,39290907,10268,36689618
2023/12/28,臺股期貨,自營商,6241,22280130,5744,20507820,497,1772310,6129,21898650,6654,23764029,-525,-1865379
2023/12/29,臺股期貨,外資及陸資,30491,108911482,33585,119940644,-3094,-11029162,48247,172431495,64959,232159203,-16712,-59727708
2023/12/29,臺股期貨,投信,1069,3820993,1147,4099885,-78,-278892,21445,76644430,11255,40225370,10190,36419060
2023/12/29,臺股期貨,自營商,6077,21700413,4519,16141062,1558,5559352,7628,27260938,6642,23727131,986,3533807
2024/01/02,臺股期貨,外資及陸資,47732,170145520,48449,172680269,-717,-2534749,48357,172147870,65786,234194020,-17429,-62046150
2024/01/02,臺股期貨,投信,297,1057393,458,1630299,-161,-572906,21605,76913800,11576,41210560,10029,35703240
2024/01/02,臺股期貨,自營商,9555,34052898,9119,32493044,436,1559854,8514,30309181,7073,25167149,1441,5142032
2024/01/03,臺股期貨,外資及陸資,58026,204489716,63357,223331352,-5331,-18841636,45453,159492638,69488,243829744,-24035,-84337106
2024/01/03,臺股期貨,投信,537,1884547,1755,6158867,-1218,-4274320,20764,72860876,11953,41943077,8811,30917799
2024/01/03,臺股期貨,自營商,13803,48641206,14680,51700696,-877,-3059490,8386,29425911,7791,27326381,595,2099530
2024/01/04,臺股期貨,外資及陸資,48994,171909131,45431,159400303,3563,12508828,44327,155582441,64797,227430188,-20470,-71847747
2024/01/04,臺股期貨,投信,385,1351382,433,1519258,-48,-167876,20484,71898840,11721,41140710,8763,30758130
2024/01/04,臺股期貨,自營商,6402,22459145,7938,27850863,-1536,-5391717,6904,24230686,7863,27582648,-959,-3351962
2024/01/05,臺股期貨,外資及陸資,50697,178023797,49911,175252083,786,2771714,44663,156478285,64345,225431834,-19682,-68953549
2024/01/05,臺股期貨,投信,497,1741578,759,2659191,-262,-917613,19898,69714633,11397,39930529,8501,29784104
2024/01/05,臺股期貨,自營商,9259,32500623,8174,28691632,1085,3808991,8027,28120058,7841,27457050,186,663008
2024/01/08,臺股期貨,外資及陸資,64604,227310456,63713,224175011,891,3135445,47101,165742207,65892,231860043,-18791,-66117836
2024/01/08,臺股期貨,投信,309,1087916,90,316793,219,771123,20016,70436290,11296,39750624,8720,30685666
2024/01/08,臺股期貨,自營商,11601,40838114,11596,40820560,5,17553,7895,27776311,7476,26288419,419,1487892
2024/01/09,臺股期貨,外資及陸資,58922,207705452,64391,227067920,-5469,-19362468,45273,158873348,69533,244003240,-24260,-85129892
2024/01/09,臺股期貨,投信,824,2893159,349,1226584,475,1666575,20487,71897064,11292,39628145,9195,32268919
2024/01/09,臺股期貨,自營商,11891,41938756,11778,41515041,113,423714,7906,27738146,7382,25886034,524,1852112
2024/01/10,臺股期貨,外資及陸資,56070,196104598,56365,197132852,-295,-1028254,44597,155726160,69152,241466339,-24555,-85740179
2024/01/10,臺股期貨,投信,850,2968151,1616,5646060,-766,-2677909,19390,67709854,10961,38275812,8429,29434042
2024/01/10,臺股期貨,自營商,11495,40202155,12121,42388537,-626,-2186382,7788,27190621,7873,27472453,-85,-281832
2024/01/11,臺股期貨,外資及陸資,59080,207052276,59834,209683737,-754,-2631462,46322,162771296,71631,251702808,-25309,-88931512
2024/01/11,臺股期貨,投信,813,2856681,161,565747,652,2290934,20183,70923049,11102,39012428,9081,31910621
2024/01/11,臺股期貨,自營商,9506,33323564,8747,30668627,759,2654937,8346,29323922,7668,26929796,678,2394126
2024/01/12,臺股期貨,外資及陸資,85249,298395191,86345,302205664,-1096,-3810474,45689,159776432,72093,252116626,-26404,-92340194
2024/01/12,臺股期貨,投信,357,1249741,934,3267239,-577,-2017498,19763,69118994,11259,39377002,8504,29741992
2024/01/12,臺股期貨,自營商,11418,39960862,11078,38775346,340,1185516,8726,30513813,7441,26007586,1285,4506227
2024/01/15,臺股期貨,外資及陸資,121557,426981220,116921,410693691,4636,16287529,48717,171033964,70485,247449653,-21768,-76415689
2024/01/15,臺股期貨,投信,15534,54661177,16573,58308377,-1039,-3647200,18285,64194978,10825,38004410,7460,26190568
2024/01/15,臺股期貨,自營商,15924,55933290,16508,57980355,-584,-2047065,8619,30254052,7924,27803334,695,2450718
2024/01/16,臺股期貨,外資及陸資,92888,323289188,88383,307687780,4505,15601407,48205,167329518,65453,227147797,-17248,-59818279
2024/01/16,臺股期貨,投信,9506,33078713,13038,45316080,-3532,-12237367,14649,50863232,10721,37227235,3928,13635997
2024/01/16,臺股期貨,自營商,16769,58373125,19385,67468938,-2616,-9095813,6233,21616378,7696,26693528,-1463,-5077150
2024/01/17,臺股期貨,外資及陸資,73441,254055420,76351,264151433,-2910,-10096012,37896,130627405,52428,180716355,-14532,-50088950
2024/01/17,臺股期貨,投信,376,1296602,1512,5211054,-1136,-3914452,13684,47168748,10854,37413738,2830,9755010
2024/01/17,臺股期貨,自營商,23625,81608938,20082,69398439,3543,12210498,4654,16041065,6395,22034440,-1741,-5993375
2024/01/18,臺股期貨,外資及陸資,59815,206280772,58941,203260843,874,3019929,35651,123223337,49301,170398878,-13650,-47175541
2024/01/18,臺股期貨,投信,988,3415158,668,2306579,320,1108579,13600,47007040,10450,36119380,3150,10887660
2024/01/18,臺股期貨,自營商,8028,27693288,8411,29016634,-383,-1323346,5170,17866864,7320,25289417,-2150,-7422553
2024/01/19,臺股期貨,外資及陸資,90353,316490262,81594,285947579,8759,30542683,41546,146854714,44159,156083715,-2613,-9229001
2024/01/19,臺股期貨,投信,812,2869227,271,957058,541,1912169,13515,47772822,9824,34725875,3691,13046947
2024/01/19,臺股期貨,自營商,13158,46152660,11948,41902859,1210,4249801,5798,20486505,6762,23886648,-964,-3400143
2024/01/22,臺股期貨,外資及陸資,63657,226121713,67898,241153361,-4241,-15031648,37860,134892793,44714,159305198,-6854,-24412405
2024/01/22,臺股期貨,投信,401,1427872,11,39186,390,1388686,13744,48969872,9663,34429269,4081,14540603
2024/01/22,臺股期貨,自營商,9586,34051259,7644,27156298,1942,6894961,7277,25918665,6456,22985909,821,2932756
2024/01/23,臺股期貨,外資及陸資,55269,197113548,49862,177817052,5407,19296495,40947,146325644,42394,151487570,-1447,-5161926
2024/01/23,臺股期貨,投信,12,42879,198,707533,-186,-664654,13655,48797508,9760,34878336,3895,13919172
2024/01/23,臺股期貨,自營商,6509,23215020,8356,29805261,-1847,-6590241,5599,19997973,6762,24148172,-1163,-4150199
2024/01/24,臺股期貨,外資及陸資,45446,162743966,44482,159276337,964,3467630,39877,142724821,40360,144443336,-483,-1718515
2024/01/24,臺股期貨,投信,1,3580,669,2394495,-668,-2390916,12987,46483070,9760,34932992,3227,11550078
2024/01/24,臺股期貨,自營商,7154,25612790,7692,27547514,-538,-1934724,4760,17024636,6775,24231685,-2015,-7207049
2024/01/25,臺股期貨,外資及陸資,57962,208540991,54091,194616007,3871,13924984,43935,158136553,40547,145931209,3388,12205344
2024/01/25,臺股期貨,投信,158,568758,205,737865,-47,-169107,12782,46007531,9602,34561439,3180,11446092
2024/01/25,臺股期貨,自營商,8228,29595204,7912,28457741,316,1137464,4939,17764691,6740,24241023,-1801,-6476332
2024/01/26,臺股期貨,外資及陸資,50335,181304052,49305,177613007,1030,3691044,44162,158971591,39731,143010694,4431,15960897
2024/01/26,臺股期貨,投信,103,370799,182,655150,-79,-284351,12703,45728259,9602,34565280,3101,11162979
2024/01/26,臺股期貨,自營商,6213,22373239,7158,25770487,-945,-3397248,4702,16915143,7445,26781904,-2743,-9866761
2024/01/29,臺股期貨,外資及陸資,49101,177267923,50157,181107319,-1056,-3839397,45172,163726695,41797,151482693,3375,12244002
2024/01/29,臺股期貨,投信,463,1678421,533,1931502,-70,-253081,12222,44299861,9191,33313699,3031,10986162
2024/01/29,臺股期貨,自營商,7859,28384087,7163,25873736,696,2510352,5511,19961148,7520,27236960,-2009,-7275812
2024/01/30,臺股期貨,外資及陸資,45104,163301773,47606,172354290,-2502,-9052517,42133,152357587,41259,149185098,874,3172489
2024/01/30,臺股期貨,投信,173,626269,49,177203,124,449066,12328,44580514,9173,33171403,3155,11409111
2024/01/30,臺股期貨,自營商,6995,25318593,6869,24862827,126,455766,5261,19010699,7105,25672922,-1844,-6662223
2024/01/31,臺股期貨,外資及陸資,49725,178723799,52121,187325675,-2396,-8601876,40253,144272403,41779,149729878,-1526,-5457475
2024/01/31,臺股期貨,投信,130,465868,416,1490924,-286,-1025057,12212,43770250,9343,33487181,2869,10283069
2024/01/31,臺股期貨,自營商,9505,34144821,10163,36512657,-658,-2367836,4579,16403048,7177,25706040,-2598,-9302992
2024/02/01,臺股期貨,外資及陸資,67736,243190199,69731,250312285,-1995,-7122086,40052,144064496,43573,156716204,-3521,-12651708
2024/02/01,臺股期貨,投信,134,480984,11,39449,123,441535,12331,44354607,9339,33592383,2992,10762224
2024/02/01,臺股期貨,自營商,8805,31592870,8688,31179429,117,413441,4801,17258315,7298,26232280,-2497,-8973965
2024/02/02,臺股期貨,外資及陸資,49141,177322164,50915,183722895,-1774,-6400730,38991,141020128,45127,163198936,-6136,-22178808
2024/02/02,臺股期貨,投信,197,712557,132,477401,65,235156,12233,44244314,9176,33187757,3057,11056557
2024/02/02,臺股期貨,自營商,6499,23456062,6009,21687288,490,1768775,5098,18426731,7114,25711315,-2016,-7284584
2024/02/05,臺股期貨,外資及陸資,58771,212021670,58129,209652420,642,2369249,38219,138235685,43713,158093140,-5494,-19857455
2024/02/05,臺股期貨,投信,242,875238,6,21705,236,853532,12462,45075054,9169,33164273,3293,11910781
2024/02/05,臺股期貨,自營商,8149,29392119,7666,27660306,483,1731813,5569,20130161,7144,25821622,-1575,-5691461
2024/02/15,臺股期貨,外資及陸資,74975,277694053,72178,267162898,2797,10531155,44064,164481185,46717,174369158,-2653,-9887973
2024/02/15,臺股期貨,投信,255,951684,2,7457,253,944227,12656,47247379,9110,34009452,3546,13237927
2024/02/15,臺股期貨,自營商,13525,50155366,14681,54482465,-1156,-4327099,6509,24273933,9293,34670530,-2784,-10396597
2024/02/16,臺股期貨,外資及陸資,51913,193942653,55971,209098342,-4058,-15155689,42342,157820862,49045,182797586,-6703,-24976724
2024/02/16,臺股期貨,投信,1151,4299467,707,2639883,444,1659584,12500,46595961,8510,31723485,3990,14872476
2024/02/16,臺股期貨,自營商,9374,35016325,8778,32784288,596,2232037,6155,22928797,8341,31071205,-2186,-8142408
2024/02/19,臺股期貨,外資及陸資,78928,294535130,75701,282496824,3227,12038306,47254,176451245,50725,189402190,-3471,-12950945
2024/02/19,臺股期貨,投信,11079,41349872,10927,40781092,152,568780,12652,47244091,8510,31777558,4142,15466533
2024/02/19,臺股期貨,自營商,11077,41335932,11879,44322719,-802,-2986788,6292,23483613,9389,35045293,-3097,-11561680
2024/02/20,臺股期貨,外資及陸資,73614,275294811,68325,255524376,5289,19770435,51463,193069629,48721,182768171,2742,10301458
2024/02/20,臺股期貨,投信,9464,35439184,9393,35168094,71,271090,12616,47335191,8403,31528002,4213,15807189
2024/02/20,臺股期貨,自營商,11805,44146267,12911,48282146,-1106,-4135879,4995,18723173,9205,34520069,-4210,-15796896
2024/02/21,臺股期貨,外資及陸資,52577,196916214,58230,218097530,-5653,-21181316,39203,146564216,36782,137505307,2421,9058909
2024/02/21,臺股期貨,投信,116,433815,104,388879,12,44937,12662,47338153,8437,31542568,4225,15795585
2024/02/21,臺股期貨,自營商,14112,52852592,13296,49772309,816,3080283,1774,6623575,7797,29136287,-6023,-22512712
2024/02/22,臺股期貨,外資及陸資,49974,187809408,49310,185338325,664,2471083,38764,146419094,35679,134758299,3085,11660795
2024/02/22,臺股期貨,投信,225,849826,170,636329,55,213498,12712,48015766,8432,31849350,4280,16166416
2024/02/22,臺股期貨,自營商,7190,27047969,7635,28719813,-445,-1671844,2756,10400615,9102,34365313,-6346,-23964698
2024/02/23,臺股期貨,外資及陸資,50900,192909477,49839,188900420,1061,4009057,38778,146673731,34632,130984161,4146,15689570
2024/02/23,臺股期貨,投信,525,1987151,31,117338,494,1869813,13019,49243066,8245,31185888,4774,18057178
2024/02/23,臺股期貨,自營商,8223,31155856,7716,29231287,507,1924569,2824,10674204,8660,32740975,-5836,-22066771
2024/02/26,臺股期貨,外資及陸資,43653,165192934,41648,157602545,2005,7590389,41051,155698054,34900,132361039,6151,23337015
2024/02/26,臺股期貨,投信,123,466524,622,2360170,-499,-1893645,12462,47265874,8187,31051654,4275,16214220
2024/02/26,臺股期貨,自營商,6266,23717790,6766,25613097,-500,-1895307,2820,10689164,9166,34750445,-6346,-24061281
2024/02/27,臺股期貨,外資及陸資,58201,219959967,60541,228772821,-2340,-8812855,39266,148189790,35467,133845216,3799,14344574
2024/02/27,臺股期貨,投信,1239,4677066,171,645218,1068,4031849,13653,51526422,8310,31361940,5343,20164482
2024/02/27,臺股期貨,自營商,10644,40202009,10730,40521060,-86,-319051,2924,11029540,9379,35382254,-6455,-24352714
2024/02/29,臺股期貨,外資及陸資,46205,174641988,46383,175333296,-178,-691309,38077,144395494,34455,130652791,3622,13742703
2024/02/29,臺股期貨,投信,485,1839035,96,363967,389,1475068,13936,52848099,8204,31111209,5732,21736890
2024/02/29,臺股期貨,自營商,8900,33653703,8840,33427784,60,225919,3159,11970772,9528,36117937,-6369,-24147165
2024/03/01,臺股期貨,外資及陸資,49669,188392094,54784,207769585,-5115,-19377491,34097,129302542,35590,134957204,-1493,-5654662
2024/03/01,臺股期貨,投信,1633,6192195,34,128933,1599,6063262,15550,58968710,8219,31168092,7331,27800618
2024/03/01,臺股期貨,自營商,7931,30077550,7971,30227771,-40,-150221,2870,10876319,9312,35298380,-6442,-24422061
2024/03/04,臺股期貨,外資及陸資,68524,262647920,63040,241808592,5484,20839328,37873,146272744,33886,130867091,3987,15405653
2024/03/04,臺股期貨,投信,1003,3872264,1326,5120083,-323,-1247820,14951,57743752,7941,30669730,7010,27074022
2024/03/04,臺股期貨,自營商,12259,47016220,12461,47808682,-202,-792462,3603,13906207,10205,39395074,-6602,-25488867
2024/03/05,臺股期貨,外資及陸資,55959,216863217,56614,219402933,-655,-2539716,36859,142938968,33528,130014355,3331,12924613
2024/03/05,臺股期貨,投信,466,1806929,790,3066769,-324,-1259840,14518,56300804,7832,30372496,6686,25928308
2024/03/05,臺股期貨,自營商,10540,40852126,10046,38920815,494,1931311,4044,15676737,10093,39117427,-6049,-23440690
2024/03/06,臺股期貨,外資及陸資,57447,222624414,57457,222678355,-10,-53941,36614,142845369,33281,129835225,3333,13010144
2024/03/06,臺股期貨,投信,281,1096104,778,3031765,-497,-1935661,13962,54471347,7773,30325582,6189,24145765
2024/03/06,臺股期貨,自營商,13111,50845988,12158,47126539,953,3719449,4590,17898615,9646,37608351,-5056,-19709736
2024/03/07,臺股期貨,外資及陸資,86506,340336128,86784,341424042,-278,-1087915,35643,140445844,32588,128400864,3055,12044980
2024/03/07,臺股期貨,投信,719,2831921,984,3881336,-265,-1049415,13647,53774639,7723,30431709,5924,23342930
2024/03/07,臺股期貨,自營商,14355,56461856,14661,57675826,-306,-1213970,5406,21290957,10763,42384188,-5357,-21093231
2024/03/08,臺股期貨,外資及陸資,111407,442259765,116029,460465776,-4622,-18206011,33868,134073438,35434,140264359,-1566,-6190921
2024/03/08,臺股期貨,投信,47,186548,1129,4469182,-1082,-4282633,12653,50090696,7811,30922187,4842,19168509
2024/03/08,臺股期貨,自營商,19361,76841770,18248,72430520,1113,4411250,6102,24144806,10316,40809532,-4214,-16664726
2024/03/11,臺股期貨,外資及陸資,96643,382736230,99334,393313751,-2691,-10577522,31415,123874118,37972,149722497,-6557,-25848379
2024/03/11,臺股期貨,投信,0,0,280,1104287,-280,-1104287,12440,49053408,7878,31064530,4562,17988878
2024/03/11,臺股期貨,自營商,14529,57523320,14549,57600824,-20,-77504,6541,25782948,10821,42642031,-4280,-16859083
2024/03/12,臺股期貨,外資及陸資,64587,255548257,66143,261737027,-1556,-6188769,33196,132473940,41305,164827900,-8109,-32353960
2024/03/12,臺股期貨,投信,269,1072993,287,1145129,-18,-72136,12261,48931199,7717,30797004,4544,18134195
2024/03/12,臺股期貨,自營商,10908,43229342,10230,40523306,678,2706036,7399,29515170,10998,43861603,-3599,-14346433
2024/03/13,臺股期貨,外資及陸資,82179,328015223,83202,332109572,-1023,-4094349,31577,125849019,40709,162238974,-9132,-36389955
2024/03/13,臺股期貨,投信,179,713461,168,669761,11,43701,12275,48923240,7720,30768832,4555,18154408
2024/03/13,臺股期貨,自營商,16613,66315122,15596,62242457,1017,4072665,8131,32395705,10648,42409544,-2517,-10013839
2024/03/14,臺股期貨,外資及陸資,67138,267199290,66600,265040512,538,2158777,34695,138363385,43293,172645844,-8598,-34282459
2024/03/14,臺股期貨,投信,0,0,152,606211,-152,-606211,12126,48358488,7723,30799324,4403,17559164
2024/03/14,臺股期貨,自營商,10807,43003754,10954,43597838,-147,-594084,8500,33888838,11105,44259167,-2605,-10370329
2024/03/15,臺股期貨,外資及陸資,72969,289389904,76069,301707104,-3100,-12317201,35722,140977090,47420,187116968,-11698,-46139878
2024/03/15,臺股期貨,投信,389,1539982,973,3843396,-584,-2303414,11703,46176677,7884,31107710,3819,15068967
2024/03/15,臺股期貨,自營商,15073,59774626,13433,53259225,1640,6515401,11314,44640355,12239,48285288,-925,-3644933
2024/03/18,臺股期貨,外資及陸資,86649,343252683,85345,338105746,1304,5146937,36973,147333886,47377,188761901,-10404,-41428015
2024/03/18,臺股期貨,投信,10419,41344639,10449,41452021,-30,-107383,11707,46653230,7918,31554458,3789,15098772
2024/03/18,臺股期貨,自營商,11071,43858957,11935,47297222,-864,-3438265,9350,37235999,11283,44931914,-1933,-7695915
2024/03/19,臺股期貨,外資及陸資,94205,374083160,94771,376355537,-566,-2272377,36846,146511232,47822,190116903,-10976,-43605671
2024/03/19,臺股期貨,投信,9783,38894806,8773,34865770,1010,4029036,12573,50002821,7774,30917025,4799,19085796
2024/03/19,臺股期貨,自營商,16474,65433876,16806,66755691,-332,-1321815,8946,35541914,11019,43783360,-2073,-8241446
2024/03/20,臺股期貨,外資及陸資,75514,299988478,78272,310945232,-2758,-10956754,31381,124475630,36169,143461929,-4788,-18986299
2024/03/20,臺股期貨,投信,191,757624,164,650819,27,106805,12670,50256822,7807,30967246,4863,19289576
2024/03/20,臺股期貨,自營商,21478,85295680,18174,72179354,3304,13116327,975,3859114,7225,28632453,-6250,-24773339
2024/03/21,臺股期貨,外資及陸資,73898,296326117,66649,267364463,7249,28961654,35218,142703061,31086,125954539,4132,16748522
2024/03/21,臺股期貨,投信,356,1442053,222,887549,134,554504,12702,51468504,7705,31220660,4997,20247844
2024/03/21,臺股期貨,自營商,10080,40513403,10127,40674980,-47,-161577,1773,7175716,8062,32641724,-6289,-25466008
2024/03/22,臺股期貨,外資及陸資,64884,262430796,73035,295415350,-8151,-32984554,27557,111552207,32999,133575431,-5442,-22023224
2024/03/22,臺股期貨,投信,296,1197238,52,210494,244,986744,12852,52024896,7611,30809328,5241,21215568
2024/03/22,臺股期貨,自營商,9419,38086144,8679,35092622,740,2993522,2358,9539136,7891,31920952,-5533,-22381816
2024/03/25,臺股期貨,外資及陸資,47737,193236376,47481,192203732,256,1032645,27927,112989187,33113,133964618,-5186,-20975431
2024/03/25,臺股期貨,投信,9,36422,74,299387,-65,-262965,12784,51721507,7608,30780446,5176,20941061
2024/03/25,臺股期貨,自營商,6264,25358610,6964,28193635,-700,-2835025,1979,8002352,8257,33387729,-6278,-25385377
2024/03/26,臺股期貨,外資及陸資,87254,353086092,88564,358351160,-1310,-5265068,28565,115319317,35041,141457192,-6476,-26137875
2024/03/26,臺股期貨,投信,49,197798,633,2555842,-584,-2358044,12406,50083022,7814,31545118,4592,18537904
2024/03/26,臺股期貨,自營商,16504,66794569,16524,66891683,-20,-97114,1977,7977052,8278,33402372,-6301,-25425320
2024/03/27,臺股期貨,外資及陸資,53167,214826750,50043,202212605,3124,12614145,30377,123077863,33717,136604659,-3340,-13526796
2024/03/27,臺股期貨,投信,353,1430021,103,417103,250,1012918,12550,50847580,7708,31229733,4842,19617847
2024/03/27,臺股期貨,自營商,8485,34297690,9641,38976604,-1156,-4678914,2082,8431476,9530,38597252,-7448,-30165776
2024/03/28,臺股期貨,外資及陸資,61920,250212600,64318,259929746,-2398,-9717146,31614,127736432,37343,150878126,-5729,-23141694
2024/03/28,臺股期貨,投信,188,761107,32,128806,156,632301,12578,50820151,7580,30626232,4998,20193919
2024/03/28,臺股期貨,自營商,10119,40884981,8606,34771858,1513,6113123,2494,10073645,8421,34011563,-5927,-23937918
2024/03/29,臺股期貨,外資及陸資,53476,216515192,48501,196358618,4975,20156574,33086,134187490,33840,137239156,-754,-3051666
2024/03/29,臺股期貨,投信,1335,5413005,14,56778,1321,5356227,13882,56299839,7563,30672503,6319,25627336
2024/03/29,臺股期貨,自營商,7223,29253473,8586,34775944,-1363,-5522471,2574,10436826,9791,39695993,-7217,-29259167
2024/04/01,臺股期貨,外資及陸資,43644,177409435,47213,191899361,-3569,-14489926,31147,126417568,35470,143956612,-4323,-17539044
2024/04/01,臺股期貨,投信,617,2503609,26,105594,591,2398015,14499,58845641,7589,30800715,6910,28044926
2024/04/01,臺股期貨,自營商,8629,35077010,7355,29905354,1274,5171656,2613,10603653,8543,34661973,-5930,-24058320
2024/04/02,臺股期貨,外資及陸資,65089,265745873,58188,237559490,6901,28186384,36527,149918152,33215,136319381,3312,13598771
2024/04/02,臺股期貨,投信,1109,4549525,65,266110,1044,4283415,15403,63216993,7449,30572186,7954,32644807
2024/04/02,臺股期貨,自營商,10149,41449360,12862,52536754,-2713,-11087393,3236,13279745,11858,48654673,-8622,-35374928
2024/04/03,臺股期貨,外資及陸資,64390,262635731,73429,299519505,-9039,-36883775,29520,120156296,36986,150539882,-7466,-30383586
2024/04/03,臺股期貨,投信,166,675856,390,1588355,-224,-912498,15474,62982275,7744,31519629,7730,31462646
2024/04/03,臺股期貨,自營商,14049,57293700,12181,49683846,1868,7609853,2283,9291633,9055,36845504,-6772,-27553871
2024/04/08,臺股期貨,外資及陸資,57470,234976003,55835,228273867,1635,6702136,30242,123678395,36096,147612143,-5854,-23933748
2024/04/08,臺股期貨,投信,320,1310320,48,196462,272,1113857,15555,63610617,7553,30887310,8002,32723307
2024/04/08,臺股期貨,自營商,8523,34849206,9151,37419740,-628,-2570533,2613,10686713,10089,41249652,-7476,-30562939
2024/04/09,臺股期貨,外資及陸資,77325,319415896,68153,281693970,9172,37721926,37704,157381340,32540,135817390,5164,21563950
2024/04/09,臺股期貨,投信,390,1627676,31,129028,359,1498647,15608,65144670,7247,30247661,8361,34897009
2024/04/09,臺股期貨,自營商,12532,51868341,14345,59297073,-1813,-7428732,3013,12576019,12271,51206933,-9258,-38630914
2024/04/10,臺股期貨,外資及陸資,57810,240896643,64685,269519213,-6875,-28622570,35077,146275533,36787,153390214,-1710,-7114681
2024/04/10,臺股期貨,投信,4,16679,59,246020,-55,-229340,15554,64853958,7248,30221429,8306,34632529
2024/04/10,臺股期貨,自營商,11227,46782095,9171,38215435,2056,8566660,2777,11579808,9991,41651909,-7214,-30072101
2024/04/11,臺股期貨,外資及陸資,67720,280741111,76706,317975835,-8986,-37234724,31607,131208248,44571,184996434,-12964,-53788186
2024/04/11,臺股期貨,投信,373,1548851,128,531152,245,1017700,15920,66075072,7369,30584643,8551,35490429
2024/04/11,臺股期貨,自營商,10987,45547500,9793,40615524,1194,4931976,3211,13329710,9199,38177985,-5988,-24848275
2024/04/12,臺股期貨,外資及陸資,74926,310710527,73971,306689419,955,4021108,31789,132030160,43798,181836463,-12009,-49806303
2024/04/12,臺股期貨,投信,1789,7443433,1607,6672732,182,770701,16074,66735412,7341,30469867,8733,36265545
2024/04/12,臺股期貨,自營商,11501,47686997,10608,44019227,893,3667769,4275,17749836,9368,38907425,-5093,-21157589
2024/04/15,臺股期貨,外資及陸資,98949,406936833,103854,427243985,-4905,-20307153,30125,123669144,47928,196715806,-17803,-73046662
2024/04/15,臺股期貨,投信,12181,50073504,12087,49653949,94,419555,16344,67110888,7517,30865664,8827,36245224
2024/04/15,臺股期貨,自營商,16656,68540355,15948,65590886,708,2949469,4252,17458547,8685,35638240,-4433,-18179693
2024/04/16,臺股期貨,外資及陸資,146955,591573309,147546,594147078,-591,-2573769,32980,131734150,51366,205185816,-18386,-73451666
2024/04/16,臺股期貨,投信,9234,36850842,8855,35335770,379,1515072,17167,68596686,7961,31814843,9206,36781843
2024/04/16,臺股期貨,自營商,26904,108271835,25993,104619230,911,3652605,5707,22794452,9017,35993916,-3310,-13199464
2024/04/17,臺股期貨,外資及陸資,104069,417277259,101789,408234665,2280,9042593,24880,100460414,42832,172936009,-17952,-72475595
2024/04/17,臺股期貨,投信,1244,5022884,217,877991,1027,4144892,16880,68158064,7812,31543294,9068,36614770
2024/04/17,臺股期貨,自營商,20932,84046303,21468,86203167,-536,-2156865,4119,16620731,6769,27303268,-2650,-10682537
2024/04/18,臺股期貨,外資及陸資,89931,362601123,87395,352346926,2536,10254197,24891,101321214,39591,161146304,-14700,-59825090
2024/04/18,臺股期貨,投信,335,1362453,289,1175536,46,186918,16823,68479704,7709,31380255,9114,37099449
2024/04/18,臺股期貨,自營商,10322,41674629,9991,40333083,331,1341546,4825,19628190,7153,29086298,-2328,-9458108
2024/04/19,臺股期貨,外資及陸資,170784,674936988,173531,686330550,-2747,-11393562,21289,83277609,41066,160623583,-19777,-77345974
2024/04/19,臺股期貨,投信,1330,5204957,645,2524989,685,2679968,18038,70561048,8239,32229320,9799,38331728
2024/04/19,臺股期貨,自營商,27068,106699529,26339,103843926,729,2855603,5228,20435485,6666,26038105,-1438,-5602620
2024/04/22,臺股期貨,外資及陸資,111699,437894460,109061,427538140,2638,10356320,19216,75049268,35616,139083977,-16400,-64034709
2024/04/22,臺股期貨,投信,487,1902128,122,476568,365,1425560,18246,71261578,8082,31565059,10164,39696519
2024/04/22,臺股期貨,自營商,11177,43792061,12616,49400741,-1439,-5608680,4297,16767857,7152,27896179,-2855,-11128322
2024/04/23,臺股期貨,外資及陸資,75861,297954803,71966,282619890,3895,15334913,22071,86870283,34576,136071750,-12505,-49201467
2024/04/23,臺股期貨,投信,535,2105027,0,0,535,2105027,18626,73311936,7917,31161312,10709,42150624
2024/04/23,臺股期貨,自營商,6561,25775775,8597,33782563,-2036,-8006788,3486,13706995,8555,33633887,-5069,-19926892
2024/04/24,臺股期貨,外資及陸資,67136,268295026,68571,274084591,-1435,-5789565,23526,94900732,36859,148666230,-13333,-53765498
2024/04/24,臺股期貨,投信,683,2753549,16,64126,667,2689423,18865,76101410,7489,30210626,11376,45890784
2024/04/24,臺股期貨,自營商,10904,43709989,9455,37866734,1449,5843255,4259,17163069,7851,31624144,-3592,-14461075
2024/04/25,臺股期貨,外資及陸資,75573,301683310,79417,317002165,-3844,-15318855,20704,82316535,37864,150520382,-17160,-68203847
2024/04/25,臺股期貨,投信,309,1234538,339,1347454,-30,-112916,18952,75353152,7606,30241456,11346,45111696
2024/04/25,臺股期貨,自營商,7958,31745097,7677,30615005,281,1130091,4189,16636838,7465,29633073,-3276,-12996235
2024/04/26,臺股期貨,外資及陸資,102562,410862493,99290,397747684,3272,13114809,23378,94329859,37266,150346722,-13888,-56016863
2024/04/26,臺股期貨,投信,871,3513447,149,594588,722,2918859,19549,78884125,7481,30187331,12068,48696794
2024/04/26,臺股期貨,自營商,12576,50427350,13084,52483616,-508,-2056266,4127,16633375,7878,31739798,-3751,-15106423
2024/04/29,臺股期貨,外資及陸資,71228,290152307,72381,294790651,-1153,-4638343,25304,103993965,40345,165787884,-15041,-61793919
2024/04/29,臺股期貨,投信,654,2676568,105,430916,549,2245652,19757,81201270,7140,29345400,12617,51855870
2024/04/29,臺股期貨,自營商,9652,39357486,9274,37857681,378,1499805,4764,19556543,8195,33634036,-3431,-14077493
2024/04/30,臺股期貨,外資及陸資,57065,233997981,55769,228698766,1296,5299216,24376,99513168,38111,155561949,-13735,-56048781
2024/04/30,臺股期貨,投信,214,873927,141,575908,73,298019,19742,80598689,7052,28790495,12690,51808194
2024/04/30,臺股期貨,自營商,7177,29418050,7562,30998548,-385,-1580498,4528,18460817,8296,33826063,-3768,-15365246
2024/05/02,臺股期貨,外資及陸資,67347,274056672,71153,289540519,-3806,-15483846,21007,85251523,38548,156413726,-17541,-71162203
2024/05/02,臺股期貨,投信,662,2687906,537,2179394,125,508511,20155,81797052,7340,29788656,12815,52008396
2024/05/02,臺股期貨,自營商,9405,38249865,8940,36361751,465,1888114,5155,20894075,8375,33947530,-3220,-13053455
2024/05/03,臺股期貨,外資及陸資,76474,312022422,78380,319924760,-1906,-7902338,20366,83017063,39823,162304447,-19457,-79287384
2024/05/03,臺股期貨,投信,221,901163,151,613872,70,287291,20371,83040344,7486,30515930,12885,52524414
2024/05/03,臺股期貨,自營商,9932,40544021,9051,36918527,881,3625494,5671,23089205,8021,32654196,-2350,-9564991
2024/05/06,臺股期貨,外資及陸資,72775,299480507,72076,296680844,699,2799663,23474,96714275,42232,173972415,-18758,-77258140
2024/05/06,臺股期貨,投信,377,1553351,151,622563,226,930787,20414,84109754,7303,30089799,13111,54019955
2024/05/06,臺股期貨,自營商,9656,39761910,9251,38088129,405,1673781,6185,25452558,8116,33395303,-1931,-7942745
2024/05/07,臺股期貨,外資及陸資,52625,217467879,53092,219389870,-467,-1921990,22214,91732384,41439,171096728,-19225,-79364344
2024/05/07,臺股期貨,投信,266,1097915,7,28890,259,1069026,20529,84776550,7159,29563792,13370,55212758
2024/05/07,臺股期貨,自營商,8561,35357453,9080,37508177,-519,-2150724,5676,23408594,8166,33680100,-2490,-10271506
2024/05/08,臺股期貨,外資及陸資,47608,196710147,43986,181745830,3622,14964317,23782,98568441,39385,163212721,-15603,-64644280
2024/05/08,臺股期貨,投信,173,716884,39,161393,134,555491,20669,85668861,7165,29697464,13504,55971397
2024/05/08,臺股期貨,自營商,7807,32257321,9333,38572183,-1526,-6314862,5193,21492613,9189,38044994,-3996,-16552381
2024/05/09,臺股期貨,外資及陸資,54960,227468915,56573,234162722,-1613,-6693808,22185,91455018,39401,162401590,-17216,-70946572
2024/05/09,臺股期貨,投信,122,504669,332,1369962,-210,-865293,20580,84838992,7286,30035806,13294,54803186
2024/05/09,臺股期貨,自營商,9076,37546359,8698,35983070,378,1563289,5428,22350416,8963,36913650,-3535,-14563234
2024/05/10,臺股期貨,外資及陸資,69014,285654353,66669,275923842,2345,9730511,24387,101507167,39256,163367079,-14869,-61859912
2024/05/10,臺股期貨,投信,4022,16664878,4064,16833042,-42,-168164,20569,85615620,7317,30456274,13252,55159346
2024/05/10,臺股期貨,自營商,11004,45558890,11859,49121597,-855,-3562707,5080,21112309,9271,38550367,-4191,-17438058
2024/05/13,臺股期貨,外資及陸資,90020,376350732,90550,378563365,-530,-2212633,26439,110422556,40956,171011359,-14517,-60588803
2024/05/13,臺股期貨,投信,13844,57837957,13609,56855705,235,982251,20614,86096341,7127,29766191,13487,56330150
2024/05/13,臺股期貨,自營商,14433,60327789,13490,56400111,943,3927678,4949,20636838,8511,35517559,-3562,-14880721
2024/05/14,臺股期貨,外資及陸資,76980,322413980,72507,303685478,4473,18728502,27521,115633278,37565,157789763,-10044,-42156485
2024/05/14,臺股期貨,投信,9319,39088047,10149,42570829,-830,-3482782,19868,83481317,7214,30311767,12654,53169550
2024/05/14,臺股期貨,自營商,12758,53455737,14149,59277945,-1391,-5822207,4966,20828647,9834,41289485,-4868,-20460838
2024/05/15,臺股期貨,外資及陸資,74212,314383958,72356,306495384,1856,7888575,25226,107174395,28707,121923232,-3481,-14748837
2024/05/15,臺股期貨,投信,248,1053523,361,1531886,-113,-478362,19751,83914099,7210,30632406,12541,53281693
2024/05/15,臺股期貨,自營商,23478,99450014,24695,104653427,-1217,-5203413,1681,7108866,9544,40521585,-7863,-33412719
2024/05/16,臺股期貨,外資及陸資,68028,291314087,72254,309401059,-4226,-18086972,25563,109264755,34051,145502573,-8488,-36237818
2024/05/16,臺股期貨,投信,222,948985,1273,5438294,-1051,-4489309,18644,79691914,7154,30579058,11490,49112856
2024/05/16,臺股期貨,自營商,10035,42953040,9194,39368247,841,3584793,2357,10048410,9387,40095962,-7030,-30047552
2024/05/17,臺股期貨,外資及陸資,51036,217942907,51475,219836495,-439,-1893588,25401,108383306,35049,149502049,-9648,-41118743
2024/05/17,臺股期貨,投信,187,798061,1072,4575279,-885,-3777219,17914,76439038,7309,31187503,10605,45251535
2024/05/17,臺股期貨,自營商,6215,26526603,6259,26715068,-44,-188465,2162,9197528,9044,38561558,-6882,-29364030
2024/05/20,臺股期貨,外資及陸資,66156,282202687,65762,280571991,394,1630696,27123,115535406,36377,154897724,-9254,-39362318
2024/05/20,臺股期貨,投信,189,805401,618,2632710,-429,-1827309,17485,74482603,7309,31134878,10176,43347725
2024/05/20,臺股期貨,自營商,9486,40442593,9133,38933602,353,1508991,2625,11153712,9142,38914029,-6517,-27760317
2024/05/21,臺股期貨,外資及陸資,50336,214296950,49317,209971296,1019,4325654,28549,121511796,36784,156496273,-8235,-34984477
2024/05/21,臺股期貨,投信,212,902183,121,514879,91,387304,17579,74823256,7312,31122797,10267,43700459
2024/05/21,臺股期貨,自營商,6363,27073609,7179,30552961,-816,-3479352,2477,10512440,9890,42064899,-7413,-31552459
2024/05/22,臺股期貨,外資及陸資,56372,241662114,53800,230574768,2572,11087346,33971,146622387,39634,170993275,-5663,-24370888
2024/05/22,臺股期貨,投信,730,3152237,106,457460,624,2694777,18034,77838351,7143,30830617,10891,47007734
2024/05/22,臺股期貨,自營商,9107,39064507,8675,37204895,432,1859612,3062,13173756,9999,43125390,-6937,-29951634
2024/05/23,臺股期貨,外資及陸資,57972,250200989,61051,263433256,-3079,-13232267,31634,136686950,40359,174316712,-8725,-37629762
2024/05/23,臺股期貨,投信,153,660178,72,311242,81,348935,17970,77648370,6998,30238358,10972,47410012
2024/05/23,臺股期貨,自營商,7664,33065417,7047,30398938,617,2666479,2828,12180195,9109,39327447,-6281,-27147252
2024/05/24,臺股期貨,外資及陸資,66443,286251907,66120,284891885,323,1360022,32700,141051263,41102,177219911,-8402,-36168648
2024/05/24,臺股期貨,投信,55,237252,118,509109,-63,-271857,17977,77545587,7068,30488525,10909,47057062
2024/05/24,臺股期貨,自營商,7706,33186504,7810,33637368,-104,-450864,2754,11838145,9068,39082829,-6314,-27244684
2024/05/27,臺股期貨,外資及陸資,57371,249592182,58266,253526903,-895,-3934720,33291,145611136,42588,186196423,-9297,-40585287
2024/05/27,臺股期貨,投信,458,2002499,246,1067204,212,935295,18147,79374978,7026,30731724,11121,48643254
2024/05/27,臺股期貨,自營商,8833,38446369,8639,37624563,194,821806,3260,14209175,9380,40994018,-6120,-26784843
2024/05/28,臺股期貨,外資及陸資,39149,171588874,40012,175370190,-863,-3781316,33583,147432167,43743,191951446,-10160,-44519279
2024/05/28,臺股期貨,投信,802,3518468,77,338222,725,3180246,18659,81916742,6813,29910433,11846,52006309
2024/05/28,臺股期貨,自營商,5704,24995423,6011,26342574,-307,-1347152,3368,14732250,9800,42988053,-6432,-28255803
2024/05/29,臺股期貨,外資及陸資,53588,234134249,58893,257291836,-5305,-23157587,31788,138145942,47253,205262869,-15465,-67116927
2024/05/29,臺股期貨,投信,105,456518,487,2118234,-382,-1661716,18430,80096780,6966,30274236,11464,49822544
2024/05/29,臺股期貨,自營商,10488,45789500,9097,39706277,1391,6083223,3464,15018474,8395,36450563,-4931,-21432089
2024/05/30,臺股期貨,外資及陸資,71274,306726533,69591,299482605,1683,7243928,32711,139964195,47123,201537249,-14412,-61573054
2024/05/30,臺股期貨,投信,216,924809,600,2576065,-384,-1651255,18424,78836296,7344,31424976,11080,47411320
2024/05/30,臺股期貨,自營商,9211,39605389,9075,39023532,136,581857,3843,16411369,8632,36901712,-4789,-20490343
2024/05/31,臺股期貨,外資及陸資,91535,392711673,91182,391220475,353,1491197,36210,154159380,50269,213923076,-14059,-59763696
2024/05/31,臺股期貨,投信,171,728264,120,511158,51,217106,18557,79008283,7426,31616938,11131,47391345
2024/05/31,臺股期貨,自營商,11838,50740538,11122,47675962,716,3064575,4470,18994356,8470,36026438,-4000,-17032082
2024/06/03,臺股期貨,外資及陸資,92437,396520165,94046,403538026,-1609,-7017860,36324,157309929,53023,229550096,-16699,-72240167
2024/06/03,臺股期貨,投信,1393,6031068,138,597180,1255,5433887,19562,84723022,7176,31079256,12386,53643766
2024/06/03,臺股期貨,自營商,14215,61021062,15126,64966786,-911,-3945724,4855,20985068,9728,42091531,-4873,-21106463
2024/06/04,臺股期貨,外資及陸資,79551,341333157,81957,351751629,-2406,-10418472,31942,136236082,51031,217579795,-19089,-81343713
2024/06/04,臺股期貨,投信,454,1936480,668,2850988,-214,-914509,19556,83413787,7384,31495714,12172,51918073
2024/06/04,臺股期貨,自營商,12983,55659122,12913,55326327,70,332795,4230,18017050,9210,39243846,-4980,-21226796
2024/06/05,臺股期貨,外資及陸資,85268,363729399,82625,352439683,2643,11289717,33794,145034384,50240,215537451,-16446,-70503067
2024/06/05,臺股期貨,投信,228,977531,161,689095,67,288437,19567,83980602,7328,31451776,12239,52528826
2024/06/05,臺股期貨,自營商,12717,54243843,14609,62347711,-1892,-8103868,2858,12234206,9688,41539177,-6830,-29304971
2024/06/06,臺股期貨,外資及陸資,87251,380050429,82362,358656297,4889,21394131,35182,153899533,45710,199867886,-10528,-45968353
2024/06/06,臺股期貨,投信,601,2628364,854,3742936,-253,-1114572,19053,83347686,7067,30915298,11986,52432388
2024/06/06,臺股期貨,自營商,11396,49621533,12561,54734843,-1165,-5113310,2972,12957677,10962,47904850,-7990,-34947173
2024/06/07,臺股期貨,外資及陸資,60785,265490333,60863,265833054,-78,-342721,34704,151952388,45310,198304929,-10606,-46352541
2024/06/07,臺股期貨,投信,10,43582,547,2390900,-537,-2347318,18520,81093714,7071,30962495,11449,50131219
2024/06/07,臺股期貨,自營商,7801,34057372,6505,28396916,1296,5660456,3008,13127147,9683,42350434,-6675,-29223287
2024/06/11,臺股期貨,外資及陸資,72553,317055966,76703,335198982,-4150,-18143016,29587,128994119,45437,198012418,-15850,-69018299
2024/06/11,臺股期貨,投信,214,935381,138,601897,76,333484,18525,80770311,7000,30521400,11525,50248911
2024/06/11,臺股期貨,自營商,11086,48426694,9940,43403541,1146,5023153,2903,12620729,8503,37024120,-5600,-24403391
2024/06/12,臺股期貨,外資及陸資,69512,303885686,64801,283241278,4711,20644407,33007,145514110,44146,194538995,-11139,-49024885
2024/06/12,臺股期貨,投信,582,2565078,245,1072738,337,1492340,18847,83096945,6985,30798262,11862,52298683
2024/06/12,臺股期貨,自營商,11971,52302224,13213,57788886,-1242,-5486662,3319,14586657,10108,44510844,-6789,-29924187
2024/06/13,臺股期貨,外資及陸資,86930,387365298,89896,400502024,-2966,-13136726,32985,147226980,46303,206548880,-13318,-59321900
2024/06/13,臺股期貨,投信,507,2255651,89,396829,418,1858822,19048,85045676,6768,30218721,12280,54826955
2024/06/13,臺股期貨,自營商,15897,70801200,15214,67823134,683,2978066,4367,19419955,10457,46633099,-6090,-27213144
2024/06/14,臺股期貨,外資及陸資,70950,316916115,70487,314828053,463,2088062,34494,155150304,47349,212835151,-12855,-57684847
2024/06/14,臺股期貨,投信,5050,22564049,4881,21827731,169,736318,19117,85967664,6668,29952916,12449,56014748
2024/06/14,臺股期貨,自營商,12698,56669513,13475,60169143,-777,-3499631,4327,19382634,11206,50369891,-6879,-30987257
2024/06/17,臺股期貨,外資及陸資,92572,415492012,92909,416846572,-337,-1354560,34943,156622106,48135,215631189,-13192,-59009083
2024/06/17,臺股期貨,投信,12707,56899790,12723,57175996,-16,-276206,19094,85491188,6661,29823287,12433,55667901
2024/06/17,臺股期貨,自營商,13300,59726103,13530,60648110,-230,-922007,3302,14795746,10195,45699884,-6893,-30904138
2024/06/18,臺股期貨,外資及陸資,90213,409238901,89959,407964891,254,1274009,37294,169365596,50232,227992008,-12938,-58626412
2024/06/18,臺股期貨,投信,8014,36353388,7516,34179245,498,2174143,19505,88451292,6574,29812452,12931,58638840
2024/06/18,臺股期貨,自營商,17277,78347732,17821,80811244,-544,-2463513,3289,14935704,10766,48895756,-7477,-33960052
2024/06/19,臺股期貨,外資及陸資,93440,430138493,89248,410839423,4192,19299070,31922,147701561,43518,201340125,-11596,-53638564
2024/06/19,臺股期貨,投信,894,4121052,514,2378211,380,1742842,19636,90855772,6298,29140846,13338,61714926
2024/06/19,臺股期貨,自營商,25982,119764504,28213,129973822,-2231,-10209318,2006,9269974,9870,45659896,-7864,-36389922
2024/06/20,臺股期貨,外資及陸資,53461,248149380,58393,271074082,-4932,-22924702,33023,154393858,49551,231662220,-16528,-77268362
2024/06/20,臺股期貨,投信,674,3141904,82,382891,592,2759013,20104,93994242,6174,28865920,13930,65128322
2024/06/20,臺股期貨,自營商,7062,32788013,6766,31413055,296,1374958,2393,11183606,9913,46342602,-7520,-35158996
2024/06/21,臺股期貨,外資及陸資,81307,377050959,83263,386153171,-1956,-9102212,31601,146672112,51749,240185111,-20148,-93512999
2024/06/21,臺股期貨,投信,81,375982,788,3659082,-707,-3283099,19453,90289154,6230,28915922,13223,61373232
2024/06/21,臺股期貨,自營商,9932,46052324,9292,43091826,640,2960497,2277,10568120,9288,43109230,-7011,-32541110
2024/06/24,臺股期貨,外資及陸資,99781,456950293,99386,455168625,395,1781668,29547,134461090,50694,230693309,-21147,-96232219
2024/06/24,臺股期貨,投信,413,1879845,654,2978695,-241,-1098849,19573,89072808,6591,29994323,12982,59078485
2024/06/24,臺股期貨,自營商,14173,64856081,13333,60991525,840,3864556,2559,11644149,8727,39713446,-6168,-28069297
2024/06/25,臺股期貨,外資及陸資,90288,409318449,92254,418182777,-1966,-8864328,29114,132449948,52227,237597411,-23113,-105147463
2024/06/25,臺股期貨,投信,470,2134007,87,395453,383,1738554,19950,90760530,6585,29957799,13365,60802731
2024/06/25,臺股期貨,自營商,13498,61154433,11739,53201565,1759,7952867,3852,17523309,8309,37800380,-4457,-20277071
2024/06/26,臺股期貨,外資及陸資,76531,349312785,77944,355843994,-1413,-6531208,28735,131465975,54387,248826867,-25652,-117360892
2024/06/26,臺股期貨,投信,770,3522380,35,159968,735,3362412,20597,94235394,6497,29725074,14100,64510320
2024/06/26,臺股期貨,自營商,11409,52108684,12760,58320013,-1351,-6211328,3205,14662331,8818,40343011,-5613,-25680680
2024/06/27,臺股期貨,外資及陸資,71101,323183152,69830,317420661,1271,5762491,28227,128696363,52629,239954911,-24402,-111258548
2024/06/27,臺股期貨,投信,245,1117150,153,697366,92,419784,20693,94347664,6501,29640659,14192,64707005
2024/06/27,臺股期貨,自營商,8722,39666436,8468,38514147,254,1152289,3393,15470068,8648,39429503,-5255,-23959435
2024/06/28,臺股期貨,外資及陸資,76208,349540485,78315,359194885,-2107,-9654400,29422,135220983,55931,257057630,-26509,-121836647
2024/06/28,臺股期貨,投信,1144,5260403,10,45962,1134,5214442,21735,99894060,6409,29455764,15326,70438296
2024/06/28,臺股期貨,自營商,10299,47253136,10442,47927718,-143,-674582,3835,17625825,9225,42397581,-5390,-24771756
2024/07/01,臺股期貨,外資及陸資,66608,306751858,66014,304064881,594,2686978,30864,141932698,56808,261241114,-25944,-119308416
2024/07/01,臺股期貨,投信,784,3604820,25,114963,759,3489858,22494,103440908,6409,29472427,16085,73968481
2024/07/01,臺股期貨,自營商,9090,41876903,9572,44104224,-482,-2227321,3660,16833228,9475,43575158,-5815,-26741930
2024/07/02,臺股期貨,外資及陸資,76871,351566880,75881,347044108,990,4522772,30164,137762377,55139,251827873,-24975,-114065496
2024/07/02,臺股期貨,投信,368,1680406,332,1515323,36,165083,22652,103451684,6531,29827077,16121,73624607
2024/07/02,臺股期貨,自營商,11568,52886656,11816,54015844,-248,-1129188,3855,17610883,9959,45490071,-6104,-27879188
2024/07/03,臺股期貨,外資及陸資,61512,283075330,61997,285290862,-485,-2215532,29317,135928681,54777,253977730,-25460,-118049049
2024/07/03,臺股期貨,投信,1649,7639305,5,23160,1644,7616145,24097,111728150,6332,29358951,17765,82369199
2024/07/03,臺股期貨,自營商,10291,47408620,11298,52064490,-1007,-4655870,3905,18105929,11014,51068667,-7109,-32962738
2024/07/04,臺股期貨,外資及陸資,63424,297694487,64545,302984022,-1121,-5289535,29853,141030617,55479,262095319,-25626,-121064702
2024/07/04,臺股期貨,投信,1172,5520308,248,1170248,924,4350060,24702,116697188,6013,28406615,18689,88290573
2024/07/04,臺股期貨,自營商,9454,44413870,10084,47398539,-630,-2984669,3797,17939308,11542,54529391,-7745,-36590083
2024/07/05,臺股期貨,外資及陸資,37938,179166868,40810,192751413,-2872,-13584545,27560,129924929,56058,264274278,-28498,-134349349
2024/07/05,臺股期貨,投信,516,2431819,46,216811,470,2215008,25173,118670557,6014,28351199,19159,90319358
2024/07/05,臺股期貨,自營商,6389,30166852,5364,25324915,1025,4841938,4195,19780109,10925,51509461,-6730,-31729352
2024/07/08,臺股期貨,外資及陸資,73354,348262671,73572,349283143,-218,-1020472,28109,134411543,57541,275152343,-29432,-140740800
2024/07/08,臺股期貨,投信,851,4067745,147,703578,704,3364167,25670,122748782,5807,27767898,19863,94980884
2024/07/08,臺股期貨,自營商,11363,54014310,11442,54414985,-79,-400675,4936,23605572,11742,56154013,-6806,-32548441
2024/07/09,臺股期貨,外資及陸資,85034,406103204,90387,431653450,-5353,-25550247,24335,116231266,59120,282374685,-34785,-166143419
2024/07/09,臺股期貨,投信,1702,8126294,135,648141,1567,7478153,27226,130036821,5796,27682855,21430,102353966
2024/07/09,臺股期貨,自營商,15756,75205455,14350,68511884,1406,6693571,6255,29879989,11749,56124998,-5494,-26245009
2024/07/10,臺股期貨,外資及陸資,71193,339652183,69469,331401292,1724,8250891,24821,119146910,58449,280575972,-33628,-161429062
2024/07/10,臺股期貨,投信,613,2939182,76,364549,537,2574633,27760,133259064,5793,27808501,21967,105450563
2024/07/10,臺股期貨,自營商,10737,51242541,12187,58180017,-1450,-6937476,5306,25470494,12195,58545085,-6889,-33074591
2024/07/11,臺股期貨,外資及陸資,68614,332687050,70235,340543419,-1621,-7856368,23678,115406475,58927,287217268,-35249,-171810793
2024/07/11,臺股期貨,投信,861,4193029,147,715727,714,3477302,28304,137958913,5623,27407497,22681,110551416
2024/07/11,臺股期貨,自營商,11395,55276573,11483,55721769,-88,-445196,4590,22371643,11645,56763384,-7055,-34391741
2024/07/12,臺股期貨,外資及陸資,109565,526443821,113148,543745047,-3583,-17301225,24467,116539123,64796,308623928,-40329,-192084805
2024/07/12,臺股期貨,投信,3928,18759325,3719,17751462,209,1007863,28809,137213868,5919,28191240,22890,109022628
2024/07/12,臺股期貨,自營商,16661,80017898,14630,70231937,2031,9785961,6937,33045794,11921,56790870,-4984,-23745076
2024/07/15,臺股期貨,外資及陸資,122577,586525335,118466,566881320,4111,19644015,24346,116146613,60564,288923909,-36218,-172777296
2024/07/15,臺股期貨,投信,14947,71334418,17042,81321338,-2095,-9986920,26713,127435747,5918,28232107,20795,99203640
2024/07/15,臺股期貨,自營商,18130,86728593,18951,90677460,-821,-3948867,5911,28201880,11736,55997723,-5825,-27795843
2024/07/16,臺股期貨,外資及陸資,111908,536311728,112840,540850273,-932,-4538545,24334,116784664,61468,294995883,-37134,-178211219
2024/07/16,臺股期貨,投信,13869,66560136,13448,64546627,421,2013509,27054,129837530,5838,28017730,21216,101819800
2024/07/16,臺股期貨,自營商,20522,98389089,20701,99280844,-179,-891754,6002,28807804,12031,57749858,-6029,-28942054
2024/07/17,臺股期貨,外資及陸資,95190,454801508,99826,476835847,-4636,-22034339,18890,89844515,53732,255551729,-34842,-165707214
2024/07/17,臺股期貨,投信,306,1455669,619,2951945,-313,-1496276,26862,127750300,5959,28339812,20903,99410488
2024/07/17,臺股期貨,自營商,24610,117490686,21306,101808698,3304,15681988,5769,27443099,7643,36363373,-1874,-8920274
2024/07/18,臺股期貨,外資及陸資,103487,483752955,109511,511850037,-6024,-28097082,18237,85308870,61270,286596731,-43033,-201287861
2024/07/18,臺股期貨,投信,764,3577429,149,697440,615,2879989,27606,129124304,6088,28476011,21518,100648293
2024/07/18,臺股期貨,自營商,11834,55283484,11374,53147145,460,2136339,7618,35640126,9045,42324682,-1427,-6684556
2024/07/19,臺股期貨,外資及陸資,145968,674961380,140172,647951840,5796,27009540,18832,86285824,56069,256892395,-37237,-170606571
2024/07/19,臺股期貨,投信,334,1530675,272,1246900,62,283776,27901,127825641,6321,28959029,21580,98866612
2024/07/19,臺股期貨,自營商,14799,68302300,14592,67381548,207,920752,8015,36731684,9168,42021788,-1153,-5290104
2024/07/22,臺股期貨,外資及陸資,137916,623135943,140918,636868223,-3002,-13732280,17956,80357516,58195,260428471,-40239,-180070955
2024/07/22,臺股期貨,投信,579,2592665,462,2069016,117,523648,28235,126345978,6538,29256242,21697,97089736
2024/07/22,臺股期貨,自營商,18277,82359553,17894,80592275,383,1767278,10425,46662524,11175,50023444,-750,-3360920
2024/07/23,臺股期貨,外資及陸資,78720,356910374,72846,330290069,5874,26620305,20659,94357573,53484,244274304,-32825,-149916731
2024/07/23,臺股期貨,投信,1008,4603646,235,1073424,773,3530222,28590,130570530,6120,27950040,22470,102620490
2024/07/23,臺股期貨,自營商,10157,46118346,11726,53224466,-1569,-7106120,8027,36668773,10369,47371300,-2342,-10702527
2024/07/26,臺股期貨,外資及陸資,88282,393861698,92868,414292560,-4586,-20430863,18517,81841444,55928,247177558,-37411,-165336114
2024/07/26,臺股期貨,投信,813,3593894,431,1905638,382,1688256,29366,129774227,6514,28786669,22852,100987558
2024/07/26,臺股期貨,自營商,14635,64985818,13763,61139652,872,3846166,8964,39627965,10405,46003544,-1441,-6375579
2024/07/29,臺股期貨,外資及陸資,80322,358107158,79250,353358030,1072,4749128,18143,80766713,54440,242338855,-36297,-161572142
2024/07/29,臺股期貨,投信,277,1233062,335,1491484,-58,-258421,29165,129819248,6371,28358595,22794,101460653
2024/07/29,臺股期貨,自營商,9518,42456344,10126,45176585,-608,-2720241,8386,37339784,10433,46460220,-2047,-9120436
2024/07/30,臺股期貨,外資及陸資,88805,391449428,91541,403673533,-2736,-12224106,18307,81482531,57340,255202957,-39033,-173720426
2024/07/30,臺股期貨,投信,467,2077025,325,1436882,142,640143,29249,130169750,6313,28095375,22936,102074375
2024/07/30,臺股期貨,自營商,13899,61277208,13855,61104878,44,172331,8737,38896049,10788,48032816,-2051,-9136767
2024/07/31,臺股期貨,外資及陸資,95626,423017020,93722,414743123,1904,8273897,19315,86090628,56444,251573655,-37129,-165483027
2024/07/31,臺股期貨,投信,164,730073,151,672378,13,57695,29258,130397054,6309,28117951,22949,102279103
2024/07/31,臺股期貨,自營商,12349,54660159,12937,57293326,-588,-2633167,7614,33945155,10313,45984714,-2699,-12039559
2024/08/01,臺股期貨,外資及陸資,83125,375097271,87550,395078423,-4425,-19981152,19247,87233252,60589,274600781,-41342,-187367529
2024/08/01,臺股期貨,投信,1874,8489285,87,393873,1787,8095412,30787,139526684,6051,27423132,24736,112103552
2024/08/01,臺股期貨,自營商,9717,43861663,9359,42266396,358,1595266,7351,33321617,9859,44696766,-2508,-11375149
2024/08/02,臺股期貨,外資及陸資,117004,515754714,118002,520553199,-998,-4798485,18688,80460576,63788,274630781,-45100,-194170205
2024/08/02,臺股期貨,投信,274,1183340,1094,4727447,-820,-3544107,30550,131523860,6634,28560697,23916,102963163
2024/08/02,臺股期貨,自營商,18134,79697971,15603,68475472,2531,11222498,9234,39761215,9362,40325885,-128,-564670
2024/08/05,臺股期貨,外資及陸資,173448,710174278,169433,693811208,4015,16363070,18818,72920854,58264,225774044,-39446,-152853190
2024/08/05,臺股期貨,投信,742,2879203,1359,5314713,-617,-2435510,31151,120703895,7852,30424930,23299,90278965
2024/08/05,臺股期貨,自營商,24318,98687803,22235,89888455,2083,8799348,8385,32504461,6718,26049979,1667,6454482
2024/08/06,臺股期貨,外資及陸資,187824,752132634,185445,743332664,2379,8799970,21454,87748608,56979,233061169,-35525,-145312561
2024/08/06,臺股期貨,投信,2557,10480167,616,2455319,1941,8024848,33294,136205754,8054,32948914,25240,103256840
2024/08/06,臺股期貨,自營商,18815,75501722,21900,87961699,-3085,-12459977,7438,30412304,8576,35073941,-1138,-4661637
2024/08/07,臺股期貨,外資及陸資,149124,616984810,147935,612388601,1189,4596210,24475,103485499,56407,238503115,-31932,-135017616
2024/08/07,臺股期貨,投信,1842,7800333,243,1030043,1599,6770289,34251,144826928,7412,31340901,26839,113486027
2024/08/07,臺股期貨,自營商,16778,69906798,17947,74802634,-1169,-4895836,5879,24855598,8210,34712983,-2331,-9857385
2024/08/08,臺股期貨,外資及陸資,122580,514369058,122432,513823843,148,545216,24700,102236769,56509,233901203,-31809,-131664434
2024/08/08,臺股期貨,投信,237,983227,368,1524895,-131,-541668,34459,142646476,7751,32085984,26708,110560492
2024/08/08,臺股期貨,自營商,12033,50346868,11147,46705234,886,3641634,6174,25549894,7518,31118513,-1344,-5568619
2024/08/09,臺股期貨,外資及陸資,125415,532630484,125612,533492093,-197,-861609,25921,111347616,57927,248815257,-32006,-137467641
2024/08/09,臺股期貨,投信,1642,7052497,376,1611133,1266,5441364,35696,153371434,7722,33178213,27974,120193221
2024/08/09,臺股期貨,自營商,12905,54962619,13772,58661258,-867,-3698639,6125,26288729,8264,35496471,-2139,-9207742
2024/08/12,臺股期貨,外資及陸資,93987,406743679,96693,418605770,-2706,-11862091,23616,102360740,58328,252807828,-34712,-150447088
2024/08/12,臺股期貨,投信,896,3885587,865,3756664,31,128923,36161,156765167,8155,35353332,28006,121411835
2024/08/12,臺股期貨,自營商,10312,44699289,10252,44471928,60,227361,6097,26412624,7858,34055541,-1761,-7642917
2024/08/13,臺股期貨,外資及陸資,69301,301581654,70469,306716229,-1168,-5134576,23221,101086277,59115,257343954,-35894,-156257677
2024/08/13,臺股期貨,投信,696,3029951,254,1105175,442,1924776,36123,157286716,7675,33418283,28448,123868433
2024/08/13,臺股期貨,自營商,7652,33281799,8498,36986797,-846,-3704999,5782,25159329,8250,35910868,-2468,-10751539
2024/08/14,臺股期貨,外資及陸資,72405,317997348,69684,306064030,2721,11933318,25718,113108140,58927,259144843,-33209,-146036703
2024/08/14,臺股期貨,投信,727,3197544,725,3189743,2,7801,36725,161560454,8275,36403122,28450,125157332
2024/08/14,臺股期貨,自營商,12120,53274545,11963,52622339,157,652206,7025,30874512,9342,41083854,-2317,-10209342
2024/08/15,臺股期貨,外資及陸資,76197,334709355,76140,334569019,57,140336,26406,115304291,59558,260052867,-33152,-144748576
2024/08/15,臺股期貨,投信,212,927537,1742,7636322,-1530,-6708784,35495,155040458,8575,37455158,26920,117585300
2024/08/15,臺股期貨,自營商,9975,43814747,9175,40323945,800,3490802,7157,31230153,8421,36768759,-1264,-5538606
2024/08/16,臺股期貨,外資及陸資,83016,369497045,84816,377570914,-1800,-8073869,26696,119361127,61648,275643572,-34952,-156282445
2024/08/16,臺股期貨,投信,4911,21941604,4356,19485707,555,2455897,35337,158033869,7862,35166152,27475,122867717
2024/08/16,臺股期貨,自營商,10959,48815058,12126,53966191,-1167,-5151132,6465,28898070,8259,36924902,-1794,-8026832
2024/08/19,臺股期貨,外資及陸資,99995,447275725,99698,445872290,297,1403435,27959,124932418,62614,279724133,-34655,-154791715
2024/08/19,臺股期貨,投信,21208,94926534,21111,94586411,97,340123,35132,156946287,7560,33773432,27572,123172855
2024/08/19,臺股期貨,自營商,11738,52498877,11011,49277974,727,3220903,7669,34257654,8466,37834155,-797,-3576501
2024/08/20,臺股期貨,外資及陸資,77743,349029761,78726,353423304,-983,-4393543,26344,118092251,61982,277805322,-35638,-159713071
2024/08/20,臺股期貨,投信,16801,75332845,16924,75957571,-123,-624727,35378,158523038,7929,35527068,27449,122995970
2024/08/20,臺股期貨,自營商,15395,69119426,14972,67181784,423,1937642,6572,29467392,6748,30241655,-176,-774263
2024/08/21,臺股期貨,外資及陸資,60616,270259550,62894,280389115,-2278,-10129565,19282,85619789,56283,249918990,-37001,-164299201
2024/08/21,臺股期貨,投信,1265,5624516,2178,9684042,-913,-4059526,35021,155507248,8485,37676794,26536,117830454
2024/08/21,臺股期貨,自營商,14274,63609690,13121,58482415,1153,5127275,4825,21424638,6197,27516777,-1372,-6092139
2024/08/22,臺股期貨,外資及陸資,64301,284793973,60389,267547322,3912,17246652,21587,95414401,54677,241672062,-33090,-146257661
2024/08/22,臺股期貨,投信,294,1299455,734,3243539,-440,-1944085,35053,154934260,8957,39589930,26096,115344330
2024/08/22,臺股期貨,自營商,6664,29510661,6060,26839647,604,2671014,5217,23058249,5997,26505322,-780,-3447073
2024/08/23,臺股期貨,外資及陸資,73404,323328406,75174,331272794,-1770,-7944388,19671,87036067,54531,241277394,-34860,-154241327
2024/08/23,臺股期貨,投信,206,911207,99,437252,107,473955,35062,155135325,8859,39197527,26203,115937798
2024/08/23,臺股期貨,自營商,8318,36638930,7221,31818150,1097,4820781,6271,27745466,5889,26053831,382,1691635
2024/08/26,臺股期貨,外資及陸資,76949,342995500,78329,349213601,-1380,-6218101,20892,92801809,57881,257106751,-36989,-164304942
2024/08/26,臺股期貨,投信,940,4174820,351,1558628,589,2616192,35940,159645480,9148,40635406,26792,119010074
2024/08/26,臺股期貨,自營商,8703,38801532,9085,40517488,-382,-1715955,6034,26801191,6016,26718995,18,82196
2024/08/27,臺股期貨,外資及陸資,53689,237493171,54202,239775596,-513,-2282425,19479,86299007,56981,252448009,-37502,-166149002
2024/08/27,臺股期貨,投信,556,2463972,1069,4735590,-513,-2271618,34902,154629821,8623,38203321,26279,116426500
2024/08/27,臺股期貨,自營商,7214,31895067,6294,27845859,920,4049208,6771,29996805,5843,25883490,928,4113315
2024/08/28,臺股期貨,外資及陸資,63276,281010260,63027,279964458,249,1045802,19696,88257339,56939,255142866,-37243,-166885527
2024/08/28,臺股期貨,投信,616,2758439,0,0,616,2758439,35315,158246515,8420,37730014,26895,120516501
2024/08/28,臺股期貨,自營商,9522,42281125,10429,46366477,-907,-4085352,5814,26050276,5887,26375234,-73,-324958
2024/08/29,臺股期貨,外資及陸資,75960,337593567,75688,336455284,272,1138283,18526,82132900,55497,246039987,-36971,-163907087
2024/08/29,臺股期貨,投信,229,1015327,1408,6239938,-1179,-5224611,33940,150469596,8224,36460278,25716,114009318
2024/08/29,臺股期貨,自營商,7803,34618581,7593,33699588,210,918994,6254,27725402,6126,27157032,128,568370
2024/08/30,臺股期貨,外資及陸資,65400,291977999,67983,303504733,-2583,-11526734,19235,85857039,58789,262410037,-39554,-176552998
2024/08/30,臺股期貨,投信,186,830092,101,450486,85,379606,33911,151365140,8110,36199792,25801,115165348
2024/08/30,臺股期貨,自營商,5479,24446989,6314,28185513,-835,-3738525,5504,24566126,6190,27626595,-686,-3060469
2024/09/02,臺股期貨,外資及陸資,64355,286609307,64496,287305606,-141,-696299,20011,88896554,60463,268600506,-40452,-179703952
2024/09/02,臺股期貨,投信,0,0,654,2905787,-654,-2905787,33326,148047422,8179,36334384,25147,111713038
2024/09/02,臺股期貨,自營商,6930,30863401,6178,27516505,752,3346896,6149,27315773,6049,26871396,100,444377
2024/09/03,臺股期貨,外資及陸資,46923,208078035,43714,193893875,3209,14184160,20736,91450159,57979,255698755,-37243,-164248596
2024/09/03,臺股期貨,投信,258,1139278,1326,5852501,-1068,-4713223,32023,141227835,7944,35034633,24079,106193202
2024/09/03,臺股期貨,自營商,6743,29888702,6556,29069472,187,819230,6111,26949474,5771,25448440,340,1501034
2024/09/04,臺股期貨,外資及陸資,125714,537052116,119486,510561970,6228,26490147,18873,79042156,49790,208522119,-30917,-129479963
2024/09/04,臺股期貨,投信,240,1006469,1893,7946346,-1653,-6939877,31222,130757736,8796,36837664,22426,93920072
2024/09/04,臺股期貨,自營商,17303,73782793,16286,69429277,1017,4353517,5874,24600944,4671,19564606,1203,5036338
2024/09/05,臺股期貨,外資及陸資,88569,376218965,84722,359875907,3847,16343058,21179,89728735,46848,198478044,-25669,-108749309
2024/09/05,臺股期貨,投信,203,860216,149,629166,54,231050,31225,132287835,8745,37049081,22480,95238754
2024/09/05,臺股期貨,自營商,8581,36461946,9503,40374150,-922,-3912205,4244,17980516,4273,18104347,-29,-123831
2024/09/06,臺股期貨,外資及陸資,84204,358500171,87221,371361477,-3017,-12861306,19885,84772938,47416,202142885,-27531,-117369947
2024/09/06,臺股期貨,投信,834,3555745,173,737503,661,2818243,32025,136528980,8884,37874263,23141,98654717
2024/09/06,臺股期貨,自營商,8537,36306333,8694,37023941,-157,-717608,4474,19073192,4769,20330792,-295,-1257600
2024/09/09,臺股期貨,外資及陸資,117414,492754797,117922,495218445,-508,-2463649,18504,78022810,46601,196495997,-28097,-118473187
2024/09/09,臺股期貨,投信,492,2075569,328,1384444,164,691125,32120,135437089,8815,37169321,23305,98267768
2024/09/09,臺股期貨,自營商,13246,55601062,11754,49368888,1492,6232174,5568,23477208,4400,18552000,1168,4925208
2024/09/10,臺股期貨,外資及陸資,82603,349206176,81412,344268514,1191,4937662,17832,74910814,44797,188189592,-26965,-113278778
2024/09/10,臺股期貨,投信,740,3109166,45,189396,695,2919770,32506,136557623,8506,35733698,24000,100823925
2024/09/10,臺股期貨,自營商,9239,39038045,10011,42294452,-772,-3256407,5799,24360720,5368,22550358,431,1810362
2024/09/11,臺股期貨,外資及陸資,78281,329113035,78906,331791476,-625,-2678441,17981,75543059,45708,192030758,-27727,-116487699
2024/09/11,臺股期貨,投信,442,1857010,88,369440,354,1487570,32713,137433978,8359,35117837,24354,102316141
2024/09/11,臺股期貨,自營商,9972,41931264,9973,41955628,-1,-24364,6042,25384461,5620,23610999,422,1773462
2024/09/12,臺股期貨,外資及陸資,108080,462593934,110865,474674728,-2785,-12080794,21256,92275720,51626,224103449,-30370,-131827729
2024/09/12,臺股期貨,投信,2151,9336742,1899,8240412,252,1096331,32785,142309813,8179,35501767,24606,106808046
2024/09/12,臺股期貨,自營商,13152,56508524,13031,55960397,121,548127,6065,26327593,5506,23901537,559,2426056
2024/09/13,臺股期貨,外資及陸資,87514,380324758,88951,386609975,-1437,-6285216,23199,101243524,54979,239926258,-31780,-138682734
2024/09/13,臺股期貨,投信,15462,67257963,15371,66839160,91,418802,32814,143200532,8117,35423188,24697,107777344
2024/09/13,臺股期貨,自營商,8281,36005633,7833,34063830,448,1941803,6421,28020301,5403,23577410,1018,4442891
2024/09/16,臺股期貨,外資及陸資,77495,338208306,77970,340338553,-475,-2130246,23854,104127827,56130,245046554,-32276,-140918727
2024/09/16,臺股期貨,投信,22660,98950493,22955,100185314,-295,-1234821,32393,141452020,7991,34894749,24402,106557271
2024/09/16,臺股期貨,自營商,9621,41987320,9875,43103353,-254,-1116033,5659,24700034,5281,23051045,378,1648989
2024/09/18,臺股期貨,外資及陸資,59691,259470217,61023,265273209,-1332,-5802992,16733,72601193,47210,204834946,-30477,-132233753
2024/09/18,臺股期貨,投信,1197,5204574,768,3341383,429,1863191,32809,142351689,7978,34614946,24831,107736743
2024/09/18,臺股期貨,自營商,16687,72512024,14489,62997626,2198,9514397,3850,16704825,3436,14909217,414,1795608
2024/09/19,臺股期貨,外資及陸資,76483,333755673,76306,333149386,177,606287,19102,84335437,49366,217951099,-30264,-133615662
2024/09/19,臺股期貨,投信,1491,6581738,74,321591,1417,6260147,33661,148613315,7413,32728395,26248,115884920
2024/09/19,臺股期貨,自營商,6740,29465956,7746,33924081,-1006,-4458125,3650,16114376,4251,18767495,-601,-2653119
2024/09/20,臺股期貨,外資及陸資,60685,270286168,61579,274260908,-894,-3974741,21336,94800334,53281,236738683,-31945,-141938349
2024/09/20,臺股期貨,投信,610,2714159,1291,5740096,-681,-3025937,32717,145368174,7150,31768880,25567,113599294
2024/09/20,臺股期貨,自營商,6467,28812431,7522,33526515,-1055,-4714084,3343,14853525,5026,22330878,-1683,-7477353
2024/09/23,臺股期貨,外資及陸資,45135,200939012,48969,218030806,-3834,-17091794,19303,86238532,55165,246456470,-35862,-160217938
2024/09/23,臺股期貨,投信,337,1506364,380,1698018,-43,-191654,32610,145688436,7086,31657414,25524,114031022
2024/09/23,臺股期貨,自營商,5962,26561607,6054,26990787,-92,-429180,3762,16807648,5569,24880229,-1807,-8072581
2024/09/24,臺股期貨,外資及陸資,57169,255052023,53167,237233934,4002,17818089,20374,91656344,52123,234482228,-31749,-142825884
2024/09/24,臺股期貨,投信,598,2688490,841,3783571,-243,-1095080,32005,143977693,6724,30248586,25281,113729107
2024/09/24,臺股期貨,自營商,8760,39092322,8733,39013576,27,78746,3534,15898061,5344,24039345,-1810,-8141284
2024/09/25,臺股期貨,外資及陸資,59379,270130603,61928,281753415,-2549,-11622811,21780,99284747,56070,255592413,-34290,-156307666
2024/09/25,臺股期貨,投信,392,1787749,156,711099,236,1076650,32020,145959968,6503,29643275,25517,116316693
2024/09/25,臺股期貨,自營商,9398,42794908,9500,43265543,-102,-470635,3697,16853455,5639,25705554,-1942,-8852099
2024/09/26,臺股期貨,外資及陸資,55902,256606224,58611,269039060,-2709,-12432836,21230,97480011,58311,267734636,-37081,-170254625
2024/09/26,臺股期貨,投信,389,1786418,274,1257590,115,528828,31924,146575854,6292,28889089,25632,117686765
2024/09/26,臺股期貨,自營商,6461,29673451,5960,27381234,501,2292217,4288,19689801,5820,26723536,-1532,-7033735
2024/09/27,臺股期貨,外資及陸資,78490,363123167,77609,359024878,881,4098289,24136,110508715,60373,276418281,-36237,-165909566
2024/09/27,臺股期貨,投信,50,228970,398,1822727,-348,-1593757,31526,144338638,6242,28578373,25284,115760265
2024/09/27,臺股期貨,自營商,7801,36043189,7829,36199457,-28,-156268,4353,19932459,5761,26377066,-1408,-6444607
2024/09/30,臺股期貨,外資及陸資,83806,380223548,83324,378176158,482,2047389,22229,99261681,59431,265382046,-37202,-166120365
2024/09/30,臺股期貨,投信,133,594813,686,3065198,-553,-2470385,31315,139827738,6584,29398877,24731,110428861
2024/09/30,臺股期貨,自營商,9739,44099882,9395,42522339,344,1577544,4702,20999999,5526,24677660,-824,-3677661
2024/10/01,臺股期貨,外資及陸資,64563,287826201,66060,294513958,-1497,-6687757,21752,97412920,61231,274211573,-39479,-176798653
2024/10/01,臺股期貨,投信,260,1164252,101,451458,159,712794,31556,141314079,6666,29851681,24890,111462398
2024/10/01,臺股期貨,自營商,6236,27820351,6049,27010080,187,810271,4879,21852022,5638,25250201,-759,-3398179
2024/10/04,臺股期貨,外資及陸資,86271,383612257,83879,373019043,2392,10593214,22503,100315842,59503,265251440,-37000,-164935598
2024/10/04,臺股期貨,投信,181,807809,440,1962145,-259,-1154336,31397,139955267,6766,30160122,24631,109795145
2024/10/04,臺股期貨,自營商,10661,47468901,11085,49407110,-424,-1938209,4371,19487514,5502,24528604,-1131,-5041090
2024/10/07,臺股期貨,外資及陸資,72375,326784821,77357,349334777,-4982,-22549956,21579,98269055,63725,290182965,-42146,-191913910
2024/10/07,臺股期貨,投信,750,3413277,106,476968,644,2936310,31762,144625128,6487,29537906,25275,115087222
2024/10/07,臺股期貨,自營商,9653,43683172,8788,39761582,865,3921589,5420,24684619,5773,26292172,-353,-1607553
2024/10/08,臺股期貨,外資及陸資,63921,288511438,62865,283751824,1056,4759614,19156,86516018,60246,272070965,-41090,-185554947
2024/10/08,臺股期貨,投信,164,741874,31,139979,133,601895,31884,143975534,6476,29243026,25408,114732508
2024/10/08,臺股期貨,自營商,8977,40491586,8653,39050379,324,1441206,5228,23615221,5220,23579808,8,35413
2024/10/09,臺股期貨,外資及陸資,55930,254341210,55521,252479403,409,1861807,20073,91143773,60523,274787203,-40450,-183643430
2024/10/09,臺股期貨,投信,342,1553177,228,1034308,114,518869,31862,144647360,6340,28782332,25522,115865028
2024/10/09,臺股期貨,自營商,8227,37438832,8955,40753644,-728,-3314812,4737,21513073,5357,24327397,-620,-2814324
2024/10/11,臺股期貨,外資及陸資,61523,281207869,62991,287980938,-1468,-6773069,23024,105569775,64873,297329084,-41849,-191759309
2024/10/11,臺股期貨,投信,737,3386289,697,3196951,40,189339,31732,145407708,6170,28272174,25562,117135534
2024/10/11,臺股期貨,自營商,8400,38458928,8435,38627048,-35,-168120,4949,22688990,5642,25870097,-693,-3181107
2024/10/14,臺股期貨,外資及陸資,84195,386873226,81417,374271491,2778,12601735,24855,114527707,63926,294429398,-39071,-179901691
2024/10/14,臺股期貨,投信,19546,90072510,19576,90061703,-30,10807,31574,145464986,6042,27837777,25532,117627209
2024/10/14,臺股期貨,自營商,9853,45265577,10599,48723615,-746,-3458038,4249,19568423,5600,25797407,-1351,-6228984
2024/10/15,臺股期貨,外資及陸資,74351,345788316,74429,346186555,-78,-398239,26468,123197441,65517,304884892,-39049,-181687451
2024/10/15,臺股期貨,投信,14771,69017910,14707,68613933,64,403977,31465,146517184,5869,27335454,25596,119181730
2024/10/15,臺股期貨,自營商,11016,51226182,11767,54768209,-751,-3542027,4294,19975068,6558,30513984,-2264,-10538916
2024/10/16,臺股期貨,外資及陸資,80622,371619982,82366,379703151,-1744,-8083169,21018,96939904,53335,245996614,-32317,-149056710
2024/10/16,臺股期貨,投信,521,2412278,1269,5866048,-748,-3453771,28686,132305569,6046,27885361,22640,104420208
2024/10/16,臺股期貨,自營商,19422,89536104,17680,81497004,1742,8039100,3490,16100638,4962,22891516,-1472,-6790878
2024/10/17,臺股期貨,外資及陸資,55615,257468780,57536,266360898,-1921,-8892117,17962,83545749,52378,243627850,-34416,-160082101
2024/10/17,臺股期貨,投信,632,2939623,131,607709,501,2331914,29078,135247594,5937,27614174,23141,107633420
2024/10/17,臺股期貨,自營商,5362,24822528,6014,27857481,-652,-3034953,3636,16916877,5855,27238207,-2219,-10321330
2024/10/18,臺股期貨,外資及陸資,91110,432320896,85313,404790772,5797,27530124,22163,104862874,50922,240938475,-28759,-136075601
2024/10/18,臺股期貨,投信,595,2813434,179,848735,416,1964698,29339,138814545,5782,27356955,23557,111457590
2024/10/18,臺股期貨,自營商,8764,41570742,10907,51733199,-2143,-10162456,3987,18868924,8363,39574943,-4376,-20706019
2024/10/21,臺股期貨,外資及陸資,45545,216248828,50089,237809606,-4544,-21560778,19482,91854366,53061,250179025,-33579,-158324659
2024/10/21,臺股期貨,投信,263,1247605,996,4696250,-733,-3448645,28568,134692406,5744,27081811,22824,107610595
2024/10/21,臺股期貨,自營商,5856,27756632,4517,21436712,1339,6319921,4824,22749207,7924,37367074,-3100,-14617867
2024/10/22,臺股期貨,外資及陸資,58692,276104911,58844,276848462,-152,-743551,17230,81398916,52135,246305995,-34905,-164907079
2024/10/22,臺股期貨,投信,325,1533101,182,857011,143,676090,28732,135735714,5765,27235013,22967,108500701
2024/10/22,臺股期貨,自營商,7852,36922000,6900,32467133,952,4454867,5436,25687510,7578,35810616,-2142,-10123106
2024/10/23,臺股期貨,外資及陸資,51811,243339055,52623,247160111,-812,-3821056,16406,76810857,52501,245810831,-36095,-168999974
2024/10/23,臺股期貨,投信,250,1170667,682,3194090,-432,-2023423,28289,132443440,5754,26939077,22535,105504363
2024/10/23,臺股期貨,自營商,7552,35424272,6307,29587314,1245,5836958,6106,28594575,7000,32784025,-894,-4189450
2024/10/24,臺股期貨,外資及陸資,65637,306203395,65119,303792030,518,2411365,15510,72246899,51021,237668871,-35511,-165421972
2024/10/24,臺股期貨,投信,0,0,475,2212436,-475,-2212436,27953,130205074,5893,27449594,22060,102755480
2024/10/24,臺股期貨,自營商,7526,35101065,6977,32547276,549,2553788,6714,31283636,7092,33048504,-378,-1764868
2024/10/25,臺股期貨,外資及陸資,45837,214031108,47911,223735773,-2074,-9704664,15950,74889704,53442,250933431,-37492,-176043727
2024/10/25,臺股期貨,投信,386,1808390,43,201641,343,1606749,28197,132390554,5794,27203989,22403,105186565
2024/10/25,臺股期貨,自營商,4639,21671394,4932,23044713,-293,-1373319,6286,29524109,6955,32667793,-669,-3143684
2024/10/28,臺股期貨,外資及陸資,63714,299035367,64919,304793994,-1205,-5758627,14951,69738919,55293,257924608,-40342,-188185689
2024/10/28,臺股期貨,投信,183,854714,286,1334141,-103,-479428,28137,131242223,5837,27226103,22300,104016120
2024/10/28,臺股期貨,自營商,7747,36342761,7361,34519335,386,1823426,6841,31919607,7084,33054827,-243,-1135220
2024/10/29,臺股期貨,外資及陸資,76941,353679971,77695,357157753,-754,-3477782,14455,66433555,55329,254295804,-40874,-187862249
2024/10/29,臺股期貨,投信,661,3035326,306,1406947,355,1628378,28785,132290103,6130,28172254,22655,104117849
2024/10/29,臺股期貨,自營商,11725,53763195,10757,49357804,968,4405391,7913,36377191,7172,32973062,741,3404129
2024/10/30,臺股期貨,外資及陸資,55633,255970544,53813,247644348,1820,8326196,15606,71480225,54381,249096958,-38775,-177616733
2024/10/30,臺股期貨,投信,810,3720167,646,2965644,164,754523,28952,132608067,6133,28090367,22819,104517700
2024/10/30,臺股期貨,自營商,5950,27383502,7057,32478992,-1107,-5095490,6996,32056049,7393,33875173,-397,-1819124
2024/11/01,臺股期貨,外資及陸資,73662,333782768,74328,336711245,-666,-2928477,14375,65457906,53651,244333356,-39276,-178875450
2024/11/01,臺股期貨,投信,937,4260283,74,335485,863,3924798,29781,135609416,6099,27771187,23682,107838229
2024/11/01,臺股期貨,自營商,8385,37889665,8085,36615011,300,1274653,6778,30882988,6890,31385665,-112,-502677
2024/11/04,臺股期貨,外資及陸資,56783,259817873,56722,259593727,61,224147,14602,67274342,53719,247496040,-39117,-180221698
2024/11/04,臺股期貨,投信,827,3805192,26,118780,801,3686412,30423,140164846,5940,27366768,24483,112798078
2024/11/04,臺股期貨,自營商,5597,25619417,6052,27711006,-455,-2091589,6649,30636813,7164,33013338,-515,-2376525
2024/11/05,臺股期貨,外資及陸資,58849,270653359,60594,278707244,-1745,-8053885,13110,60666151,54416,251819620,-41306,-191153469
2024/11/05,臺股期貨,投信,987,4565824,318,1469788,669,3096035,31330,144977934,6178,28588077,25152,116389857
2024/11/05,臺股期貨,自營商,7337,33748502,7278,33507349,59,241153,6758,31281887,7227,33451399,-469,-2169512
2024/11/06,臺股期貨,外資及陸資,73933,343612621,77185,358749508,-3252,-15136886,12109,56475005,56734,264613226,-44625,-208138221
2024/11/06,臺股期貨,投信,585,2727229,202,942031,383,1785198,31831,148455045,6296,29363285,25535,119091760
2024/11/06,臺股期貨,自營商,9942,46224546,8556,39803068,1386,6421478,7722,36024609,6864,32022990,858,4001619
2024/11/07,臺股期貨,外資及陸資,76754,357749502,78214,364648103,-1460,-6898600,12193,57369703,58139,273566213,-45946,-216196510
2024/11/07,臺股期貨,投信,479,2250841,314,1477204,165,773637,31814,149686904,6114,28766370,25700,120920534
2024/11/07,臺股期貨,自營商,7255,33871287,7362,34387840,-107,-516553,7683,36162164,6977,32838251,706,3323913
2024/11/08,臺股期貨,外資及陸資,53427,252762242,52124,246592958,1303,6169285,13436,63886595,56264,267541721,-42828,-203655126
2024/11/08,臺股期貨,投信,149,708272,469,2226650,-320,-1518378,31398,149292702,6018,28614386,25380,120678316
2024/11/08,臺股期貨,自營商,6115,28952129,6795,32162362,-680,-3210233,6838,32524950,6949,33049899,-111,-524949
2024/11/11,臺股期貨,外資及陸資,61405,289096703,67137,316075161,-5732,-26978458,10275,48442251,61973,292190541,-51698,-243748290
2024/11/11,臺股期貨,投信,300,1414269,102,479253,198,935016,31617,149057219,6039,28470262,25578,120586957
2024/11/11,臺股期貨,自營商,9631,45301031,7327,34489419,2304,10811612,8806,41529246,6556,30918753,2250,10610493
2024/11/12,臺股期貨,外資及陸資,71877,332711526,69555,321964986,2322,10746540,10642,48691074,60147,275211703,-49505,-226520629
2024/11/12,臺股期貨,投信,443,2030280,764,3500191,-321,-1469911,31348,143420219,6091,27866325,25257,115553894
2024/11/12,臺股期貨,自營商,11422,52853157,10991,50820253,431,2032904,8355,38241749,5686,26028345,2669,12213404
2024/11/13,臺股期貨,外資及陸資,73472,335650653,69059,315542302,4413,20108351,12477,56864210,57271,261030627,-44794,-204166417
2024/11/13,臺股期貨,投信,345,1574376,7,31929,338,1542448,31551,143787077,5956,27142683,25595,116644394
2024/11/13,臺股期貨,自營商,9555,43672514,10315,47156556,-760,-3484042,7581,34563277,5741,26174412,1840,8388865
2024/11/14,臺股期貨,外資及陸資,77549,353465336,79946,364459358,-2397,-10994022,11433,51892207,58681,266354169,-47248,-214461962
2024/11/14,臺股期貨,投信,764,3471279,215,976508,549,2494771,32111,145736260,5967,27080633,26144,118655627
2024/11/14,臺股期貨,自營商,11137,50717098,10262,46745377,875,3971720,8288,37628664,5529,25105948,2759,12522716
2024/11/15,臺股期貨,外資及陸資,65317,297745299,63416,289099830,1901,8645469,14280,65025876,59464,270777703,-45184,-205751827
2024/11/15,臺股期貨,投信,2119,9675160,2267,10338901,-148,-663741,31926,145357238,5930,26996110,25996,118361128
2024/11/15,臺股期貨,自營商,6533,29785119,7828,35707514,-1295,-5922395,6754,30765336,5289,24092914,1465,6672422
2024/11/18,臺股期貨,外資及陸資,89921,407099228,91285,413373027,-1364,-6273799,14451,65293941,61034,275761600,-46583,-210467659
2024/11/18,臺股期貨,投信,19216,86984111,18765,84856298,451,2127813,32550,147081557,6103,27576747,26447,119504810
2024/11/18,臺股期貨,自營商,11143,50452050,11173,50595673,-30,-143623,6647,30028518,5060,22871181,1587,7157337
2024/11/19,臺股期貨,外資及陸資,88169,400520599,85050,386590796,3119,13929803,17897,81904707,59266,271270796,-41369,-189366089
2024/11/19,臺股期貨,投信,16997,77798494,16424,75089955,573,2708539,32961,150928212,5941,27203463,27020,123724749
2024/11/19,臺股期貨,自營商,13283,60418359,16553,75311126,-3270,-14892767,4159,19025737,5950,27236693,-1791,-8210956
2024/11/20,臺股期貨,外資及陸資,63038,287598186,69264,316065108,-6226,-28466922,12239,55758662,54124,246582950,-41885,-190824288
2024/11/20,臺股期貨,投信,402,1833520,718,3273885,-316,-1440364,32730,149111334,6026,27453251,26704,121658083
2024/11/20,臺股期貨,自營商,17870,81527144,14924,68106779,2946,13420364,4424,20161810,5437,24782113,-1013,-4620303
2024/11/21,臺股期貨,外資及陸資,60354,273305657,59832,270913663,522,2391994,11141,50302089,54848,247642514,-43707,-197340425
2024/11/21,臺股期貨,投信,733,3312882,593,2680417,140,632465,32949,148764735,6105,27564075,26844,121200660
2024/11/21,臺股期貨,自營商,6190,28012524,6412,29023307,-222,-1010783,4403,19886466,5675,25635560,-1272,-5749094
2024/11/22,臺股期貨,外資及陸資,80639,367160181,77033,350778100,3606,16382081,12771,58828740,50973,234805759,-38202,-175977019
2024/11/22,臺股期貨,投信,507,2334211,430,1979081,77,355129,32900,151550560,5979,27541666,26921,124008894
2024/11/22,臺股期貨,自營商,7395,33758933,9172,41904797,-1777,-8145864,3704,17069176,6973,32130817,-3269,-15061641
2024/11/25,臺股期貨,外資及陸資,49832,230252178,56378,260507713,-6546,-30255536,12115,55879784,58458,269637348,-46343,-213757564
2024/11/25,臺股期貨,投信,143,659587,382,1763740,-239,-1104153,32661,150645596,5979,27577540,26682,123068056
2024/11/25,臺股期貨,自營商,5819,26898837,5353,24769316,466,2129521,4306,19869339,7050,32529137,-2744,-12659798
2024/11/26,臺股期貨,外資及陸資,56883,259383389,57343,261512273,-460,-2128883,11634,52665694,60096,272050443,-48462,-219384749
2024/11/26,臺股期貨,投信,116,527813,981,4450779,-865,-3922966,31976,144748957,6159,27880561,25817,116868396
2024/11/26,臺股期貨,自營商,7995,36407030,6624,30184281,1371,6222749,4672,21158247,6067,27478230,-1395,-6319983
2024/11/27,臺股期貨,外資及陸資,55947,252513428,52729,238098473,3218,14414955,12975,58004929,58313,260693251,-45338,-202688322
2024/11/27,臺股期貨,投信,294,1317748,375,1678648,-81,-360900,32025,143164560,6289,28114346,25736,115050214
2024/11/27,臺股期貨,自營商,8354,37674975,7861,35442551,493,2232425,5046,22567369,5765,25785939,-719,-3218570
2024/11/28,臺股期貨,外資及陸資,63329,282154529,65340,291187893,-2011,-9033364,12212,54540786,59472,265613826,-47260,-211073040
2024/11/28,臺股期貨,投信,1369,6107390,124,553188,1245,5554202,33293,148686538,6312,28189392,26981,120497146
2024/11/28,臺股期貨,自營商,7319,32608283,7736,34490959,-417,-1882676,4926,22010523,5899,26359859,-973,-4349336
2024/11/29,臺股期貨,外資及陸資,51468,229072783,49237,219095980,2231,9976803,12597,56202633,57456,256346974,-44859,-200144341
2024/11/29,臺股期貨,投信,359,1599921,188,839276,171,760645,33503,149470284,6351,28334351,27152,121135933
2024/11/29,臺股期貨,自營商,6580,29254483,6291,28029083,289,1225401,5169,23072115,5882,26256295,-713,-3184180
2024/12/02,臺股期貨,外資及陸資,56146,253138342,51166,230715390,4980,22422952,15865,72416517,53374,243632310,-37509,-171215793
2024/12/02,臺股期貨,投信,862,3932009,431,1964476,431,1967533,33681,153733556,6098,27833711,27583,125899845
2024/12/02,臺股期貨,自營商,5741,25922743,7339,33182450,-1598,-7259707,4821,22016651,7147,32635119,-2326,-10618468
2024/12/03,臺股期貨,外資及陸資,48854,225102889,50382,232137603,-1528,-7034714,14441,66753107,53276,246267183,-38835,-179514076
2024/12/03,臺股期貨,投信,861,3977484,288,1330308,573,2647176,33985,157085467,5829,26942804,28156,130142663
2024/12/03,臺股期貨,自營商,7071,32611636,7982,36810491,-911,-4198855,4330,20026942,7554,34928354,-3224,-14901412
2024/12/04,臺股期貨,外資及陸資,47736,220611727,48546,224415292,-810,-3803565,13991,65163666,52778,245815366,-38787,-180651700
2024/12/04,臺股期貨,投信,172,800769,672,3119608,-500,-2318840,33393,155517880,5737,26718356,27656,128799524
2024/12/04,臺股期貨,自營商,8029,37165813,6821,31570964,1208,5594849,4611,21489379,6622,30853486,-2011,-9364107
2024/12/05,臺股期貨,外資及陸資,39081,181946844,38502,179258318,579,2688526,14579,67804103,52787,245503221,-38208,-177699118
2024/12/05,臺股期貨,投信,177,824109,494,2298101,-317,-1473992,33089,153877086,5750,26739800,27339,127137286
2024/12/05,臺股期貨,自營商,4842,22540325,4365,20327030,477,2213295,4733,22026596,6283,29232616,-1550,-7206020
2024/12/06,臺股期貨,外資及陸資,43837,204095506,41812,194693167,2025,9402340,15880,73625788,52063,241388295,-36183,-167762507
2024/12/06,臺股期貨,投信,95,441000,625,2899072,-530,-2458072,32563,150962068,5754,26675544,26809,124286524
2024/12/06,臺股期貨,自營商,4656,21659383,4930,22947119,-274,-1287736,4622,21444470,6440,29870579,-1818,-8426109
2024/12/09,臺股期貨,外資及陸資,38983,181170416,40469,188077176,-1486,-6906760,15082,70140715,52660,244900583,-37578,-174759868
2024/12/09,臺股期貨,投信,46,213933,383,1779644,-337,-1565711,32232,149878800,5760,26784000,26472,123094800
2024/12/09,臺股期貨,自營商,4113,19112940,3941,18316129,172,796811,4970,23131496,6636,30875350,-1666,-7743854
2024/12/10,臺股期貨,外資及陸資,55457,257678970,54924,255130608,533,2548362,18172,83889400,55562,256493531,-37390,-172604131
2024/12/10,臺股期貨,投信,235,1084932,610,2816149,-375,-1731216,31951,147473036,5854,27019722,26097,120453314
2024/12/10,臺股期貨,自營商,8319,38612421,7523,34961865,796,3650556,6029,27852769,6913,31932254,-884,-4079485
2024/12/11,臺股期貨,外資及陸資,47540,218311508,49825,228806351,-2285,-10494843,19117,87369629,59085,270035418,-39968,-182665789
2024/12/11,臺股期貨,投信,316,1445730,474,2168604,-158,-722874,31808,145343475,5869,26818053,25939,118525422
2024/12/11,臺股期貨,自營商,8875,40715206,7688,35291533,1187,5423673,7099,32468053,6848,31316883,251,1151170
2024/12/12,臺股期貨,外資及陸資,46792,215734234,46324,213587792,468,2146442,20878,96509665,60293,278701095,-39415,-182191430
2024/12/12,臺股期貨,投信,571,2639113,239,1104496,332,1534617,32098,148338727,5827,26929551,26271,121409176
2024/12/12,臺股期貨,自營商,6218,28699290,6682,30848058,-464,-2148768,6724,31108128,6928,32045352,-204,-937224
2024/12/13,臺股期貨,外資及陸資,56506,259866429,58186,267616469,-1680,-7750040,19380,89129076,61541,282992038,-42161,-193862962
2024/12/13,臺股期貨,投信,235,1082014,255,1173171,-20,-91157,32036,147265182,5785,26592801,26251,120672381
2024/12/13,臺股期貨,自營商,8244,37931183,7879,36248064,365,1683118,7839,36078327,7670,35287185,169,791142
2024/12/16,臺股期貨,外資及陸資,89116,411680485,88061,406981729,1055,4698757,18780,86355710,59850,275207743,-41070,-188852033
2024/12/16,臺股期貨,投信,21255,98148635,21271,98080117,-16,68518,32019,147243556,5784,26598624,26235,120644932
2024/12/16,臺股期貨,自營商,11967,55294424,12515,57855825,-548,-2561401,6335,29142601,6780,31184237,-445,-2041636
2024/12/17,臺股期貨,外資及陸資,76096,351622292,75041,346856304,1055,4765988,22263,102730862,62025,286278359,-39762,-183547497
2024/12/17,臺股期貨,投信,15664,72471496,15580,71972861,84,498635,32052,148043101,5729,26462816,26323,121580285
2024/12/17,臺股期貨,自營商,10375,47940387,11549,53384985,-1174,-5444598,5341,24646434,7098,32765710,-1757,-8119276
2024/12/18,臺股期貨,外資及陸資,65144,299943616,63427,292112414,1717,7831203,16620,77047273,51338,237994243,-34718,-160946970
2024/12/18,臺股期貨,投信,1204,5560498,1204,5544333,0,16165,32052,148586662,5729,26558498,26323,122028164
2024/12/18,臺股期貨,自營商,13040,60054008,13971,64391997,-931,-4337989,3537,16403930,5340,24767276,-1803,-8363346
2024/12/19,臺股期貨,外資及陸資,64790,297522229,66503,305603996,-1713,-8081767,13025,59529875,51628,235962100,-38603,-176432225
2024/12/19,臺股期貨,投信,172,786520,1421,6495097,-1249,-5708577,30892,141188797,5818,26590587,25074,114598210
2024/12/19,臺股期貨,自營商,7777,35701644,6891,31622051,886,4079593,4832,22092410,5755,26318660,-923,-4226250
2024/12/20,臺股期貨,外資及陸資,62677,285528739,60637,276268245,2040,9260495,11760,53228734,48323,218721602,-36563,-165492868
2024/12/20,臺股期貨,投信,749,3392058,491,2226589,258,1165469,31455,142371621,6123,27713923,25332,114657698
2024/12/20,臺股期貨,自營商,6921,31473714,7082,32210612,-161,-736898,4695,21260016,5765,26113595,-1070,-4853579
2024/12/23,臺股期貨,外資及陸資,65601,300564476,63028,288823604,2573,11740871,13465,62566797,46411,215654447,-32946,-153087650
2024/12/23,臺股期貨,投信,669,3106840,82,379769,587,2727071,31798,147752587,5879,27317361,25919,120435226
2024/12/23,臺股期貨,自營商,6743,30991873,9713,44656781,-2970,-13664908,3172,14746873,7400,34398169,-4228,-19651296
2024/12/24,臺股期貨,外資及陸資,43426,202168537,46043,214363432,-2617,-12194895,12255,56865845,48305,224147004,-36050,-167281159
2024/12/24,臺股期貨,投信,489,2271176,661,3066557,-172,-795382,31601,146634960,5854,27163731,25747,119471229
2024/12/24,臺股期貨,自營商,6220,28960977,4935,22993438,1285,5967539,3540,16436560,6499,30174859,-2959,-13738299
2024/12/25,臺股期貨,外資及陸資,22322,104018339,23145,107849118,-823,-3830779,12625,58898718,49498,230920138,-36873,-172021420
2024/12/25,臺股期貨,投信,401,1870703,301,1404063,100,466640,31632,147569606,5785,26988182,25847,120581424
2024/12/25,臺股期貨,自營商,5251,24474785,4865,22679363,386,1795423,3455,16128124,6037,28180828,-2582,-12052704
2024/12/26,臺股期貨,外資及陸資,14618,68212745,16274,75942253,-1656,-7729508,12820,59808582,51503,240274121,-38683,-180465539
2024/12/26,臺股期貨,投信,307,1431756,256,1193950,51,237806,31684,147812197,5786,26992847,25898,120819350
2024/12/26,臺股期貨,自營商,2583,12055300,2116,9878352,467,2176948,3724,17384245,5861,27361680,-2137,-9977435
2024/12/27,臺股期貨,外資及陸資,35025,163090549,32966,153523866,2059,9566683,13611,63624353,50076,234078011,-36465,-170453658
2024/12/27,臺股期貨,投信,244,1140271,99,462686,145,677585,31807,148678641,5764,26943242,26043,121735399
2024/12/27,臺股期貨,自營商,3493,16268958,4295,20011238,-802,-3742279,3070,14362830,5988,28008845,-2918,-13646015
2024/12/30,臺股期貨,外資及陸資,39394,182981004,41725,193848224,-2331,-10867220,12554,58178836,51807,240088174,-39253,-181909338
2024/12/30,臺股期貨,投信,22,101973,397,1839963,-375,-1737990,31519,146065350,5851,27114704,25668,118950646
2024/12/30,臺股期貨,自營商,4887,22707047,3801,17664273,1086,5042774,3705,17184023,5524,25622129,-1819,-8438106
2024/12/31,臺股期貨,外資及陸資,43674,201208345,45000,207284011,-1326,-6075665,10700,49317033,52464,241802508,-41764,-192485475
2024/12/31,臺股期貨,投信,367,1692768,541,2492769,-174,-800001,31352,144495098,5858,26998350,25494,117496748
2024/12/31,臺股期貨,自營商,6831,31462786,5913,27262639,918,4200146,4516,20828860,5404,24930904,-888,-4102044
2025/01/02,臺股期貨,外資及陸資,53954,247269702,55016,252113746,-1062,-4844043,9023,41227315,52279,238858361,-43256,-197631046
2025/01/02,臺股期貨,投信,222,1012369,265,1210788,-43,-198418,31482,143828665,6031,27553227,25451,116275438
2025/01/02,臺股期貨,自營商,11870,54326275,10063,46060116,1807,8266158,6301,28809032,5365,24539798,936,4269234
2025/01/03,臺股期貨,外資及陸資,60097,275760992,57188,262405622,2909,13355370,9809,45082603,49783,228792830,-39974,-183710227
2025/01/03,臺股期貨,投信,260,1194939,35,161395,225,1033544,31595,145191663,5919,27200173,25676,117991490
2025/01/03,臺股期貨,自營商,7072,32496382,8779,40333622,-1707,-7837240,5069,23320118,5829,26811410,-760,-3491292
2025/01/06,臺股期貨,外資及陸資,55329,258198837,51375,239680019,3954,18518818,15770,74464784,48632,229621317,-32862,-155156533
2025/01/06,臺股期貨,投信,880,4144692,38,178465,842,3966227,31853,150384384,5335,25187602,26518,125196782
2025/01/06,臺股期貨,自營商,8007,37433140,10190,47670476,-2183,-10237336,3769,17819557,6686,31584476,-2917,-13764919
2025/01/07,臺股期貨,外資及陸資,57051,272065205,54535,260027780,2516,12037425,18069,85816364,48415,229919800,-30346,-144103436
2025/01/07,臺股期貨,投信,197,939628,912,4329461,-715,-3389833,31059,147480556,5256,24957590,25803,122522966
2025/01/07,臺股期貨,自營商,8691,41406223,9125,43511063,-434,-2104841,3644,17333617,7002,33271533,-3358,-15937916
2025/01/08,臺股期貨,外資及陸資,53004,250333626,59294,280091900,-6290,-29758274,17576,82451777,55028,258105756,-37452,-175653979
2025/01/08,臺股期貨,投信,26,122166,484,2270178,-458,-2148013,30748,144201997,5403,25338989,25345,118863008
2025/01/08,臺股期貨,自營商,10592,49994034,8590,40540991,2002,9453042,4990,23432397,6447,30262894,-1457,-6830497
2025/01/09,臺股期貨,外資及陸資,59239,276121880,61268,285594592,-2029,-9472712,16753,77437592,57753,266876557,-41000,-189438965
2025/01/09,臺股期貨,投信,68,315935,476,2201705,-408,-1885770,30444,140646241,5507,25441239,24937,115205002
2025/01/09,臺股期貨,自營商,8788,40925211,7585,35327532,1203,5597679,5623,26017430,5917,27377683,-294,-1360253
2025/01/10,臺股期貨,外資及陸資,46848,216170275,47796,220592144,-948,-4421869,15158,69976105,57106,263486739,-41948,-193510634
2025/01/10,臺股期貨,投信,1069,4935716,759,3495844,310,1439872,30753,141832849,5506,25392041,25247,116440808
2025/01/10,臺股期貨,自營商,7205,33243244,7252,33468957,-47,-225714,5867,27103295,6271,28968457,-404,-1865162
2025/01/13,臺股期貨,外資及陸資,121016,549957078,122218,555721928,-1202,-5764850,15340,69337734,58699,265097103,-43359,-195759369
2025/01/13,臺股期貨,投信,15525,70200917,14848,66994196,677,3206721,31640,142857590,5716,25823784,25924,117033806
2025/01/13,臺股期貨,自營商,19728,89588662,18487,83926795,1241,5661868,7129,32230230,6247,28237861,882,3992369
2025/01/14,臺股期貨,外資及陸資,81449,367958184,80736,364999490,713,2958694,13324,60767585,55758,254351052,-42434,-193583467
2025/01/14,臺股期貨,投信,21634,98378346,21214,96242534,420,2135813,31998,146062244,5654,25808805,26344,120253439
2025/01/14,臺股期貨,自營商,12933,58528073,12693,57457769,240,1070304,6889,31430684,5698,26002468,1191,5428216
2025/01/15,臺股期貨,外資及陸資,61620,279364158,62535,283506790,-915,-4142632,11383,51257895,50800,228771481,-39417,-177513586
2025/01/15,臺股期貨,投信,460,2080610,546,2464206,-86,-383596,32008,144132024,5750,25892250,26258,118239774
2025/01/15,臺股期貨,自營商,13306,60268958,12430,56335493,876,3933465,6324,28494992,5167,23284323,1157,5210669
2025/01/16,臺股期貨,外資及陸資,61341,281880651,58516,268948798,2825,12931853,15832,72938916,52043,239774956,-36211,-166836040
2025/01/16,臺股期貨,投信,852,3926815,2553,11791382,-1701,-7864567,30145,138878015,5588,25743916,24557,113134099
2025/01/16,臺股期貨,自營商,7229,33291696,8859,40797342,-1630,-7505646,5678,26172989,6161,28396705,-483,-2223716
2025/01/17,臺股期貨,外資及陸資,75987,353512494,73140,340136842,2847,13375652,14223,65961427,46086,213740144,-31863,-147778717
2025/01/17,臺股期貨,投信,131,607513,234,1083991,-103,-476478,30055,139383068,5601,25975198,24454,113407870
2025/01/17,臺股期貨,自營商,8201,38070316,8778,40787785,-577,-2717469,5339,24773771,6398,29683301,-1059,-4909530
2025/01/20,臺股期貨,外資及陸資,40513,188961229,43371,202292089,-2858,-13330860,14167,66140498,48888,228237589,-34721,-162097091
2025/01/20,臺股期貨,投信,273,1274565,345,1610585,-72,-336019,29833,139278344,5451,25448539,24382,113829805
2025/01/20,臺股期貨,自營商,6139,28644906,5128,23926847,1011,4718058,5565,25982781,5615,26216819,-50,-234038
2025/01/21,臺股期貨,外資及陸資,44760,208809447,43804,204357224,956,4452223,15049,70312890,48744,227736209,-33695,-157423319
2025/01/21,臺股期貨,投信,225,1051027,127,592486,98,458541,29858,139502548,5378,25127092,24480,114375456
2025/01/21,臺股期貨,自營商,5624,26231988,6177,28824933,-553,-2592944,4878,22789056,5601,26168729,-723,-3379673
2025/01/22,臺股期貨,外資及陸資,47124,222122282,46027,216949740,1097,5172543,17476,82800149,49602,235001607,-32126,-152201458
2025/01/22,臺股期貨,投信,291,1377690,263,1245418,28,132272,29747,140935337,5239,24821334,24508,116114003
2025/01/22,臺股期貨,自營商,7920,37387567,7919,37358519,1,29048,4831,22889281,5579,26434750,-748,-3545469
2025/02/03,臺股期貨,外資及陸資,58765,269541687,62293,285689917,-3528,-16148229,14961,67614689,51451,232520491,-36490,-164905802
2025/02/03,臺股期貨,投信,936,4233264,976,4418922,-40,-185658,30512,137889830,6044,27314045,24468,110575785
2025/02/03,臺股期貨,自營商,12786,58226247,10904,49648001,1882,8578246,6526,29495847,5613,25370687,913,4125160
2025/02/04,臺股期貨,外資及陸資,57984,264383397,55827,254594408,2157,9788989,14919,68108470,48984,223615973,-34065,-155507503
2025/02/04,臺股期貨,投信,643,2933083,436,1989936,207,943147,30681,140058765,6006,27417390,24675,112641375
2025/02/04,臺股期貨,自營商,7077,32290861,7778,35482223,-701,-3191362,6218,28389734,5999,27391541,219,998193
2025/02/05,臺股期貨,外資及陸資,44638,206249749,43828,202542153,810,3707596,17410,80565790,49218,227754535,-31808,-147188745
2025/02/05,臺股期貨,投信,797,3693073,506,2342722,291,1350350,30503,141149582,5537,25621914,24966,115527668
2025/02/05,臺股期貨,自營商,8718,40354850,9731,45023671,-1013,-4668821,5627,26043906,6485,30014110,-858,-3970204
2025/02/06,臺股期貨,外資及陸資,34826,161964793,34274,159408666,552,2556127,18422,85831492,49418,230242848,-30996,-144411356
2025/02/06,臺股期貨,投信,149,694364,426,1984405,-277,-1290040,30182,140617938,5493,25591887,24689,115026051
2025/02/06,臺股期貨,自營商,4926,22924046,5409,25179674,-483,-2255628,5310,24745324,6632,30903731,-1322,-6158407
2025/02/07,臺股期貨,外資及陸資,30661,143150933,29699,138674963,962,4475970,19299,90430421,49161,230352149,-29862,-139921728
2025/02/07,臺股期貨,投信,166,777900,236,1105598,-70,-327698,30069,140891306,5450,25536520,24619,115354786
2025/02/07,臺股期貨,自營商,4026,18821955,4995,23347635,-969,-4525681,4791,22454725,7059,33079595,-2268,-10624870
2025/02/10,臺股期貨,外資及陸資,50897,237342076,51709,241106997,-812,-3764922,17762,82547054,48723,226430426,-30961,-143883372
2025/02/10,臺股期貨,投信,191,886985,792,3682088,-601,-2795102,29654,137808069,5636,26191619,24018,111616450
2025/02/10,臺股期貨,自營商,9612,44778276,7513,35013118,2099,9765158,6472,30083537,6642,30872278,-170,-788741
2025/02/11,臺股期貨,外資及陸資,34569,161684025,35192,164594328,-623,-2910304,18347,85625521,49686,231880441,-31339,-146254920
2025/02/11,臺股期貨,投信,149,697341,374,1745428,-225,-1048087,29370,137064228,5577,26026744,23793,111037484
2025/02/11,臺股期貨,自營商,6529,30540039,6410,29987614,119,552426,6660,31088594,6715,31342411,-55,-253817
2025/02/12,臺股期貨,外資及陸資,37500,175329481,37383,174796844,117,532637,19289,89933506,50503,235462929,-31214,-145529423
2025/02/12,臺股期貨,投信,1181,5510820,327,1525282,854,3985538,30225,140915595,5578,26005752,24647,114909843
2025/02/12,臺股期貨,自營商,8209,38385999,8216,38440222,-7,-54223,6529,30446954,6581,30687698,-52,-240744
2025/02/13,臺股期貨,外資及陸資,45464,212113960,45903,214187761,-439,-2073801,20320,95108294,51784,242369292,-31464,-147260998
2025/02/13,臺股期貨,投信,213,997631,311,1455779,-98,-458149,30125,140992405,5576,26096795,24549,114895610
2025/02/13,臺股期貨,自營商,6969,32530312,7113,33207578,-144,-677266,5940,27807121,6143,28756157,-203,-949036
2025/02/14,臺股期貨,外資及陸資,54064,251294534,57468,267161424,-3404,-15866890,20681,95893044,55988,259594419,-35307,-163701375
2025/02/14,臺股期貨,投信,941,4361159,590,2735208,351,1625951,30534,141557612,5634,26119504,24900,115438108
2025/02/14,臺股期貨,自營商,10518,48885552,9449,43902586,1069,4982966,8556,39682077,7616,35316343,940,4365734
2025/02/17,臺股期貨,外資及陸資,81683,382010024,76325,357031327,5358,24978697,24347,114500239,53831,253144161,-29484,-138643922
2025/02/17,臺股期貨,投信,19852,93191104,20686,97086802,-834,-3895698,29663,139503212,5597,26322186,24066,113181026
2025/02/17,臺股期貨,自營商,14767,69169330,17302,81028299,-2535,-11858969,4986,23440245,6366,29931050,-1380,-6490805
2025/02/18,臺股期貨,外資及陸資,50433,237645398,49861,234998852,572,2646546,26481,125254374,55393,261999646,-28912,-136745272
2025/02/18,臺股期貨,投信,14323,67563930,14852,70037651,-529,-2473720,29102,137663933,5565,26324563,23537,111339370
2025/02/18,臺股期貨,自營商,9320,43943812,9162,43194564,158,749248,4945,23381303,6359,30072941,-1414,-6691638
2025/02/19,臺股期貨,外資及陸資,48975,231403993,47213,223077597,1762,8326396,22762,107482344,47513,224343563,-24751,-116861219
2025/02/19,臺股期貨,投信,249,1176549,814,3844282,-565,-2667733,28611,135101142,5639,26627358,22972,108473784
2025/02/19,臺股期貨,自營商,11539,54511298,11750,55512156,-211,-1000858,2781,13125601,5330,25162997,-2549,-12037396
2025/02/20,臺股期貨,外資及陸資,38068,179021668,37599,176809853,469,2211815,22965,108100957,47498,223568470,-24533,-115467513
2025/02/20,臺股期貨,投信,1129,5314529,180,846812,949,4467717,29625,139450800,5704,26849869,23921,112600931
2025/02/20,臺股期貨,自營商,6644,31216297,6156,28936204,488,2280093,3285,15458826,5352,25189385,-2067,-9730559
2025/02/21,臺股期貨,外資及陸資,39870,188275549,40870,192973846,-1000,-4698297,22973,109089698,48228,228999586,-25255,-119909888
2025/02/21,臺股期貨,投信,1057,5016788,338,1604686,719,3412102,30265,143716379,5625,26710875,24640,117005504
2025/02/21,臺股期貨,自營商,6312,29815115,7060,33382845,-748,-3567730,2771,13154362,5646,26805833,-2875,-13651471
2025/02/24,臺股期貨,外資及陸資,39786,187576636,42833,201900151,-3047,-14323514,18917,89122215,50596,238353164,-31679,-149230949
2025/02/24,臺股期貨,投信,118,555742,1450,6826088,-1332,-6270346,29059,136902761,5751,27094111,23308,109808650
2025/02/24,臺股期貨,自營商,7240,34100982,5760,27142222,1480,6958760,3974,18719572,5393,25405159,-1419,-6685587
2025/02/25,臺股期貨,外資及陸資,49740,231942345,51893,241992379,-2153,-10050034,17957,83662578,53289,248261612,-35332,-164599034
2025/02/25,臺股期貨,投信,482,2245314,749,3489155,-267,-1243842,28893,134612487,5852,27264468,23041,107348019
2025/02/25,臺股期貨,自營商,9519,44351007,8772,40884854,747,3466153,4471,20830766,5190,24179284,-719,-3348518
2025/02/26,臺股期貨,外資及陸資,56133,260778809,55812,259230297,321,1548512,18945,88728331,53958,252696379,-35013,-163968048
2025/02/26,臺股期貨,投信,679,3179540,188,880146,491,2299394,29275,137106535,5743,26896766,23532,110209769
2025/02/26,臺股期貨,自營商,9363,43480479,9523,44277488,-160,-797009,4122,19305563,5132,24032013,-1010,-4726450
2025/02/27,臺股期貨,外資及陸資,55539,259169449,56952,265753851,-1413,-6584402,15670,72675571,52389,242962059,-36719,-170286488
2025/02/27,臺股期貨,投信,1397,6474416,171,793636,1226,5680780,30626,142037263,5868,27214610,24758,114822653
2025/02/27,臺股期貨,自營商,8104,37755213,7483,34873063,621,2882150,4259,19754238,4744,22000932,-485,-2246694
2025/03/03,臺股期貨,外資及陸資,68001,310877289,75472,344830066,-7471,-33952777,13402,60911158,59957,272487733,-46555,-211576575
2025/03/03,臺股期貨,投信,1745,7932236,195,885896,1550,7046340,32299,146792495,5991,27227897,26308,119564598
2025/03/03,臺股期貨,自營商,14373,65503754,12319,56192484,2054,9311270,6299,28630450,4795,21794414,1504,6836036
2025/03/04,臺股期貨,外資及陸資,86613,389727538,84081,378387285,2532,11340253,14069,63560308,58092,262430915,-44023,-198870607
2025/03/04,臺股期貨,投信,968,4374031,133,596921,835,3777110,33062,149360891,5919,26739674,27143,122621217
2025/03/04,臺股期貨,自營商,14216,63915880,14936,67243556,-720,-3327676,6258,28273778,5071,22909435,1187,5364343
2025/03/05,臺股期貨,外資及陸資,80984,367053120,78186,354287795,2798,12765325,15016,68751506,55930,256064839,-40914,-187313333
2025/03/05,臺股期貨,投信,442,2023442,50,229059,392,1794382,33324,152570602,5789,26504358,27535,126066244
2025/03/05,臺股期貨,自營商,12002,54447152,13918,63238502,-1916,-8791350,5736,26266328,6480,29667115,-744,-3400787
2025/03/06,臺股期貨,外資及陸資,62356,284762574,61812,282327544,544,2435030,14238,64817718,54723,249104418,-40485,-184286700
2025/03/06,臺股期貨,投信,252,1147888,151,687246,101,460642,33485,152437114,5849,26626988,27636,125810126
2025/03/06,臺股期貨,自營商,9432,43062765,8511,38859569,921,4203196,6310,28723884,5974,27191220,336,1532664
2025/03/07,臺股期貨,外資及陸資,62102,280446698,62075,280318741,27,127957,14205,63988681,54663,246218945,-40458,-182230264
2025/03/07,臺股期貨,投信,52,234589,627,2826579,-575,-2591989,33065,148944599,6004,27045642,27061,121898957
2025/03/07,臺股期貨,自營商,8435,38080189,7891,35636959,544,2443231,6257,28184146,5179,23324251,1078,4859895
2025/03/10,臺股期貨,外資及陸資,73563,330329387,74552,334782994,-989,-4453607,13920,62490396,56546,253830419,-42626,-191340023
2025/03/10,臺股期貨,投信,313,1405808,115,516449,198,889359,33344,149687885,6085,27316798,27259,122371087
2025/03/10,臺股期貨,自營商,11120,49918259,9926,44569499,1194,5348761,6904,30992584,4810,21588431,2094,9404153
2025/03/11,臺股期貨,外資及陸資,83183,366264995,86254,379709098,-3071,-13444103,13327,58711388,59024,260006979,-45697,-201295591
2025/03/11,臺股期貨,投信,1144,5041448,404,1778583,740,3262866,34420,151633871,6421,28287082,27999,123346789
2025/03/11,臺股期貨,自營商,15064,66164130,13895,61122408,1169,5041722,7508,33073478,4496,19801729,3012,13271749
2025/03/12,臺股期貨,外資及陸資,73955,326841041,71846,317438785,2109,9402256,13337,59304537,56746,252301744,-43409,-192997207
2025/03/12,臺股期貨,投信,1251,5557025,187,831302,1064,4725723,35628,158430373,6565,29193209,29063,129237164
2025/03/12,臺股期貨,自營商,11400,50416511,12841,56899533,-1441,-6483022,7830,34806057,6235,27712111,1595,7093946
2025/03/13,臺股期貨,外資及陸資,70563,314267026,68797,306457652,1766,7809373,15760,69100145,57492,252052565,-41732,-182952420
2025/03/13,臺股期貨,投信,1313,5799996,594,2610701,719,3189295,36603,160489421,6821,29907348,29782,130582073
2025/03/13,臺股期貨,自營商,10329,45901354,10822,48126283,-493,-2224930,7161,31390563,6204,27191296,957,4199267
2025/03/14,臺股期貨,外資及陸資,72778,319830068,73044,320989847,-266,-1159779,16230,71282659,58107,255193858,-41877,-183911199
2025/03/14,臺股期貨,投信,618,2713814,459,2014493,159,699321,36997,162505029,7056,30992668,29941,131512361
2025/03/14,臺股期貨,自營商,11109,48811946,10618,46666040,491,2145906,7133,31320469,5676,24919026,1457,6401443
2025/03/17,臺股期貨,外資及陸資,87477,387908310,86557,383852587,920,4055723,18785,83238694,58347,258515395,-39562,-175276701
2025/03/17,臺股期貨,投信,19518,86649311,19186,85177141,332,1472170,37341,165461260,7068,31318991,30273,134142269
2025/03/17,臺股期貨,自營商,11361,50377655,12931,57352311,-1570,-6974656,6526,28910731,6727,29797519,-201,-886788
2025/03/18,臺股期貨,外資及陸資,74427,331411241,74270,330727378,157,683863,21709,96573796,60909,270942345,-39200,-174368549
2025/03/18,臺股期貨,投信,21913,97486731,22102,98293227,-189,-806497,37083,165003741,6999,31141761,30084,133861980
2025/03/18,臺股期貨,自營商,12209,54370385,13195,58767720,-986,-4397335,6811,30285845,7798,34672390,-987,-4386545
2025/03/19,臺股期貨,外資及陸資,57741,255665190,58588,259380030,-847,-3714840,15254,67172607,51650,227429935,-36396,-160257328
2025/03/19,臺股期貨,投信,2575,11378897,3056,13494132,-481,-2115235,36504,160749014,6913,30442087,29591,130306927
2025/03/19,臺股期貨,自營商,14441,63902405,12265,54307231,2176,9595174,4870,21444570,4530,19946465,340,1498105
2025/03/20,臺股期貨,外資及陸資,51261,227917335,48468,215513422,2793,12403912,17545,78478858,50707,226786201,-33162,-148307343
2025/03/20,臺股期貨,投信,527,2357892,453,2026463,74,331429,36372,162691956,6707,30000411,29665,132691545
2025/03/20,臺股期貨,自營商,6462,28777582,8209,36559088,-1747,-7781506,4034,18037146,5642,25225846,-1608,-7188700
2025/03/21,臺股期貨,外資及陸資,53584,238641620,55526,247261349,-1942,-8619728,14590,64724614,50178,222571670,-35588,-157847056
2025/03/21,臺股期貨,投信,74,328461,420,1863723,-346,-1535263,36134,160297651,6815,30232703,29319,130064948
2025/03/21,臺股期貨,自營商,6934,30861853,5700,25380937,1234,5480916,4546,20159776,4940,21904857,-394,-1745081
2025/03/24,臺股期貨,外資及陸資,45621,202330188,46203,204918679,-582,-2588491,14104,62484504,50165,222212175,-36061,-159727671
2025/03/24,臺股期貨,投信,0,0,55,243669,-55,-243669,36083,159854907,6819,30209534,29264,129645373
2025/03/24,臺股期貨,自營商,6690,29708908,6345,28186157,345,1522751,4534,20078978,4665,20657160,-131,-578182
2025/03/25,臺股期貨,外資及陸資,45557,203238224,42861,191194578,2696,12043646,15641,69762765,47521,211921228,-31880,-142158463
2025/03/25,臺股期貨,投信,184,820758,24,107048,160,713710,36176,161352195,6752,30115270,29424,131236925
2025/03/25,臺股期貨,自營商,6963,31071582,8479,37836764,-1516,-6765181,3718,16573536,5410,24117149,-1692,-7543613
2025/03/26,臺股期貨,外資及陸資,36665,163808573,37801,168861720,-1136,-5053147,15683,69959706,48699,217203584,-33016,-147243878
2025/03/26,臺股期貨,投信,16,71406,134,598039,-118,-526633,36059,160851987,6753,30123782,29306,130728205
2025/03/26,臺股期貨,自營商,7126,31819840,6425,28702400,701,3117441,3382,15076518,4474,19943964,-1092,-4867446
2025/03/27,臺股期貨,外資及陸資,50458,222409154,51545,227223744,-1087,-4814590,14125,62069551,50539,222046071,-36414,-159976520
2025/03/27,臺股期貨,投信,33,145053,275,1208662,-242,-1063609,36020,158279084,6956,30566055,29064,127713029
2025/03/27,臺股期貨,自營商,8175,35986383,8002,35218263,173,768120,4514,19826684,5473,24036977,-959,-4210293
2025/03/28,臺股期貨,外資及陸資,63800,277262076,64087,278528798,-287,-1266722,13875,59939812,50572,218429250,-36697,-158489438
2025/03/28,臺股期貨,投信,457,1973872,645,2782107,-188,-808235,36354,157042009,7478,32303464,28876,124738545
2025/03/28,臺股期貨,自營商,10678,46298887,9884,42852700,794,3446186,5161,22284779,5326,22995244,-165,-710465
2025/03/31,臺股期貨,外資及陸資,89257,376307053,83367,351584927,5890,24722126,18157,75404957,47470,197094951,-29313,-121689994
2025/03/31,臺股期貨,投信,791,3285884,502,2087517,289,1198368,37126,154176853,7961,33060441,29165,121116412
2025/03/31,臺股期貨,自營商,14637,61445471,15339,64325248,-702,-2879777,4763,19768659,5738,23819152,-975,-4050493
2025/04/01,臺股期貨,外資及陸資,76794,322581800,77079,323647617,-285,-1065817,17363,73576004,46748,198045297,-29385,-124469293
2025/04/01,臺股期貨,投信,1056,4477994,15,63567,1041,4414427,37940,160766956,7734,32772052,30206,127994904
2025/04/01,臺股期貨,自營商,10622,44676753,10747,45274276,-125,-597523,4499,19049290,5726,24251224,-1227,-5201934
2025/04/02,臺股期貨,外資及陸資,69877,296959911,66429,282297216,3448,14662695,19514,83117028,43799,186507788,-24285,-103390760
2025/04/02,臺股期貨,投信,29,123343,435,1852326,-406,-1728983,37531,159852035,7731,32927875,29800,126924160
2025/04/02,臺股期貨,自營商,9844,41844180,10230,43490052,-386,-1645872,4980,21198873,6571,27976002,-1591,-6777129
2025/04/07,臺股期貨,外資及陸資,45852,195276895,46277,197490415,-425,-2213520,18576,71212423,43727,167586907,-25151,-96374484
2025/04/07,臺股期貨,投信,0,0,0,0,0,0,37531,143871335,7731,29636015,29800,114235320
2025/04/07,臺股期貨,自營商,3754,15669647,4036,16757335,-282,-1087689,4603,17633143,6455,24733459,-1852,-7100316
2025/04/08,臺股期貨,外資及陸資,207161,755307972,211985,773798916,-4824,-18490944,18277,66411195,48354,175642777,-30077,-109231582
2025/04/08,臺股期貨,投信,2677,9789012,4821,17342986,-2144,-7553973,38117,138509483,10461,38013182,27656,100496301
2025/04/08,臺股期貨,自營商,23510,85929223,20747,75749095,2763,10180128,5590,20287997,4658,16907756,932,3380241
2025/04/09,臺股期貨,外資及陸資,192271,693750300,190001,686101810,2270,7648490,19331,66435972,47202,162167189,-27871,-95731217
2025/04/09,臺股期貨,投信,818,2831949,1149,4031307,-331,-1199358,38173,131192954,10848,37282403,27325,93910551
2025/04/09,臺股期貨,自營商,24998,89406894,23271,83049493,1727,6357401,6784,23291087,4426,15196079,2358,8095008
2025/04/10,臺股期貨,外資及陸資,112967,397206739,109379,384281718,3588,12925020,23058,87138800,45708,172730236,-22650,-85591436
2025/04/10,臺股期貨,投信,0,0,20,75596,-20,-75596,38153,144233601,10848,41009776,27305,103223825
2025/04/10,臺股期貨,自營商,8439,30484558,9804,35314410,-1365,-4829852,6539,24698816,5543,20917661,996,3781155
2025/04/11,臺股期貨,外資及陸資,175483,668797728,178095,678887405,-2612,-10089676,24440,95466604,47988,187453981,-23548,-91987377
2025/04/11,臺股期貨,投信,6911,26691898,1585,6160376,5326,20531522,40309,157545388,7678,30010231,32631,127535157
2025/04/11,臺股期貨,自營商,17100,65356996,19592,74945771,-2492,-9588775,5202,20298290,6679,26053401,-1477,-5755111
2025/04/14,臺股期貨,外資及陸資,158101,618066909,158328,618800810,-227,-733902,22815,88875634,46698,181899308,-23883,-93023674
2025/04/14,臺股期貨,投信,21871,85596204,21569,84508106,302,1088098,41504,161760255,8571,33401245,32933,128359010
2025/04/14,臺股期貨,自營商,17810,69762163,17488,68583232,322,1178931,6752,26289113,7715,30024101,-963,-3734988
2025/04/15,臺股期貨,外資及陸資,97411,382492149,96132,377385051,1279,5107098,27727,109680698,50125,198214119,-22398,-88533421
2025/04/15,臺股期貨,投信,25194,99482673,24448,96622412,746,2860261,42950,169898527,9271,36674444,33679,133224083
2025/04/15,臺股期貨,自營商,12944,50906053,13671,53758561,-727,-2852507,6706,26508255,8264,32654660,-1558,-6146405
2025/04/16,臺股期貨,外資及陸資,67741,265834782,68713,269742976,-972,-3908194,16129,62381031,44854,173497888,-28725,-111116857
2025/04/16,臺股期貨,投信,4517,17545196,4801,18663940,-284,-1118744,44921,173835286,11518,44572356,33403,129262930
2025/04/16,臺股期貨,自營商,15112,59159071,13946,54630408,1166,4528663,4663,18017076,3492,13472452,1171,4544624
2025/04/17,臺股期貨,外資及陸資,79173,305259630,80259,309468248,-1086,-4208618,15129,58563043,44999,174217815,-29870,-115654772
2025/04/17,臺股期貨,投信,1213,4696232,61,235014,1152,4461219,46079,178482399,11524,44637062,34555,133845337
2025/04/17,臺股期貨,自營商,7740,29825947,7914,30506027,-174,-680080,4595,17769370,3586,13847190,1009,3922180
2025/04/18,臺股期貨,外資及陸資,61305,237833716,60459,234481807,846,3351909,16261,62840005,45323,175172945,-29062,-112332940
2025/04/18,臺股期貨,投信,154,595301,153,591338,1,3963,46229,178758297,11673,45137156,34556,133621141
2025/04/18,臺股期貨,自營商,5873,22771935,5868,22775021,5,-3087,4484,17308699,3475,13392906,1009,3915793
2025/04/21,臺股期貨,外資及陸資,33902,129829234,31353,120071635,2549,9757599,18650,71201495,45220,172648621,-26570,-101447126
2025/04/21,臺股期貨,投信,126,481026,816,3113747,-690,-2632721,45876,175237145,12010,45875798,33866,129361347
2025/04/21,臺股期貨,自營商,4199,16077657,4623,17707306,-424,-1629650,4583,17475606,4009,15270282,574,2205324
2025/04/22,臺股期貨,外資及陸資,58570,221484070,58004,219406843,566,2077227,20010,75209373,47141,177187768,-27131,-101978395
2025/04/22,臺股期貨,投信,684,2576699,4331,16294217,-3647,-13717518,41910,157606746,11691,43965175,30219,113641571
2025/04/22,臺股期貨,自營商,7245,27377758,6627,25063868,618,2313890,5090,19107890,3816,14305389,1274,4802501
2025/04/23,臺股期貨,外資及陸資,66333,254953937,67051,257900456,-718,-2946519,21290,83232340,49035,191696784,-27745,-108464444
2025/04/23,臺股期貨,投信,3004,11750108,107,418002,2897,11332106,43496,170138954,10380,40602408,33116,129536546
2025/04/23,臺股期貨,自營商,9013,34772727,9801,37814509,-788,-3041781,5169,20178015,4618,18015827,551,2162188
2025/04/24,臺股期貨,外資及陸資,70216,275323389,69752,273480909,464,1842480,18921,73597799,46279,180014354,-27358,-106416555
2025/04/24,臺股期貨,投信,835,3254340,678,2639226,157,615114,43225,168231700,9952,38733184,33273,129498516
2025/04/24,臺股期貨,自營商,6502,25447778,6330,24785480,172,662298,4998,19415050,4306,16714657,692,2700393
2025/04/25,臺股期貨,外資及陸資,64632,255758407,63235,250258952,1397,5499455,20681,82154352,44379,176280975,-23698,-94126623
2025/04/25,臺股期貨,投信,1807,7188442,936,3721007,871,3467435,42775,170013515,8631,34304773,34144,135708742
2025/04/25,臺股期貨,自營商,6007,23811592,6851,27134766,-844,-3323174,4995,19812056,5129,20338507,-134,-526451
2025/04/28,臺股期貨,外資及陸資,51909,206856448,52981,211161177,-1072,-4304728,19042,75989564,43812,174832838,-24770,-98843274
2025/04/28,臺股期貨,投信,488,1950386,626,2500170,-138,-549784,42526,169806318,8520,34020360,34006,135785958
2025/04/28,臺股期貨,自營商,4946,19730971,4557,18178140,389,1552831,5153,20533579,4890,19479610,263,1053969
2025/04/29,臺股期貨,外資及陸資,49437,198147086,50033,200533215,-596,-2386129,19183,77280368,44549,179468356,-25366,-102187988
2025/04/29,臺股期貨,投信,533,2148274,103,414068,430,1734206,42764,172381684,8328,33570014,34436,138811670
2025/04/29,臺股期貨,自營商,5831,23395971,5566,22323819,265,1072152,5481,22049939,4952,19914604,529,2135335
2025/04/30,臺股期貨,外資及陸資,49837,200826849,47287,190554329,2550,10272521,18881,76058189,41611,167615118,-22730,-91556929
2025/04/30,臺股期貨,投信,237,954949,307,1237446,-70,-282498,42969,173199445,8603,34676814,34366,138522631
2025/04/30,臺股期貨,自營商,6278,25295652,7142,28779700,-864,-3484048,4941,19872136,5224,21009195,-283,-1137059
2025/05/02,臺股期貨,外資及陸資,65387,265866366,65720,267258706,-333,-1392341,20118,83162014,43031,177869167,-22913,-94707153
2025/05/02,臺股期貨,投信,1144,4732978,154,635386,990,4097592,43453,179738989,8097,33492233,35356,146246756
2025/05/02,臺股期貨,自營商,5643,23054982,6965,28472181,-1322,-5417199,4977,20531753,6582,27167585,-1605,-6635832
2025/05/05,臺股期貨,外資及陸資,74275,305510359,77474,318606710,-3199,-13096350,17950,73260981,44109,180017517,-26159,-106756536
2025/05/05,臺股期貨,投信,1641,6710160,1162,4741632,479,1968528,44767,182855288,8932,36483419,35835,146371869
2025/05/05,臺股期貨,自營商,11156,45718331,9877,40524464,1279,5193867,5599,22802620,5938,24194185,-339,-1391565
2025/05/06,臺股期貨,外資及陸資,62315,253392940,65502,266371348,-3187,-12978408,18527,75319728,49684,201979887,-31157,-126660159
2025/05/06,臺股期貨,投信,1386,5642257,832,3386617,554,2255639,45993,187145517,9604,39078259,36389,148067258
2025/05/06,臺股期貨,自營商,8777,35685666,7539,30645661,1238,5040005,6549,26560996,5607,22746292,942,3814704
2025/05/07,臺股期貨,外資及陸資,65157,265062126,64643,263037623,514,2024503,19556,79630943,50199,204387125,-30643,-124756182
2025/05/07,臺股期貨,投信,1201,4897798,1177,4794451,24,103348,47116,192016546,10703,43618296,36413,148398250
2025/05/07,臺股期貨,自營商,8532,34738871,8586,34960541,-54,-221670,6160,25013475,5266,21390936,894,3622539
2025/05/08,臺股期貨,外資及陸資,65519,268552519,64978,266329865,541,2222655,21531,88542523,51551,211957835,-30020,-123415312
2025/05/08,臺股期貨,投信,1309,5387999,29,119175,1280,5268824,48222,198462161,10529,43332246,37693,155129915
2025/05/08,臺股期貨,自營商,6931,28444664,7844,32205768,-913,-3761104,6370,26115997,6398,26256059,-28,-140062
2025/05/09,臺股期貨,外資及陸資,59249,245230981,62568,258914057,-3319,-13683076,20668,86096228,53939,224658683,-33271,-138562455
2025/05/09,臺股期貨,投信,1489,6197558,10,41683,1479,6155874,49093,204668427,9921,41359779,39172,163308648
2025/05/09,臺股期貨,自營商,6652,27512457,7574,31388848,-922,-3876391,6757,28058947,7725,32130483,-968,-4071536
2025/05/12,臺股期貨,外資及陸資,46068,193032557,49471,207354163,-3403,-14321607,20937,88164083,57684,242851806,-36747,-154687723
2025/05/12,臺股期貨,投信,1996,8408102,319,1343499,1677,7064603,50802,214109349,9953,41947002,40849,172162347
2025/05/12,臺股期貨,自營商,6119,25665325,6203,26058906,-84,-393581,6867,28808191,7947,33412702,-1080,-4604511
2025/05/13,臺股期貨,外資及陸資,60508,258747030,60265,257712822,243,1034209,19749,84266526,56262,240020758,-36513,-155754232
2025/05/13,臺股期貨,投信,1444,6166302,50,213453,1394,5952849,51991,222051825,9748,41633398,42243,180418427
2025/05/13,臺股期貨,自營商,8121,34711256,9964,42576850,-1843,-7865594,6164,26197076,9116,38848602,-2952,-12651526
2025/05/14,臺股期貨,外資及陸資,52767,228027381,52756,228008471,11,18910,20967,91207122,57250,248998805,-36283,-157791683
2025/05/14,臺股期貨,投信,1130,4911290,185,800591,945,4110699,52736,229627809,9548,41573636,43188,188054173
2025/05/14,臺股期貨,自營商,9889,42800647,10625,45914073,-736,-3113426,5423,23503573,9123,39642593,-3700,-16139020
2025/05/15,臺股期貨,外資及陸資,44352,193127178,45218,196898331,-866,-3771154,20419,88501311,57627,249751343,-37208,-161250032
2025/05/15,臺股期貨,投信,840,3633857,972,4221229,-132,-587371,52652,228435743,9596,41635109,43056,186800634
2025/05/15,臺股期貨,自營商,5335,23199735,4945,21490318,390,1709417,4779,20644226,8106,35089552,-3327,-14445326
2025/05/16,臺股期貨,外資及陸資,50540,219863769,50548,219812366,-8,51404,20970,91367562,58177,253474781,-37207,-162107219
2025/05/16,臺股期貨,投信,4724,20493332,4730,20637511,-6,-144179,52834,230464222,9784,42700122,43050,187764100
2025/05/16,臺股期貨,自營商,6446,28041192,6288,27357105,158,684087,4644,20173616,7808,33987119,-3164,-13813503
2025/05/19,臺股期貨,外資及陸資,87647,379210048,88069,380698341,-422,-1488293,23408,100526568,61121,262335289,-37713,-161808721
2025/05/19,臺股期貨,投信,30006,129059769,30597,132021728,-591,-2961959,52569,225823923,10110,43446351,42459,182377572
2025/05/19,臺股期貨,自營商,10776,46588988,10401,44922765,375,1666223,4797,20571757,7617,32707741,-2820,-12135984
2025/05/20,臺股期貨,外資及陸資,79159,341645533,79310,342087307,-151,-441774,31993,137474771,69837,299740627,-37844,-162265856
2025/05/20,臺股期貨,投信,26936,115816173,26187,112887599,749,2928573,53323,228860942,10115,43411792,43208,185449150
2025/05/20,臺股期貨,自營商,10032,43311901,9978,43048249,54,263652,4254,18235171,7068,30340446,-2814,-12105275
2025/05/21,臺股期貨,外資及陸資,50667,219149915,48364,209209382,2303,9940533,21562,93452316,60408,261816238,-38846,-168363922
2025/05/21,臺股期貨,投信,2385,10334914,1507,6535572,878,3799342,55130,239076758,11031,47837035,44099,191239723
2025/05/21,臺股期貨,自營商,10978,47528281,12411,53746243,-1433,-6217963,2812,12147623,4283,18519036,-1471,-6371413
2025/05/22,臺股期貨,外資及陸資,44974,193645684,46640,200838111,-1666,-7192427,22266,95681198,62922,270391278,-40656,-174710080
2025/05/22,臺股期貨,投信,419,1801494,1396,5999806,-977,-4198312,54661,235031368,11539,49615392,43122,185415976
2025/05/22,臺股期貨,自營商,5885,25309848,5360,23042708,525,2267140,3741,16039447,4706,20176397,-965,-4136950
2025/05/23,臺股期貨,外資及陸資,44531,191311497,44044,189241009,487,2070488,21597,92661534,61714,264787001,-40117,-172125467
2025/05/23,臺股期貨,投信,68,291989,963,4126439,-895,-3834450,53893,231373428,11666,50084471,42227,181288957
2025/05/23,臺股期貨,自營商,5671,24350925,5354,22992054,317,1358871,4111,17600436,4769,20412533,-658,-2812097
2025/05/26,臺股期貨,外資及陸資,62662,267277431,64276,274246893,-1614,-6969461,22250,95080116,64007,273497906,-41757,-178417790
2025/05/26,臺股期貨,投信,972,4157589,1390,5947705,-418,-1790115,54270,232069374,12461,53285728,41809,178783646
2025/05/26,臺股期貨,自營商,8644,36881247,6530,27869821,2114,9011426,5784,24667484,4202,17906682,1582,6760802
2025/05/27,臺股期貨,外資及陸資,35381,150539227,36963,157238159,-1582,-6698931,22307,94611274,65814,279080703,-43507,-184469429
2025/05/27,臺股期貨,投信,442,1875469,1357,5753858,-915,-3878389,54182,229959244,13288,56396930,40894,173562314
2025/05/27,臺股期貨,自營商,6882,29227033,5646,24009801,1236,5217232,7182,30406813,4329,18318069,2853,12088744
2025/05/28,臺股期貨,外資及陸資,49030,209002774,47712,203341870,1318,5660903,22262,94549116,65466,277962676,-43204,-183413560
2025/05/28,臺股期貨,投信,747,3174657,545,2313826,202,860830,54393,231170250,13297,56512250,41096,174658000
2025/05/28,臺股期貨,自營商,7630,32501116,7923,33767993,-293,-1266878,7170,30393755,4595,19475102,2575,10918653
2025/05/29,臺股期貨,外資及陸資,51810,221200208,55491,236895558,-3681,-15695350,21510,91641038,68524,291870935,-47014,-200229897
2025/05/29,臺股期貨,投信,386,1646007,1662,7094147,-1276,-5448140,53104,226403594,13284,56635006,39820,169768588
2025/05/29,臺股期貨,自營商,6680,28523627,6052,25864815,628,2658812,7570,32189452,4371,18581043,3199,13608409
2025/06/02,臺股期貨,外資及陸資,62369,261801627,59801,251004624,2568,10797003,21144,88188408,66537,277438109,-45393,-189249701
2025/06/02,臺股期貨,投信,648,2704262,2748,11462950,-2100,-8758688,51504,214977696,13784,57534416,37720,157443280
2025/06/02,臺股期貨,自營商,8570,35855350,7981,33401746,589,2453604,8751,36433579,4959,20636424,3792,15797155
2025/06/03,臺股期貨,外資及陸資,52778,221855977,47065,197817407,5713,24038570,22652,94952162,62122,260295792,-39470,-165343630
2025/06/03,臺股期貨,投信,754,3163555,2009,8436427,-1255,-5272872,50113,210214012,13648,57250630,36465,152963382
2025/06/03,臺股期貨,自營商,6646,27935866,7854,33056887,-1208,-5121021,7268,30389742,4584,19174266,2684,11215476
2025/06/04,臺股期貨,外資及陸資,46139,196800554,45456,193906586,683,2893968,25042,107507715,62207,266934142,-37165,-159426427
2025/06/04,臺股期貨,投信,1854,7967935,326,1401335,1528,6566599,51121,219605592,13128,56395262,37993,163210330
2025/06/04,臺股期貨,自營商,7552,32242864,8152,34788856,-600,-2545992,6770,28973877,4699,20132595,2071,8841282
2025/06/05,臺股期貨,外資及陸資,37841,163125352,37740,162663745,101,461607,23708,102129449,60806,261803203,-37098,-159673754
2025/06/05,臺股期貨,投信,1508,6498403,109,470076,1399,6028327,52445,226079906,13053,56268872,39392,169811034
2025/06/05,臺股期貨,自營商,4744,20431702,5065,21828981,-321,-1397278,6776,29096374,5074,21816027,1702,7280347
2025/06/06,臺股期貨,外資及陸資,44960,194255125,46323,200124706,-1363,-5869581,22585,97341159,61126,263322692,-38541,-165981533
2025/06/06,臺股期貨,投信,12,51723,1318,5685742,-1306,-5634019,51296,221249907,13210,56977372,38086,164272535
2025/06/06,臺股期貨,自營商,4566,19700214,4375,18879226,191,820988,6896,29631211,5027,21623771,1869,8007440
2025/06/09,臺股期貨,外資及陸資,35637,154480771,35647,154505304,-10,-24533,22939,99562103,61526,266904090,-38587,-167341987
2025/06/09,臺股期貨,投信,567,2462312,323,1402256,244,1060056,51335,222988973,13005,56491119,38330,166497854
2025/06/09,臺股期貨,自營商,4781,20715894,4514,19562586,267,1153307,6919,29940349,4841,20970249,2078,8970100
2025/06/10,臺股期貨,外資及陸資,48193,212091519,46806,206079623,1387,6011896,25901,114468046,63032,278410861,-37131,-163942815
2025/06/10,臺股期貨,投信,1327,5870841,211,931054,1116,4939787,52188,230837962,12742,56359071,39446,174478891
2025/06/10,臺股期貨,自營商,7504,33059229,9695,42718244,-2191,-9659015,5523,24291316,5643,24899710,-120,-608394
2025/06/11,臺股期貨,外資及陸資,45978,204543963,44658,198634215,1320,5909748,25829,115279451,61559,274650615,-35730,-159371164
2025/06/11,臺股期貨,投信,1532,6816996,1454,6490186,78,326810,51944,232103367,12420,55500241,39524,176603126
2025/06/11,臺股期貨,自營商,6842,30441285,6899,30684646,-57,-243362,5286,23502464,5468,24373737,-182,-871273
2025/06/12,臺股期貨,外資及陸資,43496,194163330,46583,207821222,-3087,-13657891,22900,101767866,61876,274805963,-38976,-173038097
2025/06/12,臺股期貨,投信,1768,7837093,1310,5825790,458,2011303,52263,232546328,12281,54655359,39982,177890969
2025/06/12,臺股期貨,自營商,6751,30007494,6073,27038130,678,2969364,6345,28062615,5788,25693054,557,2369561
2025/06/13,臺股期貨,外資及陸資,73260,322936499,76166,335257052,-2906,-12320552,23361,102158326,65361,285577552,-42000,-183419226
2025/06/13,臺股期貨,投信,3814,16557596,4437,19524483,-623,-2966887,52445,229829867,13086,57413851,39359,172416016
2025/06/13,臺股期貨,自營商,14613,64130480,11620,51089894,2993,13040586,8415,36614210,4961,21684729,3454,14929481
2025/06/16,臺股期貨,外資及陸資,95679,419400771,94737,413962511,942,5438260,23505,102591812,64541,281181648,-41036,-178589836
2025/06/16,臺股期貨,投信,30759,133491417,33328,145980393,-2569,-12488976,50018,218414531,13228,57855787,36790,160558744
2025/06/16,臺股期貨,自營商,13817,60361426,13468,58928725,349,1432702,8483,36940051,4508,19739830,3975,17200221
2025/06/17,臺股期貨,外資及陸資,82308,363243693,82693,363825602,-385,-581909,29056,127357821,70457,307300568,-41401,-179942747
2025/06/17,臺股期貨,投信,28403,124038833,27879,122812018,524,1226815,51048,222486322,13734,59877095,37314,162609227
2025/06/17,臺股期貨,自營商,13524,59532941,12476,54947095,1048,4585846,9090,39703826,4139,18152228,4951,21551598
2025/06/18,臺股期貨,外資及陸資,54819,241392132,55862,246157771,-1043,-4765639,21552,94498343,66602,292021031,-45050,-197522688
2025/06/18,臺股期貨,投信,1723,7578180,713,3134375,1010,4443805,52201,228964026,13877,60867297,38324,168096729
2025/06/18,臺股期貨,自營商,12186,53747916,13359,58990259,-1173,-5242343,8189,35880265,2889,12642757,5300,23237508
2025/06/19,臺股期貨,外資及陸資,46549,202817745,46772,203822253,-223,-1004508,18676,81034192,64062,277966781,-45386,-196932589
2025/06/19,臺股期貨,投信,1303,5672840,2033,8824150,-730,-3151310,51361,222937557,13767,59757040,37594,163180517
2025/06/19,臺股期貨,自營商,5430,23637492,4843,21074297,587,2563195,9059,39285583,3183,13785387,5876,25500196
2025/06/20,臺股期貨,外資及陸資,43345,187218145,42330,182799892,1015,4418253,19103,82686654,63564,275136603,-44461,-192449949
2025/06/20,臺股期貨,投信,474,2051987,616,2664415,-142,-612428,51439,222730870,13987,60563710,37452,162167160
2025/06/20,臺股期貨,自營商,5994,25875863,5783,24958403,211,917460,9464,40947217,3376,14580996,6088,26366221
2025/06/23,臺股期貨,外資及陸資,67563,289975698,66854,286936836,709,3038861,20591,88397458,64388,276405151,-43797,-188007693
2025/06/23,臺股期貨,投信,1604,6884353,423,1814384,1181,5069969,52925,227281120,14292,61375565,38633,165905555
2025/06/23,臺股期貨,自營商,8323,35620358,7384,31644536,939,3975822,10280,44113700,3287,14078322,6993,30035378
2025/06/24,臺股期貨,外資及陸資,60031,260649008,59823,259873631,208,775377,22222,97564175,65715,288497459,-43493,-190933284
2025/06/24,臺股期貨,投信,1729,7586887,228,999535,1501,6587351,53877,236617009,13743,60356507,40134,176260502
2025/06/24,臺股期貨,自營商,7792,33915079,9294,40482898,-1502,-6567819,9066,39778622,3612,15829916,5454,23948706
2025/06/25,臺股期貨,外資及陸資,39978,176334472,42346,186782987,-2368,-10448515,22530,99830364,68346,302823145,-45816,-202992781
2025/06/25,臺股期貨,投信,1733,7678332,22,97516,1711,7580816,55278,245025263,13433,59543116,41845,185482147
2025/06/25,臺股期貨,自營商,7754,34204237,7484,33035272,270,1168965,9530,42197178,3813,16864389,5717,25332789
2025/06/26,臺股期貨,外資及陸資,41658,184693246,44526,197369567,-2868,-12676320,23956,105918878,72744,321580660,-48788,-215661782
2025/06/26,臺股期貨,投信,755,3339634,628,2779107,127,560527,55757,246613211,13785,60971055,41972,185642156
2025/06/26,臺股期貨,自營商,7190,31846486,5692,25230439,1498,6616047,10874,48028065,3659,16145353,7215,31882712
2025/06/27,臺股期貨,外資及陸資,43693,193004202,47648,210469414,-3955,-17465212,22618,100027700,75299,332946901,-52681,-232919201
2025/06/27,臺股期貨,投信,2296,10153082,220,973291,2076,9179791,57968,256473619,13920,61587648,44048,194885971
2025/06/27,臺股期貨,自營商,8939,39452755,6875,30360223,2064,9092532,12922,57081548,3623,15986916,9299,41094632
2025/06/30,臺股期貨,外資及陸資,42172,186684362,41559,183952809,613,2731553,23601,104480242,75602,334603495,-52001,-230123253
2025/06/30,臺股期貨,投信,1385,6130005,72,318734,1313,5811270,59274,262512691,13913,61617894,45361,200894797
2025/06/30,臺股期貨,自營商,6505,28775400,7131,31559123,-626,-2783723,12338,54532672,3618,15978129,8720,38554543
2025/07/01,臺股期貨,外資及陸資,55057,246044324,55461,247850037,-404,-1805714,25313,113115842,77830,347686059,-52517,-234570217
2025/07/01,臺股期貨,投信,1583,7086389,96,429065,1487,6657324,60622,271004589,13774,61575290,46848,209429299
2025/07/01,臺股期貨,自營商,10183,45530296,12080,54076552,-1897,-8546256,10814,48219228,3999,17837479,6815,30381749
2025/07/02,臺股期貨,外資及陸資,38458,171636407,40876,182442460,-2418,-10806053,21867,97888606,76813,343764228,-54946,-245875622
2025/07/02,臺股期貨,投信,1152,5156931,346,1546896,806,3610036,61428,275111441,13774,61688236,47654,213423205
2025/07/02,臺股期貨,自營商,6500,29004779,5840,26061858,660,2942921,11348,50701779,3886,17365246,7462,33336533
2025/07/03,臺股期貨,外資及陸資,43868,197923596,41453,187036861,2415,10886736,22377,101455145,73534,333289894,-51157,-231834749
2025/07/03,臺股期貨,投信,1417,6426302,34,154214,1383,6272088,62494,283472784,13457,61040952,49037,222431832
2025/07/03,臺股期貨,自營商,5507,24878803,7126,32218093,-1619,-7339290,10912,49372394,5077,22989546,5835,26382848
2025/07/04,臺股期貨,外資及陸資,37772,170937078,41661,188531111,-3889,-17594033,20056,89947045,75267,337464721,-55211,-247517676
2025/07/04,臺股期貨,投信,231,1036899,757,3397126,-526,-2360227,62185,279036532,13674,61357973,48511,217678559
2025/07/04,臺股期貨,自營商,6737,30432025,5115,23110931,1622,7321095,11492,51442071,4060,18170248,7432,33271823
2025/07/07,臺股期貨,外資及陸資,41457,185347230,42965,192091417,-1508,-6744187,18162,81055699,74950,334434752,-56788,-253379053
2025/07/07,臺股期貨,投信,361,1611506,955,4263473,-594,-2651967,61619,275165547,13702,61187651,47917,213977896
2025/07/07,臺股期貨,自營商,5949,26577072,6211,27739184,-262,-1162112,11178,49795713,4028,17933828,7150,31861885
2025/07/08,臺股期貨,外資及陸資,50348,224367627,51041,227403484,-693,-3035857,18043,80264848,75573,336107370,-57530,-255842522
2025/07/08,臺股期貨,投信,2272,10115993,950,4228194,1322,5887799,63182,281260647,13943,62068659,49239,219191988
2025/07/08,臺股期貨,自營商,7880,35050776,7221,32136980,659,2913795,11338,50340160,3550,15757072,7788,34583088
2025/07/09,臺股期貨,外資及陸資,39644,176846102,40044,178626309,-400,-1780206,16670,74738129,75381,337900392,-58711,-263162263
2025/07/09,臺股期貨,投信,990,4432450,10,44811,980,4387639,63952,286933886,13733,61617224,50219,225316662
2025/07/09,臺股期貨,自營商,6155,27454535,6914,30860332,-759,-3405797,10906,48800676,3990,17852657,6916,30948019
2025/07/10,臺股期貨,外資及陸資,47338,213109877,45303,203896284,2035,9213592,16897,76326592,73265,330870650,-56368,-254544058
2025/07/10,臺股期貨,投信,393,1772151,234,1056974,159,715177,63963,289191794,13585,61423219,50378,227768575
2025/07/10,臺股期貨,自營商,7117,32009307,8099,36470223,-982,-4460916,10478,47208126,4576,20625315,5902,26582811
2025/07/11,臺股期貨,外資及陸資,48480,219494103,49656,224697305,-1176,-5203202,16583,75349210,74075,336646144,-57492,-261296934
2025/07/11,臺股期貨,投信,5271,23829395,3676,16699238,1595,7130157,65376,297542108,13403,61029220,51973,236512888
2025/07/11,臺股期貨,自營商,7943,35925585,8177,37018301,-234,-1092716,10507,47639824,4874,22124395,5633,25515429
2025/07/14,臺股期貨,外資及陸資,82083,370402530,84264,379505118,-2181,-9102588,15888,71309821,75761,340143065,-59873,-268833244
2025/07/14,臺股期貨,投信,34777,156003162,35439,159715700,-662,-3712538,64969,291948127,13658,61385407,51311,230562720
2025/07/14,臺股期貨,自營商,10699,48213133,9635,43420700,1064,4792433,11210,50341388,4504,20228523,6706,30112865
2025/07/15,臺股期貨,外資及陸資,86440,392189738,82102,371966753,4338,20222985,20444,92852584,75796,343783424,-55352,-250930840
2025/07/15,臺股期貨,投信,37460,169798442,37298,169772207,162,26235,64883,294220383,13410,60806223,51473,233414160
2025/07/15,臺股期貨,自營商,12506,56688978,13447,60996277,-941,-4307299,10213,46371046,4478,20337022,5735,26034024
2025/07/16,臺股期貨,外資及陸資,53709,246128431,51413,235553004,2296,10575427,16792,76943740,70188,321633501,-53396,-244689761
2025/07/16,臺股期貨,投信,2930,13440921,2539,11687302,391,1753619,64811,297054737,12947,59341280,51864,237713457
2025/07/16,臺股期貨,自營商,10378,47584808,12963,59488175,-2585,-11903367,7231,33126535,3440,15744420,3791,17382115
2025/07/17,臺股期貨,外資及陸資,49039,225204027,47934,220056768,1105,5147259,18670,86373632,70887,327957746,-52217,-241584114
2025/07/17,臺股期貨,投信,835,3863214,2280,10531808,-1445,-6668594,62923,291169890,12504,57861010,50419,233308880
2025/07/17,臺股期貨,自營商,6469,29723378,6602,30341761,-133,-618383,7292,33722777,3673,16971662,3619,16751115
2025/07/18,臺股期貨,外資及陸資,46747,217928572,42494,198127510,4253,19801061,19259,89573404,67269,312873138,-48010,-223299734
2025/07/18,臺股期貨,投信,350,1629436,5214,24271220,-4864,-22641784,57751,268657652,12196,56735792,45555,211921860
2025/07/18,臺股期貨,自營商,7478,34846110,7585,35351583,-107,-505473,7088,32953443,3591,16679908,3497,16273535
2025/07/21,臺股期貨,外資及陸資,32468,150854869,30902,143587285,1566,7267584,18223,84609882,64779,300780007,-46556,-216170125
2025/07/21,臺股期貨,投信,149,691930,2051,9524350,-1902,-8832420,55902,259608888,12249,56884356,43653,202724532
2025/07/21,臺股期貨,自營商,5021,23322405,4221,19607827,800,3714578,7659,35552004,3350,15534350,4309,20017654
2025/07/22,臺股期貨,外資及陸資,48983,227325726,46915,217770383,2068,9555343,20179,92789581,64773,297850497,-44594,-205060916
2025/07/22,臺股期貨,投信,227,1044651,2262,10408161,-2035,-9363510,53693,246944846,12075,55535340,41618,191409506
2025/07/22,臺股期貨,自營商,8675,40223088,9471,43934195,-796,-3711107,7446,34229196,3939,18091932,3507,16137264
2025/07/23,臺股期貨,外資及陸資,44481,205520172,46597,215298251,-2116,-9778080,19143,88746159,66984,310541801,-47841,-221795642
2025/07/23,臺股期貨,投信,556,2578731,1318,6111852,-762,-3533121,52452,243209434,11596,53768333,40856,189441101
2025/07/23,臺股期貨,自營商,8443,39051542,8229,38067346,214,984196,7496,34740752,3770,17458640,3726,17282112
2025/07/24,臺股期貨,外資及陸資,36912,171787224,37024,172302330,-112,-515107,19288,89876678,67218,313216387,-47930,-223339709
2025/07/24,臺股期貨,投信,353,1645641,725,3379253,-372,-1733612,51768,241269941,11284,52590210,40484,188679731
2025/07/24,臺股期貨,自營商,5290,24617901,4607,21443473,683,3174428,7541,35125704,3269,15213191,4272,19912513
2025/07/25,臺股期貨,外資及陸資,31609,147074784,30988,144187261,621,2887523,20113,93455027,67530,313771036,-47417,-220316009
2025/07/25,臺股期貨,投信,26,121095,1300,6044550,-1274,-5923455,50482,234610047,11272,52385493,39210,182224554
2025/07/25,臺股期貨,自營商,5795,26961184,5622,26152689,173,808495,7725,35879833,3253,15093093,4472,20786740
2025/07/28,臺股期貨,外資及陸資,41070,191746428,38713,180725052,2357,11021376,21261,99420280,66240,309738644,-44979,-210318364
2025/07/28,臺股期貨,投信,128,598534,1778,8314462,-1650,-7715928,48754,228022458,11194,52354338,37560,175668120
2025/07/28,臺股期貨,自營商,5554,25935465,5323,24856388,231,1079077,7774,36340977,3071,14339656,4703,22001321
2025/07/29,臺股期貨,外資及陸資,50872,236169307,46656,216676880,4216,19492427,21498,99523849,62374,288743958,-40876,-189220109
2025/07/29,臺股期貨,投信,187,865610,3087,14286742,-2900,-13421132,45773,211938145,11113,51455413,34660,160482732
2025/07/29,臺股期貨,自營商,7152,33173354,8260,38300337,-1108,-5126983,6998,32385570,3414,15785005,3584,16600565
2025/07/30,臺股期貨,外資及陸資,49646,231310057,46720,217633692,2926,13676365,22950,107201063,60781,283891039,-37831,-176689976
2025/07/30,臺股期貨,投信,417,1948386,1962,9166701,-1545,-7218314,44056,205820821,10941,51114164,33115,154706657
2025/07/30,臺股期貨,自營商,8318,38785957,8502,39643750,-184,-857793,7003,32696004,3617,16875282,3386,15820722
2025/07/31,臺股期貨,外資及陸資,49271,230947093,46296,216917280,2975,14029813,26613,125507643,60257,284156261,-33644,-158648618
2025/07/31,臺股期貨,投信,418,1970827,1239,5839353,-821,-3868526,43027,202949754,10733,50625414,32294,152324340
2025/07/31,臺股期貨,自營商,7518,35264115,8203,38495994,-685,-3231879,6481,30554089,3764,17732066,2717,12822023
2025/08/01,臺股期貨,外資及陸資,56209,262827617,59850,280071020,-3641,-17243403,19393,90526943,58930,275086971,-39537,-184560028
2025/08/01,臺股期貨,投信,611,2855848,1219,5694529,-608,-2838681,42435,198128975,10749,50187081,31686,147941894
2025/08/01,臺股期貨,自營商,11389,53218169,9378,43800581,2011,9417587,8083,37721563,3434,16012454,4649,21709109
2025/08/04,臺股期貨,外資及陸資,55337,256264665,54886,254148936,451,2115728,19178,89240970,58258,271077450,-39080,-181836480
2025/08/04,臺股期貨,投信,1626,7572930,589,2740085,1037,4832844,43629,203066771,10906,50760886,32723,152305885
2025/08/04,臺股期貨,自營商,7492,34683197,7727,35814861,-235,-1131664,8404,39083932,4001,18597841,4403,20486091
2025/08/05,臺股期貨,外資及陸資,37418,175604251,33887,158983861,3531,16620390,22761,107305144,58090,273834517,-35329,-166529373
2025/08/05,臺股期貨,投信,514,2423872,352,1658646,162,765226,43526,205242451,10641,50176571,32885,155065880
2025/08/05,臺股期貨,自營商,5161,24229398,6632,31154284,-1471,-6924887,7895,37192722,4953,23332131,2942,13860591
2025/08/06,臺股期貨,外資及陸資,40641,190646197,41571,195019749,-930,-4373552,20044,93852849,56424,264184143,-36380,-170331294
2025/08/06,臺股期貨,投信,256,1199256,1500,7024323,-1244,-5825067,42405,198599537,10764,50412118,31641,148187419
2025/08/06,臺股期貨,自營商,6928,32492184,5829,27336245,1099,5155939,8112,37963780,4094,19151318,4018,18812462
2025/08/07,臺股期貨,外資及陸資,54888,260666470,53429,253761425,1459,6905045,24437,117250906,59226,284145365,-34789,-166894459
2025/08/07,臺股期貨,投信,778,3734062,239,1146675,539,2587387,42441,203691283,10261,49246643,32180,154444640
2025/08/07,臺股期貨,自營商,9540,45438911,11319,53932694,-1779,-8493782,7451,35719959,5274,25289399,2177,10430560
2025/08/08,臺股期貨,外資及陸資,40659,195227385,43471,208728733,-2812,-13501348,21099,101046091,58689,281058032,-37590,-180011941
2025/08/08,臺股期貨,投信,20,96001,634,3039980,-614,-2943978,41816,200323683,10250,49103650,31566,151220033
2025/08/08,臺股期貨,自營商,7103,34088898,6086,29211450,1017,4877447,7496,35875486,4321,20677033,3175,15198453
2025/08/11,臺股期貨,外資及陸資,42453,204009841,40561,194846305,1892,9163536,21672,104636029,57247,276389972,-35575,-171753943
2025/08/11,臺股期貨,投信,252,1216565,1672,8070467,-1420,-6853902,40172,194014649,10026,48421570,30146,145593079
2025/08/11,臺股期貨,自營商,6756,32475048,6754,32477316,2,-2267,7688,37099877,4525,21830707,3163,15269170
2025/08/12,臺股期貨,外資及陸資,39502,190788992,39229,189456262,273,1332729,21633,104412763,56935,274808209,-35302,-170395446
2025/08/12,臺股期貨,投信,471,2275108,745,3597590,-274,-1322482,39651,191450845,9779,47216924,29872,144233921
2025/08/12,臺股期貨,自營商,6118,29542160,5528,26693871,590,2848289,7613,36732490,3862,18620782,3751,18111708
2025/08/13,臺股期貨,外資及陸資,48615,236056975,47061,228508078,1554,7548897,22724,110597332,56294,273982670,-33570,-163385338
2025/08/13,臺股期貨,投信,321,1562728,859,4179617,-538,-2616889,38802,188911376,9468,46095905,29334,142815471
2025/08/13,臺股期貨,自營商,9707,47150168,10320,50125388,-613,-2975220,7490,36437939,4322,21016228,3168,15421711
2025/08/14,臺股期貨,外資及陸資,35397,172162819,36076,175462131,-679,-3299312,21900,106192506,56279,272895229,-34379,-166702723
2025/08/14,臺股期貨,投信,211,1022997,917,4450852,-706,-3427855,38098,184788474,9470,45933288,28628,138855186
2025/08/14,臺股期貨,自營商,6215,30202334,5270,25610347,945,4591986,7748,37557995,3612,17495327,4136,20062668
2025/08/15,臺股期貨,外資及陸資,50971,247573119,50826,246827523,145,745597,20968,101852957,55175,268043594,-34207,-166190637
2025/08/15,臺股期貨,投信,3712,18028641,6702,32586997,-2990,-14558356,34690,168553148,9052,43987289,25638,124565859
2025/08/15,臺股期貨,自營商,8786,42672829,8580,41681987,206,990842,7991,38823844,3638,17659575,4353,21164269
2025/08/18,臺股期貨,外資及陸資,85752,417608188,81331,396001668,4421,21606520,26199,127905384,55825,272537268,-29626,-144631884
2025/08/18,臺股期貨,投信,22242,108503281,22260,108659920,-18,-156639,34564,168746705,8944,43673708,25620,125072997
2025/08/18,臺股期貨,自營商,9508,46272107,10341,50354211,-833,-4082104,7404,36158807,4007,19553007,3397,16605800
2025/08/19,臺股期貨,外資及陸資,59798,291455852,62592,304960762,-2794,-13504910,27019,131352019,59652,289885797,-32633,-158533778
2025/08/19,臺股期貨,投信,17352,84438065,17796,86678530,-444,-2240465,34198,166120205,9022,43828863,25176,122291342
2025/08/19,臺股期貨,自營商,12248,59650876,11380,55457555,868,4193320,8365,40660296,4034,19603339,4331,21056957
2025/08/20,臺股期貨,外資及陸資,64241,307239324,68442,327546178,-4201,-20306854,17105,80940175,52248,247241166,-35143,-166300991
2025/08/20,臺股期貨,投信,621,2954664,2047,9697816,-1426,-6743153,33256,157374043,9506,44984293,23750,112389750
2025/08/20,臺股期貨,自營商,17603,84173641,15521,74167969,2082,10005672,9367,44325806,3268,15457416,6099,28868390
2025/08/21,臺股期貨,外資及陸資,56085,266522830,51476,244660744,4609,21862086,19173,91457447,49560,236409767,-30387,-144952320
2025/08/21,臺股期貨,投信,293,1397955,432,2060366,-139,-662411,32923,157055879,9312,44421965,23611,112633914
2025/08/21,臺股期貨,自營商,6529,31079056,7635,36333203,-1106,-5254147,8640,41214751,3756,17908462,4884,23306289
2025/08/22,臺股期貨,外資及陸資,45100,214978250,41463,197650726,3637,17327524,21716,103146344,48451,230133045,-26735,-126986701
2025/08/22,臺股期貨,投信,30,142670,436,2072864,-406,-1930195,32582,154764500,9377,44540736,23205,110223764
2025/08/22,臺股期貨,自營商,5986,28525069,7295,34755874,-1309,-6230806,7778,36944615,4274,20294107,3504,16650508
2025/08/25,臺股期貨,外資及陸資,52996,255431214,53552,258173967,-556,-2742753,21711,105313200,47320,229537136,-25609,-124223936
2025/08/25,臺股期貨,投信,509,2467896,203,984320,306,1483576,32658,158423958,9147,44372067,23511,114051891
2025/08/25,臺股期貨,自營商,7326,35364961,7041,34002286,285,1362676,7815,37909425,4026,19520638,3789,18388787
2025/08/26,臺股期貨,外資及陸資,37569,181743921,38992,188608307,-1423,-6864386,20592,99885927,47724,231497359,-27132,-131611432
2025/08/26,臺股期貨,投信,30,145524,395,1915510,-365,-1769986,32292,156648492,9146,44367236,23146,112281256
2025/08/26,臺股期貨,自營商,5171,25010002,4205,20339763,966,4670240,8257,40053663,3503,16984805,4754,23068858
2025/08/27,臺股期貨,外資及陸資,36538,178195166,34342,167460182,2196,10734984,22813,111613040,47584,232807096,-24771,-121194056
2025/08/27,臺股期貨,投信,208,1017729,192,939395,16,78334,32122,157166522,8960,43839474,23162,113327048
2025/08/27,臺股期貨,自營商,5466,26673459,7159,34945262,-1693,-8271804,7365,36034424,4259,20829272,3106,15205152
2025/08/28,臺股期貨,外資及陸資,44358,216053867,45575,221998227,-1217,-5944360,21168,102550974,47255,228932540,-26087,-126381566
2025/08/28,臺股期貨,投信,32,155717,478,2318010,-446,-2162293,31805,154088864,9089,44034395,22716,110054469
2025/08/28,臺股期貨,自營商,7595,36975507,5667,27597674,1928,9377833,8505,41204468,3471,16810609,5034,24393859
2025/08/29,臺股期貨,外資及陸資,41197,200556765,41485,201942056,-288,-1385291,21342,103580442,47651,231268798,-26309,-127688356
2025/08/29,臺股期貨,投信,587,2849043,347,1683940,240,1165103,32047,155543319,9091,44124062,22956,111419257
2025/08/29,臺股期貨,自營商,7124,34679271,8109,39474506,-985,-4795235,7742,37575792,3695,17926421,4047,19649371
2025/09/01,臺股期貨,外資及陸資,59091,284413663,59340,285587344,-249,-1173681,21375,102627572,48039,230650175,-26664,-128022603
2025/09/01,臺股期貨,投信,419,2011968,942,4516615,-523,-2504647,31754,152463656,9321,44753867,22433,107709789
2025/09/01,臺股期貨,自營商,9969,47940074,9967,47912497,2,27577,8280,39755526,4231,20310668,4049,19444858
2025/09/02,臺股期貨,外資及陸資,41630,200285203,39295,189002729,2335,11282474,23319,111797355,47614,228274237,-24295,-116476882
2025/09/02,臺股期貨,投信,193,925497,493,2364375,-300,-1438878,31495,150999628,9362,44885149,22133,106114479
2025/09/02,臺股期貨,自營商,7850,37748591,8804,42361707,-954,-4613116,7781,37304744,4681,22437629,3100,14867115
2025/09/03,臺股期貨,外資及陸資,55918,267339227,56409,269660892,-491,-2321665,23273,111695218,48061,230661874,-24788,-118966656
2025/09/03,臺股期貨,投信,63,302445,315,1511981,-252,-1209535,31182,149654891,9301,44639231,21881,105015660
2025/09/03,臺股期貨,自營商,11181,53493916,9981,47754997,1200,5738920,8365,40147263,4229,20293788,4136,19853475
2025/09/04,臺股期貨,外資及陸資,54942,265785162,53655,259525958,1287,6259204,23910,115388173,47413,228812792,-23503,-113424619
2025/09/04,臺股期貨,投信,104,502059,314,1516798,-210,-1014739,30919,149215094,9248,44630844,21671,104584250
2025/09/04,臺股期貨,自營商,11836,57292103,11999,58129082,-163,-836978,7661,36971861,3787,18273010,3874,18698851
2025/09/05,臺股期貨,外資及陸資,39101,190080946,37034,180023756,2067,10057190,25250,123338346,46554,227401291,-21304,-104062945
2025/09/05,臺股期貨,投信,292,1426348,144,703239,148,723109,30968,151272486,9149,44691011,21819,106581475
2025/09/05,臺股期貨,自營商,10465,50907608,11200,54471503,-735,-3563895,7545,36854273,4465,21805975,3080,15048298
2025/09/08,臺股期貨,外資及陸資,53977,264591695,54725,268245726,-748,-3654031,25384,124661801,47383,232698242,-21999,-108036441
2025/09/08,臺股期貨,投信,316,1552314,90,442172,226,1110142,31105,152762876,9060,44495428,22045,108267448
2025/09/08,臺股期貨,自營商,8812,43222296,9067,44473373,-255,-1251077,7334,36015835,4607,22620033,2727,13395802
2025/09/09,臺股期貨,外資及陸資,37268,184252023,35753,176764732,1515,7487291,28521,141473878,47313,234684044,-18792,-93210166
2025/09/09,臺股期貨,投信,549,2723059,142,704217,407,2018842,31400,155762840,8948,44387373,22452,111375467
2025/09/09,臺股期貨,自營商,7902,39098005,8544,42263992,-642,-3165987,7472,37058093,5534,27443524,1938,9614569
2025/09/10,臺股期貨,外資及陸資,51186,256184226,50395,252275033,791,3909193,32440,163327669,50253,253011230,-17813,-89683561
2025/09/10,臺股期貨,投信,167,840519,236,1187495,-69,-346977,31191,157052923,8808,44349946,22383,112702977
2025/09/10,臺股期貨,自營商,11793,59116639,12623,63262533,-830,-4145894,6631,33377867,5681,28595297,950,4782570
2025/09/11,臺股期貨,外資及陸資,57695,292326382,57290,290291626,405,2034755,35061,176930549,51378,259272130,-16317,-82341581
2025/09/11,臺股期貨,投信,332,1680286,570,2878831,-238,-1198545,30782,155344281,8637,43587452,22145,111756829
2025/09/11,臺股期貨,自營商,11981,60682372,11889,60231682,92,450690,6169,31129251,5165,26059442,1004,5069809
2025/09/12,臺股期貨,外資及陸資,45589,231615498,47868,243171606,-2279,-11556108,33002,168045022,51560,262530615,-18558,-94485593
2025/09/12,臺股期貨,投信,3090,15720701,3381,17196805,-291,-1476104,30388,154730009,8534,43451758,21854,111278251
2025/09/12,臺股期貨,自營商,10762,54681856,9514,48345008,1248,6336848,6546,33331366,4502,22921380,2044,10409986
2025/09/15,臺股期貨,外資及陸資,85540,433976452,85807,435364234,-267,-1387782,31187,158132420,50083,253948011,-18896,-95815591
2025/09/15,臺股期貨,投信,18733,95032680,20423,103574170,-1690,-8541490,28752,145794353,8588,43544882,20164,102249471
2025/09/15,臺股期貨,自營商,10273,52123377,9076,46045315,1197,6078062,6356,32226187,3228,16364604,3128,15861583
2025/09/16,臺股期貨,外資及陸資,74323,379862649,73656,376467959,667,3394689,30363,155654987,48607,249182510,-18244,-93527523
2025/09/16,臺股期貨,投信,15321,78536628,15000,76884091,321,1652538,28873,148031177,8388,43004716,20485,105026461
2025/09/16,臺股期貨,自營商,12369,63194469,12365,63200084,4,-5615,6871,35217861,3748,19209852,3123,16008009
2025/09/17,臺股期貨,外資及陸資,39317,200777424,42692,218050544,-3375,-17273119,24198,123276641,43060,219364699,-18862,-96088058
2025/09/17,臺股期貨,投信,780,3978857,990,5049110,-210,-1070253,28773,146586926,8498,43293911,20275,103293015
2025/09/17,臺股期貨,自營商,12605,64366166,11560,59013866,1045,5352299,4350,22160120,2661,13554673,1689,8605447
2025/09/18,臺股期貨,外資及陸資,50613,258809528,50410,257812561,203,996967,25411,130670718,43963,226065655,-18552,-95394937
2025/09/18,臺股期貨,投信,258,1326773,549,2823126,-291,-1496353,28339,145730474,8355,42964752,19984,102765722
2025/09/18,臺股期貨,自營商,10469,53546360,10280,52569482,189,976878,4454,22901607,2576,13242645,1878,9658962
2025/09/19,臺股期貨,外資及陸資,59855,308156593,59023,303889173,832,4267420,26660,136870373,44263,227238261,-17603,-90367888
2025/09/19,臺股期貨,投信,145,748255,665,3415365,-520,-2667110,27674,142078316,8210,42150140,19464,99928176
2025/09/19,臺股期貨,自營商,10205,52526236,10034,51646536,171,879700,4840,24846844,2802,14382019,2038,10464825
2025/09/22,臺股期貨,外資及陸資,39278,202582702,38984,201042347,294,1540355,25588,132507556,42827,221775372,-17239,-89267816
2025/09/22,臺股期貨,投信,408,2113104,325,1682828,83,430276,27417,141981676,7870,40755582,19547,101226094
2025/09/22,臺股期貨,自營商,6472,33413821,7072,36506356,-600,-3092536,5084,26325361,3653,18913472,1431,7411889
2025/09/23,臺股期貨,外資及陸資,53434,278761201,52512,273974007,922,4787193,26491,139145342,42691,224230408,-16200,-85085066
2025/09/23,臺股期貨,投信,430,2258038,98,514622,332,1743417,27500,144446500,7621,40030065,19879,104416435
2025/09/23,臺股期貨,自營商,9434,49272864,9655,50437707,-221,-1164843,5298,27824108,4098,21521527,1200,6302581
2025/09/24,臺股期貨,外資及陸資,59111,311019144,62633,329536743,-3522,-18517599,23983,125833296,43900,230327102,-19917,-104493806
2025/09/24,臺股期貨,投信,53,277834,35,183584,18,94250,27520,144391936,7623,39996356,19897,104395580
2025/09/24,臺股期貨,自營商,11351,59638765,10471,55016414,880,4622351,5104,26775746,3031,15899464,2073,10876282
2025/09/25,臺股期貨,外資及陸資,42579,222992187,43364,227112780,-785,-4120594,22398,116895350,44177,230555143,-21779,-113659793
2025/09/25,臺股期貨,投信,35,182665,191,996849,-156,-814184,27428,143146732,7687,40118453,19741,103028279
2025/09/25,臺股期貨,自營商,6956,36419345,6295,32955190,661,3464155,5422,28294770,2658,13869283,2764,14425487
2025/09/26,臺股期貨,外資及陸資,69347,357603942,72652,374632967,-3305,-17029026,20928,107404934,46047,236314392,-25119,-128909458
2025/09/26,臺股期貨,投信,382,1961393,707,3628647,-325,-1667254,27298,140093336,7882,40450424,19416,99642912
2025/09/26,臺股期貨,自營商,14505,74684866,13455,69263737,1050,5421129,6877,35293944,2970,15242380,3907,20051564
2025/09/30,臺股期貨,外資及陸資,51665,266914012,48635,251258013,3030,15655999,22485,116710813,44415,230536946,-21930,-113826133
2025/09/30,臺股期貨,投信,579,3005175,128,664306,451,2340870,27671,143629093,7804,40507442,19867,103121651
2025/09/30,臺股期貨,自營商,6445,33341376,7841,40576633,-1396,-7235257,5287,27440760,2778,14416919,2509,13023841
2025/10/01,臺股期貨,外資及陸資,50836,265622789,51280,267942157,-444,-2319368,21328,111090119,43677,227495436,-22349,-116405317
2025/10/01,臺股期貨,投信,329,1715139,153,800098,176,915042,27883,145231394,7840,40835424,20043,104395970
2025/10/01,臺股期貨,自營商,11492,60091023,11727,61327576,-235,-1236553,5048,26292004,2814,14655236,2234,11636768
2025/10/02,臺股期貨,外資及陸資,49993,263421164,50943,268438361,-950,-5017197,21563,113956800,44750,236493109,-23187,-122536309
2025/10/02,臺股期貨,投信,287,1516714,76,401945,211,1114768,27993,147937406,7739,40899067,20254,107038339
2025/10/02,臺股期貨,自營商,8623,45498054,8592,45323571,31,174483,5220,27585771,2934,15503059,2286,12082712
2025/10/03,臺股期貨,外資及陸資,54680,290376803,52412,278309316,2268,12067487,23773,127122231,44625,238619946,-20852,-111497715
2025/10/03,臺股期貨,投信,162,866404,523,2796233,-361,-1929829,27497,147031958,7604,40660109,19893,106371849
2025/10/03,臺股期貨,自營商,10110,53765674,10709,56931033,-599,-3165359,4782,25570833,3062,16370945,1720,9199888
2025/10/07,臺股期貨,外資及陸資,54038,292309942,56790,307123613,-2752,-14813671,23925,130719432,47626,260209604,-23701,-129490172
2025/10/07,臺股期貨,投信,658,3593670,35,190599,623,3403071,27798,151871593,7282,39784479,20516,112087114
2025/10/07,臺股期貨,自營商,9643,52258632,9961,54023126,-318,-1764494,4640,25354429,3042,16619814,1598,8734615
2025/10/08,臺股期貨,外資及陸資,51144,277249601,56836,308116506,-5692,-30866905,19719,106859412,50124,271624700,-30405,-164765288
2025/10/08,臺股期貨,投信,121,656002,332,1799145,-211,-1143143,27676,149965439,7371,39940501,20305,110024938
2025/10/08,臺股期貨,自營商,10576,57295973,8772,47531977,1804,9763996,6214,33681985,2866,15534415,3348,18147570
2025/10/09,臺股期貨,外資及陸資,63404,346301667,61915,338204414,1489,8097253,23216,126990849,51968,284197103,-28752,-157206254
2025/10/09,臺股期貨,投信,596,3261756,347,1896733,249,1365023,27754,151750573,7200,39366720,20554,112383853
2025/10/09,臺股期貨,自營商,9930,54267005,11130,60811118,-1200,-6544113,4754,25999897,2601,14228515,2153,11771382
2025/10/13,臺股期貨,外資及陸資,102903,553317560,106996,575499651,-4093,-22182091,19592,105603194,52653,283768801,-33061,-178165607
2025/10/13,臺股期貨,投信,20325,109297036,19564,105044275,761,4252761,28615,154247689,7300,39339436,21315,114908253
2025/10/13,臺股期貨,自營商,16400,88098769,14765,79319549,1635,8779221,6750,36358691,2525,13603815,4225,22754876
2025/10/14,臺股期貨,外資及陸資,117648,638174378,112086,608043394,5562,30130984,20750,111050591,48194,257950497,-27444,-146899906
2025/10/14,臺股期貨,投信,14600,79077188,14561,78800884,39,276304,28688,153591237,7334,39263671,21354,114327566
2025/10/14,臺股期貨,自營商,18965,102778914,21944,119037776,-2979,-16258862,5168,27644506,3579,19148954,1589,8495552
2025/10/15,臺股期貨,外資及陸資,86207,464139605,83492,449587383,2715,14552221,19516,106514611,41187,224791375,-21671,-118276764
2025/10/15,臺股期貨,投信,1178,6402133,681,3693481,497,2708652,28809,157233761,6958,37975372,21851,119258389
2025/10/15,臺股期貨,自營商,22045,118700282,22494,121224050,-449,-2523768,2156,11767209,2699,14729420,-543,-2962211
2025/10/16,臺股期貨,外資及陸資,81738,450441212,82081,452206729,-343,-1765517,19964,111071787,41999,233666266,-22035,-122594479
2025/10/16,臺股期貨,投信,281,1562608,250,1388990,31,173619,28664,159475029,6782,37732335,21882,121742694
2025/10/16,臺股期貨,自營商,12913,71208396,12641,69728386,272,1480010,2909,16184467,3215,17885687,-306,-1701220
2025/10/17,臺股期貨,外資及陸資,75527,416305033,77540,427440918,-2013,-11135885,16979,92801530,42565,232648183,-25586,-139846653
2025/10/17,臺股期貨,投信,354,1936282,432,2362150,-78,-425869,28775,157272646,6971,38100698,21804,119171948
2025/10/17,臺股期貨,自營商,13722,75607838,12351,68066358,1371,7541480,4018,21962463,2935,16041426,1083,5921037
2025/10/20,臺股期貨,外資及陸資,82044,450855268,81759,449327078,285,1528190,17104,95030354,42355,235325823,-25251,-140295469
2025/10/20,臺股期貨,投信,531,2949783,26,144434,505,2805349,29123,161807388,6814,37858584,22309,123948804
2025/10/20,臺股期貨,自營商,10230,56306691,11339,62469506,-1109,-6162815,3395,18863015,3434,19079295,-39,-216280
2025/10/21,臺股期貨,外資及陸資,55777,311086772,53808,300083864,1969,11002908,18684,104000182,41966,233594853,-23282,-129594671
2025/10/21,臺股期貨,投信,151,840515,156,868458,-5,-27943,29085,161892932,6781,37744402,22304,124148530
2025/10/21,臺股期貨,自營商,8251,46030608,9230,51513616,-979,-5483008,2830,15753788,3872,21552956,-1042,-5799168
2025/10/22,臺股期貨,外資及陸資,55061,305323734,57788,320505967,-2727,-15182233,16010,88721568,42105,233330482,-26095,-144608914
2025/10/22,臺股期貨,投信,202,1120499,2229,12366979,-2027,-11246480,27062,149966779,6785,37599756,20277,112367023
2025/10/22,臺股期貨,自營商,11925,66105697,10266,56884526,1659,9221171,3569,19778258,2973,16475129,596,3303129
2025/10/23,臺股期貨,外資及陸資,59964,330102321,58175,320243726,1789,9858595,16016,88268357,40323,222230946,-24307,-133962589
2025/10/23,臺股期貨,投信,141,777415,707,3897190,-566,-3119775,26593,146559343,6882,37928078,19711,108631265
2025/10/23,臺股期貨,自營商,7581,41735173,7156,39401878,425,2333295,3771,20783581,2789,15371025,982,5412556
2025/10/27,臺股期貨,外資及陸資,51323,286947821,51367,287349733,-44,-401912,17910,101081770,42121,237725954,-24211,-136644184
2025/10/27,臺股期貨,投信,849,4790157,65,366732,784,4423425,27071,152783314,6576,37113629,20495,115669685
2025/10/27,臺股期貨,自營商,8474,47551776,10312,57877969,-1838,-10326193,3470,19584878,4319,24375974,-849,-4791096
2025/10/28,臺股期貨,外資及陸資,42894,241210476,46137,259472560,-3243,-18262084,16317,91392842,43771,245165056,-27454,-153772214
2025/10/28,臺股期貨,投信,43,240900,317,1775677,-274,-1534776,26863,150459667,6642,37201842,20221,113257825
2025/10/28,臺股期貨,自營商,8324,46793756,6957,39105981,1367,7687775,4233,23710149,3728,20881481,505,2828668
2025/10/29,臺股期貨,外資及陸資,46658,263680170,43725,247103990,2933,16576181,18655,106014355,43076,244796565,-24421,-138782210
2025/10/29,臺股期貨,投信,740,4204522,74,420421,666,3784101,27363,155498461,6476,36801813,20887,118696648
2025/10/29,臺股期貨,自營商,8329,47109344,9498,53741183,-1169,-6631839,3461,19669638,4146,23561784,-685,-3892146
2025/10/30,臺股期貨,外資及陸資,61815,350990475,62105,352658763,-290,-1668289,18258,103702825,43004,244257020,-24746,-140554195
2025/10/30,臺股期貨,投信,139,788247,93,528235,46,260011,27413,155700359,6480,36805104,20933,118895255
2025/10/30,臺股期貨,自營商,9941,56428862,10006,56795164,-65,-366302,3179,18057239,3930,22322187,-751,-4264948
2025/10/31,臺股期貨,外資及陸資,52124,296203820,50306,285857537,1818,10346283,19663,111806379,42599,242223870,-22936,-130417491
2025/10/31,臺股期貨,投信,189,1076444,3,17074,186,1059370,27595,156905175,6476,36822536,21119,120082639
2025/10/31,臺股期貨,自營商,9168,52124628,9820,55856966,-652,-3732338,3461,19681993,4848,27566459,-1387,-7884466
2025/11/03,臺股期貨,外資及陸資,55132,312633626,58483,331608789,-3351,-18975163,17236,97701315,45116,255736815,-27880,-158035500
2025/11/03,臺股期貨,投信,74,419503,190,1076979,-116,-657476,27556,156192928,6553,37143715,21003,119049213
2025/11/03,臺股期貨,自營商,10255,58174176,8398,47657245,1857,10516932,4437,25154378,3883,22012049,554,3142329
2025/11/04,臺股期貨,外資及陸資,58719,333227584,58752,333287483,-33,-59899,16846,94744495,44688,251330607,-27842,-156586112
2025/11/04,臺股期貨,投信,0,0,384,2160030,-384,-2160030,27259,153299177,6640,37342032,20619,115957145
2025/11/04,臺股期貨,自營商,10389,58893085,10601,60129145,-212,-1236060,4496,25290318,4116,23151920,380,2138398
2025/11/05,臺股期貨,外資及陸資,81835,454997417,86117,478611496,-4282,-23614079,15145,84236591,47233,262707302,-32088,-178470711
2025/11/05,臺股期貨,投信,415,2308785,165,917775,250,1391010,27620,153611405,6751,37546362,20869,116065043
2025/11/05,臺股期貨,自營商,18376,101933504,16093,89359573,2283,12573931,6368,35422254,3651,20309383,2717,15112871
2025/11/06,臺股期貨,外資及陸資,57488,321872726,55437,310392911,2051,11479815,17162,96231098,47079,263982596,-29917,-167751498
2025/11/06,臺股期貨,投信,321,1799681,17,95302,304,1704380,27823,155998009,6650,37285220,21173,118712789
2025/11/06,臺股期貨,自營商,7350,41161669,9745,54580404,-2395,-13418734,4953,27778894,4555,25542576,398,2236318
2025/11/07,臺股期貨,外資及陸資,72578,403361087,73459,408318656,-881,-4957568,16556,91796420,47376,262680763,-30820,-170884343
2025/11/07,臺股期貨,投信,58,321619,392,2173850,-334,-1852231,27680,153463466,6841,37927872,20839,115535594
2025/11/07,臺股期貨,自營商,10916,60642901,9691,53830253,1225,6812648,5547,30759814,4035,22373815,1512,8385999
2025/11/10,臺股期貨,外資及陸資,73178,404590812,73199,404659444,-21,-68632,17333,97127249,47922,268533957,-30589,-171406708
2025/11/10,臺股期貨,投信,580,3248120,5,28015,575,3220105,28107,157489152,6693,37502218,21414,119986934
2025/11/10,臺股期貨,自營商,9601,53203395,10145,56299455,-544,-3096059,5219,29248948,4267,23911081,952,5337867
2025/11/11,臺股期貨,外資及陸資,54664,305992200,55574,311131026,-910,-5138825,17165,95377087,48695,270571027,-31530,-175193940
2025/11/11,臺股期貨,投信,76,423037,269,1495464,-193,-1072427,28001,155573818,6780,37669680,21221,117904138
2025/11/11,臺股期貨,自營商,8927,49973338,8009,44847369,918,5125969,6028,33498747,4140,23004813,1888,10493934
2025/11/12,臺股期貨,外資及陸資,52491,293055471,51113,285373684,1378,7681787,19241,107975848,49205,276126129,-29964,-168150281
2025/11/12,臺股期貨,投信,513,2878637,56,314213,457,2564424,28348,159083233,6670,37430706,21678,121652527
2025/11/12,臺股期貨,自營商,7675,42884446,9342,52203356,-1667,-9318911,4316,24218909,4039,22663976,277,1554933
2025/11/13,臺股期貨,外資及陸資,54671,306031793,56221,314725829,-1550,-8694035,18387,102893667,49901,279238763,-31514,-176345096
2025/11/13,臺股期貨,投信,230,1287439,184,1029581,46,257858,28397,158899021,6673,37339439,21724,121559582
2025/11/13,臺股期貨,自營商,9669,54103548,8137,45538763,1532,8564785,5738,32110031,3925,21964885,1813,10145146
2025/11/14,臺股期貨,外資及陸資,72732,401382532,73881,407805425,-1149,-6422893,18329,100475819,52924,290099011,-34595,-189623192
2025/11/14,臺股期貨,投信,1411,7743685,772,4236552,639,3507133,29312,160655528,6949,38086079,22363,122569449
2025/11/14,臺股期貨,自營商,12939,71308948,12290,67725706,649,3583242,6820,37386851,4190,22969987,2630,14416864
2025/11/17,臺股期貨,外資及陸資,131713,723279922,128698,706500793,3015,16779129,19298,106000455,50824,279142045,-31526,-173141590
2025/11/17,臺股期貨,投信,19164,105447203,19592,107919889,-428,-2472686,28879,158616183,6944,38143516,21935,120472667
2025/11/17,臺股期貨,自營商,17975,98654132,19946,109575901,-1971,-10921769,4997,27443494,4218,23172687,779,4270807
2025/11/18,臺股期貨,外資及陸資,108908,590791114,112369,609526457,-3461,-18735343,16232,87070734,51279,275069786,-35047,-187999052
2025/11/18,臺股期貨,投信,16250,87459795,15678,84372949,572,3086846,29787,159788428,7280,39052696,22507,120735732
2025/11/18,臺股期貨,自營商,23365,126603346,20497,111042698,2868,15560648,7064,37891387,3338,17906136,3726,19985251
2025/11/19,臺股期貨,外資及陸資,79205,424557716,78967,423250261,238,1307455,15392,81905278,46439,247113745,-31047,-165208467
2025/11/19,臺股期貨,投信,1454,7757149,770,4112657,684,3644492,30535,162482842,7344,39078893,23191,123403949
2025/11/19,臺股期貨,自營商,17951,96121748,18535,99250171,-584,-3128423,5043,26836630,3196,17008478,1847,9828152
2025/11/20,臺股期貨,外資及陸資,73863,401457967,68154,370397943,5709,31060024,18243,100279307,42410,233120879,-24167,-132841572
2025/11/20,臺股期貨,投信,1139,6258310,228,1250923,911,5007387,31283,171956394,7181,39472521,24102,132483873
2025/11/20,臺股期貨,自營商,6946,37866046,9162,49946705,-2216,-12080659,3854,21185586,4318,23735569,-464,-2549983
2025/11/21,臺股期貨,外資及陸資,91577,492253482,99015,532501108,-7438,-40247626,15579,82495869,48787,258342380,-33208,-175846511
2025/11/21,臺股期貨,投信,425,2252338,489,2590135,-64,-337797,31645,167566604,7607,40280586,24038,127286018
2025/11/21,臺股期貨,自營商,15881,84988705,13222,70672336,2659,14316369,5946,31488783,3737,19789946,2209,11698837
2025/11/24,臺股期貨,外資及陸資,87560,464727368,85650,454590608,1910,10136761,17426,92756045,48612,258755973,-31186,-165999928
2025/11/24,臺股期貨,投信,171,909727,10,53139,161,856587,31807,169302300,7608,40495862,24199,128806438
2025/11/24,臺股期貨,自營商,10671,56651292,11875,63062671,-1204,-6411379,5526,29416911,4568,24314274,958,5102637
2025/11/25,臺股期貨,外資及陸資,59960,321833243,60112,322726898,-152,-893655,17872,96270200,47576,256276900,-29704,-160006700
2025/11/25,臺股期貨,投信,486,2617121,339,1824702,147,792419,32078,172791355,7732,41649191,24346,131142164
2025/11/25,臺股期貨,自營商,7113,38224850,8070,43371621,-957,-5146771,4720,25428034,4719,25418911,1,9123
2025/11/26,臺股期貨,外資及陸資,62924,341028797,62010,336055744,914,4973053,19514,106698980,48171,263388946,-28657,-156689966
2025/11/26,臺股期貨,投信,506,2767359,391,2136359,115,631000,32389,177096574,7928,43348718,24461,133747856
2025/11/26,臺股期貨,自營商,10839,58835607,11180,60722891,-341,-1887284,5150,28158799,5509,30119871,-359,-1961072
2025/11/27,臺股期貨,外資及陸資,53307,292913874,52695,289509707,612,3404167,19133,105534935,47094,259764660,-27961,-154229725
2025/11/27,臺股期貨,投信,1182,6517283,589,3245528,593,3271755,32067,176875159,7013,38682305,25054,138192854
2025/11/27,臺股期貨,自營商,6486,35669476,7514,41341739,-1028,-5672263,4469,24652955,5922,32663291,-1453,-8010336
2025/11/28,臺股期貨,外資及陸資,35034,193995231,33447,185170439,1587,8824792,20704,114854950,47025,260870819,-26321,-146015869
2025/11/28,臺股期貨,投信,88,488161,255,1414452,-167,-926291,31821,176523815,6934,38465672,24887,138058143
2025/11/28,臺股期貨,自營商,5935,32864850,5901,32700657,34,164194,4228,23458396,5730,31785870,-1502,-8327474
2025/12/01,臺股期貨,外資及陸資,42142,232784936,44792,247386108,-2650,-14601172,18268,100133857,47300,259266514,-29032,-159132657
2025/12/01,臺股期貨,投信,46,253241,421,2307813,-375,-2054572,31602,173216882,7090,38861708,24512,134355174
2025/12/01,臺股期貨,自營商,7780,42911262,6366,35106646,1414,7804617,4517,24762542,4534,24852835,-17,-90293
2025/12/02,臺股期貨,外資及陸資,48969,270448504,48300,266776638,669,3671866,18502,101983657,46865,258315932,-28363,-156332275
2025/12/02,臺股期貨,投信,66,363871,479,2640380,-413,-2276510,31134,171604381,7035,38775513,24099,132828868
2025/12/02,臺股期貨,自營商,6676,36877795,7010,38732309,-334,-1854515,4369,24084656,4726,26050165,-357,-1965509
2025/12/03,臺股期貨,外資及陸資,46544,258467701,47405,263197499,-861,-4729798,18808,104429415,48032,266679743,-29224,-162250328
2025/12/03,臺股期貨,投信,284,1577165,360,1997530,-76,-420365,30919,171662288,6896,38286592,24023,133375696
2025/12/03,臺股期貨,自營商,8059,44761070,7395,41074304,664,3686765,4624,25676460,4376,24299078,248,1377382
2025/12/04,臺股期貨,外資及陸資,44010,244286266,44225,245446378,-215,-1160112,19214,106830279,48653,270498513,-29439,-163668234
2025/12/04,臺股期貨,投信,91,505950,2,11086,89,494864,31007,172386517,6895,38333442,24112,134053075
2025/12/04,臺股期貨,自營商,5928,32900349,5792,32165178,136,735171,4840,26913022,4455,24772882,385,2140140
2025/12/05,臺股期貨,外資及陸資,42467,236514911,39917,222288802,2550,14226108,21744,121822041,48567,272081409,-26823,-150259368
2025/12/05,臺股期貨,投信,183,1024881,9,50385,174,974496,31065,174026130,6779,37975958,24286,136050172
2025/12/05,臺股期貨,自營商,6152,34270689,7456,41554917,-1304,-7284227,4590,25719032,5509,30868567,-919,-5149535
2025/12/08,臺股期貨,外資及陸資,40397,227310859,41042,230922698,-645,-3611839,22295,126131406,49758,281479862,-27463,-155348456
2025/12/08,臺股期貨,投信,237,1340533,50,282749,187,1057784,31117,176022646,6644,37583779,24473,138438867
2025/12/08,臺股期貨,自營商,5858,32990976,5920,33345165,-62,-354190,4633,26213401,5607,31723490,-974,-5510089
2025/12/09,臺股期貨,外資及陸資,33839,191252318,37736,213252587,-3897,-22000269,20194,113977780,51621,291329675,-31427,-177351895
2025/12/09,臺股期貨,投信,96,541818,243,1371496,-147,-829678,30973,174793028,6647,37511680,24326,137281348
2025/12/09,臺股期貨,自營商,5428,30673024,3990,22558463,1438,8114561,5544,31294031,5087,28716655,457,2577376
2025/12/10,臺股期貨,外資及陸資,38840,219845512,36112,204399972,2728,15445540,21765,123640944,50394,286248670,-28629,-162607726
2025/12/10,臺股期貨,投信,662,3760240,79,448713,583,3311527,31481,178812080,6572,37328960,24909,141483120
2025/12/10,臺股期貨,自營商,5197,29426453,6774,38373120,-1577,-8946667,4622,26258696,5752,32679336,-1130,-6420640
2025/12/11,臺股期貨,外資及陸資,54488,308694966,56812,321920796,-2324,-13225830,21050,118331212,52058,292596295,-31008,-174265083
2025/12/11,臺股期貨,投信,74,416514,481,2703357,-407,-2286843,31196,175328319,6694,37621619,24502,137706700
2025/12/11,臺股期貨,自營商,9681,54792596,8136,46074599,1545,8717997,5614,31561896,5219,29349308,395,2212588
2025/12/12,臺股期貨,外資及陸資,52557,296944973,50668,286276224,1889,10668749,22121,125222046,51153,289463895,-29032,-164241849
2025/12/12,臺股期貨,投信,476,2693032,742,4195764,-266,-1502732,30792,174224380,6556,37094256,24236,137130124
2025/12/12,臺股期貨,自營商,9078,51296329,9699,54823834,-621,-3527504,5310,30056133,5528,31310820,-218,-1254687
2025/12/15,臺股期貨,外資及陸資,96073,537077887,100727,563486651,-4654,-26408763,20312,113620074,53998,301868196,-33686,-188248122
2025/12/15,臺股期貨,投信,19845,111178164,19942,111450558,-97,-272394,30625,171279282,6486,36264798,24139,135014484
2025/12/15,臺股期貨,自營商,12893,72104872,10892,60909619,2001,11195253,7696,42991962,6129,34312036,1567,8679926
2025/12/16,臺股期貨,外資及陸資,90529,500901450,91056,503987990,-527,-3086541,17364,96264842,51577,285817748,-34213,-189552906
2025/12/16,臺股期貨,投信,17512,96814597,16654,91860441,858,4954156,31370,173964744,6373,35338761,24997,138625983
2025/12/16,臺股期貨,自營商,17065,94450482,16994,94033623,71,416859,7997,44278517,6323,35053400,1674,9225117
2025/12/17,臺股期貨,外資及陸資,59377,328974800,59651,330529835,-274,-1555035,16177,89587014,45209,250368086,-29032,-160781072
2025/12/17,臺股期貨,投信,670,3710493,487,2699197,183,1011296,31388,173820511,6208,34378662,25180,139441849
2025/12/17,臺股期貨,自營商,13136,72763662,12618,69894040,518,2869621,5329,29518505,5408,29951951,-79,-433446
2025/12/18,臺股期貨,外資及陸資,67780,374742529,66126,365571975,1654,9170555,16867,93103525,45598,251693049,-28731,-158589524
2025/12/18,臺股期貨,投信,467,2579151,121,666757,346,1912394,31855,175826899,6329,34933548,25526,140893351
2025/12/18,臺股期貨,自營商,9537,52692202,10788,59619020,-1251,-6926817,5678,31349777,7022,38764217,-1344,-7414440
2025/12/19,臺股期貨,外資及陸資,57988,322923628,54963,306013808,3025,16909820,20240,112931802,44668,249230590,-24428,-136298788
2025/12/19,臺股期貨,投信,790,4407638,227,1266689,563,3140950,32346,180471309,6257,34910306,26089,145561003
2025/12/19,臺股期貨,自營商,8149,45399324,9675,53904228,-1526,-8504903,4237,23650071,7107,39658774,-2870,-16008703
2025/12/22,臺股期貨,外資及陸資,44134,248671306,45558,256735533,-1424,-8064227,20106,113971401,45958,260509033,-25852,-146537632
2025/12/22,臺股期貨,投信,1371,7762287,143,810470,1228,6951817,33015,187135662,5698,32297404,27317,154838258
2025/12/22,臺股期貨,自營商,6104,34433979,6848,38647034,-744,-4213055,4021,22801792,7637,43294565,-3616,-20492773
2025/12/23,臺股期貨,外資及陸資,29860,169452357,29458,167166318,402,2286039,20004,113689634,45445,258273765,-25441,-144584131
2025/12/23,臺股期貨,投信,573,3256316,89,505675,484,2750641,33496,190357808,5695,32364685,27801,157993123
2025/12/23,臺股期貨,自營商,4301,24416238,4902,27838453,-601,-3422215,3988,22674324,8204,46630568,-4216,-23956244
2025/12/24,臺股期貨,外資及陸資,30204,171891813,30230,172040064,-26,-148251,21338,121497851,45822,260895113,-24484,-139397262
2025/12/24,臺股期貨,投信,671,3820676,198,1127480,473,2693196,33968,193393455,5694,32418220,28274,160975235
2025/12/24,臺股期貨,自營商,4989,28393617,5816,33112490,-827,-4718873,3732,21258426,8777,49981650,-5045,-28723224
2025/12/26,臺股期貨,外資及陸資,26112,149374681,25104,143583650,1008,5791031,22479,128938253,45955,263581950,-23476,-134643697
2025/12/26,臺股期貨,投信,636,3648566,96,550699,540,3097866,34436,197504277,5622,32244419,28814,165259858
2025/12/26,臺股期貨,自營商,5073,29027591,6336,36273328,-1263,-7245737,3451,19803712,9760,55987837,-6309,-36184125
2025/12/29,臺股期貨,外資及陸資,32009,184469807,30770,177355544,1239,7114262,24408,141288533,46581,269624572,-22173,-128336039
2025/12/29,臺股期貨,投信,140,810202,1002,5798393,-862,-4988190,33474,193747555,5522,31961336,27952,161786219
2025/12/29,臺股期貨,自營商,5584,32224193,5726,33034966,-142,-810773,3427,19848634,9876,57177250,-6449,-37328616
2025/12/30,臺股期貨,外資及陸資,32800,189066174,36886,212621603,-4086,-23555429,21047,121563034,47306,273208091,-26259,-151645057
2025/12/30,臺股期貨,投信,215,1241973,987,5699784,-772,-4457811,32702,188854097,5522,31889550,27180,156964547
2025/12/30,臺股期貨,自營商,7636,44026318,4634,26730213,3002,17296105,4784,27640793,8226,47523195,-3442,-19882402
2025/12/31,臺股期貨,外資及陸資,34966,202272961,33766,195322497,1200,6950464,20994,121841163,46053,267252492,-25059,-145411329
2025/12/31,臺股期貨,投信,192,1114129,676,3919558,-484,-2805429,32200,186850209,5504,31938611,26696,154911598
2025/12/31,臺股期貨,自營商,7694,44515653,7274,42104784,420,2410869,4388,25478597,7406,42996785,-3018,-17518188
2026/01/02,臺股期貨,外資及陸資,43512,254305809,41607,243191853,1905,11113956,23061,135991763,46215,272490720,-23154,-136498957
2026/01/02,臺股期貨,投信,411,2422527,71,418621,340,2003906,32414,191106507,5378,31707612,27036,159398895
2026/01/02,臺股期貨,自營商,7971,46660808,8721,51068160,-750,-4407352,4160,24538177,7911,46661279,-3751,-22123102
2026/01/05,臺股期貨,外資及陸資,73660,441906276,75638,453896818,-1978,-11990543,23747,143995715,48848,296127008,-25101,-152131293
2026/01/05,臺股期貨,投信,502,3044217,45,272710,457,2771507,32819,198942269,5326,32285147,27493,166657122
2026/01/05,臺股期貨,自營商,14288,85968754,15008,90325189,-720,-4356434,4134,25072809,8614,52243162,-4480,-27170353
2026/01/06,臺股期貨,外資及陸資,45204,274748577,49583,301457830,-4379,-26709253,21970,134642423,51490,315422118,-29520,-180779695
2026/01/06,臺股期貨,投信,375,2288797,351,2150481,24,138316,32722,200435407,5205,31882707,27517,168552700
2026/01/06,臺股期貨,自營商,10196,62054443,8097,49261278,2099,12793164,5484,33606398,7915,48519981,-2431,-14913583
2026/01/07,臺股期貨,外資及陸資,46379,283425113,46345,283234606,34,190507,22073,134783099,51495,314315216,-29422,-179532117
2026/01/07,臺股期貨,投信,0,0,536,3272606,-536,-3272606,32218,196632966,5237,31962458,26981,164670508
2026/01/07,臺股期貨,自營商,10549,64474071,10245,62615957,304,1858114,5202,31770876,7283,44496563,-2081,-12725687
2026/01/08,臺股期貨,外資及陸資,48574,296220761,45199,275667093,3375,20553668,22422,136645011,48469,295283972,-26047,-158638961
2026/01/08,臺股期貨,投信,53,323312,203,1237157,-150,-913845,32068,195345494,5237,31901709,26831,163443785
2026/01/08,臺股期貨,自營商,7802,47603059,9158,55864128,-1356,-8261069,4414,26916146,7791,47505381,-3377,-20589235
2026/01/09,臺股期貨,外資及陸資,56933,345984805,57431,349039050,-498,-3054245,22795,138894702,49378,300776313,-26583,-161881611
2026/01/09,臺股期貨,投信,7,42635,285,1735695,-278,-1693061,31828,193851682,5275,32127915,26553,161723767
2026/01/09,臺股期貨,自營商,13412,81438194,13220,80291760,192,1146434,4691,28605397,7881,48051508,-3190,-19446111
2026/01/12,臺股期貨,外資及陸資,47572,291623725,47908,293727902,-336,-2104177,23261,142894192,50153,307979645,-26892,-165085453
2026/01/12,臺股期貨,投信,191,1172801,316,1940244,-125,-767443,31625,194177572,5197,31909580,26428,162267992
2026/01/12,臺股期貨,自營商,10183,62462745,9453,57995203,730,4467542,5036,30957380,7493,46071355,-2457,-15113975
2026/01/13,臺股期貨,外資及陸資,57736,356368291,61073,377065222,-3337,-20696932,23109,142748873,53226,328659641,-30117,-185910768
2026/01/13,臺股期貨,投信,94,580187,206,1269912,-112,-689726,31459,194227938,5143,31752882,26316,162475056
2026/01/13,臺股期貨,自營商,13100,80881962,12026,74238859,1074,6643103,5639,34853540,7068,43708822,-1429,-8855282
2026/01/14,臺股期貨,外資及陸資,48505,300727790,52357,324625325,-3852,-23897535,23313,144532124,57270,354894410,-33957,-210362286
2026/01/14,臺股期貨,投信,30,185971,294,1821931,-264,-1635960,31171,193135593,5119,31717324,26052,161418269
2026/01/14,臺股期貨,自營商,12341,76557552,11106,68906113,1235,7651439,6766,41967362,6982,43344630,-216,-1377268
2026/01/15,臺股期貨,外資及陸資,53630,330860105,53870,332365711,-240,-1505605,23635,146828653,58765,364988548,-35130,-218159895
2026/01/15,臺股期貨,投信,508,3154123,49,303102,459,2851021,31630,196422796,5119,31788990,26511,164633806
2026/01/15,臺股期貨,自營商,10975,67750935,11318,69885724,-343,-2134789,7373,45834223,7925,49273616,-552,-3439393
2026/01/16,臺股期貨,外資及陸資,74313,466366244,72424,454468188,1889,11898056,26095,164446420,59344,373689686,-33249,-209243266
2026/01/16,臺股期貨,投信,616,3880969,130,818442,486,3062527,32030,201639642,5033,31683742,26997,169955900
2026/01/16,臺股期貨,自營商,16195,101612754,15733,98753159,462,2859595,6851,43157676,6968,43937463,-117,-779787
2026/01/19,臺股期貨,外資及陸資,79052,498427775,79529,501701050,-477,-3273275,22781,144601937,56507,358457207,-33726,-213855270
2026/01/19,臺股期貨,投信,19505,123611938,19308,122035110,197,1576827,32149,204050106,4955,31453408,27194,172596698
2026/01/19,臺股期貨,自營商,13182,83093563,12892,81351854,290,1741709,7522,47687341,7366,46790485,156,896856
2026/01/20,臺股期貨,外資及陸資,77565,490688936,76528,484343719,1037,6345217,21969,139618088,54644,347080816,-32675,-207462728
2026/01/20,臺股期貨,投信,14315,91008089,14543,92201276,-228,-1193187,31920,202899262,4950,31476060,26970,171423202
2026/01/20,臺股期貨,自營商,14058,88900540,13718,86825822,340,2074718,7182,45539332,6699,42584949,483,2954383
2026/01/21,臺股期貨,外資及陸資,83179,523631534,83202,523827341,-23,-195807,20490,128970735,44963,283023357,-24473,-154052622
2026/01/21,臺股期貨,投信,308,1950297,677,4266257,-369,-2315960,28931,182097500,5041,31729062,23890,150368438
2026/01/21,臺股期貨,自營商,22232,139944633,20844,131215823,1388,8728810,3044,19177491,5969,37589252,-2925,-18411761
2026/01/22,臺股期貨,外資及陸資,71403,454172153,71214,452950244,189,1221909,20380,129877017,44673,284706728,-24293,-154829711
2026/01/22,臺股期貨,投信,516,3289552,286,1824177,230,1465376,29232,186283843,5112,32576731,24120,153707112
2026/01/22,臺股期貨,自營商,11112,70740935,11393,72529393,-281,-1788458,2928,18677739,6154,39235512,-3226,-20557773
2026/01/23,臺股期貨,外資及陸資,53066,340096915,51439,329601184,1627,10495731,21267,136788429,43933,282591479,-22666,-145803050
2026/01/23,臺股期貨,投信,746,4796764,103,662057,643,4134707,29799,191661208,5036,32390545,24763,159270663
2026/01/23,臺股期貨,自營商,8819,56512257,9958,63829442,-1139,-7317185,2634,16961157,6980,44913396,-4346,-27952239
2026/01/26,臺股期貨,外資及陸資,49769,320158857,53630,344947896,-3861,-24789039,17833,114669203,44360,285255696,-26527,-170586493
2026/01/26,臺股期貨,投信,757,4867770,82,527202,675,4340568,30503,196134290,5065,32567950,25438,163566340
2026/01/26,臺股期貨,自營商,8504,54698248,6722,43242216,1782,11456032,3436,22111901,5991,38540219,-2555,-16428318
2026/01/27,臺股期貨,外資及陸資,48951,316550168,47739,308717758,1212,7832410,19233,125036487,44551,289640638,-25318,-164604151
2026/01/27,臺股期貨,投信,406,2638854,77,500473,329,2138382,30762,199983762,4995,32472495,25767,167511267
2026/01/27,臺股期貨,自營商,8223,53223847,8495,54978392,-272,-1754545,3400,22118261,6236,40555560,-2836,-18437299
2026/01/28,臺股期貨,外資及陸資,41588,272176539,44202,289235182,-2614,-17058643,18558,122207743,46490,306152370,-27932,-183944627
2026/01/28,臺股期貨,投信,763,5024977,68,447795,695,4577182,31336,206347560,4874,32095290,26462,174252270
2026/01/28,臺股期貨,自營商,8807,57670341,8525,55839564,282,1830777,3710,24445037,6287,41414373,-2577,-16969336
2026/01/29,臺股期貨,外資及陸資,62742,412348555,67512,443820243,-4770,-31471688,17591,115310072,50293,329682362,-32702,-214372290
2026/01/29,臺股期貨,投信,11,72092,88,576911,-77,-504819,31283,205053808,4898,32105410,26385,172948398
2026/01/29,臺股期貨,自營商,12369,81264487,10525,69149672,1844,12114815,5413,35496807,6241,40931494,-828,-5434687
2026/01/30,臺股期貨,外資及陸資,79742,515683290,79684,515327649,58,355641,17509,112945991,50179,323705906,-32670,-210759915
2026/01/30,臺股期貨,投信,110,709631,928,5989595,-818,-5279964,30605,197414492,5038,32497115,25567,164917377
2026/01/30,臺股期貨,自營商,16304,105364029,15868,102580241,436,2783788,6250,40338122,6646,42895727,-396,-2557605
2026/02/02,臺股期貨,外資及陸資,104925,667828911,99850,635515192,5075,32313720,21490,135891213,49163,310899625,-27673,-175008412
2026/02/02,臺股期貨,投信,359,2270260,526,3326859,-167,-1056600,30636,193718656,5236,33108275,25400,160610381
2026/02/02,臺股期貨,自營商,17302,110010174,16705,106294944,597,3715230,6542,41394779,6331,40056173,211,1338606
2026/02/03,臺股期貨,外資及陸資,68492,440249132,67400,433312783,1092,6936349,22831,147424776,49327,318530535,-26496,-171105759
2026/02/03,臺股期貨,投信,1032,6662449,253,1625634,779,5036815,31227,201627678,5048,32593926,26179,169033752
2026/02/03,臺股期貨,自營商,10207,65636876,11172,71844882,-965,-6208006,6075,39254187,6843,44206272,-768,-4952085
2026/02/04,臺股期貨,外資及陸資,73487,473598238,72690,468581747,797,5016491,22837,148067426,48536,314706709,-25699,-166639283
2026/02/04,臺股期貨,投信,403,2611100,141,914355,262,1696745,31460,203962610,5019,32539181,26441,171423429
2026/02/04,臺股期貨,自營商,12013,77516793,11445,73872217,568,3644576,7076,45906632,7373,47828373,-297,-1921741
2026/02/05,臺股期貨,外資及陸資,86741,556797144,87729,563328808,-988,-6531664,23294,148641344,50037,319319998,-26743,-170678654
2026/02/05,臺股期貨,投信,136,868998,492,3138434,-356,-2269437,31267,199498805,5182,33063233,26085,166435572
2026/02/05,臺股期貨,自營商,13587,87150739,10676,68489859,2911,18660880,8882,56710887,6406,40910101,2476,15800786
2026/02/06,臺股期貨,外資及陸資,106618,675689404,104982,665226117,1636,10463287,22080,140399032,47182,300041857,-25102,-159642825
2026/02/06,臺股期貨,投信,333,2117178,559,3548978,-226,-1431800,31115,197828498,5256,33416597,25859,164411901
2026/02/06,臺股期貨,自營商,16526,104572941,17748,112459504,-1222,-7886563,8489,54019957,7218,45932494,1271,8087463
2026/02/09,臺股期貨,外資及陸資,72878,473018918,72715,472041203,163,977715,24970,163108997,48555,317181575,-23585,-154072578
2026/02/09,臺股期貨,投信,5179,33856625,4190,27366782,989,6489843,31865,208131369,5017,32770290,26848,175361079
2026/02/09,臺股期貨,自營商,10837,70477973,12817,83337013,-1980,-12859040,5997,39191276,6654,43494872,-657,-4303596
2026/02/10,臺股期貨,外資及陸資,96116,634681012,97509,644072054,-1393,-9391042,29343,195796710,54227,362020760,-24884,-166224050
2026/02/10,臺股期貨,投信,19392,128803568,18053,119640848,1339,9162720,32800,219096835,4613,30802343,28187,188294492
2026/02/10,臺股期貨,自營商,15252,100783995,17134,113319054,-1882,-12535060,6590,43954965,9364,62559023,-2774,-18604058
2026/02/11,臺股期貨,外資及陸資,92045,617859647,94814,636755112,-2769,-18895465,29426,198852903,57091,386047536,-27665,-187194633
2026/02/11,臺股期貨,投信,13543,91640556,12815,86486677,728,5153879,33372,225837768,4457,30163193,28915,195674575
2026/02/11,臺股期貨,自營商,13892,93320501,12856,86389183,1036,6931318,6973,47065169,8844,59818223,-1871,-12753054
2026/02/23,臺股期貨,外資及陸資,77230,525561248,82494,561540556,-5264,-35979308,20336,138167388,51188,347790987,-30852,-209623599
2026/02/23,臺股期貨,投信,745,5073694,417,2834838,328,2238856,33726,229141189,4483,30458399,29243,198682790
2026/02/23,臺股期貨,自營商,15343,104647637,14719,100415617,624,4232019,3646,24789283,7091,48209557,-3445,-23420274
2026/02/24,臺股期貨,外資及陸資,63394,436267624,61956,426753888,1438,9513735,23438,163302679,52810,367965869,-29372,-204663190
2026/02/24,臺股期貨,投信,1025,7139727,89,620364,936,6519363,34649,241413443,4470,31144278,30179,210269165
2026/02/24,臺股期貨,自營商,9753,67329991,10557,72877912,-804,-5547921,4218,29406642,8458,58959431,-4240,-29552789
2026/02/25,臺股期貨,外資及陸資,67330,475223392,73683,520191236,-6353,-44967843,22000,156155062,57753,409950230,-35753,-253795168
2026/02/25,臺股期貨,投信,958,6798713,100,709615,858,6089098,35374,251077577,4337,30783159,31037,220294418
2026/02/25,臺股期貨,自營商,12782,90374180,11998,84858528,784,5515652,4705,33419062,8095,57493616,-3390,-24074554
2026/02/26,臺股期貨,外資及陸資,57709,410603551,58154,413822835,-445,-3219284,21917,156100571,58085,413725603,-36168,-257625032
2026/02/26,臺股期貨,投信,309,2201256,98,697808,211,1503448,35582,253422120,4334,30867615,31248,222554505
2026/02/26,臺股期貨,自營商,7495,53345121,8001,56946643,-506,-3601522,4481,31938362,8310,59221555,-3829,-27283193
2026/03/02,臺股期貨,外資及陸資,85902,606121500,89427,631042453,-3525,-24920954,18093,127517395,59367,418436641,-41274,-290919246
2026/03/02,臺股期貨,投信,404,2848010,207,1458943,197,1389067,35847,252635317,4402,31023535,31445,221611782
2026/03/02,臺股期貨,自營商,14171,100037587,12106,85411124,2065,14626463,6178,43562584,7966,56183376,-1788,-12620792
2026/03/03,臺股期貨,外資及陸資,114050,795223006,113127,789096598,923,6126408,19351,132877537,59772,410471235,-40421,-277593698
2026/03/03,臺股期貨,投信,278,1909853,1030,7080800,-752,-5170947,35246,242006085,4553,31261809,30693,210744276
2026/03/03,臺股期貨,自營商,18604,129529112,16774,116683544,1830,12845567,7434,51076935,7374,50682167,60,394768
2026/03/04,臺股期貨,外資及陸資,172476,1149763691,173748,1158737190,-1272,-8973499,19134,125818166,60767,399554348,-41633,-273736182
2026/03/04,臺股期貨,投信,726,4776683,870,5723200,-144,-946517,35473,233206597,4924,32371361,30549,200835236
2026/03/04,臺股期貨,自營商,32058,213635782,27160,180812414,4898,32823368,11130,73199323,6059,39860359,5071,33338964
2026/03/05,臺股期貨,外資及陸資,118598,798157017,118242,795852015,356,2305002,15797,106392015,56931,383389822,-41134,-276997807
2026/03/05,臺股期貨,投信,1900,12794467,358,2417878,1542,10376589,36769,247573031,4678,31497910,32091,216075121
2026/03/05,臺股期貨,自營商,11679,78726842,13372,90112449,-1693,-11385607,9673,65158992,6273,42261053,3400,22897939
2026/03/06,臺股期貨,外資及陸資,123851,828183200,121647,813515052,2204,14668148,16819,113397231,55749,375837092,-38930,-262439861
2026/03/06,臺股期貨,投信,413,2784025,138,930849,275,1853176,37044,249698786,4678,31532527,32366,218166259
2026/03/06,臺股期貨,自營商,12061,80775672,12536,83984944,-475,-3209272,9345,63016877,6425,43329855,2920,19687022
2026/03/09,臺股期貨,外資及陸資,134512,870548372,136124,881049867,-1612,-10501495,13164,84012806,53626,342186688,-40462,-258173882
2026/03/09,臺股期貨,投信,1639,10488304,598,3823789,1041,6664515,38564,246053746,5157,32903723,33407,213150023
2026/03/09,臺股期貨,自營商,20634,132293856,18585,119274359,2049,13019497,10099,64445800,5096,32521587,5003,31924213
2026/03/10,臺股期貨,外資及陸資,112116,732129109,110388,721221221,1728,10907888,14595,95535457,51451,336720904,-36856,-241185447
2026/03/10,臺股期貨,投信,1714,11218805,88,574667,1626,10644138,39856,260793750,4823,31558818,35033,229234932
2026/03/10,臺股期貨,自營商,11867,77747600,13757,90138154,-1890,-12390554,9261,60619343,6165,40352676,3096,20266667
2026/03/11,臺股期貨,外資及陸資,97798,653295677,101921,681097070,-4123,-27801393,14944,101669499,55902,380264558,-40958,-278595059
2026/03/11,臺股期貨,投信,1547,10532490,9,61220,1538,10471271,41108,279567286,4537,30855230,36571,248712056
2026/03/11,臺股期貨,自營商,12693,85251414,13709,92025870,-1016,-6774456,8618,58638618,6488,44142860,2130,14495758
2026/03/12,臺股期貨,外資及陸資,88995,599259411,91039,613132824,-2044,-13873413,12194,81775134,55258,370483457,-43064,-288708323
2026/03/12,臺股期貨,投信,147,993815,362,2426200,-215,-1432385,41026,274972662,4670,31300208,36356,243672454
2026/03/12,臺股期貨,自營商,12602,84798614,10277,69133211,2325,15665402,10261,68832055,5728,38420690,4533,30411365
2026/03/13,臺股期貨,外資及陸資,100943,668963926,98290,651560009,2653,17403917,12916,86091731,53263,354924072,-40347,-268832341
2026/03/13,臺股期貨,投信,1137,7586569,897,5972123,240,1614446,41371,275578856,4775,31805320,36596,243773536
2026/03/13,臺股期貨,自營商,15640,103828906,14784,98185531,856,5643375,11704,78031194,6295,41962649,5409,36068545
2026/03/16,臺股期貨,外資及陸資,130397,867114613,128556,855403022,1841,11711591,13733,91470845,52245,348216248,-38512,-256745403
2026/03/16,臺股期貨,投信,25051,167531016,26307,175439740,-1256,-7908724,40075,267176708,4735,31559112,35340,235617596
2026/03/16,臺股期貨,自營商,18796,125195616,18495,123305258,301,1890359,11360,75647838,5704,38013471,5656,37634367
2026/03/17,臺股期貨,外資及陸資,90806,612656960,88529,597581432,2277,15075528,16754,113451102,52912,358680530,-36158,-245229428
2026/03/17,臺股期貨,投信,19321,131025053,18371,124271038,950,6754015,40880,277289987,4590,31135806,36290,246154181
2026/03/17,臺股期貨,自營商,10697,72200813,13428,90680090,-2731,-18479278,9235,62498756,6279,42544977,2956,19953779
2026/03/18,臺股期貨,外資及陸資,64836,443717544,65710,449670662,-874,-5953117,13055,90231324,47604,329030801,-34549,-238799477
2026/03/18,臺股期貨,投信,1420,9806231,709,4873850,711,4932381,41449,286478908,4448,30742797,37001,255736111
2026/03/18,臺股期貨,自營商,14569,99799723,15214,104301330,-645,-4501607,2703,18691793,5830,40298815,-3127,-21607022
2026/03/19,臺股期貨,外資及陸資,74135,504287711,78004,531029072,-3869,-26741360,9789,65703779,50614,339731922,-40825,-274028143
2026/03/19,臺股期貨,投信,70,471306,764,5132335,-694,-4661029,40974,275009293,4667,31323971,36307,243685322
2026/03/19,臺股期貨,自營商,12285,83517966,7964,54081559,4321,29436407,5703,38297019,4525,30385314,1178,7911705
2026/03/20,臺股期貨,外資及陸資,98492,658570123,94051,628836183,4441,29733940,10562,70892996,46928,314990158,-36366,-244097162
2026/03/20,臺股期貨,投信,430,2887350,77,516703,353,2370648,41314,277291305,4654,31236717,36660,246054588
2026/03/20,臺股期貨,自營商,10462,70143279,12218,81977706,-1756,-11834426,4149,27865863,4735,31796743,-586,-3930880
2026/03/23,臺股期貨,外資及陸資,94994,624418141,96252,632782630,-1258,-8364488,8931,58160267,46648,303775271,-37717,-245615004
2026/03/23,臺股期貨,投信,1121,7308230,320,2085934,801,5222296,42310,275514258,4849,31575718,37461,243938540
2026/03/23,臺股期貨,自營商,10096,66010079,9544,62405419,552,3604660,4562,29718817,4616,30070354,-54,-351537
2026/03/24,臺股期貨,外資及陸資,121234,801692875,117789,779030589,3445,22662286,10873,71289694,44981,294918317,-34108,-223628623
2026/03/24,臺股期貨,投信,450,2954118,130,856649,320,2097470,42735,280179207,4954,32479415,37781,247699792
2026/03/24,臺股期貨,自營商,10142,66836779,10881,71870542,-739,-5033763,3838,25176916,4626,30339110,-788,-5162194
2026/03/25,臺股期貨,外資及陸資,81604,544311333,83486,556833397,-1882,-12522064,9961,66988854,45908,308730013,-35947,-241741159
2026/03/25,臺股期貨,投信,1420,9548653,172,1158549,1248,8390104,43837,294786290,4808,32331877,39029,262454413
2026/03/25,臺股期貨,自營商,7331,49045950,9098,60964954,-1767,-11919004,2990,20123861,5469,36787186,-2479,-16663325
2026/03/26,臺股期貨,外資及陸資,74567,502633686,75746,510527097,-1179,-7893411,10102,67571803,47167,315482281,-37065,-247910478
2026/03/26,臺股期貨,投信,100,668021,645,4307346,-545,-3639325,43360,290000352,4876,32611663,38484,257388689
2026/03/26,臺股期貨,自營商,7142,48089664,6450,43492548,692,4597116,3560,23830664,5332,35676536,-1772,-11845872
2026/03/27,臺股期貨,外資及陸資,71254,470739088,74082,489344627,-2828,-18605539,8029,53202832,47948,317688466,-39919,-264485634
2026/03/27,臺股期貨,投信,77,510261,392,2597760,-315,-2087499,43167,285990008,4998,33112750,38169,252877258
2026/03/27,臺股期貨,自營商,7842,51704998,6991,46195740,851,5509258,4263,28268579,5207,34515313,-944,-6246734
2026/03/30,臺股期貨,外資及陸資,77702,505285607,75037,488129268,2665,17156339,8986,58381730,46268,300579909,-37282,-242198179
2026/03/30,臺股期貨,投信,163,1059924,862,5603262,-699,-4543338,42613,276814048,5143,33408928,37470,243405120
2026/03/30,臺股期貨,自營商,8340,54170110,7182,46693206,1158,7476904,4447,28913355,4247,27603493,200,1309862
2026/03/31,臺股期貨,外資及陸資,86706,559233989,86638,558848718,68,385271,10045,64208755,47259,302055909,-37214,-237847154
2026/03/31,臺股期貨,投信,432,2761173,247,1578127,185,1183046,42903,274184492,5248,33538918,37655,240645574
2026/03/31,臺股期貨,自營商,10450,67206264,10036,64499689,414,2706575,4699,30066991,4079,26093920,620,3973071
2026/04/01,臺股期貨,外資及陸資,85126,557489505,80802,529398394,4324,28091111,14923,99663976,46296,309187865,-31373,-209523889
2026/04/01,臺股期貨,投信,1475,9843880,215,1434156,1260,8409724,43996,293796489,5081,33929902,38915,259866587
2026/04/01,臺股期貨,自營商,7308,48130258,11573,76277882,-4265,-28147624,3315,22176544,6865,45862595,-3550,-23686051
2026/04/02,臺股期貨,外資及陸資,86899,577591911,90367,600794551,-3468,-23202640,11742,76346171,46597,302959551,-34855,-226613380
2026/04/02,臺股期貨,投信,141,920072,1043,6792037,-902,-5871964,43302,281506302,5289,34383789,38013,247122513
2026/04/02,臺股期貨,自營商,8901,58866292,6242,41356737,2659,17509556,4298,27980050,5033,32740773,-735,-4760723
2026/04/07,臺股期貨,外資及陸資,68593,450748643,65088,427859453,3505,22889190,14038,93160629,45388,301201353,-31350,-208040724
2026/04/07,臺股期貨,投信,623,4133609,360,2388181,263,1745428,43389,287903371,5113,33926800,38276,253976571
2026/04/07,臺股期貨,自營商,4789,31639924,6275,41470638,-1486,-9830715,3993,26535451,6294,41785169,-2301,-15249718
2026/04/08,臺股期貨,外資及陸資,87926,596854072,89075,604769854,-1149,-7915782,14559,101973856,47037,329439405,-32478,-227465549
2026/04/08,臺股期貨,投信,2461,17210967,453,3169952,2008,14041015,44663,312783922,4379,30667013,40284,282116909
2026/04/08,臺股期貨,自營商,10137,69737317,13751,94886784,-3614,-25149467,3522,24706284,9432,66075887,-5910,-41369603
2026/04/09,臺股期貨,外資及陸資,61592,431504225,62496,437800729,-904,-6296504,13893,97061372,47292,330372390,-33399,-233311018
2026/04/09,臺股期貨,投信,353,2468636,683,4765014,-330,-2296377,44325,309604419,4371,30530561,39954,279073858
2026/04/09,臺股期貨,自營商,7941,55558361,6581,46068997,1360,9489364,3938,27558820,8541,59690798,-4603,-32131978
2026/04/10,臺股期貨,外資及陸資,54119,381464634,55123,388593734,-1004,-7129099,13115,93347661,47518,338104718,-34403,-244757057
2026/04/10,臺股期貨,投信,1528,10877833,936,6654077,592,4223757,44782,318581850,4236,30134057,40546,288447793
2026/04/10,臺股期貨,自營商,6873,48586475,8573,60644965,-1700,-12058489,3556,25353503,9851,70116548,-6295,-44763045
2026/04/13,臺股期貨,外資及陸資,84575,601382806,86167,613386538,-1592,-12003732,15086,107361580,51082,363369580,-35996,-256008000
2026/04/13,臺股期貨,投信,26806,191318803,27619,196178810,-813,-4860007,43999,313002536,4266,30328458,39733,282674078
2026/04/13,臺股期貨,自營商,13325,94757660,13960,99477655,-635,-4719995,3842,27354145,11166,79478184,-7324,-52124039
2026/04/14,臺股期貨,外資及陸資,73399,530675790,74093,536503194,-694,-5827405,16327,119486355,52991,388053117,-36664,-268566762
2026/04/14,臺股期貨,投信,22293,162849900,20831,151432160,1462,11417740,45225,331470186,4030,29539094,41195,301931092
2026/04/14,臺股期貨,自營商,12028,87207326,13838,100438096,-1810,-13230769,3340,24434510,12548,91858248,-9208,-67423738
2026/04/15,臺股期貨,外資及陸資,51954,383184671,53788,396789391,-1834,-13604720,16346,120911393,53129,393014145,-36783,-272102752
2026/04/15,臺股期貨,投信,1981,14672823,931,6881575,1050,7791248,46195,341704415,3950,29218150,42245,312486265
2026/04/15,臺股期貨,自營商,13060,96429342,12415,91691091,645,4738251,2975,22024081,10378,76784107,-7403,-54760026
2026/04/16,臺股期貨,外資及陸資,46019,342929609,48086,358290069,-2067,-15360459,16924,127438275,56607,426266050,-39683,-298827775
2026/04/16,臺股期貨,投信,763,5733613,383,2882630,380,2850983,46486,350030283,3861,29072558,42625,320957725
2026/04/16,臺股期貨,自營商,8070,60181904,7426,55391017,644,4790887,3499,26367500,10277,77407027,-6778,-51039527
2026/04/17,臺股期貨,外資及陸資,55411,412322471,56878,423240064,-1467,-10917593,18245,135300683,59396,440482591,-41151,-305181908
2026/04/17,臺股期貨,投信,300,2224646,633,4693176,-333,-2468530,46238,342882513,3946,29261958,42292,313620555
2026/04/17,臺股期貨,自營商,9363,69688397,8066,60034556,1297,9653841,3888,28852790,9356,69404507,-5468,-40551717
2026/04/20,臺股期貨,外資及陸資,53905,404996698,54540,409786892,-635,-4790194,18280,136154014,60898,453600927,-42618,-317446913
2026/04/20,臺股期貨,投信,421,3142156,611,4557920,-190,-1415764,46043,342928264,3941,29352568,42102,313575696
2026/04/20,臺股期貨,自營商,7924,59467525,6759,50753103,1165,8714422,4020,29964329,8284,61725800,-4264,-31761471
2026/04/21,臺股期貨,外資及陸資,56915,429758319,55580,419635622,1335,10122697,20082,152820546,61377,467085962,-41295,-314265416
2026/04/21,臺股期貨,投信,985,7493874,182,1384971,803,6108903,46684,355246566,3779,28756678,42905,326489888
2026/04/21,臺股期貨,自營商,7433,56222593,8371,63374240,-938,-7151647,3311,25220232,8514,64817676,-5203,-39597444
2026/04/22,臺股期貨,外資及陸資,58624,445779444,59884,455348589,-1260,-9569146,19557,149483125,62112,474770497,-42555,-325287372
2026/04/22,臺股期貨,投信,711,5432644,1864,14242428,-1153,-8809784,45531,348002539,3779,28883653,41752,319118886
2026/04/22,臺股期貨,自營商,7665,58405735,6890,52540106,775,5865629,3404,26046816,7804,59680901,-4400,-33634085
2026/04/23,臺股期貨,外資及陸資,81079,619451639,82557,630573243,-1478,-11121604,18185,137673415,62212,471011504,-44027,-333338089
2026/04/23,臺股期貨,投信,130,985437,573,4336124,-443,-3350687,45286,342824077,3977,30106685,41309,312717392
2026/04/23,臺股期貨,自營商,12047,92039663,10375,79331096,1672,12708567,3543,26859178,6661,50470843,-3118,-23611665
2026/04/24,臺股期貨,外資及陸資,87607,673785016,84205,647690946,3402,26094070,20056,157336394,60689,476110806,-40633,-318774412
2026/04/24,臺股期貨,投信,790,6197005,372,2909677,418,3287329,45735,358763634,4008,31440355,41727,327323279
2026/04/24,臺股期貨,自營商,9951,76983688,11928,92188147,-1977,-15204459,2923,22960328,7885,61890708,-4962,-38930380
2026/04/27,臺股期貨,外資及陸資,75634,603565106,79237,632297555,-3603,-28732448,18523,147899093,62746,501015734,-44223,-353116641
2026/04/27,臺股期貨,投信,1577,12594743,659,5288287,918,7306455,47132,376311314,4487,35825105,42645,340486209
2026/04/27,臺股期貨,自營商,10064,80587325,8990,71975366,1074,8611960,3168,25321474,6960,55610258,-3792,-30288784
2026/04/28,臺股期貨,外資及陸資,60657,483921666,62255,496608528,-1598,-12686862,17922,142436089,63791,506980388,-45869,-364544299
2026/04/28,臺股期貨,投信,221,1756799,293,2328495,-72,-571697,47093,374229234,4520,35918632,42573,338310602
2026/04/28,臺股期貨,自營商,6773,54081759,5702,45589024,1071,8492735,4294,34162828,7002,55687731,-2708,-21524903
2026/04/29,臺股期貨,外資及陸資,63721,502640432,63787,503150453,-66,-510021,18063,142647412,65137,514382573,-47074,-371735161
2026/04/29,臺股期貨,投信,182,1437017,560,4426352,-378,-2989335,46801,369531336,4606,36368055,42195,333163281
2026/04/29,臺股期貨,自營商,7450,58786017,5933,46830684,1517,11955333,4732,37416183,6049,47801109,-1317,-10384926
2026/04/30,臺股期貨,外資及陸資,70159,554377821,67153,530626691,3006,23751130,19569,154006546,63613,500605400,-44044,-346598854
2026/04/30,臺股期貨,投信,378,2975040,256,2014710,122,960330,46884,368902066,4567,35934983,42317,332967083
2026/04/30,臺股期貨,自營商,5551,43883684,5850,46269952,-299,-2386268,4708,37094282,6247,49192453,-1539,-12098171
2026/05/04,臺股期貨,外資及陸資,63806,513516622,64682,520869088,-876,-7352466,21596,177366400,65100,534619107,-43504,-357252707
2026/05/04,臺股期貨,投信,1909,15663623,120,973835,1789,14689787,48625,399269600,4519,37106413,44106,362163187
2026/05/04,臺股期貨,自營商,8414,68188696,9257,74917280,-843,-6728584,4399,36162270,6363,52281201,-1964,-16118931
2026/05/05,臺股期貨,外資及陸資,55251,451879891,59358,485421356,-4107,-33541466,20156,165459518,68843,565063270,-48687,-399603752
2026/05/05,臺股期貨,投信,416,3412701,313,2565115,103,847586,48828,400721630,4619,37907209,44209,362814421
2026/05/05,臺股期貨,自營商,5958,48737234,4825,39507480,1133,9229754,4812,39540120,5660,46491629,-848,-6951509
2026/05/06,臺股期貨,外資及陸資,70092,580688000,72372,599619962,-2280,-18931961,19078,158453996,70045,581664421,-50967,-423210425
2026/05/06,臺股期貨,投信,1178,9779644,289,2389981,889,7389663,49865,414019122,4767,39579448,45098,374439674
2026/05/06,臺股期貨,自營商,8756,72643640,9096,75494228,-340,-2850588,4524,37615452,5761,47883222,-1237,-10267770
2026/05/07,臺股期貨,外資及陸資,64604,543572221,64767,544909031,-163,-1336810,20333,172289443,71465,605447363,-51132,-433157920
2026/05/07,臺股期貨,投信,1433,12142506,354,2999114,1079,9143392,50998,431973459,4821,40835798,46177,391137661
2026/05/07,臺股期貨,自營商,6583,55513355,6389,53902733,194,1610622,4645,39406764,5679,48171273,-1034,-8764509
2026/05/08,臺股期貨,外資及陸資,64846,545320391,67163,564852723,-2317,-19532332,20593,172765288,75123,630134978,-54530,-457369690
2026/05/08,臺股期貨,投信,549,4604985,419,3513197,130,1091788,51381,430891342,5074,42551579,46307,388339763
2026/05/08,臺股期貨,自營商,8444,70954827,7801,65535257,643,5419571,5377,45168528,5877,49371076,-500,-4202548
2026/05/11,臺股期貨,外資及陸資,46985,394945204,46705,392650145,280,2295059,21382,179535628,75607,634767716,-54225,-455232088
2026/05/11,臺股期貨,投信,520,4367448,218,1830719,302,2536729,51653,433565173,5044,42338327,46609,391226846
2026/05/11,臺股期貨,自營商,5438,45743609,4896,41183583,542,4560027,5626,47313585,5600,47082984,26,230601
2026/05/12,臺股期貨,外資及陸資,62966,529168915,61813,519482954,1153,9685962,22285,185940069,75357,628699206,-53072,-442759137
2026/05/12,臺股期貨,投信,80,673186,1824,15311936,-1744,-14638750,49961,416716905,5096,42504717,44865,374212188
2026/05/12,臺股期貨,自營商,8548,71856076,8865,74510034,-317,-2653958,4948,41369630,5332,44553515,-384,-3183885
2026/05/13,臺股期貨,外資及陸資,78302,646718755,78007,644213294,295,2505461,22098,183257165,74858,620729829,-52760,-437472664
2026/05/13,臺股期貨,投信,123,1020871,401,3325518,-278,-2304647,49734,412278806,5147,42666571,44587,369612235
2026/05/13,臺股期貨,自營商,11927,98579030,11091,91737878,836,6841152,6129,50920767,5746,47710547,383,3210220
2026/05/14,臺股期貨,外資及陸資,67513,562780979,65840,548898769,1673,13882210,22401,186607095,73469,612000443,-51068,-425393348
2026/05/14,臺股期貨,投信,1326,11094542,2797,23335302,-1471,-12240760,48561,404406643,5445,45341604,43116,359065039
2026/05/14,臺股期貨,自營商,9670,80740615,9346,78027359,324,2713256,6419,53564946,5797,48345585,622,5219361
2026/05/15,臺股期貨,外資及陸資,87746,733441244,87588,732432673,158,1008571,20970,172118736,71933,590386950,-50963,-418268214
2026/05/15,臺股期貨,投信,4896,40741377,6274,51942482,-1378,-11201104,47469,389429127,5731,46991908,41738,342437219
2026/05/15,臺股期貨,自營商,12290,102739650,12411,103790871,-121,-1051221,6648,54710657,5914,48610832,734,6099825
2026/05/18,臺股期貨,外資及陸資,120641,982858301,114645,934601574,5996,48256728,21791,178152482,66787,546286535,-44996,-368134053
2026/05/18,臺股期貨,投信,21806,178644039,23821,194304505,-2015,-15660466,45517,372292956,5794,47287283,39723,325005673
2026/05/18,臺股期貨,自營商,11797,96118100,10988,89628294,809,6489806,7090,58052122,5540,45343642,1550,12708480
2026/05/19,臺股期貨,外資及陸資,107942,878849662,108319,882523148,-377,-3673486,21448,173101705,66824,539668003,-45376,-366566298
2026/05/19,臺股期貨,投信,21730,176102534,22811,184378778,-1081,-8276244,44542,359886636,5900,47639720,38642,312246916
2026/05/19,臺股期貨,自營商,13756,112006684,12858,104678682,898,7328002,7824,63215213,5212,42114315,2612,21100898
2026/05/20,臺股期貨,外資及陸資,78660,632068411,79463,638454277,-803,-6385866,18699,150056076,61443,493103122,-42744,-343047046
2026/05/20,臺股期貨,投信,1575,12639800,1234,9923049,341,2716751,44928,360538214,5945,47707436,38983,312830778
2026/05/20,臺股期貨,自營商,14693,118019292,14120,113482405,573,4536887,6772,54396892,4324,34767181,2448,19629711
2026/05/21,臺股期貨,外資及陸資,52852,434463553,54577,449007629,-1725,-14544076,17834,148033147,62288,517045783,-44454,-369012636
2026/05/21,臺股期貨,投信,2212,18371805,468,3887344,1744,14484461,46431,385405159,5718,47462831,40713,337942328
2026/05/21,臺股期貨,自營商,5521,45489026,6728,55367078,-1207,-9878052,5861,48693493,4606,38289923,1255,10403570
2026/05/22,臺股期貨,外資及陸資,63776,533043599,65835,550237973,-2059,-17194374,16747,142199476,63230,536911646,-46483,-394712170
2026/05/22,臺股期貨,投信,1408,11958581,74,625599,1334,11332982,47640,404511240,5593,47490163,42047,357021077
2026/05/22,臺股期貨,自營商,7809,65423778,8158,68471217,-349,-3047439,5609,47673964,4680,39796544,929,7877420
2026/05/25,臺股期貨,外資及陸資,50077,432975709,55015,475944197,-4938,-42968489,16232,142420194,67690,593936349,-51458,-451516155
2026/05/25,臺股期貨,投信,1227,10760998,256,2244240,971,8516758,48466,425240684,5448,47800752,43018,377439932
2026/05/25,臺股期貨,自營商,7287,63265355,6488,56373085,799,6892270,6816,59854427,5088,44704823,1728,15149604
2026/05/26,臺股期貨,外資及陸資,42871,376915562,45745,402170266,-2874,-25254704,15813,138725005,70204,615914522,-54391,-477189517
2026/05/26,臺股期貨,投信,466,4086302,148,1296744,318,2789558,48784,427972275,5448,47794214,43336,380178061
2026/05/26,臺股期貨,自營商,5816,51111226,5563,48875469,253,2235757,7482,65691097,5489,48221111,1993,17469986
2026/05/27,臺股期貨,外資及陸資,65947,588669397,67896,605976532,-1949,-17307135,15979,143153197,72281,647583690,-56302,-504430493
2026/05/27,臺股期貨,投信,2004,17932366,67,600107,1937,17332259,50621,453503415,5348,47911662,45273,405591753
2026/05/27,臺股期貨,自營商,8693,77589063,9070,81082613,-377,-3493550,6929,62131091,5268,47262502,1661,14868589
2026/05/28,臺股期貨,外資及陸資,97173,867914680,97718,873296653,-545,-5381973,16585,145414472,74781,655704587,-58196,-510290115
2026/05/28,臺股期貨,投信,420,3677467,926,8120866,-506,-4443399,50140,439617492,5373,47109389,44767,392508103
2026/05/28,臺股期貨,自營商,10254,91308112,7730,68986113,2524,22321999,8355,73312811,4471,39275105,3884,34037706
2026/05/29,臺股期貨,外資及陸資,67169,601685342,70680,633283794,-3511,-31598452,15766,142887696,76416,692587925,-60650,-549700229
2026/05/29,臺股期貨,投信,2230,20205044,71,642353,2159,19562690,52228,473342364,5302,48052026,46926,425290338
2026/05/29,臺股期貨,自營商,5973,53756130,7784,69880982,-1811,-16124852,6682,60614363,4608,41831653,2074,18782710
2026/06/01,臺股期貨,外資及陸資,67306,614601442,71284,651010799,-3978,-36409356,16134,148565866,80807,744129772,-64673,-595563906
2026/06/01,臺股期貨,投信,1663,15325116,170,1567829,1493,13757287,53713,494600047,5294,48748211,48419,445851836
2026/06/01,臺股期貨,自營商,7196,65908847,6817,62487825,379,3421022,7217,66526464,4761,43926867,2456,22599597
2026/06/02,臺股期貨,外資及陸資,72749,669381423,75092,690930652,-2343,-21549229,15432,142293027,82450,760288172,-67018,-617995145
2026/06/02,臺股期貨,投信,1408,12981051,62,569613,1346,12411438,55075,507824545,5310,48961386,49765,458863159
2026/06/02,臺股期貨,自營商,7546,69314961,7439,68414885,107,900076,7664,70749158,5100,47123735,2564,23625423
2026/06/03,臺股期貨,外資及陸資,52717,491986093,52540,490327675,177,1658418,15473,145006636,82245,770823207,-66772,-625816571
2026/06/03,臺股期貨,投信,1630,15277478,91,852449,1539,14425029,56541,529868336,5237,49078022,51304,480790314
2026/06/03,臺股期貨,自營商,6391,59718624,6420,59993729,-29,-275105,6981,65510088,4507,42336826,2474,23173262
2026/06/04,臺股期貨,外資及陸資,56385,524491688,59089,549706207,-2704,-25214519,15138,140212465,84614,783784750,-69476,-643572285
2026/06/04,臺股期貨,投信,920,8528809,366,3391202,554,5137607,57154,529360359,5296,49051552,51858,480308807
2026/06/04,臺股期貨,自營商,7876,73165388,7137,66294074,739,6871314,8233,76353813,5014,46559194,3219,29794619
2026/06/05,臺股期貨,外資及陸資,94404,860482411,93388,851319592,1016,9162819,12857,116302993,82003,741862012,-69146,-625559019
2026/06/05,臺股期貨,投信,580,5254587,278,2518148,302,2736439,57526,520334193,5366,48536543,52160,471797650
2026/06/05,臺股期貨,自營商,11223,101997410,9722,88419368,1501,13578042,9340,84592783,4533,41137250,4807,43455533
2026/06/08,臺股期貨,外資及陸資,121288,1057735361,117764,1026847511,3524,30887851,11990,103321967,77491,667820783,-65501,-564498816
2026/06/08,臺股期貨,投信,2611,22525790,897,7737534,1714,14788256,59541,513040994,5667,48830272,53874,464210722
2026/06/08,臺股期貨,自營商,13215,114680970,12619,109230550,596,5450420,9637,83142240,4191,36228407,5446,46913833
2026/06/09,臺股期貨,外資及陸資,86981,767160971,84593,746194035,2388,20966936,9344,83501729,71215,636459151,-61871,-552957422
2026/06/09,臺股期貨,投信,2415,21553933,1036,9211485,1379,12342448,60730,542665311,5477,48939186,55253,493726125
2026/06/09,臺股期貨,自營商,5988,52891379,7276,64284715,-1288,-11393336,8335,74574655,4258,38145962,4077,36428693
2026/06/10,臺股期貨,外資及陸資,121660,1067037765,121741,1068292182,-81,-1254417,9129,79188873,71078,616630428,-61949,-537441555
2026/06/10,臺股期貨,投信,2478,21685068,3545,30891906,-1067,-9206837,59889,519473786,5703,49464400,54186,470009386
2026/06/10,臺股期貨,自營商,12786,112147051,11735,102893883,1051,9253169,8420,73141041,3567,31043235,4853,42097806
2026/06/11,臺股期貨,外資及陸資,131010,1128010289,132192,1138328574,-1182,-10318285,8969,77542654,72137,623778711,-63168,-546236057
2026/06/11,臺股期貨,投信,4977,42847643,3851,33080415,1126,9767228,61092,528175333,5780,49961164,55312,478214169
2026/06/11,臺股期貨,自營商,12484,107353729,13190,113526187,-706,-6172458,8380,72540972,4225,36624401,4155,35916571
2026/06/12,臺股期貨,外資及陸資,107098,942877386,108998,959865353,-1900,-16987968,9318,82465135,74357,658082331,-65039,-575617196
2026/06/12,臺股期貨,投信,7574,67205224,5775,51177755,1799,16027469,62719,554979142,5608,49593787,57111,505385355
2026/06/12,臺股期貨,自營商,9191,81108279,9655,85309327,-464,-4201048,8116,71885532,4548,40341302,3568,31544230
2026/06/15,臺股期貨,外資及陸資,116193,1050669368,119107,1078046806,-2914,-27377438,12920,118072928,79654,728728457,-66734,-610655529
2026/06/15,臺股期貨,投信,29633,271222783,29042,264918411,591,6304372,63010,576552736,5308,48425444,57702,528127292
2026/06/15,臺股期貨,自營商,9924,90158622,10872,98862773,-948,-8704151,8351,76308134,5733,52533648,2618,23774486
2026/06/16,臺股期貨,外資及陸資,82664,758125629,85809,787434876,-3145,-29309247,11803,108137171,81650,748469715,-69847,-640332544
2026/06/16,臺股期貨,投信,22087,202656405,22895,209706038,-808,-7049633,62169,569947048,5275,48343375,56894,521603673
2026/06/16,臺股期貨,自營商,10739,98568214,11303,103693713,-564,-5125499,7794,71494678,5575,51185998,2219,20308680
2026/06/17,臺股期貨,外資及陸資,61433,559611592,62162,566362774,-729,-6751182,9996,91990366,77390,712242277,-67394,-620251911
2026/06/17,臺股期貨,投信,1911,17421574,1722,15705497,189,1716077,62358,573830788,5275,48541605,57083,525289183
2026/06/17,臺股期貨,自營商,12912,117570227,11054,100735770,1858,16834456,4121,38027191,4049,37364091,72,663100
2026/06/18,臺股期貨,外資及陸資,63627,590169033,63404,588143609,223,2025425,10085,94303824,78422,733360226,-68337,-639056402
2026/06/18,臺股期貨,投信,1880,17543845,366,3415539,1514,14128307,63555,594264672,4958,46359283,58597,547905389
2026/06/18,臺股期貨,自營商,5782,53658901,5728,53248379,54,410522,4252,39855646,4189,39276059,63,579587
2026/06/22,臺股期貨,外資及陸資,53439,509398974,55445,528756792,-2006,-19357818,11004,106585296,81294,787462391,-70290,-680877095
2026/06/22,臺股期貨,投信,2600,25158675,1,9638,2599,25149037,66059,639821050,4863,47101073,61196,592719977
2026/06/22,臺股期貨,自營商,5996,57515373,6623,63421173,-627,-5905800,3687,35808791,4250,41267548,-563,-5458757
2026/06/23,臺股期貨,外資及陸資,66487,642791401,72623,702158656,-6136,-59367255,10506,99682210,87008,825614957,-76502,-725932747
2026/06/23,臺股期貨,投信,209,1983842,1225,11626790,-1016,-9642948,65128,617895387,4948,46943655,60180,570951732
2026/06/23,臺股期貨,自營商,7638,73618180,6155,59312661,1483,14305518,5232,49772611,4302,40937838,930,8834773
2026/06/24,臺股期貨,外資及陸資,96344,894829587,101221,940127312,-4877,-45297725,7263,67424621,90868,843522910,-83605,-776098289
2026/06/24,臺股期貨,投信,1469,13630490,892,8287776,577,5342714,66066,613184972,5309,49292113,60757,563892859
2026/06/24,臺股期貨,自營商,13158,122165226,10703,99395374,2455,22769852,7647,71116316,4370,40678851,3277,30437465
2026/06/25,臺股期貨,外資及陸資,91800,846589931,89291,824028244,2509,22561688,6034,56161256,87085,810506206,-81051,-754344950
2026/06/25,臺股期貨,投信,1022,9512209,858,7986941,164,1525268,66672,620409629,5751,53540455,60921,566869174
2026/06/25,臺股期貨,自營商,6748,62443728,7071,65574385,-323,-3130657,7349,68537548,4346,40569944,3003,27967604
2026/06/26,臺股期貨,外資及陸資,119155,1084550645,114455,1042721443,4700,41829202,7493,66628987,83884,745913523,-76391,-679284536
2026/06/26,臺股期貨,投信,901,8027170,575,5127899,326,2899272,67223,597639359,5976,53150730,61247,544488629
2026/06/26,臺股期貨,自營商,15027,136283545,13550,122387925,1477,13895621,8088,72050266,3447,30770388,4641,41279878
2026/06/29,臺股期貨,外資及陸資,83462,750635169,83763,753626780,-301,-2991610,7494,68293119,84121,766601512,-76627,-698308393
2026/06/29,臺股期貨,投信,1906,17328330,191,1737286,1715,15591043,69122,629784366,6160,56154879,62962,573629487
2026/06/29,臺股期貨,自營商,5912,53249279,8030,72437802,-2118,-19188522,6536,59705176,4121,37672507,2415,22032669
2026/06/30,臺股期貨,外資及陸資,67659,624664692,74113,684651624,-6454,-59986932,5391,50450286,88454,827697657,-83063,-777247371
2026/06/30,臺股期貨,投信,3734,34892047,73,680793,3661,34211255,72749,680625094,6126,57340847,66623,623284247
2026/06/30,臺股期貨,自營商,6002,55581898,6839,63452768,-837,-7870870,6022,56480522,4451,41756896,1571,14723626
2026/07/01,臺股期貨,外資及陸資,54357,512484562,55445,522765302,-1088,-10280740,5526,52203659,89694,847232264,-84168,-795028605
2026/07/01,臺股期貨,投信,1119,10599548,548,5181909,571,5417639,73084,690222783,5890,55660491,67194,634562292
2026/07/01,臺股期貨,自營商,6418,60587881,6351,59934030,67,653852,6129,58029771,4537,42959343,1592,15070428
2026/07/02,臺股期貨,外資及陸資,72116,673218146,72383,675942850,-267,-2724705,4770,44480749,89257,832138161,-84487,-787657412
2026/07/02,臺股期貨,投信,153,1428155,937,8750214,-784,-7322059,72344,674335777,5934,55346320,66410,618989457
2026/07/02,臺股期貨,自營商,7514,70098107,5472,51144087,2042,18954019,8087,75529454,4404,41166023,3683,34363431
2026/07/03,臺股期貨,外資及陸資,84770,786164437,81315,754354151,3455,31810286,6178,58097693,87230,820121380,-81052,-762023687
2026/07/03,臺股期貨,投信,965,9073074,162,1519104,803,7553970,73101,687152298,5888,55383342,67213,631768956
2026/07/03,臺股期貨,自營商,6902,63961116,7547,70285380,-645,-6324264,7819,73643562,4748,44743825,3071,28899737
2026/07/06,臺股期貨,外資及陸資,48892,460442236,48000,452132325,892,8309911,6297,59069965,86384,810086464,-80087,-751016499
2026/07/06,臺股期貨,投信,1149,10841142,1108,10411332,41,429810,73263,686887640,6009,56386795,67254,630500845
2026/07/06,臺股期貨,自營商,4071,38334094,4491,42319405,-420,-3985311,7201,67685444,4531,42610411,2670,25075033
2026/07/07,臺股期貨,外資及陸資,70707,658601916,70618,658215974,89,385942,6562,60012723,86604,791865413,-80042,-731852690
2026/07/07,臺股期貨,投信,4144,38207227,3211,29580244,933,8626983,74373,679835781,6186,56594303,68187,623241478
2026/07/07,臺股期貨,自營商,9599,89216796,8725,80801239,874,8415557,8255,75651750,4462,40918141,3793,34733609
2026/07/08,臺股期貨,外資及陸資,80320,731920919,81515,743087474,-1195,-11166555,5632,51399559,86900,792463089,-81268,-741063530
2026/07/08,臺股期貨,投信,4698,43015043,2898,26436941,1800,16578102,76013,692985100,6026,54974391,69987,638010709
2026/07/08,臺股期貨,自營商,7150,65151892,7640,69701215,-490,-4549323,8047,73517922,4736,43283019,3311,30234903
2026/07/09,臺股期貨,外資及陸資,87694,798802069,87226,794995895,468,3806174,6562,60008754,87292,797925628,-80730,-737916874
2026/07/09,臺股期貨,投信,7421,68185516,5719,52315804,1702,15869712,77706,710124202,6017,55009742,71689,655114460
2026/07/09,臺股期貨,自營商,7489,68392046,8439,77152690,-950,-8760643,7455,68296266,5212,47769736,2243,20526530
2026/07/13,臺股期貨,外資及陸資,115858,1062738070,116287,1069330042,-429,-6591972,10564,96449940,91630,838870243,-81066,-742420303
2026/07/13,臺股期貨,投信,38464,354122113,38359,350384134,105,3737979,77830,712836885,6036,55104188,71794,657732697
2026/07/13,臺股期貨,自營商,10859,99670218,11802,108494241,-943,-8824023,7010,64181193,5740,52643090,1270,11538103
2026/07/14,臺股期貨,外資及陸資,130107,1166274183,132326,1187371511,-2219,-21097328,10732,96522287,94122,849133079,-83390,-752610792
2026/07/14,臺股期貨,投信,30931,277031117,28852,256845189,2079,20185928,79928,721505121,6055,54537257,73873,666967864
2026/07/14,臺股期貨,自營商,18415,165031400,17580,158013049,835,7018351,7573,68237918,5221,47125630,2352,21112288
2026/07/15,臺股期貨,外資及陸資,61727,561690489,60535,551182103,1192,10508385,7319,67433521,86876,800498844,-79557,-733065323
2026/07/15,臺股期貨,投信,6242,57219234,4469,40853445,1773,16365789,81601,751806333,5955,54864606,75646,696941727
2026/07/15,臺股期貨,自營商,8774,79913086,10717,97646365,-1943,-17733279,3941,36404678,4605,42508599,-664,-6103921
2026/07/16,臺股期貨,外資及陸資,71374,652820513,74581,682079318,-3207,-29258805,5895,53873332,90348,825740742,-84453,-771867410
2026/07/16,臺股期貨,投信,736,6735595,118,1081082,618,5654513,82210,751251422,5946,54335737,76264,696915685
2026/07/16,臺股期貨,自營商,6015,54932418,4682,42872836,1333,12059582,5377,49252384,4720,43225525,657,6026859
2026/07/17,臺股期貨,外資及陸資,94608,831968180,95415,840939545,-807,-8971364,6867,58518521,93056,793051616,-86189,-734533095
2026/07/17,臺股期貨,投信,626,5404052,1675,14324541,-1049,-8920490,81369,693328975,6154,52437003,75215,640891972
2026/07/17,臺股期貨,自營商,16071,141254728,12057,104446076,4014,36808652,8531,72821828,3865,33034244,4666,39787584
2026/07/20,臺股期貨,外資及陸資,99254,853672617,92693,797198998,6561,56473619,10496,89561715,88833,758082784,-78337,-668521069
2026/07/20,臺股期貨,投信,222,1901270,2991,25630459,-2769,-23729189,78642,671005001,6196,52866750,72446,618138251
2026/07/20,臺股期貨,自營商,5897,50704025,7592,65276090,-1695,-14572065,7093,60637360,4119,35228147,2974,25409213
2026/07/21,臺股期貨,外資及陸資,60799,530469350,60997,532389732,-198,-1920382,9379,83243942,87869,779974121,-78490,-696730179
2026/07/21,臺股期貨,投信,3184,28211991,60,525530,3124,27686461,81608,724271000,6038,53587250,75570,670683750
2026/07/21,臺股期貨,自營商,3287,28840147,5051,44279922,-1764,-15439775,5607,49887061,4404,39169192,1203,10717869
2026/07/22,臺股期貨,外資及陸資,57256,514049610,56791,509804105,465,4245505,8455,75499303,85050,759539261,-76595,-684039958
2026/07/22,臺股期貨,投信,461,4121525,408,3659512,53,462014,81796,730356484,6173,55118717,75623,675237767
2026/07/22,臺股期貨,自營商,4593,41284814,4658,41905027,-65,-620213,5108,45727345,3969,35519201,1139,10208144
2026/07/23,臺股期貨,外資及陸資,51077,457679165,49680,445186121,1397,12493045,8155,73256259,83353,748837997,-75198,-675581738
2026/07/23,臺股期貨,投信,59,529773,190,1706614,-131,-1176841,81714,733987834,6222,55888493,75492,678099341
2026/07/23,臺股期貨,自營商,3092,27719537,3497,31354626,-405,-3635089,4944,44527475,4205,37850415,739,6677060
2026/07/24,臺股期貨,外資及陸資,69751,615831080,70795,625297768,-1044,-9466688,7107,62281378,83367,730645145,-76260,-668363767
2026/07/24,臺股期貨,投信,135,1193316,1789,15643857,-1654,-14450541,80216,702916765,6378,55889138,73838,647027627
2026/07/24,臺股期貨,自營商,6958,61349062,5421,47735722,1537,13613340,6543,57441056,4285,37623080,2258,19817976
2026/07/27,臺股期貨,外資及陸資,68092,594670149,69338,605548616,-1246,-10878466,6870,60297206,85569,751084731,-78699,-690787525
2026/07/27,臺股期貨,投信,642,5616294,369,3229747,273,2386548,80139,703299864,6028,52901728,74111,650398136
2026/07/27,臺股期貨,自營商,4163,36319394,4506,39391235,-343,-3071842,6543,57532131,4652,40896947,1891,16635184
2026/07/28,臺股期貨,外資及陸資,78517,668178106,81061,690521039,-2544,-22342933,7401,61556313,89656,745633614,-82255,-684077301
2026/07/28,臺股期貨,投信,2080,17446952,1305,10872485,775,6574466,79411,660270701,4525,37623565,74886,622647136
2026/07/28,臺股期貨,自營商,9484,80190749,8795,73974196,689,6216553,7675,63940834,5087,42365545,2588,21575289
2026/07/29,臺股期貨,外資及陸資,112272,918607328,112797,922657025,-525,-4049697,11982,96678008,94767,764543287,-82785,-667865279
2026/07/29,臺股期貨,投信,1407,11530316,1551,12513302,-144,-982986,78241,631060610,3499,28221534,74742,602839076
2026/07/29,臺股期貨,自營商,12186,98976083,11803,95988311,383,2987772,7399,59800062,4847,39158704,2552,20641358
2026/07/30,臺股期貨,外資及陸資,109127,883393887,107346,869072904,1781,14320983,13822,111431104,94839,764338993,-81017,-652907889
2026/07/30,臺股期貨,投信,1291,10408120,176,1421729,1115,8986390,79257,638589500,3400,27394480,75857,611195020
2026/07/30,臺股期貨,自營商,8948,72462872,9565,77393618,-617,-4930746,6991,56441635,4995,40306880,1996,16134755
2026/07/31,臺股期貨,外資及陸資,79661,678072898,83953,715789471,-4292,-37716573,12704,111170593,95219,832927612,-82515,-721757019
2026/07/31,臺股期貨,投信,9649,84376678,181,1576061,9468,82800618,88383,772944688,3058,26743433,85325,746201255
2026/07/31,臺股期貨,自營商,7583,65268505,11958,103260466,-4375,-37991961,4767,41802482,7144,62534469,-2377,-20731987
2026/08/03,臺股期貨,外資及陸資,81955,707370423,88051,760235407,-6096,-52864984,9876,85429314,99914,863829894,-90038,-778400580
2026/08/03,臺股期貨,投信,220,1903211,1645,14234330,-1425,-12331119,87038,752339064,3138,27124244,83900,725214820
2026/08/03,臺股期貨,自營商,7423,64263895,4323,37449511,3100,26814384,5669,49119554,4951,42861318,718,6258236
2026/08/04,臺股期貨,外資及陸資,75611,649048535,73456,630261099,2155,18787437,8626,74836350,96484,836586741,-87858,-761750391
2026/08/04,臺股期貨,投信,25,216715,1377,11916029,-1352,-11699314,85936,744961997,3388,29369894,82548,715592103
2026/08/04,臺股期貨,自營商,7514,64610720,5888,50747168,1626,13863552,6692,58131573,4336,37648180,2356,20483393
2026/08/05,臺股期貨,外資及陸資,65578,582083199,66149,586998256,-571,-4915057,9180,81821890,96379,858631264,-87199,-776809374
2026/08/05,臺股期貨,投信,2277,20276694,250,2227337,2027,18049357,88007,783913552,3432,30570197,84575,753343355
2026/08/05,臺股期貨,自營商,5592,49737346,6620,58968155,-1028,-9230809,5799,51740665,4488,40029263,1311,11711402
2026/08/06,臺股期貨,外資及陸資,59873,529928712,61994,548737488,-2121,-18808776,8953,79285373,98336,870551296,-89383,-791265923
2026/08/06,臺股期貨,投信,310,2748542,722,6391196,-412,-3642654,87666,775987798,3503,31007155,84163,744980643
2026/08/06,臺股期貨,自營商,4534,40089309,3235,28625200,1299,11464109,7060,62566503,4458,39505760,2602,23060743
2026/08/07,臺股期貨,外資及陸資,59846,530957391,58397,518142095,1449,12815296,8321,73785350,96232,852803933,-87911,-779018583
2026/08/07,臺股期貨,投信,1816,16089000,2902,25670789,-1086,-9581789,86632,767558195,3555,31495167,83077,736063028
2026/08/07,臺股期貨,自營商,4645,41166476,4745,42099021,-100,-932545,7096,62977963,4584,40665358,2512,22312605
2026/08/10,臺股期貨,外資及陸資,50220,450979549,51526,462687501,-1306,-11707952,9346,84162688,98547,887026456,-89201,-802863768
2026/08/10,臺股期貨,投信,3247,29236242,2573,23122137,674,6114106,87299,785626192,3548,31924904,83751,753701288
2026/08/10,臺股期貨,自營商,4024,36176276,4875,43869917,-851,-7693641,6056,54602055,4377,39437526,1679,15164529
2026/08/11,臺股期貨,外資及陸資,45714,410537826,45437,408092156,277,2445670,9385,84696768,98309,886838685,-88924,-802141917
2026/08/11,臺股期貨,投信,2578,23294421,2911,26227881,-333,-2933460,86966,784354760,3548,31992316,83418,752362444
2026/08/11,臺股期貨,自營商,3500,31443780,3281,29497657,219,1946122,6390,57734626,4491,40552393,1899,17182233
2026/08/12,臺股期貨,外資及陸資,48988,444383293,46743,424053049,2245,20330245,10937,99659435,97570,888766736,-86633,-789107301
2026/08/12,臺股期貨,投信,3331,30360092,4366,39637899,-1035,-9277806,85931,782568521,3548,32298154,82383,750270367
2026/08/12,臺股期貨,自營商,5272,47861999,5872,53335660,-600,-5473661,5564,50778962,4325,39435459,1239,11343503
2026/08/13,臺股期貨,外資及陸資,45646,420612710,45266,417173455,380,3439256,12073,111223337,98322,905767191,-86249,-794543854
2026/08/13,臺股期貨,投信,4239,39158314,4295,39552752,-56,-394438,85702,789354698,3375,31066875,82327,758287823
2026/08/13,臺股期貨,自營商,4521,41669318,5293,48807765,-772,-7138447,5276,48696455,4804,44287719,472,4408736
2026/08/14,臺股期貨,外資及陸資,53049,489179432,52015,479972918,1034,9206514,12934,118590157,98113,899743988,-85179,-781153831
2026/08/14,臺股期貨,投信,6694,61765627,8686,79814524,-1992,-18048898,83794,768315380,3459,31692742,80335,736622638
2026/08/14,臺股期貨,自營商,6575,60564629,5587,51545265,988,9019364,5975,54873510,4511,41402391,1464,13471119
2026/08/17,臺股期貨,外資及陸資,75719,695737611,73965,680602285,1754,15135326,14587,133905716,98061,901234918,-83474,-767329202
2026/08/17,臺股期貨,投信,32094,296208228,34416,316462536,-2322,-20254308,81504,749158913,3491,32028315,78013,717130598
2026/08/17,臺股期貨,自營商,9298,85494793,9544,87860810,-246,-2366018,4884,44908704,3863,35543481,1021,9365223
2026/08/18,臺股期貨,外資及陸資,83966,765068799,83498,761572354,468,3496445,16996,153347584,100074,903912519,-83078,-750564935
2026/08/18,臺股期貨,投信,30174,274244819,32075,290831834,-1901,-16587015,79727,720288073,3615,32656509,76112,687631564
2026/08/18,臺股期貨,自營商,10146,92544881,8742,79700274,1404,12844606,6197,55988248,3631,32833987,2566,23154261
2026/08/19,臺股期貨,外資及陸資,57364,512657298,56615,505993163,749,6664135,6692,59563282,88193,784936135,-81501,-725372853
2026/08/19,臺股期貨,投信,1024,9144362,2267,20197389,-1243,-11053027,78301,696878900,3512,31256800,74789,665622100
2026/08/19,臺股期貨,自營商,8335,74442962,8143,72750425,192,1692537,5957,53044169,3395,30256785,2562,22787384
2026/08/20,臺股期貨,外資及陸資,51781,463903030,52682,471991184,-901,-8088153,6959,62500213,89382,802722542,-82423,-740222329
2026/08/20,臺股期貨,投信,1110,9961577,74,664270,1036,9297307,79336,712484882,3511,31530887,75825,680953995
2026/08/20,臺股期貨,自營商,3303,29584100,3845,34474312,-542,-4890212,5674,50980315,3655,32861610,2019,18118705
2026/08/21,臺股期貨,外資及陸資,50987,457493063,51191,459352744,-204,-1859681,6735,60805243,89329,806446757,-82594,-745641514
2026/08/21,臺股期貨,投信,540,4873561,49,442229,491,4431333,79713,719617079,3397,30666757,76316,688950322
2026/08/21,臺股期貨,自營商,3530,31723637,3851,34638601,-321,-2914964,5096,46031209,3397,30705944,1699,15325265
2026/08/24,臺股期貨,外資及陸資,41988,378549737,41880,377616915,108,932823,6842,61227091,89371,799717724,-82529,-738490633
2026/08/24,臺股期貨,投信,124,1111804,632,5650987,-508,-4539183,79244,709075312,3436,30745328,75808,678329984
2026/08/24,臺股期貨,自營商,2899,26111179,2275,20478651,624,5632527,5559,49771511,3244,29069862,2315,20701649
2026/08/25,臺股期貨,外資及陸資,48591,432934750,50471,449660568,-1880,-16725818,5030,45306669,90410,814294962,-85380,-768988293
2026/08/25,臺股期貨,投信,511,4599764,10,90096,501,4509668,79638,717251683,3329,29982306,76309,687269377
2026/08/25,臺股期貨,自營商,3914,34866304,3622,32345114,292,2521189,5693,51302323,3192,28786893,2501,22515430
2026/08/26,臺股期貨,外資及陸資,49322,448414031,47663,433410600,1659,15003431,8657,79654767,92311,849346721,-83654,-769691954
2026/08/26,臺股期貨,投信,1861,17113296,127,1166867,1734,15946429,81249,747539549,3206,29497124,78043,718042425
2026/08/26,臺股期貨,自營商,3156,28692745,5822,53065426,-2666,-24372681,3499,32222511,3920,36104011,-421,-3881500
2026/08/27,臺股期貨,外資及陸資,42656,393811125,43804,404278851,-1148,-10467726,6963,64155419,91799,845760921,-84836,-781605502
2026/08/27,臺股期貨,投信,143,1318123,1352,12450009,-1209,-11131885,80120,738129536,3286,30273261,76834,707856275
2026/08/27,臺股期貨,自營商,4250,39216715,3456,31991249,794,7225465,4142,38191027,3766,34740294,376,3450733
2026/08/28,臺股期貨,外資及陸資,41057,380540873,39920,369960716,1137,10580157,8732,80964376,92387,856598885,-83655,-775634509
2026/08/28,臺股期貨,投信,39,361590,121,1121618,-82,-760027,80036,742045770,3284,30447278,76752,711598492
2026/08/28,臺股期貨,自營商,3568,33095667,3273,30368178,295,2727488,3992,37043191,3335,30956034,657,6087157
2026/08/31,臺股期貨,外資及陸資,52523,482511017,51811,475946166,712,6564852,8105,74536023,91075,837527957,-82970,-762991934
2026/08/31,臺股期貨,投信,18,165519,892,8200655,-874,-8035136,79165,727953841,3287,30225280,75878,697728561
2026/08/31,臺股期貨,自營商,4485,41110802,3512,32248490,973,8862312,4825,44401960,3216,29606572,1609,14795388
2026/09/01,臺股期貨,外資及陸資,48596,452776819,44345,413090513,4251,39686307,9797,92493924,88503,835548529,-78706,-743054605
2026/09/01,臺股期貨,投信,488,4600380,339,3197337,149,1403043,79188,747550558,3161,29840472,76027,717710086
2026/09/01,臺股期貨,自營商,4757,44545078,7162,66964212,-2405,-22419134,3092,29226123,4082,38567368,-990,-9341245
2026/09/02,臺股期貨,外資及陸資,45798,426394040,50837,473603365,-5039,-47209325,6686,61742821,92015,849670379,-85329,-787927558
2026/09/02,臺股期貨,投信,72,664723,1037,9575110,-965,-8910387,78292,722870036,3230,29822590,75062,693047446
2026/09/02,臺股期貨,自營商,6296,58579973,4076,37834482,2220,20745491,4543,41994275,3434,31745961,1109,10248314
2026/09/03,臺股期貨,外資及陸資,49814,459508575,46110,425413952,3704,34094623,7604,69694160,89179,817326312,-81575,-747632152
2026/09/03,臺股期貨,投信,20,183254,693,6349789,-673,-6166535,77604,711147535,3215,29461617,74389,681685918
2026/09/03,臺股期貨,自營商,3855,35534585,3759,34672656,96,861929,4590,42115764,3456,31705501,1134,10410263
2026/09/04,臺股期貨,外資及陸資,49464,457657393,50344,465798096,-880,-8140703,8153,76177738,90542,845938656,-82389,-769760918
2026/09/04,臺股期貨,投信,1823,17036279,38,355155,1785,16681124,79274,740561853,3100,28959580,76174,711602273
2026/09/04,臺股期貨,自營商,2970,27512773,4826,44807843,-1856,-17295069,3338,31240230,4035,37724951,-697,-6484721
2026/09/07,臺股期貨,外資及陸資,44188,416997746,42844,404347540,1344,12650207,10793,102479560,90192,856270658,-79399,-753791098
2026/09/07,臺股期貨,投信,354,3362234,1082,10265644,-728,-6903410,78538,745518093,3092,29350501,75446,716167592
2026/09/07,臺股期貨,自營商,4688,44404749,6034,57072739,-1346,-12667991,2735,26018645,4780,45411710,-2045,-19393065
2026/09/08,臺股期貨,外資及陸資,30614,289540610,33385,315860483,-2771,-26319873,10316,96913020,92578,869613753,-82262,-772700733
2026/09/08,臺股期貨,投信,1668,15793103,2516,23696819,-848,-7903716,77729,730007669,3131,29403221,74598,700604448
2026/09/08,臺股期貨,自營商,4821,45592059,3029,28647900,1792,16944160,3608,33952270,3788,35608779,-180,-1656509
2026/09/09,臺股期貨,外資及陸資,47975,452852361,46811,441798577,1164,11053784,10526,99381297,91592,864555175,-81066,-765173878
2026/09/09,臺股期貨,投信,2582,24514086,2361,22341615,221,2172471,77969,735833327,3150,29722140,74819,706111187
2026/09/09,臺股期貨,自營商,4523,42698922,4707,44518005,-184,-1819083,3336,31552812,3712,35062450,-376,-3509638
2026/09/10,臺股期貨,外資及陸資,46008,430928638,48057,450182559,-2049,-19253921,8264,77543020,92182,864533721,-83918,-786990701
2026/09/10,臺股期貨,投信,2243,21064029,2579,24135657,-336,-3071627,77635,727950787,3152,29546218,74483,698404569
2026/09/10,臺股期貨,自營商,5462,51132728,3819,35781101,1643,15351627,5007,47034113,3628,34051678,1379,12982435
2026/09/11,臺股期貨,外資及陸資,56372,520388710,56740,523930805,-368,-3542096,8242,76271162,93309,862627166,-85067,-786356004
2026/09/11,臺股期貨,投信,6092,56342416,5888,54274470,204,2067945,77818,719256868,3131,28922299,74687,690334569
2026/09/11,臺股期貨,自營商,7854,72425131,6474,59768351,1380,12656780,6359,58854426,3557,32907993,2802,25946433
2026/09/14,臺股期貨,外資及陸資,93734,860300184,91421,839749079,2313,20551104,9490,86991971,92148,845057277,-82658,-758065306
2026/09/14,臺股期貨,投信,37807,347793446,38046,348987967,-239,-1194521,77583,711529580,3135,28705228,74448,682824352
2026/09/14,臺股期貨,自營商,9841,90148860,10690,98168219,-849,-8019358,5427,49776154,3467,31810651,1960,17965503
2026/09/15,臺股期貨,外資及陸資,83679,765419284,84272,771281089,-593,-5861805,10863,99222124,94086,860106335,-83223,-760884211
2026/09/15,臺股期貨,投信,29367,269174271,31398,287206720,-2031,-18032448,75600,691371774,3183,29109700,72417,662262074
2026/09/15,臺股期貨,自營商,7163,65509424,7528,68872157,-365,-3362733,4944,45180980,3365,30775459,1579,14405521
2026/09/16,臺股期貨,外資及陸資,53295,488253490,50697,464530793,2598,23722697,7805,71902338,84156,775297770,-76351,-703395432
2026/09/16,臺股期貨,投信,1560,14345658,931,8525084,629,5820573,76175,701724100,3129,28824348,73046,672899752
2026/09/16,臺股期貨,自營商,6716,61558827,7506,68841242,-790,-7282416,2842,26204577,3017,27807359,-175,-1602782
2026/09/17,臺股期貨,外資及陸資,46240,430615739,48514,451626975,-2274,-21011237,8161,75832972,86835,806906431,-78674,-731073459
2026/09/17,臺股期貨,投信,1030,9585256,50,464628,980,9120628,77058,716007524,3032,28172738,74026,687834786
2026/09/17,臺股期貨,自營商,3695,34418175,4139,38625192,-444,-4207016,3092,28752493,3779,35131211,-687,-6378718
2026/09/18,臺股期貨,外資及陸資,39435,371634436,36914,347963338,2521,23671098,10323,97923090,86433,819924725,-76110,-722001635
2026/09/18,臺股期貨,投信,1187,11257965,103,977015,1084,10280950,78053,740379537,2943,27916121,75110,712463416
2026/09/18,臺股期貨,自營商,3420,32264766,5857,55268606,-2437,-23003840,2183,20730858,5375,51002463,-3192,-30271605
2026/09/21,臺股期貨,外資及陸資,33783,322135767,31749,302573048,2034,19562720,10318,99165473,84399,811188890,-74081,-712023417
2026/09/21,臺股期貨,投信,112,1075791,1203,11551374,-1091,-10475583,76936,739401122,2917,28034120,74019,711367002
2026/09/21,臺股期貨,自營商,3731,35703361,3869,37001677,-138,-1298316,2199,21160444,5553,53389474,-3354,-32229030
2026/09/22,臺股期貨,外資及陸資,33568,325246016,35050,339587959,-1482,-14341943,10740,103591002,86308,832511845,-75568,-728920843
2026/09/22,臺股期貨,投信,75,722284,117,1130975,-42,-408691,76891,741613695,2914,28105530,73977,713508165
2026/09/22,臺股期貨,自營商,3128,30295989,3234,31338574,-106,-1042585,2314,22348143,5772,55695186,-3458,-33347043
2026/09/23,臺股期貨,外資及陸資,36860,356598963,37378,361571704,-518,-4972741,10855,104889546,86939,840120252,-76084,-735230706
2026/09/23,臺股期貨,投信,15,144920,433,4181992,-418,-4037072,76472,738903053,2913,28146571,73559,710756482
2026/09/23,臺股期貨,自營商,3676,35560918,3235,31325797,441,4235122,2381,23039881,5437,52561882,-3056,-29522001
2026/09/24,臺股期貨,外資及陸資,36223,348409564,37132,357153247,-909,-8743683,9675,93125404,86706,834633936,-77031,-741508532
2026/09/24,臺股期貨,投信,125,1203395,820,7893777,-695,-6690382,75780,729382500,2916,28066500,72864,701316000
2026/09/24,臺股期貨,自營商,4020,38698985,2570,24746953,1450,13952031,3312,31921475,4832,46534201,-1520,-14612726
2026/09/29,臺股期貨,外資及陸資,42631,408853009,43640,418519236,-1009,-9666227,8788,83983736,87817,839282583,-79029,-755298847
2026/09/29,臺股期貨,投信,68,648980,120,1145387,-52,-496407,75767,724044605,2955,28238571,72812,695806034
2026/09/29,臺股期貨,自營商,4255,40792914,3274,31373357,981,9419556,3465,33150157,3953,37803474,-488,-4653317
2026/09/30,臺股期貨,外資及陸資,42583,412085921,41737,403897926,846,8187995,12351,119389001,90502,874887848,-78151,-755498847
2026/09/30,臺股期貨,投信,1036,10012863,9,87118,1027,9925745,76739,741759174,2900,28031400,73839,713727774
2026/09/30,臺股期貨,自營商,3841,37176789,4377,42379045,-536,-5202256,3182,30800185,4252,41126379,-1070,-10326194
2026/10/01,臺股期貨,外資及陸資,35309,341906433,36698,355284581,-1389,-13378149,12373,120514295,91927,895419688,-79554,-774905393
2026/10/01,臺股期貨,投信,798,7770846,22,213049,776,7557797,77476,754585250,2861,27864996,74615,726720254
2026/10/01,臺股期貨,自營商,3020,29229236,3375,32738549,-355,-3509312,3251,31700191,4691,45713736,-1440,-14013545
2026/10/02,臺股期貨,外資及陸資,39654,384847667,40456,392518448,-802,-7670781,11893,115776656,92197,897518757,-80304,-781742101
2026/10/02,臺股期貨,投信,111,1080923,57,554805,54,526118,77530,754661514,2861,27848402,74669,726813112
2026/10/02,臺股期貨,自營商,3841,37309528,3413,33195824,428,4113704,3340,32542978,4346,42332814,-1006,-9789836
2026/10/05,臺股期貨,外資及陸資,43262,428883917,39967,396400014,3295,32483903,14760,147449399,91764,916699924,-77004,-769250525
2026/10/05,臺股期貨,投信,579,5779717,104,1038217,475,4741499,77893,778057598,2749,27459211,75144,750598387
2026/10/05,臺股期貨,自營商,4841,48240660,5844,58141373,-1003,-9900714,2810,28097452,4965,49623454,-2155,-21526002
