date,contract,open,high,low,close
2016-10-05,TX201610,9210.0,9266.0,9201.0,9240.0
2016-10-06,TX201610,9281.0,9283.0,9207.0,9256.0
2016-10-07,TX201610,9250.0,9269.0,9236.0,9253.0
2016-10-11,TX201610,9300.0,9343.0,9143.0,9191.0
2016-10-12,TX201610,9180.0,9274.0,9164.0,9260.0
2016-10-13,TX201610,9268.0,9282.0,9179.0,9203.0
2016-10-14,TX201610,9207.0,9224.0,9147.0,9169.0
2016-10-17,TX201610,9178.0,9193.0,9060.0,9166.0
2016-10-18,TX201610,9183.0,9218.0,9154.0,9212.0
2016-10-19,TX201610,9223.0,9300.0,9219.0,9280.0
2016-10-20,TX201611,9269.0,9295.0,9235.0,9278.0
2016-10-21,TX201611,9259.0,9322.0,9241.0,9264.0
2016-10-24,TX201611,9294.0,9325.0,9269.0,9309.0
2016-10-25,TX201611,9328.0,9394.0,9308.0,9374.0
2016-10-26,TX201611,9340.0,9363.0,9323.0,9336.0
2016-10-27,TX201611,9324.0,9348.0,9260.0,9287.0
2016-10-28,TX201611,9286.0,9313.0,9261.0,9280.0
2016-10-31,TX201611,9263.0,9300.0,9174.0,9283.0
2016-11-01,TX201611,9259.0,9292.0,9226.0,9280.0
2016-11-02,TX201611,9199.0,9225.0,9144.0,9160.0
2016-11-03,TX201611,9131.0,9160.0,9078.0,9088.0
2016-11-04,TX201611,9058.0,9094.0,9047.0,9064.0
2016-11-07,TX201611,9131.0,9200.0,9115.0,9196.0
2016-11-08,TX201611,9216.0,9230.0,9162.0,9225.0
2016-11-09,TX201611,9223.0,9307.0,8891.0,8929.0
2016-11-10,TX201611,9140.0,9192.0,9134.0,9177.0
2016-11-11,TX201611,9048.0,9057.0,8949.0,8967.0
2016-11-14,TX201611,8957.0,8988.0,8877.0,8945.0
2016-11-15,TX201611,8900.0,8975.0,8896.0,8938.0
2016-11-16,TX201611,8990.0,9034.0,8979.0,8983.0
2016-11-17,TX201612,8942.0,8965.0,8906.0,8962.0
2016-11-18,TX201612,8979.0,9006.0,8926.0,8987.0
2016-11-21,TX201612,8980.0,9026.0,8971.0,9017.0
2016-11-22,TX201612,9050.0,9164.0,9041.0,9140.0
2016-11-23,TX201612,9150.0,9192.0,9142.0,9175.0
2016-11-24,TX201612,9156.0,9165.0,9117.0,9142.0
2016-11-25,TX201612,9142.0,9192.0,9133.0,9162.0
2016-11-28,TX201612,9157.0,9248.0,9150.0,9223.0
2016-11-29,TX201612,9222.0,9238.0,9196.0,9203.0
2016-11-30,TX201612,9211.0,9245.0,9177.0,9226.0
2016-12-01,TX201612,9229.0,9279.0,9218.0,9261.0
2016-12-02,TX201612,9199.0,9200.0,9148.0,9165.0
2016-12-05,TX201612,9159.0,9183.0,9117.0,9157.0
2016-12-06,TX201612,9232.0,9285.0,9230.0,9262.0
2016-12-07,TX201612,9300.0,9305.0,9248.0,9263.0
2016-12-08,TX201612,9360.0,9370.0,9315.0,9367.0
2016-12-09,TX201612,9377.0,9399.0,9365.0,9390.0
2016-12-12,TX201612,9420.0,9440.0,9350.0,9355.0
2016-12-13,TX201612,9340.0,9381.0,9338.0,9378.0
2016-12-14,TX201612,9409.0,9413.0,9353.0,9370.0
2016-12-15,TX201612,9330.0,9374.0,9305.0,9368.0
2016-12-16,TX201612,9367.0,9370.0,9309.0,9312.0
2016-12-19,TX201612,9290.0,9317.0,9242.0,9246.0
2016-12-20,TX201612,9261.0,9266.0,9209.0,9260.0
2016-12-21,TX201612,9261.0,9269.0,9225.0,9232.0
2016-12-22,TX201701,9211.0,9222.0,9123.0,9130.0
2016-12-23,TX201701,9115.0,9147.0,9088.0,9090.0
2016-12-26,TX201701,9107.0,9131.0,9089.0,9123.0
2016-12-27,TX201701,9123.0,9130.0,9106.0,9113.0
2016-12-28,TX201701,9110.0,9213.0,9105.0,9211.0
2016-12-29,TX201701,9188.0,9211.0,9168.0,9184.0
2016-12-30,TX201701,9215.0,9282.0,9215.0,9262.0
2017-01-03,TX201701,9266.0,9282.0,9231.0,9281.0
2017-01-04,TX201701,9281.0,9295.0,9261.0,9273.0
2017-01-05,TX201701,9270.0,9354.0,9266.0,9340.0
2017-01-06,TX201701,9353.0,9375.0,9338.0,9367.0
2017-01-09,TX201701,9379.0,9409.0,9325.0,9344.0
2017-01-10,TX201701,9332.0,9350.0,9320.0,9342.0
2017-01-11,TX201701,9395.0,9396.0,9333.0,9338.0
2017-01-12,TX201701,9353.0,9433.0,9350.0,9410.0
2017-01-13,TX201701,9388.0,9397.0,9361.0,9374.0
2017-01-16,TX201701,9360.0,9362.0,9274.0,9286.0
2017-01-17,TX201701,9282.0,9344.0,9280.0,9341.0
2017-01-18,TX201701,9336.0,9349.0,9314.0,9340.0
2017-01-19,TX201702,9337.0,9342.0,9254.0,9306.0
2017-01-20,TX201702,9283.0,9338.0,9278.0,9330.0
2017-01-23,TX201702,9319.0,9423.0,9318.0,9407.0
2017-01-24,TX201702,9423.0,9464.0,9405.0,9446.0
2017-02-02,TX201702,9500.0,9510.0,9373.0,9375.0
2017-02-03,TX201702,9418.0,9458.0,9408.0,9439.0
2017-02-06,TX201702,9477.0,9533.0,9441.0,9505.0
2017-02-07,TX201702,9499.0,9525.0,9482.0,9520.0
2017-02-08,TX201702,9513.0,9535.0,9463.0,9515.0
2017-02-09,TX201702,9518.0,9579.0,9505.0,9576.0
2017-02-10,TX201702,9600.0,9681.0,9586.0,9658.0
2017-02-13,TX201702,9670.0,9705.0,9661.0,9705.0
2017-02-14,TX201702,9729.0,9758.0,9695.0,9710.0
2017-02-15,TX201702,9726.0,9801.0,9722.0,9800.0
2017-02-16,TX201703,9819.0,9852.0,9758.0,9772.0
2017-02-17,TX201703,9760.0,9786.0,9747.0,9762.0
2017-02-18,TX201703,9778.0,9789.0,9772.0,9788.0
2017-02-20,TX201703,9786.0,9814.0,9737.0,9766.0
2017-02-21,TX201703,9777.0,9785.0,9728.0,9766.0
2017-02-22,TX201703,9783.0,9827.0,9767.0,9783.0
2017-02-23,TX201703,9780.0,9820.0,9755.0,9772.0
2017-02-24,TX201703,9770.0,9786.0,9730.0,9761.0
2017-03-01,TX201703,9766.0,9770.0,9678.0,9682.0
2017-03-02,TX201703,9761.0,9784.0,9643.0,9691.0
2017-03-03,TX201703,9648.0,9672.0,9623.0,9629.0
2017-03-06,TX201703,9639.0,9684.0,9619.0,9683.0
2017-03-07,TX201703,9693.0,9734.0,9682.0,9727.0
2017-03-08,TX201703,9736.0,9765.0,9701.0,9748.0
2017-03-09,TX201703,9739.0,9742.0,9642.0,9652.0
2017-03-10,TX201703,9647.0,9652.0,9555.0,9625.0
2017-03-13,TX201703,9644.0,9698.0,9643.0,9692.0
2017-03-14,TX201703,9713.0,9767.0,9711.0,9749.0
2017-03-15,TX201703,9742.0,9752.0,9715.0,9732.0
2017-03-16,TX201704,9805.0,9852.0,9782.0,9840.0
2017-03-17,TX201704,9850.0,9896.0,9837.0,9890.0
2017-03-20,TX201704,9870.0,9908.0,9855.0,9895.0
2017-03-21,TX201704,9926.0,9980.0,9916.0,9962.0
2017-03-22,TX201704,9890.0,9907.0,9851.0,9898.0
2017-03-23,TX201704,9941.0,9952.0,9879.0,9909.0
2017-03-24,TX201704,9927.0,9928.0,9883.0,9901.0
2017-03-27,TX201704,9878.0,9917.0,9844.0,9865.0
2017-03-28,TX201704,9920.0,9927.0,9805.0,9883.0
2017-03-29,TX201704,9902.0,9904.0,9851.0,9862.0
2017-03-30,TX201704,9864.0,9888.0,9834.0,9850.0
2017-03-31,TX201704,9858.0,9872.0,9812.0,9821.0
2017-04-05,TX201704,9849.0,9968.0,9843.0,9961.0
2017-04-06,TX201704,9930.0,9941.0,9880.0,9897.0
2017-04-07,TX201704,9903.0,9905.0,9772.0,9863.0
2017-04-10,TX201704,9868.0,9892.0,9843.0,9876.0
2017-04-11,TX201704,9866.0,9895.0,9807.0,9816.0
2017-04-12,TX201704,9818.0,9830.0,9776.0,9814.0
2017-04-13,TX201704,9802.0,9869.0,9792.0,9846.0
2017-04-14,TX201704,9806.0,9808.0,9711.0,9716.0
2017-04-17,TX201704,9740.0,9754.0,9680.0,9722.0
2017-04-18,TX201704,9757.0,9772.0,9721.0,9737.0
2017-04-19,TX201704,9700.0,9707.0,9632.0,9638.0
2017-04-20,TX201705,9598.0,9640.0,9584.0,9615.0
2017-04-21,TX201705,9665.0,9706.0,9655.0,9697.0
2017-04-24,TX201705,9747.0,9766.0,9684.0,9705.0
2017-04-25,TX201705,9746.0,9827.0,9728.0,9813.0
2017-04-26,TX201705,9855.0,9871.0,9826.0,9841.0
2017-04-27,TX201705,9829.0,9850.0,9808.0,9839.0
2017-04-28,TX201705,9847.0,9884.0,9834.0,9857.0
2017-05-02,TX201705,9899.0,9950.0,9897.0,9932.0
2017-05-03,TX201705,9946.0,9966.0,9934.0,9936.0
2017-05-04,TX201705,9951.0,9965.0,9918.0,9959.0
2017-05-05,TX201705,9946.0,9951.0,9879.0,9889.0
2017-05-08,TX201705,9929.0,9959.0,9895.0,9921.0
2017-05-09,TX201705,9916.0,9994.0,9898.0,9904.0
2017-05-10,TX201705,9938.0,9959.0,9918.0,9947.0
2017-05-11,TX201705,9962.0,9997.0,9946.0,9987.0
2017-05-12,TX201705,9982.0,9996.0,9966.0,9981.0
2017-05-15,TX201705,9990.0,10031.0,9975.0,10028.0
2017-05-16,TX201705,10040.0,10054.0,10000.0,10022.0
2017-05-17,TX201705,9993.0,10022.0,9975.0,10000.0
2017-05-18,TX201706,9903.0,9958.0,9878.0,9951.0
2017-05-19,TX201706,9968.0,9973.0,9931.0,9932.0
2017-05-22,TX201706,9965.0,9980.0,9942.0,9975.0
2017-05-23,TX201706,9984.0,10017.0,9968.0,9994.0
2017-05-24,TX201706,10007.0,10030.0,9998.0,10020.0
2017-05-25,TX201706,10042.0,10110.0,10040.0,10107.0
2017-05-26,TX201706,10130.0,10131.0,10080.0,10093.0
2017-05-31,TX201706,10085.0,10105.0,10023.0,10031.0
2017-06-01,TX201706,10030.0,10075.0,10023.0,10069.0
2017-06-02,TX201706,10113.0,10137.0,10105.0,10135.0
2017-06-03,TX201706,10147.0,10160.0,10137.0,10157.0
2017-06-05,TX201706,10148.0,10207.0,10115.0,10200.0
2017-06-06,TX201706,10196.0,10206.0,10184.0,10185.0
2017-06-07,TX201706,10180.0,10229.0,10165.0,10192.0
2017-06-08,TX201706,10204.0,10218.0,10184.0,10211.0
2017-06-09,TX201706,10230.0,10252.0,10186.0,10192.0
2017-06-12,TX201706,10129.0,10159.0,10110.0,10120.0
2017-06-13,TX201706,10123.0,10143.0,10106.0,10137.0
2017-06-14,TX201706,10161.0,10165.0,10021.0,10065.0
2017-06-15,TX201706,10051.0,10075.0,10018.0,10073.0
2017-06-16,TX201706,10078.0,10159.0,10061.0,10146.0
2017-06-19,TX201706,10164.0,10251.0,10160.0,10239.0
2017-06-20,TX201706,10276.0,10353.0,10268.0,10322.0
2017-06-21,TX201706,10273.0,10371.0,10267.0,10369.0
2017-06-22,TX201707,10198.0,10234.0,10174.0,10231.0
2017-06-23,TX201707,10221.0,10245.0,10193.0,10215.0
2017-06-26,TX201707,10207.0,10395.0,10202.0,10381.0
2017-06-27,TX201707,10390.0,10412.0,10353.0,10368.0
2017-06-28,TX201707,10303.0,10342.0,10247.0,10261.0
2017-06-29,TX201707,10325.0,10356.0,10260.0,10297.0
2017-06-30,TX201707,10220.0,10263.0,10196.0,10252.0
2017-07-03,TX201707,10260.0,10289.0,10231.0,10289.0
2017-07-04,TX201707,10303.0,10306.0,10210.0,10217.0
2017-07-05,TX201707,10215.0,10304.0,10171.0,10301.0
2017-07-06,TX201707,10323.0,10329.0,10237.0,10267.0
2017-07-07,TX201707,10225.0,10246.0,10195.0,10203.0
2017-07-10,TX201707,10226.0,10242.0,10180.0,10210.0
2017-07-11,TX201707,10232.0,10356.0,10228.0,10342.0
2017-07-12,TX201707,10346.0,10383.0,10330.0,10339.0
2017-07-13,TX201707,10393.0,10442.0,10371.0,10420.0
2017-07-14,TX201707,10420.0,10424.0,10391.0,10403.0
2017-07-17,TX201707,10458.0,10480.0,10414.0,10436.0
2017-07-18,TX201707,10427.0,10466.0,10407.0,10462.0
2017-07-19,TX201707,10479.0,10541.0,10471.0,10500.0
2017-07-20,TX201708,10411.0,10420.0,10370.0,10390.0
2017-07-21,TX201708,10378.0,10383.0,10324.0,10329.0
2017-07-24,TX201708,10300.0,10364.0,10285.0,10362.0
2017-07-25,TX201708,10373.0,10387.0,10338.0,10363.0
2017-07-26,TX201708,10386.0,10421.0,10320.0,10329.0
2017-07-27,TX201708,10365.0,10462.0,10362.0,10448.0
2017-07-28,TX201708,10395.0,10403.0,10324.0,10340.0
2017-07-31,TX201708,10333.0,10363.0,10289.0,10355.0
2017-08-01,TX201708,10368.0,10424.0,10361.0,10367.0
2017-08-02,TX201708,10420.0,10471.0,10415.0,10453.0
2017-08-03,TX201708,10420.0,10430.0,9408.0,10406.0
2017-08-04,TX201708,10401.0,10456.0,10401.0,10439.0
2017-08-07,TX201708,10476.0,10539.0,10475.0,10529.0
2017-08-08,TX201708,10558.0,10567.0,10485.0,10526.0
2017-08-09,TX201708,10466.0,10497.0,10436.0,10453.0
2017-08-10,TX201708,10477.0,10484.0,10308.0,10328.0
2017-08-11,TX201708,10228.0,10326.0,10225.0,10300.0
2017-08-14,TX201708,10344.0,10357.0,10223.0,10231.0
2017-08-15,TX201708,10310.0,10331.0,10261.0,10309.0
2017-08-16,TX201708,10277.0,10319.0,10235.0,10254.0
2017-08-17,TX201709,10258.0,10324.0,10245.0,10298.0
2017-08-18,TX201709,10230.0,10265.0,10200.0,10259.0
2017-08-21,TX201709,10259.0,10280.0,10217.0,10269.0
2017-08-22,TX201709,10316.0,10369.0,10305.0,10350.0
2017-08-23,TX201709,10401.0,10414.0,10341.0,10361.0
2017-08-24,TX201709,10372.0,10460.0,10365.0,10449.0
2017-08-25,TX201709,10471.0,10490.0,10431.0,10487.0
2017-08-28,TX201709,10466.0,10515.0,10457.0,10490.0
2017-08-29,TX201709,10451.0,10478.0,10421.0,10463.0
2017-08-30,TX201709,10508.0,10552.0,10493.0,10531.0
2017-08-31,TX201709,10560.0,10581.0,10532.0,10551.0
2017-09-01,TX201709,10571.0,10598.0,10540.0,10576.0
2017-09-04,TX201709,10550.0,10579.0,10533.0,10552.0
2017-09-05,TX201709,10575.0,10590.0,10528.0,10582.0
2017-09-06,TX201709,10540.0,10570.0,10483.0,10519.0
2017-09-07,TX201709,10551.0,10568.0,10477.0,10490.0
2017-09-08,TX201709,10501.0,10571.0,10495.0,10556.0
2017-09-11,TX201709,10628.0,10635.0,10535.0,10565.0
2017-09-12,TX201709,10604.0,10614.0,10564.0,10590.0
2017-09-13,TX201709,10595.0,10603.0,10510.0,10521.0
2017-09-14,TX201709,10520.0,10545.0,10486.0,10529.0
2017-09-15,TX201709,10528.0,10570.0,10491.0,10566.0
2017-09-18,TX201709,10605.0,10649.0,10582.0,10636.0
2017-09-19,TX201709,10647.0,10658.0,10568.0,10580.0
2017-09-20,TX201709,10572.0,10585.0,10490.0,10510.0
2017-09-21,TX201710,10505.0,10583.0,10473.0,10575.0
2017-09-22,TX201710,10554.0,10568.0,10427.0,10433.0
2017-09-25,TX201710,10426.0,10453.0,10315.0,10333.0
2017-09-26,TX201710,10299.0,10369.0,10261.0,10264.0
2017-09-27,TX201710,10300.0,10340.0,10290.0,10319.0
2017-09-28,TX201710,10349.0,10350.0,10266.0,10299.0
2017-09-29,TX201710,10299.0,10328.0,10263.0,10321.0
2017-09-30,TX201710,10360.0,10394.0,10354.0,10380.0
2017-10-02,TX201710,10392.0,10458.0,10386.0,10449.0
2017-10-03,TX201710,10470.0,10475.0,10427.0,10462.0
2017-10-05,TX201710,10460.0,10519.0,10438.0,10505.0
2017-10-06,TX201710,10537.0,10542.0,10496.0,10524.0
2017-10-11,TX201710,10556.0,10648.0,10555.0,10633.0
2017-10-12,TX201710,10657.0,10705.0,10640.0,10697.0
2017-10-13,TX201710,10688.0,10713.0,10670.0,10711.0
2017-10-16,TX201710,10745.0,10763.0,10710.0,10757.0
2017-10-17,TX201710,10776.0,10781.0,10720.0,10724.0
2017-10-18,TX201710,10745.0,10783.0,10686.0,10727.0
2017-10-19,TX201711,10748.0,10800.0,10733.0,10761.0
2017-10-20,TX201711,10736.0,10764.0,10700.0,10732.0
2017-10-23,TX201711,10764.0,10786.0,10720.0,10736.0
2017-10-24,TX201711,10725.0,10758.0,10709.0,10744.0
2017-10-25,TX201711,10769.0,10782.0,10728.0,10739.0
2017-10-26,TX201711,10715.0,10750.0,10693.0,10728.0
2017-10-27,TX201711,10748.0,10792.0,10684.0,10710.0
2017-10-30,TX201711,10763.0,10820.0,10724.0,10748.0
2017-10-31,TX201711,10754.0,10800.0,10730.0,10783.0
2017-11-01,TX201711,10820.0,10826.0,10775.0,10809.0
2017-11-02,TX201711,10770.0,10806.0,10758.0,10781.0
2017-11-03,TX201711,10806.0,10810.0,10747.0,10788.0
2017-11-06,TX201711,10793.0,10828.0,10745.0,10771.0
2017-11-07,TX201711,10789.0,10825.0,10778.0,10825.0
2017-11-08,TX201711,10810.0,10824.0,10796.0,10804.0
2017-11-09,TX201711,10812.0,10823.0,10706.0,10723.0
2017-11-10,TX201711,10687.0,10737.0,10662.0,10728.0
2017-11-13,TX201711,10710.0,10726.0,10688.0,10693.0
2017-11-14,TX201711,10695.0,10715.0,10638.0,10684.0
2017-11-15,TX201711,10645.0,10658.0,10602.0,10638.0
2017-11-16,TX201712,10587.0,10634.0,10579.0,10617.0
2017-11-17,TX201712,10690.0,10710.0,10672.0,10707.0
2017-11-20,TX201712,10714.0,10719.0,10654.0,10667.0
2017-11-21,TX201712,10695.0,10788.0,10682.0,10788.0
2017-11-22,TX201712,10825.0,10877.0,10807.0,10827.0
2017-11-23,TX201712,10826.0,10857.0,10810.0,10856.0
2017-11-24,TX201712,10841.0,10856.0,10829.0,10856.0
2017-11-27,TX201712,10841.0,10848.0,10737.0,10750.0
2017-11-28,TX201712,10735.0,10753.0,10695.0,10708.0
2017-11-29,TX201712,10747.0,10763.0,10708.0,10729.0
2017-11-30,TX201712,10650.0,10658.0,10569.0,10574.0
2017-12-01,TX201712,10607.0,10664.0,10495.0,10604.0
2017-12-04,TX201712,10604.0,10651.0,10564.0,10649.0
2017-12-05,TX201712,10595.0,10627.0,10546.0,10573.0
2017-12-06,TX201712,10540.0,10557.0,10375.0,10386.0
2017-12-07,TX201712,10388.0,10427.0,10331.0,10360.0
2017-12-08,TX201712,10388.0,10413.0,10336.0,10397.0
2017-12-11,TX201712,10416.0,10497.0,10415.0,10479.0
2017-12-12,TX201712,10496.0,10498.0,10386.0,10432.0
2017-12-13,TX201712,10433.0,10475.0,10421.0,10449.0
2017-12-14,TX201712,10508.0,10582.0,10498.0,10528.0
2017-12-15,TX201712,10510.0,10515.0,10421.0,10485.0
2017-12-18,TX201712,10527.0,10531.0,10456.0,10502.0
2017-12-19,TX201712,10522.0,10530.0,10443.0,10459.0
2017-12-20,TX201712,10457.0,10509.0,10457.0,10497.0
2017-12-21,TX201801,10492.0,10539.0,10475.0,10497.0
2017-12-22,TX201801,10498.0,10535.0,10473.0,10535.0
2017-12-25,TX201801,10549.0,10564.0,10520.0,10526.0
2017-12-26,TX201801,10540.0,10541.0,10406.0,10416.0
2017-12-27,TX201801,10398.0,10485.0,10393.0,10476.0
2017-12-28,TX201801,10495.0,10593.0,10494.0,10562.0
2017-12-29,TX201801,10593.0,10644.0,10576.0,10636.0
2018-01-02,TX201801,10629.0,10710.0,10621.0,10709.0
2018-01-03,TX201801,10748.0,10797.0,10729.0,10789.0
2018-01-04,TX201801,10831.0,10840.0,10770.0,10837.0
2018-01-05,TX201801,10838.0,10867.0,10801.0,10857.0
2018-01-08,TX201801,10886.0,10900.0,10843.0,10886.0
2018-01-09,TX201801,10889.0,10909.0,10850.0,10881.0
2018-01-10,TX201801,10885.0,10904.0,10806.0,10809.0
2018-01-11,TX201801,10808.0,10834.0,10765.0,10801.0
2018-01-12,TX201801,10824.0,10898.0,10818.0,10876.0
2018-01-15,TX201801,10930.0,10958.0,10902.0,10955.0
2018-01-16,TX201801,10939.0,10986.0,10918.0,10983.0
2018-01-17,TX201801,10955.0,11024.0,10940.0,11020.0
2018-01-18,TX201802,11063.0,11137.0,11036.0,11054.0
2018-01-19,TX201802,11096.0,11142.0,11080.0,11139.0
2018-01-22,TX201802,11136.0,11225.0,11113.0,11222.0
2018-01-23,TX201802,11241.0,11253.0,11181.0,11225.0
2018-01-24,TX201802,11199.0,11203.0,11090.0,11126.0
2018-01-25,TX201802,11117.0,11271.0,11116.0,11154.0
2018-01-26,TX201802,11170.0,11186.0,11079.0,11146.0
2018-01-29,TX201802,11215.0,11238.0,11155.0,11196.0
2018-01-30,TX201802,11164.0,11190.0,11064.0,11064.0
2018-01-31,TX201802,11050.0,11144.0,11017.0,11098.0
2018-02-01,TX201802,11127.0,11199.0,11112.0,11160.0
2018-02-02,TX201802,11111.0,11132.0,11041.0,11116.0
2018-02-05,TX201802,10888.0,10952.0,10848.0,10928.0
2018-02-06,TX201802,10643.0,10663.0,10242.0,10399.0
2018-02-07,TX201802,10600.0,10669.0,10510.0,10517.0
2018-02-08,TX201802,10526.0,10595.0,10492.0,10518.0
2018-02-09,TX201802,10203.0,10368.0,10121.0,10353.0
2018-02-12,TX201802,10420.0,10438.0,10377.0,10410.0
2018-02-21,TX201802,10630.0,10718.0,10591.0,10705.0
2018-02-22,TX201803,10646.0,10655.0,10593.0,10626.0
2018-02-23,TX201803,10680.0,10789.0,10676.0,10781.0
2018-02-26,TX201803,10867.0,10868.0,10801.0,10822.0
2018-02-27,TX201803,10890.0,10914.0,10784.0,10791.0
2018-03-01,TX201803,10604.0,10778.0,10600.0,10735.0
2018-03-02,TX201803,10614.0,10696.0,10579.0,10681.0
2018-03-05,TX201803,10695.0,10741.0,10598.0,10635.0
2018-03-06,TX201803,10730.0,10789.0,10712.0,10787.0
2018-03-07,TX201803,10712.0,10817.0,10700.0,10712.0
2018-03-08,TX201803,10778.0,10847.0,10767.0,10829.0
2018-03-09,TX201803,10906.0,10910.0,10827.0,10865.0
2018-03-12,TX201803,10965.0,11025.0,10948.0,11024.0
2018-03-13,TX201803,11028.0,11103.0,11013.0,11100.0
2018-03-14,TX201803,11048.0,11066.0,11003.0,11031.0
2018-03-15,TX201803,10994.0,11068.0,10985.0,11041.0
2018-03-16,TX201803,11038.0,11043.0,10923.0,11018.0
2018-03-19,TX201803,10975.0,11054.0,10959.0,11028.0
2018-03-20,TX201803,10973.0,11025.0,10957.0,11012.0
2018-03-21,TX201803,11030.0,11073.0,11011.0,11044.0
2018-03-22,TX201804,11036.0,11122.0,10961.0,10989.0
2018-03-23,TX201804,10730.0,10816.0,10718.0,10734.0
2018-03-26,TX201804,10693.0,10847.0,10682.0,10840.0
2018-03-27,TX201804,10948.0,10991.0,10906.0,10989.0
2018-03-28,TX201804,10879.0,10910.0,10809.0,10820.0
2018-03-29,TX201804,10830.0,10859.0,10773.0,10840.0
2018-03-30,TX201804,10921.0,10974.0,10904.0,10919.0
2018-03-31,TX201804,10947.0,10949.0,10912.0,10926.0
2018-04-02,TX201804,10920.0,10958.0,10843.0,10865.0
2018-04-03,TX201804,10774.0,10807.0,10738.0,10784.0
2018-04-09,TX201804,10838.0,10911.0,10813.0,10904.0
2018-04-10,TX201804,10874.0,10993.0,10852.0,10949.0
2018-04-11,TX201804,10959.0,11007.0,10948.0,10979.0
2018-04-12,TX201804,10993.0,11024.0,10905.0,10943.0
2018-04-13,TX201804,10966.0,10988.0,10920.0,10955.0
2018-04-16,TX201804,10975.0,10976.0,10908.0,10943.0
2018-04-17,TX201804,10958.0,10963.0,10802.0,10806.0
2018-04-18,TX201804,10849.0,10909.0,10789.0,10845.0
2018-04-19,TX201805,10856.0,10975.0,10852.0,10969.0
2018-04-20,TX201805,10869.0,10870.0,10776.0,10788.0
2018-04-23,TX201805,10731.0,10767.0,10687.0,10694.0
2018-04-24,TX201805,10692.0,10694.0,10547.0,10583.0
2018-04-25,TX201805,10487.0,10558.0,10468.0,10535.0
2018-04-26,TX201805,10601.0,10621.0,10470.0,10476.0
2018-04-27,TX201805,10561.0,10565.0,10483.0,10561.0
2018-04-30,TX201805,10593.0,10655.0,10537.0,10655.0
2018-05-02,TX201805,10631.0,10670.0,10597.0,10609.0
2018-05-03,TX201805,10560.0,10575.0,10488.0,10506.0
2018-05-04,TX201805,10506.0,10544.0,10468.0,10523.0
2018-05-07,TX201805,10599.0,10615.0,10529.0,10595.0
2018-05-08,TX201805,10597.0,10672.0,10580.0,10669.0
2018-05-09,TX201805,10685.0,10731.0,10666.0,10704.0
2018-05-10,TX201805,10732.0,10771.0,10723.0,10763.0
2018-05-11,TX201805,10819.0,10865.0,10806.0,10861.0
2018-05-14,TX201805,10926.0,10968.0,10891.0,10958.0
2018-05-15,TX201805,10946.0,10961.0,10857.0,10869.0
2018-05-16,TX201805,10845.0,10907.0,10839.0,10872.0
2018-05-17,TX201806,10920.0,10928.0,10823.0,10826.0
2018-05-18,TX201806,10834.0,10873.0,10805.0,10820.0
2018-05-21,TX201806,10865.0,10966.0,10863.0,10965.0
2018-05-22,TX201806,10969.0,10999.0,10913.0,10922.0
2018-05-23,TX201806,10933.0,10998.0,10855.0,10858.0
2018-05-24,TX201806,10879.0,10923.0,10851.0,10917.0
2018-05-25,TX201806,10921.0,10956.0,10890.0,10932.0
2018-05-28,TX201806,10979.0,10989.0,10937.0,10983.0
2018-05-29,TX201806,10979.0,10982.0,10896.0,10928.0
2018-05-30,TX201806,10833.0,10848.0,10761.0,10775.0
2018-05-31,TX201806,10836.0,10870.0,10821.0,10867.0
2018-06-01,TX201806,10854.0,10925.0,10844.0,10915.0
2018-06-04,TX201806,10976.0,11095.0,10976.0,11085.0
2018-06-05,TX201806,11101.0,11118.0,11035.0,11069.0
2018-06-06,TX201806,11095.0,11210.0,11088.0,11200.0
2018-06-07,TX201806,11245.0,11253.0,11174.0,11227.0
2018-06-08,TX201806,11205.0,11215.0,11103.0,11125.0
2018-06-11,TX201806,11151.0,11173.0,11098.0,11128.0
2018-06-12,TX201806,11148.0,11152.0,11054.0,11141.0
2018-06-13,TX201806,11152.0,11169.0,11095.0,11146.0
2018-06-14,TX201806,11101.0,11106.0,10984.0,10985.0
2018-06-15,TX201806,11001.0,11075.0,10961.0,11055.0
2018-06-19,TX201806,10943.0,10958.0,10871.0,10874.0
2018-06-20,TX201806,10904.0,10951.0,10850.0,10936.0
2018-06-21,TX201807,10725.0,10745.0,10688.0,10706.0
2018-06-22,TX201807,10630.0,10685.0,10581.0,10655.0
2018-06-25,TX201807,10624.0,10660.0,10583.0,10584.0
2018-06-26,TX201807,10550.0,10596.0,10484.0,10592.0
2018-06-27,TX201807,10585.0,10625.0,10538.0,10554.0
2018-06-28,TX201807,10513.0,10578.0,10484.0,10523.0
2018-06-29,TX201807,10541.0,10692.0,10526.0,10677.0
2018-07-02,TX201807,10680.0,10719.0,10609.0,10611.0
2018-07-03,TX201807,10651.0,10717.0,10544.0,10622.0
2018-07-04,TX201807,10598.0,10639.0,10584.0,10618.0
2018-07-05,TX201807,10625.0,10633.0,10488.0,10500.0
2018-07-06,TX201807,10535.0,10556.0,10414.0,10539.0
2018-07-09,TX201807,10583.0,10676.0,10582.0,10661.0
2018-07-10,TX201807,10733.0,10744.0,10680.0,10709.0
2018-07-11,TX201807,10608.0,10656.0,10574.0,10617.0
2018-07-12,TX201807,10640.0,10750.0,10609.0,10740.0
2018-07-13,TX201807,10808.0,10850.0,10768.0,10848.0
2018-07-16,TX201807,10854.0,10874.0,10807.0,10815.0
2018-07-17,TX201807,10809.0,10819.0,10756.0,10768.0
2018-07-18,TX201807,10829.0,10872.0,10791.0,10844.0
2018-07-19,TX201808,10756.0,10792.0,10708.0,10721.0
2018-07-20,TX201808,10774.0,10847.0,10765.0,10824.0
2018-07-23,TX201808,10846.0,10864.0,10794.0,10830.0
2018-07-24,TX201808,10841.0,10880.0,10802.0,10871.0
2018-07-25,TX201808,10860.0,10892.0,10851.0,10865.0
2018-07-26,TX201808,10909.0,10926.0,10873.0,10915.0
2018-07-27,TX201808,10928.0,10995.0,10918.0,10992.0
2018-07-30,TX201808,10970.0,11007.0,10937.0,10940.0
2018-07-31,TX201808,10931.0,10997.0,10913.0,10989.0
2018-08-01,TX201808,11034.0,11057.0,11010.0,11047.0
2018-08-02,TX201808,11048.0,11048.0,10862.0,10871.0
2018-08-03,TX201808,10934.0,10977.0,10928.0,10970.0
2018-08-06,TX201808,10990.0,11036.0,10956.0,10982.0
2018-08-07,TX201808,10986.0,11003.0,10951.0,10968.0
2018-08-08,TX201808,11000.0,11070.0,10997.0,11049.0
2018-08-09,TX201808,11031.0,11038.0,10969.0,11017.0
2018-08-10,TX201808,10970.0,11022.0,10953.0,10959.0
2018-08-13,TX201808,10909.0,10912.0,10692.0,10757.0
2018-08-14,TX201808,10791.0,10831.0,10756.0,10820.0
2018-08-15,TX201808,10835.0,10841.0,10696.0,10737.0
2018-08-16,TX201809,10610.0,10724.0,10591.0,10690.0
2018-08-17,TX201809,10723.0,10732.0,10647.0,10662.0
2018-08-20,TX201809,10687.0,10715.0,10652.0,10671.0
2018-08-21,TX201809,10698.0,10774.0,10682.0,10767.0
2018-08-22,TX201809,10752.0,10795.0,10733.0,10764.0
2018-08-23,TX201809,10795.0,10845.0,10758.0,10842.0
2018-08-24,TX201809,10811.0,10830.0,10728.0,10788.0
2018-08-27,TX201809,10831.0,10892.0,10820.0,10886.0
2018-08-28,TX201809,10945.0,10980.0,10935.0,10954.0
2018-08-29,TX201809,10977.0,11049.0,10968.0,11044.0
2018-08-30,TX201809,11088.0,11135.0,11019.0,11023.0
2018-08-31,TX201809,10975.0,11024.0,10953.0,11022.0
2018-09-03,TX201809,11013.0,11045.0,10919.0,10935.0
2018-09-04,TX201809,10963.0,11004.0,10935.0,11002.0
2018-09-05,TX201809,10973.0,11021.0,10948.0,10950.0
2018-09-06,TX201809,10920.0,10950.0,10865.0,10901.0
2018-09-07,TX201809,10864.0,10892.0,10803.0,10845.0
2018-09-10,TX201809,10865.0,10880.0,10708.0,10734.0
2018-09-11,TX201809,10758.0,10767.0,10682.0,10740.0
2018-09-12,TX201809,10762.0,10772.0,10687.0,10726.0
2018-09-13,TX201809,10740.0,10779.0,10709.0,10717.0
2018-09-14,TX201809,10784.0,10887.0,10771.0,10881.0
2018-09-17,TX201809,10857.0,10868.0,10810.0,10823.0
2018-09-18,TX201809,10787.0,10818.0,10761.0,10781.0
2018-09-19,TX201809,10836.0,10875.0,10819.0,10873.0
2018-09-20,TX201810,10910.0,10922.0,10824.0,10848.0
2018-09-21,TX201810,10905.0,10976.0,10854.0,10974.0
2018-09-25,TX201810,10960.0,10996.0,10935.0,10981.0
2018-09-26,TX201810,10963.0,10991.0,10949.0,10972.0
2018-09-27,TX201810,10955.0,11011.0,10936.0,10982.0
2018-09-28,TX201810,11011.0,11039.0,10921.0,10955.0
2018-10-01,TX201810,10968.0,11018.0,10966.0,11006.0
2018-10-02,TX201810,11006.0,11011.0,10873.0,10879.0
2018-10-03,TX201810,10880.0,10914.0,10845.0,10856.0
2018-10-04,TX201810,10823.0,10830.0,10688.0,10694.0
2018-10-05,TX201810,10658.0,10673.0,10431.0,10506.0
2018-10-08,TX201810,10470.0,10530.0,10416.0,10461.0
2018-10-09,TX201810,10491.0,10508.0,10447.0,10460.0
2018-10-11,TX201810,10026.0,10080.0,9630.0,9642.0
2018-10-12,TX201810,9736.0,10021.0,9683.0,9948.0
2018-10-15,TX201810,9899.0,9927.0,9854.0,9860.0
2018-10-16,TX201810,9885.0,9992.0,9868.0,9951.0
2018-10-17,TX201810,10082.0,10114.0,9987.0,9993.0
2018-10-18,TX201811,9923.0,9986.0,9878.0,9884.0
2018-10-19,TX201811,9753.0,9914.0,9747.0,9905.0
2018-10-22,TX201811,9813.0,9972.0,9761.0,9935.0
2018-10-23,TX201811,9825.0,9849.0,9723.0,9728.0
2018-10-24,TX201811,9753.0,9791.0,9623.0,9715.0
2018-10-25,TX201811,9423.0,9557.0,9414.0,9486.0
2018-10-26,TX201811,9547.0,9573.0,9339.0,9424.0
2018-10-29,TX201811,9527.0,9539.0,9428.0,9473.0
2018-10-30,TX201811,9465.0,9564.0,9463.0,9524.0
2018-10-31,TX201811,9595.0,9748.0,9590.0,9724.0
2018-11-01,TX201811,9750.0,9827.0,9705.0,9787.0
2018-11-02,TX201811,9868.0,9884.0,9791.0,9874.0
2018-11-05,TX201811,9803.0,9824.0,9741.0,9817.0
2018-11-06,TX201811,9849.0,9867.0,9746.0,9774.0
2018-11-07,TX201811,9785.0,9890.0,9780.0,9848.0
2018-11-08,TX201811,9980.0,10000.0,9906.0,9924.0
2018-11-09,TX201811,9897.0,9899.0,9754.0,9789.0
2018-11-12,TX201811,9750.0,9864.0,9741.0,9812.0
2018-11-13,TX201811,9600.0,9758.0,9528.0,9728.0
2018-11-14,TX201811,9768.0,9798.0,9731.0,9769.0
2018-11-15,TX201811,9790.0,9837.0,9708.0,9827.0
2018-11-16,TX201811,9877.0,9903.0,9756.0,9783.0
2018-11-19,TX201811,9802.0,9838.0,9778.0,9819.0
2018-11-20,TX201811,9755.0,9808.0,9703.0,9732.0
2018-11-21,TX201811,9661.0,9760.0,9624.0,9743.0
2018-11-22,TX201812,9766.0,9769.0,9700.0,9714.0
2018-11-23,TX201812,9715.0,9733.0,9613.0,9620.0
2018-11-26,TX201812,9668.0,9850.0,9656.0,9768.0
2018-11-27,TX201812,9727.0,9755.0,9644.0,9741.0
2018-11-28,TX201812,9780.0,9880.0,9732.0,9870.0
2018-11-29,TX201812,9984.0,9989.0,9861.0,9877.0
2018-11-30,TX201812,9900.0,9935.0,9847.0,9853.0
2018-12-03,TX201812,10012.0,10156.0,9996.0,10122.0
2018-12-04,TX201812,10080.0,10094.0,10033.0,10042.0
2018-12-05,TX201812,9900.0,9946.0,9863.0,9878.0
2018-12-06,TX201812,9813.0,9814.0,9626.0,9674.0
2018-12-07,TX201812,9735.0,9763.0,9689.0,9746.0
2018-12-10,TX201812,9565.0,9680.0,9560.0,9626.0
2018-12-11,TX201812,9654.0,9698.0,9625.0,9687.0
2018-12-12,TX201812,9759.0,9827.0,9725.0,9818.0
2018-12-13,TX201812,9831.0,9872.0,9790.0,9856.0
2018-12-14,TX201812,9805.0,9809.0,9676.0,9730.0
2018-12-17,TX201812,9753.0,9826.0,9722.0,9790.0
2018-12-18,TX201812,9718.0,9755.0,9688.0,9718.0
2018-12-19,TX201812,9758.0,9778.0,9728.0,9768.0
2018-12-20,TX201901,9638.0,9709.0,9610.0,9641.0
2018-12-21,TX201901,9624.0,9668.0,9556.0,9660.0
2018-12-22,TX201901,9580.0,9615.0,9575.0,9585.0
2018-12-24,TX201901,9603.0,9627.0,9587.0,9620.0
2018-12-25,TX201901,9480.0,9487.0,9410.0,9477.0
2018-12-26,TX201901,9523.0,9555.0,9438.0,9459.0
2018-12-27,TX201901,9589.0,9655.0,9566.0,9633.0
2018-12-28,TX201901,9630.0,9680.0,9622.0,9671.0
2019-01-02,TX201901,9760.0,9762.0,9506.0,9536.0
2019-01-03,TX201901,9488.0,9547.0,9433.0,9440.0
2019-01-04,TX201901,9367.0,9410.0,9305.0,9367.0
2019-01-07,TX201901,9541.0,9588.0,9490.0,9563.0
2019-01-08,TX201901,9600.0,9611.0,9532.0,9561.0
2019-01-09,TX201901,9608.0,9755.0,9602.0,9708.0
2019-01-10,TX201901,9710.0,9713.0,9673.0,9694.0
2019-01-11,TX201901,9760.0,9803.0,9724.0,9750.0
2019-01-14,TX201901,9738.0,9756.0,9660.0,9691.0
2019-01-15,TX201901,9743.0,9817.0,9715.0,9793.0
2019-01-16,TX201901,9781.0,9804.0,9755.0,9784.0
2019-01-17,TX201902,9777.0,9834.0,9721.0,9779.0
2019-01-18,TX201902,9825.0,9846.0,9770.0,9820.0
2019-01-21,TX201902,9885.0,9919.0,9856.0,9866.0
2019-01-22,TX201902,9841.0,9868.0,9822.0,9847.0
2019-01-23,TX201902,9830.0,9860.0,9807.0,9818.0
2019-01-24,TX201902,9833.0,9884.0,9820.0,9863.0
2019-01-25,TX201902,9928.0,9989.0,9911.0,9968.0
2019-01-28,TX201902,10000.0,10018.0,9975.0,9985.0
2019-01-29,TX201902,9932.0,9936.0,9880.0,9923.0
2019-01-30,TX201902,9925.0,9956.0,9896.0,9926.0
2019-02-11,TX201902,10010.0,10067.0,9966.0,9999.0
2019-02-12,TX201902,10049.0,10093.0,10029.0,10084.0
2019-02-13,TX201902,10125.0,10128.0,10055.0,10084.0
2019-02-14,TX201902,10044.0,10124.0,10034.0,10080.0
2019-02-15,TX201902,10040.0,10116.0,10022.0,10042.0
2019-02-18,TX201902,10111.0,10161.0,10098.0,10135.0
2019-02-19,TX201902,10123.0,10158.0,10104.0,10142.0
2019-02-20,TX201902,10183.0,10262.0,10177.0,10256.0
2019-02-21,TX201903,10255.0,10327.0,10232.0,10324.0
2019-02-22,TX201903,10272.0,10312.0,10245.0,10310.0
2019-02-25,TX201903,10350.0,10378.0,10324.0,10368.0
2019-02-26,TX201903,10381.0,10394.0,10336.0,10355.0
2019-02-27,TX201903,10375.0,10384.0,10325.0,10362.0
2019-03-04,TX201903,10390.0,10400.0,10276.0,10311.0
2019-03-05,TX201903,10260.0,10306.0,10248.0,10274.0
2019-03-06,TX201903,10283.0,10333.0,10282.0,10322.0
2019-03-07,TX201903,10315.0,10335.0,10260.0,10262.0
2019-03-08,TX201903,10230.0,10244.0,10162.0,10200.0
2019-03-11,TX201903,10170.0,10234.0,10168.0,10229.0
2019-03-12,TX201903,10301.0,10385.0,10300.0,10348.0
2019-03-13,TX201903,10325.0,10365.0,10305.0,10365.0
2019-03-14,TX201903,10390.0,10392.0,10322.0,10338.0
2019-03-15,TX201903,10355.0,10430.0,10347.0,10414.0
2019-03-18,TX201903,10437.0,10487.0,10420.0,10477.0
2019-03-19,TX201903,10483.0,10511.0,10461.0,10501.0
2019-03-20,TX201903,10493.0,10549.0,10492.0,10545.0
2019-03-21,TX201904,10538.0,10593.0,10532.0,10590.0
2019-03-22,TX201904,10645.0,10659.0,10560.0,10613.0
2019-03-25,TX201904,10478.0,10486.0,10423.0,10438.0
2019-03-26,TX201904,10482.0,10538.0,10480.0,10522.0
2019-03-27,TX201904,10506.0,10533.0,10473.0,10520.0
2019-03-28,TX201904,10450.0,10515.0,10444.0,10493.0
2019-03-29,TX201904,10551.0,10600.0,10476.0,10598.0
2019-04-01,TX201904,10679.0,10715.0,10615.0,10638.0
2019-04-02,TX201904,10688.0,10704.0,10668.0,10676.0
2019-04-03,TX201904,10688.0,10728.0,10671.0,10693.0
2019-04-08,TX201904,10779.0,10795.0,10745.0,10770.0
2019-04-09,TX201904,10801.0,10848.0,10782.0,10843.0
2019-04-10,TX201904,10820.0,10869.0,10812.0,10862.0
2019-04-11,TX201904,10868.0,10885.0,10775.0,10806.0
2019-04-12,TX201904,10818.0,10831.0,10782.0,10802.0
2019-04-15,TX201904,10865.0,10895.0,10843.0,10876.0
2019-04-16,TX201904,10870.0,10932.0,10863.0,10931.0
2019-04-17,TX201904,10954.0,11010.0,10948.0,11004.0
2019-04-18,TX201905,11022.0,11039.0,10920.0,10939.0
2019-04-19,TX201905,11020.0,11036.0,10954.0,10972.0
2019-04-22,TX201905,11008.0,11030.0,10958.0,10978.0
2019-04-23,TX201905,10988.0,11024.0,10934.0,11024.0
2019-04-24,TX201905,11050.0,11057.0,10970.0,11009.0
2019-04-25,TX201905,10990.0,11041.0,10977.0,11031.0
2019-04-26,TX201905,10962.0,10972.0,10900.0,10933.0
2019-04-29,TX201905,10959.0,10978.0,10902.0,10932.0
2019-04-30,TX201905,10912.0,10961.0,10883.0,10952.0
2019-05-02,TX201905,10947.0,11033.0,10933.0,10978.0
2019-05-03,TX201905,10992.0,11094.0,10975.0,11092.0
2019-05-06,TX201905,10980.0,10980.0,10821.0,10857.0
2019-05-07,TX201905,10900.0,10996.0,10900.0,10970.0
2019-05-08,TX201905,10849.0,10943.0,10841.0,10893.0
2019-05-09,TX201905,10854.0,10866.0,10716.0,10746.0
2019-05-10,TX201905,10750.0,10850.0,10646.0,10745.0
2019-05-13,TX201905,10686.0,10708.0,10565.0,10576.0
2019-05-14,TX201905,10425.0,10571.0,10399.0,10532.0
2019-05-15,TX201905,10539.0,10609.0,10513.0,10579.0
2019-05-16,TX201906,10537.0,10574.0,10483.0,10488.0
2019-05-17,TX201906,10562.0,10566.0,10406.0,10411.0
2019-05-20,TX201906,10442.0,10485.0,10405.0,10433.0
2019-05-21,TX201906,10398.0,10502.0,10378.0,10487.0
2019-05-22,TX201906,10471.0,10515.0,10453.0,10480.0
2019-05-23,TX201906,10422.0,10424.0,10285.0,10310.0
2019-05-24,TX201906,10316.0,10386.0,10315.0,10344.0
2019-05-27,TX201906,10350.0,10390.0,10284.0,10333.0
2019-05-28,TX201906,10369.0,10374.0,10309.0,10340.0
2019-05-29,TX201906,10220.0,10295.0,10218.0,10291.0
2019-05-30,TX201906,10311.0,10382.0,10279.0,10367.0
2019-05-31,TX201906,10332.0,10493.0,10330.0,10455.0
2019-06-03,TX201906,10431.0,10477.0,10366.0,10471.0
2019-06-04,TX201906,10461.0,10483.0,10401.0,10416.0
2019-06-05,TX201906,10495.0,10510.0,10439.0,10456.0
2019-06-06,TX201906,10433.0,10437.0,10351.0,10360.0
2019-06-10,TX201906,10477.0,10546.0,10442.0,10539.0
2019-06-11,TX201906,10555.0,10618.0,10533.0,10592.0
2019-06-12,TX201906,10587.0,10611.0,10564.0,10592.0
2019-06-13,TX201906,10561.0,10589.0,10497.0,10529.0
2019-06-14,TX201906,10534.0,10558.0,10516.0,10529.0
2019-06-17,TX201906,10477.0,10565.0,10460.0,10545.0
2019-06-18,TX201906,10539.0,10576.0,10526.0,10553.0
2019-06-19,TX201906,10680.0,10800.0,10667.0,10770.0
2019-06-20,TX201907,10575.0,10605.0,10558.0,10591.0
2019-06-21,TX201907,10628.0,10641.0,10564.0,10585.0
2019-06-24,TX201907,10605.0,10647.0,10553.0,10623.0
2019-06-25,TX201907,10620.0,10630.0,10523.0,10540.0
2019-06-26,TX201907,10525.0,10541.0,10499.0,10503.0
2019-06-27,TX201907,10535.0,10642.0,10532.0,10622.0
2019-06-28,TX201907,10621.0,10627.0,10550.0,10580.0
2019-07-01,TX201907,10707.0,10780.0,10693.0,10767.0
2019-07-02,TX201907,10738.0,10766.0,10729.0,10749.0
2019-07-03,TX201907,10733.0,10741.0,10202.0,10641.0
2019-07-04,TX201907,10691.0,10729.0,10677.0,10710.0
2019-07-05,TX201907,10713.0,10749.0,10682.0,10718.0
2019-07-08,TX201907,10655.0,10711.0,10630.0,10665.0
2019-07-09,TX201907,10688.0,10699.0,10631.0,10650.0
2019-07-10,TX201907,10699.0,10741.0,10689.0,10731.0
2019-07-11,TX201907,10801.0,10833.0,10772.0,10814.0
2019-07-12,TX201907,10789.0,10830.0,10788.0,10810.0
2019-07-15,TX201907,10808.0,10860.0,10730.0,10849.0
2019-07-16,TX201907,10863.0,10892.0,10851.0,10876.0
2019-07-17,TX201907,10837.0,10855.0,10805.0,10831.0
2019-07-18,TX201908,10625.0,10676.0,10623.0,10651.0
2019-07-19,TX201908,10757.0,10792.0,10727.0,10744.0
2019-07-22,TX201908,10735.0,10798.0,10729.0,10794.0
2019-07-23,TX201908,10822.0,10836.0,10785.0,10803.0
2019-07-24,TX201908,10817.0,10835.0,10792.0,10804.0
2019-07-25,TX201908,10825.0,10831.0,10769.0,10822.0
2019-07-26,TX201908,10781.0,10795.0,10765.0,10787.0
2019-07-29,TX201908,10779.0,10802.0,10744.0,10782.0
2019-07-30,TX201908,10819.0,10836.0,10751.0,10752.0
2019-07-31,TX201908,10721.0,10743.0,10674.0,10737.0
2019-08-01,TX201908,10635.0,10697.0,10623.0,10644.0
2019-08-02,TX201908,10518.0,10535.0,10441.0,10469.0
2019-08-05,TX201908,10421.0,10460.0,10358.0,10379.0
2019-08-06,TX201908,10096.0,10387.0,10095.0,10331.0
2019-08-07,TX201908,10330.0,10375.0,10301.0,10347.0
2019-08-08,TX201908,10372.0,10454.0,10340.0,10439.0
2019-08-12,TX201908,10439.0,10477.0,10380.0,10441.0
2019-08-13,TX201908,10385.0,10400.0,10319.0,10342.0
2019-08-14,TX201908,10457.0,10492.0,10416.0,10429.0
2019-08-15,TX201908,10255.0,10335.0,10242.0,10301.0
2019-08-16,TX201908,10315.0,10421.0,10288.0,10414.0
2019-08-19,TX201908,10436.0,10489.0,10419.0,10484.0
2019-08-20,TX201908,10487.0,10530.0,10478.0,10527.0
2019-08-21,TX201908,10514.0,10544.0,10505.0,10528.0
2019-08-22,TX201909,10538.0,10564.0,10464.0,10477.0
2019-08-23,TX201909,10485.0,10513.0,10460.0,10499.0
2019-08-26,TX201909,10335.0,10367.0,10294.0,10307.0
2019-08-27,TX201909,10372.0,10390.0,10343.0,10364.0
2019-08-28,TX201909,10390.0,10438.0,10388.0,10413.0
2019-08-29,TX201909,10420.0,10442.0,10376.0,10430.0
2019-08-30,TX201909,10520.0,10584.0,10517.0,10576.0
2019-09-02,TX201909,10564.0,10615.0,10556.0,10605.0
2019-09-03,TX201909,10599.0,10632.0,10537.0,10543.0
2019-09-04,TX201909,10563.0,10657.0,10558.0,10644.0
2019-09-05,TX201909,10719.0,10762.0,10703.0,10735.0
2019-09-06,TX201909,10776.0,10783.0,10741.0,10768.0
2019-09-09,TX201909,10802.0,10827.0,10773.0,10792.0
2019-09-10,TX201909,10801.0,10814.0,10731.0,10743.0
2019-09-11,TX201909,10795.0,10808.0,10751.0,10773.0
2019-09-12,TX201909,10842.0,10870.0,10801.0,10824.0
2019-09-16,TX201909,10802.0,10885.0,10802.0,10881.0
2019-09-17,TX201909,10907.0,10910.0,10858.0,10863.0
2019-09-18,TX201909,10912.0,10963.0,10884.0,10959.0
2019-09-19,TX201910,10915.0,10936.0,10851.0,10870.0
2019-09-20,TX201910,10901.0,10912.0,10884.0,10901.0
2019-09-23,TX201910,10894.0,10929.0,10872.0,10894.0
2019-09-24,TX201910,10911.0,10932.0,10865.0,10908.0
2019-09-25,TX201910,10865.0,10873.0,10805.0,10841.0
2019-09-26,TX201910,10876.0,10895.0,10828.0,10843.0
2019-09-27,TX201910,10876.0,10897.0,10811.0,10824.0
2019-10-01,TX201910,10856.0,10962.0,10856.0,10954.0
2019-10-02,TX201910,10916.0,10948.0,10912.0,10922.0
2019-10-03,TX201910,10827.0,10877.0,10773.0,10851.0
2019-10-04,TX201910,10881.0,10912.0,10820.0,10880.0
2019-10-07,TX201910,10907.0,10937.0,10886.0,10915.0
2019-10-08,TX201910,10958.0,11021.0,10950.0,11001.0
2019-10-09,TX201910,10963.0,10969.0,10880.0,10880.0
2019-10-14,TX201910,11070.0,11092.0,11030.0,11076.0
2019-10-15,TX201910,11083.0,11122.0,11073.0,11108.0
2019-10-16,TX201910,11158.0,11171.0,11130.0,11145.0
2019-10-17,TX201911,11148.0,11161.0,11117.0,11157.0
2019-10-18,TX201911,11195.0,11223.0,11132.0,11150.0
2019-10-21,TX201911,11157.0,11168.0,11133.0,11155.0
2019-10-22,TX201911,11213.0,11252.0,11191.0,11242.0
2019-10-23,TX201911,11225.0,11254.0,11182.0,11201.0
2019-10-24,TX201911,11232.0,11292.0,11225.0,11290.0
2019-10-25,TX201911,11321.0,11328.0,11264.0,11284.0
2019-10-28,TX201911,11334.0,11342.0,11291.0,11311.0
2019-10-29,TX201911,11348.0,11366.0,11293.0,11326.0
2019-10-30,TX201911,11312.0,11351.0,11295.0,11338.0
2019-10-31,TX201911,11371.0,11396.0,11341.0,11346.0
2019-11-01,TX201911,11333.0,11377.0,11316.0,11371.0
2019-11-04,TX201911,11416.0,11554.0,11413.0,11544.0
2019-11-05,TX201911,11594.0,11650.0,11566.0,11645.0
2019-11-06,TX201911,11644.0,11675.0,11600.0,11653.0
2019-11-07,TX201911,11636.0,11637.0,11558.0,11596.0
2019-11-08,TX201911,11646.0,11648.0,11554.0,11573.0
2019-11-11,TX201911,11577.0,11581.0,11424.0,11437.0
2019-11-12,TX201911,11483.0,11528.0,11466.0,11523.0
2019-11-13,TX201911,11463.0,11494.0,11428.0,11466.0
2019-11-14,TX201911,11493.0,11496.0,11413.0,11456.0
2019-11-15,TX201911,11485.0,11563.0,11480.0,11532.0
2019-11-18,TX201911,11533.0,11594.0,11507.0,11593.0
2019-11-19,TX201911,11574.0,11654.0,11563.0,11644.0
2019-11-20,TX201911,11621.0,11644.0,11594.0,11607.0
2019-11-21,TX201912,11529.0,11551.0,11450.0,11544.0
2019-11-22,TX201912,11565.0,11592.0,11531.0,11556.0
2019-11-25,TX201912,11615.0,11629.0,11559.0,11565.0
2019-11-26,TX201912,11620.0,11658.0,11603.0,11618.0
2019-11-27,TX201912,11613.0,11651.0,11596.0,11647.0
2019-11-28,TX201912,11658.0,11663.0,11605.0,11614.0
2019-11-29,TX201912,11604.0,11613.0,11462.0,11465.0
2019-12-02,TX201912,11527.0,11533.0,11459.0,11502.0
2019-12-03,TX201912,11444.0,11527.0,11439.0,11524.0
2019-12-04,TX201912,11492.0,11505.0,11443.0,11503.0
2019-12-05,TX201912,11540.0,11618.0,11532.0,11598.0
2019-12-06,TX201912,11645.0,11670.0,11580.0,11612.0
2019-12-09,TX201912,11670.0,11699.0,11633.0,11671.0
2019-12-10,TX201912,11647.0,11656.0,11605.0,11625.0
2019-12-11,TX201912,11600.0,11706.0,11594.0,11706.0
2019-12-12,TX201912,11765.0,11888.0,11754.0,11853.0
2019-12-13,TX201912,11977.0,12007.0,11917.0,11965.0
2019-12-16,TX201912,11932.0,11976.0,11922.0,11961.0
2019-12-17,TX201912,11974.0,12102.0,11945.0,12100.0
2019-12-18,TX201912,12077.0,12129.0,12065.0,12118.0
2019-12-19,TX202001,12110.0,12115.0,12015.0,12030.0
2019-12-20,TX202001,12063.0,12063.0,11951.0,11979.0
2019-12-23,TX202001,12000.0,12028.0,11972.0,12020.0
2019-12-24,TX202001,12030.0,12044.0,11982.0,11983.0
2019-12-25,TX202001,11989.0,12027.0,11976.0,12020.0
2019-12-26,TX202001,12029.0,12042.0,11986.0,12009.0
2019-12-27,TX202001,12038.0,12112.0,12037.0,12097.0
2019-12-30,TX202001,12091.0,12125.0,12065.0,12069.0
2019-12-31,TX202001,12029.0,12049.0,11992.0,11995.0
2020-01-02,TX202001,12044.0,12120.0,12023.0,12102.0
2020-01-03,TX202001,12180.0,12198.0,11996.0,12086.0
2020-01-06,TX202001,12017.0,12034.0,11948.0,11950.0
2020-01-07,TX202001,11995.0,12009.0,11816.0,11871.0
2020-01-08,TX202001,11728.0,11892.0,11697.0,11788.0
2020-01-09,TX202001,11919.0,11998.0,11883.0,11968.0
2020-01-10,TX202001,12005.0,12042.0,11953.0,12010.0
2020-01-13,TX202001,12085.0,12121.0,12044.0,12117.0
2020-01-14,TX202001,12176.0,12199.0,12148.0,12181.0
2020-01-15,TX202001,12159.0,12175.0,12058.0,12063.0
2020-01-16,TX202002,12040.0,12078.0,11990.0,12056.0
2020-01-17,TX202002,12103.0,12118.0,12029.0,12072.0
2020-01-20,TX202002,12119.0,12160.0,12097.0,12111.0
2020-01-30,TX202002,11770.0,11798.0,11366.0,11370.0
2020-01-31,TX202002,11460.0,11567.0,11407.0,11468.0
2020-02-03,TX202002,11285.0,11370.0,11152.0,11325.0
2020-02-04,TX202002,11373.0,11557.0,11362.0,11534.0
2020-02-05,TX202002,11603.0,11620.0,11474.0,11542.0
2020-02-06,TX202002,11651.0,11744.0,11628.0,11741.0
2020-02-07,TX202002,11660.0,11666.0,11566.0,11592.0
2020-02-10,TX202002,11455.0,11598.0,11402.0,11564.0
2020-02-11,TX202002,11625.0,11689.0,11613.0,11666.0
2020-02-12,TX202002,11663.0,11797.0,11647.0,11771.0
2020-02-13,TX202002,11798.0,11837.0,11762.0,11774.0
2020-02-14,TX202002,11757.0,11852.0,11755.0,11812.0
2020-02-17,TX202002,11710.0,11792.0,11702.0,11770.0
2020-02-18,TX202002,11715.0,11719.0,11627.0,11640.0
2020-02-19,TX202002,11678.0,11805.0,11637.0,11760.0
2020-02-20,TX202003,11820.0,11830.0,11679.0,11715.0
2020-02-21,TX202003,11665.0,11765.0,11636.0,11664.0
2020-02-24,TX202003,11509.0,11587.0,11476.0,11508.0
2020-02-25,TX202003,11400.0,11561.0,11386.0,11542.0
2020-02-26,TX202003,11383.0,11482.0,11365.0,11421.0
2020-02-27,TX202003,11395.0,11447.0,11237.0,11273.0
2020-03-02,TX202003,11011.0,11278.0,11005.0,11174.0
2020-03-03,TX202003,11313.0,11375.0,11278.0,11324.0
2020-03-04,TX202003,11348.0,11369.0,11267.0,11364.0
2020-03-05,TX202003,11450.0,11501.0,11428.0,11492.0
2020-03-06,TX202003,11400.0,11420.0,11260.0,11269.0
2020-03-09,TX202003,10975.0,11108.0,10916.0,10950.0
2020-03-10,TX202003,10830.0,10996.0,10779.0,10984.0
2020-03-11,TX202003,10979.0,11029.0,10807.0,10821.0
2020-03-12,TX202003,10750.0,10765.0,10161.0,10367.0
2020-03-13,TX202003,9749.0,10147.0,9450.0,10021.0
2020-03-16,TX202003,9919.0,10055.0,9636.0,9668.0
2020-03-17,TX202003,9379.0,9677.0,9271.0,9363.0
2020-03-18,TX202003,9366.0,9489.0,9205.0,9263.0
2020-03-19,TX202004,8820.0,8872.0,8268.0,8353.0
2020-03-20,TX202004,8562.0,9166.0,8544.0,9013.0
2020-03-23,TX202004,8609.0,8868.0,8555.0,8688.0
2020-03-24,TX202004,8998.0,9295.0,8986.0,9193.0
2020-03-25,TX202004,9410.0,9624.0,9370.0,9583.0
2020-03-26,TX202004,9679.0,9690.0,9426.0,9638.0
2020-03-27,TX202004,9899.0,9910.0,9548.0,9583.0
2020-03-30,TX202004,9376.0,9576.0,9266.0,9576.0
2020-03-31,TX202004,9666.0,9717.0,9495.0,9596.0
2020-04-01,TX202004,9588.0,9650.0,9551.0,9552.0
2020-04-06,TX202004,9741.0,9860.0,9582.0,9826.0
2020-04-07,TX202004,9955.0,10020.0,9878.0,9997.0
2020-04-08,TX202004,9950.0,10135.0,9945.0,10127.0
2020-04-09,TX202004,10131.0,10197.0,10028.0,10101.0
2020-04-10,TX202004,10038.0,10140.0,10030.0,10133.0
2020-04-13,TX202004,10084.0,10149.0,10031.0,10073.0
2020-04-14,TX202004,10160.0,10355.0,10125.0,10346.0
2020-04-15,TX202004,10347.0,10463.0,10330.0,10450.0
2020-04-16,TX202005,10177.0,10343.0,10161.0,10302.0
2020-04-17,TX202005,10575.0,10669.0,10456.0,10561.0
2020-04-20,TX202005,10515.0,10560.0,10458.0,10476.0
2020-04-21,TX202005,10406.0,10467.0,10144.0,10198.0
2020-04-22,TX202005,10145.0,10226.0,10065.0,10225.0
2020-04-23,TX202005,10268.0,10402.0,10154.0,10292.0
2020-04-24,TX202005,10231.0,10292.0,10211.0,10270.0
2020-04-27,TX202005,10373.0,10567.0,10368.0,10547.0
2020-04-28,TX202005,10600.0,10605.0,10480.0,10582.0
2020-04-29,TX202005,10655.0,10770.0,10631.0,10707.0
2020-04-30,TX202005,10813.0,10971.0,10803.0,10944.0
2020-05-04,TX202005,10540.0,10699.0,10477.0,10615.0
2020-05-05,TX202005,10717.0,10795.0,10658.0,10725.0
2020-05-06,TX202005,10658.0,10780.0,10618.0,10750.0
2020-05-07,TX202005,10736.0,10877.0,10710.0,10833.0
2020-05-08,TX202005,10893.0,10956.0,10853.0,10896.0
2020-05-11,TX202005,10979.0,11038.0,10935.0,10983.0
2020-05-12,TX202005,10902.0,10932.0,10802.0,10865.0
2020-05-13,TX202005,10783.0,10925.0,10776.0,10915.0
2020-05-14,TX202005,10828.0,10877.0,10738.0,10750.0
2020-05-15,TX202005,10830.0,10869.0,10701.0,10818.0
2020-05-18,TX202005,10768.0,10824.0,10724.0,10763.0
2020-05-19,TX202005,10932.0,10964.0,10836.0,10872.0
2020-05-20,TX202005,10903.0,10960.0,10853.0,10887.0
2020-05-21,TX202006,10903.0,11008.0,10894.0,10952.0
2020-05-22,TX202006,10928.0,10935.0,10723.0,10743.0
2020-05-25,TX202006,10800.0,10840.0,10651.0,10817.0
2020-05-26,TX202006,10896.0,11027.0,10891.0,10984.0
2020-05-27,TX202006,10962.0,11037.0,10926.0,10972.0
2020-05-28,TX202006,11066.0,11077.0,10856.0,10907.0
2020-05-29,TX202006,10888.0,10950.0,10806.0,10922.0
2020-06-01,TX202006,10983.0,11103.0,10971.0,11057.0
2020-06-02,TX202006,11080.0,11140.0,11072.0,11106.0
2020-06-03,TX202006,11250.0,11299.0,11206.0,11283.0
2020-06-04,TX202006,11419.0,11425.0,11306.0,11357.0
2020-06-05,TX202006,11399.0,11473.0,11377.0,11457.0
2020-06-08,TX202006,11550.0,11626.0,11491.0,11570.0
2020-06-09,TX202006,11596.0,11622.0,11521.0,11609.0
2020-06-10,TX202006,11634.0,11730.0,11596.0,11706.0
2020-06-11,TX202006,11689.0,11738.0,11475.0,11491.0
2020-06-12,TX202006,11331.0,11432.0,11250.0,11395.0
2020-06-15,TX202006,11356.0,11446.0,11216.0,11229.0
2020-06-16,TX202006,11448.0,11554.0,11421.0,11526.0
2020-06-17,TX202006,11480.0,11568.0,11467.0,11521.0
2020-06-18,TX202007,11372.0,11425.0,11295.0,11394.0
2020-06-19,TX202007,11424.0,11439.0,11361.0,11410.0
2020-06-22,TX202007,11374.0,11498.0,11362.0,11423.0
2020-06-23,TX202007,11493.0,11540.0,11346.0,11455.0
2020-06-24,TX202007,11541.0,11570.0,11503.0,11523.0
2020-06-29,TX202007,11394.0,11458.0,11315.0,11361.0
2020-06-30,TX202007,11460.0,11502.0,11412.0,11469.0
2020-07-01,TX202007,11482.0,11623.0,11472.0,11546.0
2020-07-02,TX202007,11585.0,11712.0,11566.0,11695.0
2020-07-03,TX202007,11788.0,11850.0,11752.0,11838.0
2020-07-06,TX202007,11921.0,12072.0,11905.0,12065.0
2020-07-07,TX202007,12149.0,12192.0,11990.0,12027.0
2020-07-08,TX202007,12041.0,12145.0,12025.0,12125.0
2020-07-09,TX202007,12202.0,12222.0,12118.0,12147.0
2020-07-10,TX202007,12204.0,12213.0,11987.0,11999.0
2020-07-13,TX202007,12139.0,12210.0,12105.0,12205.0
2020-07-14,TX202007,12147.0,12224.0,12119.0,12188.0
2020-07-15,TX202007,12305.0,12323.0,12150.0,12220.0
2020-07-16,TX202008,12066.0,12094.0,11931.0,12032.0
2020-07-17,TX202008,12088.0,12138.0,12011.0,12039.0
2020-07-20,TX202008,12073.0,12075.0,11903.0,12031.0
2020-07-21,TX202008,12125.0,12324.0,12121.0,12289.0
2020-07-22,TX202008,12301.0,12361.0,12256.0,12331.0
2020-07-23,TX202008,12309.0,12313.0,12199.0,12288.0
2020-07-24,TX202008,12232.0,12352.0,12123.0,12150.0
2020-07-27,TX202008,12410.0,12572.0,12407.0,12503.0
2020-07-28,TX202008,12834.0,12900.0,12408.0,12457.0
2020-07-29,TX202008,12446.0,12543.0,12392.0,12423.0
2020-07-30,TX202008,12617.0,12627.0,12488.0,12596.0
2020-07-31,TX202008,12606.0,12644.0,12525.0,12577.0
2020-08-03,TX202008,12531.0,12567.0,12405.0,12443.0
2020-08-04,TX202008,12516.0,12632.0,12489.0,12629.0
2020-08-05,TX202008,12700.0,12746.0,12643.0,12744.0
2020-08-06,TX202008,12856.0,12925.0,12753.0,12835.0
2020-08-07,TX202008,12860.0,12866.0,12706.0,12763.0
2020-08-10,TX202008,12779.0,12905.0,12720.0,12855.0
2020-08-11,TX202008,12825.0,12874.0,12727.0,12737.0
2020-08-12,TX202008,12700.0,12701.0,12565.0,12655.0
2020-08-13,TX202008,12816.0,12836.0,12702.0,12723.0
2020-08-14,TX202008,12696.0,12790.0,12646.0,12788.0
2020-08-17,TX202008,12776.0,12959.0,12771.0,12955.0
2020-08-18,TX202008,12983.0,12998.0,12836.0,12875.0
2020-08-19,TX202008,12905.0,12955.0,12780.0,12806.0
2020-08-20,TX202009,12695.0,12709.0,12067.0,12305.0
2020-08-21,TX202009,12466.0,12598.0,12423.0,12543.0
2020-08-24,TX202009,12568.0,12653.0,12503.0,12604.0
2020-08-25,TX202009,12657.0,12795.0,12643.0,12737.0
2020-08-26,TX202009,12730.0,12799.0,12681.0,12792.0
2020-08-27,TX202009,12838.0,12925.0,12735.0,12760.0
2020-08-28,TX202009,12740.0,12782.0,12634.0,12691.0
2020-08-31,TX202009,12800.0,12826.0,12563.0,12591.0
2020-09-01,TX202009,12566.0,12698.0,12531.0,12691.0
2020-09-02,TX202009,12765.0,12776.0,12595.0,12691.0
2020-09-03,TX202009,12792.0,12858.0,12705.0,12732.0
2020-09-04,TX202009,12558.0,12651.0,12510.0,12606.0
2020-09-07,TX202009,12608.0,12733.0,12560.0,12582.0
2020-09-08,TX202009,12657.0,12695.0,12610.0,12667.0
2020-09-09,TX202009,12545.0,12606.0,12434.0,12598.0
2020-09-10,TX202009,12669.0,12706.0,12622.0,12699.0
2020-09-11,TX202009,12658.0,12689.0,12606.0,12661.0
2020-09-14,TX202009,12694.0,12797.0,12678.0,12785.0
2020-09-15,TX202009,12768.0,12855.0,12756.0,12840.0
2020-09-16,TX202009,12945.0,13018.0,12900.0,12968.0
2020-09-17,TX202010,12855.0,12908.0,12772.0,12816.0
2020-09-18,TX202010,12839.0,12866.0,12773.0,12835.0
2020-09-21,TX202010,12820.0,12877.0,12655.0,12659.0
2020-09-22,TX202010,12627.0,12655.0,12481.0,12507.0
2020-09-23,TX202010,12553.0,12563.0,12441.0,12528.0
2020-09-24,TX202010,12407.0,12414.0,12166.0,12175.0
2020-09-25,TX202010,12265.0,12309.0,12114.0,12195.0
2020-09-28,TX202010,12292.0,12421.0,12246.0,12417.0
2020-09-29,TX202010,12478.0,12522.0,12395.0,12421.0
2020-09-30,TX202010,12456.0,12548.0,12444.0,12472.0
2020-10-05,TX202010,12577.0,12620.0,12486.0,12529.0
2020-10-06,TX202010,12618.0,12704.0,12614.0,12675.0
2020-10-07,TX202010,12620.0,12758.0,12606.0,12755.0
2020-10-08,TX202010,12831.0,12876.0,12772.0,12873.0
2020-10-12,TX202010,12935.0,12995.0,12878.0,12920.0
2020-10-13,TX202010,12950.0,12952.0,12816.0,12919.0
2020-10-14,TX202010,12940.0,12956.0,12871.0,12888.0
2020-10-15,TX202010,12838.0,12892.0,12727.0,12840.0
2020-10-16,TX202010,12818.0,12865.0,12718.0,12745.0
2020-10-19,TX202010,12783.0,12912.0,12782.0,12896.0
2020-10-20,TX202010,12892.0,12905.0,12844.0,12856.0
2020-10-21,TX202010,12906.0,12946.0,12851.0,12860.0
2020-10-22,TX202011,12729.0,12839.0,12707.0,12837.0
2020-10-23,TX202011,12865.0,12883.0,12795.0,12839.0
2020-10-26,TX202011,12848.0,12935.0,12820.0,12858.0
2020-10-27,TX202011,12826.0,12833.0,12765.0,12807.0
2020-10-28,TX202011,12780.0,12809.0,12713.0,12739.0
2020-10-29,TX202011,12598.0,12640.0,12504.0,12602.0
2020-10-30,TX202011,12545.0,12563.0,12407.0,12414.0
2020-11-02,TX202011,12474.0,12531.0,12402.0,12515.0
2020-11-03,TX202011,12611.0,12715.0,12602.0,12685.0
2020-11-04,TX202011,12770.0,12879.0,12662.0,12865.0
2020-11-05,TX202011,12924.0,12928.0,12821.0,12890.0
2020-11-06,TX202011,12942.0,12991.0,12896.0,12936.0
2020-11-09,TX202011,13090.0,13175.0,13046.0,13121.0
2020-11-10,TX202011,13130.0,13154.0,13010.0,13071.0
2020-11-11,TX202011,13101.0,13281.0,13077.0,13263.0
2020-11-12,TX202011,13266.0,13305.0,13193.0,13230.0
2020-11-13,TX202011,13227.0,13285.0,13163.0,13284.0
2020-11-16,TX202011,13407.0,13582.0,13406.0,13581.0
2020-11-17,TX202011,13656.0,13737.0,13603.0,13625.0
2020-11-18,TX202011,13632.0,13788.0,13621.0,13756.0
2020-11-19,TX202012,13732.0,13750.0,13662.0,13740.0
2020-11-20,TX202012,13724.0,13737.0,13640.0,13736.0
2020-11-23,TX202012,13790.0,13943.0,13788.0,13875.0
2020-11-24,TX202012,13921.0,13928.0,13777.0,13804.0
2020-11-25,TX202012,13886.0,13909.0,13692.0,13709.0
2020-11-26,TX202012,13788.0,13862.0,13741.0,13841.0
2020-11-27,TX202012,13781.0,13890.0,13763.0,13878.0
2020-11-30,TX202012,13883.0,13975.0,13704.0,13722.0
2020-12-01,TX202012,13818.0,13885.0,13751.0,13877.0
2020-12-02,TX202012,13932.0,13980.0,13855.0,13956.0
2020-12-03,TX202012,13971.0,14047.0,13903.0,13986.0
2020-12-04,TX202012,14022.0,14149.0,14012.0,14138.0
2020-12-07,TX202012,14181.0,14247.0,14087.0,14225.0
2020-12-08,TX202012,14206.0,14350.0,14156.0,14342.0
2020-12-09,TX202012,14372.0,14425.0,14331.0,14397.0
2020-12-10,TX202012,14261.0,14314.0,14178.0,14241.0
2020-12-11,TX202012,14290.0,14340.0,14091.0,14236.0
2020-12-14,TX202012,14264.0,14285.0,14197.0,14200.0
2020-12-15,TX202012,14162.0,14232.0,14030.0,14085.0
2020-12-16,TX202012,14198.0,14328.0,14186.0,14323.0
2020-12-17,TX202101,14220.0,14225.0,14085.0,14186.0
2020-12-18,TX202101,14190.0,14222.0,14128.0,14137.0
2020-12-21,TX202101,14155.0,14313.0,14021.0,14312.0
2020-12-22,TX202101,14253.0,14334.0,14042.0,14046.0
2020-12-23,TX202101,14104.0,14181.0,14031.0,14113.0
2020-12-24,TX202101,14185.0,14287.0,14179.0,14242.0
2020-12-25,TX202101,14328.0,14383.0,14245.0,14305.0
2020-12-28,TX202101,14329.0,14444.0,14320.0,14437.0
2020-12-29,TX202101,14465.0,14466.0,14376.0,14459.0
2020-12-30,TX202101,14451.0,14643.0,14440.0,14638.0
2020-12-31,TX202101,14678.0,14712.0,14604.0,14678.0
2021-01-04,TX202101,14640.0,14925.0,14635.0,14874.0
2021-01-05,TX202101,14874.0,14980.0,14836.0,14977.0
2021-01-06,TX202101,15048.0,15140.0,14764.0,14911.0
2021-01-07,TX202101,15050.0,15260.0,15024.0,15230.0
2021-01-08,TX202101,15376.0,15473.0,15264.0,15454.0
2021-01-11,TX202101,15420.0,15538.0,15369.0,15534.0
2021-01-12,TX202101,15517.0,15605.0,15407.0,15493.0
2021-01-13,TX202101,15557.0,15790.0,15555.0,15764.0
2021-01-14,TX202101,15705.0,15766.0,15632.0,15729.0
2021-01-15,TX202101,15950.0,16002.0,15584.0,15634.0
2021-01-18,TX202101,15637.0,15679.0,15327.0,15606.0
2021-01-19,TX202101,15714.0,15946.0,15710.0,15888.0
2021-01-20,TX202101,15899.0,15964.0,15735.0,15766.0
2021-01-21,TX202102,15803.0,16183.0,15769.0,16129.0
2021-01-22,TX202102,16051.0,16085.0,15928.0,15984.0
2021-01-25,TX202102,15956.0,16004.0,15719.0,15912.0
2021-01-26,TX202102,15865.0,15974.0,15537.0,15626.0
2021-01-27,TX202102,15725.0,15814.0,15585.0,15660.0
2021-01-28,TX202102,15411.0,15524.0,15305.0,15383.0
2021-01-29,TX202102,15498.0,15539.0,15063.0,15075.0
2021-02-01,TX202102,15156.0,15398.0,15090.0,15360.0
2021-02-02,TX202102,15469.0,15820.0,15459.0,15755.0
2021-02-03,TX202102,15864.0,15875.0,15716.0,15772.0
2021-02-04,TX202102,15721.0,15777.0,15542.0,15701.0
2021-02-05,TX202102,15809.0,15984.0,15751.0,15804.0
2021-02-17,TX202102,16261.0,16433.0,16179.0,16326.0
2021-02-18,TX202103,16374.0,16525.0,16287.0,16380.0
2021-02-19,TX202103,16301.0,16328.0,16130.0,16314.0
2021-02-22,TX202103,16480.0,16564.0,16336.0,16385.0
2021-02-23,TX202103,16223.0,16451.0,16182.0,16437.0
2021-02-24,TX202103,16300.0,16435.0,16133.0,16182.0
2021-02-25,TX202103,16388.0,16422.0,16243.0,16388.0
2021-02-26,TX202103,16037.0,16118.0,15852.0,15935.0
2021-03-02,TX202103,16249.0,16277.0,15868.0,15907.0
2021-03-03,TX202103,16000.0,16196.0,15885.0,16181.0
2021-03-04,TX202103,16025.0,16066.0,15756.0,15925.0
2021-03-05,TX202103,15601.0,15914.0,15570.0,15855.0
2021-03-08,TX202103,15950.0,16095.0,15767.0,15816.0
2021-03-09,TX202103,15810.0,15848.0,15608.0,15822.0
2021-03-10,TX202103,15977.0,15986.0,15808.0,15883.0
2021-03-11,TX202103,15951.0,16214.0,15942.0,16174.0
2021-03-12,TX202103,16276.0,16288.0,16155.0,16222.0
2021-03-15,TX202103,16206.0,16249.0,16142.0,16200.0
2021-03-16,TX202103,16250.0,16348.0,16213.0,16305.0
2021-03-17,TX202103,16304.0,16336.0,16161.0,16176.0
2021-03-18,TX202104,16255.0,16401.0,16220.0,16239.0
2021-03-19,TX202104,16100.0,16110.0,15953.0,16012.0
2021-03-22,TX202104,16018.0,16174.0,15911.0,16140.0
2021-03-23,TX202104,16223.0,16277.0,16103.0,16120.0
2021-03-24,TX202104,16019.0,16062.0,15939.0,15983.0
2021-03-25,TX202104,15890.0,16090.0,15870.0,16032.0
2021-03-26,TX202104,16095.0,16293.0,16081.0,16288.0
2021-03-29,TX202104,16370.0,16485.0,16350.0,16411.0
2021-03-30,TX202104,16469.0,16531.0,16418.0,16519.0
2021-03-31,TX202104,16540.0,16549.0,16403.0,16422.0
2021-04-01,TX202104,16535.0,16587.0,16452.0,16551.0
2021-04-06,TX202104,16760.0,16840.0,16697.0,16731.0
2021-04-07,TX202104,16777.0,16788.0,16673.0,16768.0
2021-04-08,TX202104,16715.0,16930.0,16687.0,16930.0
2021-04-09,TX202104,16952.0,16971.0,16810.0,16841.0
2021-04-12,TX202104,16895.0,16965.0,16760.0,16834.0
2021-04-13,TX202104,16910.0,17046.0,16780.0,16795.0
2021-04-14,TX202104,16860.0,16917.0,16592.0,16856.0
2021-04-15,TX202104,16881.0,17074.0,16852.0,17071.0
2021-04-16,TX202104,17062.0,17160.0,16990.0,17158.0
2021-04-19,TX202104,17118.0,17296.0,17111.0,17271.0
2021-04-20,TX202104,17238.0,17324.0,17206.0,17319.0
2021-04-21,TX202104,17225.0,17270.0,17150.0,17231.0
2021-04-22,TX202105,17258.0,17369.0,17053.0,17109.0
2021-04-23,TX202105,17061.0,17260.0,17041.0,17257.0
2021-04-26,TX202105,17337.0,17536.0,17323.0,17530.0
2021-04-27,TX202105,17532.0,17576.0,17460.0,17571.0
2021-04-28,TX202105,17548.0,17563.0,17475.0,17533.0
2021-04-29,TX202105,17578.0,17702.0,17531.0,17571.0
2021-05-03,TX202105,17501.0,17534.0,17226.0,17253.0
2021-05-04,TX202105,17271.0,17309.0,16668.0,16933.0
2021-05-05,TX202105,16847.0,17020.0,16756.0,16769.0
2021-05-06,TX202105,16884.0,17081.0,16700.0,16944.0
2021-05-07,TX202105,17120.0,17288.0,17060.0,17287.0
2021-05-10,TX202105,17369.0,17373.0,17178.0,17228.0
2021-05-11,TX202105,16968.0,16970.0,16425.0,16556.0
2021-05-12,TX202105,16503.0,16531.0,15027.0,15692.0
2021-05-13,TX202105,15538.0,15991.0,15348.0,15566.0
2021-05-14,TX202105,15800.0,16021.0,15653.0,15772.0
2021-05-17,TX202105,15183.0,15735.0,15096.0,15263.0
2021-05-18,TX202105,15563.0,16180.0,15501.0,16147.0
2021-05-19,TX202105,16122.0,16248.0,15979.0,16138.0
2021-05-20,TX202106,16078.0,16113.0,15854.0,15981.0
2021-05-21,TX202106,16222.0,16425.0,16072.0,16257.0
2021-05-24,TX202106,16079.0,16368.0,16069.0,16294.0
2021-05-25,TX202106,16463.0,16623.0,16425.0,16585.0
2021-05-26,TX202106,16616.0,16664.0,16504.0,16616.0
2021-05-27,TX202106,16593.0,16595.0,16219.0,16534.0
2021-05-28,TX202106,16731.0,16878.0,16673.0,16863.0
2021-05-31,TX202106,16891.0,17098.0,16884.0,17013.0
2021-06-01,TX202106,17050.0,17148.0,17015.0,17130.0
2021-06-02,TX202106,17171.0,17198.0,17016.0,17098.0
2021-06-03,TX202106,17253.0,17313.0,17147.0,17230.0
2021-06-04,TX202106,17051.0,17159.0,17025.0,17100.0
2021-06-07,TX202106,17212.0,17229.0,16719.0,17090.0
2021-06-08,TX202106,17190.0,17198.0,17030.0,17090.0
2021-06-09,TX202106,16997.0,17073.0,16889.0,16963.0
2021-06-10,TX202106,17035.0,17175.0,16992.0,17159.0
2021-06-11,TX202106,17189.0,17298.0,17189.0,17219.0
2021-06-15,TX202106,17322.0,17402.0,17276.0,17398.0
2021-06-16,TX202106,17324.0,17398.0,17033.0,17345.0
2021-06-17,TX202107,17070.0,17298.0,17039.0,17297.0
2021-06-18,TX202107,17315.0,17332.0,17212.0,17252.0
2021-06-21,TX202107,17048.0,17149.0,16891.0,16962.0
2021-06-22,TX202107,17155.0,17180.0,16988.0,17028.0
2021-06-23,TX202107,17100.0,17319.0,17059.0,17272.0
2021-06-24,TX202107,17298.0,17398.0,17261.0,17336.0
2021-06-25,TX202107,17438.0,17562.0,17377.0,17419.0
2021-06-28,TX202107,17484.0,17560.0,17398.0,17535.0
2021-06-29,TX202107,17595.0,17623.0,17451.0,17529.0
2021-06-30,TX202107,17610.0,17766.0,17583.0,17715.0
2021-07-01,TX202107,17678.0,17774.0,17555.0,17646.0
2021-07-02,TX202107,17651.0,17724.0,17588.0,17653.0
2021-07-05,TX202107,17755.0,17920.0,17742.0,17898.0
2021-07-06,TX202107,17956.0,17974.0,17858.0,17878.0
2021-07-07,TX202107,17821.0,17906.0,17715.0,17830.0
2021-07-08,TX202107,17876.0,17897.0,17694.0,17825.0
2021-07-09,TX202107,17662.0,17700.0,17526.0,17658.0
2021-07-12,TX202107,17848.0,17960.0,17770.0,17824.0
2021-07-13,TX202107,17958.0,18030.0,17824.0,17869.0
2021-07-14,TX202107,17846.0,17924.0,17748.0,17874.0
2021-07-15,TX202107,17919.0,18046.0,17868.0,18022.0
2021-07-16,TX202107,17826.0,17928.0,17772.0,17925.0
2021-07-19,TX202107,17717.0,17813.0,17647.0,17794.0
2021-07-20,TX202107,17680.0,17716.0,17478.0,17558.0
2021-07-21,TX202107,17655.0,17674.0,17376.0,17430.0
2021-07-22,TX202108,17441.0,17525.0,17347.0,17407.0
2021-07-23,TX202108,17486.0,17559.0,17380.0,17407.0
2021-07-26,TX202108,17473.0,17479.0,17197.0,17202.0
2021-07-27,TX202108,17322.0,17348.0,17153.0,17173.0
2021-07-28,TX202108,17062.0,17136.0,16733.0,16965.0
2021-07-29,TX202108,17136.0,17332.0,17068.0,17331.0
2021-07-30,TX202108,17285.0,17299.0,17126.0,17173.0
2021-08-02,TX202108,17313.0,17470.0,17160.0,17470.0
2021-08-03,TX202108,17426.0,17496.0,17361.0,17484.0
2021-08-04,TX202108,17491.0,17586.0,17464.0,17571.0
2021-08-05,TX202108,17570.0,17584.0,17520.0,17542.0
2021-08-06,TX202108,17555.0,17560.0,17353.0,17437.0
2021-08-09,TX202108,17438.0,17448.0,17235.0,17404.0
2021-08-10,TX202108,17396.0,17443.0,17259.0,17299.0
2021-08-11,TX202108,17217.0,17298.0,17078.0,17171.0
2021-08-12,TX202108,17207.0,17235.0,17125.0,17157.0
2021-08-13,TX202108,17185.0,17190.0,16934.0,16934.0
2021-08-16,TX202108,16829.0,16936.0,16750.0,16772.0
2021-08-17,TX202108,16850.0,16873.0,16575.0,16580.0
2021-08-18,TX202108,16440.0,16796.0,16389.0,16784.0
2021-08-19,TX202109,16611.0,16648.0,16256.0,16329.0
2021-08-20,TX202109,16297.0,16426.0,16145.0,16193.0
2021-08-23,TX202109,16427.0,16729.0,16393.0,16684.0
2021-08-24,TX202109,16822.0,16842.0,16717.0,16784.0
2021-08-25,TX202109,16794.0,16982.0,16785.0,16963.0
2021-08-26,TX202109,17103.0,17125.0,16882.0,16995.0
2021-08-27,TX202109,16940.0,17218.0,16908.0,17170.0
2021-08-30,TX202109,17249.0,17353.0,17206.0,17339.0
2021-08-31,TX202109,17276.0,17468.0,17144.0,17457.0
2021-09-01,TX202109,17408.0,17500.0,17363.0,17476.0
2021-09-02,TX202109,17434.0,17507.0,17266.0,17320.0
2021-09-03,TX202109,17442.0,17553.0,17370.0,17509.0
2021-09-06,TX202109,17440.0,17596.0,17425.0,17496.0
2021-09-07,TX202109,17522.0,17529.0,17337.0,17422.0
2021-09-08,TX202109,17395.0,17426.0,17163.0,17262.0
2021-09-09,TX202109,17142.0,17291.0,17084.0,17235.0
2021-09-10,TX202109,17300.0,17479.0,17284.0,17473.0
2021-09-13,TX202109,17434.0,17492.0,17356.0,17442.0
2021-09-14,TX202109,17541.0,17569.0,17426.0,17461.0
2021-09-15,TX202109,17403.0,17433.0,17280.0,17382.0
2021-09-16,TX202110,17337.0,17362.0,17191.0,17248.0
2021-09-17,TX202110,17256.0,17395.0,17165.0,17298.0
2021-09-22,TX202110,16835.0,16940.0,16751.0,16900.0
2021-09-23,TX202110,17020.0,17130.0,16985.0,17080.0
2021-09-24,TX202110,17191.0,17275.0,17170.0,17250.0
2021-09-27,TX202110,17247.0,17344.0,17222.0,17292.0
2021-09-28,TX202110,17182.0,17183.0,17042.0,17170.0
2021-09-29,TX202110,16926.0,16937.0,16760.0,16823.0
2021-09-30,TX202110,16803.0,16966.0,16704.0,16917.0
2021-10-01,TX202110,16800.0,16805.0,16415.0,16517.0
2021-10-04,TX202110,16588.0,16629.0,16313.0,16358.0
2021-10-05,TX202110,16240.0,16424.0,16107.0,16398.0
2021-10-06,TX202110,16470.0,16493.0,16265.0,16359.0
2021-10-07,TX202110,16521.0,16760.0,16519.0,16706.0
2021-10-08,TX202110,16740.0,16759.0,16591.0,16627.0
2021-10-12,TX202110,16485.0,16489.0,16285.0,16418.0
2021-10-13,TX202110,16520.0,16585.0,16318.0,16318.0
2021-10-14,TX202110,16496.0,16546.0,16354.0,16405.0
2021-10-15,TX202110,16654.0,16790.0,16570.0,16782.0
2021-10-18,TX202110,16800.0,16870.0,16705.0,16725.0
2021-10-19,TX202110,16810.0,16954.0,16787.0,16902.0
2021-10-20,TX202110,16973.0,16987.0,16863.0,16882.0
2021-10-21,TX202111,16879.0,17047.0,16812.0,16813.0
2021-10-22,TX202111,16877.0,16913.0,16770.0,16854.0
2021-10-25,TX202111,16788.0,16930.0,16731.0,16888.0
2021-10-26,TX202111,16975.0,17073.0,16948.0,17048.0
2021-10-27,TX202111,16944.0,17088.0,16928.0,17071.0
2021-10-28,TX202111,17013.0,17103.0,16984.0,17038.0
2021-10-29,TX202111,17061.0,17074.0,16858.0,16945.0
2021-11-01,TX202111,17040.0,17130.0,17028.0,17079.0
2021-11-02,TX202111,17167.0,17255.0,17004.0,17047.0
2021-11-03,TX202111,17081.0,17127.0,17040.0,17092.0
2021-11-04,TX202111,17269.0,17280.0,17050.0,17075.0
2021-11-05,TX202111,17150.0,17279.0,17106.0,17267.0
2021-11-08,TX202111,17256.0,17425.0,17251.0,17424.0
2021-11-09,TX202111,17499.0,17593.0,17480.0,17555.0
2021-11-10,TX202111,17550.0,17581.0,17496.0,17555.0
2021-11-11,TX202111,17430.0,17537.0,17395.0,17470.0
2021-11-12,TX202111,17570.0,17638.0,17491.0,17547.0
2021-11-15,TX202111,17615.0,17707.0,17603.0,17664.0
2021-11-16,TX202111,17662.0,17717.0,17653.0,17701.0
2021-11-17,TX202111,17711.0,17761.0,17678.0,17722.0
2021-11-18,TX202112,17769.0,17868.0,17763.0,17860.0
2021-11-19,TX202112,17919.0,17949.0,17813.0,17851.0
2021-11-22,TX202112,17790.0,17876.0,17787.0,17836.0
2021-11-23,TX202112,17765.0,17768.0,17638.0,17659.0
2021-11-24,TX202112,17604.0,17698.0,17593.0,17679.0
2021-11-25,TX202112,17688.0,17715.0,17600.0,17676.0
2021-11-26,TX202112,17530.0,17572.0,17307.0,17342.0
2021-11-29,TX202112,17243.0,17416.0,17184.0,17308.0
2021-11-30,TX202112,17428.0,17537.0,17312.0,17327.0
2021-12-01,TX202112,17350.0,17617.0,17333.0,17586.0
2021-12-02,TX202112,17570.0,17709.0,17509.0,17705.0
2021-12-03,TX202112,17696.0,17745.0,17621.0,17706.0
2021-12-06,TX202112,17619.0,17736.0,17527.0,17693.0
2021-12-07,TX202112,17677.0,17799.0,17586.0,17795.0
2021-12-08,TX202112,17945.0,17988.0,17840.0,17851.0
2021-12-09,TX202112,17886.0,17946.0,17812.0,17911.0
2021-12-10,TX202112,17808.0,17874.0,17765.0,17818.0
2021-12-13,TX202112,17912.0,17944.0,17743.0,17752.0
2021-12-14,TX202112,17683.0,17711.0,17565.0,17605.0
2021-12-15,TX202112,17588.0,17666.0,17536.0,17630.0
2021-12-16,TX202201,17765.0,17809.0,17671.0,17804.0
2021-12-17,TX202201,17716.0,17798.0,17703.0,17786.0
2021-12-20,TX202201,17720.0,17748.0,17564.0,17580.0
2021-12-21,TX202201,17660.0,17829.0,17624.0,17796.0
2021-12-22,TX202201,17847.0,17852.0,17783.0,17833.0
2021-12-23,TX202201,17935.0,17983.0,17903.0,17954.0
2021-12-24,TX202201,18014.0,18035.0,17946.0,17958.0
2021-12-27,TX202201,17982.0,18099.0,17967.0,18068.0
2021-12-28,TX202201,18115.0,18209.0,18105.0,18207.0
2021-12-29,TX202201,18195.0,18289.0,18188.0,18276.0
2021-12-30,TX202201,18242.0,18265.0,18177.0,18212.0
2022-01-03,TX202201,18288.0,18389.0,18203.0,18273.0
2022-01-04,TX202201,18361.0,18522.0,18359.0,18516.0
2022-01-05,TX202201,18480.0,18546.0,18438.0,18480.0
2022-01-06,TX202201,18345.0,18419.0,18238.0,18335.0
2022-01-07,TX202201,18459.0,18478.0,18115.0,18143.0
2022-01-10,TX202201,18075.0,18264.0,18022.0,18258.0
2022-01-11,TX202201,18200.0,18295.0,18102.0,18280.0
2022-01-12,TX202201,18403.0,18411.0,18271.0,18375.0
2022-01-13,TX202201,18433.0,18485.0,18364.0,18425.0
2022-01-14,TX202201,18549.0,18560.0,18220.0,18357.0
2022-01-17,TX202201,18417.0,18537.0,18387.0,18509.0
2022-01-18,TX202201,18531.0,18583.0,18347.0,18349.0
2022-01-19,TX202201,18261.0,18345.0,18210.0,18218.0
2022-01-20,TX202202,18203.0,18270.0,18081.0,18226.0
2022-01-21,TX202202,18026.0,18050.0,17836.0,17895.0
2022-01-24,TX202202,17736.0,17973.0,17703.0,17957.0
2022-01-25,TX202202,17790.0,17799.0,17578.0,17678.0
2022-01-26,TX202202,17683.0,17757.0,17607.0,17625.0
2022-02-07,TX202202,17797.0,17900.0,17693.0,17899.0
2022-02-08,TX202202,17960.0,18047.0,17922.0,17942.0
2022-02-09,TX202202,18068.0,18169.0,18050.0,18167.0
2022-02-10,TX202202,18230.0,18340.0,18133.0,18337.0
2022-02-11,TX202202,18202.0,18290.0,18182.0,18275.0
2022-02-14,TX202202,18099.0,18132.0,17934.0,17977.0
2022-02-15,TX202202,17922.0,18093.0,17883.0,17953.0
2022-02-16,TX202202,18184.0,18248.0,18140.0,18207.0
2022-02-17,TX202203,18269.0,18330.0,18168.0,18243.0
2022-02-18,TX202203,18065.0,18254.0,18039.0,18226.0
2022-02-21,TX202203,18001.0,18242.0,17970.0,18210.0
2022-02-22,TX202203,17990.0,18068.0,17773.0,17878.0
2022-02-23,TX202203,17954.0,18060.0,17936.0,18042.0
2022-02-24,TX202203,17811.0,17850.0,17506.0,17516.0
2022-02-25,TX202203,17660.0,17702.0,17513.0,17606.0
2022-03-01,TX202203,17756.0,17942.0,17692.0,17911.0
2022-03-02,TX202203,17788.0,17895.0,17758.0,17844.0
2022-03-03,TX202203,17942.0,17964.0,17865.0,17929.0
2022-03-04,TX202203,17608.0,17788.0,17522.0,17666.0
2022-03-07,TX202203,17362.0,17405.0,17051.0,17058.0
2022-03-08,TX202203,16840.0,17058.0,16695.0,16702.0
2022-03-09,TX202203,16890.0,17023.0,16865.0,16946.0
2022-03-10,TX202203,17301.0,17456.0,17269.0,17437.0
2022-03-11,TX202203,17372.0,17387.0,17170.0,17220.0
2022-03-14,TX202203,17289.0,17350.0,17150.0,17239.0
2022-03-15,TX202203,17177.0,17195.0,16861.0,16882.0
2022-03-16,TX202203,17080.0,17089.0,16801.0,16937.0
2022-03-17,TX202204,17339.0,17470.0,17262.0,17446.0
2022-03-18,TX202204,17441.0,17444.0,17295.0,17391.0
2022-03-21,TX202204,17442.0,17577.0,17439.0,17489.0
2022-03-22,TX202204,17536.0,17543.0,17453.0,17520.0
2022-03-23,TX202204,17644.0,17735.0,17610.0,17702.0
2022-03-24,TX202204,17570.0,17687.0,17548.0,17671.0
2022-03-25,TX202204,17720.0,17726.0,17591.0,17621.0
2022-03-28,TX202204,17512.0,17521.0,17304.0,17438.0
2022-03-29,TX202204,17560.0,17577.0,17484.0,17545.0
2022-03-30,TX202204,17671.0,17755.0,17658.0,17741.0
2022-03-31,TX202204,17747.0,17774.0,17623.0,17639.0
2022-04-01,TX202204,17466.0,17567.0,17414.0,17554.0
2022-04-06,TX202204,17439.0,17508.0,17327.0,17506.0
2022-04-07,TX202204,17333.0,17387.0,17123.0,17143.0
2022-04-08,TX202204,17200.0,17318.0,17169.0,17316.0
2022-04-11,TX202204,17222.0,17298.0,16976.0,17039.0
2022-04-12,TX202204,16960.0,17068.0,16906.0,16999.0
2022-04-13,TX202204,17080.0,17321.0,17071.0,17316.0
2022-04-14,TX202204,17349.0,17352.0,17251.0,17298.0
2022-04-15,TX202204,17102.0,17117.0,16960.0,16983.0
2022-04-18,TX202204,16908.0,16995.0,16813.0,16881.0
2022-04-19,TX202204,17065.0,17122.0,16988.0,17000.0
2022-04-20,TX202204,17071.0,17135.0,16992.0,17125.0
2022-04-21,TX202205,17180.0,17222.0,17090.0,17126.0
2022-04-22,TX202205,16862.0,16999.0,16823.0,16992.0
2022-04-25,TX202205,16686.0,16734.0,16508.0,16572.0
2022-04-26,TX202205,16648.0,16663.0,16533.0,16586.0
2022-04-27,TX202205,16221.0,16344.0,16160.0,16285.0
2022-04-28,TX202205,16317.0,16416.0,16220.0,16387.0
2022-04-29,TX202205,16555.0,16635.0,16495.0,16583.0
2022-05-03,TX202205,16487.0,16570.0,16434.0,16470.0
2022-05-04,TX202205,16505.0,16589.0,16489.0,16519.0
2022-05-05,TX202205,16753.0,16776.0,16645.0,16684.0
2022-05-06,TX202205,16310.0,16380.0,16266.0,16355.0
2022-05-09,TX202205,16156.0,16194.0,16015.0,16027.0
2022-05-10,TX202205,15809.0,16045.0,15730.0,16039.0
2022-05-11,TX202205,15989.0,16058.0,15907.0,16010.0
2022-05-12,TX202205,15801.0,15890.0,15608.0,15632.0
2022-05-13,TX202205,15777.0,15854.0,15743.0,15851.0
2022-05-16,TX202205,15996.0,16044.0,15847.0,15921.0
2022-05-17,TX202205,15978.0,16096.0,15963.0,16075.0
2022-05-18,TX202205,16180.0,16318.0,16159.0,16302.0
2022-05-19,TX202206,15871.0,15965.0,15820.0,15911.0
2022-05-20,TX202206,16069.0,16145.0,16013.0,16135.0
2022-05-23,TX202206,16220.0,16263.0,16076.0,16147.0
2022-05-24,TX202206,16131.0,16156.0,15914.0,15926.0
2022-05-25,TX202206,15996.0,16146.0,15968.0,16060.0
2022-05-26,TX202206,16153.0,16184.0,15928.0,15950.0
2022-05-27,TX202206,16110.0,16245.0,16100.0,16230.0
2022-05-30,TX202206,16400.0,16584.0,16391.0,16560.0
2022-05-31,TX202206,16492.0,16716.0,16460.0,16682.0
2022-06-01,TX202206,16647.0,16755.0,16592.0,16610.0
2022-06-02,TX202206,16536.0,16585.0,16471.0,16532.0
2022-06-06,TX202206,16590.0,16648.0,16463.0,16600.0
2022-06-07,TX202206,16520.0,16531.0,16406.0,16462.0
2022-06-08,TX202206,16560.0,16693.0,16555.0,16644.0
2022-06-09,TX202206,16573.0,16606.0,16524.0,16582.0
2022-06-10,TX202206,16380.0,16486.0,16350.0,16471.0
2022-06-13,TX202206,16115.0,16120.0,15993.0,16053.0
2022-06-14,TX202206,15950.0,16068.0,15841.0,16055.0
2022-06-15,TX202206,16052.0,16096.0,15989.0,16062.0
2022-06-16,TX202207,15751.0,15805.0,15382.0,15410.0
2022-06-17,TX202207,15196.0,15300.0,15137.0,15200.0
2022-06-20,TX202207,15182.0,15231.0,14966.0,15038.0
2022-06-21,TX202207,15164.0,15362.0,15115.0,15334.0
2022-06-22,TX202207,15316.0,15319.0,14984.0,15012.0
2022-06-23,TX202207,15059.0,15145.0,14804.0,14938.0
2022-06-24,TX202207,15006.0,15142.0,14959.0,15058.0
2022-06-27,TX202207,15205.0,15400.0,15201.0,15277.0
2022-06-28,TX202207,15299.0,15304.0,15096.0,15192.0
2022-06-29,TX202207,15020.0,15114.0,14980.0,15019.0
2022-06-30,TX202207,14931.0,14945.0,14610.0,14622.0
2022-07-01,TX202207,14656.0,14702.0,14128.0,14175.0
2022-07-04,TX202207,14236.0,14312.0,14025.0,14152.0
2022-07-05,TX202207,14350.0,14430.0,13975.0,14231.0
2022-07-06,TX202207,14213.0,14239.0,13858.0,13871.0
2022-07-07,TX202207,14068.0,14295.0,13832.0,14176.0
2022-07-08,TX202207,14390.0,14485.0,14264.0,14329.0
2022-07-11,TX202207,14467.0,14496.0,14229.0,14276.0
2022-07-12,TX202207,14157.0,14181.0,13850.0,13914.0
2022-07-13,TX202207,14240.0,14356.0,14203.0,14277.0
2022-07-14,TX202207,14237.0,14437.0,14122.0,14389.0
2022-07-15,TX202207,14422.0,14542.0,14333.0,14475.0
2022-07-18,TX202207,14577.0,14666.0,14535.0,14650.0
2022-07-19,TX202207,14562.0,14697.0,14533.0,14678.0
2022-07-20,TX202207,14845.0,14907.0,14696.0,14712.0
2022-07-21,TX202208,14600.0,14771.0,14573.0,14748.0
2022-07-22,TX202208,14796.0,14848.0,14725.0,14751.0
2022-07-25,TX202208,14750.0,14845.0,14688.0,14794.0
2022-07-26,TX202208,14755.0,14788.0,14650.0,14705.0
2022-07-27,TX202208,14670.0,14800.0,14615.0,14794.0
2022-07-28,TX202208,14922.0,14949.0,14786.0,14831.0
2022-07-29,TX202208,14936.0,14990.0,14870.0,14938.0
2022-08-01,TX202208,14921.0,14940.0,14804.0,14870.0
2022-08-02,TX202208,14767.0,14778.0,14589.0,14643.0
2022-08-03,TX202208,14627.0,14727.0,14594.0,14669.0
2022-08-04,TX202208,14686.0,14722.0,14461.0,14658.0
2022-08-05,TX202208,14780.0,15020.0,14777.0,15009.0
2022-08-08,TX202208,14937.0,14987.0,14888.0,14961.0
2022-08-09,TX202208,14894.0,15065.0,14853.0,15016.0
2022-08-10,TX202208,14874.0,14945.0,14832.0,14876.0
2022-08-11,TX202208,15115.0,15191.0,15093.0,15183.0
2022-08-12,TX202208,15229.0,15309.0,15200.0,15272.0
2022-08-15,TX202208,15369.0,15432.0,15310.0,15387.0
2022-08-16,TX202208,15390.0,15450.0,15385.0,15422.0
2022-08-17,TX202208,15404.0,15461.0,15396.0,15452.0
2022-08-18,TX202209,15250.0,15325.0,15224.0,15315.0
2022-08-19,TX202209,15308.0,15406.0,15275.0,15353.0
2022-08-22,TX202209,15171.0,15250.0,15156.0,15175.0
2022-08-23,TX202209,15059.0,15109.0,15022.0,15028.0
2022-08-24,TX202209,15080.0,15120.0,14987.0,15035.0
2022-08-25,TX202209,15130.0,15225.0,15116.0,15172.0
2022-08-26,TX202209,15271.0,15318.0,15228.0,15241.0
2022-08-29,TX202209,14832.0,14898.0,14762.0,14818.0
2022-08-30,TX202209,14850.0,14994.0,14837.0,14948.0
2022-08-31,TX202209,14849.0,15099.0,14826.0,15039.0
2022-09-01,TX202209,14841.0,14842.0,14675.0,14736.0
2022-09-02,TX202209,14776.0,14782.0,14584.0,14597.0
2022-09-05,TX202209,14590.0,14719.0,14561.0,14611.0
2022-09-06,TX202209,14720.0,14770.0,14555.0,14634.0
2022-09-07,TX202209,14445.0,14455.0,14331.0,14359.0
2022-09-08,TX202209,14459.0,14552.0,14389.0,14548.0
2022-09-12,TX202209,14775.0,14824.0,14731.0,14794.0
2022-09-13,TX202209,14884.0,14928.0,14827.0,14875.0
2022-09-14,TX202209,14458.0,14641.0,14443.0,14577.0
2022-09-15,TX202209,14578.0,14715.0,14562.0,14642.0
2022-09-16,TX202209,14500.0,14527.0,14465.0,14483.0
2022-09-19,TX202209,14550.0,14579.0,14406.0,14420.0
2022-09-20,TX202209,14548.0,14569.0,14464.0,14561.0
2022-09-21,TX202209,14476.0,14520.0,14392.0,14402.0
2022-09-22,TX202210,14225.0,14250.0,14088.0,14242.0
2022-09-23,TX202210,14212.0,14229.0,14056.0,14119.0
2022-09-26,TX202210,13916.0,13953.0,13740.0,13758.0
2022-09-27,TX202210,13843.0,13861.0,13735.0,13818.0
2022-09-28,TX202210,13796.0,13849.0,13486.0,13515.0
2022-09-29,TX202210,13658.0,13672.0,13471.0,13524.0
2022-09-30,TX202210,13356.0,13458.0,13298.0,13395.0
2022-10-03,TX202210,13248.0,13444.0,13215.0,13304.0
2022-10-04,TX202210,13530.0,13615.0,13489.0,13597.0
2022-10-05,TX202210,13740.0,13884.0,13721.0,13820.0
2022-10-06,TX202210,13932.0,13957.0,13814.0,13869.0
2022-10-07,TX202210,13781.0,13818.0,13683.0,13689.0
2022-10-11,TX202210,13251.0,13297.0,13081.0,13091.0
2022-10-12,TX202210,13049.0,13140.0,12975.0,13076.0
2022-10-13,TX202210,13032.0,13085.0,12805.0,12869.0
2022-10-14,TX202210,13150.0,13249.0,13074.0,13166.0
2022-10-17,TX202210,12964.0,13009.0,12821.0,12981.0
2022-10-18,TX202210,13158.0,13182.0,12992.0,13103.0
2022-10-19,TX202210,13125.0,13168.0,12967.0,12998.0
2022-10-20,TX202211,12815.0,12916.0,12662.0,12900.0
2022-10-21,TX202211,12922.0,12948.0,12794.0,12805.0
2022-10-24,TX202211,13100.0,13126.0,12864.0,12882.0
2022-10-25,TX202211,12895.0,12946.0,12652.0,12682.0
2022-10-26,TX202211,12722.0,12833.0,12664.0,12739.0
2022-10-27,TX202211,12883.0,12984.0,12878.0,12956.0
2022-10-28,TX202211,12855.0,12915.0,12745.0,12764.0
2022-10-31,TX202211,12880.0,12997.0,12836.0,12943.0
2022-11-01,TX202211,12960.0,13095.0,12934.0,13031.0
2022-11-02,TX202211,13033.0,13103.0,13015.0,13083.0
2022-11-03,TX202211,12883.0,12983.0,12854.0,12958.0
2022-11-04,TX202211,12880.0,13039.0,12850.0,13030.0
2022-11-07,TX202211,13156.0,13265.0,13096.0,13224.0
2022-11-08,TX202211,13312.0,13390.0,13298.0,13334.0
2022-11-09,TX202211,13467.0,13613.0,13438.0,13595.0
2022-11-10,TX202211,13543.0,13565.0,13461.0,13477.0
2022-11-11,TX202211,13965.0,14062.0,13896.0,14058.0
2022-11-14,TX202211,14159.0,14195.0,14080.0,14127.0
2022-11-15,TX202211,14237.0,14575.0,14212.0,14530.0
2022-11-16,TX202211,14620.0,14652.0,14451.0,14499.0
2022-11-17,TX202212,14471.0,14545.0,14357.0,14513.0
2022-11-18,TX202212,14551.0,14681.0,14437.0,14460.0
2022-11-21,TX202212,14492.0,14517.0,14411.0,14428.0
2022-11-22,TX202212,14457.0,14529.0,14364.0,14505.0
2022-11-23,TX202212,14615.0,14642.0,14543.0,14600.0
2022-11-24,TX202212,14690.0,14789.0,14656.0,14775.0
2022-11-25,TX202212,14769.0,14798.0,14703.0,14703.0
2022-11-28,TX202212,14550.0,14588.0,14433.0,14475.0
2022-11-29,TX202212,14470.0,14678.0,14431.0,14658.0
2022-11-30,TX202212,14640.0,14838.0,14619.0,14800.0
2022-12-01,TX202212,15030.0,15119.0,14927.0,14977.0
2022-12-02,TX202212,14860.0,14959.0,14842.0,14886.0
2022-12-05,TX202212,14898.0,15046.0,14880.0,14935.0
2022-12-06,TX202212,14874.0,14894.0,14672.0,14675.0
2022-12-07,TX202212,14603.0,14780.0,14594.0,14623.0
2022-12-08,TX202212,14567.0,14570.0,14413.0,14496.0
2022-12-09,TX202212,14636.0,14722.0,14572.0,14707.0
2022-12-12,TX202212,14649.0,14650.0,14485.0,14581.0
2022-12-13,TX202212,14660.0,14687.0,14496.0,14519.0
2022-12-14,TX202212,14609.0,14732.0,14576.0,14710.0
2022-12-15,TX202212,14658.0,14750.0,14607.0,14708.0
2022-12-16,TX202212,14440.0,14550.0,14411.0,14461.0
2022-12-19,TX202212,14405.0,14485.0,14362.0,14404.0
2022-12-20,TX202212,14366.0,14442.0,14121.0,14154.0
2022-12-21,TX202212,14210.0,14278.0,14175.0,14219.0
2022-12-22,TX202301,14311.0,14396.0,14285.0,14377.0
2022-12-23,TX202301,14168.0,14237.0,14125.0,14190.0
2022-12-26,TX202301,14196.0,14254.0,14192.0,14245.0
2022-12-27,TX202301,14295.0,14392.0,14278.0,14303.0
2022-12-28,TX202301,14190.0,14195.0,14070.0,14110.0
2022-12-29,TX202301,13960.0,14072.0,13938.0,14032.0
2022-12-30,TX202301,14193.0,14213.0,14127.0,14134.0
2023-01-03,TX202301,14050.0,14247.0,13952.0,14230.0
2023-01-04,TX202301,14205.0,14271.0,14181.0,14208.0
2023-01-05,TX202301,14324.0,14375.0,14239.0,14289.0
2023-01-06,TX202301,14278.0,14403.0,14275.0,14364.0
2023-01-09,TX202301,14618.0,14770.0,14582.0,14769.0
2023-01-10,TX202301,14745.0,14829.0,14735.0,14808.0
2023-01-11,TX202301,14855.0,14884.0,14746.0,14792.0
2023-01-12,TX202301,14825.0,14840.0,14709.0,14768.0
2023-01-13,TX202301,15000.0,15016.0,14822.0,14833.0
2023-01-16,TX202301,14935.0,15004.0,14916.0,14936.0
2023-01-17,TX202301,14923.0,14969.0,14906.0,14925.0
2023-01-30,TX202301,15558.0,15559.0,15364.0,15451.0
2023-01-31,TX202302,15449.0,15456.0,15265.0,15268.0
2023-02-01,TX202302,15350.0,15402.0,15297.0,15383.0
2023-02-02,TX202302,15549.0,15600.0,15468.0,15580.0
2023-02-03,TX202302,15581.0,15629.0,15488.0,15579.0
2023-02-06,TX202302,15504.0,15505.0,15391.0,15405.0
2023-02-07,TX202302,15383.0,15447.0,15366.0,15396.0
2023-02-08,TX202302,15475.0,15624.0,15474.0,15604.0
2023-02-09,TX202302,15549.0,15608.0,15530.0,15601.0
2023-02-10,TX202302,15596.0,15598.0,15520.0,15575.0
2023-02-13,TX202302,15510.0,15547.0,15431.0,15533.0
2023-02-14,TX202302,15633.0,15682.0,15588.0,15661.0
2023-02-15,TX202302,15502.0,15550.0,15382.0,15398.0
2023-02-16,TX202303,15458.0,15599.0,15451.0,15546.0
2023-02-17,TX202303,15428.0,15475.0,15384.0,15433.0
2023-02-20,TX202303,15386.0,15555.0,15367.0,15522.0
2023-02-21,TX202303,15486.0,15547.0,15471.0,15528.0
2023-02-22,TX202303,15353.0,15415.0,15306.0,15376.0
2023-02-23,TX202303,15435.0,15656.0,15433.0,15597.0
2023-02-24,TX202303,15642.0,15684.0,15526.0,15542.0
2023-03-01,TX202303,15381.0,15555.0,15333.0,15544.0
2023-03-02,TX202303,15596.0,15618.0,15435.0,15542.0
2023-03-03,TX202303,15612.0,15670.0,15568.0,15619.0
2023-03-06,TX202303,15730.0,15834.0,15692.0,15774.0
2023-03-07,TX202303,15786.0,15894.0,15750.0,15874.0
2023-03-08,TX202303,15725.0,15809.0,15721.0,15785.0
2023-03-09,TX202303,15855.0,15862.0,15751.0,15767.0
2023-03-10,TX202303,15618.0,15624.0,15452.0,15484.0
2023-03-13,TX202303,15450.0,15540.0,15345.0,15520.0
2023-03-14,TX202303,15358.0,15428.0,15310.0,15352.0
2023-03-15,TX202303,15472.0,15532.0,15404.0,15404.0
2023-03-16,TX202304,15194.0,15305.0,15150.0,15227.0
2023-03-17,TX202304,15310.0,15418.0,15298.0,15403.0
2023-03-20,TX202304,15454.0,15477.0,15352.0,15373.0
2023-03-21,TX202304,15464.0,15517.0,15425.0,15455.0
2023-03-22,TX202304,15589.0,15725.0,15568.0,15712.0
2023-03-23,TX202304,15695.0,15866.0,15683.0,15837.0
2023-03-24,TX202304,15878.0,15923.0,15806.0,15912.0
2023-03-27,TX202304,15855.0,15893.0,15793.0,15831.0
2023-03-28,TX202304,15814.0,15829.0,15655.0,15690.0
2023-03-29,TX202304,15730.0,15787.0,15653.0,15740.0
2023-03-30,TX202304,15822.0,15862.0,15761.0,15821.0
2023-03-31,TX202304,15879.0,15965.0,15860.0,15864.0
2023-04-06,TX202304,15780.0,15793.0,15701.0,15760.0
2023-04-07,TX202304,15850.0,15870.0,15796.0,15818.0
2023-04-10,TX202304,15839.0,15927.0,15828.0,15849.0
2023-04-11,TX202304,15834.0,15963.0,15825.0,15921.0
2023-04-12,TX202304,15957.0,15960.0,15866.0,15926.0
2023-04-13,TX202304,15865.0,15903.0,15808.0,15816.0
2023-04-14,TX202304,15882.0,15995.0,15855.0,15947.0
2023-04-17,TX202304,15920.0,15974.0,15877.0,15970.0
2023-04-18,TX202304,15931.0,15963.0,15862.0,15890.0
2023-04-19,TX202304,15893.0,15923.0,15750.0,15775.0
2023-04-20,TX202305,15730.0,15798.0,15682.0,15731.0
2023-04-21,TX202305,15757.0,15778.0,15602.0,15615.0
2023-04-24,TX202305,15545.0,15655.0,15542.0,15623.0
2023-04-25,TX202305,15641.0,15662.0,15369.0,15388.0
2023-04-26,TX202305,15390.0,15409.0,15312.0,15375.0
2023-04-27,TX202305,15342.0,15461.0,15305.0,15427.0
2023-04-28,TX202305,15515.0,15596.0,15498.0,15573.0
2023-05-02,TX202305,15628.0,15672.0,15551.0,15636.0
2023-05-03,TX202305,15559.0,15595.0,15523.0,15552.0
2023-05-04,TX202305,15496.0,15619.0,15490.0,15609.0
2023-05-05,TX202305,15598.0,15696.0,15576.0,15643.0
2023-05-08,TX202305,15758.0,15776.0,15704.0,15723.0
2023-05-09,TX202305,15706.0,15744.0,15652.0,15739.0
2023-05-10,TX202305,15692.0,15702.0,15581.0,15609.0
2023-05-11,TX202305,15660.0,15683.0,15517.0,15518.0
2023-05-12,TX202305,15450.0,15559.0,15420.0,15508.0
2023-05-15,TX202305,15439.0,15522.0,15425.0,15510.0
2023-05-16,TX202305,15604.0,15723.0,15593.0,15690.0
2023-05-17,TX202305,15720.0,15973.0,15713.0,15954.0
2023-05-18,TX202306,16026.0,16085.0,15960.0,16070.0
2023-05-19,TX202306,16153.0,16161.0,16068.0,16129.0
2023-05-22,TX202306,16133.0,16158.0,16091.0,16116.0
2023-05-23,TX202306,16149.0,16195.0,16072.0,16133.0
2023-05-24,TX202306,16055.0,16091.0,16005.0,16072.0
2023-05-25,TX202306,16132.0,16232.0,16125.0,16207.0
2023-05-26,TX202306,16362.0,16456.0,16346.0,16435.0
2023-05-29,TX202306,16607.0,16633.0,16543.0,16570.0
2023-05-30,TX202306,16550.0,16607.0,16515.0,16576.0
2023-05-31,TX202306,16576.0,16598.0,16455.0,16489.0
2023-06-01,TX202306,16440.0,16518.0,16422.0,16470.0
2023-06-02,TX202306,16577.0,16738.0,16566.0,16710.0
2023-06-05,TX202306,16750.0,16764.0,16657.0,16681.0
2023-06-06,TX202306,16687.0,16784.0,16680.0,16747.0
2023-06-07,TX202306,16785.0,16906.0,16766.0,16889.0
2023-06-08,TX202306,16852.0,16867.0,16667.0,16719.0
2023-06-09,TX202306,16802.0,16888.0,16785.0,16888.0
2023-06-12,TX202306,16954.0,16984.0,16907.0,16942.0
2023-06-13,TX202306,17088.0,17274.0,17081.0,17220.0
2023-06-14,TX202306,17199.0,17230.0,17133.0,17203.0
2023-06-15,TX202306,17250.0,17348.0,17230.0,17337.0
2023-06-16,TX202306,17292.0,17322.0,17215.0,17268.0
2023-06-19,TX202306,17194.0,17286.0,17160.0,17255.0
2023-06-20,TX202306,17210.0,17238.0,17106.0,17189.0
2023-06-21,TX202306,17157.0,17244.0,17140.0,17229.0
2023-06-26,TX202307,16851.0,16915.0,16822.0,16880.0
2023-06-27,TX202307,16805.0,16855.0,16705.0,16743.0
2023-06-28,TX202307,16795.0,16810.0,16712.0,16776.0
2023-06-29,TX202307,16851.0,16965.0,16733.0,16756.0
2023-06-30,TX202307,16718.0,16826.0,16671.0,16788.0
2023-07-03,TX202307,16901.0,17038.0,16897.0,17035.0
2023-07-04,TX202307,17025.0,17116.0,16983.0,17106.0
2023-07-05,TX202307,17086.0,17098.0,16975.0,17005.0
2023-07-06,TX202307,16869.0,16898.0,16673.0,16686.0
2023-07-07,TX202307,16566.0,16708.0,16536.0,16623.0
2023-07-10,TX202307,16675.0,16737.0,16545.0,16550.0
2023-07-11,TX202307,16750.0,16877.0,16737.0,16870.0
2023-07-12,TX202307,16880.0,16929.0,16824.0,16925.0
2023-07-13,TX202307,17137.0,17255.0,17056.0,17084.0
2023-07-14,TX202307,17219.0,17305.0,17143.0,17292.0
2023-07-17,TX202307,17234.0,17345.0,17229.0,17291.0
2023-07-18,TX202307,17338.0,17386.0,17152.0,17225.0
2023-07-19,TX202307,17287.0,17325.0,17092.0,17102.0
2023-07-20,TX202308,17020.0,17150.0,17018.0,17126.0
2023-07-21,TX202308,16860.0,16984.0,16816.0,16944.0
2023-07-24,TX202308,16947.0,17024.0,16866.0,16981.0
2023-07-25,TX202308,17091.0,17225.0,17054.0,17180.0
2023-07-26,TX202308,17206.0,17208.0,17078.0,17102.0
2023-07-27,TX202308,17183.0,17263.0,17168.0,17221.0
2023-07-28,TX202308,17155.0,17299.0,17135.0,17262.0
2023-07-31,TX202308,17400.0,17425.0,17058.0,17100.0
2023-08-01,TX202308,17160.0,17218.0,17090.0,17182.0
2023-08-02,TX202308,17093.0,17162.0,16806.0,16814.0
2023-08-04,TX202308,16720.0,16863.0,16715.0,16824.0
2023-08-07,TX202308,16859.0,17027.0,16836.0,17002.0
2023-08-08,TX202308,17020.0,17026.0,16757.0,16853.0
2023-08-09,TX202308,16815.0,16935.0,16780.0,16852.0
2023-08-10,TX202308,16788.0,16797.0,16584.0,16660.0
2023-08-11,TX202308,16711.0,16754.0,16574.0,16625.0
2023-08-14,TX202308,16567.0,16570.0,16306.0,16378.0
2023-08-15,TX202308,16471.0,16540.0,16422.0,16422.0
2023-08-16,TX202308,16300.0,16413.0,16290.0,16364.0
2023-08-17,TX202309,16261.0,16493.0,16205.0,16454.0
2023-08-18,TX202309,16422.0,16541.0,16320.0,16352.0
2023-08-21,TX202309,16424.0,16474.0,16325.0,16351.0
2023-08-22,TX202309,16495.0,16507.0,16380.0,16401.0
2023-08-23,TX202309,16419.0,16561.0,16405.0,16559.0
2023-08-24,TX202309,16788.0,16798.0,16670.0,16759.0
2023-08-25,TX202309,16549.0,16586.0,16415.0,16421.0
2023-08-28,TX202309,16468.0,16548.0,16461.0,16490.0
2023-08-29,TX202309,16578.0,16632.0,16453.0,16624.0
2023-08-30,TX202309,16738.0,16778.0,16695.0,16724.0
2023-08-31,TX202309,16730.0,16731.0,16602.0,16628.0
2023-09-01,TX202309,16608.0,16727.0,16600.0,16651.0
2023-09-04,TX202309,16646.0,16782.0,16607.0,16782.0
2023-09-05,TX202309,16736.0,16765.0,16707.0,16754.0
2023-09-06,TX202309,16758.0,16801.0,16702.0,16711.0
2023-09-07,TX202309,16604.0,16660.0,16560.0,16564.0
2023-09-08,TX202309,16490.0,16579.0,16467.0,16563.0
2023-09-11,TX202309,16560.0,16577.0,16366.0,16427.0
2023-09-12,TX202309,16459.0,16591.0,16413.0,16573.0
2023-09-13,TX202309,16570.0,16645.0,16523.0,16577.0
2023-09-14,TX202309,16676.0,16842.0,16675.0,16838.0
2023-09-15,TX202309,16848.0,16918.0,16808.0,16906.0
2023-09-18,TX202309,16757.0,16796.0,16700.0,16709.0
2023-09-19,TX202309,16700.0,16741.0,16603.0,16609.0
2023-09-20,TX202309,16611.0,16648.0,16531.0,16537.0
2023-09-21,TX202310,16479.0,16483.0,16280.0,16309.0
2023-09-22,TX202310,16200.0,16355.0,16188.0,16345.0
2023-09-25,TX202310,16352.0,16491.0,16340.0,16464.0
2023-09-26,TX202310,16400.0,16408.0,16273.0,16308.0
2023-09-27,TX202310,16246.0,16334.0,16230.0,16311.0
2023-09-28,TX202310,16342.0,16435.0,16295.0,16368.0
2023-10-02,TX202310,16531.0,16610.0,16504.0,16557.0
2023-10-03,TX202310,16497.0,16553.0,16408.0,16412.0
2023-10-04,TX202310,16285.0,16286.0,16164.0,16245.0
2023-10-05,TX202310,16300.0,16486.0,16288.0,16456.0
2023-10-06,TX202310,16476.0,16552.0,16473.0,16531.0
2023-10-11,TX202310,16829.0,16829.0,16662.0,16717.0
2023-10-12,TX202310,16768.0,16857.0,16725.0,16848.0
2023-10-13,TX202310,16750.0,16807.0,16730.0,16770.0
2023-10-16,TX202310,16661.0,16683.0,16603.0,16648.0
2023-10-17,TX202310,16764.0,16782.0,16634.0,16650.0
2023-10-18,TX202310,16616.0,16633.0,16411.0,16426.0
2023-10-19,TX202311,16365.0,16487.0,16357.0,16458.0
2023-10-20,TX202311,16440.0,16465.0,16255.0,16413.0
2023-10-23,TX202311,16350.0,16366.0,16250.0,16254.0
2023-10-24,TX202311,16274.0,16343.0,16148.0,16335.0
2023-10-25,TX202311,16370.0,16480.0,16350.0,16358.0
2023-10-26,TX202311,16144.0,16176.0,16039.0,16069.0
2023-10-27,TX202311,16137.0,16217.0,16120.0,16151.0
2023-10-30,TX202311,16118.0,16238.0,16111.0,16157.0
2023-10-31,TX202311,16180.0,16197.0,15973.0,15994.0
2023-11-01,TX202311,16099.0,16120.0,15978.0,16048.0
2023-11-02,TX202311,16256.0,16399.0,16250.0,16390.0
2023-11-03,TX202311,16488.0,16537.0,16441.0,16512.0
2023-11-06,TX202311,16680.0,16750.0,16626.0,16670.0
2023-11-07,TX202311,16632.0,16712.0,16613.0,16709.0
2023-11-08,TX202311,16725.0,16797.0,16687.0,16749.0
2023-11-09,TX202311,16711.0,16788.0,16692.0,16763.0
2023-11-10,TX202311,16664.0,16738.0,16627.0,16736.0
2023-11-13,TX202311,16969.0,16985.0,16836.0,16876.0
2023-11-14,TX202311,16956.0,16976.0,16912.0,16949.0
2023-11-15,TX202311,17170.0,17192.0,17055.0,17123.0
2023-11-16,TX202312,17196.0,17218.0,17109.0,17186.0
2023-11-17,TX202312,17152.0,17252.0,17151.0,17222.0
2023-11-20,TX202312,17227.0,17288.0,17154.0,17200.0
2023-11-21,TX202312,17281.0,17425.0,17280.0,17415.0
2023-11-22,TX202312,17298.0,17334.0,17256.0,17284.0
2023-11-23,TX202312,17275.0,17323.0,17214.0,17307.0
2023-11-24,TX202312,17330.0,17350.0,17265.0,17293.0
2023-11-27,TX202312,17257.0,17361.0,17145.0,17173.0
2023-11-28,TX202312,17215.0,17402.0,17195.0,17364.0
2023-11-29,TX202312,17339.0,17450.0,17314.0,17334.0
2023-11-30,TX202312,17400.0,17416.0,17291.0,17393.0
2023-12-01,TX202312,17333.0,17434.0,17254.0,17421.0
2023-12-04,TX202312,17465.0,17491.0,17376.0,17419.0
2023-12-05,TX202312,17285.0,17330.0,17231.0,17309.0
2023-12-06,TX202312,17367.0,17453.0,17346.0,17381.0
2023-12-07,TX202312,17321.0,17371.0,17261.0,17270.0
2023-12-08,TX202312,17409.0,17470.0,17363.0,17377.0
2023-12-11,TX202312,17436.0,17457.0,17350.0,17418.0
2023-12-12,TX202312,17518.0,17545.0,17427.0,17464.0
2023-12-13,TX202312,17491.0,17519.0,17426.0,17453.0
2023-12-14,TX202312,17608.0,17691.0,17595.0,17666.0
2023-12-15,TX202312,17771.0,17775.0,17672.0,17674.0
2023-12-18,TX202312,17672.0,17673.0,17583.0,17655.0
2023-12-19,TX202312,17596.0,17621.0,17505.0,17574.0
2023-12-20,TX202312,17605.0,17655.0,17596.0,17636.0
2023-12-21,TX202401,17442.0,17544.0,17414.0,17529.0
2023-12-22,TX202401,17563.0,17597.0,17542.0,17558.0
2023-12-25,TX202401,17644.0,17666.0,17607.0,17622.0
2023-12-26,TX202401,17651.0,17740.0,17634.0,17735.0
2023-12-27,TX202401,17755.0,17874.0,17737.0,17857.0
2023-12-28,TX202401,17850.0,17887.0,17821.0,17865.0
2023-12-29,TX202401,17853.0,17900.0,17828.0,17868.0
2024-01-02,TX202401,17838.0,17920.0,17751.0,17798.0
2024-01-03,TX202401,17658.0,17667.0,17507.0,17546.0
2024-01-04,TX202401,17525.0,17583.0,17525.0,17546.0
2024-01-05,TX202401,17577.0,17626.0,17491.0,17519.0
2024-01-08,TX202401,17572.0,17706.0,17568.0,17595.0
2024-01-09,TX202401,17770.0,17782.0,17526.0,17545.0
2024-01-10,TX202401,17509.0,17521.0,17439.0,17458.0
2024-01-11,TX202401,17490.0,17606.0,17481.0,17575.0
2024-01-12,TX202401,17466.0,17570.0,17447.0,17489.0
2024-01-15,TX202401,17580.0,17655.0,17527.0,17559.0
2024-01-16,TX202401,17480.0,17499.0,17321.0,17333.0
2024-01-17,TX202401,17313.0,17344.0,17159.0,17167.0
2024-01-18,TX202402,17240.0,17326.0,17215.0,17280.0
2024-01-19,TX202402,17541.0,17684.0,17504.0,17678.0
2024-01-22,TX202402,17816.0,17843.0,17747.0,17817.0
2024-01-23,TX202402,17799.0,17877.0,17790.0,17870.0
2024-01-24,TX202402,17903.0,17941.0,17876.0,17903.0
2024-01-25,TX202402,18016.0,18030.0,17935.0,17995.0
2024-01-26,TX202402,17951.0,18023.0,17936.0,17999.0
2024-01-29,TX202402,18011.0,18135.0,17970.0,18125.0
2024-01-30,TX202402,18129.0,18139.0,18064.0,18081.0
2024-01-31,TX202402,17990.0,18003.0,17904.0,17920.0
2024-02-01,TX202402,17956.0,17994.0,17882.0,17986.0
2024-02-02,TX202402,18100.0,18105.0,18023.0,18084.0
2024-02-05,TX202402,18008.0,18102.0,17958.0,18086.0
2024-02-15,TX202402,18590.0,18696.0,18531.0,18667.0
2024-02-16,TX202402,18683.0,18726.0,18633.0,18634.0
2024-02-19,TX202402,18680.0,18692.0,18619.0,18671.0
2024-02-20,TX202402,18634.0,18754.0,18596.0,18753.0
2024-02-21,TX202402,18738.0,18750.0,18659.0,18670.0
2024-02-22,TX202403,18887.0,18890.0,18751.0,18889.0
2024-02-23,TX202403,18990.0,19000.0,18898.0,18913.0
2024-02-26,TX202403,18907.0,18996.0,18853.0,18963.0
2024-02-27,TX202403,18950.0,19020.0,18750.0,18867.0
2024-02-29,TX202403,18808.0,18997.0,18805.0,18966.0
2024-03-01,TX202403,18968.0,19017.0,18924.0,18961.0
2024-03-04,TX202403,19144.0,19340.0,19137.0,19314.0
2024-03-05,TX202403,19362.0,19436.0,19305.0,19389.0
2024-03-06,TX202403,19282.0,19523.0,19271.0,19509.0
2024-03-07,TX202403,19688.0,19770.0,19584.0,19709.0
2024-03-08,TX202403,19930.0,20009.0,19638.0,19791.0
2024-03-11,TX202403,19691.0,19825.0,19679.0,19715.0
2024-03-12,TX202403,19714.0,19956.0,19698.0,19955.0
2024-03-13,TX202403,19994.0,20064.0,19886.0,19927.0
2024-03-14,TX202403,19897.0,19978.0,19799.0,19939.0
2024-03-15,TX202403,19828.0,19873.0,19723.0,19730.0
2024-03-18,TX202403,19778.0,19920.0,19747.0,19919.0
2024-03-19,TX202403,19816.0,19911.0,19739.0,19867.0
2024-03-20,TX202403,19860.0,19956.0,19731.0,19747.0
2024-03-21,TX202404,20048.0,20264.0,20029.0,20264.0
2024-03-22,TX202404,20226.0,20285.0,20122.0,20242.0
2024-03-25,TX202404,20256.0,20307.0,20188.0,20231.0
2024-03-26,TX202404,20280.0,20459.0,20038.0,20187.0
2024-03-27,TX202404,20185.0,20288.0,20148.0,20261.0
2024-03-28,TX202404,20238.0,20250.0,20081.0,20203.0
2024-03-29,TX202404,20226.0,20299.0,20192.0,20280.0
2024-04-01,TX202404,20393.0,20400.0,20259.0,20288.0
2024-04-02,TX202404,20350.0,20524.0,20350.0,20523.0
2024-04-03,TX202404,20370.0,20419.0,20275.0,20349.0
2024-04-08,TX202404,20404.0,20520.0,20375.0,20450.0
2024-04-09,TX202404,20538.0,20877.0,20518.0,20874.0
2024-04-10,TX202404,20822.0,20892.0,20804.0,20851.0
2024-04-11,TX202404,20706.0,20764.0,20651.0,20753.0
2024-04-12,TX202404,20745.0,20809.0,20682.0,20755.0
2024-04-15,TX202404,20544.0,20605.0,20460.0,20508.0
2024-04-16,TX202404,20278.0,20286.0,19798.0,19953.0
2024-04-17,TX202404,19942.0,20289.0,19927.0,20238.0
2024-04-18,TX202405,20070.0,20359.0,20025.0,20358.0
2024-04-19,TX202405,19840.0,19924.0,19265.0,19546.0
2024-04-22,TX202405,19620.0,19715.0,19445.0,19524.0
2024-04-23,TX202405,19651.0,19745.0,19554.0,19677.0
2024-04-24,TX202405,19930.0,20202.0,19916.0,20170.0
2024-04-25,TX202405,19940.0,19979.0,19834.0,19885.0
2024-04-26,TX202405,20126.0,20271.0,20070.0,20178.0
2024-04-29,TX202405,20350.0,20560.0,20310.0,20552.0
2024-04-30,TX202405,20518.0,20576.0,20404.0,20413.0
2024-05-02,TX202405,20250.0,20380.0,20215.0,20291.0
2024-05-03,TX202405,20548.0,20597.0,20306.0,20382.0
2024-05-06,TX202405,20685.0,20714.0,20562.0,20602.0
2024-05-07,TX202405,20733.0,20756.0,20536.0,20650.0
2024-05-08,TX202405,20618.0,20738.0,20574.0,20725.0
2024-05-09,TX202405,20707.0,20763.0,20605.0,20612.0
2024-05-10,TX202405,20738.0,20828.0,20616.0,20809.0
2024-05-13,TX202405,20942.0,20965.0,20833.0,20883.0
2024-05-14,TX202405,20892.0,21015.0,20868.0,21013.0
2024-05-15,TX202405,21184.0,21361.0,21116.0,21143.0
2024-05-16,TX202406,21465.0,21556.0,21326.0,21370.0
2024-05-17,TX202406,21303.0,21407.0,21288.0,21336.0
2024-05-20,TX202406,21435.0,21485.0,21153.0,21302.0
2024-05-21,TX202406,21324.0,21350.0,21165.0,21277.0
2024-05-22,TX202406,21293.0,21613.0,21283.0,21583.0
2024-05-23,TX202406,21630.0,21661.0,21492.0,21604.0
2024-05-24,TX202406,21448.0,21617.0,21414.0,21565.0
2024-05-27,TX202406,21670.0,21917.0,21655.0,21875.0
2024-05-28,TX202406,21892.0,21994.0,21845.0,21954.0
2024-05-29,TX202406,21865.0,21907.0,21720.0,21722.0
2024-05-30,TX202406,21512.0,21553.0,21368.0,21391.0
2024-05-31,TX202406,21505.0,21583.0,21253.0,21285.0
2024-06-03,TX202406,21469.0,21698.0,21424.0,21654.0
2024-06-04,TX202406,21560.0,21574.0,21284.0,21320.0
2024-06-05,TX202406,21350.0,21493.0,21226.0,21463.0
2024-06-06,TX202406,21825.0,21962.0,21791.0,21875.0
2024-06-07,TX202406,21839.0,21908.0,21781.0,21897.0
2024-06-11,TX202406,21920.0,21970.0,21783.0,21798.0
2024-06-12,TX202406,21829.0,22063.0,21790.0,22046.0
2024-06-13,TX202406,22308.0,22473.0,22207.0,22323.0
2024-06-14,TX202406,22274.0,22514.0,22270.0,22511.0
2024-06-17,TX202406,22430.0,22554.0,22420.0,22477.0
2024-06-18,TX202406,22726.0,22812.0,22666.0,22786.0
2024-06-19,TX202406,22956.0,23291.0,22940.0,23225.0
2024-06-20,TX202407,23153.0,23380.0,23106.0,23378.0
2024-06-21,TX202407,23034.0,23291.0,23025.0,23210.0
2024-06-24,TX202407,23050.0,23073.0,22708.0,22746.0
2024-06-25,TX202407,22608.0,22776.0,22410.0,22743.0
2024-06-26,TX202407,22806.0,23005.0,22744.0,22872.0
2024-06-27,TX202407,22614.0,22822.0,22555.0,22793.0
2024-06-28,TX202407,22908.0,23117.0,22793.0,22983.0
2024-07-01,TX202407,22960.0,23166.0,22938.0,22991.0
2024-07-02,TX202407,22838.0,22993.0,22717.0,22831.0
2024-07-03,TX202407,23073.0,23188.0,22981.0,23185.0
2024-07-04,TX202407,23487.0,23626.0,23461.0,23624.0
2024-07-05,TX202407,23659.0,23677.0,23526.0,23570.0
2024-07-08,TX202407,23545.0,23994.0,23512.0,23913.0
2024-07-09,TX202407,23945.0,24092.0,23624.0,23878.0
2024-07-10,TX202407,23759.0,24014.0,23702.0,24000.0
2024-07-11,TX202407,24251.0,24405.0,24160.0,24367.0
2024-07-12,TX202407,24038.0,24070.0,23784.0,23808.0
2024-07-15,TX202407,24091.0,24112.0,23756.0,23853.0
2024-07-16,TX202407,23830.0,24182.0,23824.0,24002.0
2024-07-17,TX202407,23980.0,24000.0,23647.0,23679.0
2024-07-18,TX202408,23294.0,23444.0,23154.0,23383.0
2024-07-19,TX202408,23148.0,23185.0,22853.0,22909.0
2024-07-22,TX202408,22859.0,22906.0,22184.0,22379.0
2024-07-23,TX202408,22600.0,22871.0,22571.0,22830.0
2024-07-26,TX202408,22028.0,22156.0,21918.0,22095.0
2024-07-29,TX202408,22430.0,22519.0,22146.0,22261.0
2024-07-30,TX202408,21933.0,22299.0,21809.0,22246.0
2024-07-31,TX202408,22050.0,22348.0,22013.0,22290.0
2024-08-01,TX202408,22721.0,22728.0,22460.0,22653.0
2024-08-02,TX202408,22000.0,22099.0,21508.0,21533.0
2024-08-05,TX202408,20712.0,20742.0,19374.0,19374.0
2024-08-06,TX202408,20395.0,20790.0,19589.0,20420.0
2024-08-07,TX202408,20500.0,21335.0,20494.0,21131.0
2024-08-08,TX202408,20680.0,21082.0,20545.0,20696.0
2024-08-09,TX202408,21305.0,21593.0,21032.0,21481.0
2024-08-12,TX202408,21650.0,21895.0,21600.0,21677.0
2024-08-13,TX202408,21848.0,21898.0,21662.0,21769.0
2024-08-14,TX202408,22104.0,22158.0,21908.0,21978.0
2024-08-15,TX202408,21993.0,22114.0,21836.0,21840.0
2024-08-16,TX202408,22324.0,22447.0,22277.0,22367.0
2024-08-19,TX202408,22400.0,22521.0,22320.0,22361.0
2024-08-20,TX202408,22555.0,22574.0,22389.0,22436.0
2024-08-21,TX202408,22311.0,22344.0,22151.0,22200.0
2024-08-22,TX202409,22229.0,22277.0,22026.0,22100.0
2024-08-23,TX202409,21942.0,22170.0,21865.0,22129.0
2024-08-26,TX202409,22230.0,22450.0,22131.0,22206.0
2024-08-27,TX202409,22112.0,22210.0,21998.0,22146.0
2024-08-28,TX202409,22181.0,22414.0,22048.0,22401.0
2024-08-29,TX202409,21938.0,22245.0,21900.0,22176.0
2024-08-30,TX202409,22320.0,22366.0,22213.0,22323.0
2024-09-02,TX202409,22318.0,22448.0,22172.0,22227.0
2024-09-03,TX202409,22205.0,22314.0,22000.0,22070.0
2024-09-04,TX202409,21246.0,21347.0,20828.0,20947.0
2024-09-05,TX202409,21310.0,21454.0,21056.0,21183.0
2024-09-06,TX202409,21211.0,21435.0,21013.0,21319.0
2024-09-09,TX202409,20734.0,21125.0,20616.0,21073.0
2024-09-10,TX202409,21233.0,21281.0,20905.0,21000.0
2024-09-11,TX202409,21100.0,21130.0,20950.0,21005.0
2024-09-12,TX202409,21597.0,21780.0,21461.0,21711.0
2024-09-13,TX202409,21800.0,21833.0,21657.0,21820.0
2024-09-16,TX202409,21807.0,21871.0,21735.0,21813.0
2024-09-18,TX202409,21730.0,21872.0,21560.0,21619.0
2024-09-19,TX202410,21763.0,22082.0,21661.0,22074.0
2024-09-20,TX202410,22345.0,22425.0,22186.0,22220.0
2024-09-23,TX202410,22291.0,22392.0,22258.0,22338.0
2024-09-24,TX202410,22298.0,22508.0,22152.0,22491.0
2024-09-25,TX202410,22835.0,22860.0,22739.0,22792.0
2024-09-26,TX202410,23034.0,23078.0,22892.0,22957.0
2024-09-27,TX202410,23190.0,23195.0,22878.0,22884.0
2024-09-30,TX202410,22699.0,22755.0,22316.0,22326.0
2024-10-01,TX202410,22246.0,22463.0,22228.0,22391.0
2024-10-04,TX202410,22331.0,22507.0,22250.0,22284.0
2024-10-07,TX202410,22570.0,22808.0,22539.0,22779.0
2024-10-08,TX202410,22606.0,22634.0,22392.0,22575.0
2024-10-09,TX202410,22770.0,22888.0,22666.0,22702.0
2024-10-11,TX202410,22829.0,23047.0,22794.0,22912.0
2024-10-14,TX202410,22987.0,23049.0,22818.0,23008.0
2024-10-15,TX202410,23168.0,23386.0,23101.0,23225.0
2024-10-16,TX202410,22897.0,23203.0,22855.0,22986.0
2024-10-17,TX202411,23142.0,23277.0,23005.0,23256.0
2024-10-18,TX202411,23820.0,23840.0,23527.0,23657.0
2024-10-21,TX202411,23810.0,23836.0,23566.0,23567.0
2024-10-22,TX202411,23560.0,23637.0,23332.0,23633.0
2024-10-23,TX202411,23498.0,23511.0,23336.0,23406.0
2024-10-24,TX202411,23383.0,23449.0,23203.0,23304.0
2024-10-25,TX202411,23270.0,23487.0,23252.0,23481.0
2024-10-28,TX202411,23650.0,23657.0,23216.0,23326.0
2024-10-29,TX202411,23137.0,23148.0,22693.0,22976.0
2024-10-30,TX202411,23072.0,23145.0,22845.0,22904.0
2024-11-01,TX202411,22397.0,22822.0,22232.0,22753.0
2024-11-04,TX202411,22767.0,23046.0,22700.0,23041.0
2024-11-05,TX202411,22808.0,23239.0,22782.0,23135.0
2024-11-06,TX202411,23250.0,23448.0,23051.0,23324.0
2024-11-07,TX202411,23183.0,23576.0,23085.0,23532.0
2024-11-08,TX202411,23772.0,23794.0,23528.0,23781.0
2024-11-11,TX202411,23555.0,23632.0,23309.0,23573.0
2024-11-12,TX202411,23013.0,23242.0,22863.0,22869.0
2024-11-13,TX202411,22755.0,23015.0,22730.0,22783.0
2024-11-14,TX202411,22786.0,22880.0,22576.0,22684.0
2024-11-15,TX202411,22710.0,22930.0,22684.0,22759.0
2024-11-18,TX202411,22654.0,22789.0,22544.0,22574.0
2024-11-19,TX202411,22641.0,22995.0,22592.0,22850.0
2024-11-20,TX202411,22906.0,22956.0,22668.0,22686.0
2024-11-21,TX202412,22647.0,22733.0,22514.0,22573.0
2024-11-22,TX202412,22811.0,23066.0,22780.0,23038.0
2024-11-25,TX202412,23254.0,23287.0,23014.0,23066.0
2024-11-26,TX202412,22710.0,22845.0,22615.0,22636.0
2024-11-27,TX202412,22600.0,22690.0,22341.0,22347.0
2024-11-28,TX202412,22302.0,22385.0,22117.0,22337.0
2024-11-29,TX202412,22210.0,22438.0,22004.0,22313.0
2024-12-02,TX202412,22530.0,22828.0,22498.0,22827.0
2024-12-03,TX202412,23152.0,23191.0,22999.0,23112.0
2024-12-04,TX202412,23200.0,23296.0,23071.0,23294.0
2024-12-05,TX202412,23260.0,23328.0,23211.0,23251.0
2024-12-06,TX202412,23321.0,23360.0,23134.0,23179.0
2024-12-09,TX202412,23193.0,23287.0,23170.0,23249.0
2024-12-10,TX202412,23228.0,23337.0,23026.0,23090.0
2024-12-11,TX202412,22887.0,23055.0,22824.0,22848.0
2024-12-12,TX202412,23004.0,23211.0,23003.0,23107.0
2024-12-13,TX202412,22996.0,23092.0,22888.0,22986.0
2024-12-16,TX202412,23220.0,23270.0,22946.0,22961.0
2024-12-17,TX202412,23105.0,23215.0,23024.0,23031.0
2024-12-18,TX202412,22937.0,23200.0,22902.0,23105.0
2024-12-19,TX202501,22747.0,22906.0,22718.0,22849.0
2024-12-20,TX202501,22767.0,22793.0,22590.0,22635.0
2024-12-23,TX202501,22904.0,23245.0,22899.0,23242.0
2024-12-24,TX202501,23430.0,23459.0,23187.0,23216.0
2024-12-25,TX202501,23340.0,23349.0,23240.0,23329.0
2024-12-26,TX202501,23358.0,23380.0,23285.0,23326.0
2024-12-27,TX202501,23194.0,23378.0,23148.0,23372.0
2024-12-30,TX202501,23202.0,23324.0,23154.0,23177.0
2024-12-31,TX202501,22998.0,23110.0,22955.0,23041.0
2025-01-02,TX202501,22935.0,22995.0,22689.0,22842.0
2025-01-03,TX202501,22935.0,23108.0,22905.0,22977.0
2025-01-06,TX202501,23222.0,23620.0,23218.0,23609.0
2025-01-07,TX202501,23965.0,23990.0,23723.0,23752.0
2025-01-08,TX202501,23549.0,23649.0,23439.0,23450.0
2025-01-09,TX202501,23258.0,23410.0,23083.0,23105.0
2025-01-10,TX202501,23083.0,23141.0,22955.0,23049.0
2025-01-13,TX202501,22960.0,23008.0,22431.0,22535.0
2025-01-14,TX202501,22594.0,22767.0,22530.0,22750.0
2025-01-15,TX202501,22728.0,22749.0,22493.0,22519.0
2025-01-16,TX202502,23080.0,23217.0,22990.0,23031.0
2025-01-17,TX202502,23277.0,23318.0,22956.0,23190.0
2025-01-20,TX202502,23249.0,23417.0,23222.0,23346.0
2025-01-21,TX202502,23426.0,23432.0,23203.0,23365.0
2025-01-22,TX202502,23600.0,23719.0,23573.0,23698.0
2025-02-03,TX202502,22680.0,22817.0,22539.0,22598.0
2025-02-04,TX202502,22919.0,22945.0,22708.0,22822.0
2025-02-05,TX202502,23077.0,23284.0,23063.0,23133.0
2025-02-06,TX202502,23355.0,23379.0,23234.0,23290.0
2025-02-07,TX202502,23285.0,23465.0,23278.0,23431.0
2025-02-10,TX202502,23324.0,23366.0,23167.0,23246.0
2025-02-11,TX202502,23391.0,23503.0,23302.0,23335.0
2025-02-12,TX202502,23429.0,23536.0,23292.0,23315.0
2025-02-13,TX202502,23435.0,23460.0,23250.0,23399.0
2025-02-14,TX202502,23338.0,23349.0,23116.0,23179.0
2025-02-17,TX202502,23286.0,23540.0,23283.0,23504.0
2025-02-18,TX202502,23570.0,23663.0,23466.0,23649.0
2025-02-19,TX202502,23568.0,23697.0,23560.0,23608.0
2025-02-20,TX202503,23505.0,23564.0,23371.0,23538.0
2025-02-21,TX202503,23533.0,23761.0,23474.0,23745.0
2025-02-24,TX202503,23549.0,23564.0,23444.0,23558.0
2025-02-25,TX202503,23231.0,23345.0,23138.0,23299.0
2025-02-26,TX202503,23150.0,23421.0,23104.0,23421.0
2025-02-27,TX202503,23374.0,23434.0,23127.0,23196.0
2025-03-03,TX202503,22650.0,22797.0,22611.0,22718.0
2025-03-04,TX202503,22242.0,22668.0,22194.0,22588.0
2025-03-05,TX202503,22659.0,22927.0,22637.0,22888.0
2025-03-06,TX202503,22991.0,23017.0,22704.0,22763.0
2025-03-07,TX202503,22499.0,22685.0,22480.0,22520.0
2025-03-10,TX202503,22456.0,22547.0,22315.0,22446.0
2025-03-11,TX202503,21868.0,22085.0,21661.0,22031.0
2025-03-12,TX202503,22101.0,22345.0,22044.0,22232.0
2025-03-13,TX202503,22445.0,22475.0,21917.0,21920.0
2025-03-14,TX202503,22120.0,22131.0,21874.0,21961.0
2025-03-17,TX202503,22161.0,22312.0,22111.0,22158.0
2025-03-18,TX202503,22373.0,22385.0,22191.0,22230.0
2025-03-19,TX202503,22238.0,22247.0,21935.0,21964.0
2025-03-20,TX202504,22236.0,22417.0,22202.0,22365.0
2025-03-21,TX202504,22323.0,22377.0,22173.0,22177.0
2025-03-24,TX202504,22302.0,22399.0,22124.0,22160.0
2025-03-25,TX202504,22330.0,22443.0,22202.0,22298.0
2025-03-26,TX202504,22409.0,22429.0,22250.0,22305.0
2025-03-27,TX202504,22031.0,22052.0,21891.0,21968.0
2025-03-28,TX202504,21750.0,21795.0,21485.0,21603.0
2025-03-31,TX202504,20856.0,21065.0,20724.0,20769.0
2025-04-01,TX202504,21000.0,21271.0,20888.0,21181.0
2025-04-02,TX202504,21273.0,21360.0,21188.0,21304.0
2025-04-07,TX202504,19167.0,19167.0,19167.0,19167.0
2025-04-08,TX202504,18596.0,18754.0,18004.0,18190.0
2025-04-09,TX202504,17846.0,18286.0,17139.0,17204.0
2025-04-10,TX202504,18902.0,18902.0,18902.0,18902.0
2025-04-11,TX202504,18560.0,19566.0,18441.0,19524.0
2025-04-14,TX202504,19800.0,19982.0,19450.0,19491.0
2025-04-15,TX202504,19585.0,19833.0,19517.0,19798.0
2025-04-16,TX202504,19601.0,19672.0,19426.0,19548.0
2025-04-17,TX202505,19243.0,19406.0,19112.0,19369.0
2025-04-18,TX202505,19380.0,19432.0,19288.0,19330.0
2025-04-21,TX202505,19347.0,19368.0,19027.0,19099.0
2025-04-22,TX202505,18945.0,19035.0,18773.0,18797.0
2025-04-23,TX202505,19250.0,19596.0,19171.0,19554.0
2025-04-24,TX202505,19636.0,19682.0,19413.0,19466.0
2025-04-25,TX202505,19980.0,20008.0,19848.0,19873.0
2025-04-28,TX202505,19965.0,20053.0,19933.0,19965.0
2025-04-29,TX202505,19980.0,20207.0,19963.0,20154.0
2025-04-30,TX202505,20091.0,20268.0,20065.0,20149.0
2025-05-02,TX202505,20488.0,20710.0,20469.0,20677.0
2025-05-05,TX202505,20757.0,20796.0,20206.0,20404.0
2025-05-06,TX202505,20150.0,20483.0,20150.0,20337.0
2025-05-07,TX202505,20440.0,20560.0,20265.0,20381.0
2025-05-08,TX202505,20475.0,20695.0,20452.0,20575.0
2025-05-09,TX202505,20649.0,20872.0,20596.0,20848.0
2025-05-12,TX202505,21015.0,21134.0,20978.0,21066.0
2025-05-13,TX202505,21421.0,21520.0,21288.0,21360.0
2025-05-14,TX202505,21677.0,21787.0,21579.0,21768.0
2025-05-15,TX202505,21776.0,21810.0,21676.0,21694.0
2025-05-16,TX202505,21775.0,21878.0,21679.0,21821.0
2025-05-19,TX202505,21682.0,21748.0,21499.0,21538.0
2025-05-20,TX202505,21753.0,21772.0,21505.0,21539.0
2025-05-21,TX202505,21564.0,21852.0,21549.0,21849.0
2025-05-22,TX202506,21465.0,21550.0,21396.0,21503.0
2025-05-23,TX202506,21558.0,21640.0,21372.0,21470.0
2025-05-26,TX202506,21450.0,21569.0,21357.0,21385.0
2025-05-27,TX202506,21403.0,21438.0,21133.0,21233.0
2025-05-28,TX202506,21420.0,21512.0,21150.0,21252.0
2025-05-29,TX202506,21513.0,21616.0,21275.0,21320.0
2025-06-02,TX202506,20976.0,21049.0,20790.0,20866.0
2025-06-03,TX202506,21034.0,21221.0,20955.0,20971.0
2025-06-04,TX202506,21280.0,21533.0,21261.0,21482.0
2025-06-05,TX202506,21589.0,21677.0,21512.0,21553.0
2025-06-06,TX202506,21599.0,21630.0,21513.0,21578.0
2025-06-09,TX202506,21663.0,21788.0,21626.0,21727.0
2025-06-10,TX202506,21879.0,22236.0,21850.0,22113.0
2025-06-11,TX202506,22296.0,22355.0,22190.0,22351.0
2025-06-12,TX202506,22315.0,22329.0,22214.0,22252.0
2025-06-13,TX202506,21954.0,22139.0,21893.0,21940.0
2025-06-16,TX202506,22030.0,22061.0,21868.0,22032.0
2025-06-17,TX202506,22150.0,22260.0,22061.0,22159.0
2025-06-18,TX202506,22109.0,22384.0,22080.0,22308.0
2025-06-19,TX202507,21820.0,21857.0,21675.0,21704.0
2025-06-20,TX202507,21635.0,21743.0,21470.0,21653.0
2025-06-23,TX202507,21350.0,21484.0,21205.0,21473.0
2025-06-24,TX202507,21770.0,21966.0,21764.0,21959.0
2025-06-25,TX202507,22138.0,22168.0,22017.0,22159.0
2025-06-26,TX202507,22161.0,22263.0,22078.0,22117.0
2025-06-27,TX202507,22197.0,22221.0,21989.0,22121.0
2025-06-30,TX202507,22239.0,22254.0,22083.0,22145.0
2025-07-01,TX202507,22197.0,22593.0,22191.0,22353.0
2025-07-02,TX202507,22298.0,22401.0,22208.0,22396.0
2025-07-03,TX202507,22568.0,22716.0,22547.0,22675.0
2025-07-04,TX202507,22739.0,22762.0,22431.0,22435.0
2025-07-07,TX202507,22349.0,22506.0,22244.0,22336.0
2025-07-08,TX202507,22353.0,22397.0,22141.0,22251.0
2025-07-09,TX202507,22250.0,22473.0,22146.0,22434.0
2025-07-10,TX202507,22470.0,22647.0,22410.0,22611.0
2025-07-11,TX202507,22519.0,22774.0,22488.0,22764.0
2025-07-14,TX202507,22670.0,22695.0,22520.0,22551.0
2025-07-15,TX202507,22529.0,22882.0,22512.0,22810.0
2025-07-16,TX202507,22849.0,23116.0,22845.0,23047.0
2025-07-17,TX202508,22958.0,23150.0,22866.0,23148.0
2025-07-18,TX202508,23350.0,23399.0,23230.0,23262.0
2025-07-21,TX202508,23234.0,23301.0,23172.0,23228.0
2025-07-22,TX202508,23241.0,23406.0,22977.0,22990.0
2025-07-23,TX202508,23006.0,23258.0,23000.0,23186.0
2025-07-24,TX202508,23400.0,23408.0,23229.0,23310.0
2025-07-25,TX202508,23264.0,23328.0,23207.0,23238.0
2025-07-28,TX202508,23368.0,23483.0,23265.0,23392.0
2025-07-29,TX202508,23326.0,23359.0,23027.0,23163.0
2025-07-30,TX202508,23213.0,23421.0,23198.0,23361.0
2025-07-31,TX202508,23497.0,23621.0,23355.0,23589.0
2025-08-01,TX202508,23064.0,23442.0,23048.0,23344.0
2025-08-04,TX202508,23108.0,23300.0,23032.0,23260.0
2025-08-05,TX202508,23446.0,23584.0,23421.0,23575.0
2025-08-06,TX202508,23423.0,23483.0,23381.0,23425.0
2025-08-07,TX202508,23660.0,24054.0,23653.0,23997.0
2025-08-08,TX202508,24091.0,24095.0,23947.0,23949.0
2025-08-11,TX202508,23973.0,24223.0,23833.0,24162.0
2025-08-12,TX202508,24155.0,24241.0,24088.0,24135.0
2025-08-13,TX202508,24298.0,24412.0,24154.0,24347.0
2025-08-14,TX202508,24337.0,24362.0,24207.0,24250.0
2025-08-15,TX202508,24282.0,24385.0,24188.0,24312.0
2025-08-18,TX202508,24199.0,24462.0,24176.0,24426.0
2025-08-19,TX202508,24380.0,24447.0,24313.0,24342.0
2025-08-20,TX202508,24156.0,24201.0,23631.0,23637.0
2025-08-21,TX202509,23729.0,23943.0,23691.0,23852.0
2025-08-22,TX202509,23877.0,23982.0,23732.0,23750.0
2025-08-25,TX202509,24120.0,24314.0,24070.0,24251.0
2025-08-26,TX202509,24143.0,24281.0,24090.0,24253.0
2025-08-27,TX202509,24350.0,24496.0,24331.0,24463.0
2025-08-28,TX202509,24358.0,24420.0,24203.0,24228.0
2025-08-29,TX202509,24401.0,24453.0,24246.0,24267.0
2025-09-01,TX202509,24120.0,24245.0,23847.0,24008.0
2025-09-02,TX202509,24083.0,24249.0,23879.0,23965.0
2025-09-03,TX202509,23966.0,24083.0,23888.0,23997.0
2025-09-04,TX202509,24195.0,24365.0,24113.0,24132.0
2025-09-05,TX202509,24363.0,24429.0,24286.0,24419.0
2025-09-08,TX202509,24588.0,24674.0,24518.0,24551.0
2025-09-09,TX202509,24725.0,24838.0,24660.0,24802.0
2025-09-10,TX202509,24970.0,25244.0,24961.0,25178.0
2025-09-11,TX202509,25386.0,25464.0,25176.0,25240.0
2025-09-12,TX202509,25418.0,25466.0,25350.0,25459.0
2025-09-15,TX202509,25404.0,25450.0,25269.0,25353.0
2025-09-16,TX202509,25420.0,25663.0,25410.0,25629.0
2025-09-17,TX202509,25556.0,25583.0,25402.0,25433.0
2025-09-18,TX202510,25623.0,25747.0,25490.0,25709.0
2025-09-19,TX202510,25850.0,25853.0,25636.0,25671.0
2025-09-22,TX202510,25756.0,25941.0,25689.0,25891.0
2025-09-23,TX202510,26058.0,26328.0,26023.0,26273.0
2025-09-24,TX202510,26376.0,26393.0,26072.0,26237.0
2025-09-25,TX202510,26191.0,26283.0,26087.0,26097.0
2025-09-26,TX202510,25944.0,25991.0,25500.0,25669.0
2025-09-30,TX202510,25800.0,26046.0,25797.0,25954.0
2025-10-01,TX202510,26094.0,26375.0,26000.0,26045.0
2025-10-02,TX202510,26459.0,26527.0,26381.0,26431.0
2025-10-03,TX202510,26480.0,26764.0,26388.0,26745.0
2025-10-07,TX202510,27202.0,27356.0,26995.0,27322.0
2025-10-08,TX202510,27061.0,27127.0,26912.0,27093.0
2025-10-09,TX202510,27440.0,27455.0,27273.0,27335.0
2025-10-13,TX202510,26450.0,26945.0,26390.0,26904.0
2025-10-14,TX202510,27269.0,27450.0,26716.0,26718.0
2025-10-15,TX202510,26850.0,27191.0,26775.0,27156.0
2025-10-16,TX202511,27545.0,27877.0,27450.0,27822.0
2025-10-17,TX202511,27251.0,27545.0,27244.0,27328.0
2025-10-20,TX202511,27444.0,27824.0,27432.0,27783.0
2025-10-21,TX202511,27900.0,28036.0,27798.0,27833.0
2025-10-22,TX202511,27690.0,27797.0,27526.0,27704.0
2025-10-23,TX202511,27385.0,27629.0,27313.0,27556.0
2025-10-27,TX202511,28284.0,28291.0,28079.0,28225.0
2025-10-28,TX202511,28233.0,28250.0,27984.0,28002.0
2025-10-29,TX202511,28225.0,28446.0,28203.0,28412.0
2025-10-30,TX202511,28430.0,28552.0,28181.0,28398.0
2025-10-31,TX202511,28478.0,28588.0,28378.0,28431.0
2025-11-03,TX202511,28380.0,28583.0,28229.0,28340.0
2025-11-04,TX202511,28410.0,28594.0,28113.0,28117.0
2025-11-05,TX202511,27710.0,27850.0,27415.0,27805.0
2025-11-06,TX202511,28010.0,28141.0,27903.0,28034.0
2025-11-07,TX202511,27777.0,27838.0,27596.0,27730.0
2025-11-10,TX202511,27777.0,28039.0,27718.0,28016.0
2025-11-11,TX202511,28149.0,28180.0,27762.0,27780.0
2025-11-12,TX202511,27889.0,28078.0,27858.0,28054.0
2025-11-13,TX202511,28038.0,28044.0,27802.0,27980.0
2025-11-14,TX202511,27510.0,27596.0,27366.0,27401.0
2025-11-17,TX202511,27570.0,27690.0,27465.0,27479.0
2025-11-18,TX202511,27142.0,27298.0,26772.0,26805.0
2025-11-19,TX202511,26807.0,26915.0,26537.0,26615.0
2025-11-20,TX202512,27308.0,27492.0,27201.0,27482.0
2025-11-21,TX202512,26750.0,26770.0,26397.0,26486.0
2025-11-24,TX202512,26705.0,26730.0,26536.0,26615.0
2025-11-25,TX202512,27055.0,27105.0,26773.0,26933.0
2025-11-26,TX202512,27188.0,27384.0,27133.0,27329.0
2025-11-27,TX202512,27518.0,27649.0,27461.0,27583.0
2025-11-28,TX202512,27590.0,27854.0,27558.0,27744.0
2025-12-01,TX202512,27650.0,27674.0,27401.0,27404.0
2025-12-02,TX202512,27674.0,27789.0,27528.0,27561.0
2025-12-03,TX202512,27808.0,27888.0,27690.0,27758.0
2025-12-04,TX202512,27841.0,27880.0,27670.0,27799.0
2025-12-05,TX202512,27792.0,28019.0,27763.0,28016.0
2025-12-08,TX202512,28054.0,28298.0,28019.0,28286.0
2025-12-09,TX202512,28350.0,28360.0,28204.0,28220.0
2025-12-10,TX202512,28279.0,28434.0,28252.0,28398.0
2025-12-11,TX202512,28600.0,28602.0,28059.0,28110.0
2025-12-12,TX202512,28266.0,28342.0,28157.0,28292.0
2025-12-15,TX202512,27834.0,27984.0,27755.0,27907.0
2025-12-16,TX202512,27630.0,27689.0,27411.0,27624.0
2025-12-17,TX202512,27625.0,27773.0,27474.0,27483.0
2025-12-18,TX202601,27500.0,27679.0,27457.0,27591.0
2025-12-19,TX202601,27800.0,27983.0,27795.0,27894.0
2025-12-22,TX202601,28256.0,28368.0,28170.0,28341.0
2025-12-23,TX202601,28392.0,28455.0,28359.0,28413.0
2025-12-24,TX202601,28565.0,28577.0,28400.0,28472.0
2025-12-26,TX202601,28595.0,28714.0,28536.0,28673.0
2025-12-29,TX202601,28749.0,28998.0,28713.0,28950.0
2025-12-30,TX202601,28777.0,28942.0,28705.0,28881.0
2025-12-31,TX202601,28842.0,29053.0,28782.0,29016.0
2026-01-02,TX202601,29047.0,29500.0,29026.0,29473.0
2026-01-05,TX202601,29888.0,30487.0,29850.0,30313.0
2026-01-06,TX202601,30271.0,30672.0,30183.0,30617.0
2026-01-07,TX202601,30609.0,30676.0,30448.0,30516.0
2026-01-08,TX202601,30362.0,30663.0,30353.0,30458.0
2026-01-09,TX202601,30450.0,30578.0,30005.0,30456.0
2026-01-12,TX202601,30717.0,30763.0,30555.0,30701.0
2026-01-13,TX202601,31067.0,31252.0,30626.0,30874.0
2026-01-14,TX202601,31000.0,31162.0,30937.0,30982.0
2026-01-15,TX202601,30831.0,31057.0,30744.0,31050.0
2026-01-16,TX202601,31382.0,31536.0,31157.0,31474.0
2026-01-19,TX202601,31272.0,31774.0,31208.0,31669.0
2026-01-20,TX202601,31481.0,31742.0,31328.0,31672.0
2026-01-21,TX202601,31296.0,31650.0,31200.0,31245.0
2026-01-22,TX202602,31876.0,32057.0,31783.0,31857.0
2026-01-23,TX202602,31995.0,32166.0,31873.0,32153.0
2026-01-26,TX202602,32128.0,32231.0,32086.0,32144.0
2026-01-27,TX202602,32313.0,32532.0,32206.0,32509.0
2026-01-28,TX202602,32758.0,32938.0,32668.0,32927.0
2026-01-29,TX202602,33014.0,33014.0,32587.0,32777.0
2026-01-30,TX202602,32456.0,32526.0,32092.0,32247.0
2026-02-02,TX202602,31888.0,31964.0,31392.0,31610.0
2026-02-03,TX202602,32386.0,32446.0,32004.0,32261.0
2026-02-04,TX202602,32110.0,32475.0,32034.0,32423.0
2026-02-05,TX202602,31970.0,32166.0,31798.0,31907.0
2026-02-06,TX202602,31458.0,31883.0,31220.0,31807.0
2026-02-09,TX202602,32824.0,32836.0,32515.0,32651.0
2026-02-10,TX202602,32906.0,33309.0,32879.0,33307.0
2026-02-11,TX202602,33349.0,33843.0,33272.0,33691.0
2026-02-23,TX202602,34269.0,34369.0,33836.0,33840.0
2026-02-24,TX202603,34125.0,34956.0,34100.0,34827.0
2026-02-25,TX202603,35243.0,35777.0,35065.0,35490.0
2026-02-26,TX202603,35522.0,35755.0,35348.0,35604.0
2026-03-02,TX202603,34744.0,35495.0,34722.0,35232.0
2026-03-03,TX202603,35018.0,35320.0,34314.0,34325.0
2026-03-04,TX202603,33461.0,33666.0,32679.0,32834.0
2026-03-05,TX202603,33911.0,34294.0,33392.0,33639.0
2026-03-06,TX202603,33360.0,33888.0,33296.0,33704.0
2026-03-09,TX202603,31730.0,32111.0,31124.0,31786.0
2026-03-10,TX202603,33242.0,33329.0,32374.0,32696.0
2026-03-11,TX202603,33341.0,34185.0,33277.0,33985.0
2026-03-12,TX202603,33678.0,33939.0,33326.0,33530.0
2026-03-13,TX202603,32664.0,33518.0,32663.0,33315.0
2026-03-16,TX202603,33460.0,33723.0,33077.0,33250.0
2026-03-17,TX202603,33616.0,34017.0,33593.0,33795.0
2026-03-18,TX202603,34266.0,34440.0,34100.0,34263.0
2026-03-19,TX202604,33898.0,34083.0,33537.0,33553.0
2026-03-20,TX202604,33809.0,33888.0,33371.0,33559.0
2026-03-23,TX202604,32501.0,32890.0,32213.0,32532.0
2026-03-24,TX202604,33280.0,33393.0,32342.0,32771.0
2026-03-25,TX202604,33786.0,33880.0,33444.0,33638.0
2026-03-26,TX202604,33855.0,34024.0,33347.0,33440.0
2026-03-27,TX202604,32793.0,33243.0,32652.0,33120.0
2026-03-30,TX202604,32048.0,32712.0,32027.0,32468.0
2026-03-31,TX202604,32000.0,32451.0,31806.0,31979.0
2026-04-01,TX202604,33049.0,33411.0,32906.0,33402.0
2026-04-02,TX202604,33676.0,33687.0,32486.0,32487.0
2026-04-07,TX202604,33192.0,33377.0,32955.0,33159.0
2026-04-08,TX202604,34651.0,35060.0,34473.0,34996.0
2026-04-09,TX202604,35032.0,35100.0,34745.0,34932.0
2026-04-10,TX202604,35249.0,35580.0,35215.0,35567.0
2026-04-13,TX202604,35280.0,35652.0,35225.0,35457.0
2026-04-14,TX202604,36060.0,36430.0,35990.0,36381.0
2026-04-15,TX202604,36725.0,37073.0,36618.0,36643.0
2026-04-16,TX202605,37321.0,37666.0,37086.0,37645.0
2026-04-17,TX202605,37145.0,37388.0,37033.0,37083.0
2026-04-20,TX202605,37324.0,37704.0,37209.0,37254.0
2026-04-21,TX202605,37707.0,38159.0,37647.0,38048.0
2026-04-22,TX202605,38150.0,38369.0,37925.0,38206.0
2026-04-23,TX202605,38686.0,39087.0,37408.0,37875.0
2026-04-24,TX202605,38299.0,39244.0,38268.0,39224.0
2026-04-27,TX202605,39999.0,40458.0,39837.0,39888.0
2026-04-28,TX202605,39820.0,40347.0,39661.0,39749.0
2026-04-29,TX202605,39698.0,39790.0,39123.0,39490.0
2026-04-30,TX202605,39698.0,39937.0,39265.0,39360.0
2026-05-04,TX202605,40440.0,41074.0,40167.0,41031.0
2026-05-05,TX202605,40936.0,41097.0,40798.0,41035.0
2026-05-06,TX202605,41650.0,42005.0,41038.0,41503.0
2026-05-07,TX202605,42329.0,42468.0,42005.0,42340.0
2026-05-08,TX202605,42120.0,42343.0,41539.0,41937.0
2026-05-11,TX202605,42230.0,42258.0,41802.0,41945.0
2026-05-12,TX202605,42200.0,42363.0,41607.0,41695.0
2026-05-13,TX202605,41238.0,41604.0,40984.0,41469.0
2026-05-14,TX202605,41948.0,42238.0,41497.0,41602.0
2026-05-15,TX202605,42282.0,42454.0,40976.0,41012.0
2026-05-18,TX202605,40200.0,40990.0,40169.0,40807.0
2026-05-19,TX202605,40890.0,40931.0,40188.0,40248.0
2026-05-20,TX202605,40051.0,40405.0,39881.0,40078.0
2026-05-21,TX202606,40967.0,41666.0,40957.0,41473.0
2026-05-22,TX202606,42196.0,42502.0,41790.0,42442.0
2026-05-25,TX202606,43195.0,44050.0,43004.0,43877.0
2026-05-26,TX202606,44274.0,44280.0,43619.0,43893.0
2026-05-27,TX202606,44490.0,45299.0,44336.0,44798.0
2026-05-28,TX202606,45174.0,45348.0,43458.0,43842.0
2026-05-29,TX202606,44655.0,45471.0,44655.0,45285.0
2026-06-01,TX202606,45483.0,46465.0,45405.0,46035.0
2026-06-02,TX202606,46145.0,46228.0,45333.0,46087.0
2026-06-03,TX202606,46718.0,46994.0,46550.0,46868.0
2026-06-04,TX202606,46505.0,46587.0,46140.0,46294.0
2026-06-05,TX202606,45668.0,45785.0,44655.0,45211.0
2026-06-08,TX202606,42344.0,43655.0,42225.0,43080.0
2026-06-09,TX202606,43661.0,44750.0,43552.0,44665.0
2026-06-10,TX202606,43839.0,44481.0,43126.0,43422.0
2026-06-11,TX202606,42643.0,43509.0,42050.0,43241.0
2026-06-12,TX202606,44929.0,44931.0,44045.0,44188.0
2026-06-15,TX202606,45750.0,45905.0,45340.0,45580.0
2026-06-16,TX202606,46124.0,46198.0,45463.0,45772.0
2026-06-17,TX202606,45345.0,45745.0,45113.0,45668.0
2026-06-18,TX202607,46470.0,46778.0,46260.0,46769.0
2026-06-22,TX202607,47460.0,48476.0,47371.0,48413.0
2026-06-23,TX202607,48650.0,48711.0,47404.0,47436.0
2026-06-24,TX202607,46858.0,47067.0,45898.0,46387.0
2026-06-25,TX202607,46993.0,46997.0,46091.0,46544.0
2026-06-26,TX202607,45709.0,45922.0,44264.0,44373.0
2026-06-29,TX202607,44799.0,45637.0,44373.0,45550.0
2026-06-30,TX202607,46100.0,46883.0,45922.0,46730.0
2026-07-01,TX202607,47516.0,47695.0,46895.0,47231.0
2026-07-02,TX202607,46200.0,46987.0,45780.0,46599.0
2026-07-03,TX202607,45700.0,47084.0,45608.0,46966.0
2026-07-06,TX202607,47280.0,47547.0,46581.0,46886.0
2026-07-07,TX202607,47000.0,47187.0,45599.0,45775.0
2026-07-08,TX202607,45606.0,45960.0,45240.0,45564.0
2026-07-09,TX202607,46008.0,46158.0,45331.0,45678.0
2026-07-13,TX202607,46222.0,46378.0,45251.0,45617.0
2026-07-14,TX202607,45046.0,45464.0,43852.0,44815.0
2026-07-15,TX202607,45353.0,45842.0,45033.0,45830.0
2026-07-16,TX202608,45519.0,46248.0,45191.0,45700.0
2026-07-17,TX202608,44250.0,44512.0,42527.0,42725.0
2026-07-20,TX202608,43500.0,43500.0,42457.0,42641.0
2026-07-21,TX202608,43297.0,44404.0,43197.0,44377.0
2026-07-22,TX202608,45000.0,45364.0,44613.0,44631.0
2026-07-23,TX202608,45310.0,45339.0,44445.0,44930.0
2026-07-24,TX202608,44166.0,44499.0,43640.0,43905.0
2026-07-27,TX202608,43888.0,44083.0,43176.0,43907.0
2026-07-28,TX202608,42569.0,42627.0,41516.0,41613.0
2026-07-29,TX202608,41915.0,42070.0,39442.0,40392.0
2026-07-30,TX202608,40007.0,41266.0,39701.0,40270.0
2026-07-31,TX202608,42331.0,43951.0,42305.0,43678.0
2026-08-03,TX202608,43186.0,43836.0,42989.0,43230.0
2026-08-04,TX202608,42750.0,43790.0,42553.0,43357.0
2026-08-05,TX202608,44653.0,44923.0,44219.0,44514.0
2026-08-06,TX202608,44177.0,44494.0,43843.0,44280.0
2026-08-07,TX202608,44588.0,44744.0,43923.0,44349.0
2026-08-10,TX202608,44985.0,45219.0,44668.0,44987.0
2026-08-11,TX202608,44761.0,45200.0,44570.0,45090.0
2026-08-12,TX202608,45350.0,45561.0,45156.0,45528.0
2026-08-13,TX202608,46120.0,46250.0,45840.0,46005.0
2026-08-14,TX202608,46466.0,46470.0,45676.0,45841.0
2026-08-17,TX202608,45850.0,46140.0,45738.0,45888.0
2026-08-18,TX202608,45967.0,45977.0,45070.0,45085.0
2026-08-19,TX202608,44411.0,44869.0,44208.0,44612.0
2026-08-20,TX202609,44950.0,45122.0,44448.0,44868.0
2026-08-21,TX202609,44887.0,45294.0,44566.0,45148.0
2026-08-24,TX202609,45032.0,45292.0,44609.0,44762.0
2026-08-25,TX202609,44488.0,45095.0,44146.0,45027.0
2026-08-26,TX202609,45285.0,46027.0,44865.0,46011.0
2026-08-27,TX202609,46175.0,46517.0,46006.0,46078.0
2026-08-28,TX202609,46366.0,46580.0,46215.0,46357.0
2026-08-31,TX202609,45800.0,46060.0,45415.0,45983.0
2026-09-01,TX202609,46000.0,47220.0,45987.0,47209.0
2026-09-02,TX202609,46701.0,46746.0,46131.0,46189.0
2026-09-03,TX202609,46169.0,46472.0,45714.0,45837.0
2026-09-04,TX202609,46406.0,46756.0,46057.0,46704.0
2026-09-07,TX202609,47280.0,47572.0,47093.0,47470.0
2026-09-08,TX202609,47480.0,47593.0,46934.0,46980.0
2026-09-09,TX202609,47076.0,47592.0,47054.0,47187.0
2026-09-10,TX202609,46940.0,46950.0,46506.0,46870.0
2026-09-11,TX202609,45820.0,46340.0,45780.0,46218.0
2026-09-14,TX202609,45589.0,46018.0,45302.0,45780.0
2026-09-15,TX202609,45777.0,45964.0,45512.0,45607.0
2026-09-16,TX202609,45534.0,46093.0,45518.0,45759.0
2026-09-17,TX202610,46495.0,47037.0,46376.0,46445.0
2026-09-18,TX202610,47080.0,47464.0,46897.0,47418.0
2026-09-21,TX202610,47607.0,48091.0,47496.0,48077.0
2026-09-22,TX202610,48888.0,48946.0,48034.0,48243.0
2026-09-23,TX202610,48529.0,48623.0,48223.0,48336.0
2026-09-24,TX202610,47850.0,48275.0,47797.0,48123.0
2026-09-29,TX202610,48098.0,48194.0,47630.0,47767.0
2026-09-30,TX202610,48467.0,48646.0,48230.0,48330.0
2026-10-01,TX202610,48398.0,48719.0,48168.0,48685.0
2026-10-02,TX202610,48552.0,48802.0,48472.0,48671.0
2026-10-05,TX202610,49470.0,50097.0,49461.0,49949.0
