date,held_before,held_after,mark_close,roll,roll_spread_points,gross_pnl,fee,tax,slippage_cost,pnl,equity,execution_legs,cost,daily_return,drawdown_pct,drawdown_amount
2018-08-31,TX201809,TX201809,11022.0,False,0.0,9400.0,50.0,43.908,400.0,8906.092,10008906.092,1,493.908,0.0008906092000000001,0.0,0.0
2018-09-03,TX201809,TX201809,10935.0,False,0.0,-17400.0,0.0,0.0,0.0,-17400.0,9991506.092,0,0.0,-0.001738451718905387,-0.0017384517189054094,-17400.0
2018-09-04,TX201809,TX201809,11002.0,False,0.0,13400.0,0.0,0.0,0.0,13400.0,10004906.092,0,0.0,0.0013411391512565972,-0.00039964407331161134,-4000.0
2018-09-05,TX201809,TX201809,10950.0,False,0.0,-10400.0,0.0,0.0,0.0,-10400.0,9994506.092,0,0.0,-0.001039490016634531,-0.0014387186639216454,-14400.0
2018-09-06,TX201809,TX201809,10901.0,False,0.0,-9800.0,0.0,0.0,0.0,-9800.0,9984706.092,0,0.0,-0.0009805386989402418,-0.00241784664353506,-24200.0
2018-09-07,TX201809,TX201809,10845.0,False,0.0,-11200.0,0.0,0.0,0.0,-11200.0,9973506.092,0,0.0,-0.001121715541429279,-0.0035368500488075494,-35400.0
2018-09-10,TX201809,TX201809,10734.0,False,0.0,-22200.0,0.0,0.0,0.0,-22200.0,9951306.092,0,0.0,-0.0022258972717535287,-0.0057548746556868036,-57600.0
2018-09-11,TX201809,TX201809,10740.0,False,0.0,1200.0,0.0,0.0,0.0,1200.0,9952506.092,0,0.0,0.0001205871861347625,-0.005634981433693342,-56400.0
2018-09-12,TX201809,TX201809,10726.0,False,0.0,-2800.0,0.0,0.0,0.0,-2800.0,9949706.092,0,0.0,-0.00028133617544335784,-0.0059147322850113815,-59200.0
2018-09-13,TX201809,TX201809,10717.0,False,0.0,-1800.0,0.0,0.0,0.0,-1800.0,9947906.092,0,0.0,-0.00018090986641779085,-0.006094572118001684,-61000.0
2018-09-14,TX201809,TX201809,10881.0,False,0.0,32800.0,0.0,0.0,0.0,32800.0,9980706.092,0,0.0,0.003297176279777853,-0.002817490716846671,-28200.0
2018-09-17,TX201809,TX201809,10823.0,False,0.0,-11600.0,0.0,0.0,0.0,-11600.0,9969106.092,0,0.0,-0.001162242419832194,-0.0039764585294502774,-39800.0
2018-09-18,TX201809,TX201810,10779.0,True,-2.0,-8400.0,100.0,86.24000000000001,800.0,-9386.24,9959719.852,2,986.24,-0.0009415327626548445,-0.004914247326120336,-49186.24000000022
2018-09-19,TX201810,TX201810,10876.0,False,0.0,19400.0,0.0,0.0,0.0,19400.0,9979119.852,0,0.0,0.0019478459523240815,-0.0029759735705591206,-29786.240000000224
2018-09-20,TX201810,TX201810,10848.0,False,0.0,-5600.0,0.0,0.0,0.0,-5600.0,9973519.852,0,0.0,-0.0005611717348877874,-0.00353547527319531,-35386.24000000022
2018-09-21,TX201810,TX201810,10974.0,False,0.0,25200.0,0.0,0.0,0.0,25200.0,9998719.852,0,0.0,0.002526690714406772,-0.0010177176113324027,-10186.240000000224
2018-09-25,TX201810,TX201810,10981.0,False,0.0,1400.0,0.0,0.0,0.0,1400.0,10000119.852,0,0.0,0.0001400179243665842,-0.0008778421856733276,-8786.240000000224
2018-09-26,TX201810,TX201810,10972.0,False,0.0,-1800.0,0.0,0.0,0.0,-1800.0,9998319.852,0,0.0,-0.0001799978426898558,-0.0010576820186635194,-10586.240000000224
2018-09-27,TX201810,TX201810,10982.0,False,0.0,2000.0,0.0,0.0,0.0,2000.0,10000319.852,0,0.0,0.00020003360860674333,-0.0008578599820077137,-8586.240000000224
2018-09-28,TX201810,TX201810,10955.0,False,0.0,-5400.0,0.0,0.0,0.0,-5400.0,9994919.852,0,0.0,-0.000539982728544431,-0.0013973794809784001,-13986.240000000224
2018-10-01,TX201810,TX201810,11006.0,False,0.0,10200.0,0.0,0.0,0.0,10200.0,10005119.852,0,0.0,0.0010205184384704158,-0.00037828709403386895,-3786.2400000002235
2018-10-02,TX201810,TX201810,10879.0,False,0.0,-25400.0,0.0,0.0,0.0,-25400.0,9979719.852,0,0.0,-0.0025387002230585574,-0.00291602695956239,-29186.240000000224
2018-10-03,TX201810,TX201810,10856.0,False,0.0,-4600.0,0.0,0.0,0.0,-4600.0,9975119.852,0,0.0,-0.00046093478256086824,-0.003375617643870732,-33786.24000000022
2018-10-04,TX201810,TX201810,10694.0,False,0.0,-32400.0,0.0,0.0,0.0,-32400.0,9942719.852,0,0.0,-0.0032480812742820167,-0.006612734637694517,-66186.24000000022
2018-10-05,TX201810,TX201810,10506.0,False,0.0,-37600.0,0.0,0.0,0.0,-37600.0,9905119.852,0,0.0,-0.0037816614125396157,-0.010369388926823375,-103786.24000000022
2018-10-08,TX201810,TX201810,10461.0,False,0.0,-9000.0,0.0,0.0,0.0,-9000.0,9896119.852,0,0.0,-0.0009086210095865481,-0.011268588091774445,-112786.24000000022
2018-10-09,TX201810,TX201810,10460.0,False,0.0,-200.0,0.0,0.0,0.0,-200.0,9895919.852,0,0.0,-2.0209941167959898e-05,-0.011288570295440059,-112986.24000000022
2018-10-11,TX201810,TX201810,9642.0,False,0.0,-163600.0,0.0,0.0,0.0,-163600.0,9732319.852,0,0.0,-0.016532065987472186,-0.027634012893883786,-276586.2400000002
2018-10-12,TX201810,TX201810,9948.0,False,0.0,61200.0,0.0,0.0,0.0,61200.0,9793519.852,0,0.0,0.006288326003529708,-0.0215194585722166,-215386.24000000022
2018-10-15,TX201810,TX201810,9860.0,False,0.0,-17600.0,0.0,0.0,0.0,-17600.0,9775919.852,0,0.0,-0.0017971066854381048,-0.02327789249478751,-232986.24000000022
2018-10-16,TX201810,TX201811,9909.0,True,-42.0,18200.0,100.0,79.44000000000001,800.0,17220.56,9793140.412,2,979.44,0.0017615283534139188,-0.021557368809010824,-215765.6799999997
2018-10-17,TX201811,TX201811,9972.0,False,0.0,12600.0,0.0,0.0,0.0,12600.0,9805740.412,0,0.0,0.0012866148620273657,-0.02029848997807937,-203165.6799999997
2018-10-18,TX201811,TX201811,9884.0,False,0.0,-17600.0,0.0,0.0,0.0,-17600.0,9788140.412,0,0.0,-0.0017948670126390043,-0.022056923900650394,-220765.6799999997
2018-10-19,TX201811,TX201811,9905.0,False,0.0,4200.0,0.0,0.0,0.0,4200.0,9792340.412,0,0.0,0.0004290906978460292,-0.02163729762367317,-216565.6799999997
2018-10-22,TX201811,TX201811,9935.0,False,0.0,6000.0,0.0,0.0,0.0,6000.0,9798340.412,0,0.0,0.0006127237971269171,-0.021037831513705862,-210565.6799999997
2018-10-23,TX201811,TX201811,9728.0,False,0.0,-41400.0,0.0,0.0,0.0,-41400.0,9756940.412,0,0.0,-0.004225205316330665,-0.025174147672480718,-251965.6799999997
2018-10-24,TX201811,TX201811,9715.0,False,0.0,-2600.0,0.0,0.0,0.0,-2600.0,9754340.412,0,0.0,-0.0002664769784595872,-0.025433916320133254,-254565.6799999997
2018-10-25,TX201811,TX201811,9486.0,False,0.0,-45800.0,0.0,0.0,0.0,-45800.0,9708540.412,0,0.0,-0.004695345668237685,-0.030009840959550838,-300365.6799999997
2018-10-26,TX201811,TX201811,9424.0,False,0.0,-12400.0,0.0,0.0,0.0,-12400.0,9696140.412,0,0.0,-0.0012772259756650224,-0.031248737586816788,-312765.6799999997
2018-10-29,TX201811,TX201811,9473.0,False,0.0,9800.0,0.0,0.0,0.0,9800.0,9705940.412,0,0.0,0.0010107114360546452,-0.030269609607203374,-302965.6799999997
2018-10-30,TX201811,TX201811,9524.0,False,0.0,10200.0,0.0,0.0,0.0,10200.0,9716140.412,0,0.0,0.0010509028045741107,-0.029250517220258843,-292765.6799999997
2018-10-31,TX201811,TX201811,9724.0,False,0.0,40000.0,0.0,0.0,0.0,40000.0,9756140.412,0,0.0,0.004116861048096595,-0.025254076487143062,-252765.6799999997
2018-11-01,TX201811,TX201811,9787.0,False,0.0,12600.0,0.0,0.0,0.0,12600.0,9768740.412,0,0.0,0.00129149432745987,-0.023995197656211498,-240165.6799999997
2018-11-02,TX201811,TX201811,9874.0,False,0.0,17400.0,0.0,0.0,0.0,17400.0,9786140.412,0,0.0,0.0017811917674284495,-0.02225674593730609,-222765.6799999997
2018-11-05,TX201811,TX201811,9817.0,False,0.0,-11400.0,0.0,0.0,0.0,-11400.0,9774740.412,0,0.0,-0.0011649127766469656,-0.02339573154624419,-234165.6799999997
2018-11-06,TX201811,TX201811,9774.0,False,0.0,-8600.0,0.0,0.0,0.0,-8600.0,9766140.412,0,0.0,-0.0008798187611654806,-0.024254966303864034,-242765.6799999997
2018-11-07,TX201811,TX201811,9848.0,False,0.0,14800.0,0.0,0.0,0.0,14800.0,9780940.412,0,0.0,0.0015154400178206244,-0.02277628323261116,-227965.6799999997
2018-11-08,TX201811,TX201811,9924.0,False,0.0,15200.0,0.0,0.0,0.0,15200.0,9796140.412,0,0.0,0.0015540427974953701,-0.02125763575402717,-212765.6799999997
2018-11-09,TX201811,TX201811,9789.0,False,0.0,-27000.0,0.0,0.0,0.0,-27000.0,9769140.412,0,0.0,-0.0027561875253365857,-0.02395523324888038,-239765.6799999997
2018-11-12,TX201811,TX201811,9812.0,False,0.0,4600.0,0.0,0.0,0.0,4600.0,9773740.412,0,0.0,0.00047087049689136965,-0.02349564256457204,-235165.6799999997
2018-11-13,TX201811,TX201811,9728.0,False,0.0,-16800.0,0.0,0.0,0.0,-16800.0,9756940.412,0,0.0,-0.001718891569840887,-0.025174147672480718,-251965.6799999997
2018-11-14,TX201811,TX201811,9769.0,False,0.0,8200.0,0.0,0.0,0.0,8200.0,9765140.412,0,0.0,0.0008404273936033135,-0.024354877322191992,-243765.6799999997
2018-11-15,TX201811,TX201811,9827.0,False,0.0,11600.0,0.0,0.0,0.0,11600.0,9776740.412,0,0.0,0.001187898945697208,-0.023195909509588386,-232165.6799999997
2018-11-16,TX201811,TX201811,9783.0,False,0.0,-8800.0,0.0,0.0,0.0,-8800.0,9767940.412,0,0.0,-0.0009000954949360068,-0.024075126470873842,-240965.6799999997
2018-11-19,TX201811,TX201811,9819.0,False,0.0,7200.0,0.0,0.0,0.0,7200.0,9775140.412,0,0.0,0.0007371052336841385,-0.023355767138912964,-233765.6799999997
2018-11-20,TX201811,TX201812,9711.0,True,-21.0,-17400.0,100.0,77.772,800.0,-18377.772,9756762.64,2,977.7719999999999,-0.001880051971165486,-0.025191909054030903,-252143.45199999958
2018-11-21,TX201812,TX201812,9729.0,False,0.0,3600.0,0.0,0.0,0.0,3600.0,9760362.64,0,0.0,0.0003689748467633112,-0.02483222938805041,-248543.45199999958
2018-11-22,TX201812,TX201812,9714.0,False,0.0,-3000.0,0.0,0.0,0.0,-3000.0,9757362.64,0,0.0,-0.00030736562878364525,-0.025131962443034173,-251543.45199999958
2018-11-23,TX201812,TX201812,9620.0,False,0.0,-18800.0,0.0,0.0,0.0,-18800.0,9738562.64,0,0.0,-0.001926750157151072,-0.027010289587598546,-270343.4519999996
2018-11-26,TX201812,TX201812,9768.0,False,0.0,29600.0,0.0,0.0,0.0,29600.0,9768162.64,0,0.0,0.003039462916059243,-0.02405292344509291,-240743.45199999958
2018-11-27,TX201812,TX201812,9741.0,False,0.0,-5400.0,0.0,0.0,0.0,-5400.0,9762762.64,0,0.0,-0.0005528163482748891,-0.024592442944063486,-246143.45199999958
2018-11-28,TX201812,TX201812,9870.0,False,0.0,25800.0,0.0,0.0,0.0,25800.0,9788562.64,0,0.0,0.002642694588752185,-0.022014738671203737,-220343.45199999958
2018-11-29,TX201812,TX201812,9877.0,False,0.0,1400.0,0.0,0.0,0.0,1400.0,9789962.64,0,0.0,0.00014302406303036132,-0.021874863245544773,-218943.45199999958
2018-11-30,TX201812,TX201812,9853.0,False,0.0,-4800.0,0.0,0.0,0.0,-4800.0,9785162.64,0,0.0,-0.0004902980916789279,-0.022354436133518618,-223743.45199999958
2018-12-03,TX201812,TX201812,10122.0,False,0.0,53800.0,0.0,0.0,0.0,53800.0,9838962.64,0,0.0,0.005498120162057929,-0.016979223347477812,-169943.45199999958
2018-12-04,TX201812,TX201812,10042.0,False,0.0,-16000.0,0.0,0.0,0.0,-16000.0,9822962.64,0,0.0,-0.0016261876973648107,-0.018577799640724146,-185943.45199999958
2018-12-05,TX201812,TX201812,9878.0,False,0.0,-32800.0,0.0,0.0,0.0,-32800.0,9790162.64,0,0.0,-0.0033391148070171218,-0.02185488104187916,-218743.45199999958
2018-12-06,TX201812,TX201812,9674.0,False,0.0,-40800.0,0.0,0.0,0.0,-40800.0,9749362.64,0,0.0,-0.004167448642099372,-0.025931250589657284,-259543.45199999958
2018-12-07,TX201812,TX201812,9746.0,False,0.0,14400.0,0.0,0.0,0.0,14400.0,9763762.64,0,0.0,0.0014770196300750178,-0.02449253192573564,-245143.45199999958
2018-12-10,TX201812,TX201812,9626.0,False,0.0,-24000.0,0.0,0.0,0.0,-24000.0,9739762.64,0,0.0,-0.0024580687676364894,-0.026890396365605085,-269143.4519999996
2018-12-11,TX201812,TX201812,9687.0,False,0.0,12200.0,0.0,0.0,0.0,12200.0,9751962.64,0,0.0,0.0012525972604194796,-0.025671481942004748,-256943.45199999958
2018-12-12,TX201812,TX201812,9818.0,False,0.0,26200.0,0.0,0.0,0.0,26200.0,9778162.64,0,0.0,0.00268663867645826,-0.023053813261813882,-230743.45199999958
2018-12-13,TX201812,TX201812,9856.0,False,0.0,7600.0,0.0,0.0,0.0,7600.0,9785762.64,0,0.0,0.0007772421343157368,-0.022294489522521888,-223143.45199999958
2018-12-14,TX201812,TX201812,9730.0,False,0.0,-25200.0,0.0,0.0,0.0,-25200.0,9760562.64,0,0.0,-0.0025751697570297904,-0.024812247184384906,-248343.45199999958
2018-12-17,TX201812,TX201812,9790.0,False,0.0,12000.0,0.0,0.0,0.0,12000.0,9772562.64,0,0.0,0.0012294373226828653,-0.02361331496445007,-236343.45199999958
2018-12-18,TX201812,TX201901,9692.0,True,-26.0,-14400.0,100.0,77.64000000000001,800.0,-15377.64,9757185.0,2,977.64,-0.0015735524617727084,-0.02514971063632998,-251721.09200000018
2018-12-19,TX201901,TX201901,9750.0,False,0.0,11600.0,0.0,0.0,0.0,11600.0,9768785.0,0,0.0,0.0011888674858578576,-0.023990742823726374,-240121.09200000018
2018-12-20,TX201901,TX201901,9641.0,False,0.0,-21800.0,0.0,0.0,0.0,-21800.0,9746985.0,0,0.0,-0.002231597890628159,-0.02616880302327451,-261921.09200000018
2018-12-21,TX201901,TX201901,9660.0,False,0.0,3800.0,0.0,0.0,0.0,3800.0,9750785.0,0,0.0,0.000389864147733889,-0.025789141153628514,-258121.09200000018
2018-12-22,TX201901,TX201901,9585.0,False,0.0,-15000.0,0.0,0.0,0.0,-15000.0,9735785.0,0,0.0,-0.0015383376825558147,-0.02728780642854689,-273121.0920000002
2018-12-24,TX201901,TX201901,9620.0,False,0.0,7000.0,0.0,0.0,0.0,7000.0,9742785.0,0,0.0,0.0007189969786719817,-0.026588429300251626,-266121.0920000002
2018-12-25,TX201901,TX201901,9477.0,False,0.0,-28600.0,0.0,0.0,0.0,-28600.0,9714185.0,0,0.0,-0.0029355056074828706,-0.029445884424429525,-294721.0920000002
2018-12-26,TX201901,TX201901,9459.0,False,0.0,-3600.0,0.0,0.0,0.0,-3600.0,9710585.0,0,0.0,-0.0003705920774619796,-0.02980556409040991,-298321.0920000002
2018-12-27,TX201901,TX201901,9633.0,False,0.0,34800.0,0.0,0.0,0.0,34800.0,9745385.0,0,0.0,0.0035837181796977216,-0.02632866065259909,-263521.0920000002
2018-12-28,TX201901,TX201901,9671.0,False,0.0,7600.0,0.0,0.0,0.0,7600.0,9752985.0,0,0.0,0.0007798563114746109,-0.025569336913307095,-255921.09200000018
2019-01-02,TX201901,TX201901,9536.0,False,0.0,-27000.0,0.0,0.0,0.0,-27000.0,9725985.0,0,0.0,-0.0027683832180609323,-0.028266934408160305,-282921.0920000002
2019-01-03,TX201901,TX201901,9440.0,False,0.0,-19200.0,0.0,0.0,0.0,-19200.0,9706785.0,0,0.0,-0.001974093112419976,-0.030185225960055906,-302121.0920000002
2019-01-04,TX201901,TX201901,9367.0,False,0.0,-14600.0,0.0,0.0,0.0,-14600.0,9692185.0,0,0.0,-0.0015041025427059527,-0.031643926827643165,-316721.0920000002
2019-01-07,TX201901,TX201901,9563.0,False,0.0,39200.0,0.0,0.0,0.0,39200.0,9731385.0,0,0.0,0.004044495642623412,-0.02772741490918973,-277521.0920000002
2019-01-08,TX201901,TX201901,9561.0,False,0.0,-400.0,0.0,0.0,0.0,-400.0,9730985.0,0,0.0,-4.110411827298992e-05,-0.027767379316520846,-277921.0920000002
2019-01-09,TX201901,TX201901,9708.0,False,0.0,29400.0,0.0,0.0,0.0,29400.0,9760385.0,0,0.0,0.0030212768799869694,-0.024829995377680714,-248521.09200000018
2019-01-10,TX201901,TX201901,9694.0,False,0.0,-2800.0,0.0,0.0,0.0,-2800.0,9757585.0,0,0.0,-0.00028687392966568427,-0.025109746228998753,-251321.09200000018
2019-01-11,TX201901,TX201901,9750.0,False,0.0,11200.0,0.0,0.0,0.0,11200.0,9768785.0,0,0.0,0.0011478249997309785,-0.023990742823726374,-240121.09200000018
2019-01-14,TX201901,TX201901,9691.0,False,0.0,-11800.0,0.0,0.0,0.0,-11800.0,9756985.0,0,0.0,-0.0012079291334592787,-0.025169692839995594,-251921.09200000018
2019-01-15,TX201901,TX201902,9794.0,True,1.0,20400.0,100.0,78.34800000000001,800.0,19421.652,9776406.652,2,978.348,0.0019905382656630094,-0.023229255811065497,-232499.43999999948
2019-01-16,TX201902,TX201902,9764.0,False,0.0,-6000.0,0.0,0.0,0.0,-6000.0,9770406.652,0,0.0,-0.0006137224251788416,-0.023828721921032803,-238499.43999999948
2019-01-17,TX201902,TX201902,9779.0,False,0.0,3000.0,0.0,0.0,0.0,3000.0,9773406.652,0,0.0,0.0003070496558488587,-0.02352898886604915,-235499.43999999948
2019-01-18,TX201902,TX201902,9820.0,False,0.0,8200.0,0.0,0.0,0.0,8200.0,9781606.652,0,0.0,0.0008390114411459566,-0.022709718515760424,-227299.43999999948
2019-01-21,TX201902,TX201902,9866.0,False,0.0,9200.0,0.0,0.0,0.0,9200.0,9790806.652,0,0.0,0.0009405407850988281,-0.02179053714714374,-218099.43999999948
2019-01-22,TX201902,TX201902,9847.0,False,0.0,-3800.0,0.0,0.0,0.0,-3800.0,9787006.652,0,0.0,-0.0003881191953906843,-0.022170199016789738,-221899.43999999948
2019-01-23,TX201902,TX201902,9818.0,False,0.0,-5800.0,0.0,0.0,0.0,-5800.0,9781206.652,0,0.0,-0.0005926224642766289,-0.02274968292309154,-227699.43999999948
2019-01-24,TX201902,TX201902,9863.0,False,0.0,9000.0,0.0,0.0,0.0,9000.0,9790206.652,0,0.0,0.0009201318733164415,-0.02185048375814047,-218699.43999999948
2019-01-25,TX201902,TX201902,9968.0,False,0.0,21000.0,0.0,0.0,0.0,21000.0,9811206.652,0,0.0,0.0021450006875707774,-0.019752352373254678,-197699.43999999948
2019-01-28,TX201902,TX201902,9985.0,False,0.0,3400.0,0.0,0.0,0.0,3400.0,9814606.652,0,0.0,0.0003465424917236775,-0.019412654910939797,-194299.43999999948
2019-01-29,TX201902,TX201902,9923.0,False,0.0,-12400.0,0.0,0.0,0.0,-12400.0,9802206.652,0,0.0,-0.0012634230224064205,-0.020651551538205748,-206699.43999999948
2019-01-30,TX201902,TX201902,9926.0,False,0.0,600.0,0.0,0.0,0.0,600.0,9802806.652,0,0.0,6.121070706845163e-05,-0.020591604927209017,-206099.43999999948
2019-02-11,TX201902,TX201902,9999.0,False,0.0,14600.0,0.0,0.0,0.0,14600.0,9817406.652,0,0.0,0.0014893693733132297,-0.019132904059621758,-191499.43999999948
2019-02-12,TX201902,TX201902,10084.0,False,0.0,17000.0,0.0,0.0,0.0,17000.0,9834406.652,0,0.0,0.0017316181963937252,-0.017434416748047465,-174499.43999999948
2019-02-13,TX201902,TX201902,10084.0,False,0.0,0.0,0.0,0.0,0.0,0.0,9834406.652,0,0.0,0.0,-0.017434416748047465,-174499.43999999948
2019-02-14,TX201902,TX201902,10080.0,False,0.0,-800.0,0.0,0.0,0.0,-800.0,9833606.652,0,0.0,-8.134705308706203e-05,-0.01751434556270981,-175299.43999999948
2019-02-15,TX201902,TX201902,10042.0,False,0.0,-7600.0,0.0,0.0,0.0,-7600.0,9826006.652,0,0.0,-0.0007728598742003047,-0.018273669302001805,-182899.43999999948
2019-02-18,TX201902,TX201902,10135.0,False,0.0,18600.0,0.0,0.0,0.0,18600.0,9844606.652,0,0.0,0.0018929358241594643,-0.016415324361102934,-164299.43999999948
2019-02-19,TX201902,TX201903,10145.0,True,3.0,1400.0,100.0,81.148,800.0,418.8520000000001,9845025.504,2,981.148,4.254634185053065e-05,-0.016373476431254308,-163880.58799999952
2019-02-20,TX201903,TX201903,10249.0,False,0.0,20800.0,0.0,0.0,0.0,20800.0,9865825.504,0,0.0,0.0021127421144362733,-0.014295327250034018,-143080.58799999952
2019-02-21,TX201903,TX201903,10324.0,False,0.0,15000.0,0.0,0.0,0.0,15000.0,9880825.504,0,0.0,0.001520399888880905,-0.012796661975115642,-128080.58799999952
2019-02-22,TX201903,TX201903,10310.0,False,0.0,-2800.0,0.0,0.0,0.0,-2800.0,9878025.504,0,0.0,-0.0002833771326967055,-0.013076412826433681,-130880.58799999952
2019-02-25,TX201903,TX201903,10368.0,False,0.0,11600.0,0.0,0.0,0.0,11600.0,9889625.504,0,0.0,0.0011743237548134194,-0.011917445013830186,-119280.58799999952
2019-02-26,TX201903,TX201903,10355.0,False,0.0,-2600.0,0.0,0.0,0.0,-2600.0,9887025.504,0,0.0,-0.0002629017649807258,-0.012177213661482722,-121880.58799999952
2019-02-27,TX201903,TX201903,10362.0,False,0.0,1400.0,0.0,0.0,0.0,1400.0,9888425.504,0,0.0,0.00014159971565094084,-0.012037338235823647,-120480.58799999952
2019-03-04,TX201903,TX201903,10311.0,False,0.0,-10200.0,0.0,0.0,0.0,-10200.0,9878225.504,0,0.0,-0.0010315090097886628,-0.013056430622768178,-130680.58799999952
2019-03-05,TX201903,TX201903,10274.0,False,0.0,-7400.0,0.0,0.0,0.0,-7400.0,9870825.504,0,0.0,-0.0007491224002735623,-0.01379577215839456,-138080.58799999952
2019-03-06,TX201903,TX201903,10322.0,False,0.0,9600.0,0.0,0.0,0.0,9600.0,9880425.504,0,0.0,0.0009725630339741845,-0.012836626382446759,-128480.58799999952
2019-03-07,TX201903,TX201903,10262.0,False,0.0,-12000.0,0.0,0.0,0.0,-12000.0,9868425.504,0,0.0,-0.0012145225926901537,-0.014035558602381482,-140480.58799999952
2019-03-08,TX201903,TX201903,10200.0,False,0.0,-12400.0,0.0,0.0,0.0,-12400.0,9856025.504,0,0.0,-0.0012565327665465852,-0.015274455229647432,-152880.58799999952
2019-03-11,TX201903,TX201903,10229.0,False,0.0,5800.0,0.0,0.0,0.0,5800.0,9861825.504,0,0.0,0.0005884725032058927,-0.01469497132334563,-147080.58799999952
2019-03-12,TX201903,TX201903,10348.0,False,0.0,23800.0,0.0,0.0,0.0,23800.0,9885625.504,0,0.0,0.002413346290739642,-0.012317089087141686,-123280.58799999952
2019-03-13,TX201903,TX201903,10365.0,False,0.0,3400.0,0.0,0.0,0.0,3400.0,9889025.504,0,0.0,0.0003439337246413254,-0.011977391624826916,-119880.58799999952
2019-03-14,TX201903,TX201903,10338.0,False,0.0,-5400.0,0.0,0.0,0.0,-5400.0,9883625.504,0,0.0,-0.0005460598719070712,-0.012516911123797492,-125280.58799999952
2019-03-15,TX201903,TX201903,10414.0,False,0.0,15200.0,0.0,0.0,0.0,15200.0,9898825.504,0,0.0,0.0015378972011685804,-0.010998263645213502,-110080.58799999952
2019-03-18,TX201903,TX201903,10477.0,False,0.0,12600.0,0.0,0.0,0.0,12600.0,9911425.504,0,0.0,0.0012728782818636904,-0.009739384814282048,-97480.58799999952
2019-03-19,TX201903,TX201904,10495.0,True,-6.0,4800.0,100.0,83.98400000000001,800.0,3816.0159999999996,9915241.520000001,2,983.984,0.00038501182281599675,-0.009358122769766442,-93664.57199999876
2019-03-20,TX201904,TX201904,10514.0,False,0.0,3800.0,0.0,0.0,0.0,3800.0,9919041.520000001,0,0.0,0.00038324835480154794,-0.008978460900120444,-89864.57199999876
2019-03-21,TX201904,TX201904,10590.0,False,0.0,15200.0,0.0,0.0,0.0,15200.0,9934241.520000001,0,0.0,0.0015324061270791008,-0.007459813421536343,-74664.57199999876
2019-03-22,TX201904,TX201904,10613.0,False,0.0,4600.0,0.0,0.0,0.0,4600.0,9938841.520000001,0,0.0,0.0004630449129648299,-0.007000222737228001,-70064.57199999876
2019-03-25,TX201904,TX201904,10438.0,False,0.0,-35000.0,0.0,0.0,0.0,-35000.0,9903841.520000001,0,0.0,-0.003521537186156883,-0.010497108378704434,-105064.57199999876
2019-03-26,TX201904,TX201904,10522.0,False,0.0,16800.0,0.0,0.0,0.0,16800.0,9920641.520000001,0,0.0,0.0016963114732877912,-0.008818603270795755,-88264.57199999876
2019-03-27,TX201904,TX201904,10520.0,False,0.0,-400.0,0.0,0.0,0.0,-400.0,9920241.520000001,0,0.0,-4.031997317850872e-05,-0.008858567678126872,-88664.57199999876
2019-03-28,TX201904,TX201904,10493.0,False,0.0,-5400.0,0.0,0.0,0.0,-5400.0,9914841.520000001,0,0.0,-0.000544341585748005,-0.009398087177097558,-94064.57199999876
2019-03-29,TX201904,TX201904,10598.0,False,0.0,21000.0,0.0,0.0,0.0,21000.0,9935841.520000001,0,0.0,0.0021180368801295775,-0.007299955792211765,-73064.57199999876
2019-04-01,TX201904,TX201904,10638.0,False,0.0,8000.0,0.0,0.0,0.0,8000.0,9943841.520000001,0,0.0,0.000805165821525704,-0.006500667645588543,-65064.57199999876
2019-04-02,TX201904,TX201904,10676.0,False,0.0,7600.0,0.0,0.0,0.0,7600.0,9951441.520000001,0,0.0,0.0007642921485337589,-0.005741343906296548,-57464.57199999876
2019-04-03,TX201904,TX201904,10693.0,False,0.0,3400.0,0.0,0.0,0.0,3400.0,9954841.520000001,0,0.0,0.00034165904438737026,-0.005401646443981667,-54064.57199999876
2019-04-08,TX201904,TX201904,10770.0,False,0.0,15400.0,0.0,0.0,0.0,15400.0,9970241.520000001,0,0.0,0.0015469859534237968,-0.0038630167617321742,-38664.57199999876
2019-04-09,TX201904,TX201904,10843.0,False,0.0,14600.0,0.0,0.0,0.0,14600.0,9984841.520000001,0,0.0,0.0014643577059505373,-0.002404315894144804,-24064.571999998763
2019-04-10,TX201904,TX201904,10862.0,False,0.0,3800.0,0.0,0.0,0.0,3800.0,9988641.520000001,0,0.0,0.0003805768967277509,-0.0020246540244988065,-20264.571999998763
2019-04-11,TX201904,TX201904,10806.0,False,0.0,-11200.0,0.0,0.0,0.0,-11200.0,9977441.520000001,0,0.0,-0.0011212735963718916,-0.003143657429771296,-31464.571999998763
2019-04-12,TX201904,TX201904,10802.0,False,0.0,-800.0,0.0,0.0,0.0,-800.0,9976641.520000001,0,0.0,-8.018087586846611e-05,-0.0032235862444336405,-32264.571999998763
2019-04-15,TX201904,TX201904,10876.0,False,0.0,14800.0,0.0,0.0,0.0,14800.0,9991441.520000001,0,0.0,0.0014834651491015985,-0.0017449031731807674,-17464.571999998763
2019-04-16,TX201904,TX201905,10923.0,True,-8.0,11000.0,100.0,87.416,800.0,10012.584,10001454.104000002,2,987.4159999999999,0.0010021160590248843,-0.000744535709647054,-7451.987999998033
2019-04-17,TX201905,TX201905,10994.0,False,0.0,14200.0,0.0,0.0,0.0,14200.0,10015654.104000002,0,0.0,0.0014197935472523764,0.0,0.0
2019-04-18,TX201905,TX201905,10939.0,False,0.0,-11000.0,0.0,0.0,0.0,-11000.0,10004654.104000002,0,0.0,-0.0010982807399076287,-0.0010982807399075867,-11000.0
2019-04-19,TX201905,TX201905,10972.0,False,0.0,6600.0,0.0,0.0,0.0,6600.0,10011254.104000002,0,0.0,0.0006596929720300102,-0.0004393122959630569,-4400.0
2019-04-22,TX201905,TX201905,10978.0,False,0.0,1200.0,0.0,0.0,0.0,1200.0,10012454.104000002,0,0.0,0.00011986510256697403,-0.000319499851609506,-3200.0
2019-04-23,TX201905,TX201905,11024.0,False,0.0,9200.0,0.0,0.0,0.0,9200.0,10021654.104000002,0,0.0,0.0009188556476203547,0.0,0.0
2019-04-24,TX201905,TX201905,11009.0,False,0.0,-3000.0,0.0,0.0,0.0,-3000.0,10018654.104000002,0,0.0,-0.0002993517805411576,-0.0002993517805411905,-3000.0
2019-04-25,TX201905,TX201905,11031.0,False,0.0,4400.0,0.0,0.0,0.0,4400.0,10023054.104000002,0,0.0,0.0004391807476658243,0.0,0.0
2019-04-26,TX201905,TX201905,10933.0,False,0.0,-19600.0,0.0,0.0,0.0,-19600.0,10003454.104000002,0,0.0,-0.0019554917888927716,-0.0019554917888927603,-19600.0
2019-04-29,TX201905,TX201905,10932.0,False,0.0,-200.0,0.0,0.0,0.0,-200.0,10003254.104000002,0,0.0,-1.9993094177342963e-05,-0.0019754457867385833,-19800.0
2019-04-30,TX201905,TX201905,10952.0,False,0.0,4000.0,0.0,0.0,0.0,4000.0,10007254.104000002,0,0.0,0.00039986987818299243,-0.0015763658298216798,-15800.0
2019-05-02,TX201905,TX201905,10978.0,False,0.0,5200.0,0.0,0.0,0.0,5200.0,10012454.104000002,0,0.0,0.0005196230600281757,-0.0010575618858297275,-10600.0
2019-05-03,TX201905,TX201905,11092.0,False,0.0,22800.0,0.0,0.0,0.0,22800.0,10035254.104000002,0,0.0,0.0022771639962765313,0.0,0.0
2019-05-06,TX201905,TX201905,10857.0,False,0.0,-47000.0,0.0,0.0,0.0,-47000.0,9988254.104000002,0,0.0,-0.004683488779946891,-0.004683488779946843,-47000.0
2019-05-07,TX201905,TX201905,10970.0,False,0.0,22600.0,0.0,0.0,0.0,22600.0,10010854.104000002,0,0.0,0.002262657694195962,-0.002431428217674503,-24400.0
2019-05-08,TX201905,TX201905,10893.0,False,0.0,-15400.0,0.0,0.0,0.0,-15400.0,9995454.104000002,0,0.0,-0.0015383302803151108,-0.0039660181583379694,-39800.0
2019-05-09,TX201905,TX201905,10746.0,False,0.0,-29400.0,0.0,0.0,0.0,-29400.0,9966054.104000002,0,0.0,-0.0029413371012563245,-0.006895689863240961,-69200.0
2019-05-10,TX201905,TX201905,10745.0,False,0.0,-200.0,0.0,0.0,0.0,-200.0,9965854.104000002,0,0.0,-2.0068123041769107e-05,-0.0069156196027301275,-69400.0
2019-05-13,TX201905,TX201905,10576.0,False,0.0,-33800.0,0.0,0.0,0.0,-33800.0,9932054.104000002,0,0.0,-0.0033915808567209177,-0.010283745576393999,-103200.0
2019-05-14,TX201905,TX201906,10525.0,True,-7.0,-8800.0,100.0,84.22800000000001,800.0,-9784.228,9922269.876000002,2,984.2280000000001,-0.000985116260699741,-0.011258731152105628,-112984.22800000012
2019-05-15,TX201906,TX201906,10583.0,False,0.0,11600.0,0.0,0.0,0.0,11600.0,9933869.876000002,0,0.0,0.001169087330315223,-0.010102806261735653,-101384.22800000012
2019-05-16,TX201906,TX201906,10488.0,False,0.0,-19000.0,0.0,0.0,0.0,-19000.0,9914869.876000002,0,0.0,-0.0019126483673702589,-0.011996131513203556,-120384.22800000012
2019-05-17,TX201906,TX201906,10411.0,False,0.0,-15400.0,0.0,0.0,0.0,-15400.0,9899469.876000002,0,0.0,-0.001553222603281697,-0.013530721453867023,-135784.22800000012
2019-05-20,TX201906,TX201906,10433.0,False,0.0,4400.0,0.0,0.0,0.0,4400.0,9903869.876000002,0,0.0,0.0004444682447761407,-0.013092267185106032,-131384.22800000012
2019-05-21,TX201906,TX201906,10487.0,False,0.0,10800.0,0.0,0.0,0.0,10800.0,9914669.876000002,0,0.0,0.0010904828249179229,-0.012016061252692722,-120584.22800000012
2019-05-22,TX201906,TX201906,10480.0,False,0.0,-1400.0,0.0,0.0,0.0,-1400.0,9913269.876000002,0,0.0,-0.00014120490318985984,-0.012155569429116664,-121984.22800000012
2019-05-23,TX201906,TX201906,10310.0,False,0.0,-34000.0,0.0,0.0,0.0,-34000.0,9879269.876000002,0,0.0,-0.00342974623159548,-0.015543625142269701,-155984.22800000012
2019-05-24,TX201906,TX201906,10344.0,False,0.0,6800.0,0.0,0.0,0.0,6800.0,9886069.876000002,0,0.0,0.000688309974861547,-0.01486601399963916,-149184.22800000012
2019-05-27,TX201906,TX201906,10333.0,False,0.0,-2200.0,0.0,0.0,0.0,-2200.0,9883869.876000002,0,0.0,-0.0002225353479789626,-0.015085241134019656,-151384.22800000012
2019-05-28,TX201906,TX201906,10340.0,False,0.0,1400.0,0.0,0.0,0.0,1400.0,9885269.876000002,0,0.0,0.0001416449242618499,-0.014945732957595714,-149984.22800000012
2019-05-29,TX201906,TX201906,10291.0,False,0.0,-9800.0,0.0,0.0,0.0,-9800.0,9875469.876000002,0,0.0,-0.0009913740467311848,-0.015922290192563304,-159784.22800000012
2019-05-30,TX201906,TX201906,10367.0,False,0.0,15200.0,0.0,0.0,0.0,15200.0,9890669.876000002,0,0.0,0.001539167269087622,-0.014407629991389004,-144584.22800000012
2019-05-31,TX201906,TX201906,10455.0,False,0.0,17600.0,0.0,0.0,0.0,17600.0,9908269.876000002,0,0.0,0.0017794548014090444,-0.012653812916345042,-126984.22800000012
2019-06-03,TX201906,TX201906,10471.0,False,0.0,3200.0,0.0,0.0,0.0,3200.0,9911469.876000002,0,0.0,0.000322962539378454,-0.012334937084518938,-123784.22800000012
2019-06-04,TX201906,TX201906,10416.0,False,0.0,-11000.0,0.0,0.0,0.0,-11000.0,9900469.876000002,0,0.0,-0.0011098252971172122,-0.013431072756421414,-134784.22800000012
2019-06-05,TX201906,TX201906,10456.0,False,0.0,8000.0,0.0,0.0,0.0,8000.0,9908469.876000002,0,0.0,0.0008080424565901683,-0.012633883176855987,-126784.22800000012
2019-06-06,TX201906,TX201906,10360.0,False,0.0,-19200.0,0.0,0.0,0.0,-19200.0,9889269.876000002,0,0.0,-0.0019377361227595456,-0.014547138167812945,-145984.22800000012
2019-06-10,TX201906,TX201906,10539.0,False,0.0,35800.0,0.0,0.0,0.0,35800.0,9925069.876000002,0,0.0,0.0036200852488495676,-0.010979714799257634,-110184.22800000012
2019-06-11,TX201906,TX201906,10592.0,False,0.0,10600.0,0.0,0.0,0.0,10600.0,9935669.876000002,0,0.0,0.001068002556398324,-0.00992343860633349,-99584.22800000012
2019-06-12,TX201906,TX201906,10592.0,False,0.0,0.0,0.0,0.0,0.0,0.0,9935669.876000002,0,0.0,0.0,-0.00992343860633349,-99584.22800000012
2019-06-13,TX201906,TX201906,10529.0,False,0.0,-12600.0,0.0,0.0,0.0,-12600.0,9923069.876000002,0,0.0,-0.0012681580766321344,-0.011179012194149074,-112184.22800000012
2019-06-14,TX201906,TX201906,10529.0,False,0.0,0.0,0.0,0.0,0.0,0.0,9923069.876000002,0,0.0,0.0,-0.011179012194149074,-112184.22800000012
2019-06-17,TX201906,TX201906,10545.0,False,0.0,3200.0,0.0,0.0,0.0,3200.0,9926269.876000002,0,0.0,0.00032248084917143834,-0.010860136362322859,-108984.22800000012
2019-06-18,TX201906,TX201907,10338.0,True,-215.0,1600.0,100.0,83.56400000000001,800.0,616.4359999999999,9926886.312000003,2,983.5640000000001,6.210147494482648e-05,-0.010798709317864197,-108367.79199999943
2019-06-19,TX201907,TX201907,10585.0,False,0.0,49400.0,0.0,0.0,0.0,49400.0,9976286.312000003,0,0.0,0.004976384180030689,-0.005876063664047693,-58967.791999999434
2019-06-20,TX201907,TX201907,10591.0,False,0.0,1200.0,0.0,0.0,0.0,1200.0,9977486.312000003,0,0.0,0.00012028524066681775,-0.005756485227112806,-57767.791999999434
2019-06-21,TX201907,TX201907,10585.0,False,0.0,-1200.0,0.0,0.0,0.0,-1200.0,9976286.312000003,0,0.0,-0.00012027077386783788,-0.005876063664047693,-58967.791999999434
2019-06-24,TX201907,TX201907,10623.0,False,0.0,7600.0,0.0,0.0,0.0,7600.0,9983886.312000003,0,0.0,0.000761806524223179,-0.005118733563460487,-51367.791999999434
2019-06-25,TX201907,TX201907,10540.0,False,0.0,-16600.0,0.0,0.0,0.0,-16600.0,9967286.312000003,0,0.0,-0.00166267918937016,-0.006772901941058729,-67967.79199999943
2019-06-26,TX201907,TX201907,10503.0,False,0.0,-7400.0,0.0,0.0,0.0,-7400.0,9959886.312000003,0,0.0,-0.0007424287582760468,-0.007510302302156768,-75367.79199999943
2019-06-27,TX201907,TX201907,10622.0,False,0.0,23800.0,0.0,0.0,0.0,23800.0,9983686.312000003,0,0.0,0.00238958550875475,-0.005138663302949653,-51567.791999999434
2019-06-28,TX201907,TX201907,10580.0,False,0.0,-8400.0,0.0,0.0,0.0,-8400.0,9975286.312000003,0,0.0,-0.0008413725889908546,-0.005975712361493302,-59967.791999999434
2019-07-01,TX201907,TX201907,10767.0,False,0.0,37400.0,0.0,0.0,0.0,37400.0,10012686.312000003,0,0.0,0.0037492658185669116,-0.0022488510770249936,-22567.791999999434
2019-07-02,TX201907,TX201907,10749.0,False,0.0,-3600.0,0.0,0.0,0.0,-3600.0,10009086.312000003,0,0.0,-0.0003595438714269389,-0.0026075863878294303,-26167.791999999434
2019-07-03,TX201907,TX201907,10641.0,False,0.0,-21600.0,0.0,0.0,0.0,-21600.0,9987486.312000003,0,0.0,-0.0021580391383081115,-0.00475999825265605,-47767.791999999434
2019-07-04,TX201907,TX201907,10710.0,False,0.0,13800.0,0.0,0.0,0.0,13800.0,10001286.312000003,0,0.0,0.00138172905262651,-0.0033848462279056912,-33967.791999999434
2019-07-05,TX201907,TX201907,10718.0,False,0.0,1600.0,0.0,0.0,0.0,1600.0,10002886.312000003,0,0.0,0.00015997942165501717,-0.0032254083119925836,-32367.791999999434
2019-07-08,TX201907,TX201907,10665.0,False,0.0,-10600.0,0.0,0.0,0.0,-10600.0,9992286.312000003,0,0.0,-0.001059694139208967,-0.004281684504916838,-42967.791999999434
2019-07-09,TX201907,TX201907,10650.0,False,0.0,-3000.0,0.0,0.0,0.0,-3000.0,9989286.312000003,0,0.0,-0.0003002315892807455,-0.004580630597253776,-45967.791999999434
2019-07-10,TX201907,TX201907,10731.0,False,0.0,16200.0,0.0,0.0,0.0,16200.0,10005486.312000003,0,0.0,0.001621737478936723,-0.002966321698633867,-29767.791999999434
2019-07-11,TX201907,TX201907,10814.0,False,0.0,16600.0,0.0,0.0,0.0,16600.0,10022086.312000003,0,0.0,0.0016590897715877057,-0.001312153321035625,-13167.791999999434
2019-07-12,TX201907,TX201907,10810.0,False,0.0,-800.0,0.0,0.0,0.0,-800.0,10021286.312000003,0,0.0,-7.982369888813623e-05,-0.0013918722789920679,-13967.791999999434
2019-07-15,TX201907,TX201907,10849.0,False,0.0,7800.0,0.0,0.0,0.0,7800.0,10029086.312000003,0,0.0,0.0007783431943921091,-0.000614612438915807,-6167.791999999434
2019-07-16,TX201907,TX201908,10727.0,True,-149.0,5400.0,100.0,86.412,800.0,4413.588,10033499.900000002,2,986.412,0.00044007877314995817,-0.00017480414365400598,-1754.2039999999106
2019-07-17,TX201908,TX201908,10666.0,False,0.0,-12200.0,0.0,0.0,0.0,-12200.0,10021299.900000002,0,0.0,-0.0012159266578554507,-0.0013905182524912574,-13954.20399999991
2019-07-18,TX201908,TX201908,10651.0,False,0.0,-3000.0,0.0,0.0,0.0,-3000.0,10018299.900000002,0,0.0,-0.0002993623611643435,-0.0016894643448283064,-16954.20399999991
2019-07-19,TX201908,TX201908,10744.0,False,0.0,18600.0,0.0,0.0,0.0,18600.0,10036899.900000002,0,0.0,0.0018566024361079464,0.0,0.0
2019-07-22,TX201908,TX201908,10794.0,False,0.0,10000.0,0.0,0.0,0.0,10000.0,10046899.900000002,0,0.0,0.000996323575967914,0.0,0.0
2019-07-23,TX201908,TX201908,10803.0,False,0.0,1800.0,0.0,0.0,0.0,1800.0,10048699.900000002,0,0.0,0.00017915974259880897,0.0,0.0
2019-07-24,TX201908,TX201908,10804.0,False,0.0,200.0,0.0,0.0,0.0,200.0,10048899.900000002,0,0.0,1.990307223723538e-05,0.0,0.0
2019-07-25,TX201908,TX201908,10822.0,False,0.0,3600.0,0.0,0.0,0.0,3600.0,10052499.900000002,0,0.0,0.00035824817003102987,0.0,0.0
2019-07-26,TX201908,TX201908,10787.0,False,0.0,-7000.0,0.0,0.0,0.0,-7000.0,10045499.900000002,0,0.0,-0.0006963441999138939,-0.0006963441999139341,-7000.0
2019-07-29,TX201908,TX201908,10782.0,False,0.0,-1000.0,0.0,0.0,0.0,-1000.0,10044499.900000002,0,0.0,-9.954706186398945e-05,-0.0007958219427587343,-8000.0
2019-07-30,TX201908,TX201908,10752.0,False,0.0,-6000.0,0.0,0.0,0.0,-6000.0,10038499.900000002,0,0.0,-0.0005973418348085203,-0.0013926883998277573,-14000.0
2019-07-31,TX201908,TX201908,10737.0,False,0.0,-3000.0,0.0,0.0,0.0,-3000.0,10035499.900000002,0,0.0,-0.00029884943267270437,-0.0016911216283622688,-17000.0
2019-08-01,TX201908,TX201908,10644.0,False,0.0,-18600.0,0.0,0.0,0.0,-18600.0,10016899.900000002,0,0.0,-0.001853420376198698,-0.003541407645276329,-35600.0
2019-08-02,TX201908,TX201908,10469.0,False,0.0,-35000.0,0.0,0.0,0.0,-35000.0,9981899.900000002,0,0.0,-0.0034940950143666698,-0.0070231286448458885,-70600.0
2019-08-05,TX201908,TX201908,10379.0,False,0.0,-18000.0,0.0,0.0,0.0,-18000.0,9963899.900000002,0,0.0,-0.001803263925738225,-0.008813728016052957,-88600.0
2019-08-06,TX201908,TX201908,10331.0,False,0.0,-9600.0,0.0,0.0,0.0,-9600.0,9954299.900000002,0,0.0,-0.0009634781658133677,-0.009768714347363483,-98200.0
2019-08-07,TX201908,TX201908,10347.0,False,0.0,3200.0,0.0,0.0,0.0,3200.0,9957499.900000002,0,0.0,0.00032146911707974554,-0.009450385570260011,-95000.0
2019-08-08,TX201908,TX201908,10439.0,False,0.0,18400.0,0.0,0.0,0.0,18400.0,9975899.900000002,0,0.0,0.001847853395409022,-0.0076199951019149115,-76600.0
2019-08-12,TX201908,TX201908,10441.0,False,0.0,400.0,0.0,0.0,0.0,400.0,9976299.900000002,0,0.0,4.009663328718845e-05,-0.007580204004776991,-76200.0
2019-08-13,TX201908,TX201908,10342.0,False,0.0,-19800.0,0.0,0.0,0.0,-19800.0,9956499.900000002,0,0.0,-0.0019847037677766678,-0.009549863313104812,-96000.0
2019-08-14,TX201908,TX201908,10429.0,False,0.0,17400.0,0.0,0.0,0.0,17400.0,9973899.900000002,0,0.0,0.001747602086552524,-0.007818950587604623,-78600.0
2019-08-15,TX201908,TX201908,10301.0,False,0.0,-25600.0,0.0,0.0,0.0,-25600.0,9948299.900000002,0,0.0,-0.002566699110344991,-0.010365580804432506,-104200.0
2019-08-16,TX201908,TX201908,10414.0,False,0.0,22600.0,0.0,0.0,0.0,22600.0,9970899.900000002,0,0.0,0.0022717449440783338,-0.008117383816139134,-81600.0
2019-08-19,TX201908,TX201908,10484.0,False,0.0,14000.0,0.0,0.0,0.0,14000.0,9984899.900000002,0,0.0,0.0014040859040215614,-0.006724695416311266,-67600.0
2019-08-20,TX201908,TX201909,10487.0,True,-40.0,8600.0,100.0,84.05600000000001,800.0,7615.9439999999995,9992515.844000002,2,984.056,0.0007627461543204852,-0.00596707849755862,-59984.055999999866
2019-08-21,TX201909,TX201909,10492.0,False,0.0,1000.0,0.0,0.0,0.0,1000.0,9993515.844000002,0,0.0,0.00010007489761454311,-0.005867600754713709,-58984.055999999866
2019-08-22,TX201909,TX201909,10477.0,False,0.0,-3000.0,0.0,0.0,0.0,-3000.0,9990515.844000002,0,0.0,-0.0003001946508946766,-0.00616603398324822,-61984.055999999866
2019-08-23,TX201909,TX201909,10499.0,False,0.0,4400.0,0.0,0.0,0.0,4400.0,9994915.844000002,0,0.0,0.000440417699016263,-0.005728331914730989,-57584.055999999866
2019-08-26,TX201909,TX201909,10307.0,False,0.0,-38400.0,0.0,0.0,0.0,-38400.0,9956515.844000002,0,0.0,-0.0038419533089967648,-0.009548277239972869,-95984.05599999987
2019-08-27,TX201909,TX201909,10364.0,False,0.0,11400.0,0.0,0.0,0.0,11400.0,9967915.844000002,0,0.0,0.001144978843866338,-0.008414230971541703,-84584.05599999987
2019-08-28,TX201909,TX201909,10413.0,False,0.0,9800.0,0.0,0.0,0.0,9800.0,9977715.844000002,0,0.0,0.0009831543678108924,-0.007439349091662217,-74784.05599999987
2019-08-29,TX201909,TX201909,10430.0,False,0.0,3400.0,0.0,0.0,0.0,3400.0,9981115.844000002,0,0.0,0.0003407593534590941,-0.007101124765989786,-71384.05599999987
2019-08-30,TX201909,TX201909,10576.0,False,0.0,29200.0,0.0,0.0,0.0,29200.0,10010315.844000002,0,0.0,0.002925524606304729,-0.0041963746749204,-42184.055999999866
2019-09-02,TX201909,TX201909,10605.0,False,0.0,5800.0,0.0,0.0,0.0,5800.0,10016115.844000002,0,0.0,0.0005794022976284422,-0.003619403766420337,-36384.055999999866
2019-09-03,TX201909,TX201909,10543.0,False,0.0,-12400.0,0.0,0.0,0.0,-12400.0,10003715.844000002,0,0.0,-0.0012380048506954945,-0.004852927777696303,-48784.055999999866
2019-09-04,TX201909,TX201909,10644.0,False,0.0,20200.0,0.0,0.0,0.0,20200.0,10023915.844000002,0,0.0,0.0020192496783198307,-0.002843477372230563,-28584.055999999866
2019-09-05,TX201909,TX201909,10735.0,False,0.0,18200.0,0.0,0.0,0.0,18200.0,10042115.844000002,0,0.0,0.0018156577013656735,-0.0010329824524544229,-10384.055999999866
2019-09-06,TX201909,TX201909,10768.0,False,0.0,6600.0,0.0,0.0,0.0,6600.0,10048715.844000002,0,0.0,0.0006572320119114529,-0.0003764293496785198,-3784.055999999866
2019-09-09,TX201909,TX201909,10792.0,False,0.0,4800.0,0.0,0.0,0.0,4800.0,10053515.844000002,0,0.0,0.0004776729757828745,0.0,0.0
2019-09-10,TX201909,TX201909,10743.0,False,0.0,-9800.0,0.0,0.0,0.0,-9800.0,10043715.844000002,0,0.0,-0.0009747833645528791,-0.0009747833645529225,-9800.0
2019-09-11,TX201909,TX201909,10773.0,False,0.0,6000.0,0.0,0.0,0.0,6000.0,10049715.844000002,0,0.0,0.0005973884659017239,-0.00037797722298993364,-3800.0
2019-09-12,TX201909,TX201909,10824.0,False,0.0,10200.0,0.0,0.0,0.0,10200.0,10059915.844000002,0,0.0,0.0010149540701779865,0.0,0.0
2019-09-16,TX201909,TX201909,10881.0,False,0.0,11400.0,0.0,0.0,0.0,11400.0,10071315.844000002,0,0.0,0.0011332102749944234,0.0,0.0
2019-09-17,TX201909,TX201910,10839.0,True,-24.0,-3600.0,100.0,86.808,800.0,-4586.808,10066729.036000002,2,986.808,-0.00045543284224698366,-0.00045543284224702774,-4586.808000000194
2019-09-18,TX201910,TX201910,10895.0,False,0.0,11200.0,0.0,0.0,0.0,11200.0,10077929.036000002,0,0.0,0.0011125758883493602,0.0,0.0
2019-09-19,TX201910,TX201910,10870.0,False,0.0,-5000.0,0.0,0.0,0.0,-5000.0,10072929.036000002,0,0.0,-0.0004961336780740553,-0.0004961336780741066,-5000.0
2019-09-20,TX201910,TX201910,10901.0,False,0.0,6200.0,0.0,0.0,0.0,6200.0,10079129.036000002,0,0.0,0.0006155111366159334,0.0,0.0
2019-09-23,TX201910,TX201910,10894.0,False,0.0,-1400.0,0.0,0.0,0.0,-1400.0,10077729.036000002,0,0.0,-0.0001389008906423926,-0.00013890089064239053,-1400.0
2019-09-24,TX201910,TX201910,10908.0,False,0.0,2800.0,0.0,0.0,0.0,2800.0,10080529.036000002,0,0.0,0.0002778403735601291,0.0,0.0
2019-09-25,TX201910,TX201910,10841.0,False,0.0,-13400.0,0.0,0.0,0.0,-13400.0,10067129.036000002,0,0.0,-0.001329295312988571,-0.001329295312988532,-13400.0
2019-09-26,TX201910,TX201910,10843.0,False,0.0,400.0,0.0,0.0,0.0,400.0,10067529.036000002,0,0.0,3.9733274359512235e-05,-0.0012896148558844134,-13000.0
2019-09-27,TX201910,TX201910,10824.0,False,0.0,-3800.0,0.0,0.0,0.0,-3800.0,10063729.036000002,0,0.0,-0.00037745110904689315,-0.0016665791983737632,-16800.0
2019-10-01,TX201910,TX201910,10954.0,False,0.0,26000.0,0.0,0.0,0.0,26000.0,10089729.036000002,0,0.0,0.0025835353780882535,0.0,0.0
2019-10-02,TX201910,TX201910,10922.0,False,0.0,-6400.0,0.0,0.0,0.0,-6400.0,10083329.036000002,0,0.0,-0.0006343084117685317,-0.0006343084117684805,-6400.0
2019-10-03,TX201910,TX201910,10851.0,False,0.0,-14200.0,0.0,0.0,0.0,-14200.0,10069129.036000002,0,0.0,-0.0014082650629868821,-0.0020416802003799805,-20600.0
2019-10-04,TX201910,TX201910,10880.0,False,0.0,5800.0,0.0,0.0,0.0,5800.0,10074929.036000002,0,0.0,0.0005760180427982748,-0.0014668382022147153,-14800.0
2019-10-07,TX201910,TX201910,10915.0,False,0.0,7000.0,0.0,0.0,0.0,7000.0,10081929.036000002,0,0.0,0.0006947939757180836,-0.0007730633768429085,-7800.0
2019-10-08,TX201910,TX201910,11001.0,False,0.0,17200.0,0.0,0.0,0.0,17200.0,10099129.036000002,0,0.0,0.001706022720313065,0.0,0.0
2019-10-09,TX201910,TX201910,10880.0,False,0.0,-24200.0,0.0,0.0,0.0,-24200.0,10074929.036000002,0,0.0,-0.0023962462420011794,-0.0023962462420011876,-24200.0
2019-10-14,TX201910,TX201910,11076.0,False,0.0,39200.0,0.0,0.0,0.0,39200.0,10114129.036000002,0,0.0,0.003890846264021268,0.0,0.0
2019-10-15,TX201910,TX201911,11087.0,True,-21.0,6400.0,100.0,88.78,800.0,5411.22,10119540.256000003,2,988.78,0.0005350159149383428,0.0,0.0
2019-10-16,TX201911,TX201911,11131.0,False,0.0,8800.0,0.0,0.0,0.0,8800.0,10128340.256000003,0,0.0,0.0008696047228808017,0.0,0.0
2019-10-17,TX201911,TX201911,11157.0,False,0.0,5200.0,0.0,0.0,0.0,5200.0,10133540.256000003,0,0.0,0.0005134108717289126,0.0,0.0
2019-10-18,TX201911,TX201911,11150.0,False,0.0,-1400.0,0.0,0.0,0.0,-1400.0,10132140.256000003,0,0.0,-0.00013815507361023894,-0.0001381550736102577,-1400.0
2019-10-21,TX201911,TX201911,11155.0,False,0.0,1000.0,0.0,0.0,0.0,1000.0,10133140.256000003,0,0.0,9.869583076564942e-05,-3.947287817440692e-05,-400.0
2019-10-22,TX201911,TX201911,11242.0,False,0.0,17400.0,0.0,0.0,0.0,17400.0,10150540.256000003,0,0.0,0.0017171379809627293,0.0,0.0
2019-10-23,TX201911,TX201911,11201.0,False,0.0,-8200.0,0.0,0.0,0.0,-8200.0,10142340.256000003,0,0.0,-0.0008078387744093685,-0.0008078387744093751,-8200.0
2019-10-24,TX201911,TX201911,11290.0,False,0.0,17800.0,0.0,0.0,0.0,17800.0,10160140.256000003,0,0.0,0.0017550190144202547,0.0,0.0
2019-10-25,TX201911,TX201911,11284.0,False,0.0,-1200.0,0.0,0.0,0.0,-1200.0,10158940.256000003,0,0.0,-0.00011810860576371946,-0.00011810860576366711,-1200.0
2019-10-28,TX201911,TX201911,11311.0,False,0.0,5400.0,0.0,0.0,0.0,5400.0,10164340.256000003,0,0.0,0.0005315515067440907,0.0,0.0
2019-10-29,TX201911,TX201911,11326.0,False,0.0,3000.0,0.0,0.0,0.0,3000.0,10167340.256000003,0,0.0,0.0002951495054712579,0.0,0.0
2019-10-30,TX201911,TX201911,11338.0,False,0.0,2400.0,0.0,0.0,0.0,2400.0,10169740.256000003,0,0.0,0.00023604993435561475,0.0,0.0
2019-10-31,TX201911,TX201911,11346.0,False,0.0,1600.0,0.0,0.0,0.0,1600.0,10171340.256000003,0,0.0,0.00015732948528906848,0.0,0.0
2019-11-01,TX201911,TX201911,11371.0,False,0.0,5000.0,0.0,0.0,0.0,5000.0,10176340.256000003,0,0.0,0.0004915773019244475,0.0,0.0
2019-11-04,TX201911,TX201911,11544.0,False,0.0,34600.0,0.0,0.0,0.0,34600.0,10210940.256000003,0,0.0,0.003400043545084858,0.0,0.0
2019-11-05,TX201911,TX201911,11645.0,False,0.0,20200.0,0.0,0.0,0.0,20200.0,10231140.256000003,0,0.0,0.0019782703153248178,0.0,0.0
2019-11-06,TX201911,TX201911,11653.0,False,0.0,1600.0,0.0,0.0,0.0,1600.0,10232740.256000003,0,0.0,0.00015638530603289186,0.0,0.0
2019-11-07,TX201911,TX201911,11596.0,False,0.0,-11400.0,0.0,0.0,0.0,-11400.0,10221340.256000003,0,0.0,-0.0011140710811373884,-0.0011140710811373689,-11400.0
2019-11-08,TX201911,TX201911,11573.0,False,0.0,-4600.0,0.0,0.0,0.0,-4600.0,10216740.256000003,0,0.0,-0.0004500388290370987,-0.0015636085349296502,-16000.0
2019-11-11,TX201911,TX201911,11437.0,False,0.0,-27200.0,0.0,0.0,0.0,-27200.0,10189540.256000003,0,0.0,-0.002662297300161488,-0.004221743044310111,-43200.0
2019-11-12,TX201911,TX201911,11523.0,False,0.0,17200.0,0.0,0.0,0.0,17200.0,10206740.256000003,0,0.0,0.0016880055005300129,-0.0025408638692606678,-26000.0
2019-11-13,TX201911,TX201911,11466.0,False,0.0,-11400.0,0.0,0.0,0.0,-11400.0,10195340.256000003,0,0.0,-0.0011169089948476491,-0.0036549349503981476,-37400.0
2019-11-14,TX201911,TX201911,11456.0,False,0.0,-2000.0,0.0,0.0,0.0,-2000.0,10193340.256000003,0,0.0,-0.00019616804832217258,-0.0038503860172642845,-39400.0
2019-11-15,TX201911,TX201911,11532.0,False,0.0,15200.0,0.0,0.0,0.0,15200.0,10208540.256000003,0,0.0,0.0014911696870957465,-0.002364957909081089,-24200.0
2019-11-18,TX201911,TX201911,11593.0,False,0.0,12200.0,0.0,0.0,0.0,12200.0,10220740.256000003,0,0.0,0.0011950778166182506,-0.0011727064011972654,-12000.0
2019-11-19,TX201911,TX201912,11640.0,True,-4.0,10200.0,100.0,93.13600000000001,800.0,9206.864,10229947.120000003,2,993.136,0.0009008020720020925,-0.0002729607055511618,-2793.1359999999404
2019-11-20,TX201912,TX201912,11601.0,False,0.0,-7800.0,0.0,0.0,0.0,-7800.0,10222147.120000003,0,0.0,-0.0007624672843861189,-0.0010352198663293732,-10593.13599999994
2019-11-21,TX201912,TX201912,11544.0,False,0.0,-11400.0,0.0,0.0,0.0,-11400.0,10210747.120000003,0,0.0,-0.001115225584818231,-0.002149290947466853,-21993.13599999994
2019-11-22,TX201912,TX201912,11556.0,False,0.0,2400.0,0.0,0.0,0.0,2400.0,10213147.120000003,0,0.0,0.00023504646347563245,-0.0019147496672273778,-19593.13599999994
2019-11-25,TX201912,TX201912,11565.0,False,0.0,1800.0,0.0,0.0,0.0,1800.0,10214947.120000003,0,0.0,0.0001762434222136222,-0.0017388437070477991,-17793.13599999994
2019-11-26,TX201912,TX201912,11618.0,False,0.0,10600.0,0.0,0.0,0.0,10600.0,10225547.120000003,0,0.0,0.001037695043887804,-0.000702953052656885,-7193.13599999994
2019-11-27,TX201912,TX201912,11647.0,False,0.0,5800.0,0.0,0.0,0.0,5800.0,10231347.120000003,0,0.0,0.000567206813673164,-0.00013614495874481047,-1393.1359999999404
2019-11-28,TX201912,TX201912,11614.0,False,0.0,-6600.0,0.0,0.0,0.0,-6600.0,10224747.120000003,0,0.0,-0.0006450763445508042,-0.0007811334794033398,-7993.13599999994
2019-11-29,TX201912,TX201912,11465.0,False,0.0,-29800.0,0.0,0.0,0.0,-29800.0,10194947.120000003,0,0.0,-0.0029144975078855538,-0.003693354375709834,-37793.13599999994
2019-12-02,TX201912,TX201912,11502.0,False,0.0,7400.0,0.0,0.0,0.0,7400.0,10202347.120000003,0,0.0,0.0007258497678210614,-0.00297018542830485,-30393.13599999994
2019-12-03,TX201912,TX201912,11524.0,False,0.0,4400.0,0.0,0.0,0.0,4400.0,10206747.120000003,0,0.0,0.0004312733088030824,-0.002540193081199238,-25993.13599999994
2019-12-04,TX201912,TX201912,11503.0,False,0.0,-4200.0,0.0,0.0,0.0,-4200.0,10202547.120000003,0,0.0,-0.0004114925108480594,-0.002950640321618292,-30193.13599999994
2019-12-05,TX201912,TX201912,11598.0,False,0.0,19000.0,0.0,0.0,0.0,19000.0,10221547.120000003,0,0.0,0.001862280053846004,-0.0010938551863892698,-11193.13599999994
2019-12-06,TX201912,TX201912,11612.0,False,0.0,2800.0,0.0,0.0,0.0,2800.0,10224347.120000003,0,0.0,0.00027393113460499305,-0.0008202236927765671,-8393.13599999994
2019-12-09,TX201912,TX201912,11671.0,False,0.0,11800.0,0.0,0.0,0.0,11800.0,10236147.120000003,0,0.0,0.0011541079211715962,0.0,0.0
2019-12-10,TX201912,TX201912,11625.0,False,0.0,-9200.0,0.0,0.0,0.0,-9200.0,10226947.120000003,0,0.0,-0.0008987756713680369,-0.0008987756713680906,-9200.0
2019-12-11,TX201912,TX201912,11706.0,False,0.0,16200.0,0.0,0.0,0.0,16200.0,10243147.120000003,0,0.0,0.00158405043166,0.0,0.0
2019-12-12,TX201912,TX201912,11853.0,False,0.0,29400.0,0.0,0.0,0.0,29400.0,10272547.120000003,0,0.0,0.0028702116308176183,0.0,0.0
2019-12-13,TX201912,TX201912,11965.0,False,0.0,22400.0,0.0,0.0,0.0,22400.0,10294947.120000003,0,0.0,0.002180569214074337,0.0,0.0
2019-12-16,TX201912,TX201912,11961.0,False,0.0,-800.0,0.0,0.0,0.0,-800.0,10294147.120000003,0,0.0,-7.770802420595627e-05,-7.770802420592471e-05,-800.0
2019-12-17,TX201912,TX202001,12090.0,True,-10.0,27800.0,100.0,96.76,800.0,26803.24,10320950.360000003,2,996.76,0.0026037358595667704,0.0,0.0
2019-12-18,TX202001,TX202001,12094.0,False,0.0,800.0,0.0,0.0,0.0,800.0,10321750.360000003,0,0.0,7.751224180870876e-05,0.0,0.0
2019-12-19,TX202001,TX202001,12030.0,False,0.0,-12800.0,0.0,0.0,0.0,-12800.0,10308950.360000003,0,0.0,-0.0012400997460279592,-0.0012400997460280117,-12800.0
2019-12-20,TX202001,TX202001,11979.0,False,0.0,-10200.0,0.0,0.0,0.0,-10200.0,10298750.360000003,0,0.0,-0.0009894314788416536,-0.0022283042311439516,-23000.0
2019-12-23,TX202001,TX202001,12020.0,False,0.0,8200.0,0.0,0.0,0.0,8200.0,10306950.360000003,0,0.0,0.0007962131048295453,-0.001433865331344819,-14800.0
2019-12-24,TX202001,TX202001,11983.0,False,0.0,-7400.0,0.0,0.0,0.0,-7400.0,10299550.360000003,0,0.0,-0.0007179621266750718,-0.0021507979970172286,-22200.0
2019-12-25,TX202001,TX202001,12020.0,False,0.0,7400.0,0.0,0.0,0.0,7400.0,10306950.360000003,0,0.0,0.0007184779666439728,-0.001433865331344819,-14800.0
2019-12-26,TX202001,TX202001,12009.0,False,0.0,-2200.0,0.0,0.0,0.0,-2200.0,10304750.360000003,0,0.0,-0.00021344819982231866,-0.0016470074751934183,-17000.0
2019-12-27,TX202001,TX202001,12097.0,False,0.0,17600.0,0.0,0.0,0.0,17600.0,10322350.360000003,0,0.0,0.0017079501574650466,0.0,0.0
2019-12-30,TX202001,TX202001,12069.0,False,0.0,-5600.0,0.0,0.0,0.0,-5600.0,10316750.360000003,0,0.0,-0.0005425121028346879,-0.0005425121028347357,-5600.0
2019-12-31,TX202001,TX202001,11995.0,False,0.0,-14800.0,0.0,0.0,0.0,-14800.0,10301950.360000003,0,0.0,-0.001434560252362256,-0.0019762940888977676,-20400.0
2020-01-02,TX202001,TX202001,12102.0,False,0.0,21400.0,0.0,0.0,0.0,21400.0,10323350.360000003,0,0.0,0.002077276559503825,0.0,0.0
2020-01-03,TX202001,TX202001,12086.0,False,0.0,-3200.0,0.0,0.0,0.0,-3200.0,10320150.360000003,0,0.0,-0.00030997688622475455,-0.00030997688622480535,-3200.0
2020-01-06,TX202001,TX202001,11950.0,False,0.0,-27200.0,0.0,0.0,0.0,-27200.0,10292950.360000003,0,0.0,-0.002635620514350722,-0.002944780419135151,-30400.0
2020-01-07,TX202001,TX202001,11871.0,False,0.0,-15800.0,0.0,0.0,0.0,-15800.0,10277150.360000003,0,0.0,-0.0015350312055716546,-0.004475291294869899,-46200.0
2020-01-08,TX202001,TX202001,11788.0,False,0.0,-16600.0,0.0,0.0,0.0,-16600.0,10260550.360000003,0,0.0,-0.0016152337387812623,-0.006083296392160764,-62800.0
2020-01-09,TX202001,TX202001,11968.0,False,0.0,36000.0,0.0,0.0,0.0,36000.0,10296550.360000003,0,0.0,0.003508583724742811,-0.0025960564221323423,-26800.0
2020-01-10,TX202001,TX202001,12010.0,False,0.0,8400.0,0.0,0.0,0.0,8400.0,10304950.360000003,0,0.0,0.0008158072078812226,-0.001782367095792381,-18400.0
2020-01-13,TX202001,TX202001,12117.0,False,0.0,21400.0,0.0,0.0,0.0,21400.0,10326350.360000003,0,0.0,0.002076671818145468,0.0,0.0
2020-01-14,TX202001,TX202002,12155.0,True,-26.0,12800.0,100.0,97.34400000000001,800.0,11802.656,10338153.016000003,2,997.344,0.001142964899362566,0.0,0.0
2020-01-15,TX202002,TX202002,12056.0,False,0.0,-19800.0,0.0,0.0,0.0,-19800.0,10318353.016000003,0,0.0,-0.001915235726280722,-0.0019152357262807174,-19800.0
2020-01-16,TX202002,TX202002,12056.0,False,0.0,0.0,0.0,0.0,0.0,0.0,10318353.016000003,0,0.0,0.0,-0.0019152357262807174,-19800.0
2020-01-17,TX202002,TX202002,12072.0,False,0.0,3200.0,0.0,0.0,0.0,3200.0,10321553.016000003,0,0.0,0.00031012701300662686,-0.0016057026796091334,-16600.0
2020-01-20,TX202002,TX202002,12111.0,False,0.0,7800.0,0.0,0.0,0.0,7800.0,10329353.016000003,0,0.0,0.0007557002311482385,-0.0008512158783470225,-8800.0
2020-01-30,TX202002,TX202002,11370.0,False,0.0,-148200.0,0.0,0.0,0.0,-148200.0,10181153.016000003,0,0.0,-0.014347462011458081,-0.015186465102326907,-157000.0
2020-01-31,TX202002,TX202002,11468.0,False,0.0,19600.0,0.0,0.0,0.0,19600.0,10200753.016000003,0,0.0,0.001925125766128648,-0.01329057519146315,-137400.0
2020-02-03,TX202002,TX202002,11325.0,False,0.0,-28600.0,0.0,0.0,0.0,-28600.0,10172153.016000003,0,0.0,-0.0028037145841234034,-0.01605702679609089,-166000.0
2020-02-04,TX202002,TX202002,11534.0,False,0.0,41800.0,0.0,0.0,0.0,41800.0,10213953.016000003,0,0.0,0.004109257886137955,-0.012013751373942672,-124200.0
2020-02-05,TX202002,TX202002,11542.0,False,0.0,1600.0,0.0,0.0,0.0,1600.0,10215553.016000003,0,0.0,0.00015664845897505347,-0.01185898485060688,-122600.0
2020-02-06,TX202002,TX202002,11741.0,False,0.0,39800.0,0.0,0.0,0.0,39800.0,10255353.016000003,0,0.0,0.003896020111457859,-0.008009167582628485,-82800.0
2020-02-07,TX202002,TX202002,11592.0,False,0.0,-29800.0,0.0,0.0,0.0,-29800.0,10225553.016000003,0,0.0,-0.002905799532547266,-0.010891694079758096,-112600.0
2020-02-10,TX202002,TX202002,11564.0,False,0.0,-5600.0,0.0,0.0,0.0,-5600.0,10219953.016000003,0,0.0,-0.0005476476422583343,-0.011433376911433424,-118200.0
2020-02-11,TX202002,TX202002,11666.0,False,0.0,20400.0,0.0,0.0,0.0,20400.0,10240353.016000003,0,0.0,0.0019960952822446905,-0.009460103738901715,-97800.0
2020-02-12,TX202002,TX202002,11771.0,False,0.0,21000.0,0.0,0.0,0.0,21000.0,10261353.016000003,0,0.0,0.0020507105533557903,-0.007428793120119126,-76800.0
2020-02-13,TX202002,TX202002,11774.0,False,0.0,600.0,0.0,0.0,0.0,600.0,10261953.016000003,0,0.0,5.8471821314835454e-05,-0.007370755673868246,-76200.0
2020-02-14,TX202002,TX202002,11812.0,False,0.0,7600.0,0.0,0.0,0.0,7600.0,10269553.016000003,0,0.0,0.0007405997657707457,-0.006635614688023095,-68600.0
2020-02-17,TX202002,TX202002,11770.0,False,0.0,-8400.0,0.0,0.0,0.0,-8400.0,10261153.016000003,0,0.0,-0.0008179518608952861,-0.007448138935536086,-77000.0
2020-02-18,TX202002,TX202003,11629.0,True,-11.0,-26000.0,100.0,93.07600000000001,800.0,-26993.076,10234159.940000003,2,993.076,-0.00263060846650569,-0.010059154264698278,-103993.07599999942
2020-02-19,TX202003,TX202003,11762.0,False,0.0,26600.0,0.0,0.0,0.0,26600.0,10260759.940000003,0,0.0,0.002599138586454414,-0.00748616081424025,-77393.07599999942
2020-02-20,TX202003,TX202003,11715.0,False,0.0,-9400.0,0.0,0.0,0.0,-9400.0,10251359.940000003,0,0.0,-0.0009161114824795323,-0.008395414138838264,-86793.07599999942
2020-02-21,TX202003,TX202003,11664.0,False,0.0,-10200.0,0.0,0.0,0.0,-10200.0,10241159.940000003,0,0.0,-0.0009949899388665888,-0.009382050725104008,-96993.07599999942
2020-02-24,TX202003,TX202003,11508.0,False,0.0,-31200.0,0.0,0.0,0.0,-31200.0,10209959.940000003,0,0.0,-0.0030465299031351705,-0.012399997930152451,-128193.07599999942
2020-02-25,TX202003,TX202003,11542.0,False,0.0,6800.0,0.0,0.0,0.0,6800.0,10216759.940000003,0,0.0,0.0006660163252315364,-0.011742240205975252,-121393.07599999942
2020-02-26,TX202003,TX202003,11421.0,False,0.0,-24200.0,0.0,0.0,0.0,-24200.0,10192559.940000003,0,0.0,-0.0023686570049721647,-0.014083083871429425,-145593.07599999942
2020-02-27,TX202003,TX202003,11273.0,False,0.0,-29600.0,0.0,0.0,0.0,-29600.0,10162959.940000003,0,0.0,-0.002904079070836447,-0.016946264553142076,-175193.07599999942
2020-03-02,TX202003,TX202003,11174.0,False,0.0,-19800.0,0.0,0.0,0.0,-19800.0,10143159.940000003,0,0.0,-0.0019482513083683367,-0.018861500279422794,-194993.07599999942
2020-03-03,TX202003,TX202003,11324.0,False,0.0,30000.0,0.0,0.0,0.0,30000.0,10173159.940000003,0,0.0,0.002957658183195324,-0.015959627966876222,-164993.07599999942
2020-03-04,TX202003,TX202003,11364.0,False,0.0,8000.0,0.0,0.0,0.0,8000.0,10181159.940000003,0,0.0,0.000786382996746633,-0.015185795350197151,-156993.07599999942
2020-03-05,TX202003,TX202003,11492.0,False,0.0,25600.0,0.0,0.0,0.0,25600.0,10206759.940000003,0,0.0,0.002514448270223323,-0.012709530976824035,-131393.07599999942
2020-03-06,TX202003,TX202003,11269.0,False,0.0,-44600.0,0.0,0.0,0.0,-44600.0,10162159.940000003,0,0.0,-0.004369653079153343,-0.017023647814809917,-175993.07599999942
2020-03-09,TX202003,TX202003,10950.0,False,0.0,-63800.0,0.0,0.0,0.0,-63800.0,10098359.940000003,0,0.0,-0.006278192862215469,-0.023194962932825636,-239793.07599999942
2020-03-10,TX202003,TX202003,10984.0,False,0.0,6800.0,0.0,0.0,0.0,6800.0,10105159.940000003,0,0.0,0.0006733766711032879,-0.022537205208648436,-232993.07599999942
2020-03-11,TX202003,TX202003,10821.0,False,0.0,-32600.0,0.0,0.0,0.0,-32600.0,10072559.940000003,0,0.0,-0.003226074618666549,-0.0256905731216156,-265593.0759999994
2020-03-12,TX202003,TX202003,10367.0,False,0.0,-90800.0,0.0,0.0,0.0,-90800.0,9981759.940000003,0,0.0,-0.009014590187685691,-0.034473573320923157,-356393.0759999994
2020-03-13,TX202003,TX202003,10021.0,False,0.0,-69200.0,0.0,0.0,0.0,-69200.0,9912559.940000003,0,0.0,-0.006932645186415892,-0.04116722545519724,-425593.0759999994
2020-03-16,TX202003,TX202003,9668.0,False,0.0,-70600.0,0.0,0.0,0.0,-70600.0,9841959.940000003,0,0.0,-0.007122277234875411,-0.04799629829739016,-496193.0759999994
2020-03-17,TX202003,TX202004,9190.0,True,-173.0,-61000.0,100.0,74.212,800.0,-61974.212,9779985.728000004,2,974.212,-0.006296938046671218,-0.05399100662721301,-558167.2879999988
2020-03-18,TX202004,TX202004,8919.0,False,0.0,-54200.0,0.0,0.0,0.0,-54200.0,9725785.728000004,0,0.0,-0.005541930377753613,-0.05923372260521387,-612367.2879999988
2020-03-19,TX202004,TX202004,8353.0,False,0.0,-113200.0,0.0,0.0,0.0,-113200.0,9612585.728000004,0,0.0,-0.011639162445672991,-0.07018345413122284,-725567.2879999988
2020-03-20,TX202004,TX202004,9013.0,False,0.0,132000.0,0.0,0.0,0.0,132000.0,9744585.728000004,0,0.0,0.01373199716861864,-0.05741521595601795,-593567.2879999988
2020-03-23,TX202004,TX202004,8688.0,False,0.0,-65000.0,0.0,0.0,0.0,-65000.0,9679585.728000004,0,0.0,-0.006670370789927949,-0.06370260596653554,-658567.2879999988
2020-03-24,TX202004,TX202004,9193.0,False,0.0,101000.0,0.0,0.0,0.0,101000.0,9780585.728000004,0,0.0,0.010434330852387484,-0.05393296918096213,-557567.2879999988
2020-03-25,TX202004,TX202004,9583.0,False,0.0,78000.0,0.0,0.0,0.0,78000.0,9858585.728000004,0,0.0,0.00797498249789892,-0.046388101168341134,-479567.2879999988
2020-03-26,TX202004,TX202004,9638.0,False,0.0,11000.0,0.0,0.0,0.0,11000.0,9869585.728000004,0,0.0,0.0011157787033040847,-0.04532408132040733,-468567.2879999988
2020-03-27,TX202004,TX202004,9583.0,False,0.0,-11000.0,0.0,0.0,0.0,-11000.0,9858585.728000004,0,0.0,-0.0011145351287433485,-0.046388101168341134,-479567.2879999988
2020-03-30,TX202004,TX202004,9576.0,False,0.0,-1400.0,0.0,0.0,0.0,-1400.0,9857185.728000004,0,0.0,-0.00014200819860233805,-0.046523521876259966,-480967.2879999988
2020-03-31,TX202004,TX202004,9596.0,False,0.0,4000.0,0.0,0.0,0.0,4000.0,9861185.728000004,0,0.0,0.00040579533655714015,-0.04613660556792043,-476967.2879999988
2020-04-01,TX202004,TX202004,9552.0,False,0.0,-8800.0,0.0,0.0,0.0,-8800.0,9852385.728000004,0,0.0,-0.00089238761369367,-0.04698782144626734,-485767.2879999988
2020-04-06,TX202004,TX202004,9826.0,False,0.0,54800.0,0.0,0.0,0.0,54800.0,9907185.728000004,0,0.0,0.005562104602163621,-0.041687068022015716,-430967.2879999988
2020-04-07,TX202004,TX202004,9997.0,False,0.0,34200.0,0.0,0.0,0.0,34200.0,9941385.728000004,0,0.0,0.0034520398566207223,-0.03837893358571265,-396767.2879999988
2020-04-08,TX202004,TX202004,10127.0,False,0.0,26000.0,0.0,0.0,0.0,26000.0,9967385.728000004,0,0.0,0.0026153295638424692,-0.03586397758150561,-370767.2879999988
2020-04-09,TX202004,TX202004,10101.0,False,0.0,-5200.0,0.0,0.0,0.0,-5200.0,9962185.728000004,0,0.0,-0.0005217014914344446,-0.03636696878234702,-375967.2879999988
2020-04-10,TX202004,TX202004,10133.0,False,0.0,6400.0,0.0,0.0,0.0,6400.0,9968585.728000004,0,0.0,0.0006424292996276889,-0.03574790268900374,-369567.2879999988
2020-04-13,TX202004,TX202004,10073.0,False,0.0,-12000.0,0.0,0.0,0.0,-12000.0,9956585.728000004,0,0.0,-0.0012037815922367112,-0.03690865161402235,-381567.2879999988
2020-04-14,TX202004,TX202005,10261.0,True,-85.0,54600.0,100.0,82.42800000000001,800.0,53617.572,10010203.300000004,2,982.428,0.005385136377545182,-0.031722273358929964,-327949.71599999815
2020-04-15,TX202005,TX202005,10322.0,False,0.0,12200.0,0.0,0.0,0.0,12200.0,10022403.300000004,0,0.0,0.0012187564662148264,-0.030542178618494398,-315749.71599999815
2020-04-16,TX202005,TX202005,10302.0,False,0.0,-4000.0,0.0,0.0,0.0,-4000.0,10018403.300000004,0,0.0,-0.00039910587114370044,-0.030929094926833933,-319749.71599999815
2020-04-17,TX202005,TX202005,10561.0,False,0.0,51800.0,0.0,0.0,0.0,51800.0,10070203.300000004,0,0.0,0.005170484602072266,-0.02591852873383682,-267949.71599999815
2020-04-20,TX202005,TX202005,10476.0,False,0.0,-17000.0,0.0,0.0,0.0,-17000.0,10053203.300000004,0,0.0,-0.0016881486394619255,-0.027562923044279874,-284949.71599999815
2020-04-21,TX202005,TX202005,10198.0,False,0.0,-55600.0,0.0,0.0,0.0,-55600.0,9997603.300000004,0,0.0,-0.005530575513179961,-0.03294105973019945,-340549.71599999815
2020-04-22,TX202005,TX202005,10225.0,False,0.0,5400.0,0.0,0.0,0.0,5400.0,10003003.300000004,0,0.0,0.0005401294528259586,-0.032418722713941084,-335149.71599999815
2020-04-23,TX202005,TX202005,10292.0,False,0.0,13400.0,0.0,0.0,0.0,13400.0,10016403.300000004,0,0.0,0.0013395976786291766,-0.031122553081003645,-321749.71599999815
2020-04-24,TX202005,TX202005,10270.0,False,0.0,-4400.0,0.0,0.0,0.0,-4400.0,10012003.300000004,0,0.0,-0.0004392794367614968,-0.0315481610201771,-326149.71599999815
2020-04-27,TX202005,TX202005,10547.0,False,0.0,55400.0,0.0,0.0,0.0,55400.0,10067403.300000004,0,0.0,0.0055333581442187476,-0.026189370149674485,-270749.71599999815
2020-04-28,TX202005,TX202005,10582.0,False,0.0,7000.0,0.0,0.0,0.0,7000.0,10074403.300000004,0,0.0,0.0006953133585102324,-0.025512266610080325,-263749.71599999815
2020-04-29,TX202005,TX202005,10707.0,False,0.0,25000.0,0.0,0.0,0.0,25000.0,10099403.300000004,0,0.0,0.002481536549167134,-0.0230940396829582,-238749.71599999815
2020-04-30,TX202005,TX202005,10944.0,False,0.0,47400.0,0.0,0.0,0.0,47400.0,10146803.300000004,0,0.0,0.0046933465861294975,-0.018509081429134655,-191349.71599999815
2020-05-04,TX202005,TX202005,10615.0,False,0.0,-65800.0,0.0,0.0,0.0,-65800.0,10081003.300000004,0,0.0,-0.006484800981605702,-0.024873854701320086,-257149.71599999815
2020-05-05,TX202005,TX202005,10725.0,False,0.0,22000.0,0.0,0.0,0.0,22000.0,10103003.300000004,0,0.0,0.002182322467844048,-0.022745815005452585,-235149.71599999815
2020-05-06,TX202005,TX202005,10750.0,False,0.0,5000.0,0.0,0.0,0.0,5000.0,10108003.300000004,0,0.0,0.0004949023425539214,-0.02226216962002825,-230149.71599999815
2020-05-07,TX202005,TX202005,10833.0,False,0.0,16600.0,0.0,0.0,0.0,16600.0,10124603.300000004,0,0.0,0.001642263017464586,-0.020656466940419116,-213549.71599999815
2020-05-08,TX202005,TX202005,10896.0,False,0.0,12600.0,0.0,0.0,0.0,12600.0,10137203.300000004,0,0.0,0.0012444932039954587,-0.019437680569149518,-200949.71599999815
2020-05-11,TX202005,TX202005,10983.0,False,0.0,17400.0,0.0,0.0,0.0,17400.0,10154603.300000004,0,0.0,0.0017164497430963027,-0.017754594627872544,-183549.71599999815
2020-05-12,TX202005,TX202005,10865.0,False,0.0,-23600.0,0.0,0.0,0.0,-23600.0,10131003.300000004,0,0.0,-0.0023240691243940556,-0.020037400847075837,-207149.71599999815
2020-05-13,TX202005,TX202005,10915.0,False,0.0,10000.0,0.0,0.0,0.0,10000.0,10141003.300000004,0,0.0,0.000987069069457316,-0.019070110076226943,-197149.71599999815
2020-05-14,TX202005,TX202005,10750.0,False,0.0,-33000.0,0.0,0.0,0.0,-33000.0,10108003.300000004,0,0.0,-0.0032541158920636566,-0.02226216962002825,-230149.71599999815
2020-05-15,TX202005,TX202005,10818.0,False,0.0,13600.0,0.0,0.0,0.0,13600.0,10121603.300000004,0,0.0,0.0013454684962360462,-0.02094665417167374,-216549.71599999815
2020-05-18,TX202005,TX202005,10763.0,False,0.0,-11000.0,0.0,0.0,0.0,-11000.0,10110603.300000004,0,0.0,-0.0010867843437412721,-0.022010674019607546,-227549.71599999815
2020-05-19,TX202005,TX202006,10809.0,True,-63.0,21800.0,100.0,86.72400000000002,800.0,20813.276,10131416.576000005,2,986.724,0.0020585592553116977,-0.019997425041014427,-206736.43999999762
2020-05-20,TX202006,TX202006,10853.0,False,0.0,8800.0,0.0,0.0,0.0,8800.0,10140216.576000005,0,0.0,0.0008685853487503459,-0.019146209162667516,-197936.43999999762
2020-05-21,TX202006,TX202006,10952.0,False,0.0,19800.0,0.0,0.0,0.0,19800.0,10160016.576000005,0,0.0,0.0019526210166815267,-0.0172309734363868,-178136.43999999762
2020-05-22,TX202006,TX202006,10743.0,False,0.0,-41800.0,0.0,0.0,0.0,-41800.0,10118216.576000005,0,0.0,-0.004114166516099981,-0.021274248858534905,-219936.43999999762
2020-05-25,TX202006,TX202006,10817.0,False,0.0,14800.0,0.0,0.0,0.0,14800.0,10133016.576000005,0,0.0,0.0014627083625690512,-0.019842658517678635,-205136.43999999762
2020-05-26,TX202006,TX202006,10984.0,False,0.0,33400.0,0.0,0.0,0.0,33400.0,10166416.576000005,0,0.0,0.003296155665935425,-0.01661190734304352,-171736.43999999762
2020-05-27,TX202006,TX202006,10972.0,False,0.0,-2400.0,0.0,0.0,0.0,-2400.0,10164016.576000005,0,0.0,-0.0002360713809097408,-0.016844057128047263,-174136.43999999762
2020-05-28,TX202006,TX202006,10907.0,False,0.0,-13000.0,0.0,0.0,0.0,-13000.0,10151016.576000005,0,0.0,-0.001279021920398725,-0.01810153513015067,-187136.43999999762
2020-05-29,TX202006,TX202006,10922.0,False,0.0,3000.0,0.0,0.0,0.0,3000.0,10154016.576000005,0,0.0,0.00029553690288447405,-0.017811347898896046,-184136.43999999762
2020-06-01,TX202006,TX202006,11057.0,False,0.0,27000.0,0.0,0.0,0.0,27000.0,10181016.576000005,0,0.0,0.00265904627965815,-0.01519966281760421,-157136.43999999762
2020-06-02,TX202006,TX202006,11106.0,False,0.0,9800.0,0.0,0.0,0.0,9800.0,10190816.576000005,0,0.0,0.0009625757827663117,-0.014251717862172275,-147336.43999999762
2020-06-03,TX202006,TX202006,11283.0,False,0.0,35400.0,0.0,0.0,0.0,35400.0,10226216.576000005,0,0.0,0.0034737157455438025,-0.010827508533367336,-111936.43999999762
2020-06-04,TX202006,TX202006,11357.0,False,0.0,14800.0,0.0,0.0,0.0,14800.0,10241016.576000005,0,0.0,0.0014472605669954464,-0.009395918192511066,-97136.43999999762
2020-06-05,TX202006,TX202006,11457.0,False,0.0,20000.0,0.0,0.0,0.0,20000.0,10261016.576000005,0,0.0,0.0019529311227627867,-0.007461336650813388,-77136.43999999762
2020-06-08,TX202006,TX202006,11570.0,False,0.0,22600.0,0.0,0.0,0.0,22600.0,10283616.576000005,0,0.0,0.0022025108167995993,-0.005275259508695007,-54536.439999997616
2020-06-09,TX202006,TX202006,11609.0,False,0.0,7800.0,0.0,0.0,0.0,7800.0,10291416.576000005,0,0.0,0.0007584880224145763,-0.004520772707432896,-46736.439999997616
2020-06-10,TX202006,TX202006,11706.0,False,0.0,19400.0,0.0,0.0,0.0,19400.0,10310816.576000005,0,0.0,0.0018850660506000286,-0.002644228611986099,-27336.439999997616
2020-06-11,TX202006,TX202006,11491.0,False,0.0,-43000.0,0.0,0.0,0.0,-43000.0,10267816.576000005,0,0.0,-0.004170377746810961,-0.006803578926636189,-70336.43999999762
2020-06-12,TX202006,TX202006,11395.0,False,0.0,-19200.0,0.0,0.0,0.0,-19200.0,10248616.576000005,0,0.0,-0.001869920431270469,-0.008660777206665915,-89536.43999999762
2020-06-15,TX202006,TX202006,11229.0,False,0.0,-33200.0,0.0,0.0,0.0,-33200.0,10215416.576000005,0,0.0,-0.003239461614531181,-0.01187218256588407,-122736.43999999762
2020-06-16,TX202006,TX202007,11329.0,True,-197.0,59400.0,100.0,91.42000000000002,800.0,58408.58,10273825.156000005,2,991.4200000000001,0.005717689490727624,-0.006222374528645491,-64327.85999999754
2020-06-17,TX202007,TX202007,11358.0,False,0.0,5800.0,0.0,0.0,0.0,5800.0,10279625.156000005,0,0.0,0.0005645414353399569,-0.005661345881553093,-58527.85999999754
2020-06-18,TX202007,TX202007,11394.0,False,0.0,7200.0,0.0,0.0,0.0,7200.0,10286825.156000005,0,0.0,0.0007004146445746135,-0.004964896526541973,-51327.85999999754
2020-06-19,TX202007,TX202007,11410.0,False,0.0,3200.0,0.0,0.0,0.0,3200.0,10290025.156000005,0,0.0,0.0003110775143420741,-0.004655363479870278,-48127.85999999754
2020-06-22,TX202007,TX202007,11423.0,False,0.0,2600.0,0.0,0.0,0.0,2600.0,10292625.156000005,0,0.0,0.0002526718798626034,-0.0044038678794495745,-45527.85999999754
2020-06-23,TX202007,TX202007,11455.0,False,0.0,6400.0,0.0,0.0,0.0,6400.0,10299025.156000005,0,0.0,0.0006218044379347838,-0.0037848017861062955,-39127.85999999754
2020-06-24,TX202007,TX202007,11523.0,False,0.0,13600.0,0.0,0.0,0.0,13600.0,10312625.156000005,0,0.0,0.0013205133295627414,-0.002469286337751897,-25527.85999999754
2020-06-29,TX202007,TX202007,11361.0,False,0.0,-32400.0,0.0,0.0,0.0,-32400.0,10280225.156000005,0,0.0,-0.0031417800521091666,-0.005603308435302212,-57927.85999999754
2020-06-30,TX202007,TX202007,11469.0,False,0.0,21600.0,0.0,0.0,0.0,21600.0,10301825.156000005,0,0.0,0.0021011212957133788,-0.0035139603702686317,-36327.85999999754
2020-07-01,TX202007,TX202007,11546.0,False,0.0,15400.0,0.0,0.0,0.0,15400.0,10317225.156000005,0,0.0,0.0014948807387815846,-0.002024332583161481,-20927.85999999754
2020-07-02,TX202007,TX202007,11695.0,False,0.0,29800.0,0.0,0.0,0.0,29800.0,10347025.156000005,0,0.0,0.0028883735257701285,0.0,0.0
2020-07-03,TX202007,TX202007,11838.0,False,0.0,28600.0,0.0,0.0,0.0,28600.0,10375625.156000005,0,0.0,0.002764079488433012,0.0,0.0
2020-07-06,TX202007,TX202007,12065.0,False,0.0,45400.0,0.0,0.0,0.0,45400.0,10421025.156000005,0,0.0,0.004375639955896646,0.0,0.0
2020-07-07,TX202007,TX202007,12027.0,False,0.0,-7600.0,0.0,0.0,0.0,-7600.0,10413425.156000005,0,0.0,-0.0007292948521119563,-0.000729294852111928,-7600.0
2020-07-08,TX202007,TX202007,12125.0,False,0.0,19600.0,0.0,0.0,0.0,19600.0,10433025.156000005,0,0.0,0.001882185708004717,0.0,0.0
2020-07-09,TX202007,TX202007,12147.0,False,0.0,4400.0,0.0,0.0,0.0,4400.0,10437425.156000005,0,0.0,0.00042173769680499347,0.0,0.0
2020-07-10,TX202007,TX202007,11999.0,False,0.0,-29600.0,0.0,0.0,0.0,-29600.0,10407825.156000005,0,0.0,-0.0028359484793990877,-0.002835948479399053,-29600.0
2020-07-13,TX202007,TX202007,12205.0,False,0.0,41200.0,0.0,0.0,0.0,41200.0,10449025.156000005,0,0.0,0.003958559966416098,0.0,0.0
2020-07-14,TX202007,TX202008,12033.0,True,-155.0,-3400.0,100.0,96.88400000000001,800.0,-4396.884,10444628.272000005,2,996.884,-0.00042079370413566626,-0.00042079370413561357,-4396.883999999613
2020-07-15,TX202008,TX202008,12081.0,False,0.0,9600.0,0.0,0.0,0.0,9600.0,10454228.272000005,0,0.0,0.0009191327589643101,0.0,0.0
2020-07-16,TX202008,TX202008,12032.0,False,0.0,-9800.0,0.0,0.0,0.0,-9800.0,10444428.272000005,0,0.0,-0.0009374197449129504,-0.000937419744912904,-9800.0
2020-07-17,TX202008,TX202008,12039.0,False,0.0,1400.0,0.0,0.0,0.0,1400.0,10445828.272000005,0,0.0,0.0001340427607467224,-0.0008035026384968225,-8400.0
2020-07-20,TX202008,TX202008,12031.0,False,0.0,-1600.0,0.0,0.0,0.0,-1600.0,10444228.272000005,0,0.0,-0.00015317119507782763,-0.000956550760115249,-10000.0
2020-07-21,TX202008,TX202008,12289.0,False,0.0,51600.0,0.0,0.0,0.0,51600.0,10495828.272000005,0,0.0,0.0049405277878055145,0.0,0.0
2020-07-22,TX202008,TX202008,12331.0,False,0.0,8400.0,0.0,0.0,0.0,8400.0,10504228.272000005,0,0.0,0.0008003179722756039,0.0,0.0
2020-07-23,TX202008,TX202008,12288.0,False,0.0,-8600.0,0.0,0.0,0.0,-8600.0,10495628.272000005,0,0.0,-0.0008187179274201511,-0.000818717927420165,-8600.0
2020-07-24,TX202008,TX202008,12150.0,False,0.0,-27600.0,0.0,0.0,0.0,-27600.0,10468028.272000005,0,0.0,-0.002629666303410406,-0.003446231275884837,-36200.0
2020-07-27,TX202008,TX202008,12503.0,False,0.0,70600.0,0.0,0.0,0.0,70600.0,10538628.272000005,0,0.0,0.0067443455601702606,0.0,0.0
2020-07-28,TX202008,TX202008,12457.0,False,0.0,-9200.0,0.0,0.0,0.0,-9200.0,10529428.272000005,0,0.0,-0.00087297888895497,-0.0008729788889549894,-9200.0
2020-07-29,TX202008,TX202008,12423.0,False,0.0,-6800.0,0.0,0.0,0.0,-6800.0,10522628.272000005,0,0.0,-0.0006458090434105192,-0.0015182241547042619,-16000.0
2020-07-30,TX202008,TX202008,12596.0,False,0.0,34600.0,0.0,0.0,0.0,34600.0,10557228.272000005,0,0.0,0.003288151886165953,0.0,0.0
2020-07-31,TX202008,TX202008,12577.0,False,0.0,-3800.0,0.0,0.0,0.0,-3800.0,10553428.272000005,0,0.0,-0.00035994296060438524,-0.0003599429606043758,-3800.0
2020-08-03,TX202008,TX202008,12443.0,False,0.0,-26800.0,0.0,0.0,0.0,-26800.0,10526628.272000005,0,0.0,-0.0025394591510234494,-0.002898488051182646,-30600.0
2020-08-04,TX202008,TX202008,12629.0,False,0.0,37200.0,0.0,0.0,0.0,37200.0,10563828.272000005,0,0.0,0.00353389509335568,0.0,0.0
2020-08-05,TX202008,TX202008,12744.0,False,0.0,23000.0,0.0,0.0,0.0,23000.0,10586828.272000005,0,0.0,0.0021772409970884075,0.0,0.0
2020-08-06,TX202008,TX202008,12835.0,False,0.0,18200.0,0.0,0.0,0.0,18200.0,10605028.272000005,0,0.0,0.0017191173345217354,0.0,0.0
2020-08-07,TX202008,TX202008,12763.0,False,0.0,-14400.0,0.0,0.0,0.0,-14400.0,10590628.272000005,0,0.0,-0.0013578464508217948,-0.0013578464508218202,-14400.0
2020-08-10,TX202008,TX202008,12855.0,False,0.0,18400.0,0.0,0.0,0.0,18400.0,10609028.272000005,0,0.0,0.0017373851227171077,0.0,0.0
2020-08-11,TX202008,TX202008,12737.0,False,0.0,-23600.0,0.0,0.0,0.0,-23600.0,10585428.272000005,0,0.0,-0.002224520417415284,-0.0022245204174152766,-23600.0
2020-08-12,TX202008,TX202008,12655.0,False,0.0,-16400.0,0.0,0.0,0.0,-16400.0,10569028.272000005,0,0.0,-0.0015492996200617013,-0.0037703735888394707,-40000.0
2020-08-13,TX202008,TX202008,12723.0,False,0.0,13600.0,0.0,0.0,0.0,13600.0,10582628.272000005,0,0.0,0.0012867786564664412,-0.0024884465686340063,-26400.0
2020-08-14,TX202008,TX202008,12788.0,False,0.0,13000.0,0.0,0.0,0.0,13000.0,10595628.272000005,0,0.0,0.001228428294547205,-0.001263075152261206,-13400.0
2020-08-17,TX202008,TX202008,12955.0,False,0.0,33400.0,0.0,0.0,0.0,33400.0,10629028.272000005,0,0.0,0.0031522434670780966,0.0,0.0
2020-08-18,TX202008,TX202009,12831.0,True,-44.0,-16000.0,100.0,102.82400000000001,800.0,-17002.824,10612025.448000006,2,1002.8240000000001,-0.001599659307030959,-0.0015996593070308762,-17002.82399999909
2020-08-19,TX202009,TX202009,12750.0,False,0.0,-16200.0,0.0,0.0,0.0,-16200.0,10595825.448000006,0,0.0,-0.0015265700293861555,-0.003123787344461726,-33202.82399999909
2020-08-20,TX202009,TX202009,12305.0,False,0.0,-89000.0,0.0,0.0,0.0,-89000.0,10506825.448000006,0,0.0,-0.008399534367263385,-0.01149708335256927,-122202.82399999909
2020-08-21,TX202009,TX202009,12543.0,False,0.0,47600.0,0.0,0.0,0.0,47600.0,10554425.448000006,0,0.0,0.0045303883875848295,-0.0070187812178960085,-74602.82399999909
2020-08-24,TX202009,TX202009,12604.0,False,0.0,12200.0,0.0,0.0,0.0,12200.0,10566625.448000006,0,0.0,0.0011559132290154003,-0.0058709810909419735,-62402.82399999909
2020-08-25,TX202009,TX202009,12737.0,False,0.0,26600.0,0.0,0.0,0.0,26600.0,10593225.448000006,0,0.0,0.002517359977497329,-0.0033684004862715167,-35802.82399999909
2020-08-26,TX202009,TX202009,12792.0,False,0.0,11000.0,0.0,0.0,0.0,11000.0,10604225.448000006,0,0.0,0.0010383994991890588,-0.0023334987324604706,-24802.82399999909
2020-08-27,TX202009,TX202009,12760.0,False,0.0,-6400.0,0.0,0.0,0.0,-6400.0,10597825.448000006,0,0.0,-0.0006035330002538811,-0.002935623389223263,-31202.82399999909
2020-08-28,TX202009,TX202009,12691.0,False,0.0,-13800.0,0.0,0.0,0.0,-13800.0,10584025.448000006,0,0.0,-0.001302153924662375,-0.004233954680368135,-45002.82399999909
2020-08-31,TX202009,TX202009,12591.0,False,0.0,-20000.0,0.0,0.0,0.0,-20000.0,10564025.448000006,0,0.0,-0.0018896402033669777,-0.006115594232751764,-65002.82399999909
2020-09-01,TX202009,TX202009,12691.0,False,0.0,20000.0,0.0,0.0,0.0,20000.0,10584025.448000006,0,0.0,0.0018932177036535276,-0.004233954680368135,-45002.82399999909
2020-09-02,TX202009,TX202009,12691.0,False,0.0,0.0,0.0,0.0,0.0,0.0,10584025.448000006,0,0.0,0.0,-0.004233954680368135,-45002.82399999909
2020-09-03,TX202009,TX202009,12732.0,False,0.0,8200.0,0.0,0.0,0.0,8200.0,10592225.448000006,0,0.0,0.0007747524833804608,-0.0034624824638908036,-36802.82399999909
2020-09-04,TX202009,TX202009,12606.0,False,0.0,-25200.0,0.0,0.0,0.0,-25200.0,10567025.448000006,0,0.0,-0.0023791034399440764,-0.0058333482998942365,-62002.82399999909
2020-09-07,TX202009,TX202009,12582.0,False,0.0,-4800.0,0.0,0.0,0.0,-4800.0,10562225.448000006,0,0.0,-0.00045424325167197206,-0.006284941792466303,-66802.82399999909
2020-09-08,TX202009,TX202009,12667.0,False,0.0,17000.0,0.0,0.0,0.0,17000.0,10579225.448000006,0,0.0,0.001609509291739177,-0.0046855481729402015,-49802.82399999909
2020-09-09,TX202009,TX202009,12598.0,False,0.0,-13800.0,0.0,0.0,0.0,-13800.0,10565425.448000006,0,0.0,-0.0013044433231743707,-0.005983879464084962,-63602.82399999909
2020-09-10,TX202009,TX202009,12699.0,False,0.0,20200.0,0.0,0.0,0.0,20200.0,10585625.448000006,0,0.0,0.0019118965061481533,-0.004083423516177409,-43402.82399999909
2020-09-11,TX202009,TX202009,12661.0,False,0.0,-7600.0,0.0,0.0,0.0,-7600.0,10578025.448000006,0,0.0,-0.0007179547431876975,-0.0047984465460831904,-51002.82399999909
2020-09-14,TX202009,TX202009,12785.0,False,0.0,24800.0,0.0,0.0,0.0,24800.0,10602825.448000006,0,0.0,0.0023444829209301014,-0.0024652135011273835,-26202.82399999909
2020-09-15,TX202009,TX202010,12779.0,True,-61.0,11000.0,100.0,102.476,800.0,9997.524,10612822.972000007,2,1002.476,0.0009429113068994092,-0.0015246266719121104,-16205.299999998882
2020-09-16,TX202010,TX202010,12905.0,False,0.0,25200.0,0.0,0.0,0.0,25200.0,10638022.972000007,0,0.0,0.0023744860407533034,0.0,0.0
2020-09-17,TX202010,TX202010,12816.0,False,0.0,-17800.0,0.0,0.0,0.0,-17800.0,10620222.972000007,0,0.0,-0.00167324323766275,-0.0016732432376627138,-17800.0
2020-09-18,TX202010,TX202010,12835.0,False,0.0,3800.0,0.0,0.0,0.0,3800.0,10624022.972000007,0,0.0,0.00035780793021188156,-0.0013160340071505239,-14000.0
2020-09-21,TX202010,TX202010,12659.0,False,0.0,-35200.0,0.0,0.0,0.0,-35200.0,10588822.972000007,0,0.0,-0.003313245847902519,-0.004624919510843095,-49200.0
2020-09-22,TX202010,TX202010,12507.0,False,0.0,-30400.0,0.0,0.0,0.0,-30400.0,10558422.972000007,0,0.0,-0.002870951764930496,-0.00748259335494128,-79600.0
2020-09-23,TX202010,TX202010,12528.0,False,0.0,4200.0,0.0,0.0,0.0,4200.0,10562622.972000007,0,0.0,0.00039778667809937376,-0.007087783152796123,-75400.0
2020-09-24,TX202010,TX202010,12175.0,False,0.0,-70600.0,0.0,0.0,0.0,-70600.0,10492022.972000007,0,0.0,-0.006683945852005741,-0.01372435464599786,-146000.0
2020-09-25,TX202010,TX202010,12195.0,False,0.0,4000.0,0.0,0.0,0.0,4000.0,10496022.972000007,0,0.0,0.000381242016975637,-0.013348344929669076,-142000.0
2020-09-28,TX202010,TX202010,12417.0,False,0.0,44400.0,0.0,0.0,0.0,44400.0,10540422.972000007,0,0.0,0.0042301736684880395,-0.009174637078420478,-97600.0
2020-09-29,TX202010,TX202010,12421.0,False,0.0,800.0,0.0,0.0,0.0,800.0,10541222.972000007,0,0.0,7.589828246220777e-05,-0.009099435135154765,-96800.0
2020-09-30,TX202010,TX202010,12472.0,False,0.0,10200.0,0.0,0.0,0.0,10200.0,10551422.972000007,0,0.0,0.0009676296599638983,-0.008140610358516542,-86600.0
2020-10-05,TX202010,TX202010,12529.0,False,0.0,11400.0,0.0,0.0,0.0,11400.0,10562822.972000007,0,0.0,0.0010804229941546119,-0.007068982666979751,-75200.0
2020-10-06,TX202010,TX202010,12675.0,False,0.0,29200.0,0.0,0.0,0.0,29200.0,10592022.972000007,0,0.0,0.002764412513340755,-0.004324111737780134,-46000.0
2020-10-07,TX202010,TX202010,12755.0,False,0.0,16000.0,0.0,0.0,0.0,16000.0,10608022.972000007,0,0.0,0.001510570741991022,-0.002820072872465329,-30000.0
2020-10-08,TX202010,TX202010,12873.0,False,0.0,23600.0,0.0,0.0,0.0,23600.0,10631622.972000007,0,0.0,0.0022247312305311235,-0.000601615546125922,-6400.0
2020-10-12,TX202010,TX202010,12920.0,False,0.0,9400.0,0.0,0.0,0.0,9400.0,10641022.972000007,0,0.0,0.0008841547546180228,0.0,0.0
2020-10-13,TX202010,TX202010,12919.0,False,0.0,-200.0,0.0,0.0,0.0,-200.0,10640822.972000007,0,0.0,-1.879518543717696e-05,-1.8795185437125994e-05,-200.0
2020-10-14,TX202010,TX202010,12888.0,False,0.0,-6200.0,0.0,0.0,0.0,-6200.0,10634622.972000007,0,0.0,-0.0005826616997871804,-0.0006014459339896971,-6400.0
2020-10-15,TX202010,TX202010,12840.0,False,0.0,-9600.0,0.0,0.0,0.0,-9600.0,10625022.972000007,0,0.0,-0.0009027118333462244,-0.0015036148349741874,-16000.0
2020-10-16,TX202010,TX202010,12745.0,False,0.0,-19000.0,0.0,0.0,0.0,-19000.0,10606022.972000007,0,0.0,-0.001788231427835071,-0.0032891574515059308,-35000.0
2020-10-19,TX202010,TX202010,12896.0,False,0.0,30200.0,0.0,0.0,0.0,30200.0,10636222.972000007,0,0.0,0.0028474386751497958,-0.0004510844504922451,-4800.0
2020-10-20,TX202010,TX202011,12778.0,True,-78.0,-8000.0,100.0,102.536,800.0,-9002.536,10627220.436000006,2,1002.5360000000001,-0.0008464034670671432,-0.00129710611811662,-13802.536000000313
2020-10-21,TX202011,TX202011,12806.0,False,0.0,5600.0,0.0,0.0,0.0,5600.0,10632820.436000006,0,0.0,0.0005269487006244684,-0.0007708409258756488,-8202.536000000313
2020-10-22,TX202011,TX202011,12837.0,False,0.0,6200.0,0.0,0.0,0.0,6200.0,10639020.436000006,0,0.0,0.0005831002260706283,-0.00018819017732318866,-2002.536000000313
2020-10-23,TX202011,TX202011,12839.0,False,0.0,400.0,0.0,0.0,0.0,400.0,10639420.436000006,0,0.0,3.759744634444837e-05,-0.00015059980644882565,-1602.536000000313
2020-10-26,TX202011,TX202011,12858.0,False,0.0,3800.0,0.0,0.0,0.0,3800.0,10643220.436000006,0,0.0,0.00035716231188140233,0.0,0.0
2020-10-27,TX202011,TX202011,12807.0,False,0.0,-10200.0,0.0,0.0,0.0,-10200.0,10633020.436000006,0,0.0,-0.0009583565483149403,-0.000958356548314887,-10200.0
2020-10-28,TX202011,TX202011,12739.0,False,0.0,-13600.0,0.0,0.0,0.0,-13600.0,10619420.436000006,0,0.0,-0.0012790345021772695,-0.002236165279401514,-23800.0
2020-10-29,TX202011,TX202011,12602.0,False,0.0,-27400.0,0.0,0.0,0.0,-27400.0,10592020.436000006,0,0.0,-0.002580178472557086,-0.004810574046443583,-51200.0
2020-10-30,TX202011,TX202011,12414.0,False,0.0,-37600.0,0.0,0.0,0.0,-37600.0,10554420.436000006,0,0.0,-0.0035498420936014873,-0.00834333936180065,-88800.0
2020-11-02,TX202011,TX202011,12515.0,False,0.0,20200.0,0.0,0.0,0.0,20200.0,10574620.436000006,0,0.0,0.0019138900257469323,-0.006445417570039691,-68600.0
2020-11-03,TX202011,TX202011,12685.0,False,0.0,34000.0,0.0,0.0,0.0,34000.0,10608620.436000006,0,0.0,0.003215245427084186,-0.003250895742323179,-34600.0
2020-11-04,TX202011,TX202011,12865.0,False,0.0,36000.0,0.0,0.0,0.0,36000.0,10644620.436000006,0,0.0,0.0033934666827964903,0.0,0.0
2020-11-05,TX202011,TX202011,12890.0,False,0.0,5000.0,0.0,0.0,0.0,5000.0,10649620.436000006,0,0.0,0.00046972083505110684,0.0,0.0
2020-11-06,TX202011,TX202011,12936.0,False,0.0,9200.0,0.0,0.0,0.0,9200.0,10658820.436000006,0,0.0,0.0008638805537989218,0.0,0.0
2020-11-09,TX202011,TX202011,13121.0,False,0.0,37000.0,0.0,0.0,0.0,37000.0,10695820.436000006,0,0.0,0.003471303435700357,0.0,0.0
2020-11-10,TX202011,TX202011,13071.0,False,0.0,-10000.0,0.0,0.0,0.0,-10000.0,10685820.436000006,0,0.0,-0.0009349446412116257,-0.0009349446412115769,-10000.0
2020-11-11,TX202011,TX202011,13263.0,False,0.0,38400.0,0.0,0.0,0.0,38400.0,10724220.436000006,0,0.0,0.003593547189940819,0.0,0.0
2020-11-12,TX202011,TX202011,13230.0,False,0.0,-6600.0,0.0,0.0,0.0,-6600.0,10717620.436000006,0,0.0,-0.0006154293488638614,-0.0006154293488638274,-6600.0
2020-11-13,TX202011,TX202011,13284.0,False,0.0,10800.0,0.0,0.0,0.0,10800.0,10728420.436000006,0,0.0,0.001007686366996473,0.0,0.0
2020-11-16,TX202011,TX202011,13581.0,False,0.0,59400.0,0.0,0.0,0.0,59400.0,10787820.436000006,0,0.0,0.005536695765639359,0.0,0.0
2020-11-17,TX202011,TX202012,13581.0,True,-44.0,8800.0,100.0,108.82400000000001,800.0,7791.1759999999995,10795611.612000007,2,1008.8240000000001,0.0007222196593113551,0.0,0.0
2020-11-18,TX202012,TX202012,13717.0,False,0.0,27200.0,0.0,0.0,0.0,27200.0,10822811.612000007,0,0.0,0.002519542289736088,0.0,0.0
2020-11-19,TX202012,TX202012,13740.0,False,0.0,4600.0,0.0,0.0,0.0,4600.0,10827411.612000007,0,0.0,0.00042502818721335396,0.0,0.0
2020-11-20,TX202012,TX202012,13736.0,False,0.0,-800.0,0.0,0.0,0.0,-800.0,10826611.612000007,0,0.0,-7.388654173942745e-05,-7.388654173945408e-05,-800.0
2020-11-23,TX202012,TX202012,13875.0,False,0.0,27800.0,0.0,0.0,0.0,27800.0,10854411.612000007,0,0.0,0.0025677470473944976,0.0,0.0
2020-11-24,TX202012,TX202012,13804.0,False,0.0,-14200.0,0.0,0.0,0.0,-14200.0,10840211.612000007,0,0.0,-0.0013082238363156696,-0.0013082238363156806,-14200.0
2020-11-25,TX202012,TX202012,13709.0,False,0.0,-19000.0,0.0,0.0,0.0,-19000.0,10821211.612000007,0,0.0,-0.0017527333118633208,-0.0030586641806816806,-33200.0
2020-11-26,TX202012,TX202012,13841.0,False,0.0,26400.0,0.0,0.0,0.0,26400.0,10847611.612000007,0,0.0,0.0024396528731333695,-0.0006264733864046468,-6800.0
2020-11-27,TX202012,TX202012,13878.0,False,0.0,7400.0,0.0,0.0,0.0,7400.0,10855011.612000007,0,0.0,0.0006821778161576011,0.0,0.0
2020-11-30,TX202012,TX202012,13722.0,False,0.0,-31200.0,0.0,0.0,0.0,-31200.0,10823811.612000007,0,0.0,-0.0028742484223148136,-0.0028742484223147624,-31200.0
2020-12-01,TX202012,TX202012,13877.0,False,0.0,31000.0,0.0,0.0,0.0,31000.0,10854811.612000007,0,0.0,0.002864055760692593,-1.842466937385101e-05,-200.0
2020-12-02,TX202012,TX202012,13956.0,False,0.0,15800.0,0.0,0.0,0.0,15800.0,10870611.612000007,0,0.0,0.001455575699032223,0.0,0.0
2020-12-03,TX202012,TX202012,13986.0,False,0.0,6000.0,0.0,0.0,0.0,6000.0,10876611.612000007,0,0.0,0.0005519468650114069,0.0,0.0
2020-12-04,TX202012,TX202012,14138.0,False,0.0,30400.0,0.0,0.0,0.0,30400.0,10907011.612000007,0,0.0,0.002794988097806133,0.0,0.0
2020-12-07,TX202012,TX202012,14225.0,False,0.0,17400.0,0.0,0.0,0.0,17400.0,10924411.612000007,0,0.0,0.0015953040685183044,0.0,0.0
2020-12-08,TX202012,TX202012,14342.0,False,0.0,23400.0,0.0,0.0,0.0,23400.0,10947811.612000007,0,0.0,0.0021419917915117812,0.0,0.0
2020-12-09,TX202012,TX202012,14397.0,False,0.0,11000.0,0.0,0.0,0.0,11000.0,10958811.612000007,0,0.0,0.0010047670155323817,0.0,0.0
2020-12-10,TX202012,TX202012,14241.0,False,0.0,-31200.0,0.0,0.0,0.0,-31200.0,10927611.612000007,0,0.0,-0.0028470240300358563,-0.002847024030035894,-31200.0
2020-12-11,TX202012,TX202012,14236.0,False,0.0,-1000.0,0.0,0.0,0.0,-1000.0,10926611.612000007,0,0.0,-9.151130507803404e-05,-0.0029382748002293457,-32200.0
2020-12-14,TX202012,TX202012,14200.0,False,0.0,-7200.0,0.0,0.0,0.0,-7200.0,10919411.612000007,0,0.0,-0.000658941697176524,-0.003595280345622176,-39400.0
2020-12-15,TX202012,TX202101,13977.0,True,-108.0,-23000.0,100.0,112.24800000000002,800.0,-24012.248,10895399.364000008,2,1012.248,-0.0021990422976281504,-0.005786416469698463,-63412.24799999967
2020-12-16,TX202101,TX202101,14192.0,False,0.0,43000.0,0.0,0.0,0.0,43000.0,10938399.364000008,0,0.0,0.003946619904735047,-0.0018626333513798166,-20412.247999999672
2020-12-17,TX202101,TX202101,14186.0,False,0.0,-1200.0,0.0,0.0,0.0,-1200.0,10937199.364000008,0,0.0,-0.00010970526491740544,-0.0019721342756119364,-21612.247999999672
2020-12-18,TX202101,TX202101,14137.0,False,0.0,-9800.0,0.0,0.0,0.0,-9800.0,10927399.364000008,0,0.0,-0.0008960246287780837,-0.0028663918235078967,-31412.247999999672
2020-12-21,TX202101,TX202101,14312.0,False,0.0,35000.0,0.0,0.0,0.0,35000.0,10962399.364000008,0,0.0,0.003202957889075278,0.0,0.0
2020-12-22,TX202101,TX202101,14046.0,False,0.0,-53200.0,0.0,0.0,0.0,-53200.0,10909199.364000008,0,0.0,-0.004852952189892502,-0.004852952189892457,-53200.0
2020-12-23,TX202101,TX202101,14113.0,False,0.0,13400.0,0.0,0.0,0.0,13400.0,10922599.364000008,0,0.0,0.0012283211217332367,-0.0036305920518369117,-39800.0
2020-12-24,TX202101,TX202101,14242.0,False,0.0,25800.0,0.0,0.0,0.0,25800.0,10948399.364000008,0,0.0,0.0023620751013751075,-0.001277092681550629,-14000.0
2020-12-25,TX202101,TX202101,14305.0,False,0.0,12600.0,0.0,0.0,0.0,12600.0,10960999.364000008,0,0.0,0.0011508531595431845,-0.0001277092681550851,-1400.0
2020-12-28,TX202101,TX202101,14437.0,False,0.0,26400.0,0.0,0.0,0.0,26400.0,10987399.364000008,0,0.0,0.0024085395065989515,0.0,0.0
2020-12-29,TX202101,TX202101,14459.0,False,0.0,4400.0,0.0,0.0,0.0,4400.0,10991799.364000008,0,0.0,0.00040045873042682977,0.0,0.0
2020-12-30,TX202101,TX202101,14638.0,False,0.0,35800.0,0.0,0.0,0.0,35800.0,11027599.364000008,0,0.0,0.0032569735686088872,0.0,0.0
2020-12-31,TX202101,TX202101,14678.0,False,0.0,8000.0,0.0,0.0,0.0,8000.0,11035599.364000008,0,0.0,0.0007254525428368649,0.0,0.0
2021-01-04,TX202101,TX202101,14874.0,False,0.0,39200.0,0.0,0.0,0.0,39200.0,11074799.364000008,0,0.0,0.00355214055050576,0.0,0.0
2021-01-05,TX202101,TX202101,14977.0,False,0.0,20600.0,0.0,0.0,0.0,20600.0,11095399.364000008,0,0.0,0.0018600788441335402,0.0,0.0
2021-01-06,TX202101,TX202101,14911.0,False,0.0,-13200.0,0.0,0.0,0.0,-13200.0,11082199.364000008,0,0.0,-0.001189682278839692,-0.0011896822788396433,-13200.0
2021-01-07,TX202101,TX202101,15230.0,False,0.0,63800.0,0.0,0.0,0.0,63800.0,11145999.364000008,0,0.0,0.005756979991467329,0.0,0.0
2021-01-08,TX202101,TX202101,15454.0,False,0.0,44800.0,0.0,0.0,0.0,44800.0,11190799.364000008,0,0.0,0.0040193793788197785,0.0,0.0
2021-01-11,TX202101,TX202101,15534.0,False,0.0,16000.0,0.0,0.0,0.0,16000.0,11206799.364000008,0,0.0,0.0014297459439287996,0.0,0.0
2021-01-12,TX202101,TX202101,15493.0,False,0.0,-8200.0,0.0,0.0,0.0,-8200.0,11198599.364000008,0,0.0,-0.0007316986530820875,-0.0007316986530820913,-8200.0
2021-01-13,TX202101,TX202101,15764.0,False,0.0,54200.0,0.0,0.0,0.0,54200.0,11252799.364000008,0,0.0,0.004839890975494314,0.0,0.0
2021-01-14,TX202101,TX202101,15729.0,False,0.0,-7000.0,0.0,0.0,0.0,-7000.0,11245799.364000008,0,0.0,-0.0006220674317178731,-0.0006220674317178876,-7000.0
2021-01-15,TX202101,TX202101,15634.0,False,0.0,-19000.0,0.0,0.0,0.0,-19000.0,11226799.364000008,0,0.0,-0.0016895197384387542,-0.002310536174952138,-26000.0
2021-01-18,TX202101,TX202101,15606.0,False,0.0,-5600.0,0.0,0.0,0.0,-5600.0,11221199.364000008,0,0.0,-0.0004988064557345728,-0.0028081901203264037,-31600.0
2021-01-19,TX202101,TX202102,15847.0,True,-41.0,56400.0,100.0,126.94000000000001,800.0,55373.06,11276572.424000008,2,1026.94,0.004934682844834621,0.0,0.0
2021-01-20,TX202102,TX202102,15736.0,False,0.0,-22200.0,0.0,0.0,0.0,-22200.0,11254372.424000008,0,0.0,-0.0019686833166389804,-0.0019686833166390194,-22200.0
2021-01-21,TX202102,TX202102,16129.0,False,0.0,78600.0,0.0,0.0,0.0,78600.0,11332972.424000008,0,0.0,0.006983952284392606,0.0,0.0
2021-01-22,TX202102,TX202102,15984.0,False,0.0,-29000.0,0.0,0.0,0.0,-29000.0,11303972.424000008,0,0.0,-0.0025589050175915244,-0.002558905017591484,-29000.0
2021-01-25,TX202102,TX202102,15912.0,False,0.0,-14400.0,0.0,0.0,0.0,-14400.0,11289572.424000008,0,0.0,-0.0012738884579571927,-0.0038295337159818255,-43400.0
2021-01-26,TX202102,TX202102,15626.0,False,0.0,-57200.0,0.0,0.0,0.0,-57200.0,11232372.424000008,0,0.0,-0.005066622353066359,-0.008876753267920923,-100600.0
2021-01-27,TX202102,TX202102,15660.0,False,0.0,6800.0,0.0,0.0,0.0,6800.0,11239172.424000008,0,0.0,0.0006053930321496964,-0.008276734160347798,-93800.0
2021-01-28,TX202102,TX202102,15383.0,False,0.0,-55400.0,0.0,0.0,0.0,-55400.0,11183772.424000008,0,0.0,-0.004929188547877372,-0.01316512512498813,-149200.0
2021-01-29,TX202102,TX202102,15075.0,False,0.0,-61600.0,0.0,0.0,0.0,-61600.0,11122172.424000008,0,0.0,-0.0055079804617454865,-0.01860059233476874,-210800.0
2021-02-01,TX202102,TX202102,15360.0,False,0.0,57000.0,0.0,0.0,0.0,57000.0,11179172.424000008,0,0.0,0.005124898070902264,-0.013571020403640555,-153800.0
2021-02-02,TX202102,TX202102,15755.0,False,0.0,79000.0,0.0,0.0,0.0,79000.0,11258172.424000008,0,0.0,0.007066712722884463,-0.006600210183305033,-74800.0
2021-02-03,TX202102,TX202102,15772.0,False,0.0,3400.0,0.0,0.0,0.0,3400.0,11261572.424000008,0,0.0,0.0003020028359800148,-0.006300200629518415,-71400.0
2021-02-04,TX202102,TX202102,15701.0,False,0.0,-14200.0,0.0,0.0,0.0,-14200.0,11247372.424000008,0,0.0,-0.0012609251590601847,-0.007553181707097734,-85600.0
2021-02-05,TX202102,TX202103,15716.0,True,-88.0,20600.0,100.0,126.08000000000001,800.0,19573.92,11266946.344000008,2,1026.08,0.0017403104709356413,-0.005826016117375876,-66026.08000000007
2021-02-17,TX202103,TX202103,16339.0,False,0.0,124600.0,0.0,0.0,0.0,124600.0,11391546.344000008,0,0.0,0.011058897077854044,0.0,0.0
2021-02-18,TX202103,TX202103,16380.0,False,0.0,8200.0,0.0,0.0,0.0,8200.0,11399746.344000008,0,0.0,0.000719832036176457,0.0,0.0
2021-02-19,TX202103,TX202103,16314.0,False,0.0,-13200.0,0.0,0.0,0.0,-13200.0,11386546.344000008,0,0.0,-0.0011579205011826876,-0.0011579205011826854,-13200.0
2021-02-22,TX202103,TX202103,16385.0,False,0.0,14200.0,0.0,0.0,0.0,14200.0,11400746.344000008,0,0.0,0.0012470857774607403,0.0,0.0
2021-02-23,TX202103,TX202103,16437.0,False,0.0,10400.0,0.0,0.0,0.0,10400.0,11411146.344000008,0,0.0,0.0009122209797671113,0.0,0.0
2021-02-24,TX202103,TX202103,16182.0,False,0.0,-51000.0,0.0,0.0,0.0,-51000.0,11360146.344000008,0,0.0,-0.004469314340781884,-0.004469314340781905,-51000.0
2021-02-25,TX202103,TX202103,16388.0,False,0.0,41200.0,0.0,0.0,0.0,41200.0,11401346.344000008,0,0.0,0.003626713842622305,-0.000858809422346285,-9800.0
2021-02-26,TX202103,TX202103,15935.0,False,0.0,-90600.0,0.0,0.0,0.0,-90600.0,11310746.344000008,0,0.0,-0.007946429944887914,-0.008798414898323559,-100400.0
2021-03-02,TX202103,TX202103,15907.0,False,0.0,-5600.0,0.0,0.0,0.0,-5600.0,11305146.344000008,0,0.0,-0.0004951043750504248,-0.009289163139664325,-106000.0
2021-03-03,TX202103,TX202103,16181.0,False,0.0,54800.0,0.0,0.0,0.0,54800.0,11359946.344000008,0,0.0,0.004847349899993472,-0.004486841063686908,-51200.0
2021-03-04,TX202103,TX202103,15925.0,False,0.0,-51200.0,0.0,0.0,0.0,-51200.0,11308746.344000008,0,0.0,-0.004507063541461386,-0.008973682127373817,-102400.0
2021-03-05,TX202103,TX202103,15855.0,False,0.0,-14000.0,0.0,0.0,0.0,-14000.0,11294746.344000008,0,0.0,-0.0012379798409244424,-0.010200552730725732,-116400.0
2021-03-08,TX202103,TX202103,15816.0,False,0.0,-7800.0,0.0,0.0,0.0,-7800.0,11286946.344000008,0,0.0,-0.000690586557894991,-0.010884094924021759,-124200.0
2021-03-09,TX202103,TX202103,15822.0,False,0.0,1200.0,0.0,0.0,0.0,1200.0,11288146.344000008,0,0.0,0.00010631750727138915,-0.010778934586591626,-123000.0
2021-03-10,TX202103,TX202103,15883.0,False,0.0,12200.0,0.0,0.0,0.0,12200.0,11300346.344000008,0,0.0,0.0010807797514500394,-0.009709804489384966,-110800.0
2021-03-11,TX202103,TX202103,16174.0,False,0.0,58200.0,0.0,0.0,0.0,58200.0,11358546.344000008,0,0.0,0.005150284622108212,-0.004609528124022155,-52600.0
2021-03-12,TX202103,TX202103,16222.0,False,0.0,9600.0,0.0,0.0,0.0,9600.0,11368146.344000008,0,0.0,0.0008451785738472656,-0.003768245424580763,-43000.0
2021-03-15,TX202103,TX202103,16200.0,False,0.0,-4400.0,0.0,0.0,0.0,-4400.0,11363746.344000008,0,0.0,-0.00038704638969767267,-0.004153833328491396,-47400.0
2021-03-16,TX202103,TX202104,16240.0,True,-65.0,21000.0,100.0,130.18,800.0,19969.82,11383716.164000008,2,1030.18,0.0017573271521098277,-0.002403805820475058,-27430.179999999702
2021-03-17,TX202104,TX202104,16160.0,False,0.0,-16000.0,0.0,0.0,0.0,-16000.0,11367716.164000008,0,0.0,-0.001405516420955626,-0.0038059436528772306,-43430.1799999997
2021-03-18,TX202104,TX202104,16239.0,False,0.0,15800.0,0.0,0.0,0.0,15800.0,11383516.164000008,0,0.0,0.001389900994364763,-0.0024213325433800614,-27630.179999999702
2021-03-19,TX202104,TX202104,16012.0,False,0.0,-45400.0,0.0,0.0,0.0,-45400.0,11338116.164000008,0,0.0,-0.003988222913371528,-0.0063998986428212,-73030.1799999997
2021-03-22,TX202104,TX202104,16140.0,False,0.0,25600.0,0.0,0.0,0.0,25600.0,11363716.164000008,0,0.0,0.0022578706753140637,-0.004156478110977746,-47430.1799999997
2021-03-23,TX202104,TX202104,16120.0,False,0.0,-4000.0,0.0,0.0,0.0,-4000.0,11359716.164000008,0,0.0,-0.00035199752812129436,-0.004507012569078261,-51430.1799999997
2021-03-24,TX202104,TX202104,15983.0,False,0.0,-27400.0,0.0,0.0,0.0,-27400.0,11332316.164000008,0,0.0,-0.0024120320969667477,-0.00690817360706697,-78830.1799999997
2021-03-25,TX202104,TX202104,16032.0,False,0.0,9800.0,0.0,0.0,0.0,9800.0,11342116.164000008,0,0.0,0.0008647834968752635,-0.006049364184720685,-69030.1799999997
2021-03-26,TX202104,TX202104,16288.0,False,0.0,51200.0,0.0,0.0,0.0,51200.0,11393316.164000008,0,0.0,0.004514148793724166,-0.0015625231210337764,-17830.179999999702
2021-03-29,TX202104,TX202104,16411.0,False,0.0,24600.0,0.0,0.0,0.0,24600.0,11417916.164000008,0,0.0,0.0021591606557649795,0.0,0.0
2021-03-30,TX202104,TX202104,16519.0,False,0.0,21600.0,0.0,0.0,0.0,21600.0,11439516.164000008,0,0.0,0.0018917637587937,0.0,0.0
2021-03-31,TX202104,TX202104,16422.0,False,0.0,-19400.0,0.0,0.0,0.0,-19400.0,11420116.164000008,0,0.0,-0.0016958759200893059,-0.0016958759200893514,-19400.0
2021-04-01,TX202104,TX202104,16551.0,False,0.0,25800.0,0.0,0.0,0.0,25800.0,11445916.164000008,0,0.0,0.002259171415552685,0.0,0.0
2021-04-06,TX202104,TX202104,16731.0,False,0.0,36000.0,0.0,0.0,0.0,36000.0,11481916.164000008,0,0.0,0.003145226601713905,0.0,0.0
2021-04-07,TX202104,TX202104,16768.0,False,0.0,7400.0,0.0,0.0,0.0,7400.0,11489316.164000008,0,0.0,0.0006444917289329891,0.0,0.0
2021-04-08,TX202104,TX202104,16930.0,False,0.0,32400.0,0.0,0.0,0.0,32400.0,11521716.164000008,0,0.0,0.002820011177124743,0.0,0.0
2021-04-09,TX202104,TX202104,16841.0,False,0.0,-17800.0,0.0,0.0,0.0,-17800.0,11503916.164000008,0,0.0,-0.001544908739864353,-0.001544908739864348,-17800.0
2021-04-12,TX202104,TX202104,16834.0,False,0.0,-1400.0,0.0,0.0,0.0,-1400.0,11502516.164000008,0,0.0,-0.00012169768799090484,-0.0016664184160334328,-19200.0
2021-04-13,TX202104,TX202104,16795.0,False,0.0,-7800.0,0.0,0.0,0.0,-7800.0,11494716.164000008,0,0.0,-0.0006781125006728566,-0.002343400897547032,-27000.0
2021-04-14,TX202104,TX202104,16856.0,False,0.0,12200.0,0.0,0.0,0.0,12200.0,11506916.164000008,0,0.0,0.0010613572206514198,-0.0012845308623591345,-14800.0
2021-04-15,TX202104,TX202104,17071.0,False,0.0,43000.0,0.0,0.0,0.0,43000.0,11549916.164000008,0,0.0,0.003736883052518255,0.0,0.0
2021-04-16,TX202104,TX202104,17158.0,False,0.0,17400.0,0.0,0.0,0.0,17400.0,11567316.164000008,0,0.0,0.0015065044414983848,0.0,0.0
2021-04-19,TX202104,TX202104,17271.0,False,0.0,22600.0,0.0,0.0,0.0,22600.0,11589916.164000008,0,0.0,0.0019537807802242056,0.0,0.0
2021-04-20,TX202104,TX202105,17256.0,True,-63.0,9600.0,100.0,138.3,800.0,8561.7,11598477.864000008,2,1038.3,0.0007387197524856915,0.0,0.0
2021-04-21,TX202105,TX202105,17138.0,False,0.0,-23600.0,0.0,0.0,0.0,-23600.0,11574877.864000008,0,0.0,-0.002034749755677077,-0.002034749755677079,-23600.0
2021-04-22,TX202105,TX202105,17109.0,False,0.0,-5800.0,0.0,0.0,0.0,-5800.0,11569077.864000008,0,0.0,-0.0005010852009107641,-0.0025348153735976764,-29400.0
2021-04-23,TX202105,TX202105,17257.0,False,0.0,29600.0,0.0,0.0,0.0,29600.0,11598677.864000008,0,0.0,0.0025585444534095133,0.0,0.0
2021-04-26,TX202105,TX202105,17530.0,False,0.0,54600.0,0.0,0.0,0.0,54600.0,11653277.864000008,0,0.0,0.004707433091961934,0.0,0.0
2021-04-27,TX202105,TX202105,17571.0,False,0.0,8200.0,0.0,0.0,0.0,8200.0,11661477.864000008,0,0.0,0.0007036646766427773,0.0,0.0
2021-04-28,TX202105,TX202105,17533.0,False,0.0,-7600.0,0.0,0.0,0.0,-7600.0,11653877.864000008,0,0.0,-0.0006517184261406403,-0.0006517184261406461,-7600.0
2021-04-29,TX202105,TX202105,17571.0,False,0.0,7600.0,0.0,0.0,0.0,7600.0,11661477.864000008,0,0.0,0.0006521434400369991,0.0,0.0
2021-05-03,TX202105,TX202105,17253.0,False,0.0,-63600.0,0.0,0.0,0.0,-63600.0,11597877.864000008,0,0.0,-0.005453854197703252,-0.005453854197703278,-63600.0
2021-05-04,TX202105,TX202105,16933.0,False,0.0,-64000.0,0.0,0.0,0.0,-64000.0,11533877.864000008,0,0.0,-0.0055182509033533615,-0.010942009365203398,-127600.0
2021-05-05,TX202105,TX202105,16769.0,False,0.0,-32800.0,0.0,0.0,0.0,-32800.0,11501077.864000008,0,0.0,-0.002843796369855506,-0.01375468888854725,-160400.0
2021-05-06,TX202105,TX202105,16944.0,False,0.0,35000.0,0.0,0.0,0.0,35000.0,11536077.864000008,0,0.0,0.0030431930305901958,-0.010753354031320606,-125400.0
2021-05-07,TX202105,TX202105,17287.0,False,0.0,68600.0,0.0,0.0,0.0,68600.0,11604677.864000008,0,0.0,0.005946561804517303,-0.004870737711156314,-56800.0
2021-05-10,TX202105,TX202105,17228.0,False,0.0,-11800.0,0.0,0.0,0.0,-11800.0,11592877.864000008,0,0.0,-0.0010168313277015572,-0.00588261632016418,-68600.0
2021-05-11,TX202105,TX202105,16556.0,False,0.0,-134400.0,0.0,0.0,0.0,-134400.0,11458477.864000008,0,0.0,-0.011593324934213238,-0.01740774217191443,-203000.0
2021-05-12,TX202105,TX202105,15692.0,False,0.0,-172800.0,0.0,0.0,0.0,-172800.0,11285677.864000008,0,0.0,-0.015080537053084443,-0.032225761124164864,-375800.0
2021-05-13,TX202105,TX202105,15566.0,False,0.0,-25200.0,0.0,0.0,0.0,-25200.0,11260477.864000008,0,0.0,-0.0022329185985704107,-0.03438672222136796,-401000.0
2021-05-14,TX202105,TX202105,15772.0,False,0.0,41200.0,0.0,0.0,0.0,41200.0,11301677.864000008,0,0.0,0.0036588145279089174,-0.03085372233228978,-359800.0
2021-05-17,TX202105,TX202105,15263.0,False,0.0,-101800.0,0.0,0.0,0.0,-101800.0,11199877.864000008,0,0.0,-0.00900751209024196,-0.03958331914559465,-461600.0
2021-05-18,TX202105,TX202106,16082.0,True,-65.0,176800.0,100.0,128.916,800.0,175771.084,11375648.948000008,2,1028.916,0.01569401792897979,-0.024510522536974277,-285828.91599999927
2021-05-19,TX202106,TX202106,16023.0,False,0.0,-11800.0,0.0,0.0,0.0,-11800.0,11363848.948000008,0,0.0,-0.0010373034588127474,-0.025522401145982143,-297628.91599999927
2021-05-20,TX202106,TX202106,15981.0,False,0.0,-8400.0,0.0,0.0,0.0,-8400.0,11355448.948000008,0,0.0,-0.0007391861717308699,-0.026242721511716582,-306028.91599999927
2021-05-21,TX202106,TX202106,16257.0,False,0.0,55200.0,0.0,0.0,0.0,55200.0,11410648.948000008,0,0.0,0.004861102388181857,-0.021509187679747632,-250828.91599999927
2021-05-24,TX202106,TX202106,16294.0,False,0.0,7400.0,0.0,0.0,0.0,7400.0,11418048.948000008,0,0.0,0.000648517015440829,-0.020874619738505462,-243428.91599999927
2021-05-25,TX202106,TX202106,16585.0,False,0.0,58200.0,0.0,0.0,0.0,58200.0,11476248.948000008,0,0.0,0.005097193072569052,-0.015883828633060038,-185228.91599999927
2021-05-26,TX202106,TX202106,16616.0,False,0.0,6200.0,0.0,0.0,0.0,6200.0,11482448.948000008,0,0.0,0.000540246210072019,-0.015352163601208502,-179028.91599999927
2021-05-27,TX202106,TX202106,16534.0,False,0.0,-16400.0,0.0,0.0,0.0,-16400.0,11466048.948000008,0,0.0,-0.0014282667464292555,-0.016758503362880428,-195428.91599999927
2021-05-28,TX202106,TX202106,16863.0,False,0.0,65800.0,0.0,0.0,0.0,65800.0,11531848.948000008,0,0.0,0.005738681240452695,-0.011115993831294357,-129628.91599999927
2021-05-31,TX202106,TX202106,17013.0,False,0.0,30000.0,0.0,0.0,0.0,30000.0,11561848.948000008,0,0.0,0.0026014908914674052,-0.008543421096528614,-99628.91599999927
2021-06-01,TX202106,TX202106,17130.0,False,0.0,23400.0,0.0,0.0,0.0,23400.0,11585248.948000008,0,0.0,0.0020238977437988218,-0.0065368143634113585,-76228.91599999927
2021-06-02,TX202106,TX202106,17098.0,False,0.0,-6400.0,0.0,0.0,0.0,-6400.0,11578848.948000008,0,0.0,-0.000552426627060513,-0.00708562988016137,-82628.91599999927
2021-06-03,TX202106,TX202106,17230.0,False,0.0,26400.0,0.0,0.0,0.0,26400.0,11605248.948000008,0,0.0,0.002280019380040364,-0.0048217658735676405,-56228.91599999927
2021-06-04,TX202106,TX202106,17100.0,False,0.0,-26000.0,0.0,0.0,0.0,-26000.0,11579248.948000008,0,0.0,-0.0022403655549742183,-0.007051328910364529,-82228.91599999927
2021-06-07,TX202106,TX202106,17090.0,False,0.0,-2000.0,0.0,0.0,0.0,-2000.0,11577248.948000008,0,0.0,-0.00017272277407469024,-0.007222833759348957,-84228.91599999927
2021-06-08,TX202106,TX202106,17090.0,False,0.0,0.0,0.0,0.0,0.0,0.0,11577248.948000008,0,0.0,0.0,-0.007222833759348957,-84228.91599999927
2021-06-09,TX202106,TX202106,16963.0,False,0.0,-25400.0,0.0,0.0,0.0,-25400.0,11551848.948000008,0,0.0,-0.0021939581772911516,-0.009400945341450528,-109628.91599999927
2021-06-10,TX202106,TX202106,17159.0,False,0.0,39200.0,0.0,0.0,0.0,39200.0,11591048.948000008,0,0.0,0.0033933961720289604,-0.006039450301356664,-70428.91599999927
2021-06-11,TX202106,TX202106,17219.0,False,0.0,12000.0,0.0,0.0,0.0,12000.0,11603048.948000008,0,0.0,0.0010352816258334026,-0.005010421207450433,-58428.91599999927
2021-06-15,TX202106,TX202107,17272.0,True,-126.0,35800.0,100.0,138.68,800.0,34761.32,11637810.268000009,2,1038.68,0.00299587807961387,-0.0020295537389015683,-23667.595999998972
2021-06-16,TX202107,TX202107,17242.0,False,0.0,-6000.0,0.0,0.0,0.0,-6000.0,11631810.268000009,0,0.0,-0.0005155609055165596,-0.002544068285854739,-29667.595999998972
2021-06-17,TX202107,TX202107,17297.0,False,0.0,11000.0,0.0,0.0,0.0,11000.0,11642810.268000009,0,0.0,0.0009456825503990409,-0.0016007916164405556,-18667.595999998972
2021-06-18,TX202107,TX202107,17252.0,False,0.0,-9000.0,0.0,0.0,0.0,-9000.0,11633810.268000009,0,0.0,-0.0007730092471519776,-0.002372563436870312,-27667.595999998972
2021-06-21,TX202107,TX202107,16962.0,False,0.0,-58000.0,0.0,0.0,0.0,-58000.0,11575810.268000009,0,0.0,-0.004985468961921698,-0.0073462040574172605,-85667.59599999897
2021-06-22,TX202107,TX202107,17028.0,False,0.0,13200.0,0.0,0.0,0.0,13200.0,11589010.268000009,0,0.0,0.0011403089454990357,-0.0062142720541203955,-72467.59599999897
2021-06-23,TX202107,TX202107,17272.0,False,0.0,48800.0,0.0,0.0,0.0,48800.0,11637810.268000009,0,0.0,0.004210885905826515,-0.0020295537389015683,-23667.595999998972
2021-06-24,TX202107,TX202107,17336.0,False,0.0,12800.0,0.0,0.0,0.0,12800.0,11650610.268000009,0,0.0,0.001099863265101994,-0.0009319227054015444,-10867.595999998972
2021-06-25,TX202107,TX202107,17419.0,False,0.0,16600.0,0.0,0.0,0.0,16600.0,11667210.268000009,0,0.0,0.0014248180668779357,0.0,0.0
2021-06-28,TX202107,TX202107,17535.0,False,0.0,23200.0,0.0,0.0,0.0,23200.0,11690410.268000009,0,0.0,0.0019884787765959188,0.0,0.0
2021-06-29,TX202107,TX202107,17529.0,False,0.0,-1200.0,0.0,0.0,0.0,-1200.0,11689210.268000009,0,0.0,-0.00010264823667350176,-0.0001026482366734971,-1200.0
2021-06-30,TX202107,TX202107,17715.0,False,0.0,37200.0,0.0,0.0,0.0,37200.0,11726410.268000009,0,0.0,0.0031824220068859123,0.0,0.0
2021-07-01,TX202107,TX202107,17646.0,False,0.0,-13800.0,0.0,0.0,0.0,-13800.0,11712610.268000009,0,0.0,-0.0011768307337547768,-0.0011768307337547412,-13800.0
2021-07-02,TX202107,TX202107,17653.0,False,0.0,1400.0,0.0,0.0,0.0,1400.0,11714010.268000009,0,0.0,0.00011952929090665095,-0.0010574421085912666,-12400.0
2021-07-05,TX202107,TX202107,17898.0,False,0.0,49000.0,0.0,0.0,0.0,49000.0,11763010.268000009,0,0.0,0.004183025187698253,0.0,0.0
2021-07-06,TX202107,TX202107,17878.0,False,0.0,-4000.0,0.0,0.0,0.0,-4000.0,11759010.268000009,0,0.0,-0.0003400490103185207,-0.00034004901031847723,-4000.0
2021-07-07,TX202107,TX202107,17830.0,False,0.0,-9600.0,0.0,0.0,0.0,-9600.0,11749410.268000009,0,0.0,-0.000816395239157554,-0.0011561666350830002,-13600.0
2021-07-08,TX202107,TX202107,17825.0,False,0.0,-1000.0,0.0,0.0,0.0,-1000.0,11748410.268000009,0,0.0,-8.511065467885994e-05,-0.0012411788876626195,-14600.0
2021-07-09,TX202107,TX202107,17658.0,False,0.0,-33400.0,0.0,0.0,0.0,-33400.0,11715010.268000009,0,0.0,-0.0028429378305738938,-0.004080588123822282,-48000.0
2021-07-12,TX202107,TX202107,17824.0,False,0.0,33200.0,0.0,0.0,0.0,33200.0,11748210.268000009,0,0.0,0.0028339710542710362,-0.0012581813381785656,-14800.0
2021-07-13,TX202107,TX202107,17869.0,False,0.0,9000.0,0.0,0.0,0.0,9000.0,11757210.268000009,0,0.0,0.0007660741333949705,-0.0004930710649618808,-5800.0
2021-07-14,TX202107,TX202107,17874.0,False,0.0,1000.0,0.0,0.0,0.0,1000.0,11758210.268000009,0,0.0,8.505419033984052e-05,-0.0004080588123822615,-4800.0
2021-07-15,TX202107,TX202107,18022.0,False,0.0,29600.0,0.0,0.0,0.0,29600.0,11787810.268000009,0,0.0,0.0025173899194979067,0.0,0.0
2021-07-16,TX202107,TX202107,17925.0,False,0.0,-19400.0,0.0,0.0,0.0,-19400.0,11768410.268000009,0,0.0,-0.0016457679211774013,-0.0016457679211774323,-19400.0
2021-07-19,TX202107,TX202107,17794.0,False,0.0,-26200.0,0.0,0.0,0.0,-26200.0,11742210.268000009,0,0.0,-0.002226298999045058,-0.0038684029487469074,-45600.0
2021-07-20,TX202107,TX202108,17341.0,True,-217.0,-47200.0,100.0,139.596,800.0,-48239.596,11693970.672000008,2,1039.596,-0.004108221101393751,-0.007960731795517928,-93839.59600000083
2021-07-21,TX202108,TX202108,17279.0,False,0.0,-12400.0,0.0,0.0,0.0,-12400.0,11681570.672000008,0,0.0,-0.001060375500144746,-0.00901266593070349,-106239.59600000083
2021-07-22,TX202108,TX202108,17407.0,False,0.0,25600.0,0.0,0.0,0.0,25600.0,11707170.672000008,0,0.0,0.002191486121071167,-0.0068409309419333875,-80639.59600000083
2021-07-23,TX202108,TX202108,17407.0,False,0.0,0.0,0.0,0.0,0.0,0.0,11707170.672000008,0,0.0,0.0,-0.0068409309419333875,-80639.59600000083
2021-07-26,TX202108,TX202108,17202.0,False,0.0,-41000.0,0.0,0.0,0.0,-41000.0,11666170.672000008,0,0.0,-0.003502127127783277,-0.010319100259885583,-121639.59600000083
2021-07-27,TX202108,TX202108,17173.0,False,0.0,-5800.0,0.0,0.0,0.0,-5800.0,11660370.672000008,0,0.0,-0.0004971639934876478,-0.010811133968278819,-127439.59600000083
2021-07-28,TX202108,TX202108,16965.0,False,0.0,-41600.0,0.0,0.0,0.0,-41600.0,11618770.672000008,0,0.0,-0.0035676395862692324,-0.014340203325030387,-169039.59600000083
2021-07-29,TX202108,TX202108,17331.0,False,0.0,73200.0,0.0,0.0,0.0,73200.0,11691970.672000008,0,0.0,0.00630015016790065,-0.008130398591515653,-95839.59600000083
2021-07-30,TX202108,TX202108,17173.0,False,0.0,-31600.0,0.0,0.0,0.0,-31600.0,11660370.672000008,0,0.0,-0.0027027094821299755,-0.010811133968278819,-127439.59600000083
2021-08-02,TX202108,TX202108,17470.0,False,0.0,59400.0,0.0,0.0,0.0,59400.0,11719770.672000008,0,0.0,0.005094177678470971,-0.005772030127147998,-68039.59600000083
2021-08-03,TX202108,TX202108,17484.0,False,0.0,2800.0,0.0,0.0,0.0,2800.0,11722570.672000008,0,0.0,0.0002389125246869846,-0.005534496612751294,-65239.596000000834
2021-08-04,TX202108,TX202108,17571.0,False,0.0,17400.0,0.0,0.0,0.0,17400.0,11739970.672000008,0,0.0,0.001484316067427159,-0.004058395487571587,-47839.596000000834
2021-08-05,TX202108,TX202108,17542.0,False,0.0,-5800.0,0.0,0.0,0.0,-5800.0,11734170.672000008,0,0.0,-0.0004940387128762664,-0.004550429195964822,-53639.596000000834
2021-08-06,TX202108,TX202108,17437.0,False,0.0,-21000.0,0.0,0.0,0.0,-21000.0,11713170.672000008,0,0.0,-0.0017896450108834743,-0.006331930553940324,-74639.59600000083
2021-08-09,TX202108,TX202108,17404.0,False,0.0,-6600.0,0.0,0.0,0.0,-6600.0,11706570.672000008,0,0.0,-0.0005634682687393181,-0.0068918309807326494,-81239.59600000083
2021-08-10,TX202108,TX202108,17299.0,False,0.0,-21000.0,0.0,0.0,0.0,-21000.0,11685570.672000008,0,0.0,-0.0017938643680021672,-0.00867333233870815,-102239.59600000083
2021-08-11,TX202108,TX202108,17171.0,False,0.0,-25600.0,0.0,0.0,0.0,-25600.0,11659970.672000008,0,0.0,-0.0021907359699035144,-0.010845067327478364,-127839.59600000083
2021-08-12,TX202108,TX202108,17157.0,False,0.0,-2800.0,0.0,0.0,0.0,-2800.0,11657170.672000008,0,0.0,-0.00024013782527977168,-0.011082600841875068,-130639.59600000083
2021-08-13,TX202108,TX202108,16934.0,False,0.0,-44600.0,0.0,0.0,0.0,-44600.0,11612570.672000008,0,0.0,-0.0038259712630893503,-0.014866170392623168,-175239.59600000083
2021-08-16,TX202108,TX202108,16772.0,False,0.0,-32400.0,0.0,0.0,0.0,-32400.0,11580170.672000008,0,0.0,-0.002790079898340013,-0.017614772487785424,-207639.59600000083
2021-08-17,TX202108,TX202109,16469.0,True,-111.0,-38400.0,100.0,132.19600000000003,800.0,-39432.196,11540738.476000007,2,1032.196,-0.0034051480860592255,-0.02095993966502152,-247071.7920000013
2021-08-18,TX202109,TX202109,16702.0,False,0.0,46600.0,0.0,0.0,0.0,46600.0,11587338.476000007,0,0.0,0.004037869855287757,-0.017006703318275807,-200471.7920000013
2021-08-19,TX202109,TX202109,16329.0,False,0.0,-74600.0,0.0,0.0,0.0,-74600.0,11512738.476000007,0,0.0,-0.0064380616959203735,-0.023335274808988893,-275071.7920000013
2021-08-20,TX202109,TX202109,16193.0,False,0.0,-27200.0,0.0,0.0,0.0,-27200.0,11485538.476000007,0,0.0,-0.002362600354094935,-0.025642743234557175,-302271.7920000013
2021-08-23,TX202109,TX202109,16684.0,False,0.0,98200.0,0.0,0.0,0.0,98200.0,11583738.476000007,0,0.0,0.008549882115252769,-0.0173121035510716,-204071.7920000013
2021-08-24,TX202109,TX202109,16784.0,False,0.0,20000.0,0.0,0.0,0.0,20000.0,11603738.476000007,0,0.0,0.0017265583163360765,-0.015615435591094906,-184071.7920000013
2021-08-25,TX202109,TX202109,16963.0,False,0.0,35800.0,0.0,0.0,0.0,35800.0,11639538.476000007,0,0.0,0.003085212586792186,-0.012578399942736573,-148271.7920000013
2021-08-26,TX202109,TX202109,16995.0,False,0.0,6400.0,0.0,0.0,0.0,6400.0,11645938.476000007,0,0.0,0.0005498499801513948,-0.012035466195544076,-141871.7920000013
2021-08-27,TX202109,TX202109,17170.0,False,0.0,35000.0,0.0,0.0,0.0,35000.0,11680938.476000007,0,0.0,0.0030053395930373606,-0.009066297265584833,-106871.7920000013
2021-08-30,TX202109,TX202109,17339.0,False,0.0,33800.0,0.0,0.0,0.0,33800.0,11714738.476000007,0,0.0,0.0028936031184006706,-0.006198928413224225,-73071.7920000013
2021-08-31,TX202109,TX202109,17457.0,False,0.0,23600.0,0.0,0.0,0.0,23600.0,11738338.476000007,0,0.0,0.0020145562829549575,-0.004196860220451737,-49471.7920000013
2021-09-01,TX202109,TX202109,17476.0,False,0.0,3800.0,0.0,0.0,0.0,3800.0,11742138.476000007,0,0.0,0.00032372554325038513,-0.003874493308056115,-45671.7920000013
2021-09-02,TX202109,TX202109,17320.0,False,0.0,-31200.0,0.0,0.0,0.0,-31200.0,11710938.476000007,0,0.0,-0.0026570969218060497,-0.006521295325619736,-76871.7920000013
2021-09-03,TX202109,TX202109,17509.0,False,0.0,37800.0,0.0,0.0,0.0,37800.0,11748738.476000007,0,0.0,0.003227751565552668,-0.0033145928812637893,-39071.7920000013
2021-09-06,TX202109,TX202109,17496.0,False,0.0,-2600.0,0.0,0.0,0.0,-2600.0,11746138.476000007,0,0.0,-0.00022130035537953346,-0.003535159716060776,-41671.7920000013
2021-09-07,TX202109,TX202109,17422.0,False,0.0,-14800.0,0.0,0.0,0.0,-14800.0,11731338.476000007,0,0.0,-0.0012599885511514882,-0.004790694006443497,-56471.7920000013
2021-09-08,TX202109,TX202109,17262.0,False,0.0,-32000.0,0.0,0.0,0.0,-32000.0,11699338.476000007,0,0.0,-0.0027277364868011997,-0.0075053627424063185,-88471.7920000013
2021-09-09,TX202109,TX202109,17235.0,False,0.0,-5400.0,0.0,0.0,0.0,-5400.0,11693938.476000007,0,0.0,-0.0004615645586353063,-0.00796346309160001,-93871.7920000013
2021-09-10,TX202109,TX202109,17473.0,False,0.0,47600.0,0.0,0.0,0.0,47600.0,11741538.476000007,0,0.0,0.004070484901018729,-0.003925393346855377,-46271.7920000013
2021-09-13,TX202109,TX202109,17442.0,False,0.0,-6200.0,0.0,0.0,0.0,-6200.0,11735338.476000007,0,0.0,-0.0005280398316347514,-0.004451360414448158,-52471.7920000013
2021-09-14,TX202109,TX202110,17401.0,True,-60.0,3800.0,100.0,139.44800000000004,800.0,2760.552,11738099.028000006,2,1039.448,0.0002352341183550536,-0.004217173407935815,-49711.240000002086
2021-09-15,TX202110,TX202110,17323.0,False,0.0,-15600.0,0.0,0.0,0.0,-15600.0,11722499.028000006,0,0.0,-0.0013290056560937024,-0.005540574416717625,-65311.240000002086
2021-09-16,TX202110,TX202110,17248.0,False,0.0,-15000.0,0.0,0.0,0.0,-15000.0,11707499.028000006,0,0.0,-0.0012795906371304833,-0.006813075386700174,-80311.24000000209
2021-09-17,TX202110,TX202110,17298.0,False,0.0,10000.0,0.0,0.0,0.0,10000.0,11717499.028000006,0,0.0,0.0008541533914360103,-0.005964741406711771,-70311.24000000209
2021-09-22,TX202110,TX202110,16900.0,False,0.0,-79600.0,0.0,0.0,0.0,-79600.0,11637899.028000006,0,0.0,-0.00679325851103454,-0.012717479887419114,-149911.2400000021
2021-09-23,TX202110,TX202110,17080.0,False,0.0,36000.0,0.0,0.0,0.0,36000.0,11673899.028000006,0,0.0,0.003093341840600817,-0.009663477559460953,-113911.24000000209
2021-09-24,TX202110,TX202110,17250.0,False,0.0,34000.0,0.0,0.0,0.0,34000.0,11707899.028000006,0,0.0,0.002912480219201017,-0.006779142027500629,-79911.24000000209
2021-09-27,TX202110,TX202110,17292.0,False,0.0,8400.0,0.0,0.0,0.0,8400.0,11716299.028000006,0,0.0,0.0007174643358224216,-0.006066541484310406,-71511.24000000209
2021-09-28,TX202110,TX202110,17170.0,False,0.0,-24400.0,0.0,0.0,0.0,-24400.0,11691899.028000006,0,0.0,-0.002082568901808332,-0.008136476395481984,-95911.24000000209
2021-09-29,TX202110,TX202110,16823.0,False,0.0,-69400.0,0.0,0.0,0.0,-69400.0,11622499.028000006,0,0.0,-0.005935733778901051,-0.014023914216601097,-165311.2400000021
2021-09-30,TX202110,TX202110,16917.0,False,0.0,18800.0,0.0,0.0,0.0,18800.0,11641299.028000006,0,0.0,0.0016175522970325509,-0.012429046334223037,-146511.2400000021
2021-10-01,TX202110,TX202110,16517.0,False,0.0,-80000.0,0.0,0.0,0.0,-80000.0,11561299.028000006,0,0.0,-0.0068720853065952145,-0.019215718174129814,-226511.2400000021
2021-10-04,TX202110,TX202110,16358.0,False,0.0,-31800.0,0.0,0.0,0.0,-31800.0,11529499.028000006,0,0.0,-0.0027505559646008996,-0.02191342023049281,-258311.2400000021
2021-10-05,TX202110,TX202110,16398.0,False,0.0,8000.0,0.0,0.0,0.0,8000.0,11537499.028000006,0,0.0,0.0006938722992709025,-0.02123475304650213,-250311.2400000021
2021-10-06,TX202110,TX202110,16359.0,False,0.0,-7800.0,0.0,0.0,0.0,-7800.0,11529699.028000006,0,0.0,-0.0006760563949839057,-0.02189645355089298,-258111.2400000021
2021-10-07,TX202110,TX202110,16706.0,False,0.0,69400.0,0.0,0.0,0.0,69400.0,11599099.028000006,0,0.0,0.006019237781616094,-0.016009015729773868,-188711.2400000021
2021-10-08,TX202110,TX202110,16627.0,False,0.0,-15800.0,0.0,0.0,0.0,-15800.0,11583299.028000006,0,0.0,-0.0013621747656312872,-0.017349383418155506,-204511.2400000021
2021-10-12,TX202110,TX202110,16418.0,False,0.0,-41800.0,0.0,0.0,0.0,-41800.0,11541499.028000006,0,0.0,-0.003608643780926138,-0.02089541945450679,-246311.2400000021
2021-10-13,TX202110,TX202110,16318.0,False,0.0,-20000.0,0.0,0.0,0.0,-20000.0,11521499.028000006,0,0.0,-0.0017328771549934222,-0.022592087414483486,-266311.2400000021
2021-10-14,TX202110,TX202110,16405.0,False,0.0,17400.0,0.0,0.0,0.0,17400.0,11538899.028000006,0,0.0,0.0015102201508426834,-0.02111598628930378,-248911.2400000021
2021-10-15,TX202110,TX202110,16782.0,False,0.0,75400.0,0.0,0.0,0.0,75400.0,11614299.028000006,0,0.0,0.006534418909207562,-0.014719548080191602,-173511.2400000021
2021-10-18,TX202110,TX202110,16725.0,False,0.0,-11400.0,0.0,0.0,0.0,-11400.0,11602899.028000006,0,0.0,-0.0009815486903270382,-0.015686648817378246,-184911.2400000021
2021-10-19,TX202110,TX202111,16872.0,True,-30.0,35400.0,100.0,135.096,800.0,34364.904,11637263.932000006,2,1035.096,0.0029617515344286752,-0.012771357239154568,-150546.33600000292
2021-10-20,TX202111,TX202111,16889.0,False,0.0,3400.0,0.0,0.0,0.0,3400.0,11640663.932000006,0,0.0,0.0002921648954485531,-0.012482923685958602,-147146.33600000292
2021-10-21,TX202111,TX202111,16813.0,False,0.0,-15200.0,0.0,0.0,0.0,-15200.0,11625463.932000006,0,0.0,-0.0013057674449492038,-0.013772391335540868,-162346.33600000292
2021-10-22,TX202111,TX202111,16854.0,False,0.0,8200.0,0.0,0.0,0.0,8200.0,11633663.932000006,0,0.0,0.000705348194959244,-0.013076757471950362,-154146.33600000292
2021-10-25,TX202111,TX202111,16888.0,False,0.0,6800.0,0.0,0.0,0.0,6800.0,11640463.932000006,0,0.0,0.0005845106098772251,-0.01249989036555832,-147346.33600000292
2021-10-26,TX202111,TX202111,17048.0,False,0.0,32000.0,0.0,0.0,0.0,32000.0,11672463.932000006,0,0.0,0.002749031326151098,-0.009785221629595608,-115346.33600000292
2021-10-27,TX202111,TX202111,17071.0,False,0.0,4600.0,0.0,0.0,0.0,4600.0,11677063.932000006,0,0.0,0.00039408988768764765,-0.009394987998801008,-110746.33600000292
2021-10-28,TX202111,TX202111,17038.0,False,0.0,-6600.0,0.0,0.0,0.0,-6600.0,11670463.932000006,0,0.0,-0.00056521057334569,-0.009954888425593333,-117346.33600000292
2021-10-29,TX202111,TX202111,16945.0,False,0.0,-18600.0,0.0,0.0,0.0,-18600.0,11651863.932000006,0,0.0,-0.0015937669751927726,-0.011532789628371565,-135946.33600000292
2021-11-01,TX202111,TX202111,17079.0,False,0.0,26800.0,0.0,0.0,0.0,26800.0,11678663.932000006,0,0.0,0.0023000611881844953,-0.009259254562002828,-109146.33600000292
2021-11-02,TX202111,TX202111,17047.0,False,0.0,-6400.0,0.0,0.0,0.0,-6400.0,11672263.932000006,0,0.0,-0.0005480078917643776,-0.009802188309195325,-115546.33600000292
2021-11-03,TX202111,TX202111,17092.0,False,0.0,9000.0,0.0,0.0,0.0,9000.0,11681263.932000006,0,0.0,0.0007710586440155897,-0.00903868772720584,-106546.33600000292
2021-11-04,TX202111,TX202111,17075.0,False,0.0,-3400.0,0.0,0.0,0.0,-3400.0,11677863.932000006,0,0.0,-0.00029106439335609374,-0.009327121280401918,-109946.33600000292
2021-11-05,TX202111,TX202111,17267.0,False,0.0,38400.0,0.0,0.0,0.0,38400.0,11716263.932000006,0,0.0,0.003288272600503184,-0.006069518797246598,-71546.33600000292
2021-11-08,TX202111,TX202111,17424.0,False,0.0,31400.0,0.0,0.0,0.0,31400.0,11747663.932000006,0,0.0,0.0026800352213164863,-0.00340575010008326,-40146.33600000292
2021-11-09,TX202111,TX202111,17555.0,False,0.0,26200.0,0.0,0.0,0.0,26200.0,11773863.932000006,0,0.0,0.0022302306357804983,-0.0011831150725137851,-13946.33600000292
2021-11-10,TX202111,TX202111,17555.0,False,0.0,0.0,0.0,0.0,0.0,0.0,11773863.932000006,0,0.0,0.0,-0.0011831150725137851,-13946.33600000292
2021-11-11,TX202111,TX202111,17470.0,False,0.0,-17000.0,0.0,0.0,0.0,-17000.0,11756863.932000006,0,0.0,-0.0014438760374829846,-0.0026252828384939475,-30946.33600000292
2021-11-12,TX202111,TX202111,17547.0,False,0.0,15400.0,0.0,0.0,0.0,15400.0,11772263.932000006,0,0.0,0.001309873116595664,-0.001318848509311854,-15546.33600000292
2021-11-15,TX202111,TX202111,17664.0,False,0.0,23400.0,0.0,0.0,0.0,23400.0,11795663.932000006,0,0.0,0.001987723018712896,0.0,0.0
2021-11-16,TX202111,TX202112,17680.0,True,-21.0,7400.0,100.0,141.524,800.0,6358.476,11802022.408000005,2,1041.524,0.0005390519801730136,0.0,0.0
2021-11-17,TX202112,TX202112,17764.0,False,0.0,16800.0,0.0,0.0,0.0,16800.0,11818822.408000005,0,0.0,0.0014234848417684848,0.0,0.0
2021-11-18,TX202112,TX202112,17860.0,False,0.0,19200.0,0.0,0.0,0.0,19200.0,11838022.408000005,0,0.0,0.001624527329135919,0.0,0.0
2021-11-19,TX202112,TX202112,17851.0,False,0.0,-1800.0,0.0,0.0,0.0,-1800.0,11836222.408000005,0,0.0,-0.00015205242378858649,-0.00015205242378857342,-1800.0
2021-11-22,TX202112,TX202112,17836.0,False,0.0,-3000.0,0.0,0.0,0.0,-3000.0,11833222.408000005,0,0.0,-0.0002534592454069066,-0.00040547313010286246,-4800.0
2021-11-23,TX202112,TX202112,17659.0,False,0.0,-35400.0,0.0,0.0,0.0,-35400.0,11797822.408000005,0,0.0,-0.00299157733873635,-0.003395837464611806,-40200.0
2021-11-24,TX202112,TX202112,17679.0,False,0.0,4000.0,0.0,0.0,0.0,4000.0,11801822.408000005,0,0.0,0.000339045618900623,-0.0030579431895260134,-36200.0
2021-11-25,TX202112,TX202112,17676.0,False,0.0,-600.0,0.0,0.0,0.0,-600.0,11801222.408000005,0,0.0,-5.083960588944999e-05,-0.003108627330788871,-36800.0
2021-11-26,TX202112,TX202112,17342.0,False,0.0,-66800.0,0.0,0.0,0.0,-66800.0,11734422.408000005,0,0.0,-0.005660430563084425,-0.008751461724720855,-103600.0
2021-11-29,TX202112,TX202112,17308.0,False,0.0,-6800.0,0.0,0.0,0.0,-6800.0,11727622.408000005,0,0.0,-0.0005794916667874563,-0.009325881992366614,-110400.0
2021-11-30,TX202112,TX202112,17327.0,False,0.0,3800.0,0.0,0.0,0.0,3800.0,11731422.408000005,0,0.0,0.00032402134616883873,-0.009004882431035144,-106600.0
2021-12-01,TX202112,TX202112,17586.0,False,0.0,51800.0,0.0,0.0,0.0,51800.0,11783222.408000005,0,0.0,0.0044154918473207514,-0.0046291515686747164,-54800.0
2021-12-02,TX202112,TX202112,17705.0,False,0.0,23800.0,0.0,0.0,0.0,23800.0,11807022.408000005,0,0.0,0.0020198209942843327,-0.002618680631914505,-31000.0
2021-12-03,TX202112,TX202112,17706.0,False,0.0,200.0,0.0,0.0,0.0,200.0,11807222.408000005,0,0.0,1.6939071773463168e-05,-0.002601785918160293,-30800.0
2021-12-06,TX202112,TX202112,17693.0,False,0.0,-2600.0,0.0,0.0,0.0,-2600.0,11804622.408000005,0,0.0,-0.00022020420300022172,-0.0028214171969660473,-33400.0
2021-12-07,TX202112,TX202112,17795.0,False,0.0,20400.0,0.0,0.0,0.0,20400.0,11825022.408000005,0,0.0,0.0017281365972515053,-0.0010981563940286598,-13000.0
2021-12-08,TX202112,TX202112,17851.0,False,0.0,11200.0,0.0,0.0,0.0,11200.0,11836222.408000005,0,0.0,0.0009471440825704349,-0.00015205242378857342,-1800.0
2021-12-09,TX202112,TX202112,17911.0,False,0.0,12000.0,0.0,0.0,0.0,12000.0,11848222.408000005,0,0.0,0.0010138369816276264,0.0,0.0
2021-12-10,TX202112,TX202112,17818.0,False,0.0,-18600.0,0.0,0.0,0.0,-18600.0,11829622.408000005,0,0.0,-0.0015698557437140229,-0.0015698557437140437,-18600.0
2021-12-13,TX202112,TX202112,17752.0,False,0.0,-13200.0,0.0,0.0,0.0,-13200.0,11816422.408000005,0,0.0,-0.0011158428853209423,-0.0026839469166723973,-31800.0
2021-12-14,TX202112,TX202201,17543.0,True,-62.0,-29400.0,100.0,140.592,800.0,-30440.592,11785981.816000005,2,1040.592,-0.0025761259160294557,-0.00525315864749254,-62240.59200000018
2021-12-15,TX202201,TX202201,17597.0,False,0.0,10800.0,0.0,0.0,0.0,10800.0,11796781.816000005,0,0.0,0.0009163428358033363,-0.004341629505981159,-51440.59200000018
2021-12-16,TX202201,TX202201,17804.0,False,0.0,41400.0,0.0,0.0,0.0,41400.0,11838181.816000005,0,0.0,0.003509431694654984,-0.0008474344635209796,-10040.592000000179
2021-12-17,TX202201,TX202201,17786.0,False,0.0,-3600.0,0.0,0.0,0.0,-3600.0,11834581.816000005,0,0.0,-0.0003041007526286162,-0.0011512775106914397,-13640.592000000179
2021-12-20,TX202201,TX202201,17580.0,False,0.0,-41200.0,0.0,0.0,0.0,-41200.0,11793381.816000005,0,0.0,-0.0034813228418682962,-0.004628592383864372,-54840.59200000018
2021-12-21,TX202201,TX202201,17796.0,False,0.0,43200.0,0.0,0.0,0.0,43200.0,11836581.816000005,0,0.0,0.0036630714305705627,-0.0009824758178189619,-11640.592000000179
2021-12-22,TX202201,TX202201,17833.0,False,0.0,7400.0,0.0,0.0,0.0,7400.0,11843981.816000005,0,0.0,0.0006251804883397257,-0.00035790955419079395,-4240.592000000179
2021-12-23,TX202201,TX202201,17954.0,False,0.0,24200.0,0.0,0.0,0.0,24200.0,11868181.816000005,0,0.0,0.0020432317759309865,0.0,0.0
2021-12-24,TX202201,TX202201,17958.0,False,0.0,800.0,0.0,0.0,0.0,800.0,11868981.816000005,0,0.0,6.740712371978374e-05,0.0,0.0
2021-12-27,TX202201,TX202201,18068.0,False,0.0,22000.0,0.0,0.0,0.0,22000.0,11890981.816000005,0,0.0,0.0018535709584071361,0.0,0.0
2021-12-28,TX202201,TX202201,18207.0,False,0.0,27800.0,0.0,0.0,0.0,27800.0,11918781.816000005,0,0.0,0.002337906190605177,0.0,0.0
2021-12-29,TX202201,TX202201,18276.0,False,0.0,13800.0,0.0,0.0,0.0,13800.0,11932581.816000005,0,0.0,0.001157836447804977,0.0,0.0
2021-12-30,TX202201,TX202201,18212.0,False,0.0,-12800.0,0.0,0.0,0.0,-12800.0,11919781.816000005,0,0.0,-0.0010726932525898882,-0.0010726932525898514,-12800.0
2022-01-03,TX202201,TX202201,18273.0,False,0.0,12200.0,0.0,0.0,0.0,12200.0,11931981.816000005,0,0.0,0.001023508667216027,-5.028249621519265e-05,-600.0
2022-01-04,TX202201,TX202201,18516.0,False,0.0,48600.0,0.0,0.0,0.0,48600.0,11980581.816000005,0,0.0,0.004073086998408813,0.0,0.0
2022-01-05,TX202201,TX202201,18480.0,False,0.0,-7200.0,0.0,0.0,0.0,-7200.0,11973381.816000005,0,0.0,-0.0006009724828542498,-0.0006009724828542895,-7200.0
2022-01-06,TX202201,TX202201,18335.0,False,0.0,-29000.0,0.0,0.0,0.0,-29000.0,11944381.816000005,0,0.0,-0.0024220391904021103,-0.003021556094350508,-36200.0
2022-01-07,TX202201,TX202201,18143.0,False,0.0,-38400.0,0.0,0.0,0.0,-38400.0,11905981.816000005,0,0.0,-0.0032149005776558126,-0.0062267426695732375,-74600.0
2022-01-10,TX202201,TX202201,18258.0,False,0.0,23000.0,0.0,0.0,0.0,23000.0,11928981.816000005,0,0.0,0.0019318020433301147,-0.004306969460455501,-51600.0
2022-01-11,TX202201,TX202201,18280.0,False,0.0,4400.0,0.0,0.0,0.0,4400.0,11933381.816000005,0,0.0,0.000368849585645139,-0.00393970849871117,-47200.0
2022-01-12,TX202201,TX202201,18375.0,False,0.0,19000.0,0.0,0.0,0.0,19000.0,11952381.816000005,0,0.0,0.0015921723022827641,-0.0023538088911791988,-28200.0
2022-01-13,TX202201,TX202201,18425.0,False,0.0,10000.0,0.0,0.0,0.0,10000.0,11962381.816000005,0,0.0,0.0008366533260018135,-0.001519124887214951,-18200.0
2022-01-14,TX202201,TX202201,18357.0,False,0.0,-13600.0,0.0,0.0,0.0,-13600.0,11948781.816000005,0,0.0,-0.001136897334426296,-0.002654295132606288,-31800.0
2022-01-17,TX202201,TX202201,18509.0,False,0.0,30400.0,0.0,0.0,0.0,30400.0,11979181.816000005,0,0.0,0.00254419240958044,-0.00011685576055497915,-1400.0
2022-01-18,TX202201,TX202202,18314.0,True,-35.0,-32000.0,100.0,146.65200000000002,800.0,-33046.652,11946135.164000005,2,1046.652,-0.0027586735477928225,-0.0028752069414522685,-34446.6520000007
2022-01-19,TX202202,TX202202,18143.0,False,0.0,-34200.0,0.0,0.0,0.0,-34200.0,11911935.164000005,0,0.0,-0.002862850581421731,-0.00572982623501006,-68646.6520000007
2022-01-20,TX202202,TX202202,18226.0,False,0.0,16600.0,0.0,0.0,0.0,16600.0,11928535.164000005,0,0.0,0.0013935603049761525,-0.004344250788429371,-52046.6520000007
2022-01-21,TX202202,TX202202,17895.0,False,0.0,-66200.0,0.0,0.0,0.0,-66200.0,11862335.164000005,0,0.0,-0.0055497174707410685,-0.009869858894672623,-118246.6520000007
2022-01-24,TX202202,TX202202,17957.0,False,0.0,12400.0,0.0,0.0,0.0,12400.0,11874735.164000005,0,0.0,0.0010453253789044596,-0.008834850729756982,-105846.6520000007
2022-01-25,TX202202,TX202202,17678.0,False,0.0,-55800.0,0.0,0.0,0.0,-55800.0,11818935.164000005,0,0.0,-0.0046990521665835425,-0.01349238747187742,-161646.6520000007
2022-01-26,TX202202,TX202202,17625.0,False,0.0,-10600.0,0.0,0.0,0.0,-10600.0,11808335.164000005,0,0.0,-0.0008968659065232178,-0.014377152516079517,-172246.6520000007
2022-02-07,TX202202,TX202202,17899.0,False,0.0,54800.0,0.0,0.0,0.0,54800.0,11863135.164000005,0,0.0,0.004640789682788511,-0.009803084174355492,-117446.6520000007
2022-02-08,TX202202,TX202202,17942.0,False,0.0,8600.0,0.0,0.0,0.0,8600.0,11871735.164000005,0,0.0,0.000724934840673286,-0.009085255930946223,-108846.6520000007
2022-02-09,TX202202,TX202202,18167.0,False,0.0,45000.0,0.0,0.0,0.0,45000.0,11916735.164000005,0,0.0,0.003790515824212332,-0.005329177913107164,-63846.6520000007
2022-02-10,TX202202,TX202202,18337.0,False,0.0,34000.0,0.0,0.0,0.0,34000.0,11950735.164000005,0,0.0,0.0028531304532731987,-0.0024912522996287656,-29846.6520000007
2022-02-11,TX202202,TX202202,18275.0,False,0.0,-12400.0,0.0,0.0,0.0,-12400.0,11938335.164000005,0,0.0,-0.0010375930710399596,-0.0035262604645444062,-42246.6520000007
2022-02-14,TX202202,TX202202,17977.0,False,0.0,-59600.0,0.0,0.0,0.0,-59600.0,11878735.164000005,0,0.0,-0.0049923208873983976,-0.008500977128171328,-101846.6520000007
2022-02-15,TX202202,TX202203,17922.0,True,-31.0,-4800.0,100.0,143.5,800.0,-5843.5,11872891.664000005,2,1043.5,-0.0004919294789658632,-0.008988724725887742,-107690.1520000007
2022-02-16,TX202203,TX202203,18213.0,False,0.0,58200.0,0.0,0.0,0.0,58200.0,11931091.664000005,0,0.0,0.00490192293899802,-0.004130863822815911,-49490.1520000007
2022-02-17,TX202203,TX202203,18243.0,False,0.0,6000.0,0.0,0.0,0.0,6000.0,11937091.664000005,0,0.0,0.000502887763246674,-0.003630053420437429,-43490.1520000007
2022-02-18,TX202203,TX202203,18226.0,False,0.0,-3400.0,0.0,0.0,0.0,-3400.0,11933691.664000005,0,0.0,-0.0002848264967465863,-0.003913845981785236,-46890.1520000007
2022-02-21,TX202203,TX202203,18210.0,False,0.0,-3200.0,0.0,0.0,0.0,-3200.0,11930491.664000005,0,0.0,-0.00026814837269956794,-0.004180944863053759,-50090.1520000007
2022-02-22,TX202203,TX202203,17878.0,False,0.0,-66400.0,0.0,0.0,0.0,-66400.0,11864091.664000005,0,0.0,-0.00556557113235832,-0.009723246649376294,-116490.1520000007
2022-02-23,TX202203,TX202203,18042.0,False,0.0,32800.0,0.0,0.0,0.0,32800.0,11896891.664000005,0,0.0,0.0027646448568437146,-0.006985483116373592,-83690.1520000007
2022-02-24,TX202203,TX202203,17516.0,False,0.0,-105200.0,0.0,0.0,0.0,-105200.0,11791691.664000005,0,0.0,-0.008842645875168824,-0.01576635883807742,-188890.1520000007
2022-02-25,TX202203,TX202203,17606.0,False,0.0,18000.0,0.0,0.0,0.0,18000.0,11809691.664000005,0,0.0,0.0015264985307370223,-0.014263927630941753,-170890.1520000007
2022-03-01,TX202203,TX202203,17911.0,False,0.0,61000.0,0.0,0.0,0.0,61000.0,11870691.664000005,0,0.0,0.005165249164459471,-0.009172355206759852,-109890.1520000007
2022-03-02,TX202203,TX202203,17844.0,False,0.0,-13400.0,0.0,0.0,0.0,-13400.0,11857291.664000005,0,0.0,-0.0011288306005485676,-0.010290831772072018,-123290.1520000007
2022-03-03,TX202203,TX202203,17929.0,False,0.0,17000.0,0.0,0.0,0.0,17000.0,11874291.664000005,0,0.0,0.0014337169466459025,-0.008871868965332763,-106290.1520000007
2022-03-04,TX202203,TX202203,17666.0,False,0.0,-52600.0,0.0,0.0,0.0,-52600.0,11821691.664000005,0,0.0,-0.004429737915186179,-0.013262306826184678,-158890.1520000007
2022-03-07,TX202203,TX202203,17058.0,False,0.0,-121600.0,0.0,0.0,0.0,-121600.0,11700091.664000005,0,0.0,-0.010286175909180772,-0.023412064314389802,-280490.1520000007
2022-03-08,TX202203,TX202203,16702.0,False,0.0,-71200.0,0.0,0.0,0.0,-71200.0,11628891.664000005,0,0.0,-0.006085422409046177,-0.029355014422615122,-351690.1520000007
2022-03-09,TX202203,TX202203,16946.0,False,0.0,48800.0,0.0,0.0,0.0,48800.0,11677691.664000005,0,0.0,0.004196444632042793,-0.02528175648326969,-302890.1520000007
2022-03-10,TX202203,TX202203,17437.0,False,0.0,98200.0,0.0,0.0,0.0,98200.0,11775891.664000005,0,0.0,0.008409196168685547,-0.017085159564340868,-204690.1520000007
2022-03-11,TX202203,TX202203,17220.0,False,0.0,-43400.0,0.0,0.0,0.0,-43400.0,11732491.664000005,0,0.0,-0.0036854958620821756,-0.020707688141545666,-248090.1520000007
2022-03-14,TX202203,TX202203,17239.0,False,0.0,3800.0,0.0,0.0,0.0,3800.0,11736291.664000005,0,0.0,0.0003238868697993561,-0.020390508220039183,-244290.1520000007
2022-03-15,TX202203,TX202204,16825.0,True,-57.0,-71400.0,100.0,134.82800000000003,800.0,-72434.828,11663856.836000005,2,1034.828,-0.0061718667253462325,-0.026436527446189295,-316724.98000000045
2022-03-16,TX202204,TX202204,16933.0,False,0.0,21600.0,0.0,0.0,0.0,21600.0,11685456.836000005,0,0.0,0.001851874581770629,-0.024633609997626538,-295124.98000000045
2022-03-17,TX202204,TX202204,17446.0,False,0.0,102600.0,0.0,0.0,0.0,102600.0,11788056.836000005,0,0.0,0.008780144536918296,-0.016069752116953495,-192524.98000000045
2022-03-18,TX202204,TX202204,17391.0,False,0.0,-11000.0,0.0,0.0,0.0,-11000.0,11777056.836000005,0,0.0,-0.0009331478591455949,-0.016987904521314157,-203524.98000000045
2022-03-21,TX202204,TX202204,17489.0,False,0.0,19600.0,0.0,0.0,0.0,19600.0,11796656.836000005,0,0.0,0.0016642528157023826,-0.015351923873544226,-183924.98000000045
2022-03-22,TX202204,TX202204,17520.0,False,0.0,6200.0,0.0,0.0,0.0,6200.0,11802856.836000005,0,0.0,0.0005255726335176066,-0.014834419791086462,-177724.98000000045
2022-03-23,TX202204,TX202204,17702.0,False,0.0,36400.0,0.0,0.0,0.0,36400.0,11839256.836000005,0,0.0,0.003083999111890946,-0.01179617001665656,-141324.98000000045
2022-03-24,TX202204,TX202204,17671.0,False,0.0,-6200.0,0.0,0.0,0.0,-6200.0,11833056.836000005,0,0.0,-0.0005236815186868371,-0.012313674099114436,-147524.98000000045
2022-03-25,TX202204,TX202204,17621.0,False,0.0,-10000.0,0.0,0.0,0.0,-10000.0,11823056.836000005,0,0.0,-0.0008450901688882919,-0.013148358103078683,-157524.98000000045
2022-03-28,TX202204,TX202204,17438.0,False,0.0,-36600.0,0.0,0.0,0.0,-36600.0,11786456.836000005,0,0.0,-0.003095646118232023,-0.016203301557587757,-194124.98000000045
2022-03-29,TX202204,TX202204,17545.0,False,0.0,21400.0,0.0,0.0,0.0,21400.0,11807856.836000005,0,0.0,0.0018156431824903339,-0.014417077789104282,-172724.98000000045
2022-03-30,TX202204,TX202204,17741.0,False,0.0,39200.0,0.0,0.0,0.0,39200.0,11847056.836000005,0,0.0,0.0033198234484420864,-0.011145116493564533,-133524.98000000045
2022-03-31,TX202204,TX202204,17639.0,False,0.0,-20400.0,0.0,0.0,0.0,-20400.0,11826656.836000005,0,0.0,-0.0017219466642558775,-0.012847871861651483,-153924.98000000045
2022-04-01,TX202204,TX202204,17554.0,False,0.0,-17000.0,0.0,0.0,0.0,-17000.0,11809656.836000005,0,0.0,-0.001437430732601667,-0.014266834668390738,-170924.98000000045
2022-04-06,TX202204,TX202204,17506.0,False,0.0,-9600.0,0.0,0.0,0.0,-9600.0,11800056.836000005,0,0.0,-0.0008128940690923219,-0.01506813131219642,-180524.98000000045
2022-04-07,TX202204,TX202204,17143.0,False,0.0,-72600.0,0.0,0.0,0.0,-72600.0,11727456.836000005,0,0.0,-0.006152512738625928,-0.02112793718097672,-253124.98000000045
2022-04-08,TX202204,TX202204,17316.0,False,0.0,34600.0,0.0,0.0,0.0,34600.0,11762056.836000005,0,0.0,0.002950341278919714,-0.018239930527260473,-218524.98000000045
2022-04-11,TX202204,TX202204,17039.0,False,0.0,-55400.0,0.0,0.0,0.0,-55400.0,11706656.836000005,0,0.0,-0.0047100605593434815,-0.022864079909222346,-273924.98000000045
2022-04-12,TX202204,TX202204,16999.0,False,0.0,-8000.0,0.0,0.0,0.0,-8000.0,11698656.836000005,0,0.0,-0.0006833718722666073,-0.023531827112393766,-281924.98000000045
2022-04-13,TX202204,TX202204,17316.0,False,0.0,63400.0,0.0,0.0,0.0,63400.0,11762056.836000005,0,0.0,0.005419425570711729,-0.018239930527260473,-218524.98000000045
2022-04-14,TX202204,TX202204,17298.0,False,0.0,-3600.0,0.0,0.0,0.0,-3600.0,11758456.836000005,0,0.0,-0.00030606891721365583,-0.018540416768687673,-222124.98000000045
2022-04-15,TX202204,TX202204,16983.0,False,0.0,-63000.0,0.0,0.0,0.0,-63000.0,11695456.836000005,0,0.0,-0.005357845921338719,-0.02379892599366229,-285124.98000000045
2022-04-18,TX202204,TX202204,16881.0,False,0.0,-20400.0,0.0,0.0,0.0,-20400.0,11675056.836000005,0,0.0,-0.0017442670505359293,-0.02550168136174935,-305524.98000000045
2022-04-19,TX202204,TX202205,16966.0,True,-34.0,23800.0,100.0,135.864,800.0,22764.136,11697820.972000005,2,1035.864,0.0019498094373131315,-0.023601595343422654,-282760.8440000005
2022-04-20,TX202205,TX202205,17071.0,False,0.0,21000.0,0.0,0.0,0.0,21000.0,11718820.972000005,0,0.0,0.001795206137131502,-0.021848758935097856,-261760.8440000005
2022-04-21,TX202205,TX202205,17126.0,False,0.0,11000.0,0.0,0.0,0.0,11000.0,11729820.972000005,0,0.0,0.0009386609818754381,-0.020930606530737195,-250760.8440000005
2022-04-22,TX202205,TX202205,16992.0,False,0.0,-26800.0,0.0,0.0,0.0,-26800.0,11703020.972000005,0,0.0,-0.0022847748541067834,-0.023167559661361303,-277560.8440000005
2022-04-25,TX202205,TX202205,16572.0,False,0.0,-84000.0,0.0,0.0,0.0,-84000.0,11619020.972000005,0,0.0,-0.007177633894784408,-0.03017890529466094,-361560.8440000005
2022-04-26,TX202205,TX202205,16586.0,False,0.0,2800.0,0.0,0.0,0.0,2800.0,11621820.972000005,0,0.0,0.0002409841592288675,-0.02994519377355087,-358760.8440000005
2022-04-27,TX202205,TX202205,16285.0,False,0.0,-60200.0,0.0,0.0,0.0,-60200.0,11561620.972000005,0,0.0,-0.005179911146888038,-0.03496999147741564,-418960.8440000005
2022-04-28,TX202205,TX202205,16387.0,False,0.0,20400.0,0.0,0.0,0.0,20400.0,11582020.972000005,0,0.0,0.0017644584655910126,-0.03326723610932858,-398560.8440000005
2022-04-29,TX202205,TX202205,16583.0,False,0.0,39200.0,0.0,0.0,0.0,39200.0,11621220.972000005,0,0.0,0.0033845561232161083,-0.02999527481378872,-359360.8440000005
2022-05-03,TX202205,TX202205,16470.0,False,0.0,-22600.0,0.0,0.0,0.0,-22600.0,11598620.972000005,0,0.0,-0.0019447182059830117,-0.03188166066274789,-381960.8440000005
2022-05-04,TX202205,TX202205,16519.0,False,0.0,9800.0,0.0,0.0,0.0,9800.0,11608420.972000005,0,0.0,0.000844928032708197,-0.031063670338862925,-372160.8440000005
2022-05-05,TX202205,TX202205,16684.0,False,0.0,33000.0,0.0,0.0,0.0,33000.0,11641420.972000005,0,0.0,0.0028427638935215544,-0.028309213125781052,-339160.8440000005
2022-05-06,TX202205,TX202205,16355.0,False,0.0,-65800.0,0.0,0.0,0.0,-65800.0,11575620.972000005,0,0.0,-0.005652230956879099,-0.03380143387186563,-404960.8440000005
2022-05-09,TX202205,TX202205,16027.0,False,0.0,-65600.0,0.0,0.0,0.0,-65600.0,11510020.972000005,0,0.0,-0.005667082583187397,-0.03927696093787103,-470560.8440000005
2022-05-10,TX202205,TX202205,16039.0,False,0.0,2400.0,0.0,0.0,0.0,2400.0,11512420.972000005,0,0.0,0.00020851395543399875,-0.03907663677691964,-468160.8440000005
2022-05-11,TX202205,TX202205,16010.0,False,0.0,-5800.0,0.0,0.0,0.0,-5800.0,11506620.972000005,0,0.0,-0.0005038036755350157,-0.03956075349921895,-473960.8440000005
2022-05-12,TX202205,TX202205,15632.0,False,0.0,-75600.0,0.0,0.0,0.0,-75600.0,11431020.972000005,0,0.0,-0.006570130378324238,-0.04587096456918849,-549560.8440000005
2022-05-13,TX202205,TX202205,15851.0,False,0.0,43800.0,0.0,0.0,0.0,43800.0,11474820.972000005,0,0.0,0.003831678736946331,-0.042215048631825125,-505760.8440000005
2022-05-16,TX202205,TX202205,15921.0,False,0.0,14000.0,0.0,0.0,0.0,14000.0,11488820.972000005,0,0.0,0.0012200626078752556,-0.04104649102627522,-491760.8440000005
2022-05-17,TX202205,TX202206,16025.0,True,-50.0,30800.0,100.0,128.4,800.0,29771.6,11518592.572000004,2,1028.4,0.0025913538101566638,-0.03856150319703311,-461989.2440000009
2022-05-18,TX202206,TX202206,16196.0,False,0.0,34200.0,0.0,0.0,0.0,34200.0,11552792.572000004,0,0.0,0.0029691127441329197,-0.03570688390347543,-427789.2440000009
2022-05-19,TX202206,TX202206,15911.0,False,0.0,-57000.0,0.0,0.0,0.0,-57000.0,11495792.572000004,0,0.0,-0.004933872017935161,-0.04046458272607156,-484789.2440000009
2022-05-20,TX202206,TX202206,16135.0,False,0.0,44800.0,0.0,0.0,0.0,44800.0,11540592.572000004,0,0.0,0.003897077971737083,-0.036725198388311786,-439989.2440000009
2022-05-23,TX202206,TX202206,16147.0,False,0.0,2400.0,0.0,0.0,0.0,2400.0,11542992.572000004,0,0.0,0.00020796159166236607,-0.03652487422736039,-437589.2440000009
2022-05-24,TX202206,TX202206,15926.0,False,0.0,-44200.0,0.0,0.0,0.0,-44200.0,11498792.572000004,0,0.0,-0.003829162994284216,-0.04021417752488232,-481789.2440000009
2022-05-25,TX202206,TX202206,16060.0,False,0.0,26800.0,0.0,0.0,0.0,26800.0,11525592.572000004,0,0.0,0.0023306794893629976,-0.0379772243942581,-454989.2440000009
2022-05-26,TX202206,TX202206,15950.0,False,0.0,-22000.0,0.0,0.0,0.0,-22000.0,11503592.572000004,0,0.0,-0.0019087955662640953,-0.039813529202979425,-476989.2440000009
2022-05-27,TX202206,TX202206,16230.0,False,0.0,56000.0,0.0,0.0,0.0,56000.0,11559592.572000004,0,0.0,0.0048680444521570785,-0.035139298780779704,-420989.2440000009
2022-05-30,TX202206,TX202206,16560.0,False,0.0,66000.0,0.0,0.0,0.0,66000.0,11625592.572000004,0,0.0,0.005709543791350156,-0.029630384354615735,-354989.2440000009
2022-05-31,TX202206,TX202206,16682.0,False,0.0,24400.0,0.0,0.0,0.0,24400.0,11649992.572000004,0,0.0,0.0020988177461824086,-0.02759375538494302,-330589.2440000009
2022-06-01,TX202206,TX202206,16610.0,False,0.0,-14400.0,0.0,0.0,0.0,-14400.0,11635592.572000004,0,0.0,-0.0012360522902486186,-0.0287957003506516,-344989.2440000009
2022-06-02,TX202206,TX202206,16532.0,False,0.0,-15600.0,0.0,0.0,0.0,-15600.0,11619992.572000004,0,0.0,-0.0013407138401820618,-0.030097807396835763,-360589.2440000009
2022-06-06,TX202206,TX202206,16600.0,False,0.0,13600.0,0.0,0.0,0.0,13600.0,11633592.572000004,0,0.0,0.0011703966173585256,-0.028962637151444426,-346989.2440000009
2022-06-07,TX202206,TX202206,16462.0,False,0.0,-27600.0,0.0,0.0,0.0,-27600.0,11605992.572000004,0,0.0,-0.0023724399689248454,-0.031266365002385665,-374589.2440000009
2022-06-08,TX202206,TX202206,16644.0,False,0.0,36400.0,0.0,0.0,0.0,36400.0,11642392.572000004,0,0.0,0.0031363108130722647,-0.028228115227955874,-338189.2440000009
2022-06-09,TX202206,TX202206,16582.0,False,0.0,-12400.0,0.0,0.0,0.0,-12400.0,11629992.572000004,0,0.0,-0.0010650731731742188,-0.029263123392871515,-350589.2440000009
2022-06-10,TX202206,TX202206,16471.0,False,0.0,-22200.0,0.0,0.0,0.0,-22200.0,11607792.572000004,0,0.0,-0.0019088576250210173,-0.03111612188167212,-372789.2440000009
2022-06-13,TX202206,TX202206,16053.0,False,0.0,-83600.0,0.0,0.0,0.0,-83600.0,11524192.572000004,0,0.0,-0.007202058400118004,-0.03809408015481308,-456389.2440000009
2022-06-14,TX202206,TX202207,15602.0,True,-453.0,400.0,100.0,126.62800000000001,800.0,-626.628,11523565.944000004,2,1026.628,-5.437500250755093e-05,-0.038146383791616834,-457015.8720000014
2022-06-15,TX202207,TX202207,15546.0,False,0.0,-11200.0,0.0,0.0,0.0,-11200.0,11512365.944000004,0,0.0,-0.0009719213700366356,-0.03908122987605678,-468215.8720000014
2022-06-16,TX202207,TX202207,15410.0,False,0.0,-27200.0,0.0,0.0,0.0,-27200.0,11485165.944000004,0,0.0,-0.002362676806167376,-0.04135157036683945,-495415.8720000014
2022-06-17,TX202207,TX202207,15200.0,False,0.0,-42000.0,0.0,0.0,0.0,-42000.0,11443165.944000004,0,0.0,-0.003656891002253331,-0.04485724318348927,-537415.8720000014
2022-06-20,TX202207,TX202207,15038.0,False,0.0,-32400.0,0.0,0.0,0.0,-32400.0,11410765.944000004,0,0.0,-0.0028313842653822823,-0.04756161935633341,-569815.8720000014
2022-06-21,TX202207,TX202207,15334.0,False,0.0,59200.0,0.0,0.0,0.0,59200.0,11469965.944000004,0,0.0,0.005188082928922793,-0.04262029005286505,-510615.8720000014
2022-06-22,TX202207,TX202207,15012.0,False,0.0,-64400.0,0.0,0.0,0.0,-64400.0,11405565.944000004,0,0.0,-0.005614663575674169,-0.04799565503839476,-575015.8720000014
2022-06-23,TX202207,TX202207,14938.0,False,0.0,-14800.0,0.0,0.0,0.0,-14800.0,11390765.944000004,0,0.0,-0.001297612067008886,-0.04923098736426179,-589815.8720000014
2022-06-24,TX202207,TX202207,15058.0,False,0.0,24000.0,0.0,0.0,0.0,24000.0,11414765.944000004,0,0.0,0.0021069698137939365,-0.04722774575474764,-565815.8720000014
2022-06-27,TX202207,TX202207,15277.0,False,0.0,43800.0,0.0,0.0,0.0,43800.0,11458565.944000004,0,0.0,0.0038371351821736475,-0.04357182981738428,-522015.8720000014
2022-06-28,TX202207,TX202207,15192.0,False,0.0,-17000.0,0.0,0.0,0.0,-17000.0,11441565.944000004,0,0.0,-0.0014836062455879683,-0.04499079262412353,-539015.8720000014
2022-06-29,TX202207,TX202207,15019.0,False,0.0,-34600.0,0.0,0.0,0.0,-34600.0,11406965.944000004,0,0.0,-0.0030240615811985383,-0.04787879927783978,-573615.8720000014
2022-06-30,TX202207,TX202207,14622.0,False,0.0,-79400.0,0.0,0.0,0.0,-79400.0,11327565.944000004,0,0.0,-0.0069606589859036025,-0.0545061902693158,-653015.8720000014
2022-07-01,TX202207,TX202207,14175.0,False,0.0,-89400.0,0.0,0.0,0.0,-89400.0,11238165.944000004,0,0.0,-0.007892251560658843,-0.06196826526475607,-742415.8720000014
2022-07-04,TX202207,TX202207,14152.0,False,0.0,-4600.0,0.0,0.0,0.0,-4600.0,11233565.944000004,0,0.0,-0.00040931945861289896,-0.062352219906579576,-747015.8720000014
2022-07-05,TX202207,TX202207,14231.0,False,0.0,15800.0,0.0,0.0,0.0,15800.0,11249365.944000004,0,0.0,0.001406499065280245,-0.06103341918031613,-731215.8720000014
2022-07-06,TX202207,TX202207,13871.0,False,0.0,-72000.0,0.0,0.0,0.0,-72000.0,11177365.944000004,0,0.0,-0.006400360727744139,-0.06704314400885858,-803215.8720000014
2022-07-07,TX202207,TX202207,14176.0,False,0.0,61000.0,0.0,0.0,0.0,61000.0,11238365.944000004,0,0.0,0.005457457535667849,-0.06195157158467679,-742215.8720000014
2022-07-08,TX202207,TX202207,14329.0,False,0.0,30600.0,0.0,0.0,0.0,30600.0,11268965.944000004,0,0.0,0.0027228157680998888,-0.0593974385325462,-711615.8720000014
2022-07-11,TX202207,TX202207,14276.0,False,0.0,-10600.0,0.0,0.0,0.0,-10600.0,11258365.944000004,0,0.0,-0.0009406364392860567,-0.060282203576748294,-722215.8720000014
2022-07-12,TX202207,TX202207,13914.0,False,0.0,-72400.0,0.0,0.0,0.0,-72400.0,11185965.944000004,0,0.0,-0.006430773378669985,-0.06632531576544942,-794615.8720000014
2022-07-13,TX202207,TX202207,14277.0,False,0.0,72600.0,0.0,0.0,0.0,72600.0,11258565.944000004,0,0.0,0.006490275436511732,-0.06026550989666901,-722015.8720000014
2022-07-14,TX202207,TX202207,14389.0,False,0.0,22400.0,0.0,0.0,0.0,22400.0,11280965.944000004,0,0.0,0.001989596198256277,-0.05839581772778912,-699615.8720000014
2022-07-15,TX202207,TX202207,14475.0,False,0.0,17200.0,0.0,0.0,0.0,17200.0,11298165.944000004,0,0.0,0.001524692130566013,-0.0569601612409707,-682415.8720000014
2022-07-18,TX202207,TX202207,14650.0,False,0.0,35000.0,0.0,0.0,0.0,35000.0,11333165.944000004,0,0.0,0.0030978479315562787,-0.054038767227095885,-647415.8720000014
2022-07-19,TX202207,TX202208,14528.0,True,-150.0,5600.0,100.0,116.82400000000001,800.0,4583.176,11337749.120000005,2,1016.8240000000001,0.0004044038552551524,-0.05365621685764044,-642832.6960000005
2022-07-20,TX202208,TX202208,14616.0,False,0.0,17600.0,0.0,0.0,0.0,17600.0,11355349.120000005,0,0.0,0.001552336342400915,-0.052187173010663446,-625232.6960000005
2022-07-21,TX202208,TX202208,14748.0,False,0.0,26400.0,0.0,0.0,0.0,26400.0,11381749.120000005,0,0.0,0.0023248954938340097,-0.04998360724019779,-598832.6960000005
2022-07-22,TX202208,TX202208,14751.0,False,0.0,600.0,0.0,0.0,0.0,600.0,11382349.120000005,0,0.0,5.2715974818464434e-05,-0.04993352619995994,-598232.6960000005
2022-07-25,TX202208,TX202208,14794.0,False,0.0,8600.0,0.0,0.0,0.0,8600.0,11390949.120000005,0,0.0,0.0007555558092036449,-0.049215697956550786,-589632.6960000005
2022-07-26,TX202208,TX202208,14705.0,False,0.0,-17800.0,0.0,0.0,0.0,-17800.0,11373149.120000005,0,0.0,-0.001562644149533344,-0.05070143548360706,-607432.6960000005
2022-07-27,TX202208,TX202208,14794.0,False,0.0,17800.0,0.0,0.0,0.0,17800.0,11390949.120000005,0,0.0,0.001565089827996557,-0.049215697956550786,-589632.6960000005
2022-07-28,TX202208,TX202208,14831.0,False,0.0,7400.0,0.0,0.0,0.0,7400.0,11398349.120000005,0,0.0,0.0006496385790194801,-0.048598031793617213,-582232.6960000005
2022-07-29,TX202208,TX202208,14938.0,False,0.0,21400.0,0.0,0.0,0.0,21400.0,11419749.120000005,0,0.0,0.0018774648657190797,-0.04681180802513374,-560832.6960000005
2022-08-01,TX202208,TX202208,14870.0,False,0.0,-13600.0,0.0,0.0,0.0,-13600.0,11406149.120000005,0,0.0,-0.0011909193325606083,-0.047946978270525076,-574432.6960000005
2022-08-02,TX202208,TX202208,14643.0,False,0.0,-45400.0,0.0,0.0,0.0,-45400.0,11360749.120000005,0,0.0,-0.003980309175547582,-0.0517364436485227,-619832.6960000005
2022-08-03,TX202208,TX202208,14669.0,False,0.0,5200.0,0.0,0.0,0.0,5200.0,11365949.120000005,0,0.0,0.0004577162953845774,-0.05130240796646135,-614632.6960000005
2022-08-04,TX202208,TX202208,14658.0,False,0.0,-2200.0,0.0,0.0,0.0,-2200.0,11363749.120000005,0,0.0,-0.00019356060604994147,-0.05148603844733346,-616832.6960000005
2022-08-05,TX202208,TX202208,15009.0,False,0.0,70200.0,0.0,0.0,0.0,70200.0,11433949.120000005,0,0.0,0.006177538703001565,-0.045626556739504553,-546632.6960000005
2022-08-08,TX202208,TX202208,14961.0,False,0.0,-9600.0,0.0,0.0,0.0,-9600.0,11424349.120000005,0,0.0,-0.0008396049255814771,-0.046427853383310236,-556232.6960000005
2022-08-09,TX202208,TX202208,15016.0,False,0.0,11000.0,0.0,0.0,0.0,11000.0,11435349.120000005,0,0.0,0.0009628557289747808,-0.045509700978949574,-545232.6960000005
2022-08-10,TX202208,TX202208,14876.0,False,0.0,-28000.0,0.0,0.0,0.0,-28000.0,11407349.120000005,0,0.0,-0.0024485478935688137,-0.04784681619004938,-573232.6960000005
2022-08-11,TX202208,TX202208,15183.0,False,0.0,61400.0,0.0,0.0,0.0,61400.0,11468749.120000005,0,0.0,0.005382495034920083,-0.042721856405709024,-511832.69600000046
2022-08-12,TX202208,TX202208,15272.0,False,0.0,17800.0,0.0,0.0,0.0,17800.0,11486549.120000005,0,0.0,0.0015520437158189394,-0.04123611887865264,-494032.69600000046
2022-08-15,TX202208,TX202208,15387.0,False,0.0,23000.0,0.0,0.0,0.0,23000.0,11509549.120000005,0,0.0,0.0020023420228058877,-0.0393163456695349,-471032.69600000046
2022-08-16,TX202208,TX202209,15366.0,True,-56.0,7000.0,100.0,123.15200000000002,800.0,5976.848,11515525.968000004,2,1023.152,0.0005192947123892198,-0.03881746772756245,-465055.84800000116
2022-08-17,TX202209,TX202209,15379.0,False,0.0,2600.0,0.0,0.0,0.0,2600.0,11518125.968000004,0,0.0,0.0002257821316390608,-0.03860044988653166,-462455.84800000116
2022-08-18,TX202209,TX202209,15315.0,False,0.0,-12800.0,0.0,0.0,0.0,-12800.0,11505325.968000004,0,0.0,-0.001111291892063113,-0.03966884541160587,-475255.84800000116
2022-08-19,TX202209,TX202209,15353.0,False,0.0,7600.0,0.0,0.0,0.0,7600.0,11512925.968000004,0,0.0,0.000660563639929719,-0.039034485568593125,-467655.84800000116
2022-08-22,TX202209,TX202209,15175.0,False,0.0,-35600.0,0.0,0.0,0.0,-35600.0,11477325.968000004,0,0.0,-0.003092176576045884,-0.042005960622705785,-503255.84800000116
2022-08-23,TX202209,TX202209,15028.0,False,0.0,-29400.0,0.0,0.0,0.0,-29400.0,11447925.968000004,0,0.0,-0.0025615722758045127,-0.04445993159436068,-532655.8480000012
2022-08-24,TX202209,TX202209,15035.0,False,0.0,1400.0,0.0,0.0,0.0,1400.0,11449325.968000004,0,0.0,0.00012229289426865373,-0.04434307583380559,-531255.8480000012
2022-08-25,TX202209,TX202209,15172.0,False,0.0,27400.0,0.0,0.0,0.0,27400.0,11476725.968000004,0,0.0,0.0023931539792456705,-0.04205604166294363,-503855.84800000116
2022-08-26,TX202209,TX202209,15241.0,False,0.0,13800.0,0.0,0.0,0.0,13800.0,11490525.968000004,0,0.0,0.0012024335196708423,-0.04090417773747301,-490055.84800000116
2022-08-29,TX202209,TX202209,14818.0,False,0.0,-84600.0,0.0,0.0,0.0,-84600.0,11405925.968000004,0,0.0,-0.00736258725106255,-0.04796560441101039,-574655.8480000012
2022-08-30,TX202209,TX202209,14948.0,False,0.0,26000.0,0.0,0.0,0.0,26000.0,11431925.968000004,0,0.0,0.00227951681195762,-0.04579542600070341,-548655.8480000012
2022-08-31,TX202209,TX202209,15039.0,False,0.0,18200.0,0.0,0.0,0.0,18200.0,11450125.968000004,0,0.0,0.0015920327030585258,-0.04427630111348846,-530455.8480000012
2022-09-01,TX202209,TX202209,14736.0,False,0.0,-60600.0,0.0,0.0,0.0,-60600.0,11389525.968000004,0,0.0,-0.0052925181931937305,-0.049334486177511794,-591055.8480000012
2022-09-02,TX202209,TX202209,14597.0,False,0.0,-27800.0,0.0,0.0,0.0,-27800.0,11361725.968000004,0,0.0,-0.0024408390725045837,-0.051654907708532316,-618855.8480000012
2022-09-05,TX202209,TX202209,14611.0,False,0.0,2800.0,0.0,0.0,0.0,2800.0,11364525.968000004,0,0.0,0.00024644143045573575,-0.05142119618742236,-616055.8480000012
2022-09-06,TX202209,TX202209,14634.0,False,0.0,4600.0,0.0,0.0,0.0,4600.0,11369125.968000004,0,0.0,0.0004047683126381676,-0.051037241545598855,-611455.8480000012
2022-09-07,TX202209,TX202209,14359.0,False,0.0,-55000.0,0.0,0.0,0.0,-55000.0,11314125.968000004,0,0.0,-0.0048376629966811165,-0.05562800356740216,-666455.8480000012
2022-09-08,TX202209,TX202209,14548.0,False,0.0,37800.0,0.0,0.0,0.0,37800.0,11351925.968000004,0,0.0,0.0033409562618368035,-0.05247289803241728,-628655.8480000012
2022-09-12,TX202209,TX202209,14794.0,False,0.0,49200.0,0.0,0.0,0.0,49200.0,11401125.968000004,0,0.0,0.004334066319555827,-0.048366252732913284,-579455.8480000012
2022-09-13,TX202209,TX202209,14875.0,False,0.0,16200.0,0.0,0.0,0.0,16200.0,11417325.968000004,0,0.0,0.0014209122893185451,-0.04701406464649116,-563255.8480000012
2022-09-14,TX202209,TX202209,14577.0,False,0.0,-59600.0,0.0,0.0,0.0,-59600.0,11357725.968000004,0,0.0,-0.00522013649842742,-0.05198878131011808,-622855.8480000012
2022-09-15,TX202209,TX202209,14642.0,False,0.0,13000.0,0.0,0.0,0.0,13000.0,11370725.968000004,0,0.0,0.001144595320984768,-0.05090369210496448,-609855.8480000012
2022-09-16,TX202209,TX202209,14483.0,False,0.0,-31800.0,0.0,0.0,0.0,-31800.0,11338925.968000004,0,0.0,-0.002796655208250815,-0.05355798723757077,-641655.8480000012
2022-09-19,TX202209,TX202209,14420.0,False,0.0,-12600.0,0.0,0.0,0.0,-12600.0,11326325.968000004,0,0.0,-0.00111121635643084,-0.05460968908256569,-654255.8480000012
2022-09-20,TX202209,TX202210,14528.0,True,-33.0,28200.0,100.0,116.35600000000001,800.0,27183.644,11353509.612000003,2,1016.356,0.002400040761390878,-0.052340713800939964,-627072.2040000018
2022-09-21,TX202210,TX202210,14410.0,False,0.0,-23600.0,0.0,0.0,0.0,-23600.0,11329909.612000003,0,0.0,-0.0020786523996999275,-0.05431056805029555,-650672.2040000018
2022-09-22,TX202210,TX202210,14242.0,False,0.0,-33600.0,0.0,0.0,0.0,-33600.0,11296309.612000003,0,0.0,-0.002965601770062911,-0.05711510630361538,-684272.2040000018
2022-09-23,TX202210,TX202210,14119.0,False,0.0,-24600.0,0.0,0.0,0.0,-24600.0,11271709.612000003,0,0.0,-0.002177702351028655,-0.05916842895336738,-708872.2040000018
2022-09-26,TX202210,TX202210,13758.0,False,0.0,-72200.0,0.0,0.0,0.0,-72200.0,11199509.612000003,0,0.0,-0.0064054169673724536,-0.06519484746198922,-781072.2040000018
2022-09-27,TX202210,TX202210,13818.0,False,0.0,12000.0,0.0,0.0,0.0,12000.0,11211509.612000003,0,0.0,0.0010714754856000384,-0.06419322665723215,-769072.2040000018
2022-09-28,TX202210,TX202210,13515.0,False,0.0,-60600.0,0.0,0.0,0.0,-60600.0,11150909.612000003,0,0.0,-0.00540515970615929,-0.06925141172125537,-829672.2040000018
2022-09-29,TX202210,TX202210,13524.0,False,0.0,1800.0,0.0,0.0,0.0,1800.0,11152709.612000003,0,0.0,0.000161421808859695,-0.06910116860054183,-827872.2040000018
2022-09-30,TX202210,TX202210,13395.0,False,0.0,-25800.0,0.0,0.0,0.0,-25800.0,11126909.612000003,0,0.0,-0.002313339170262258,-0.07125465333076952,-853672.2040000018
2022-10-03,TX202210,TX202210,13304.0,False,0.0,-18200.0,0.0,0.0,0.0,-18200.0,11108709.612000003,0,0.0,-0.0016356742918421754,-0.07277377821798447,-871872.2040000018
2022-10-04,TX202210,TX202210,13597.0,False,0.0,58600.0,0.0,0.0,0.0,58600.0,11167309.612000003,0,0.0,0.005275140141992577,-0.06788252995475408,-813272.2040000018
2022-10-05,TX202210,TX202210,13820.0,False,0.0,44600.0,0.0,0.0,0.0,44600.0,11211909.612000003,0,0.0,0.003993799898954569,-0.06415983929707358,-768672.2040000018
2022-10-06,TX202210,TX202210,13869.0,False,0.0,9800.0,0.0,0.0,0.0,9800.0,11221709.612000003,0,0.0,0.0008740705499008974,-0.06334184897318862,-758872.2040000018
2022-10-07,TX202210,TX202210,13689.0,False,0.0,-36000.0,0.0,0.0,0.0,-36000.0,11185709.612000003,0,0.0,-0.0032080673306234177,-0.06634671138745984,-794872.2040000018
2022-10-11,TX202210,TX202210,13091.0,False,0.0,-119600.0,0.0,0.0,0.0,-119600.0,11066109.612000003,0,0.0,-0.010692213918345725,-0.07632953207487214,-914472.2040000018
2022-10-12,TX202210,TX202210,13076.0,False,0.0,-3000.0,0.0,0.0,0.0,-3000.0,11063109.612000003,0,0.0,-0.0002710979834093477,-0.07657993727606138,-917472.2040000018
2022-10-13,TX202210,TX202210,12869.0,False,0.0,-41400.0,0.0,0.0,0.0,-41400.0,11021709.612000003,0,0.0,-0.0037421666648854305,-0.08003552905247335,-958872.2040000018
2022-10-14,TX202210,TX202210,13166.0,False,0.0,59400.0,0.0,0.0,0.0,59400.0,11081109.612000003,0,0.0,0.005389363546225861,-0.07507750606892571,-899472.2040000018
2022-10-17,TX202210,TX202210,12981.0,False,0.0,-37000.0,0.0,0.0,0.0,-37000.0,11044109.612000003,0,0.0,-0.0033390157931414916,-0.07816583688359346,-936472.2040000018
2022-10-18,TX202210,TX202211,13077.0,True,-26.0,24400.0,100.0,104.72,800.0,23395.28,11067504.892000003,2,1004.72,0.002118349131068004,-0.076213070285167,-913076.9240000024
2022-10-19,TX202211,TX202211,12964.0,False,0.0,-22600.0,0.0,0.0,0.0,-22600.0,11044904.892000003,0,0.0,-0.0020420140059152904,-0.07809945613412617,-935676.9240000024
2022-10-20,TX202211,TX202211,12900.0,False,0.0,-12800.0,0.0,0.0,0.0,-12800.0,11032104.892000003,0,0.0,-0.0011589054070779044,-0.07916785165920037,-948476.9240000024
2022-10-21,TX202211,TX202211,12805.0,False,0.0,-19000.0,0.0,0.0,0.0,-19000.0,11013104.892000003,0,0.0,-0.0017222461339882623,-0.08075375126673245,-967476.9240000024
2022-10-24,TX202211,TX202211,12882.0,False,0.0,15400.0,0.0,0.0,0.0,15400.0,11028504.892000003,0,0.0,0.0013983340893435664,-0.07946833790062757,-952076.9240000024
2022-10-25,TX202211,TX202211,12682.0,False,0.0,-40000.0,0.0,0.0,0.0,-40000.0,10988504.892000003,0,0.0,-0.0036269648870551536,-0.08280707391648445,-992076.9240000024
2022-10-26,TX202211,TX202211,12739.0,False,0.0,11400.0,0.0,0.0,0.0,11400.0,10999904.892000003,0,0.0,0.0010374477794790427,-0.08185553415196523,-980676.9240000024
2022-10-27,TX202211,TX202211,12956.0,False,0.0,43400.0,0.0,0.0,0.0,43400.0,11043304.892000003,0,0.0,0.0039454886588668504,-0.07823300557476043,-937276.9240000024
2022-10-28,TX202211,TX202211,12764.0,False,0.0,-38400.0,0.0,0.0,0.0,-38400.0,11004904.892000003,0,0.0,-0.0034772199423578126,-0.08143819214998316,-975676.9240000024
2022-10-31,TX202211,TX202211,12943.0,False,0.0,35800.0,0.0,0.0,0.0,35800.0,11040704.892000003,0,0.0,0.003253094901894586,-0.07845002341579121,-939876.9240000024
2022-11-01,TX202211,TX202211,13031.0,False,0.0,17600.0,0.0,0.0,0.0,17600.0,11058304.892000003,0,0.0,0.001594101116927127,-0.07698097956881411,-922276.9240000024
2022-11-02,TX202211,TX202211,13083.0,False,0.0,10400.0,0.0,0.0,0.0,10400.0,11068704.892000003,0,0.0,0.0009404696381200119,-0.0761129082046913,-911876.9240000024
2022-11-03,TX202211,TX202211,12958.0,False,0.0,-25000.0,0.0,0.0,0.0,-25000.0,11043704.892000003,0,0.0,-0.002258620158720552,-0.07819961821460186,-936876.9240000024
2022-11-04,TX202211,TX202211,13030.0,False,0.0,14400.0,0.0,0.0,0.0,14400.0,11058104.892000003,0,0.0,0.0013039102493974896,-0.0769976732488934,-922476.9240000024
2022-11-07,TX202211,TX202211,13224.0,False,0.0,38800.0,0.0,0.0,0.0,38800.0,11096904.892000003,0,0.0,0.003508738647258618,-0.07375909931351221,-883676.9240000024
2022-11-08,TX202211,TX202211,13334.0,False,0.0,22000.0,0.0,0.0,0.0,22000.0,11118904.892000003,0,0.0,0.0019825347891248733,-0.07192279450479089,-861676.9240000024
2022-11-09,TX202211,TX202211,13595.0,False,0.0,52200.0,0.0,0.0,0.0,52200.0,11171104.892000003,0,0.0,0.0046947069434470695,-0.06756574400409754,-809476.9240000024
2022-11-10,TX202211,TX202211,13477.0,False,0.0,-23600.0,0.0,0.0,0.0,-23600.0,11147504.892000003,0,0.0,-0.0021125931792924744,-0.06953559825345312,-833076.9240000024
2022-11-11,TX202211,TX202211,14058.0,False,0.0,116200.0,0.0,0.0,0.0,116200.0,11263704.892000003,0,0.0,0.01042385727799867,-0.059836570127388744,-716876.9240000024
2022-11-14,TX202211,TX202211,14127.0,False,0.0,13800.0,0.0,0.0,0.0,13800.0,11277504.892000003,0,0.0,0.0012251741440599522,-0.058684706201918124,-703076.9240000024
2022-11-15,TX202211,TX202212,14465.0,True,-65.0,80600.0,100.0,115.98,800.0,79584.02,11357088.912000002,2,1015.98,0.007056881886742079,-0.052041955355401126,-623492.9040000029
2022-11-16,TX202212,TX202212,14497.0,False,0.0,6400.0,0.0,0.0,0.0,6400.0,11363488.912000002,0,0.0,0.000563524689257095,-0.05150775759286397,-617092.9040000029
2022-11-17,TX202212,TX202212,14513.0,False,0.0,3200.0,0.0,0.0,0.0,3200.0,11366688.912000002,0,0.0,0.0002816036540169239,-0.051240658711595444,-613892.9040000029
2022-11-18,TX202212,TX202212,14460.0,False,0.0,-10600.0,0.0,0.0,0.0,-10600.0,11356088.912000002,0,0.0,-0.0009325494945858335,-0.05212542375579754,-624492.9040000029
2022-11-21,TX202212,TX202212,14428.0,False,0.0,-6400.0,0.0,0.0,0.0,-6400.0,11349688.912000002,0,0.0,-0.0005635743123882296,-0.0526596215183347,-630892.9040000029
2022-11-22,TX202212,TX202212,14505.0,False,0.0,15400.0,0.0,0.0,0.0,15400.0,11365088.912000002,0,0.0,0.001356865383659777,-0.051374208152229706,-615492.9040000029
2022-11-23,TX202212,TX202212,14600.0,False,0.0,19000.0,0.0,0.0,0.0,19000.0,11384088.912000002,0,0.0,0.0016717863051593518,-0.049788308544697735,-596492.9040000029
2022-11-24,TX202212,TX202212,14775.0,False,0.0,35000.0,0.0,0.0,0.0,35000.0,11419088.912000002,0,0.0,0.003074466500617928,-0.04686691453082292,-561492.9040000029
2022-11-25,TX202212,TX202212,14703.0,False,0.0,-14400.0,0.0,0.0,0.0,-14400.0,11404688.912000002,0,0.0,-0.0012610463156011895,-0.04806885949653139,-575892.9040000029
2022-11-28,TX202212,TX202212,14475.0,False,0.0,-45600.0,0.0,0.0,0.0,-45600.0,11359088.912000002,0,0.0,-0.003998355444138395,-0.0518750185546083,-621492.9040000029
2022-11-29,TX202212,TX202212,14658.0,False,0.0,36600.0,0.0,0.0,0.0,36600.0,11395688.912000002,0,0.0,0.0032220894020236887,-0.048820075100099225,-584892.9040000029
2022-11-30,TX202212,TX202212,14800.0,False,0.0,28400.0,0.0,0.0,0.0,28400.0,11424088.912000002,0,0.0,0.002492170523371689,-0.046449572528840744,-556492.9040000029
2022-12-01,TX202212,TX202212,14977.0,False,0.0,35400.0,0.0,0.0,0.0,35400.0,11459488.912000002,0,0.0,0.003098715378765602,-0.043494791154807366,-521092.9040000029
2022-12-02,TX202212,TX202212,14886.0,False,0.0,-18200.0,0.0,0.0,0.0,-18200.0,11441288.912000002,0,0.0,-0.0015882034652471766,-0.04501391604202232,-539292.9040000029
2022-12-05,TX202212,TX202212,14935.0,False,0.0,9800.0,0.0,0.0,0.0,9800.0,11451088.912000002,0,0.0,0.0008565468519653791,-0.04419592571813735,-529492.9040000029
2022-12-06,TX202212,TX202212,14675.0,False,0.0,-52000.0,0.0,0.0,0.0,-52000.0,11399088.912000002,0,0.0,-0.004541052855288492,-0.04853628253875131,-581492.9040000029
2022-12-07,TX202212,TX202212,14623.0,False,0.0,-10400.0,0.0,0.0,0.0,-10400.0,11388688.912000002,0,0.0,-0.0009123536170554608,-0.04940435390287412,-591892.9040000029
2022-12-08,TX202212,TX202212,14496.0,False,0.0,-25400.0,0.0,0.0,0.0,-25400.0,11363288.912000002,0,0.0,-0.0022302830638596684,-0.05152445127294325,-617292.9040000029
2022-12-09,TX202212,TX202212,14707.0,False,0.0,42200.0,0.0,0.0,0.0,42200.0,11405488.912000002,0,0.0,0.0037137135495547797,-0.04800208477621426,-575092.9040000029
2022-12-12,TX202212,TX202212,14581.0,False,0.0,-25200.0,0.0,0.0,0.0,-25200.0,11380288.912000002,0,0.0,-0.0022094624960343826,-0.05010548846620411,-600292.9040000029
2022-12-13,TX202212,TX202212,14519.0,False,0.0,-12400.0,0.0,0.0,0.0,-12400.0,11367888.912000002,0,0.0,-0.0010896032689402778,-0.05114049663111975,-612692.9040000029
2022-12-14,TX202212,TX202212,14710.0,False,0.0,38200.0,0.0,0.0,0.0,38200.0,11406088.912000002,0,0.0,0.0033603424783361386,-0.04795200373597641,-574492.9040000029
2022-12-15,TX202212,TX202212,14708.0,False,0.0,-400.0,0.0,0.0,0.0,-400.0,11405688.912000002,0,0.0,-3.506898842241814e-05,-0.04798539109613498,-574892.9040000029
2022-12-16,TX202212,TX202212,14461.0,False,0.0,-49400.0,0.0,0.0,0.0,-49400.0,11356288.912000002,0,0.0,-0.004331171959987961,-0.05210873007571826,-624292.9040000029
2022-12-19,TX202212,TX202212,14404.0,False,0.0,-11400.0,0.0,0.0,0.0,-11400.0,11344888.912000002,0,0.0,-0.001003849064455714,-0.053060269840237484,-635692.9040000029
2022-12-20,TX202212,TX202301,14125.0,True,-29.0,-50000.0,100.0,113.11600000000001,800.0,-51013.116,11293875.796000002,2,1013.116,-0.004496572544314746,-0.05731825303199478,-686706.0200000033
2022-12-21,TX202301,TX202301,14165.0,False,0.0,8000.0,0.0,0.0,0.0,8000.0,11301875.796000002,0,0.0,0.0007083485018343652,-0.05665050582882336,-678706.0200000033
2022-12-22,TX202301,TX202301,14377.0,False,0.0,42400.0,0.0,0.0,0.0,42400.0,11344275.796000002,0,0.0,0.003751589626830473,-0.05311144565201498,-636306.0200000033
2022-12-23,TX202301,TX202301,14190.0,False,0.0,-37400.0,0.0,0.0,0.0,-37400.0,11306875.796000002,0,0.0,-0.003296816885674382,-0.05623316382684118,-673706.0200000033
2022-12-26,TX202301,TX202301,14245.0,False,0.0,11000.0,0.0,0.0,0.0,11000.0,11317875.796000002,0,0.0,0.0009728593643782163,-0.05531501142248052,-662706.0200000033
2022-12-27,TX202301,TX202301,14303.0,False,0.0,11600.0,0.0,0.0,0.0,11600.0,11329475.796000002,0,0.0,0.0010249273104852156,-0.05434677797788201,-651106.0200000033
2022-12-28,TX202301,TX202301,14110.0,False,0.0,-38600.0,0.0,0.0,0.0,-38600.0,11290875.796000002,0,0.0,-0.0034070420110371004,-0.05756865823318402,-689706.0200000033
2022-12-29,TX202301,TX202301,14032.0,False,0.0,-15600.0,0.0,0.0,0.0,-15600.0,11275275.796000002,0,0.0,-0.0013816465863105663,-0.05887076527936819,-705306.0200000033
2022-12-30,TX202301,TX202301,14134.0,False,0.0,20400.0,0.0,0.0,0.0,20400.0,11295675.796000002,0,0.0,0.0018092683823518595,-0.057168009911281126,-684906.0200000033
2023-01-03,TX202301,TX202301,14230.0,False,0.0,19200.0,0.0,0.0,0.0,19200.0,11314875.796000002,0,0.0,0.0016997654984750056,-0.05556541662366987,-665706.0200000033
2023-01-04,TX202301,TX202301,14208.0,False,0.0,-4400.0,0.0,0.0,0.0,-4400.0,11310475.796000002,0,0.0,-0.0003888686079572764,-0.05593267758541409,-670106.0200000033
2023-01-05,TX202301,TX202301,14289.0,False,0.0,16200.0,0.0,0.0,0.0,16200.0,11326675.796000002,0,0.0,0.0014323004878122987,-0.05458048949899208,-653906.0200000033
2023-01-06,TX202301,TX202301,14364.0,False,0.0,15000.0,0.0,0.0,0.0,15000.0,11341675.796000002,0,0.0,0.0013243073493193146,-0.05332846349304565,-638906.0200000033
2023-01-09,TX202301,TX202301,14769.0,False,0.0,81000.0,0.0,0.0,0.0,81000.0,11422675.796000002,0,0.0,0.007141801745784974,-0.04656752306093537,-557906.0200000033
2023-01-10,TX202301,TX202301,14808.0,False,0.0,7800.0,0.0,0.0,0.0,7800.0,11430475.796000002,0,0.0,0.000682852261528022,-0.04591646953784323,-550106.0200000033
2023-01-11,TX202301,TX202301,14792.0,False,0.0,-3200.0,0.0,0.0,0.0,-3200.0,11427275.796000002,0,0.0,-0.0002799533507712612,-0.046183568419111865,-553306.0200000033
2023-01-12,TX202301,TX202301,14768.0,False,0.0,-4800.0,0.0,0.0,0.0,-4800.0,11422475.796000002,0,0.0,-0.0004200476198955651,-0.04658421674101465,-558106.0200000033
2023-01-13,TX202301,TX202301,14833.0,False,0.0,13000.0,0.0,0.0,0.0,13000.0,11435475.796000002,0,0.0,0.0011381070296995004,-0.04549912753586116,-545106.0200000033
2023-01-16,TX202301,TX202301,14936.0,False,0.0,20600.0,0.0,0.0,0.0,20600.0,11456075.796000002,0,0.0,0.0018014117092710427,-0.04377967848769482,-524506.0200000033
2023-01-17,TX202301,TX202302,14910.0,True,-15.0,-2200.0,100.0,119.34,800.0,-3219.34,11452856.456000002,2,1019.34,-0.0002810159479849167,-0.044048391647827034,-527725.3600000031
2023-01-30,TX202302,TX202302,15458.0,False,0.0,109600.0,0.0,0.0,0.0,109600.0,11562456.456000002,0,0.0,0.009569665036933383,-0.034900254964378985,-418125.36000000313
2023-01-31,TX202302,TX202302,15268.0,False,0.0,-38000.0,0.0,0.0,0.0,-38000.0,11524456.456000002,0,0.0,-0.003286498863334616,-0.03807205417944315,-456125.36000000313
2023-02-01,TX202302,TX202302,15383.0,False,0.0,23000.0,0.0,0.0,0.0,23000.0,11547456.456000002,0,0.0,0.001995755729375459,-0.03615228097032541,-433125.36000000313
2023-02-02,TX202302,TX202302,15580.0,False,0.0,39400.0,0.0,0.0,0.0,39400.0,11586856.456000002,0,0.0,0.003412006804280085,-0.03286362599470627,-393725.36000000313
2023-02-03,TX202302,TX202302,15579.0,False,0.0,-200.0,0.0,0.0,0.0,-200.0,11586656.456000002,0,0.0,-1.726093705911359e-05,-0.03288031967478555,-393925.36000000313
2023-02-06,TX202302,TX202302,15405.0,False,0.0,-34800.0,0.0,0.0,0.0,-34800.0,11551856.456000002,0,0.0,-0.0030034548907315935,-0.03578502000858108,-428725.36000000313
2023-02-07,TX202302,TX202302,15396.0,False,0.0,-1800.0,0.0,0.0,0.0,-1800.0,11550056.456000002,0,0.0,-0.00015581911070796633,-0.035935263129294626,-430525.36000000313
2023-02-08,TX202302,TX202302,15604.0,False,0.0,41600.0,0.0,0.0,0.0,41600.0,11591656.456000002,0,0.0,0.00360171399667832,-0.032462977672803484,-388925.36000000313
2023-02-09,TX202302,TX202302,15601.0,False,0.0,-600.0,0.0,0.0,0.0,-600.0,11591056.456000002,0,0.0,-5.176136838401829e-05,-0.03251305871304133,-389525.36000000313
2023-02-10,TX202302,TX202302,15575.0,False,0.0,-5200.0,0.0,0.0,0.0,-5200.0,11585856.456000002,0,0.0,-0.0004486217472703507,-0.03294709439510268,-394725.36000000313
2023-02-13,TX202302,TX202302,15533.0,False,0.0,-8400.0,0.0,0.0,0.0,-8400.0,11577456.456000002,0,0.0,-0.000725021929272209,-0.03364822895843267,-403125.36000000313
2023-02-14,TX202302,TX202303,15645.0,True,-16.0,25600.0,100.0,125.22400000000002,800.0,24574.776,11602031.232000003,2,1025.224,0.0021226403306629717,-0.031597011715612244,-378550.5840000026
2023-02-15,TX202303,TX202303,15361.0,False,0.0,-56800.0,0.0,0.0,0.0,-56800.0,11545231.232000003,0,0.0,-0.0048956944576513265,-0.036338016858129096,-435350.5840000026
2023-02-16,TX202303,TX202303,15546.0,False,0.0,37000.0,0.0,0.0,0.0,37000.0,11582231.232000003,0,0.0,0.0032047863967805883,-0.033249686043461346,-398350.5840000026
2023-02-17,TX202303,TX202303,15433.0,False,0.0,-22600.0,0.0,0.0,0.0,-22600.0,11559631.232000003,0,0.0,-0.0019512647906354626,-0.03513607189242052,-420950.5840000026
2023-02-20,TX202303,TX202303,15522.0,False,0.0,17800.0,0.0,0.0,0.0,17800.0,11577431.232000003,0,0.0,0.0015398415090202072,-0.03365033436536424,-403150.5840000026
2023-02-21,TX202303,TX202303,15528.0,False,0.0,1200.0,0.0,0.0,0.0,1200.0,11578631.232000003,0,0.0,0.00010364993546091656,-0.033550172284888546,-401950.5840000026
2023-02-22,TX202303,TX202303,15376.0,False,0.0,-30400.0,0.0,0.0,0.0,-30400.0,11548231.232000003,0,0.0,-0.0026255262293856593,-0.036087611656939744,-432350.5840000026
2023-02-23,TX202303,TX202303,15597.0,False,0.0,44200.0,0.0,0.0,0.0,44200.0,11592431.232000003,0,0.0,0.003827425959182594,-0.032398308359417816,-388150.5840000026
2023-02-24,TX202303,TX202303,15542.0,False,0.0,-11000.0,0.0,0.0,0.0,-11000.0,11581431.232000003,0,0.0,-0.0009488949970766579,-0.03331646076377848,-399150.5840000026
2023-03-01,TX202303,TX202303,15544.0,False,0.0,400.0,0.0,0.0,0.0,400.0,11581831.232000003,0,0.0,3.453804559964769e-05,-0.03328307340361991,-398750.5840000026
2023-03-02,TX202303,TX202303,15542.0,False,0.0,-400.0,0.0,0.0,0.0,-400.0,11581431.232000003,0,0.0,-3.453685276425205e-05,-0.03331646076377848,-399150.5840000026
2023-03-03,TX202303,TX202303,15619.0,False,0.0,15400.0,0.0,0.0,0.0,15400.0,11596831.232000003,0,0.0,0.001329714755586436,-0.032031047397673595,-383750.5840000026
2023-03-06,TX202303,TX202303,15774.0,False,0.0,31000.0,0.0,0.0,0.0,31000.0,11627831.232000003,0,0.0,0.002673144014932233,-0.02944352698538444,-352750.5840000026
2023-03-07,TX202303,TX202303,15874.0,False,0.0,20000.0,0.0,0.0,0.0,20000.0,11647831.232000003,0,0.0,0.0017200112042355445,-0.027774158977455943,-332750.5840000026
2023-03-08,TX202303,TX202303,15785.0,False,0.0,-17800.0,0.0,0.0,0.0,-17800.0,11630031.232000003,0,0.0,-0.0015281814824976334,-0.029259896504512328,-350550.5840000026
2023-03-09,TX202303,TX202303,15767.0,False,0.0,-3600.0,0.0,0.0,0.0,-3600.0,11626431.232000003,0,0.0,-0.00030954345076001245,-0.029560382745939418,-354150.5840000026
2023-03-10,TX202303,TX202303,15484.0,False,0.0,-56600.0,0.0,0.0,0.0,-56600.0,11569831.232000003,0,0.0,-0.004868217845233283,-0.03428469420837699,-410750.5840000026
2023-03-13,TX202303,TX202303,15520.0,False,0.0,7200.0,0.0,0.0,0.0,7200.0,11577031.232000003,0,0.0,0.0006223081266808921,-0.03368372172552281,-403550.5840000026
2023-03-14,TX202303,TX202304,15286.0,True,-66.0,-33600.0,100.0,122.55200000000002,800.0,-34622.552,11542408.680000003,2,1022.552,-0.002990624392918628,-0.03657361075860477,-438173.1360000018
2023-03-15,TX202304,TX202304,15328.0,False,0.0,8400.0,0.0,0.0,0.0,8400.0,11550808.680000003,0,0.0,0.0007277510468464887,-0.03587247619527478,-429773.1360000018
2023-03-16,TX202304,TX202304,15227.0,False,0.0,-20200.0,0.0,0.0,0.0,-20200.0,11530608.680000003,0,0.0,-0.001748795305992376,-0.03755853788328256,-449973.1360000018
2023-03-17,TX202304,TX202304,15403.0,False,0.0,35200.0,0.0,0.0,0.0,35200.0,11565808.680000003,0,0.0,0.0030527443066431415,-0.034620450189328356,-414773.1360000018
2023-03-20,TX202304,TX202304,15373.0,False,0.0,-6000.0,0.0,0.0,0.0,-6000.0,11559808.680000003,0,0.0,-0.0005187704695803423,-0.03512126059170695,-420773.1360000018
2023-03-21,TX202304,TX202304,15455.0,False,0.0,16400.0,0.0,0.0,0.0,16400.0,11576208.680000003,0,0.0,0.0014187086009800635,-0.03375237882520554,-404373.1360000018
2023-03-22,TX202304,TX202304,15712.0,False,0.0,51400.0,0.0,0.0,0.0,51400.0,11627608.680000003,0,0.0,0.004440141104989133,-0.029462103044829435,-352973.1360000018
2023-03-23,TX202304,TX202304,15837.0,False,0.0,25000.0,0.0,0.0,0.0,25000.0,11652608.680000003,0,0.0,0.0021500551564829573,-0.02737539303491887,-327973.1360000018
2023-03-24,TX202304,TX202304,15912.0,False,0.0,15000.0,0.0,0.0,0.0,15000.0,11667608.680000003,0,0.0,0.0012872654022738534,-0.026123367028972444,-312973.1360000018
2023-03-27,TX202304,TX202304,15831.0,False,0.0,-16200.0,0.0,0.0,0.0,-16200.0,11651408.680000003,0,0.0,-0.00138845931881219,-0.027475555115394568,-329173.1360000018
2023-03-28,TX202304,TX202304,15690.0,False,0.0,-28200.0,0.0,0.0,0.0,-28200.0,11623208.680000003,0,0.0,-0.0024203082025958077,-0.029829364006573655,-357373.1360000018
2023-03-29,TX202304,TX202304,15740.0,False,0.0,10000.0,0.0,0.0,0.0,10000.0,11633208.680000003,0,0.0,0.0008603476264869055,-0.028994680002609408,-347373.1360000018
2023-03-30,TX202304,TX202304,15821.0,False,0.0,16200.0,0.0,0.0,0.0,16200.0,11649408.680000003,0,0.0,0.0013925650648605055,-0.027642491916187395,-331173.1360000018
2023-03-31,TX202304,TX202304,15864.0,False,0.0,8600.0,0.0,0.0,0.0,8600.0,11658008.680000003,0,0.0,0.000738234895541496,-0.026924663672778126,-322573.1360000018
2023-04-06,TX202304,TX202304,15760.0,False,0.0,-20800.0,0.0,0.0,0.0,-20800.0,11637208.680000003,0,0.0,-0.0017841812071802295,-0.028660806401023753,-343373.1360000018
2023-04-07,TX202304,TX202304,15818.0,False,0.0,11600.0,0.0,0.0,0.0,11600.0,11648808.680000003,0,0.0,0.0009968026112598676,-0.027692572956425243,-331773.1360000018
2023-04-10,TX202304,TX202304,15849.0,False,0.0,6200.0,0.0,0.0,0.0,6200.0,11655008.680000003,0,0.0,0.0005322432679871259,-0.027175068873967367,-325573.1360000018
2023-04-11,TX202304,TX202304,15921.0,False,0.0,14400.0,0.0,0.0,0.0,14400.0,11669408.680000003,0,0.0,0.0012355203153739732,-0.0259731239082589,-311173.1360000018
2023-04-12,TX202304,TX202304,15926.0,False,0.0,1000.0,0.0,0.0,0.0,1000.0,11670408.680000003,0,0.0,8.569414504386007e-05,-0.025889655507862486,-310173.1360000018
2023-04-13,TX202304,TX202304,15816.0,False,0.0,-22000.0,0.0,0.0,0.0,-22000.0,11648408.680000003,0,0.0,-0.0018851096481053132,-0.02772596031658381,-332173.1360000018
2023-04-14,TX202304,TX202304,15947.0,False,0.0,26200.0,0.0,0.0,0.0,26200.0,11674608.680000003,0,0.0,0.0022492342705132486,-0.025539088226197548,-305973.1360000018
2023-04-17,TX202304,TX202304,15970.0,False,0.0,4600.0,0.0,0.0,0.0,4600.0,11679208.680000003,0,0.0,0.00039401748924401626,-0.025155133584373934,-301373.1360000018
2023-04-18,TX202304,TX202305,15871.0,True,-19.0,-16000.0,100.0,127.04400000000001,800.0,-17027.044,11662181.636000004,2,1027.044,-0.0014578936353074905,-0.026576353710533462,-318400.18000000156
2023-04-19,TX202305,TX202305,15778.0,False,0.0,-18600.0,0.0,0.0,0.0,-18600.0,11643581.636000004,0,0.0,-0.001594898843161869,-0.02812886595790698,-337000.18000000156
2023-04-20,TX202305,TX202305,15731.0,False,0.0,-9400.0,0.0,0.0,0.0,-9400.0,11634181.636000004,0,0.0,-0.0008073117270837673,-0.02891346892163338,-346400.18000000156
2023-04-21,TX202305,TX202305,15615.0,False,0.0,-23200.0,0.0,0.0,0.0,-23200.0,11610981.636000004,0,0.0,-0.0019941239294572755,-0.030849935810830398,-369600.18000000156
2023-04-24,TX202305,TX202305,15623.0,False,0.0,1600.0,0.0,0.0,0.0,1600.0,11612581.636000004,0,0.0,0.0001378005796718495,-0.030716386370196025,-368000.18000000156
2023-04-25,TX202305,TX202305,15388.0,False,0.0,-47000.0,0.0,0.0,0.0,-47000.0,11565581.636000004,0,0.0,-0.004047334302847521,-0.03463940118882802,-415000.18000000156
2023-04-26,TX202305,TX202305,15375.0,False,0.0,-2600.0,0.0,0.0,0.0,-2600.0,11562981.636000004,0,0.0,-0.00022480494987878698,-0.0348564190298587,-417600.18000000156
2023-04-27,TX202305,TX202305,15427.0,False,0.0,10400.0,0.0,0.0,0.0,10400.0,11573381.636000004,0,0.0,0.000899421994031436,-0.033988347665735885,-407200.18000000156
2023-04-28,TX202305,TX202305,15573.0,False,0.0,29200.0,0.0,0.0,0.0,29200.0,11602581.636000004,0,0.0,0.002523030944488245,-0.03155107037416027,-378000.18000000156
2023-05-02,TX202305,TX202305,15636.0,False,0.0,12600.0,0.0,0.0,0.0,12600.0,11615181.636000004,0,0.0,0.001085965209751703,-0.03049936852916535,-365400.18000000156
2023-05-03,TX202305,TX202305,15552.0,False,0.0,-16800.0,0.0,0.0,0.0,-16800.0,11598381.636000004,0,0.0,-0.001446382891502119,-0.03190163765582532,-382200.18000000156
2023-05-04,TX202305,TX202305,15609.0,False,0.0,11400.0,0.0,0.0,0.0,11400.0,11609781.636000004,0,0.0,0.000982895748542689,-0.030950097891306094,-370800.18000000156
2023-05-05,TX202305,TX202305,15643.0,False,0.0,6800.0,0.0,0.0,0.0,6800.0,11616581.636000004,0,0.0,0.0005857129972982721,-0.03038251276861037,-364000.18000000156
2023-05-08,TX202305,TX202305,15723.0,False,0.0,16000.0,0.0,0.0,0.0,16000.0,11632581.636000004,0,0.0,0.0013773415021176023,-0.02904701836226764,-348000.18000000156
2023-05-09,TX202305,TX202305,15739.0,False,0.0,3200.0,0.0,0.0,0.0,3200.0,11635781.636000004,0,0.0,0.00027508940836458695,-0.028779919480999006,-344800.18000000156
2023-05-10,TX202305,TX202305,15609.0,False,0.0,-26000.0,0.0,0.0,0.0,-26000.0,11609781.636000004,0,0.0,-0.002234486759321649,-0.030950097891306094,-370800.18000000156
2023-05-11,TX202305,TX202305,15518.0,False,0.0,-18200.0,0.0,0.0,0.0,-18200.0,11591581.636000004,0,0.0,-0.0015676436104159637,-0.032469222778520934,-389000.18000000156
2023-05-12,TX202305,TX202305,15508.0,False,0.0,-2000.0,0.0,0.0,0.0,-2000.0,11589581.636000004,0,0.0,-0.00017253900829103383,-0.03263615957931387,-391000.18000000156
2023-05-15,TX202305,TX202305,15510.0,False,0.0,400.0,0.0,0.0,0.0,400.0,11589981.636000004,0,0.0,3.451375662754768e-05,-0.03260277221915531,-390600.18000000156
2023-05-16,TX202305,TX202306,15632.0,True,-58.0,36000.0,100.0,125.28800000000001,800.0,34974.712,11624956.348000003,2,1025.288,0.0030176675941715,-0.029683488954189707,-355625.4680000022
2023-05-17,TX202306,TX202306,15876.0,False,0.0,48800.0,0.0,0.0,0.0,48800.0,11673756.348000003,0,0.0,0.00419786522539465,-0.025610231014844276,-306825.4680000022
2023-05-18,TX202306,TX202306,16070.0,False,0.0,38800.0,0.0,0.0,0.0,38800.0,11712556.348000003,0,0.0,0.0033236945198575588,-0.02237165707946298,-268025.4680000022
2023-05-19,TX202306,TX202306,16129.0,False,0.0,11800.0,0.0,0.0,0.0,11800.0,11724356.348000003,0,0.0,0.0010074658041679286,-0.02138672995478519,-256225.4680000022
2023-05-22,TX202306,TX202306,16116.0,False,0.0,-2600.0,0.0,0.0,0.0,-2600.0,11721756.348000003,0,0.0,-0.00022176057455329054,-0.021603747795815864,-258825.4680000022
2023-05-23,TX202306,TX202306,16133.0,False,0.0,3400.0,0.0,0.0,0.0,3400.0,11725156.348000003,0,0.0,0.0002900589211257677,-0.021319955234468058,-255425.4680000022
2023-05-24,TX202306,TX202306,16072.0,False,0.0,-12200.0,0.0,0.0,0.0,-12200.0,11712956.348000003,0,0.0,-0.0010404978524726446,-0.022338269719304416,-267625.4680000022
2023-05-25,TX202306,TX202306,16207.0,False,0.0,27000.0,0.0,0.0,0.0,27000.0,11739956.348000003,0,0.0,0.002305139641761772,-0.020084622908601024,-240625.4680000022
2023-05-26,TX202306,TX202306,16435.0,False,0.0,45600.0,0.0,0.0,0.0,45600.0,11785556.348000003,0,0.0,0.003884171171366266,-0.016278463850524116,-195025.4680000022
2023-05-29,TX202306,TX202306,16570.0,False,0.0,27000.0,0.0,0.0,0.0,27000.0,11812556.348000003,0,0.0,0.0022909397912795073,-0.014024817039820614,-168025.4680000022
2023-05-30,TX202306,TX202306,16576.0,False,0.0,1200.0,0.0,0.0,0.0,1200.0,11813756.348000003,0,0.0,0.00010158681699775962,-0.013924654959344918,-166825.4680000022
2023-05-31,TX202306,TX202306,16489.0,False,0.0,-17400.0,0.0,0.0,0.0,-17400.0,11796356.348000003,0,0.0,-0.0014728592233871247,-0.015377005126242738,-184225.4680000022
2023-06-01,TX202306,TX202306,16470.0,False,0.0,-3800.0,0.0,0.0,0.0,-3800.0,11792556.348000003,0,0.0,-0.0003221333679568154,-0.01569418504774911,-188025.4680000022
2023-06-02,TX202306,TX202306,16710.0,False,0.0,48000.0,0.0,0.0,0.0,48000.0,11840556.348000003,0,0.0,0.004070364269079004,-0.011687701828720809,-140025.4680000022
2023-06-05,TX202306,TX202306,16681.0,False,0.0,-5800.0,0.0,0.0,0.0,-5800.0,11834756.348000003,0,0.0,-0.0004898418477590947,-0.012171818551020008,-145825.4680000022
2023-06-06,TX202306,TX202306,16747.0,False,0.0,13200.0,0.0,0.0,0.0,13200.0,11847956.348000003,0,0.0,0.00111535883053737,-0.011070035665787237,-132625.4680000022
2023-06-07,TX202306,TX202306,16889.0,False,0.0,28400.0,0.0,0.0,0.0,28400.0,11876356.348000003,0,0.0,0.0023970378659264784,-0.008699533094528866,-104225.4680000022
2023-06-08,TX202306,TX202306,16719.0,False,0.0,-34000.0,0.0,0.0,0.0,-34000.0,11842356.348000003,0,0.0,-0.002862830905686461,-0.011537458708007264,-138225.4680000022
2023-06-09,TX202306,TX202306,16888.0,False,0.0,33800.0,0.0,0.0,0.0,33800.0,11876156.348000003,0,0.0,0.0028541617062307297,-0.008716226774608149,-104425.4680000022
2023-06-12,TX202306,TX202306,16942.0,False,0.0,10800.0,0.0,0.0,0.0,10800.0,11886956.348000003,0,0.0,0.0009093851313113411,-0.00781476805032677,-93625.4680000022
2023-06-13,TX202306,TX202306,17220.0,False,0.0,55600.0,0.0,0.0,0.0,55600.0,11942556.348000003,0,0.0,0.004677395825496976,-0.0031739249882856146,-38025.468000002205
2023-06-14,TX202306,TX202306,17203.0,False,0.0,-3400.0,0.0,0.0,0.0,-3400.0,11939156.348000003,0,0.0,-0.0002846961656219769,-0.003457717549633421,-41425.468000002205
2023-06-15,TX202306,TX202306,17337.0,False,0.0,26800.0,0.0,0.0,0.0,26800.0,11965956.348000003,0,0.0,0.0022447147201057824,-0.0012207644190093125,-14625.468000002205
2023-06-16,TX202306,TX202306,17268.0,False,0.0,-13800.0,0.0,0.0,0.0,-13800.0,11952156.348000003,0,0.0,-0.0011532717986478815,-0.0023726283444799323,-28425.468000002205
2023-06-19,TX202306,TX202306,17255.0,False,0.0,-2600.0,0.0,0.0,0.0,-2600.0,11949556.348000003,0,0.0,-0.00021753396828975277,-0.002589646185510608,-31025.468000002205
2023-06-20,TX202306,TX202307,17009.0,True,-180.0,-13200.0,100.0,136.79200000000003,800.0,-14236.792,11935319.556000004,2,1036.792,-0.0011914075791092287,-0.003777968440527135,-45262.26000000164
2023-06-21,TX202307,TX202307,17001.0,False,0.0,-1600.0,0.0,0.0,0.0,-1600.0,11933719.556000004,0,0.0,-0.00013405589959220355,-0.003911517881161397,-46862.26000000164
2023-06-26,TX202307,TX202307,16880.0,False,0.0,-24200.0,0.0,0.0,0.0,-24200.0,11909519.556000004,0,0.0,-0.0020278673289111098,-0.005931453170754941,-71062.26000000164
2023-06-27,TX202307,TX202307,16743.0,False,0.0,-27400.0,0.0,0.0,0.0,-27400.0,11882119.556000004,0,0.0,-0.0023006805498040355,-0.008218487341616898,-98462.26000000164
2023-06-28,TX202307,TX202307,16776.0,False,0.0,6600.0,0.0,0.0,0.0,6600.0,11888719.556000004,0,0.0,0.000555456454456163,-0.007667595899000457,-91862.26000000164
2023-06-29,TX202307,TX202307,16756.0,False,0.0,-4000.0,0.0,0.0,0.0,-4000.0,11884719.556000004,0,0.0,-0.00033645339022075584,-0.008001469500586222,-95862.26000000164
2023-06-30,TX202307,TX202307,16788.0,False,0.0,6400.0,0.0,0.0,0.0,6400.0,11891119.556000004,0,0.0,0.0005385066067266987,-0.007467271738049064,-89462.26000000164
2023-07-03,TX202307,TX202307,17035.0,False,0.0,49400.0,0.0,0.0,0.0,49400.0,11940519.556000004,0,0.0,0.004154360719977272,-0.003343932758465784,-40062.26000000164
2023-07-04,TX202307,TX202307,17106.0,False,0.0,14200.0,0.0,0.0,0.0,14200.0,11954719.556000004,0,0.0,0.0011892279840423382,-0.002158681472836599,-25862.26000000164
2023-07-05,TX202307,TX202307,17005.0,False,0.0,-20200.0,0.0,0.0,0.0,-20200.0,11934519.556000004,0,0.0,-0.0016897092320214018,-0.003844743160844266,-46062.26000000164
2023-07-06,TX202307,TX202307,16686.0,False,0.0,-63800.0,0.0,0.0,0.0,-63800.0,11870719.556000004,0,0.0,-0.005345837316754402,-0.009170027106136125,-109862.26000000164
2023-07-07,TX202307,TX202307,16623.0,False,0.0,-12600.0,0.0,0.0,0.0,-12600.0,11858119.556000004,0,0.0,-0.001061435234870104,-0.010221728951131048,-122462.26000000164
2023-07-10,TX202307,TX202307,16550.0,False,0.0,-14600.0,0.0,0.0,0.0,-14600.0,11843519.556000004,0,0.0,-0.0012312238825938175,-0.011440367596918799,-137062.26000000164
2023-07-11,TX202307,TX202307,16870.0,False,0.0,64000.0,0.0,0.0,0.0,64000.0,11907519.556000004,0,0.0,0.005403799073188272,-0.0060983899715477685,-73062.26000000164
2023-07-12,TX202307,TX202307,16925.0,False,0.0,11000.0,0.0,0.0,0.0,11000.0,11918519.556000004,0,0.0,0.0009237860117103298,-0.005180237567187107,-62062.26000000164
2023-07-13,TX202307,TX202307,17084.0,False,0.0,31800.0,0.0,0.0,0.0,31800.0,11950319.556000004,0,0.0,0.0026681166105056472,-0.002525942434580819,-30262.26000000164
2023-07-14,TX202307,TX202307,17292.0,False,0.0,41600.0,0.0,0.0,0.0,41600.0,11991919.556000004,0,0.0,0.0034810784602921784,0.0,0.0
2023-07-17,TX202307,TX202307,17291.0,False,0.0,-200.0,0.0,0.0,0.0,-200.0,11991719.556000004,0,0.0,-1.6677897067774488e-05,-1.6677897067829406e-05,-200.0
2023-07-18,TX202307,TX202308,17172.0,True,-53.0,-13200.0,100.0,137.58800000000002,800.0,-14237.588,11977481.968000004,2,1037.588,-0.001187284937202879,-0.0012039430328546485,-14437.587999999523
2023-07-19,TX202308,TX202308,17085.0,False,0.0,-17400.0,0.0,0.0,0.0,-17400.0,11960081.968000004,0,0.0,-0.0014527260442960572,-0.002654920077751033,-31837.587999999523
2023-07-20,TX202308,TX202308,17126.0,False,0.0,8200.0,0.0,0.0,0.0,8200.0,11968281.968000004,0,0.0,0.0006856140302332079,-0.0019711262979722477,-23637.587999999523
2023-07-21,TX202308,TX202308,16944.0,False,0.0,-36400.0,0.0,0.0,0.0,-36400.0,11931881.968000004,0,0.0,-0.0030413721950505426,-0.0050065035643072076,-60037.58799999952
2023-07-24,TX202308,TX202308,16981.0,False,0.0,7400.0,0.0,0.0,0.0,7400.0,11939281.968000004,0,0.0,0.0006201871607384306,-0.004389421372799518,-52637.58799999952
2023-07-25,TX202308,TX202308,17180.0,False,0.0,39800.0,0.0,0.0,0.0,39800.0,11979081.968000004,0,0.0,0.003333533801000183,-0.0010705198563124574,-12837.587999999523
2023-07-26,TX202308,TX202308,17102.0,False,0.0,-15600.0,0.0,0.0,0.0,-15600.0,11963481.968000004,0,0.0,-0.001302270077262401,-0.002371395827598821,-28437.587999999523
2023-07-27,TX202308,TX202308,17221.0,False,0.0,23800.0,0.0,0.0,0.0,23800.0,11987281.968000004,0,0.0,0.00198938737598806,-0.0003867260765336722,-4637.587999999523
2023-07-28,TX202308,TX202308,17262.0,False,0.0,8200.0,0.0,0.0,0.0,8200.0,11995481.968000004,0,0.0,0.0006840583229701164,0.0,0.0
2023-07-31,TX202308,TX202308,17100.0,False,0.0,-32400.0,0.0,0.0,0.0,-32400.0,11963081.968000004,0,0.0,-0.0027010169400806514,-0.002701016940080625,-32400.0
2023-08-01,TX202308,TX202308,17182.0,False,0.0,16400.0,0.0,0.0,0.0,16400.0,11979481.968000004,0,0.0,0.0013708841955499668,-0.0013338355259657764,-16000.0
2023-08-02,TX202308,TX202308,16814.0,False,0.0,-73600.0,0.0,0.0,0.0,-73600.0,11905881.968000004,0,0.0,-0.006143838289218415,-0.00746947894540817,-89600.0
2023-08-04,TX202308,TX202308,16824.0,False,0.0,2000.0,0.0,0.0,0.0,2000.0,11907881.968000004,0,0.0,0.00016798419515458776,-0.007302749504662476,-87600.0
2023-08-07,TX202308,TX202308,17002.0,False,0.0,35600.0,0.0,0.0,0.0,35600.0,11943481.968000004,0,0.0,0.0029896164654358947,-0.004334965459388718,-52000.0
2023-08-08,TX202308,TX202308,16853.0,False,0.0,-29800.0,0.0,0.0,0.0,-29800.0,11913681.968000004,0,0.0,-0.0024950847734222484,-0.0068192341264998735,-81800.0
2023-08-09,TX202308,TX202308,16852.0,False,0.0,-200.0,0.0,0.0,0.0,-200.0,11913481.968000004,0,0.0,-1.678742143169487e-05,-0.006835907070574465,-82000.0
2023-08-10,TX202308,TX202308,16660.0,False,0.0,-38400.0,0.0,0.0,0.0,-38400.0,11875081.968000004,0,0.0,-0.0032232390247572988,-0.010037112332892284,-120400.0
2023-08-11,TX202308,TX202308,16625.0,False,0.0,-7000.0,0.0,0.0,0.0,-7000.0,11868081.968000004,0,0.0,-0.000589469615356174,-0.010620665375502325,-127400.0
2023-08-14,TX202308,TX202308,16378.0,False,0.0,-49400.0,0.0,0.0,0.0,-49400.0,11818681.968000004,0,0.0,-0.004162424908523347,-0.014738882561921574,-176800.0
2023-08-15,TX202308,TX202309,16399.0,True,-23.0,8800.0,100.0,131.284,800.0,7768.716,11826450.684000004,2,1031.284,0.0006573250740678529,-0.014091245724925372,-169031.28399999999
2023-08-16,TX202309,TX202309,16372.0,False,0.0,-5400.0,0.0,0.0,0.0,-5400.0,11821050.684000004,0,0.0,-0.0004566036035905224,-0.014541415214938902,-174431.28399999999
2023-08-17,TX202309,TX202309,16454.0,False,0.0,16400.0,0.0,0.0,0.0,16400.0,11837450.684000004,0,0.0,0.0013873555268820294,-0.013174233800823942,-158031.28399999999
2023-08-18,TX202309,TX202309,16352.0,False,0.0,-20400.0,0.0,0.0,0.0,-20400.0,11817050.684000004,0,0.0,-0.0017233440328138809,-0.01487487409643029,-178431.28399999999
2023-08-21,TX202309,TX202309,16351.0,False,0.0,-200.0,0.0,0.0,0.0,-200.0,11816850.684000004,0,0.0,-1.6924696808721915e-05,-0.014891547040504882,-178631.28399999999
2023-08-22,TX202309,TX202309,16401.0,False,0.0,10000.0,0.0,0.0,0.0,10000.0,11826850.684000004,0,0.0,0.0008462491629466032,-0.0140578998367763,-168631.28399999999
2023-08-23,TX202309,TX202309,16559.0,False,0.0,31600.0,0.0,0.0,0.0,31600.0,11858450.684000004,0,0.0,0.0026718862733889227,-0.01142357467299393,-137031.28399999999
2023-08-24,TX202309,TX202309,16759.0,False,0.0,40000.0,0.0,0.0,0.0,40000.0,11898450.684000004,0,0.0,0.0033731219251069565,-0.00808898585807949,-97031.28399999999
2023-08-25,TX202309,TX202309,16421.0,False,0.0,-67600.0,0.0,0.0,0.0,-67600.0,11830850.684000004,0,0.0,-0.005681411958189025,-0.0137244409552848,-164631.28399999999
2023-08-28,TX202309,TX202309,16490.0,False,0.0,13800.0,0.0,0.0,0.0,13800.0,11844650.684000004,0,0.0,0.0011664419041872505,-0.01257400781413942,-150831.28399999999
2023-08-29,TX202309,TX202309,16624.0,False,0.0,26800.0,0.0,0.0,0.0,26800.0,11871450.684000004,0,0.0,0.0022626247674996432,-0.010339833308146695,-124031.28399999999
2023-08-30,TX202309,TX202309,16724.0,False,0.0,20000.0,0.0,0.0,0.0,20000.0,11891450.684000004,0,0.0,0.001684714070114061,-0.00867253890068953,-104031.28399999999
2023-08-31,TX202309,TX202309,16628.0,False,0.0,-19200.0,0.0,0.0,0.0,-19200.0,11872250.684000004,0,0.0,-0.0016146053589436047,-0.01027314153184844,-123231.28399999999
2023-09-01,TX202309,TX202309,16651.0,False,0.0,4600.0,0.0,0.0,0.0,4600.0,11876850.684000004,0,0.0,0.00038745812587998404,-0.009889663818133276,-118631.28399999999
2023-09-04,TX202309,TX202309,16782.0,False,0.0,26200.0,0.0,0.0,0.0,26200.0,11903050.684000004,0,0.0,0.002205971995193603,-0.007705508144364326,-92431.28399999999
2023-09-05,TX202309,TX202309,16754.0,False,0.0,-5600.0,0.0,0.0,0.0,-5600.0,11897450.684000004,0,0.0,-0.0004704676262134614,-0.008172350578452336,-98031.28399999999
2023-09-06,TX202309,TX202309,16711.0,False,0.0,-8600.0,0.0,0.0,0.0,-8600.0,11888850.684000004,0,0.0,-0.0007228439292095995,-0.008889287173659,-106631.28399999999
2023-09-07,TX202309,TX202309,16564.0,False,0.0,-29400.0,0.0,0.0,0.0,-29400.0,11859450.684000004,0,0.0,-0.0024729051429308027,-0.011340209952621083,-136031.28399999999
2023-09-08,TX202309,TX202309,16563.0,False,0.0,-200.0,0.0,0.0,0.0,-200.0,11859250.684000004,0,0.0,-1.6864187501519522e-05,-0.011356882896695675,-136231.28399999999
2023-09-11,TX202309,TX202309,16427.0,False,0.0,-27200.0,0.0,0.0,0.0,-27200.0,11832050.684000004,0,0.0,-0.002293568179370479,-0.013624403290837361,-163431.28399999999
2023-09-12,TX202309,TX202309,16573.0,False,0.0,29200.0,0.0,0.0,0.0,29200.0,11861250.684000004,0,0.0,0.0024678731337320894,-0.01119015345594987,-134231.28399999999
2023-09-13,TX202309,TX202309,16577.0,False,0.0,800.0,0.0,0.0,0.0,800.0,11862050.684000004,0,0.0,6.744651313028431e-05,-0.011123461679651614,-133431.28399999999
2023-09-14,TX202309,TX202309,16838.0,False,0.0,52200.0,0.0,0.0,0.0,52200.0,11914250.684000004,0,0.0,0.004400588177422762,-0.006771823276188305,-81231.28399999999
2023-09-15,TX202309,TX202309,16906.0,False,0.0,13600.0,0.0,0.0,0.0,13600.0,11927850.684000004,0,0.0,0.0011414901667516396,-0.005638063079117406,-67631.28399999999
2023-09-18,TX202309,TX202309,16709.0,False,0.0,-39400.0,0.0,0.0,0.0,-39400.0,11888450.684000004,0,0.0,-0.0033031935965505575,-0.008922633061808072,-107031.28399999999
2023-09-19,TX202309,TX202310,16625.0,True,16.0,-20000.0,100.0,132.93600000000004,800.0,-21032.936,11867417.748000003,2,1032.9360000000001,-0.0017691906674018546,-0.010676037890068435,-128064.22000000067
2023-09-20,TX202310,TX202310,16564.0,False,0.0,-12200.0,0.0,0.0,0.0,-12200.0,11855217.748000003,0,0.0,-0.0010280248204843085,-0.011693087478617303,-140264.22000000067
2023-09-21,TX202310,TX202310,16309.0,False,0.0,-51000.0,0.0,0.0,0.0,-51000.0,11804217.748000003,0,0.0,-0.004301903270279771,-0.015944688217633174,-191264.22000000067
2023-09-22,TX202310,TX202310,16345.0,False,0.0,7200.0,0.0,0.0,0.0,7200.0,11811417.748000003,0,0.0,0.0006099514727454007,-0.015344462230948541,-184064.22000000067
2023-09-25,TX202310,TX202310,16464.0,False,0.0,23800.0,0.0,0.0,0.0,23800.0,11835217.748000003,0,0.0,0.002014999427484477,-0.013360381886074468,-160264.22000000067
2023-09-26,TX202310,TX202310,16308.0,False,0.0,-31200.0,0.0,0.0,0.0,-31200.0,11804017.748000003,0,0.0,-0.00263619991320163,-0.015961361161707766,-191464.22000000067
2023-09-27,TX202310,TX202310,16311.0,False,0.0,600.0,0.0,0.0,0.0,600.0,11804617.748000003,0,0.0,5.083015061559528e-05,-0.01591134232948399,-190864.22000000067
2023-09-28,TX202310,TX202310,16368.0,False,0.0,11400.0,0.0,0.0,0.0,11400.0,11816017.748000003,0,0.0,0.0009657237738114345,-0.014960984517233378,-179464.22000000067
2023-10-02,TX202310,TX202310,16557.0,False,0.0,37800.0,0.0,0.0,0.0,37800.0,11853817.748000003,0,0.0,0.003199047327632703,-0.011809798087139334,-141664.22000000067
2023-10-03,TX202310,TX202310,16412.0,False,0.0,-29000.0,0.0,0.0,0.0,-29000.0,11824817.748000003,0,0.0,-0.0024464691980685235,-0.014227374977952234,-170664.22000000067
2023-10-04,TX202310,TX202310,16245.0,False,0.0,-33400.0,0.0,0.0,0.0,-33400.0,11791417.748000003,0,0.0,-0.00282456784635426,-0.017011756638405706,-204064.22000000067
2023-10-05,TX202310,TX202310,16456.0,False,0.0,42200.0,0.0,0.0,0.0,42200.0,11833617.748000003,0,0.0,0.0035788741355684507,-0.01349376543867109,-161864.22000000067
2023-10-06,TX202310,TX202310,16531.0,False,0.0,15000.0,0.0,0.0,0.0,15000.0,11848617.748000003,0,0.0,0.0012675751675801043,-0.012243294633078161,-146864.22000000067
2023-10-11,TX202310,TX202310,16717.0,False,0.0,37200.0,0.0,0.0,0.0,37200.0,11885817.748000003,0,0.0,0.0031396067280741844,-0.009142127035207781,-109664.22000000067
2023-10-12,TX202310,TX202310,16848.0,False,0.0,26200.0,0.0,0.0,0.0,26200.0,11912017.748000003,0,0.0,0.00220430773510797,-0.006957971361438942,-83464.22000000067
2023-10-13,TX202310,TX202310,16770.0,False,0.0,-15600.0,0.0,0.0,0.0,-15600.0,11896417.748000003,0,0.0,-0.0013096018097034149,-0.008258460999255535,-99064.22000000067
2023-10-16,TX202310,TX202310,16648.0,False,0.0,-24400.0,0.0,0.0,0.0,-24400.0,11872017.748000003,0,0.0,-0.0020510375910514802,-0.010292560176353271,-123464.22000000067
2023-10-17,TX202310,TX202311,16672.0,True,22.0,400.0,100.0,133.288,800.0,-633.288,11871384.460000003,2,1033.288,-5.334291216896855e-05,-0.010345354053388767,-124097.50800000131
2023-10-18,TX202311,TX202311,16468.0,False,0.0,-40800.0,0.0,0.0,0.0,-40800.0,11830584.460000003,0,0.0,-0.0034368358751646387,-0.013746634644601463,-164897.5080000013
2023-10-19,TX202311,TX202311,16458.0,False,0.0,-2000.0,0.0,0.0,0.0,-2000.0,11828584.460000003,0,0.0,-0.00016905335545865327,-0.013913364085347157,-166897.5080000013
2023-10-20,TX202311,TX202311,16413.0,False,0.0,-9000.0,0.0,0.0,0.0,-9000.0,11819584.460000003,0,0.0,-0.0007608687269752985,-0.014663646568702893,-175897.5080000013
2023-10-23,TX202311,TX202311,16254.0,False,0.0,-31800.0,0.0,0.0,0.0,-31800.0,11787784.460000003,0,0.0,-0.0026904499145141685,-0.017314644676559854,-207697.5080000013
2023-10-24,TX202311,TX202311,16335.0,False,0.0,16200.0,0.0,0.0,0.0,16200.0,11803984.460000003,0,0.0,0.001374304056455406,-0.015964136206519597,-191497.5080000013
2023-10-25,TX202311,TX202311,16358.0,False,0.0,4600.0,0.0,0.0,0.0,4600.0,11808584.460000003,0,0.0,0.00038969892035930375,-0.015580658492804433,-186897.5080000013
2023-10-26,TX202311,TX202311,16069.0,False,0.0,-57800.0,0.0,0.0,0.0,-57800.0,11750784.460000003,0,0.0,-0.004894744174950838,-0.020399139330355642,-244697.5080000013
2023-10-27,TX202311,TX202311,16151.0,False,0.0,16400.0,0.0,0.0,0.0,16400.0,11767184.460000003,0,0.0,0.001395651503593318,-0.019031957916240794,-228297.5080000013
2023-10-30,TX202311,TX202311,16157.0,False,0.0,1200.0,0.0,0.0,0.0,1200.0,11768384.460000003,0,0.0,0.00010197851525818604,-0.018931920251793355,-227097.5080000013
2023-10-31,TX202311,TX202311,15994.0,False,0.0,-32600.0,0.0,0.0,0.0,-32600.0,11735784.460000003,0,0.0,-0.0027701338370449526,-0.02164961013594857,-259697.5080000013
2023-11-01,TX202311,TX202311,16048.0,False,0.0,10800.0,0.0,0.0,0.0,10800.0,11746584.460000003,0,0.0,0.0009202623000456842,-0.020749271155921734,-248897.5080000013
2023-11-02,TX202311,TX202311,16390.0,False,0.0,68400.0,0.0,0.0,0.0,68400.0,11814984.460000003,0,0.0,0.00582296924122231,-0.015047124282418056,-180497.5080000013
2023-11-03,TX202311,TX202311,16512.0,False,0.0,24400.0,0.0,0.0,0.0,24400.0,11839384.460000003,0,0.0,0.0020651741085743244,-0.01301302510532032,-156097.5080000013
2023-11-06,TX202311,TX202311,16670.0,False,0.0,31600.0,0.0,0.0,0.0,31600.0,11870984.460000003,0,0.0,0.0026690576783583893,-0.01037869994153795,-124497.50800000131
2023-11-07,TX202311,TX202311,16709.0,False,0.0,7800.0,0.0,0.0,0.0,7800.0,11878784.460000003,0,0.0,0.0006570642920376629,-0.009728455122629653,-116697.50800000131
2023-11-08,TX202311,TX202311,16749.0,False,0.0,8000.0,0.0,0.0,0.0,8000.0,11886784.460000003,0,0.0,0.0006734695815837707,-0.009061537359646765,-108697.50800000131
2023-11-09,TX202311,TX202311,16763.0,False,0.0,2800.0,0.0,0.0,0.0,2800.0,11889584.460000003,0,0.0,0.00023555571394620874,-0.008828116142602815,-105897.50800000131
2023-11-10,TX202311,TX202311,16736.0,False,0.0,-5400.0,0.0,0.0,0.0,-5400.0,11884184.460000003,0,0.0,-0.0004541790352864863,-0.009278285632616234,-111297.50800000131
2023-11-13,TX202311,TX202311,16876.0,False,0.0,28000.0,0.0,0.0,0.0,28000.0,11912184.460000003,0,0.0,0.0023560724839169983,-0.006944073462176181,-83297.50800000131
2023-11-14,TX202311,TX202312,16968.0,True,19.0,14600.0,100.0,135.668,800.0,13564.332,11925748.792000003,2,1035.6680000000001,0.0011386939184452485,-0.005813286717951449,-69733.17600000091
2023-11-15,TX202312,TX202312,17162.0,False,0.0,38800.0,0.0,0.0,0.0,38800.0,11964548.792000003,0,0.0,0.0032534644722709326,-0.002578735567484558,-30933.17600000091
2023-11-16,TX202312,TX202312,17186.0,False,0.0,4800.0,0.0,0.0,0.0,4800.0,11969348.792000003,0,0.0,0.00040118520835566153,-0.002178584909694803,-26133.17600000091
2023-11-17,TX202312,TX202312,17222.0,False,0.0,7200.0,0.0,0.0,0.0,7200.0,11976548.792000003,0,0.0,0.0006015364849934267,-0.0015783589230101702,-18933.17600000091
2023-11-20,TX202312,TX202312,17200.0,False,0.0,-4400.0,0.0,0.0,0.0,-4400.0,11972148.792000003,0,0.0,-0.0003673846344565536,-0.001945163692650742,-23333.17600000091
2023-11-21,TX202312,TX202312,17415.0,False,0.0,43000.0,0.0,0.0,0.0,43000.0,12015148.792000003,0,0.0,0.0035916693608697334,0.0,0.0
2023-11-22,TX202312,TX202312,17284.0,False,0.0,-26200.0,0.0,0.0,0.0,-26200.0,11988948.792000003,0,0.0,-0.002180580569875642,-0.0021805805698756897,-26200.0
2023-11-23,TX202312,TX202312,17307.0,False,0.0,4600.0,0.0,0.0,0.0,4600.0,11993548.792000003,0,0.0,0.0003836866834454654,-0.0017977305461570614,-21600.0
2023-11-24,TX202312,TX202312,17293.0,False,0.0,-2800.0,0.0,0.0,0.0,-2800.0,11990748.792000003,0,0.0,-0.0002334588409618736,-0.0020307696910292217,-24400.0
2023-11-27,TX202312,TX202312,17173.0,False,0.0,-24000.0,0.0,0.0,0.0,-24000.0,11966748.792000003,0,0.0,-0.002001543057595564,-0.0040282480756481664,-48400.0
2023-11-28,TX202312,TX202312,17364.0,False,0.0,38200.0,0.0,0.0,0.0,38200.0,12004948.792000003,0,0.0,0.0031921786496878265,-0.0008489283134630599,-10200.0
2023-11-29,TX202312,TX202312,17334.0,False,0.0,-6000.0,0.0,0.0,0.0,-6000.0,11998948.792000003,0,0.0,-0.0004997938853348836,-0.0013482979096177683,-16200.0
2023-11-30,TX202312,TX202312,17393.0,False,0.0,11800.0,0.0,0.0,0.0,11800.0,12010748.792000003,0,0.0,0.0009834194815355286,-0.00036620437051348986,-4400.0
2023-12-01,TX202312,TX202312,17421.0,False,0.0,5600.0,0.0,0.0,0.0,5600.0,12016348.792000003,0,0.0,0.00046624903217774323,0.0,0.0
2023-12-04,TX202312,TX202312,17419.0,False,0.0,-400.0,0.0,0.0,0.0,-400.0,12015948.792000003,0,0.0,-3.3287981809108584e-05,-3.3287981809126954e-05,-400.0
2023-12-05,TX202312,TX202312,17309.0,False,0.0,-22000.0,0.0,0.0,0.0,-22000.0,11993948.792000003,0,0.0,-0.0018308999464650842,-0.0018641269813101102,-22400.0
2023-12-06,TX202312,TX202312,17381.0,False,0.0,14400.0,0.0,0.0,0.0,14400.0,12008348.792000003,0,0.0,0.0012006054260966029,-0.000665759636182206,-8000.0
2023-12-07,TX202312,TX202312,17270.0,False,0.0,-22200.0,0.0,0.0,0.0,-22200.0,11986148.792000003,0,0.0,-0.001848713789425379,-0.0025132426265876973,-30200.0
2023-12-08,TX202312,TX202312,17377.0,False,0.0,21400.0,0.0,0.0,0.0,21400.0,12007548.792000003,0,0.0,0.0017853941554841326,-0.0007323355998003489,-8800.0
2023-12-11,TX202312,TX202312,17418.0,False,0.0,8200.0,0.0,0.0,0.0,8200.0,12015748.792000003,0,0.0,0.0006829037418080889,-4.993197271363492e-05,-600.0
2023-12-12,TX202312,TX202312,17464.0,False,0.0,9200.0,0.0,0.0,0.0,9200.0,12024948.792000003,0,0.0,0.0007656618126142328,0.0,0.0
2023-12-13,TX202312,TX202312,17453.0,False,0.0,-2200.0,0.0,0.0,0.0,-2200.0,12022748.792000003,0,0.0,-0.00018295296205033515,-0.00018295296205028677,-2200.0
2023-12-14,TX202312,TX202312,17666.0,False,0.0,42600.0,0.0,0.0,0.0,42600.0,12065348.792000003,0,0.0,0.0035432828828916604,0.0,0.0
2023-12-15,TX202312,TX202312,17674.0,False,0.0,1600.0,0.0,0.0,0.0,1600.0,12066948.792000003,0,0.0,0.0001326111683618205,0.0,0.0
2023-12-18,TX202312,TX202312,17655.0,False,0.0,-3800.0,0.0,0.0,0.0,-3800.0,12063148.792000003,0,0.0,-0.0003149097643075503,-0.00031490976430759154,-3800.0
2023-12-19,TX202312,TX202401,17562.0,True,-12.0,-16200.0,100.0,140.544,800.0,-17240.544,12045908.248000003,2,1040.544,-0.0014291910260970605,-0.0017436507241954669,-21040.54399999976
2023-12-20,TX202401,TX202401,17660.0,False,0.0,19600.0,0.0,0.0,0.0,19600.0,12065508.248000003,0,0.0,0.0016271085248598179,-0.00011937930829331034,-1440.5439999997616
2023-12-21,TX202401,TX202401,17529.0,False,0.0,-26200.0,0.0,0.0,0.0,-26200.0,12039308.248000003,0,0.0,-0.0021714791835928627,-0.002290599262203208,-27640.54399999976
2023-12-22,TX202401,TX202401,17558.0,False,0.0,5800.0,0.0,0.0,0.0,5800.0,12045108.248000003,0,0.0,0.00048175525375085474,-0.0018099475166811763,-21840.54399999976
2023-12-25,TX202401,TX202401,17622.0,False,0.0,12800.0,0.0,0.0,0.0,12800.0,12057908.248000003,0,0.0,0.0010626720604296222,-0.0007491988369083824,-9040.543999999762
2023-12-26,TX202401,TX202401,17735.0,False,0.0,22600.0,0.0,0.0,0.0,22600.0,12080508.248000003,0,0.0,0.0018742886025649242,0.0,0.0
2023-12-27,TX202401,TX202401,17857.0,False,0.0,24400.0,0.0,0.0,0.0,24400.0,12104908.248000003,0,0.0,0.002019782570326837,0.0,0.0
2023-12-28,TX202401,TX202401,17865.0,False,0.0,1600.0,0.0,0.0,0.0,1600.0,12106508.248000003,0,0.0,0.00013217778831692964,0.0,0.0
2023-12-29,TX202401,TX202401,17868.0,False,0.0,600.0,0.0,0.0,0.0,600.0,12107108.248000003,0,0.0,4.956011987181523e-05,0.0,0.0
2024-01-02,TX202401,TX202401,17798.0,False,0.0,-14000.0,0.0,0.0,0.0,-14000.0,12093108.248000003,0,0.0,-0.0011563454883880043,-0.0011563454883880553,-14000.0
2024-01-03,TX202401,TX202401,17546.0,False,0.0,-50400.0,0.0,0.0,0.0,-50400.0,12042708.248000003,0,0.0,-0.004167663016523094,-0.00531918924658481,-64400.0
2024-01-04,TX202401,TX202401,17546.0,False,0.0,0.0,0.0,0.0,0.0,0.0,12042708.248000003,0,0.0,0.0,-0.00531918924658481,-64400.0
2024-01-05,TX202401,TX202401,17519.0,False,0.0,-5400.0,0.0,0.0,0.0,-5400.0,12037308.248000003,0,0.0,-0.00044840412046823495,-0.005765208220677387,-69800.0
2024-01-08,TX202401,TX202401,17595.0,False,0.0,15200.0,0.0,0.0,0.0,15200.0,12052508.248000003,0,0.0,0.0012627407794865997,-0.004509747404713216,-54600.0
2024-01-09,TX202401,TX202401,17545.0,False,0.0,-10000.0,0.0,0.0,0.0,-10000.0,12042508.248000003,0,0.0,-0.0008297028132429947,-0.0053357084678474775,-64600.0
2024-01-10,TX202401,TX202401,17458.0,False,0.0,-17400.0,0.0,0.0,0.0,-17400.0,12025108.248000003,0,0.0,-0.0014448817174685978,-0.006772880717701213,-82000.0
2024-01-11,TX202401,TX202401,17575.0,False,0.0,23400.0,0.0,0.0,0.0,23400.0,12048508.248000003,0,0.0,0.0019459284288681435,-0.004840131829966898,-58600.0
2024-01-12,TX202401,TX202401,17489.0,False,0.0,-17200.0,0.0,0.0,0.0,-17200.0,12031308.248000003,0,0.0,-0.0014275626198666643,-0.006260784858557855,-75800.0
2024-01-15,TX202401,TX202401,17559.0,False,0.0,14000.0,0.0,0.0,0.0,14000.0,12045308.248000003,0,0.0,0.001163630730043614,-0.005104439370169911,-61800.0
2024-01-16,TX202401,TX202402,17361.0,True,28.0,-45200.0,100.0,138.776,800.0,-46238.776,11999069.472000003,2,1038.776,-0.003838737460926121,-0.008923582228468785,-108038.77600000054
2024-01-17,TX202402,TX202402,17235.0,False,0.0,-25200.0,0.0,0.0,0.0,-25200.0,11973869.472000003,0,0.0,-0.00210016285502843,-0.011005004107567218,-133238.77600000054
2024-01-18,TX202402,TX202402,17280.0,False,0.0,9000.0,0.0,0.0,0.0,9000.0,11982869.472000003,0,0.0,0.0007516367220342452,-0.010261639150746293,-124238.77600000054
2024-01-19,TX202402,TX202402,17678.0,False,0.0,79600.0,0.0,0.0,0.0,79600.0,12062469.472000003,0,0.0,0.006642816245808138,-0.003686989088197423,-44638.77600000054
2024-01-22,TX202402,TX202402,17817.0,False,0.0,27800.0,0.0,0.0,0.0,27800.0,12090269.472000003,0,0.0,0.002304669045134641,-0.0013908173326840911,-16838.776000000536
2024-01-23,TX202402,TX202402,17870.0,False,0.0,10600.0,0.0,0.0,0.0,10600.0,12100869.472000003,0,0.0,0.0008767381094812373,-0.0005152986057617159,-6238.776000000536
2024-01-24,TX202402,TX202402,17903.0,False,0.0,6600.0,0.0,0.0,0.0,6600.0,12107469.472000003,0,0.0,0.0005454153534398192,0.0,0.0
2024-01-25,TX202402,TX202402,17995.0,False,0.0,18400.0,0.0,0.0,0.0,18400.0,12125869.472000003,0,0.0,0.001519723014173378,0.0,0.0
2024-01-26,TX202402,TX202402,17999.0,False,0.0,800.0,0.0,0.0,0.0,800.0,12126669.472000003,0,0.0,6.597465046504831e-05,0.0,0.0
2024-01-29,TX202402,TX202402,18125.0,False,0.0,25200.0,0.0,0.0,0.0,25200.0,12151869.472000003,0,0.0,0.0020780643900772423,0.0,0.0
2024-01-30,TX202402,TX202402,18081.0,False,0.0,-8800.0,0.0,0.0,0.0,-8800.0,12143069.472000003,0,0.0,-0.000724168410488338,-0.0007241684104883905,-8800.0
2024-01-31,TX202402,TX202402,17920.0,False,0.0,-32200.0,0.0,0.0,0.0,-32200.0,12110869.472000003,0,0.0,-0.002651718338122672,-0.003373966457957067,-41000.0
2024-02-01,TX202402,TX202402,17986.0,False,0.0,13200.0,0.0,0.0,0.0,13200.0,12124069.472000003,0,0.0,0.001089930003004164,-0.0022877138422244814,-27800.0
2024-02-02,TX202402,TX202402,18084.0,False,0.0,19600.0,0.0,0.0,0.0,19600.0,12143669.472000003,0,0.0,0.00161661891209592,-0.000674793291591369,-8200.0
2024-02-05,TX202402,TX202402,18086.0,False,0.0,400.0,0.0,0.0,0.0,400.0,12144069.472000003,0,0.0,3.2938972929252654e-05,-0.0006418765456601694,-7800.0
2024-02-15,TX202402,TX202402,18667.0,False,0.0,116200.0,0.0,0.0,0.0,116200.0,12260269.472000003,0,0.0,0.009568456460819559,0.0,0.0
2024-02-16,TX202402,TX202402,18634.0,False,0.0,-6600.0,0.0,0.0,0.0,-6600.0,12253669.472000003,0,0.0,-0.0005383242199588742,-0.0005383242199589189,-6600.0
2024-02-19,TX202402,TX202402,18671.0,False,0.0,7400.0,0.0,0.0,0.0,7400.0,12261069.472000003,0,0.0,0.0006039007349520256,0.0,0.0
2024-02-20,TX202402,TX202403,18762.0,True,9.0,16400.0,100.0,150.06,800.0,15349.94,12276419.412000002,2,1050.06,0.0012519250490386584,0.0,0.0
2024-02-21,TX202403,TX202403,18692.0,False,0.0,-14000.0,0.0,0.0,0.0,-14000.0,12262419.412000002,0,0.0,-0.0011403976623929307,-0.0011403976623929335,-14000.0
2024-02-22,TX202403,TX202403,18889.0,False,0.0,39400.0,0.0,0.0,0.0,39400.0,12301819.412000002,0,0.0,0.0032130690262839293,0.0,0.0
2024-02-23,TX202403,TX202403,18913.0,False,0.0,4800.0,0.0,0.0,0.0,4800.0,12306619.412000002,0,0.0,0.0003901861862252477,0.0,0.0
2024-02-26,TX202403,TX202403,18963.0,False,0.0,10000.0,0.0,0.0,0.0,10000.0,12316619.412000002,0,0.0,0.0008125708340544884,0.0,0.0
2024-02-27,TX202403,TX202403,18867.0,False,0.0,-19200.0,0.0,0.0,0.0,-19200.0,12297419.412000002,0,0.0,-0.001558869309649494,-0.0015588693096495465,-19200.0
2024-02-29,TX202403,TX202403,18966.0,False,0.0,19800.0,0.0,0.0,0.0,19800.0,12317219.412000002,0,0.0,0.0016100939015448127,0.0,0.0
2024-03-01,TX202403,TX202403,18961.0,False,0.0,-1000.0,0.0,0.0,0.0,-1000.0,12316219.412000002,0,0.0,-8.118715487245067e-05,-8.118715487248629e-05,-1000.0
2024-03-04,TX202403,TX202403,19314.0,False,0.0,70600.0,0.0,0.0,0.0,70600.0,12386819.412000002,0,0.0,0.005732278521379104,0.0,0.0
2024-03-05,TX202403,TX202403,19389.0,False,0.0,15000.0,0.0,0.0,0.0,15000.0,12401819.412000002,0,0.0,0.0012109646149735922,0.0,0.0
2024-03-06,TX202403,TX202403,19509.0,False,0.0,24000.0,0.0,0.0,0.0,24000.0,12425819.412000002,0,0.0,0.001935199925325279,0.0,0.0
2024-03-07,TX202403,TX202403,19709.0,False,0.0,40000.0,0.0,0.0,0.0,40000.0,12465819.412000002,0,0.0,0.0032191035998294605,0.0,0.0
2024-03-08,TX202403,TX202403,19791.0,False,0.0,16400.0,0.0,0.0,0.0,16400.0,12482219.412000002,0,0.0,0.0013155974315024032,0.0,0.0
2024-03-11,TX202403,TX202403,19715.0,False,0.0,-15200.0,0.0,0.0,0.0,-15200.0,12467019.412000002,0,0.0,-0.0012177321595058016,-0.0012177321595058244,-15200.0
2024-03-12,TX202403,TX202403,19955.0,False,0.0,48000.0,0.0,0.0,0.0,48000.0,12515019.412000002,0,0.0,0.003850158439137272,0.0,0.0
2024-03-13,TX202403,TX202403,19927.0,False,0.0,-5600.0,0.0,0.0,0.0,-5600.0,12509419.412000002,0,0.0,-0.0004474623502885222,-0.0004474623502884745,-5600.0
2024-03-14,TX202403,TX202403,19939.0,False,0.0,2400.0,0.0,0.0,0.0,2400.0,12511819.412000002,0,0.0,0.0001918554267752614,-0.00025569277159342985,-3200.0
2024-03-15,TX202403,TX202403,19730.0,False,0.0,-41800.0,0.0,0.0,0.0,-41800.0,12470019.412000002,0,0.0,-0.003340841057848861,-0.003595679600532753,-45000.0
2024-03-18,TX202403,TX202403,19919.0,False,0.0,37800.0,0.0,0.0,0.0,37800.0,12507819.412000002,0,0.0,0.0030312703413777164,-0.0005753087360852449,-7200.0
2024-03-19,TX202403,TX202404,19884.0,True,17.0,-10400.0,100.0,159.00400000000002,800.0,-11459.004,12496360.408000002,2,1059.004,-0.0009161472213938612,-0.0014909288899791484,-18659.004000000656
2024-03-20,TX202404,TX202404,19833.0,False,0.0,-10200.0,0.0,0.0,0.0,-10200.0,12486160.408000002,0,0.0,-0.0008162376617651086,-0.002305949599433199,-28859.004000000656
2024-03-21,TX202404,TX202404,20264.0,False,0.0,86200.0,0.0,0.0,0.0,86200.0,12572360.408000002,0,0.0,0.006903643488735804,0.0,0.0
2024-03-22,TX202404,TX202404,20242.0,False,0.0,-4400.0,0.0,0.0,0.0,-4400.0,12567960.408000002,0,0.0,-0.00034997405874558025,-0.0003499740587455946,-4400.0
2024-03-25,TX202404,TX202404,20231.0,False,0.0,-2200.0,0.0,0.0,0.0,-2200.0,12565760.408000002,0,0.0,-0.00017504829173392472,-0.0005249610881183919,-6600.0
2024-03-26,TX202404,TX202404,20187.0,False,0.0,-8800.0,0.0,0.0,0.0,-8800.0,12556960.408000002,0,0.0,-0.0007003157560124632,-0.0012249092056095812,-15400.0
2024-03-27,TX202404,TX202404,20261.0,False,0.0,14800.0,0.0,0.0,0.0,14800.0,12571760.408000002,0,0.0,0.0011786291840636023,-4.772373528350027e-05,-600.0
2024-03-28,TX202404,TX202404,20203.0,False,0.0,-11600.0,0.0,0.0,0.0,-11600.0,12560160.408000002,0,0.0,-0.000922702916977194,-0.0009703826174308761,-12200.0
2024-03-29,TX202404,TX202404,20280.0,False,0.0,15400.0,0.0,0.0,0.0,15400.0,12575560.408000002,0,0.0,0.0012260989907574116,0.0,0.0
2024-04-01,TX202404,TX202404,20288.0,False,0.0,1600.0,0.0,0.0,0.0,1600.0,12577160.408000002,0,0.0,0.00012723091043975683,0.0,0.0
2024-04-02,TX202404,TX202404,20523.0,False,0.0,47000.0,0.0,0.0,0.0,47000.0,12624160.408000002,0,0.0,0.003736932540838434,0.0,0.0
2024-04-03,TX202404,TX202404,20349.0,False,0.0,-34800.0,0.0,0.0,0.0,-34800.0,12589360.408000002,0,0.0,-0.0027566189651667483,-0.0027566189651667683,-34800.0
2024-04-08,TX202404,TX202404,20450.0,False,0.0,20200.0,0.0,0.0,0.0,20200.0,12609560.408000002,0,0.0,0.0016045294872298486,-0.001156512554351563,-14600.0
2024-04-09,TX202404,TX202404,20874.0,False,0.0,84800.0,0.0,0.0,0.0,84800.0,12694360.408000002,0,0.0,0.006725056009581392,0.0,0.0
2024-04-10,TX202404,TX202404,20851.0,False,0.0,-4600.0,0.0,0.0,0.0,-4600.0,12689760.408000002,0,0.0,-0.00036236563735035236,-0.0003623656373503703,-4600.0
2024-04-11,TX202404,TX202404,20753.0,False,0.0,-19600.0,0.0,0.0,0.0,-19600.0,12670160.408000002,0,0.0,-0.0015445524083846042,-0.0019063583530171124,-24200.0
2024-04-12,TX202404,TX202404,20755.0,False,0.0,400.0,0.0,0.0,0.0,400.0,12670560.408000002,0,0.0,3.15702396117604e-05,-0.0018748482975953218,-23800.0
2024-04-15,TX202404,TX202404,20508.0,False,0.0,-49400.0,0.0,0.0,0.0,-49400.0,12621160.408000002,0,0.0,-0.0038988015059546683,-0.005766340142183912,-73200.0
2024-04-16,TX202404,TX202405,19981.0,True,28.0,-111000.0,100.0,159.736,800.0,-112059.736,12509100.672000002,2,1059.7359999999999,-0.008878718943225715,-0.014593861371956063,-185259.73599999957
2024-04-17,TX202405,TX202405,20185.0,False,0.0,40800.0,0.0,0.0,0.0,40800.0,12549900.672000002,0,0.0,0.0032616253613919266,-0.011379835718935527,-144459.73599999957
2024-04-18,TX202405,TX202405,20358.0,False,0.0,34600.0,0.0,0.0,0.0,34600.0,12584500.672000002,0,0.0,0.0027569939320074323,-0.008654215924952413,-109859.73599999957
2024-04-19,TX202405,TX202405,19546.0,False,0.0,-162400.0,0.0,0.0,0.0,-162400.0,12422100.672000002,0,0.0,-0.012904763107632338,-0.021447298426190975,-272259.73599999957
2024-04-22,TX202405,TX202405,19524.0,False,0.0,-4400.0,0.0,0.0,0.0,-4400.0,12417700.672000002,0,0.0,-0.00035420740148385744,-0.02179390903583045,-276659.73599999957
2024-04-23,TX202405,TX202405,19677.0,False,0.0,30600.0,0.0,0.0,0.0,30600.0,12448300.672000002,0,0.0,0.0024642243204491374,-0.01938338979606502,-246059.73599999957
2024-04-24,TX202405,TX202405,20170.0,False,0.0,98600.0,0.0,0.0,0.0,98600.0,12546900.672000002,0,0.0,0.007920759836865224,-0.011616161134598846,-147459.73599999957
2024-04-25,TX202405,TX202405,19885.0,False,0.0,-57000.0,0.0,0.0,0.0,-57000.0,12489900.672000002,0,0.0,-0.004542954590148523,-0.016106344032201014,-204459.73599999957
2024-04-26,TX202405,TX202405,20178.0,False,0.0,58600.0,0.0,0.0,0.0,58600.0,12548500.672000002,0,0.0,0.004691790714666781,-0.011490120912911683,-145859.73599999957
2024-04-29,TX202405,TX202405,20552.0,False,0.0,74800.0,0.0,0.0,0.0,74800.0,12623300.672000002,0,0.0,0.0059608714981308,-0.0055977405490408305,-71059.73599999957
2024-04-30,TX202405,TX202405,20413.0,False,0.0,-27800.0,0.0,0.0,0.0,-27800.0,12595500.672000002,0,0.0,-0.0022022766249768367,-0.007787689400853837,-98859.73599999957
2024-05-02,TX202405,TX202405,20291.0,False,0.0,-24400.0,0.0,0.0,0.0,-24400.0,12571100.672000002,0,0.0,-0.001937199690222842,-0.009709802781581733,-123259.73599999957
2024-05-03,TX202405,TX202405,20382.0,False,0.0,18200.0,0.0,0.0,0.0,18200.0,12589300.672000002,0,0.0,0.0014477650346510563,-0.008276095259891258,-105059.73599999957
2024-05-06,TX202405,TX202405,20602.0,False,0.0,44000.0,0.0,0.0,0.0,44000.0,12633300.672000002,0,0.0,0.0034950313084396237,-0.004809989163496509,-61059.73599999957
2024-05-07,TX202405,TX202405,20650.0,False,0.0,9600.0,0.0,0.0,0.0,9600.0,12642900.672000002,0,0.0,0.000759896423685783,-0.004053747833374088,-51459.73599999957
2024-05-08,TX202405,TX202405,20725.0,False,0.0,15000.0,0.0,0.0,0.0,15000.0,12657900.672000002,0,0.0,0.0011864365930850207,-0.0028721207550577166,-36459.73599999957
2024-05-09,TX202405,TX202405,20612.0,False,0.0,-22600.0,0.0,0.0,0.0,-22600.0,12635300.672000002,0,0.0,-0.0017854461482694748,-0.0046524388863876665,-59059.73599999957
2024-05-10,TX202405,TX202405,20809.0,False,0.0,39400.0,0.0,0.0,0.0,39400.0,12674700.672000002,0,0.0,0.003118247916910354,-0.001548698427343398,-19659.735999999568
2024-05-13,TX202405,TX202405,20883.0,False,0.0,14800.0,0.0,0.0,0.0,14800.0,12689500.672000002,0,0.0,0.0011676804354595173,-0.0003828263767379214,-4859.735999999568
2024-05-14,TX202405,TX202406,21014.0,True,1.0,26000.0,100.0,168.108,800.0,24931.892,12714432.564000003,2,1068.108,0.0019647654107472824,0.0,0.0
2024-05-15,TX202406,TX202406,21247.0,False,0.0,46600.0,0.0,0.0,0.0,46600.0,12761032.564000003,0,0.0,0.003665126207200511,0.0,0.0
2024-05-16,TX202406,TX202406,21370.0,False,0.0,24600.0,0.0,0.0,0.0,24600.0,12785632.564000003,0,0.0,0.0019277436897542888,0.0,0.0
2024-05-17,TX202406,TX202406,21336.0,False,0.0,-6800.0,0.0,0.0,0.0,-6800.0,12778832.564000003,0,0.0,-0.0005318469747946996,-0.0005318469747946919,-6800.0
2024-05-20,TX202406,TX202406,21302.0,False,0.0,-6800.0,0.0,0.0,0.0,-6800.0,12772032.564000003,0,0.0,-0.0005321299865182268,-0.0010636939495893838,-13600.0
2024-05-21,TX202406,TX202406,21277.0,False,0.0,-5000.0,0.0,0.0,0.0,-5000.0,12767032.564000003,0,0.0,-0.00039148036735306267,-0.001454757901644288,-18600.0
2024-05-22,TX202406,TX202406,21583.0,False,0.0,61200.0,0.0,0.0,0.0,61200.0,12828232.564000003,0,0.0,0.00479359629524009,0.0,0.0
2024-05-23,TX202406,TX202406,21604.0,False,0.0,4200.0,0.0,0.0,0.0,4200.0,12832432.564000003,0,0.0,0.0003274028576459162,0.0,0.0
2024-05-24,TX202406,TX202406,21565.0,False,0.0,-7800.0,0.0,0.0,0.0,-7800.0,12824632.564000003,0,0.0,-0.0006078348716113307,-0.0006078348716113124,-7800.0
2024-05-27,TX202406,TX202406,21875.0,False,0.0,62000.0,0.0,0.0,0.0,62000.0,12886632.564000003,0,0.0,0.0048344464990006854,0.0,0.0
2024-05-28,TX202406,TX202406,21954.0,False,0.0,15800.0,0.0,0.0,0.0,15800.0,12902432.564000003,0,0.0,0.001226076705573088,0.0,0.0
2024-05-29,TX202406,TX202406,21722.0,False,0.0,-46400.0,0.0,0.0,0.0,-46400.0,12856032.564000003,0,0.0,-0.0035962210823301606,-0.0035962210823301533,-46400.0
2024-05-30,TX202406,TX202406,21391.0,False,0.0,-66200.0,0.0,0.0,0.0,-66200.0,12789832.564000003,0,0.0,-0.005149333565424841,-0.008727036505827068,-112600.0
2024-05-31,TX202406,TX202406,21285.0,False,0.0,-21200.0,0.0,0.0,0.0,-21200.0,12768632.564000003,0,0.0,-0.001657566656476207,-0.010370137517581424,-133800.0
2024-06-03,TX202406,TX202406,21654.0,False,0.0,73800.0,0.0,0.0,0.0,73800.0,12842432.564000003,0,0.0,0.005779788840354948,-0.004650285882323524,-60000.0
2024-06-04,TX202406,TX202406,21320.0,False,0.0,-66800.0,0.0,0.0,0.0,-66800.0,12775632.564000003,0,0.0,-0.005201506775846675,-0.009827604164643677,-126800.0
2024-06-05,TX202406,TX202406,21463.0,False,0.0,28600.0,0.0,0.0,0.0,28600.0,12804232.564000003,0,0.0,0.002238636705989096,-0.007610967894069454,-98200.0
2024-06-06,TX202406,TX202406,21875.0,False,0.0,82400.0,0.0,0.0,0.0,82400.0,12886632.564000003,0,0.0,0.006435372021566788,-0.0012245752823452083,-15800.0
2024-06-07,TX202406,TX202406,21897.0,False,0.0,4400.0,0.0,0.0,0.0,4400.0,12891032.564000003,0,0.0,0.00034143908256465744,-0.0008835543176414218,-11400.0
2024-06-11,TX202406,TX202406,21798.0,False,0.0,-19800.0,0.0,0.0,0.0,-19800.0,12871232.564000003,0,0.0,-0.0015359514376912093,-0.0024181486588081835,-31200.0
2024-06-12,TX202406,TX202406,22046.0,False,0.0,49600.0,0.0,0.0,0.0,49600.0,12920832.564000003,0,0.0,0.003853554797753244,0.0,0.0
2024-06-13,TX202406,TX202406,22323.0,False,0.0,55400.0,0.0,0.0,0.0,55400.0,12976232.564000003,0,0.0,0.004287649400732532,0.0,0.0
2024-06-14,TX202406,TX202406,22511.0,False,0.0,37600.0,0.0,0.0,0.0,37600.0,13013832.564000003,0,0.0,0.00289760528062003,0.0,0.0
2024-06-17,TX202406,TX202406,22477.0,False,0.0,-6800.0,0.0,0.0,0.0,-6800.0,13007032.564000003,0,0.0,-0.0005225209381293834,-0.0005225209381294338,-6800.0
2024-06-18,TX202406,TX202407,22668.0,True,-118.0,61800.0,100.0,181.81600000000003,800.0,60718.184,13067750.748000003,2,1081.816,0.004668104250622985,0.0,0.0
2024-06-19,TX202407,TX202407,23129.0,False,0.0,92200.0,0.0,0.0,0.0,92200.0,13159950.748000003,0,0.0,0.007055537083465649,0.0,0.0
2024-06-20,TX202407,TX202407,23378.0,False,0.0,49800.0,0.0,0.0,0.0,49800.0,13209750.748000003,0,0.0,0.0037842086914776944,0.0,0.0
2024-06-21,TX202407,TX202407,23210.0,False,0.0,-33600.0,0.0,0.0,0.0,-33600.0,13176150.748000003,0,0.0,-0.002543575623869144,-0.0025435756238691987,-33600.0
2024-06-24,TX202407,TX202407,22746.0,False,0.0,-92800.0,0.0,0.0,0.0,-92800.0,13083350.748000003,0,0.0,-0.007043028102428627,-0.009568689251698181,-126400.0
2024-06-25,TX202407,TX202407,22743.0,False,0.0,-600.0,0.0,0.0,0.0,-600.0,13082750.748000003,0,0.0,-4.585981156942685e-05,-0.0096141102449816,-127000.0
2024-06-26,TX202407,TX202407,22872.0,False,0.0,25800.0,0.0,0.0,0.0,25800.0,13108550.748000003,0,0.0,0.001972062335892482,-0.007661007533796393,-101200.0
2024-06-27,TX202407,TX202407,22793.0,False,0.0,-15800.0,0.0,0.0,0.0,-15800.0,13092750.748000003,0,0.0,-0.0012053201230052557,-0.008857093690258666,-117000.0
2024-06-28,TX202407,TX202407,22983.0,False,0.0,38000.0,0.0,0.0,0.0,38000.0,13130750.748000003,0,0.0,0.0029023694662334214,-0.005980430782311363,-79000.0
2024-07-01,TX202407,TX202407,22991.0,False,0.0,1600.0,0.0,0.0,0.0,1600.0,13132350.748000003,0,0.0,0.00012185137245436651,-0.0058593081335557295,-77400.0
2024-07-02,TX202407,TX202407,22831.0,False,0.0,-32000.0,0.0,0.0,0.0,-32000.0,13100350.748000003,0,0.0,-0.0024367305301279327,-0.008281761108669183,-109400.0
2024-07-03,TX202407,TX202407,23185.0,False,0.0,70800.0,0.0,0.0,0.0,70800.0,13171150.748000003,0,0.0,0.005404435450769045,-0.00292208390123061,-38600.0
2024-07-04,TX202407,TX202407,23624.0,False,0.0,87800.0,0.0,0.0,0.0,87800.0,13258950.748000003,0,0.0,0.00666608420781549,0.0,0.0
2024-07-05,TX202407,TX202407,23570.0,False,0.0,-10800.0,0.0,0.0,0.0,-10800.0,13248150.748000003,0,0.0,-0.0008145440921582038,-0.0008145440921581981,-10800.0
2024-07-08,TX202407,TX202407,23913.0,False,0.0,68600.0,0.0,0.0,0.0,68600.0,13316750.748000003,0,0.0,0.005178081175620389,0.0,0.0
2024-07-09,TX202407,TX202407,23878.0,False,0.0,-7000.0,0.0,0.0,0.0,-7000.0,13309750.748000003,0,0.0,-0.0005256537523653287,-0.0005256537523653515,-7000.0
2024-07-10,TX202407,TX202407,24000.0,False,0.0,24400.0,0.0,0.0,0.0,24400.0,13334150.748000003,0,0.0,0.0018332424447292132,0.0,0.0
2024-07-11,TX202407,TX202407,24367.0,False,0.0,73400.0,0.0,0.0,0.0,73400.0,13407550.748000003,0,0.0,0.005504662530608431,0.0,0.0
2024-07-12,TX202407,TX202407,23808.0,False,0.0,-111800.0,0.0,0.0,0.0,-111800.0,13295750.748000003,0,0.0,-0.008338584884094296,-0.008338584884094336,-111800.0
2024-07-15,TX202407,TX202407,23853.0,False,0.0,9000.0,0.0,0.0,0.0,9000.0,13304750.748000003,0,0.0,0.0006769079964404277,-0.007667321342440858,-102800.0
2024-07-16,TX202407,TX202408,24000.0,True,-2.0,29800.0,100.0,192.00800000000004,800.0,28707.992,13333458.740000004,2,1092.008,0.0021577249017096724,-0.005526140410921143,-74092.00799999945
2024-07-17,TX202408,TX202408,23772.0,False,0.0,-45600.0,0.0,0.0,0.0,-45600.0,13287858.740000004,0,0.0,-0.003419967833492541,-0.008927209021964977,-119692.00799999945
2024-07-18,TX202408,TX202408,23383.0,False,0.0,-77800.0,0.0,0.0,0.0,-77800.0,13210058.740000004,0,0.0,-0.005854968924812635,-0.01472990941536878,-197492.00799999945
2024-07-19,TX202408,TX202408,22909.0,False,0.0,-94800.0,0.0,0.0,0.0,-94800.0,13115258.740000004,0,0.0,-0.0071763496185634655,-0.021800552054117794,-292292.00799999945
2024-07-22,TX202408,TX202408,22379.0,False,0.0,-106000.0,0.0,0.0,0.0,-106000.0,13009258.740000004,0,0.0,-0.008082189006055398,-0.029706544878035368,-398292.00799999945
2024-07-23,TX202408,TX202408,22830.0,False,0.0,90200.0,0.0,0.0,0.0,90200.0,13099458.740000004,0,0.0,0.006933523408421345,-0.022978992493909223,-308092.00799999945
2024-07-26,TX202408,TX202408,22095.0,False,0.0,-147000.0,0.0,0.0,0.0,-147000.0,12952458.740000004,0,0.0,-0.01122183770472336,-0.03394296367424787,-455092.00799999945
2024-07-29,TX202408,TX202408,22261.0,False,0.0,33200.0,0.0,0.0,0.0,33200.0,12985658.740000004,0,0.0,0.0025632199002858964,-0.03146674705392649,-421892.00799999945
2024-07-30,TX202408,TX202408,22246.0,False,0.0,-3000.0,0.0,0.0,0.0,-3000.0,12982658.740000004,0,0.0,-0.00023102409050370588,-0.03169050156781095,-424892.00799999945
2024-07-31,TX202408,TX202408,22290.0,False,0.0,8800.0,0.0,0.0,0.0,8800.0,12991458.740000004,0,0.0,0.0006778272599037751,-0.03103415499374984,-416092.00799999945
2024-08-01,TX202408,TX202408,22653.0,False,0.0,72600.0,0.0,0.0,0.0,72600.0,13064058.740000004,0,0.0,0.005588287000940741,-0.025619295757745908,-343492.00799999945
2024-08-02,TX202408,TX202408,21533.0,False,0.0,-224000.0,0.0,0.0,0.0,-224000.0,12840058.740000004,0,0.0,-0.017146279304007472,-0.0423262994611191,-567492.0079999994
2024-08-05,TX202408,TX202408,19374.0,False,0.0,-431800.0,0.0,0.0,0.0,-431800.0,12408258.740000004,0,0.0,-0.033629129643685716,-0.07453203249288942,-999292.0079999994
2024-08-06,TX202408,TX202408,20420.0,False,0.0,209200.0,0.0,0.0,0.0,209200.0,12617458.740000004,0,0.0,0.01685973869368233,-0.05892888439134625,-790092.0079999994
2024-08-07,TX202408,TX202408,21131.0,False,0.0,142200.0,0.0,0.0,0.0,142200.0,12759658.740000004,0,0.0,0.011270098276540904,-0.04832292043322273,-647892.0079999994
2024-08-08,TX202408,TX202408,20696.0,False,0.0,-87000.0,0.0,0.0,0.0,-87000.0,12672658.740000004,0,0.0,-0.0068183641720185985,-0.054811801335872046,-734892.0079999994
2024-08-09,TX202408,TX202408,21481.0,False,0.0,157000.0,0.0,0.0,0.0,157000.0,12829658.740000004,0,0.0,0.01238887617990098,-0.04310198177591862,-577892.0079999994
2024-08-12,TX202408,TX202408,21677.0,False,0.0,39200.0,0.0,0.0,0.0,39200.0,12868858.740000004,0,0.0,0.0030554203189975095,-0.040178256127828216,-538692.0079999994
2024-08-13,TX202408,TX202408,21769.0,False,0.0,18400.0,0.0,0.0,0.0,18400.0,12887258.740000004,0,0.0,0.001429808219341756,-0.03880589510933685,-520292.00799999945
2024-08-14,TX202408,TX202408,21978.0,False,0.0,41800.0,0.0,0.0,0.0,41800.0,12929058.740000004,0,0.0,0.003243513678379052,-0.035688248882546736,-478492.00799999945
2024-08-15,TX202408,TX202408,21840.0,False,0.0,-27600.0,0.0,0.0,0.0,-27600.0,12901458.740000004,0,0.0,-0.002134726166461828,-0.037746790410283726,-506092.00799999945
2024-08-16,TX202408,TX202408,22367.0,False,0.0,105400.0,0.0,0.0,0.0,105400.0,13006858.740000004,0,0.0,0.008169618810097435,-0.029885548489143043,-400692.00799999945
2024-08-19,TX202408,TX202408,22361.0,False,0.0,-1200.0,0.0,0.0,0.0,-1200.0,13005658.740000004,0,0.0,-9.225901687619925e-05,-0.029975050294696826,-401892.00799999945
2024-08-20,TX202408,TX202409,22403.0,True,-33.0,15000.0,100.0,179.356,800.0,13920.644,13019579.384000003,2,1079.356,0.0010703528578053399,-0.028936781317637217,-387971.36400000006
2024-08-21,TX202409,TX202409,22203.0,False,0.0,-40000.0,0.0,0.0,0.0,-40000.0,12979579.384000003,0,0.0,-0.0030722958722581104,-0.03192017483609677,-427971.36400000006
2024-08-22,TX202409,TX202409,22100.0,False,0.0,-20600.0,0.0,0.0,0.0,-20600.0,12958979.384000003,0,0.0,-0.001587108440924806,-0.03345662249810344,-448571.36400000006
2024-08-23,TX202409,TX202409,22129.0,False,0.0,5800.0,0.0,0.0,0.0,5800.0,12964779.384000003,0,0.0,0.0004475661105812898,-0.03302403043792679,-442771.36400000006
2024-08-26,TX202409,TX202409,22206.0,False,0.0,15400.0,0.0,0.0,0.0,15400.0,12980179.384000003,0,0.0,0.001187833556119384,-0.03187542393331988,-427371.36400000006
2024-08-27,TX202409,TX202409,22146.0,False,0.0,-12000.0,0.0,0.0,0.0,-12000.0,12968179.384000003,0,0.0,-0.0009244864531527029,-0.0327704419888577,-439371.36400000006
2024-08-28,TX202409,TX202409,22401.0,False,0.0,51000.0,0.0,0.0,0.0,51000.0,13019179.384000003,0,0.0,0.00393270315669162,-0.028966615252821848,-388371.36400000006
2024-08-29,TX202409,TX202409,22176.0,False,0.0,-45000.0,0.0,0.0,0.0,-45000.0,12974179.384000003,0,0.0,-0.003456439048324583,-0.03232293296108879,-433371.36400000006
2024-08-30,TX202409,TX202409,22323.0,False,0.0,29400.0,0.0,0.0,0.0,29400.0,13003579.384000003,0,0.0,0.0022660392715285423,-0.030130138725021016,-403971.36400000006
2024-09-02,TX202409,TX202409,22227.0,False,0.0,-19200.0,0.0,0.0,0.0,-19200.0,12984379.384000003,0,0.0,-0.0014765165369486082,-0.03156216761388164,-423171.36400000006
2024-09-03,TX202409,TX202409,22070.0,False,0.0,-31400.0,0.0,0.0,0.0,-31400.0,12952979.384000003,0,0.0,-0.0024182903988998225,-0.03390413152587235,-454571.36400000006
2024-09-04,TX202409,TX202409,20947.0,False,0.0,-224600.0,0.0,0.0,0.0,-224600.0,12728379.384000003,0,0.0,-0.017339640042771488,-0.05065588613202243,-679171.3640000001
2024-09-05,TX202409,TX202409,21183.0,False,0.0,47200.0,0.0,0.0,0.0,47200.0,12775579.384000003,0,0.0,0.003708248990388515,-0.047135481780240185,-631971.3640000001
2024-09-06,TX202409,TX202409,21319.0,False,0.0,27200.0,0.0,0.0,0.0,27200.0,12802779.384000003,0,0.0,0.0021290619534692088,-0.045106774187687715,-604771.3640000001
2024-09-09,TX202409,TX202409,21073.0,False,0.0,-49200.0,0.0,0.0,0.0,-49200.0,12753579.384000003,0,0.0,-0.003842915551718921,-0.048776348215392895,-653971.3640000001
2024-09-10,TX202409,TX202409,21000.0,False,0.0,-14600.0,0.0,0.0,0.0,-14600.0,12738979.384000003,0,0.0,-0.00114477665919549,-0.04986528684963065,-668571.3640000001
2024-09-11,TX202409,TX202409,21005.0,False,0.0,1000.0,0.0,0.0,0.0,1000.0,12739979.384000003,0,0.0,7.849922429861119e-05,-0.04979070201166913,-667571.3640000001
2024-09-12,TX202409,TX202409,21711.0,False,0.0,141200.0,0.0,0.0,0.0,141200.0,12881179.384000003,0,0.0,0.011083220446756099,-0.03925932289150713,-526371.3640000001
2024-09-13,TX202409,TX202409,21820.0,False,0.0,21800.0,0.0,0.0,0.0,21800.0,12902979.384000003,0,0.0,0.0016923916164911313,-0.03763337342394668,-504571.36400000006
2024-09-16,TX202409,TX202410,21828.0,True,15.0,-1400.0,100.0,174.56400000000002,800.0,-2474.5640000000003,12900504.820000004,2,1074.564,-0.00019178237260988865,-0.03781793837891201,-507045.9279999994
2024-09-18,TX202410,TX202410,21692.0,False,0.0,-27200.0,0.0,0.0,0.0,-27200.0,12873304.820000004,0,0.0,-0.002108444621316764,-0.03984664597146448,-534245.9279999994
2024-09-19,TX202410,TX202410,22074.0,False,0.0,76400.0,0.0,0.0,0.0,76400.0,12949704.820000004,0,0.0,0.005934761979791292,-0.03414836435120683,-457845.9279999994
2024-09-20,TX202410,TX202410,22220.0,False,0.0,29200.0,0.0,0.0,0.0,29200.0,12978904.820000004,0,0.0,0.0022548776521069762,-0.031970487082731314,-428645.9279999994
2024-09-23,TX202410,TX202410,22338.0,False,0.0,23600.0,0.0,0.0,0.0,23600.0,13002504.820000004,0,0.0,0.0018183352391669663,-0.0302102849068403,-405045.9279999994
2024-09-24,TX202410,TX202410,22491.0,False,0.0,30600.0,0.0,0.0,0.0,30600.0,13033104.820000004,0,0.0,0.0023533927057602113,-0.027927988865218745,-374445.9279999994
2024-09-25,TX202410,TX202410,22792.0,False,0.0,60200.0,0.0,0.0,0.0,60200.0,13093304.820000004,0,0.0,0.004619006816213114,-0.023437981619937154,-314245.9279999994
2024-09-26,TX202410,TX202410,22957.0,False,0.0,33000.0,0.0,0.0,0.0,33000.0,13126304.820000004,0,0.0,0.0025203720873887047,-0.020976681967208144,-281245.9279999994
2024-09-27,TX202410,TX202410,22884.0,False,0.0,-14600.0,0.0,0.0,0.0,-14600.0,13111704.820000004,0,0.0,-0.0011122703761803998,-0.02206562060144579,-295845.9279999994
2024-09-30,TX202410,TX202410,22326.0,False,0.0,-111600.0,0.0,0.0,0.0,-111600.0,13000104.820000004,0,0.0,-0.00851147898248673,-0.030389288517947866,-407445.9279999994
2024-10-01,TX202410,TX202410,22391.0,False,0.0,13000.0,0.0,0.0,0.0,13000.0,13013104.820000004,0,0.0,0.0009999919369880893,-0.02941968562444852,-394445.9279999994
2024-10-04,TX202410,TX202410,22284.0,False,0.0,-21400.0,0.0,0.0,0.0,-21400.0,12991704.820000004,0,0.0,-0.0016444960903650044,-0.03101580115682434,-415845.9279999994
2024-10-07,TX202410,TX202410,22779.0,False,0.0,99000.0,0.0,0.0,0.0,99000.0,13090704.820000004,0,0.0,0.007620247024670314,-0.02363190219863709,-316845.9279999994
2024-10-08,TX202410,TX202410,22575.0,False,0.0,-40800.0,0.0,0.0,0.0,-40800.0,13049904.820000004,0,0.0,-0.003116715299978782,-0.026674963587465794,-357645.9279999994
2024-10-09,TX202410,TX202410,22702.0,False,0.0,25400.0,0.0,0.0,0.0,25400.0,13075304.820000004,0,0.0,0.001946374349111919,-0.024780508703243997,-332245.9279999994
2024-10-11,TX202410,TX202410,22912.0,False,0.0,42000.0,0.0,0.0,0.0,42000.0,13117304.820000004,0,0.0,0.003212162207932372,-0.02164794550886151,-290245.9279999994
2024-10-14,TX202410,TX202410,23008.0,False,0.0,19200.0,0.0,0.0,0.0,19200.0,13136504.820000004,0,0.0,0.00146371531831186,-0.020215916620000995,-271045.9279999994
2024-10-15,TX202410,TX202411,23285.0,True,60.0,43400.0,100.0,186.04000000000002,800.0,42313.96,13178818.780000005,2,1086.04,0.0032210972842318026,-0.017059936769892037,-228731.96799999848
2024-10-16,TX202411,TX202411,23063.0,False,0.0,-44400.0,0.0,0.0,0.0,-44400.0,13134418.780000005,0,0.0,-0.0033690424567777524,-0.02037150357538209,-273131.9679999985
2024-10-17,TX202411,TX202411,23256.0,False,0.0,38600.0,0.0,0.0,0.0,38600.0,13173018.780000005,0,0.0,0.0029388434042301784,-0.017492528830068688,-234531.96799999848
2024-10-18,TX202411,TX202411,23657.0,False,0.0,80200.0,0.0,0.0,0.0,80200.0,13253218.780000005,0,0.0,0.006088202054472435,-0.01151082482555732,-154331.96799999848
2024-10-21,TX202411,TX202411,23567.0,False,0.0,-18000.0,0.0,0.0,0.0,-18000.0,13235218.780000005,0,0.0,-0.001358160632431663,-0.012853351908864163,-172331.96799999848
2024-10-22,TX202411,TX202411,23633.0,False,0.0,13200.0,0.0,0.0,0.0,13200.0,13248418.780000005,0,0.0,0.0009973390103642846,-0.011868832047772448,-159131.96799999848
2024-10-23,TX202411,TX202411,23406.0,False,0.0,-45400.0,0.0,0.0,0.0,-45400.0,13203018.780000005,0,0.0,-0.0034268240424688615,-0.015254983691224022,-204531.96799999848
2024-10-24,TX202411,TX202411,23304.0,False,0.0,-20400.0,0.0,0.0,0.0,-20400.0,13182618.780000005,0,0.0,-0.001545101187836074,-0.01677651438563832,-224931.96799999848
2024-10-25,TX202411,TX202411,23481.0,False,0.0,35400.0,0.0,0.0,0.0,35400.0,13218018.780000005,0,0.0,0.0026853541463026354,-0.014136211121801745,-189531.96799999848
2024-10-28,TX202411,TX202411,23326.0,False,0.0,-31000.0,0.0,0.0,0.0,-31000.0,13187018.780000005,0,0.0,-0.0023452833980615656,-0.01644834109860782,-220531.96799999848
2024-10-29,TX202411,TX202411,22976.0,False,0.0,-70000.0,0.0,0.0,0.0,-70000.0,13117018.780000005,0,0.0,-0.005308250573371821,-0.02166927975591193,-290531.9679999985
2024-10-30,TX202411,TX202411,22904.0,False,0.0,-14400.0,0.0,0.0,0.0,-14400.0,13102618.780000005,0,0.0,-0.0010978104279271296,-0.022743301422557316,-304931.9679999985
2024-11-01,TX202411,TX202411,22753.0,False,0.0,-30200.0,0.0,0.0,0.0,-30200.0,13072418.780000005,0,0.0,-0.002304882749553673,-0.02499576352899424,-335131.9679999985
2024-11-04,TX202411,TX202411,23041.0,False,0.0,57600.0,0.0,0.0,0.0,57600.0,13130018.780000005,0,0.0,0.0044062235894802,-0.020699676862412586,-277531.9679999985
2024-11-05,TX202411,TX202411,23135.0,False,0.0,18800.0,0.0,0.0,0.0,18800.0,13148818.780000005,0,0.0,0.0014318334432725003,-0.01929748190873659,-258731.96799999848
2024-11-06,TX202411,TX202411,23324.0,False,0.0,37800.0,0.0,0.0,0.0,37800.0,13186618.780000005,0,0.0,0.002874782946852659,-0.016478175033792453,-220931.96799999848
2024-11-07,TX202411,TX202411,23532.0,False,0.0,41600.0,0.0,0.0,0.0,41600.0,13228218.780000005,0,0.0,0.0031547131750782275,-0.013375445774594485,-179331.96799999848
2024-11-08,TX202411,TX202411,23781.0,False,0.0,49800.0,0.0,0.0,0.0,49800.0,13278018.780000005,0,0.0,0.003764679192885256,-0.009661120844112414,-129531.96799999848
2024-11-11,TX202411,TX202411,23573.0,False,0.0,-41600.0,0.0,0.0,0.0,-41600.0,13236418.780000005,0,0.0,-0.003132997526909657,-0.012763850103310381,-171131.96799999848
2024-11-12,TX202411,TX202411,22869.0,False,0.0,-140800.0,0.0,0.0,0.0,-140800.0,13095618.780000005,0,0.0,-0.010637318321534698,-0.02326539528828775,-311931.9679999985
2024-11-13,TX202411,TX202411,22783.0,False,0.0,-17200.0,0.0,0.0,0.0,-17200.0,13078418.780000005,0,0.0,-0.001313416363819961,-0.02454825450122533,-329131.9679999985
2024-11-14,TX202411,TX202411,22684.0,False,0.0,-19800.0,0.0,0.0,0.0,-19800.0,13058618.780000005,0,0.0,-0.0015139444861850487,-0.026025034292862848,-348931.9679999985
2024-11-15,TX202411,TX202411,22759.0,False,0.0,15000.0,0.0,0.0,0.0,15000.0,13073618.780000005,0,0.0,0.0011486666586035367,-0.02490626172344046,-333931.9679999985
2024-11-18,TX202411,TX202411,22574.0,False,0.0,-37000.0,0.0,0.0,0.0,-37000.0,13036618.780000005,0,0.0,-0.0028301268854957376,-0.027665900728015558,-370931.9679999985
2024-11-19,TX202411,TX202412,22894.0,True,44.0,55200.0,100.0,182.976,800.0,54117.024,13090735.804000005,2,1082.976,0.0041511549055206765,-0.02362959126201758,-316814.9439999983
2024-11-20,TX202412,TX202412,22773.0,False,0.0,-24200.0,0.0,0.0,0.0,-24200.0,13066535.804000005,0,0.0,-0.0018486355818597643,-0.025434544340685594,-341014.9439999983
2024-11-21,TX202412,TX202412,22573.0,False,0.0,-40000.0,0.0,0.0,0.0,-40000.0,13026535.804000005,0,0.0,-0.003061255148266227,-0.028417937859145037,-381014.9439999983
2024-11-22,TX202412,TX202412,23038.0,False,0.0,93000.0,0.0,0.0,0.0,93000.0,13119535.804000005,0,0.0,0.007139273357038091,-0.021481547928726696,-288014.9439999983
2024-11-25,TX202412,TX202412,23066.0,False,0.0,5600.0,0.0,0.0,0.0,5600.0,13125135.804000005,0,0.0,0.00042684437038485924,-0.021063872836142417,-282414.9439999983
2024-11-26,TX202412,TX202412,22636.0,False,0.0,-86000.0,0.0,0.0,0.0,-86000.0,13039135.804000005,0,0.0,-0.006552313155783936,-0.027478168900830324,-368414.9439999983
2024-11-27,TX202412,TX202412,22347.0,False,0.0,-57800.0,0.0,0.0,0.0,-57800.0,12981335.804000005,0,0.0,-0.004432809111649005,-0.03178917253500435,-426214.9439999983
2024-11-28,TX202412,TX202412,22337.0,False,0.0,-2000.0,0.0,0.0,0.0,-2000.0,12979335.804000005,0,0.0,-0.00015406734947752678,-0.031938342210927284,-428214.9439999983
2024-11-29,TX202412,TX202412,22313.0,False,0.0,-4800.0,0.0,0.0,0.0,-4800.0,12974535.804000005,0,0.0,-0.0003698186157199757,-0.03229634943314241,-433014.9439999983
2024-12-02,TX202412,TX202412,22827.0,False,0.0,102800.0,0.0,0.0,0.0,102800.0,13077335.804000005,0,0.0,0.007923212171360081,-0.024629028090701555,-330214.9439999983
2024-12-03,TX202412,TX202412,23112.0,False,0.0,57000.0,0.0,0.0,0.0,57000.0,13134335.804000005,0,0.0,0.0043586859628216654,-0.02037769232689679,-273214.9439999983
2024-12-04,TX202412,TX202412,23294.0,False,0.0,36400.0,0.0,0.0,0.0,36400.0,13170735.804000005,0,0.0,0.0027713620652910775,-0.017662804225098583,-236814.94399999827
2024-12-05,TX202412,TX202412,23251.0,False,0.0,-8600.0,0.0,0.0,0.0,-8600.0,13162135.804000005,0,0.0,-0.0006529627598625238,-0.01830423383156743,-245414.94399999827
2024-12-06,TX202412,TX202412,23179.0,False,0.0,-14400.0,0.0,0.0,0.0,-14400.0,13147735.804000005,0,0.0,-0.001094047365445341,-0.019378255498212815,-259814.94399999827
2024-12-09,TX202412,TX202412,23249.0,False,0.0,14000.0,0.0,0.0,0.0,14000.0,13161735.804000005,0,0.0,0.0010648221266920123,-0.01833406776675195,-245814.94399999827
2024-12-10,TX202412,TX202412,23090.0,False,0.0,-31800.0,0.0,0.0,0.0,-31800.0,13129935.804000005,0,0.0,-0.0024160946909704425,-0.020705865613927288,-277614.9439999983
2024-12-11,TX202412,TX202412,22848.0,False,0.0,-48400.0,0.0,0.0,0.0,-48400.0,13081535.804000005,0,0.0,-0.0036862327982788044,-0.024315771771263317,-326014.9439999983
2024-12-12,TX202412,TX202412,23107.0,False,0.0,51800.0,0.0,0.0,0.0,51800.0,13133335.804000005,0,0.0,0.003959779706000641,-0.0204522771648582,-274214.9439999983
2024-12-13,TX202412,TX202412,22986.0,False,0.0,-24200.0,0.0,0.0,0.0,-24200.0,13109135.804000005,0,0.0,-0.0018426392472679662,-0.022257230243526216,-298414.9439999983
2024-12-16,TX202412,TX202412,22961.0,False,0.0,-5000.0,0.0,0.0,0.0,-5000.0,13104135.804000005,0,0.0,-0.0003814133955706176,-0.022630154433333605,-303414.9439999983
2024-12-17,TX202412,TX202501,23095.0,True,64.0,14000.0,100.0,184.50400000000002,800.0,12915.496,13117051.300000004,2,1084.504,0.0009856045597495698,-0.02166685425698145,-290499.4479999989
2024-12-18,TX202501,TX202501,23183.0,False,0.0,17600.0,0.0,0.0,0.0,17600.0,13134651.300000004,0,0.0,0.001341764974266739,-0.020354161108859237,-272899.4479999989
2024-12-19,TX202501,TX202501,22849.0,False,0.0,-66800.0,0.0,0.0,0.0,-66800.0,13067851.300000004,0,0.0,-0.005085784043615987,-0.02533642828468663,-339699.4479999989
2024-12-20,TX202501,TX202501,22635.0,False,0.0,-42800.0,0.0,0.0,0.0,-42800.0,13025051.300000004,0,0.0,-0.003275213270907053,-0.028528659349438268,-382499.4479999989
2024-12-23,TX202501,TX202501,23242.0,False,0.0,121400.0,0.0,0.0,0.0,121400.0,13146451.300000004,0,0.0,0.00932050071848853,-0.019474060020913786,-261099.44799999893
2024-12-24,TX202501,TX202501,23216.0,False,0.0,-5200.0,0.0,0.0,0.0,-5200.0,13141251.300000004,0,0.0,-0.00039554400509588455,-0.019861901178313435,-266299.4479999989
2024-12-25,TX202501,TX202501,23329.0,False,0.0,22600.0,0.0,0.0,0.0,22600.0,13163851.300000004,0,0.0,0.0017197753458987571,-0.018176283840383833,-243699.44799999893
2024-12-26,TX202501,TX202501,23326.0,False,0.0,-600.0,0.0,0.0,0.0,-600.0,13163251.300000004,0,0.0,-4.557936627558227e-05,-0.018221034743160724,-244299.44799999893
2024-12-27,TX202501,TX202501,23372.0,False,0.0,9200.0,0.0,0.0,0.0,9200.0,13172451.300000004,0,0.0,0.0006989154723499047,-0.017534854233915098,-235099.44799999893
2024-12-30,TX202501,TX202501,23177.0,False,0.0,-39000.0,0.0,0.0,0.0,-39000.0,13133451.300000004,0,0.0,-0.0029607245539788017,-0.02044366291441302,-274099.4479999989
2024-12-31,TX202501,TX202501,23041.0,False,0.0,-27200.0,0.0,0.0,0.0,-27200.0,13106251.300000004,0,0.0,-0.0020710473872164884,-0.02247237050696549,-301299.4479999989
2025-01-02,TX202501,TX202501,22842.0,False,0.0,-39800.0,0.0,0.0,0.0,-39800.0,13066451.300000004,0,0.0,-0.0030367188213459625,-0.025440847057832783,-341099.4479999989
2025-01-03,TX202501,TX202501,22977.0,False,0.0,27000.0,0.0,0.0,0.0,27000.0,13093451.300000004,0,0.0,0.002066360588662661,-0.023427056432872573,-314099.4479999989
2025-01-06,TX202501,TX202501,23609.0,False,0.0,126400.0,0.0,0.0,0.0,126400.0,13219851.300000004,0,0.0,0.009653680844255323,-0.013999532914540591,-187699.44799999893
2025-01-07,TX202501,TX202501,23752.0,False,0.0,28600.0,0.0,0.0,0.0,28600.0,13248451.300000004,0,0.0,0.00216341313914779,-0.011866406548841968,-159099.44799999893
2025-01-08,TX202501,TX202501,23450.0,False,0.0,-60400.0,0.0,0.0,0.0,-60400.0,13188051.300000004,0,0.0,-0.004559023438460311,-0.01637133076171582,-219499.44799999893
2025-01-09,TX202501,TX202501,23105.0,False,0.0,-69000.0,0.0,0.0,0.0,-69000.0,13119051.300000004,0,0.0,-0.005232008765389013,-0.021517684581058516,-288499.4479999989
2025-01-10,TX202501,TX202501,23049.0,False,0.0,-11200.0,0.0,0.0,0.0,-11200.0,13107851.300000004,0,0.0,-0.0008537202686294852,-0.022353034766227187,-299699.4479999989
2025-01-13,TX202501,TX202501,22535.0,False,0.0,-102800.0,0.0,0.0,0.0,-102800.0,13005051.300000004,0,0.0,-0.007842627876011986,-0.030020356108668045,-402499.4479999989
2025-01-14,TX202501,TX202502,22816.0,True,66.0,43000.0,100.0,182.264,800.0,41917.736,13046969.036000004,2,1082.2640000000001,0.0032231888235611946,-0.02689392856139572,-360581.71199999936
2025-01-15,TX202502,TX202502,22512.0,False,0.0,-60800.0,0.0,0.0,0.0,-60800.0,12986169.036000004,0,0.0,-0.004660086172676342,-0.03142868670945409,-421381.71199999936
2025-01-16,TX202502,TX202502,23031.0,False,0.0,103800.0,0.0,0.0,0.0,103800.0,13089969.036000004,0,0.0,0.007993119426695254,-0.02368678052905171,-317581.71199999936
2025-01-17,TX202502,TX202502,23190.0,False,0.0,31800.0,0.0,0.0,0.0,31800.0,13121769.036000004,0,0.0,0.0024293411170449456,-0.02131498268187637,-285781.71199999936
2025-01-20,TX202502,TX202502,23346.0,False,0.0,31200.0,0.0,0.0,0.0,31200.0,13152969.036000004,0,0.0,0.002377728179363756,-0.018987935737478034,-254581.71199999936
2025-01-21,TX202502,TX202502,23365.0,False,0.0,3800.0,0.0,0.0,0.0,3800.0,13156769.036000004,0,0.0,0.0002889081537103376,-0.018704513353224317,-250781.71199999936
2025-01-22,TX202502,TX202502,23698.0,False,0.0,66600.0,0.0,0.0,0.0,66600.0,13223369.036000004,0,0.0,0.005062033073451908,-0.013737163144989295,-184181.71199999936
2025-02-03,TX202502,TX202502,22598.0,False,0.0,-220000.0,0.0,0.0,0.0,-220000.0,13003369.036000004,0,0.0,-0.016637212453275735,-0.03014582749651651,-404181.71199999936
2025-02-04,TX202502,TX202502,22822.0,False,0.0,44800.0,0.0,0.0,0.0,44800.0,13048169.036000004,0,0.0,0.0034452609839781207,-0.026804426755841937,-359381.71199999936
2025-02-05,TX202502,TX202502,23133.0,False,0.0,62200.0,0.0,0.0,0.0,62200.0,13110369.036000004,0,0.0,0.004766952346217289,-0.022165249834637413,-297181.71199999936
2025-02-06,TX202502,TX202502,23290.0,False,0.0,31400.0,0.0,0.0,0.0,31400.0,13141769.036000004,0,0.0,0.0023950508115963905,-0.019823285922646705,-265781.71199999936
2025-02-07,TX202502,TX202502,23431.0,False,0.0,28200.0,0.0,0.0,0.0,28200.0,13169969.036000004,0,0.0,0.0021458298287506134,-0.017719993492132713,-237581.71199999936
2025-02-10,TX202502,TX202502,23246.0,False,0.0,-37000.0,0.0,0.0,0.0,-37000.0,13132969.036000004,0,0.0,-0.002809421943123845,-0.02047963249670781,-274581.71199999936
2025-02-11,TX202502,TX202502,23335.0,False,0.0,17800.0,0.0,0.0,0.0,17800.0,13150769.036000004,0,0.0,0.0013553675449326625,-0.01915202238099334,-256781.71199999936
2025-02-12,TX202502,TX202502,23315.0,False,0.0,-4000.0,0.0,0.0,0.0,-4000.0,13146769.036000004,0,0.0,-0.0003041647213976665,-0.019450361732839205,-260781.71199999936
2025-02-13,TX202502,TX202502,23399.0,False,0.0,16800.0,0.0,0.0,0.0,16800.0,13163569.036000004,0,0.0,0.0012778805160413404,-0.018197336455086255,-243981.71199999936
2025-02-14,TX202502,TX202502,23179.0,False,0.0,-44000.0,0.0,0.0,0.0,-44000.0,13119569.036000004,0,0.0,-0.003342558532542951,-0.021479069325391675,-287981.71199999936
2025-02-17,TX202502,TX202502,23504.0,False,0.0,65000.0,0.0,0.0,0.0,65000.0,13184569.036000004,0,0.0,0.00495443103516895,-0.016631054857895067,-222981.71199999936
2025-02-18,TX202502,TX202503,23652.0,True,3.0,29000.0,100.0,189.204,800.0,27910.796,13212479.832000004,2,1089.204,0.002116928958678175,-0.014549332660858894,-195070.91599999927
2025-02-19,TX202503,TX202503,23609.0,False,0.0,-8600.0,0.0,0.0,0.0,-8600.0,13203879.832000004,0,0.0,-0.0006508997636591433,-0.015190762267327629,-203670.91599999927
2025-02-20,TX202503,TX202503,23538.0,False,0.0,-14200.0,0.0,0.0,0.0,-14200.0,13189679.832000004,0,0.0,-0.0010754414748296837,-0.016249866966380755,-217870.91599999927
2025-02-21,TX202503,TX202503,23745.0,False,0.0,41400.0,0.0,0.0,0.0,41400.0,13231079.832000004,0,0.0,0.0031388176610290283,-0.013162054674775159,-176470.91599999927
2025-02-24,TX202503,TX202503,23558.0,False,0.0,-37400.0,0.0,0.0,0.0,-37400.0,13193679.832000004,0,0.0,-0.0028266778278781372,-0.01595152761453489,-213870.91599999927
2025-02-25,TX202503,TX202503,23299.0,False,0.0,-51800.0,0.0,0.0,0.0,-51800.0,13141879.832000004,0,0.0,-0.003926122253957086,-0.019815022220939893,-265670.91599999927
2025-02-26,TX202503,TX202503,23421.0,False,0.0,24400.0,0.0,0.0,0.0,24400.0,13166279.832000004,0,0.0,0.0018566598014834134,-0.01799515217467962,-241270.91599999927
2025-02-27,TX202503,TX202503,23196.0,False,0.0,-45000.0,0.0,0.0,0.0,-45000.0,13121279.832000004,0,0.0,-0.003417821934076601,-0.02135146988294656,-286270.91599999927
2025-03-03,TX202503,TX202503,22718.0,False,0.0,-95600.0,0.0,0.0,0.0,-95600.0,13025679.832000004,0,0.0,-0.007285874642110138,-0.028481780392064726,-381870.91599999927
2025-03-04,TX202503,TX202503,22588.0,False,0.0,-26000.0,0.0,0.0,0.0,-26000.0,12999679.832000004,0,0.0,-0.0019960570454162527,-0.030420986179063414,-407870.91599999927
2025-03-05,TX202503,TX202503,22888.0,False,0.0,60000.0,0.0,0.0,0.0,60000.0,13059679.832000004,0,0.0,0.004615498287296587,-0.025945895901374194,-347870.91599999927
2025-03-06,TX202503,TX202503,22763.0,False,0.0,-25000.0,0.0,0.0,0.0,-25000.0,13034679.832000004,0,0.0,-0.001914288889283698,-0.02781051685041136,-372870.91599999927
2025-03-07,TX202503,TX202503,22520.0,False,0.0,-48600.0,0.0,0.0,0.0,-48600.0,12986079.832000004,0,0.0,-0.0037285150557121857,-0.03143533997533965,-421470.91599999927
2025-03-10,TX202503,TX202503,22446.0,False,0.0,-14800.0,0.0,0.0,0.0,-14800.0,12971279.832000004,0,0.0,-0.0011396818894898655,-0.032539195577169666,-436270.91599999927
2025-03-11,TX202503,TX202503,22031.0,False,0.0,-83000.0,0.0,0.0,0.0,-83000.0,12888279.832000004,0,0.0,-0.006398751786638656,-0.03872973712797312,-519270.91599999927
2025-03-12,TX202503,TX202503,22232.0,False,0.0,40200.0,0.0,0.0,0.0,40200.0,12928479.832000004,0,0.0,0.003119112909093452,-0.035731426641921304,-479070.91599999927
2025-03-13,TX202503,TX202503,21920.0,False,0.0,-62400.0,0.0,0.0,0.0,-62400.0,12866079.832000004,0,0.0,-0.00482655353226837,-0.04038552053071809,-541470.9159999993
2025-03-14,TX202503,TX202503,21961.0,False,0.0,8200.0,0.0,0.0,0.0,8200.0,12874279.832000004,0,0.0,0.0006373347676271435,-0.03977392485943387,-533270.9159999993
2025-03-17,TX202503,TX202503,22158.0,False,0.0,39400.0,0.0,0.0,0.0,39400.0,12913679.832000004,0,0.0,0.003060365357452329,-0.03683528224375132,-493870.91599999927
2025-03-18,TX202503,TX202504,22259.0,True,29.0,14400.0,100.0,177.95600000000002,800.0,13322.044,12927001.876000004,2,1077.9560000000001,0.0010316226027989382,-0.03584165975069553,-480548.8719999995
2025-03-19,TX202504,TX202504,22034.0,False,0.0,-45000.0,0.0,0.0,0.0,-45000.0,12882001.876000004,0,0.0,-0.0034810855936786116,-0.039197977458962474,-525548.8719999995
2025-03-20,TX202504,TX202504,22365.0,False,0.0,66200.0,0.0,0.0,0.0,66200.0,12948201.876000004,0,0.0,0.005138952830253413,-0.03426046118591197,-459348.8719999995
2025-03-21,TX202504,TX202504,22177.0,False,0.0,-37600.0,0.0,0.0,0.0,-37600.0,12910601.876000004,0,0.0,-0.0029038781106504883,-0.03706485109326396,-496948.8719999995
2025-03-24,TX202504,TX202504,22160.0,False,0.0,-3400.0,0.0,0.0,0.0,-3400.0,12907201.876000004,0,0.0,-0.00026334945749666296,-0.03731843954233294,-500348.8719999995
2025-03-25,TX202504,TX202504,22298.0,False,0.0,27600.0,0.0,0.0,0.0,27600.0,12934801.876000004,0,0.0,0.0021383410800539333,-0.03525989801459595,-472748.8719999995
2025-03-26,TX202504,TX202504,22305.0,False,0.0,1400.0,0.0,0.0,0.0,1400.0,12936201.876000004,0,0.0,0.0001082351328935036,-0.035155479241449794,-471348.8719999995
2025-03-27,TX202504,TX202504,21968.0,False,0.0,-67400.0,0.0,0.0,0.0,-67400.0,12868801.876000004,0,0.0,-0.005210184615705821,-0.04018249732005408,-538748.8719999995
2025-03-28,TX202504,TX202504,21603.0,False,0.0,-73000.0,0.0,0.0,0.0,-73000.0,12795801.876000004,0,0.0,-0.005672633762133147,-0.04562719049124264,-611748.8719999995
2025-03-31,TX202504,TX202504,20769.0,False,0.0,-166800.0,0.0,0.0,0.0,-166800.0,12629001.876000004,0,0.0,-0.013035525371243247,-0.05806794146321881,-778548.8719999995
2025-04-01,TX202504,TX202504,21181.0,False,0.0,82400.0,0.0,0.0,0.0,82400.0,12711401.876000004,0,0.0,0.006524664483310587,-0.05192215081519225,-696148.8719999995
2025-04-02,TX202504,TX202504,21304.0,False,0.0,24600.0,0.0,0.0,0.0,24600.0,12736001.876000004,0,0.0,0.0019352704162745797,-0.0500873638013396,-671548.8719999995
2025-04-07,TX202504,TX202504,19167.0,False,0.0,-427400.0,0.0,0.0,0.0,-427400.0,12308601.876000004,0,0.0,-0.033558412142306746,-0.08196492354607932,-1098948.8719999995
2025-04-08,TX202504,TX202504,18190.0,False,0.0,-195400.0,0.0,0.0,0.0,-195400.0,12113201.876000004,0,0.0,-0.015875076793327905,-0.096538800883754,-1294348.8719999995
2025-04-09,TX202504,TX202504,17204.0,False,0.0,-197200.0,0.0,0.0,0.0,-197200.0,11916001.876000004,0,0.0,-0.01627975840068464,-0.11124693092975935,-1491548.8719999995
2025-04-10,TX202504,TX202504,18902.0,False,0.0,339600.0,0.0,0.0,0.0,339600.0,12255601.876000004,0,0.0,0.028499491988498903,-0.08591791995803821,-1151948.8719999995
2025-04-11,TX202504,TX202504,19524.0,False,0.0,124400.0,0.0,0.0,0.0,124400.0,12380001.876000004,0,0.0,0.01015046027593398,-0.07663956611562917,-1027548.8719999995
2025-04-14,TX202504,TX202504,19491.0,False,0.0,-6600.0,0.0,0.0,0.0,-6600.0,12373401.876000004,0,0.0,-0.0005331178513627552,-0.07713182604617497,-1034148.8719999995
2025-04-15,TX202504,TX202505,19779.0,True,-19.0,61400.0,100.0,158.30800000000002,800.0,60341.692,12433743.568000004,2,1058.308,0.004876726110144488,-0.07263125072603305,-973807.1799999997
2025-04-16,TX202505,TX202505,19353.0,False,0.0,-85200.0,0.0,0.0,0.0,-85200.0,12348543.568000004,0,0.0,-0.006852320826309643,-0.0789858789203517,-1059007.1799999997
2025-04-17,TX202505,TX202505,19369.0,False,0.0,3200.0,0.0,0.0,0.0,3200.0,12351743.568000004,0,0.0,0.000259139872032559,-0.07874720743887498,-1055807.1799999997
2025-04-18,TX202505,TX202505,19330.0,False,0.0,-7800.0,0.0,0.0,0.0,-7800.0,12343943.568000004,0,0.0,-0.0006314897938949827,-0.07932896917497456,-1063607.1799999997
2025-04-21,TX202505,TX202505,19099.0,False,0.0,-46200.0,0.0,0.0,0.0,-46200.0,12297743.568000004,0,0.0,-0.003742726118723292,-0.08277478868879529,-1109807.1799999997
2025-04-22,TX202505,TX202505,18797.0,False,0.0,-60400.0,0.0,0.0,0.0,-60400.0,12237343.568000004,0,0.0,-0.004911470113685492,-0.08727971290166914,-1170207.1799999997
2025-04-23,TX202505,TX202505,19554.0,False,0.0,151400.0,0.0,0.0,0.0,151400.0,12388743.568000004,0,0.0,0.012371966118194383,-0.07598756843429999,-1018807.1799999997
2025-04-24,TX202505,TX202505,19466.0,False,0.0,-17600.0,0.0,0.0,0.0,-17600.0,12371143.568000004,0,0.0,-0.0014206444667609892,-0.07730026158242209,-1036407.1799999997
2025-04-25,TX202505,TX202505,19873.0,False,0.0,81400.0,0.0,0.0,0.0,81400.0,12452543.568000004,0,0.0,0.006579828255372808,-0.07122905577235705,-955007.1799999997
2025-04-28,TX202505,TX202505,19965.0,False,0.0,18400.0,0.0,0.0,0.0,18400.0,12470943.568000004,0,0.0,0.001477609766994392,-0.06985669475386569,-936607.1799999997
2025-04-29,TX202505,TX202505,20154.0,False,0.0,37800.0,0.0,0.0,0.0,37800.0,12508743.568000004,0,0.0,0.0030310457098846515,-0.06703738787892144,-898807.1799999997
2025-04-30,TX202505,TX202505,20149.0,False,0.0,-1000.0,0.0,0.0,0.0,-1000.0,12507743.568000004,0,0.0,-7.994408027983004e-05,-0.06711197271688296,-899807.1799999997
2025-05-02,TX202505,TX202505,20677.0,False,0.0,105600.0,0.0,0.0,0.0,105600.0,12613343.568000004,0,0.0,0.008442769827018888,-0.05923581382814991,-794207.1799999997
2025-05-05,TX202505,TX202505,20404.0,False,0.0,-54600.0,0.0,0.0,0.0,-54600.0,12558743.568000004,0,0.0,-0.004328749130287702,-0.06330814598084711,-848807.1799999997
2025-05-06,TX202505,TX202505,20337.0,False,0.0,-13400.0,0.0,0.0,0.0,-13400.0,12545343.568000004,0,0.0,-0.0010669857161622073,-0.06430758280953097,-862207.1799999997
2025-05-07,TX202505,TX202505,20381.0,False,0.0,8800.0,0.0,0.0,0.0,8800.0,12554143.568000004,0,0.0,0.0007014554804578308,-0.06365123623546998,-853407.1799999997
2025-05-08,TX202505,TX202505,20575.0,False,0.0,38800.0,0.0,0.0,0.0,38800.0,12592943.568000004,0,0.0,0.0030906130545535265,-0.060757344522564205,-814607.1799999997
2025-05-09,TX202505,TX202505,20848.0,False,0.0,54600.0,0.0,0.0,0.0,54600.0,12647543.568000004,0,0.0,0.004335761508432735,-0.056685012369867005,-760007.1799999997
2025-05-12,TX202505,TX202505,21066.0,False,0.0,43600.0,0.0,0.0,0.0,43600.0,12691143.568000004,0,0.0,0.003447309729797168,-0.053433113434746105,-716407.1799999997
2025-05-13,TX202505,TX202505,21360.0,False,0.0,58800.0,0.0,0.0,0.0,58800.0,12749943.568000004,0,0.0,0.004633152220282249,-0.04904752496261067,-657607.1799999997
2025-05-14,TX202505,TX202505,21768.0,False,0.0,81600.0,0.0,0.0,0.0,81600.0,12831543.568000004,0,0.0,0.006400028326776354,-0.04296140218495326,-576007.1799999997
2025-05-15,TX202505,TX202505,21694.0,False,0.0,-14800.0,0.0,0.0,0.0,-14800.0,12816743.568000004,0,0.0,-0.0011534076100484932,-0.044065257786783274,-590807.1799999997
2025-05-16,TX202505,TX202505,21821.0,False,0.0,25400.0,0.0,0.0,0.0,25400.0,12842143.568000004,0,0.0,0.001981782647459456,-0.04217080290256159,-565407.1799999997
2025-05-19,TX202505,TX202505,21538.0,False,0.0,-56600.0,0.0,0.0,0.0,-56600.0,12785543.568000004,0,0.0,-0.004407363903097582,-0.04639230473118172,-622007.1799999997
2025-05-20,TX202505,TX202506,21451.0,True,-88.0,200.0,100.0,171.96000000000004,800.0,-871.96,12784671.608000003,2,1071.96,-6.819889943376084e-05,-0.04645733972649069,-622879.1400000006
2025-05-21,TX202506,TX202506,21672.0,False,0.0,44200.0,0.0,0.0,0.0,44200.0,12828871.608000003,0,0.0,0.0034572651809329125,-0.043160689888592896,-578679.1400000006
2025-05-22,TX202506,TX202506,21503.0,False,0.0,-33800.0,0.0,0.0,0.0,-33800.0,12795071.608000003,0,0.0,-0.0026346822255920417,-0.04568165741169128,-612479.1400000006
2025-05-23,TX202506,TX202506,21470.0,False,0.0,-6600.0,0.0,0.0,0.0,-6600.0,12788471.608000003,0,0.0,-0.000515823607886134,-0.04617391734223708,-619079.1400000006
2025-05-26,TX202506,TX202506,21385.0,False,0.0,-17000.0,0.0,0.0,0.0,-17000.0,12771471.608000003,0,0.0,-0.0013293222615723226,-0.04744185958758229,-636079.1400000006
2025-05-27,TX202506,TX202506,21233.0,False,0.0,-30400.0,0.0,0.0,0.0,-30400.0,12741071.608000003,0,0.0,-0.0023803051780624525,-0.04970923866161159,-666479.1400000006
2025-05-28,TX202506,TX202506,21252.0,False,0.0,3800.0,0.0,0.0,0.0,3800.0,12744871.608000003,0,0.0,0.0002982480686800327,-0.04942581627735787,-662679.1400000006
2025-05-29,TX202506,TX202506,21320.0,False,0.0,13600.0,0.0,0.0,0.0,13600.0,12758471.608000003,0,0.0,0.0010670958812533844,-0.048411462481081635,-649079.1400000006
2025-06-02,TX202506,TX202506,20866.0,False,0.0,-90800.0,0.0,0.0,0.0,-90800.0,12667671.608000003,0,0.0,-0.007116839915453922,-0.05518376576798467,-739879.1400000006
2025-06-03,TX202506,TX202506,20971.0,False,0.0,21000.0,0.0,0.0,0.0,21000.0,12688671.608000003,0,0.0,0.001657763214096732,-0.053617484170793484,-718879.1400000006
2025-06-04,TX202506,TX202506,21482.0,False,0.0,102200.0,0.0,0.0,0.0,102200.0,12790871.608000003,0,0.0,0.008054428639761198,-0.045994913731129516,-616679.1400000006
2025-06-05,TX202506,TX202506,21553.0,False,0.0,14200.0,0.0,0.0,0.0,14200.0,12805071.608000003,0,0.0,0.0011101667216422268,-0.04493580903207639,-602479.1400000006
2025-06-06,TX202506,TX202506,21578.0,False,0.0,5000.0,0.0,0.0,0.0,5000.0,12810071.608000003,0,0.0,0.0003904702881064903,-0.04456288484226889,-597479.1400000006
2025-06-09,TX202506,TX202506,21727.0,False,0.0,29800.0,0.0,0.0,0.0,29800.0,12839871.608000003,0,0.0,0.002326294568204415,-0.042340256671016596,-567679.1400000006
2025-06-10,TX202506,TX202506,22113.0,False,0.0,77200.0,0.0,0.0,0.0,77200.0,12917071.608000003,0,0.0,0.006012521180655718,-0.036582307180389795,-490479.1400000006
2025-06-11,TX202506,TX202506,22351.0,False,0.0,47600.0,0.0,0.0,0.0,47600.0,12964671.608000003,0,0.0,0.003685045763044282,-0.03303206889342292,-442879.1400000006
2025-06-12,TX202506,TX202506,22252.0,False,0.0,-19800.0,0.0,0.0,0.0,-19800.0,12944871.608000003,0,0.0,-0.0015272272679689146,-0.034508848685060434,-462679.1400000006
2025-06-13,TX202506,TX202506,21940.0,False,0.0,-62400.0,0.0,0.0,0.0,-62400.0,12882471.608000003,0,0.0,-0.004820441784948755,-0.03916294257385722,-525079.1400000006
2025-06-16,TX202506,TX202506,22032.0,False,0.0,18400.0,0.0,0.0,0.0,18400.0,12900871.608000003,0,0.0,0.0014282973454079742,-0.037790581555365854,-506679.1400000006
2025-06-17,TX202506,TX202507,21784.0,True,-375.0,25400.0,100.0,175.77200000000002,800.0,24324.228,12925195.836000003,2,1075.772,0.0018854716750235868,-0.03597636295144757,-482354.9120000005
2025-06-18,TX202507,TX202507,21930.0,False,0.0,29200.0,0.0,0.0,0.0,29200.0,12954395.836000003,0,0.0,0.002259153390826812,-0.03379848568297217,-453154.9120000005
2025-06-19,TX202507,TX202507,21704.0,False,0.0,-45200.0,0.0,0.0,0.0,-45200.0,12909195.836000003,0,0.0,-0.003489163105112947,-0.03716972035883137,-498354.9120000005
2025-06-20,TX202507,TX202507,21653.0,False,0.0,-10200.0,0.0,0.0,0.0,-10200.0,12898995.836000003,0,0.0,-0.0007901344227465477,-0.03793048570603852,-508554.9120000005
2025-06-23,TX202507,TX202507,21473.0,False,0.0,-36000.0,0.0,0.0,0.0,-36000.0,12862995.836000003,0,0.0,-0.0027909149252941887,-0.040615539872652096,-544554.9120000005
2025-06-24,TX202507,TX202507,21959.0,False,0.0,97200.0,0.0,0.0,0.0,97200.0,12960195.836000003,0,0.0,0.007556560014422443,-0.03336589362279552,-447354.9120000005
2025-06-25,TX202507,TX202507,22159.0,False,0.0,40000.0,0.0,0.0,0.0,40000.0,13000195.836000003,0,0.0,0.0030863731155119246,-0.030382500104335963,-407354.9120000005
2025-06-26,TX202507,TX202507,22117.0,False,0.0,-8400.0,0.0,0.0,0.0,-8400.0,12991795.836000003,0,0.0,-0.0006461441124401226,-0.03100901274321255,-415754.9120000005
2025-06-27,TX202507,TX202507,22121.0,False,0.0,800.0,0.0,0.0,0.0,800.0,12992595.836000003,0,0.0,6.157732234239828e-05,-0.030949344872843287,-414954.9120000005
2025-06-30,TX202507,TX202507,22145.0,False,0.0,4800.0,0.0,0.0,0.0,4800.0,12997395.836000003,0,0.0,0.0003694411848554633,-0.03059133765062816,-410154.9120000005
2025-07-01,TX202507,TX202507,22353.0,False,0.0,41600.0,0.0,0.0,0.0,41600.0,13038995.836000003,0,0.0,0.0032006411534206652,-0.027488608391430303,-368554.9120000005
2025-07-02,TX202507,TX202507,22396.0,False,0.0,8600.0,0.0,0.0,0.0,8600.0,13047595.836000003,0,0.0,0.0006595599928221342,-0.026847178784961456,-359954.9120000005
2025-07-03,TX202507,TX202507,22675.0,False,0.0,55800.0,0.0,0.0,0.0,55800.0,13103395.836000003,0,0.0,0.004276649943895456,-0.022685344826710474,-304154.9120000005
2025-07-04,TX202507,TX202507,22435.0,False,0.0,-48000.0,0.0,0.0,0.0,-48000.0,13055395.836000003,0,0.0,-0.0036631725547148454,-0.026265417048861872,-352154.9120000005
2025-07-07,TX202507,TX202507,22336.0,False,0.0,-19800.0,0.0,0.0,0.0,-19800.0,13035595.836000003,0,0.0,-0.0015166142986949413,-0.02774219684049939,-371954.9120000005
2025-07-08,TX202507,TX202507,22251.0,False,0.0,-17000.0,0.0,0.0,0.0,-17000.0,13018595.836000003,0,0.0,-0.0013041214390102235,-0.0290101390858446,-388954.9120000005
2025-07-09,TX202507,TX202507,22434.0,False,0.0,36600.0,0.0,0.0,0.0,36600.0,13055195.836000003,0,0.0,0.002811363104060034,-0.026280334016454243,-352354.9120000005
2025-07-10,TX202507,TX202507,22611.0,False,0.0,35400.0,0.0,0.0,0.0,35400.0,13090595.836000003,0,0.0,0.0027115640733924255,-0.023640030752617558,-316954.9120000005
2025-07-11,TX202507,TX202507,22764.0,False,0.0,30600.0,0.0,0.0,0.0,30600.0,13121195.836000003,0,0.0,0.0023375559358305128,-0.021357734710996,-286354.9120000005
2025-07-14,TX202507,TX202507,22551.0,False,0.0,-42600.0,0.0,0.0,0.0,-42600.0,13078595.836000003,0,0.0,-0.0032466552997494633,-0.02453504880815538,-328954.9120000005
2025-07-15,TX202507,TX202508,22675.0,True,-135.0,51800.0,100.0,181.94000000000003,800.0,50718.06,13129313.896000003,2,1081.94,0.0038779438279141565,-0.020752250521334337,-278236.85199999996
2025-07-16,TX202508,TX202508,22920.0,False,0.0,49000.0,0.0,0.0,0.0,49000.0,13178313.896000003,0,0.0,0.003732106672758309,-0.017097593461221527,-229236.85199999996
2025-07-17,TX202508,TX202508,23148.0,False,0.0,45600.0,0.0,0.0,0.0,45600.0,13223913.896000003,0,0.0,0.0034602302206385377,-0.013696524850177694,-183636.85199999996
2025-07-18,TX202508,TX202508,23262.0,False,0.0,22800.0,0.0,0.0,0.0,22800.0,13246713.896000003,0,0.0,0.0017241491573002899,-0.011995990544655721,-160836.85199999996
2025-07-21,TX202508,TX202508,23228.0,False,0.0,-6800.0,0.0,0.0,0.0,-6800.0,13239913.896000003,0,0.0,-0.0005133348582438501,-0.012503167442793894,-167636.85199999996
2025-07-22,TX202508,TX202508,22990.0,False,0.0,-47600.0,0.0,0.0,0.0,-47600.0,13192313.896000003,0,0.0,-0.003595189543821788,-0.01605340572976066,-215236.85199999996
2025-07-23,TX202508,TX202508,23186.0,False,0.0,39200.0,0.0,0.0,0.0,39200.0,13231513.896000003,0,0.0,0.0029714271741127763,-0.01312968008167037,-176036.85199999996
2025-07-24,TX202508,TX202508,23310.0,False,0.0,24800.0,0.0,0.0,0.0,24800.0,13256313.896000003,0,0.0,0.0018743131129913446,-0.011279976100225464,-151236.85199999996
2025-07-25,TX202508,TX202508,23238.0,False,0.0,-14400.0,0.0,0.0,0.0,-14400.0,13241913.896000003,0,0.0,-0.0010862748206607491,-0.01235399776687085,-165636.85199999996
2025-07-28,TX202508,TX202508,23392.0,False,0.0,30800.0,0.0,0.0,0.0,30800.0,13272713.896000003,0,0.0,0.002325947762679818,-0.010056784757657034,-134836.85199999996
2025-07-29,TX202508,TX202508,23163.0,False,0.0,-45800.0,0.0,0.0,0.0,-45800.0,13226913.896000003,0,0.0,-0.0034506884092335285,-0.013472770336293238,-180636.85199999996
2025-07-30,TX202508,TX202508,23361.0,False,0.0,39600.0,0.0,0.0,0.0,39600.0,13266513.896000003,0,0.0,0.002993895651802464,-0.010519210753018315,-141036.85199999996
2025-07-31,TX202508,TX202508,23589.0,False,0.0,45600.0,0.0,0.0,0.0,45600.0,13312113.896000003,0,0.0,0.0034372255105954317,-0.007118142141974482,-95436.85199999996
2025-08-01,TX202508,TX202508,23344.0,False,0.0,-49000.0,0.0,0.0,0.0,-49000.0,13263113.896000003,0,0.0,-0.0036808579300634903,-0.010772799202087291,-144436.85199999996
2025-08-04,TX202508,TX202508,23260.0,False,0.0,-16800.0,0.0,0.0,0.0,-16800.0,13246313.896000003,0,0.0,-0.0012666708686763731,-0.012025824479840352,-161236.85199999996
2025-08-05,TX202508,TX202508,23575.0,False,0.0,63000.0,0.0,0.0,0.0,63000.0,13309313.896000003,0,0.0,0.004756040094974961,-0.007326979688266566,-98236.85199999996
2025-08-06,TX202508,TX202508,23425.0,False,0.0,-30000.0,0.0,0.0,0.0,-30000.0,13279313.896000003,0,0.0,-0.002254060595040608,-0.009564524827111232,-128236.85199999996
2025-08-07,TX202508,TX202508,23997.0,False,0.0,114400.0,0.0,0.0,0.0,114400.0,13393713.896000003,0,0.0,0.008614902915613704,-0.0010320193643170716,-13836.851999999955
2025-08-08,TX202508,TX202508,23949.0,False,0.0,-9600.0,0.0,0.0,0.0,-9600.0,13384113.896000003,0,0.0,-0.0007167541485910801,-0.001748033808747329,-23436.851999999955
2025-08-11,TX202508,TX202508,24162.0,False,0.0,42600.0,0.0,0.0,0.0,42600.0,13426713.896000003,0,0.0,0.0031828778752944938,0.0,0.0
2025-08-12,TX202508,TX202508,24135.0,False,0.0,-5400.0,0.0,0.0,0.0,-5400.0,13421313.896000003,0,0.0,-0.00040218329233996205,-0.00040218329233998595,-5400.0
2025-08-13,TX202508,TX202508,24347.0,False,0.0,42400.0,0.0,0.0,0.0,42400.0,13463713.896000003,0,0.0,0.003159154187775655,0.0,0.0
2025-08-14,TX202508,TX202508,24250.0,False,0.0,-19400.0,0.0,0.0,0.0,-19400.0,13444313.896000003,0,0.0,-0.0014409100007512514,-0.0014409100007513054,-19400.0
2025-08-15,TX202508,TX202508,24312.0,False,0.0,12400.0,0.0,0.0,0.0,12400.0,13456713.896000003,0,0.0,0.0009223230055413456,-0.0005199159796525077,-7000.0
2025-08-18,TX202508,TX202508,24426.0,False,0.0,22800.0,0.0,0.0,0.0,22800.0,13479513.896000003,0,0.0,0.0016943215242747548,0.0,0.0
2025-08-19,TX202508,TX202509,24284.0,True,-58.0,-16800.0,100.0,194.50400000000002,800.0,-17894.504,13461619.392000003,2,1094.504,-0.0013275333322895367,-0.001327533332289632,-17894.504000000656
2025-08-20,TX202509,TX202509,23667.0,False,0.0,-123400.0,0.0,0.0,0.0,-123400.0,13338219.392000003,0,0.0,-0.00916680203225285,-0.01048216612929409,-141294.50400000066
2025-08-21,TX202509,TX202509,23852.0,False,0.0,37000.0,0.0,0.0,0.0,37000.0,13375219.392000003,0,0.0,0.0027739834615549855,-0.007737260023223058,-104294.50400000066
2025-08-22,TX202509,TX202509,23750.0,False,0.0,-20400.0,0.0,0.0,0.0,-20400.0,13354819.392000003,0,0.0,-0.0015252086266488957,-0.009250667714137961,-124694.50400000066
2025-08-25,TX202509,TX202509,24251.0,False,0.0,100200.0,0.0,0.0,0.0,100200.0,13455019.392000003,0,0.0,0.007502909403628719,-0.0018171652322914733,-24494.504000000656
2025-08-26,TX202509,TX202509,24253.0,False,0.0,400.0,0.0,0.0,0.0,400.0,13455419.392000003,0,0.0,2.9728682534477013e-05,-0.0017874905716852574,-24094.504000000656
2025-08-27,TX202509,TX202509,24463.0,False,0.0,42000.0,0.0,0.0,0.0,42000.0,13497419.392000003,0,0.0,0.0031214188704494295,0.0,0.0
2025-08-28,TX202509,TX202509,24228.0,False,0.0,-47000.0,0.0,0.0,0.0,-47000.0,13450419.392000003,0,0.0,-0.0034821471153113287,-0.0034821471153113626,-47000.0
2025-08-29,TX202509,TX202509,24267.0,False,0.0,7800.0,0.0,0.0,0.0,7800.0,13458219.392000003,0,0.0,0.0005799075681342144,-0.0029042588706426065,-39200.0
2025-09-01,TX202509,TX202509,24008.0,False,0.0,-51800.0,0.0,0.0,0.0,-51800.0,13406419.392000003,0,0.0,-0.003848948994752722,-0.006742029521134674,-91000.0
2025-09-02,TX202509,TX202509,23965.0,False,0.0,-8600.0,0.0,0.0,0.0,-8600.0,13397819.392000003,0,0.0,-0.0006414837361519414,-0.007379188355000177,-99600.0
2025-09-03,TX202509,TX202509,23997.0,False,0.0,6400.0,0.0,0.0,0.0,6400.0,13404219.392000003,0,0.0,0.0004776896756662891,-0.006905023641425867,-93200.0
2025-09-04,TX202509,TX202509,24132.0,False,0.0,27000.0,0.0,0.0,0.0,27000.0,13431219.392000003,0,0.0,0.00201429111314862,-0.004904641256034292,-66200.0
2025-09-05,TX202509,TX202509,24419.0,False,0.0,57400.0,0.0,0.0,0.0,57400.0,13488619.392000003,0,0.0,0.004273625374192681,-0.0006519764811646622,-8800.0
2025-09-08,TX202509,TX202509,24551.0,False,0.0,26400.0,0.0,0.0,0.0,26400.0,13515019.392000003,0,0.0,0.00195720549544586,0.0,0.0
2025-09-09,TX202509,TX202509,24802.0,False,0.0,50200.0,0.0,0.0,0.0,50200.0,13565219.392000003,0,0.0,0.0037143860873566394,0.0,0.0
2025-09-10,TX202509,TX202509,25178.0,False,0.0,75200.0,0.0,0.0,0.0,75200.0,13640419.392000003,0,0.0,0.005543588925981447,0.0,0.0
2025-09-11,TX202509,TX202509,25240.0,False,0.0,12400.0,0.0,0.0,0.0,12400.0,13652819.392000003,0,0.0,0.0009090629579375324,0.0,0.0
2025-09-12,TX202509,TX202509,25459.0,False,0.0,43800.0,0.0,0.0,0.0,43800.0,13696619.392000003,0,0.0,0.0032081285734772863,0.0,0.0
2025-09-15,TX202509,TX202509,25353.0,False,0.0,-21200.0,0.0,0.0,0.0,-21200.0,13675419.392000003,0,0.0,-0.0015478271968616295,-0.0015478271968616397,-21200.0
2025-09-16,TX202509,TX202510,25639.0,True,10.0,55200.0,100.0,205.072,800.0,54094.928,13729514.320000002,2,1105.0720000000001,0.0039556321052680145,0.0,0.0
2025-09-17,TX202510,TX202510,25470.0,False,0.0,-33800.0,0.0,0.0,0.0,-33800.0,13695714.320000002,0,0.0,-0.002461849648298411,-0.002461849648298431,-33800.0
2025-09-18,TX202510,TX202510,25709.0,False,0.0,47800.0,0.0,0.0,0.0,47800.0,13743514.320000002,0,0.0,0.0034901428931090606,0.0,0.0
2025-09-19,TX202510,TX202510,25671.0,False,0.0,-7600.0,0.0,0.0,0.0,-7600.0,13735914.320000002,0,0.0,-0.0005529881093760885,-0.0005529881093760958,-7600.0
2025-09-22,TX202510,TX202510,25891.0,False,0.0,44000.0,0.0,0.0,0.0,44000.0,13779914.320000002,0,0.0,0.0032032814834855486,0.0,0.0
2025-09-23,TX202510,TX202510,26273.0,False,0.0,76400.0,0.0,0.0,0.0,76400.0,13856314.320000002,0,0.0,0.005544301526542437,0.0,0.0
2025-09-24,TX202510,TX202510,26237.0,False,0.0,-7200.0,0.0,0.0,0.0,-7200.0,13849114.320000002,0,0.0,-0.0005196186975643029,-0.0005196186975643391,-7200.0
2025-09-25,TX202510,TX202510,26097.0,False,0.0,-28000.0,0.0,0.0,0.0,-28000.0,13821114.320000002,0,0.0,-0.0020217899392717263,-0.002540358076981053,-35200.0
2025-09-26,TX202510,TX202510,25669.0,False,0.0,-85600.0,0.0,0.0,0.0,-85600.0,13735514.320000002,0,0.0,-0.006193422470728828,-0.008718047036912147,-120800.0
2025-09-30,TX202510,TX202510,25954.0,False,0.0,57000.0,0.0,0.0,0.0,57000.0,13792514.320000002,0,0.0,0.0041498264041706446,-0.004604399014528138,-63800.0
2025-10-01,TX202510,TX202510,26045.0,False,0.0,18200.0,0.0,0.0,0.0,18200.0,13810714.320000002,0,0.0,0.0013195563606273636,-0.003290918417907296,-45600.0
2025-10-02,TX202510,TX202510,26431.0,False,0.0,77200.0,0.0,0.0,0.0,77200.0,13887914.320000002,0,0.0,0.00558986292897267,0.0,0.0
2025-10-03,TX202510,TX202510,26745.0,False,0.0,62800.0,0.0,0.0,0.0,62800.0,13950714.320000002,0,0.0,0.004521917298234022,0.0,0.0
2025-10-07,TX202510,TX202510,27322.0,False,0.0,115400.0,0.0,0.0,0.0,115400.0,14066114.320000002,0,0.0,0.008271977860987406,0.0,0.0
2025-10-08,TX202510,TX202510,27093.0,False,0.0,-45800.0,0.0,0.0,0.0,-45800.0,14020314.320000002,0,0.0,-0.0032560520238968165,-0.0032560520238967827,-45800.0
2025-10-09,TX202510,TX202510,27335.0,False,0.0,48400.0,0.0,0.0,0.0,48400.0,14068714.320000002,0,0.0,0.0034521337321915327,0.0,0.0
2025-10-13,TX202510,TX202510,26904.0,False,0.0,-86200.0,0.0,0.0,0.0,-86200.0,13982514.320000002,0,0.0,-0.006127070181349733,-0.006127070181349725,-86200.0
2025-10-14,TX202510,TX202511,26765.0,True,47.0,-37200.0,100.0,213.93200000000002,800.0,-38313.932,13944200.388000002,2,1113.932,-0.002740131790546237,-0.008850412992109202,-124513.93200000003
2025-10-15,TX202511,TX202511,27288.0,False,0.0,104600.0,0.0,0.0,0.0,104600.0,14048800.388000002,0,0.0,0.007501326507758445,-0.0014154763219330624,-19913.93200000003
2025-10-16,TX202511,TX202511,27822.0,False,0.0,106800.0,0.0,0.0,0.0,106800.0,14155600.388000002,0,0.0,0.007602072564944752,0.0,0.0
2025-10-17,TX202511,TX202511,27328.0,False,0.0,-98800.0,0.0,0.0,0.0,-98800.0,14056800.388000002,0,0.0,-0.006979569731549841,-0.006979569731549895,-98800.0
2025-10-20,TX202511,TX202511,27783.0,False,0.0,91000.0,0.0,0.0,0.0,91000.0,14147800.388000002,0,0.0,0.006473734953061211,-0.0005510186630170999,-7800.0
2025-10-21,TX202511,TX202511,27833.0,False,0.0,10000.0,0.0,0.0,0.0,10000.0,14157800.388000002,0,0.0,0.0007068236563813752,0.0,0.0
2025-10-22,TX202511,TX202511,27704.0,False,0.0,-25800.0,0.0,0.0,0.0,-25800.0,14132000.388000002,0,0.0,-0.00182231697671538,-0.0018223169767154213,-25800.0
2025-10-23,TX202511,TX202511,27556.0,False,0.0,-29600.0,0.0,0.0,0.0,-29600.0,14102400.388000002,0,0.0,-0.002094537162986101,-0.0039130372290709925,-55400.0
2025-10-27,TX202511,TX202511,28225.0,False,0.0,133800.0,0.0,0.0,0.0,133800.0,14236200.388000002,0,0.0,0.009487746505471007,0.0,0.0
2025-10-28,TX202511,TX202511,28002.0,False,0.0,-44600.0,0.0,0.0,0.0,-44600.0,14191600.388000002,0,0.0,-0.0031328584021333597,-0.0031328584021333983,-44600.0
2025-10-29,TX202511,TX202511,28412.0,False,0.0,82000.0,0.0,0.0,0.0,82000.0,14273600.388000002,0,0.0,0.005778065740163933,0.0,0.0
2025-10-30,TX202511,TX202511,28398.0,False,0.0,-2800.0,0.0,0.0,0.0,-2800.0,14270800.388000002,0,0.0,-0.00019616634373160647,-0.00019616634373165187,-2800.0
2025-10-31,TX202511,TX202511,28431.0,False,0.0,6600.0,0.0,0.0,0.0,6600.0,14277400.388000002,0,0.0,0.0004624828195025272,0.0,0.0
2025-11-03,TX202511,TX202511,28340.0,False,0.0,-18200.0,0.0,0.0,0.0,-18200.0,14259200.388000002,0,0.0,-0.0012747418651435243,-0.001274741865143536,-18200.0
2025-11-04,TX202511,TX202511,28117.0,False,0.0,-44600.0,0.0,0.0,0.0,-44600.0,14214600.388000002,0,0.0,-0.0031278051213540457,-0.00439855984236337,-62800.0
2025-11-05,TX202511,TX202511,27805.0,False,0.0,-62400.0,0.0,0.0,0.0,-62400.0,14152200.388000002,0,0.0,-0.00438985256684938,-0.008769103379998255,-125200.0
2025-11-06,TX202511,TX202511,28034.0,False,0.0,45800.0,0.0,0.0,0.0,45800.0,14198000.388000002,0,0.0,0.0032362458659668885,-0.005561236488593191,-79400.0
2025-11-07,TX202511,TX202511,27730.0,False,0.0,-60800.0,0.0,0.0,0.0,-60800.0,14137200.388000002,0,0.0,-0.004282293163718146,-0.009819714807314361,-140200.0
2025-11-10,TX202511,TX202511,28016.0,False,0.0,57200.0,0.0,0.0,0.0,57200.0,14194400.388000002,0,0.0,0.0040460627585467875,-0.005813383231148994,-83000.0
2025-11-11,TX202511,TX202511,27780.0,False,0.0,-47200.0,0.0,0.0,0.0,-47200.0,14147200.388000002,0,0.0,-0.0033252549392578114,-0.009119307189103698,-130200.0
2025-11-12,TX202511,TX202511,28054.0,False,0.0,54800.0,0.0,0.0,0.0,54800.0,14202000.388000002,0,0.0,0.003873557912311943,-0.005281073441308903,-75400.0
2025-11-13,TX202511,TX202511,27980.0,False,0.0,-14800.0,0.0,0.0,0.0,-14800.0,14187200.388000002,0,0.0,-0.0010421067170583434,-0.006317676716260712,-90200.0
2025-11-14,TX202511,TX202511,27401.0,False,0.0,-115800.0,0.0,0.0,0.0,-115800.0,14071400.388000002,0,0.0,-0.008162286908835617,-0.014428396935140975,-206000.0
2025-11-17,TX202511,TX202511,27479.0,False,0.0,15600.0,0.0,0.0,0.0,15600.0,14087000.388000002,0,0.0,0.0011086316620841504,-0.013335761050732309,-190400.0
2025-11-18,TX202511,TX202512,26805.0,True,0.0,-134800.0,100.0,214.44,800.0,-135914.44,13951085.948000003,2,1114.44,-0.009648217239759473,-0.022855311970816694,-326314.4399999995
2025-11-19,TX202512,TX202512,26595.0,False,0.0,-42000.0,0.0,0.0,0.0,-42000.0,13909085.948000003,0,0.0,-0.0030105183321604456,-0.02579702396730177,-368314.4399999995
2025-11-20,TX202512,TX202512,27482.0,False,0.0,177400.0,0.0,0.0,0.0,177400.0,14086485.948000003,0,0.0,0.012754252915196666,-0.013371792820243478,-190914.43999999948
2025-11-21,TX202512,TX202512,26486.0,False,0.0,-199200.0,0.0,0.0,0.0,-199200.0,13887285.948000003,0,0.0,-0.014141213126917745,-0.027323912575001108,-390114.4399999995
2025-11-24,TX202512,TX202512,26615.0,False,0.0,25800.0,0.0,0.0,0.0,25800.0,13913085.948000003,0,0.0,0.0018578144136015017,-0.02551686092001748,-364314.4399999995
2025-11-25,TX202512,TX202512,26933.0,False,0.0,63600.0,0.0,0.0,0.0,63600.0,13976685.948000003,0,0.0,0.004571236046244828,-0.021062268468197254,-300714.4399999995
2025-11-26,TX202512,TX202512,27329.0,False,0.0,79200.0,0.0,0.0,0.0,79200.0,14055885.948000003,0,0.0,0.005666579351833625,-0.01551504013196825,-221514.43999999948
2025-11-27,TX202512,TX202512,27583.0,False,0.0,50800.0,0.0,0.0,0.0,50800.0,14106685.948000003,0,0.0,0.0036141442942789585,-0.011956969431457742,-170714.43999999948
2025-11-28,TX202512,TX202512,27744.0,False,0.0,32200.0,0.0,0.0,0.0,32200.0,14138885.948000003,0,0.0,0.0022826055757316412,-0.009701656900819255,-138514.43999999948
2025-12-01,TX202512,TX202512,27404.0,False,0.0,-68000.0,0.0,0.0,0.0,-68000.0,14070885.948000003,0,0.0,-0.004809431255764451,-0.014464428704652144,-206514.43999999948
2025-12-02,TX202512,TX202512,27561.0,False,0.0,31400.0,0.0,0.0,0.0,31400.0,14102285.948000003,0,0.0,0.002231558134721653,-0.012265148783470514,-175114.43999999948
2025-12-03,TX202512,TX202512,27758.0,False,0.0,39400.0,0.0,0.0,0.0,39400.0,14141685.948000003,0,0.0,0.0027938732873011795,-0.009505542767720199,-135714.43999999948
2025-12-04,TX202512,TX202512,27799.0,False,0.0,8200.0,0.0,0.0,0.0,8200.0,14149885.948000003,0,0.0,0.0005798459978641861,-0.008931208520787437,-127514.43999999948
2025-12-05,TX202512,TX202512,28016.0,False,0.0,43400.0,0.0,0.0,0.0,43400.0,14193285.948000003,0,0.0,0.0030671625311675618,-0.005891439457752834,-84114.43999999948
2025-12-08,TX202512,TX202512,28286.0,False,0.0,54000.0,0.0,0.0,0.0,54000.0,14247285.948000003,0,0.0,0.003804615801995395,-0.0021092383194148967,-30114.43999999948
2025-12-09,TX202512,TX202512,28220.0,False,0.0,-13200.0,0.0,0.0,0.0,-13200.0,14234085.948000003,0,0.0,-0.0009264922489923761,-0.003033776375453101,-43314.43999999948
2025-12-10,TX202512,TX202512,28398.0,False,0.0,35600.0,0.0,0.0,0.0,35600.0,14269685.948000003,0,0.0,0.002501038712991758,-0.0005403252546228865,-7714.4399999994785
2025-12-11,TX202512,TX202512,28110.0,False,0.0,-57600.0,0.0,0.0,0.0,-57600.0,14212085.948000003,0,0.0,-0.004036528919409964,-0.004574673135516738,-65314.43999999948
2025-12-12,TX202512,TX202512,28292.0,False,0.0,36400.0,0.0,0.0,0.0,36400.0,14248485.948000003,0,0.0,0.0025612003848824454,-0.002025189405229666,-28914.43999999948
2025-12-15,TX202512,TX202512,27907.0,False,0.0,-77000.0,0.0,0.0,0.0,-77000.0,14171485.948000003,0,0.0,-0.005404082951761493,-0.007418328065452284,-105914.43999999948
2025-12-16,TX202512,TX202601,27713.0,True,89.0,-56600.0,100.0,221.348,800.0,-57721.348,14113764.600000003,2,1121.348,-0.004073062501123681,-0.011461175252711508,-163635.78799999878
2025-12-17,TX202601,TX202601,27692.0,False,0.0,-4200.0,0.0,0.0,0.0,-4200.0,14109564.600000003,0,0.0,-0.0002975818372371039,-0.011755346452359983,-167835.78799999878
2025-12-18,TX202601,TX202601,27591.0,False,0.0,-20200.0,0.0,0.0,0.0,-20200.0,14089364.600000003,0,0.0,-0.001431652965393418,-0.013170169841145607,-188035.78799999878
2025-12-19,TX202601,TX202601,27894.0,False,0.0,60600.0,0.0,0.0,0.0,60600.0,14149964.600000003,0,0.0,0.0043011166025187526,-0.008925699674788623,-127435.78799999878
2025-12-22,TX202601,TX202601,28341.0,False,0.0,89400.0,0.0,0.0,0.0,89400.0,14239364.600000003,0,0.0,0.0063180370076685545,-0.002664055567984769,-38035.78799999878
2025-12-23,TX202601,TX202601,28413.0,False,0.0,14400.0,0.0,0.0,0.0,14400.0,14253764.600000003,0,0.0,0.0010112810792133236,-0.0016554685977613337,-23635.787999998778
2025-12-24,TX202601,TX202601,28472.0,False,0.0,11800.0,0.0,0.0,0.0,11800.0,14265564.600000003,0,0.0,0.0008278514716035086,-0.0008289876082726577,-11835.787999998778
2025-12-26,TX202601,TX202601,28673.0,False,0.0,40200.0,0.0,0.0,0.0,40200.0,14305764.600000003,0,0.0,0.0028179746913066443,0.0,0.0
2025-12-29,TX202601,TX202601,28950.0,False,0.0,55400.0,0.0,0.0,0.0,55400.0,14361164.600000003,0,0.0,0.0038725647701486703,0.0,0.0
2025-12-30,TX202601,TX202601,28881.0,False,0.0,-13800.0,0.0,0.0,0.0,-13800.0,14347364.600000003,0,0.0,-0.000960924854241974,-0.0009609248542419291,-13800.0
2025-12-31,TX202601,TX202601,29016.0,False,0.0,27000.0,0.0,0.0,0.0,27000.0,14374364.600000003,0,0.0,0.0018818787110212558,0.0,0.0
2026-01-02,TX202601,TX202601,29473.0,False,0.0,91400.0,0.0,0.0,0.0,91400.0,14465764.600000003,0,0.0,0.006358541928176775,0.0,0.0
2026-01-05,TX202601,TX202601,30313.0,False,0.0,168000.0,0.0,0.0,0.0,168000.0,14633764.600000003,0,0.0,0.01161362739166929,0.0,0.0
2026-01-06,TX202601,TX202601,30617.0,False,0.0,60800.0,0.0,0.0,0.0,60800.0,14694564.600000003,0,0.0,0.00415477504674361,0.0,0.0
2026-01-07,TX202601,TX202601,30516.0,False,0.0,-20200.0,0.0,0.0,0.0,-20200.0,14674364.600000003,0,0.0,-0.0013746579466532812,-0.0013746579466532571,-20200.0
2026-01-08,TX202601,TX202601,30458.0,False,0.0,-11600.0,0.0,0.0,0.0,-11600.0,14662764.600000003,0,0.0,-0.0007904941928456649,-0.002164065480374955,-31800.0
2026-01-09,TX202601,TX202601,30456.0,False,0.0,-400.0,0.0,0.0,0.0,-400.0,14662364.600000003,0,0.0,-2.7279985112766518e-05,-0.002191286429813699,-32200.0
2026-01-12,TX202601,TX202601,30701.0,False,0.0,49000.0,0.0,0.0,0.0,49000.0,14711364.600000003,0,0.0,0.003341889343005424,0.0,0.0
2026-01-13,TX202601,TX202601,30874.0,False,0.0,34600.0,0.0,0.0,0.0,34600.0,14745964.600000003,0,0.0,0.0023519232199574465,0.0,0.0
2026-01-14,TX202601,TX202601,30982.0,False,0.0,21600.0,0.0,0.0,0.0,21600.0,14767564.600000003,0,0.0,0.0014648075311397394,0.0,0.0
2026-01-15,TX202601,TX202601,31050.0,False,0.0,13600.0,0.0,0.0,0.0,13600.0,14781164.600000003,0,0.0,0.0009209372275236227,0.0,0.0
2026-01-16,TX202601,TX202601,31474.0,False,0.0,84800.0,0.0,0.0,0.0,84800.0,14865964.600000003,0,0.0,0.005737031032047365,0.0,0.0
2026-01-19,TX202601,TX202601,31669.0,False,0.0,39000.0,0.0,0.0,0.0,39000.0,14904964.600000003,0,0.0,0.0026234422756529364,0.0,0.0
2026-01-20,TX202601,TX202602,31800.0,True,128.0,600.0,100.0,253.88800000000003,800.0,-553.888,14904410.712000003,2,1153.888,-3.7161309326424025e-05,-3.71613093264056e-05,-553.8880000002682
2026-01-21,TX202602,TX202602,31484.0,False,0.0,-63200.0,0.0,0.0,0.0,-63200.0,14841210.712000003,0,0.0,-0.004240355504234443,-0.0042773592363983814,-63753.88800000027
2026-01-22,TX202602,TX202602,31857.0,False,0.0,74600.0,0.0,0.0,0.0,74600.0,14915810.712000003,0,0.0,0.005026544090481881,0.0,0.0
2026-01-23,TX202602,TX202602,32153.0,False,0.0,59200.0,0.0,0.0,0.0,59200.0,14975010.712000003,0,0.0,0.003968942831405917,0.0,0.0
2026-01-26,TX202602,TX202602,32144.0,False,0.0,-1800.0,0.0,0.0,0.0,-1800.0,14973210.712000003,0,0.0,-0.00012020024790750878,-0.00012020024790748707,-1800.0
2026-01-27,TX202602,TX202602,32509.0,False,0.0,73000.0,0.0,0.0,0.0,73000.0,15046210.712000003,0,0.0,0.004875373852950289,0.0,0.0
2026-01-28,TX202602,TX202602,32927.0,False,0.0,83600.0,0.0,0.0,0.0,83600.0,15129810.712000003,0,0.0,0.005556216219498068,0.0,0.0
2026-01-29,TX202602,TX202602,32777.0,False,0.0,-30000.0,0.0,0.0,0.0,-30000.0,15099810.712000003,0,0.0,-0.001982840405016165,-0.001982840405016173,-30000.0
2026-01-30,TX202602,TX202602,32247.0,False,0.0,-106000.0,0.0,0.0,0.0,-106000.0,14993810.712000003,0,0.0,-0.00701995554922821,-0.00898887650273994,-136000.0
2026-02-02,TX202602,TX202602,31610.0,False,0.0,-127400.0,0.0,0.0,0.0,-127400.0,14866410.712000003,0,0.0,-0.008496839292364675,-0.017409338756041892,-263400.0
2026-02-03,TX202602,TX202602,32261.0,False,0.0,130200.0,0.0,0.0,0.0,130200.0,14996610.712000003,0,0.0,0.008757998317300893,-0.0088038113982718,-133200.0
2026-02-04,TX202602,TX202602,32423.0,False,0.0,32400.0,0.0,0.0,0.0,32400.0,15029010.712000003,0,0.0,0.002160488167774745,-0.0066623437608542835,-100800.0
2026-02-05,TX202602,TX202602,31907.0,False,0.0,-103200.0,0.0,0.0,0.0,-103200.0,14925810.712000003,0,0.0,-0.006866719438665337,-0.01348331475410991,-204000.0
2026-02-06,TX202602,TX202602,31807.0,False,0.0,-20000.0,0.0,0.0,0.0,-20000.0,14905810.712000003,0,0.0,-0.001339960715428373,-0.014805208357454025,-224000.0
2026-02-09,TX202602,TX202602,32651.0,False,0.0,168800.0,0.0,0.0,0.0,168800.0,15074610.712000003,0,0.0,0.011324442746620058,-0.0036484263452297716,-55200.0
2026-02-10,TX202602,TX202602,33307.0,False,0.0,131200.0,0.0,0.0,0.0,131200.0,15205810.712000003,0,0.0,0.008703375662998678,0.0,0.0
2026-02-11,TX202602,TX202603,33849.0,True,158.0,76800.0,100.0,270.16,800.0,75629.84,15281440.552000003,2,1170.16,0.004973745986481012,0.0,0.0
2026-02-23,TX202603,TX202603,33961.0,False,0.0,22400.0,0.0,0.0,0.0,22400.0,15303840.552000003,0,0.0,0.0014658303923492564,0.0,0.0
2026-02-24,TX202603,TX202603,34827.0,False,0.0,173200.0,0.0,0.0,0.0,173200.0,15477040.552000003,0,0.0,0.011317420578938607,0.0,0.0
2026-02-25,TX202603,TX202603,35490.0,False,0.0,132600.0,0.0,0.0,0.0,132600.0,15609640.552000003,0,0.0,0.008567529402955847,0.0,0.0
2026-02-26,TX202603,TX202603,35604.0,False,0.0,22800.0,0.0,0.0,0.0,22800.0,15632440.552000003,0,0.0,0.0014606358118271162,0.0,0.0
2026-03-02,TX202603,TX202603,35232.0,False,0.0,-74400.0,0.0,0.0,0.0,-74400.0,15558040.552000003,0,0.0,-0.00475933362756216,-0.004759333627562201,-74400.0
2026-03-03,TX202603,TX202603,34325.0,False,0.0,-181400.0,0.0,0.0,0.0,-181400.0,15376640.552000003,0,0.0,-0.011659565958431753,-0.016363407821645137,-255800.0
2026-03-04,TX202603,TX202603,32834.0,False,0.0,-298200.0,0.0,0.0,0.0,-298200.0,15078440.552000003,0,0.0,-0.019393052662677598,-0.035439124054696736,-554000.0
2026-03-05,TX202603,TX202603,33639.0,False,0.0,161000.0,0.0,0.0,0.0,161000.0,15239440.552000003,0,0.0,0.01067749675072632,-0.02514002843591301,-393000.0
2026-03-06,TX202603,TX202603,33704.0,False,0.0,13000.0,0.0,0.0,0.0,13000.0,15252440.552000003,0,0.0,0.0008530496874633562,-0.024308424441849774,-380000.0
2026-03-09,TX202603,TX202603,31786.0,False,0.0,-383600.0,0.0,0.0,0.0,-383600.0,14868840.552000003,0,0.0,-0.025150073438555364,-0.04884713922051698,-763600.0
2026-03-10,TX202603,TX202603,32696.0,False,0.0,182000.0,0.0,0.0,0.0,182000.0,15050840.552000003,0,0.0,0.01224036261358114,-0.037204683303631136,-581600.0
2026-03-11,TX202603,TX202603,33985.0,False,0.0,257800.0,0.0,0.0,0.0,257800.0,15308640.552000003,0,0.0,0.017128611462550025,-0.020713336405976168,-323800.0
2026-03-12,TX202603,TX202603,33530.0,False,0.0,-91000.0,0.0,0.0,0.0,-91000.0,15217640.552000003,0,0.0,-0.005944355391381325,-0.026534564364419144,-414800.0
2026-03-13,TX202603,TX202603,33315.0,False,0.0,-43000.0,0.0,0.0,0.0,-43000.0,15174640.552000003,0,0.0,-0.0028256680037266786,-0.02928525449862851,-457800.0
2026-03-16,TX202603,TX202603,33250.0,False,0.0,-13000.0,0.0,0.0,0.0,-13000.0,15161640.552000003,0,0.0,-0.0008566924505033243,-0.030116858492691745,-470800.0
2026-03-17,TX202603,TX202604,33910.0,True,115.0,109000.0,100.0,270.82000000000005,800.0,107829.18,15269469.732000003,2,1170.8200000000002,0.0071119731159815704,-0.02321907566464798,-362970.8200000003
2026-03-18,TX202604,TX202604,34551.0,False,0.0,128200.0,0.0,0.0,0.0,128200.0,15397669.732000003,0,0.0,0.008395838378809787,-0.015018180892424016,-234770.8200000003
2026-03-19,TX202604,TX202604,33553.0,False,0.0,-199600.0,0.0,0.0,0.0,-199600.0,15198069.732000003,0,0.0,-0.01296300047176515,-0.027786500678195547,-434370.8200000003
2026-03-20,TX202604,TX202604,33559.0,False,0.0,1200.0,0.0,0.0,0.0,1200.0,15199269.732000003,0,0.0,7.89573953245762e-05,-0.027709737232589737,-433170.8200000003
2026-03-23,TX202604,TX202604,32532.0,False,0.0,-205400.0,0.0,0.0,0.0,-205400.0,14993869.732000003,0,0.0,-0.013513807151376367,-0.040849080338789534,-638570.8200000003
2026-03-24,TX202604,TX202604,32771.0,False,0.0,47800.0,0.0,0.0,0.0,47800.0,15041669.732000003,0,0.0,0.0031879695405106104,-0.03779133642215693,-590770.8200000003
2026-03-25,TX202604,TX202604,33638.0,False,0.0,173400.0,0.0,0.0,0.0,173400.0,15215069.732000003,0,0.0,0.01152797549005512,-0.026699018532112873,-417370.8200000003
2026-03-26,TX202604,TX202604,33440.0,False,0.0,-39600.0,0.0,0.0,0.0,-39600.0,15175469.732000003,0,0.0,-0.002602682780790294,-0.029232212237105593,-456970.8200000003
2026-03-27,TX202604,TX202604,33120.0,False,0.0,-64000.0,0.0,0.0,0.0,-64000.0,15111469.732000003,0,0.0,-0.004217332387744503,-0.033326262669417184,-520970.8200000003
2026-03-30,TX202604,TX202604,32468.0,False,0.0,-130400.0,0.0,0.0,0.0,-130400.0,14981069.732000003,0,0.0,-0.00862920697408177,-0.041667890425251874,-651370.8200000003
2026-03-31,TX202604,TX202604,31979.0,False,0.0,-97800.0,0.0,0.0,0.0,-97800.0,14883269.732000003,0,0.0,-0.006528238753945343,-0.04792411124212792,-749170.8200000003
2026-04-01,TX202604,TX202604,33402.0,False,0.0,284600.0,0.0,0.0,0.0,284600.0,15167869.732000003,0,0.0,0.019122142185469596,-0.029718380725942573,-464570.8200000003
2026-04-02,TX202604,TX202604,32487.0,False,0.0,-183000.0,0.0,0.0,0.0,-183000.0,14984869.732000003,0,0.0,-0.012064977035893229,-0.04142480618083344,-647570.8200000003
2026-04-07,TX202604,TX202604,33159.0,False,0.0,134400.0,0.0,0.0,0.0,134400.0,15119269.732000003,0,0.0,0.008969046938926034,-0.0328273002729792,-513170.8200000003
2026-04-08,TX202604,TX202604,34996.0,False,0.0,367400.0,0.0,0.0,0.0,367400.0,15486669.732000003,0,0.0,0.02430011544951779,-0.00932489200999076,-145770.8200000003
2026-04-09,TX202604,TX202604,34932.0,False,0.0,-12800.0,0.0,0.0,0.0,-12800.0,15473869.732000003,0,0.0,-0.0008265172707565039,-0.0101437020964531,-158570.8200000003
2026-04-10,TX202604,TX202604,35567.0,False,0.0,127000.0,0.0,0.0,0.0,127000.0,15600869.732000003,0,0.0,0.008207384590899307,-0.002019570769834833,-31570.820000000298
2026-04-13,TX202604,TX202604,35457.0,False,0.0,-22000.0,0.0,0.0,0.0,-22000.0,15578869.732000003,0,0.0,-0.001410177789951948,-0.0034269006059419738,-53570.8200000003
2026-04-14,TX202604,TX202605,36639.0,True,258.0,184800.0,100.0,292.08000000000004,800.0,183607.92,15762477.652000003,2,1192.08,0.011785702246605061,0.0,0.0
2026-04-15,TX202605,TX202605,36977.0,False,0.0,67600.0,0.0,0.0,0.0,67600.0,15830077.652000003,0,0.0,0.004288665874265183,0.0,0.0
2026-04-16,TX202605,TX202605,37645.0,False,0.0,133600.0,0.0,0.0,0.0,133600.0,15963677.652000003,0,0.0,0.008439630110286965,0.0,0.0
2026-04-17,TX202605,TX202605,37083.0,False,0.0,-112400.0,0.0,0.0,0.0,-112400.0,15851277.652000003,0,0.0,-0.007040984067096721,-0.007040984067096745,-112400.0
2026-04-20,TX202605,TX202605,37254.0,False,0.0,34200.0,0.0,0.0,0.0,34200.0,15885477.652000003,0,0.0,0.002157554788379149,-0.004898620587606484,-78200.0
2026-04-21,TX202605,TX202605,38048.0,False,0.0,158800.0,0.0,0.0,0.0,158800.0,16044277.652000003,0,0.0,0.009996551786405168,0.0,0.0
2026-04-22,TX202605,TX202605,38206.0,False,0.0,31600.0,0.0,0.0,0.0,31600.0,16075877.652000003,0,0.0,0.0019695495606223755,0.0,0.0
2026-04-23,TX202605,TX202605,37875.0,False,0.0,-66200.0,0.0,0.0,0.0,-66200.0,16009677.652000003,0,0.0,-0.00411797112624604,-0.004117971126246012,-66200.0
2026-04-24,TX202605,TX202605,39224.0,False,0.0,269800.0,0.0,0.0,0.0,269800.0,16279477.652000003,0,0.0,0.01685230682744542,0.0,0.0
2026-04-27,TX202605,TX202605,39888.0,False,0.0,132800.0,0.0,0.0,0.0,132800.0,16412277.652000003,0,0.0,0.008157509893057592,0.0,0.0
2026-04-28,TX202605,TX202605,39749.0,False,0.0,-27800.0,0.0,0.0,0.0,-27800.0,16384477.652000003,0,0.0,-0.0016938538690035071,-0.0016938538690035587,-27800.0
2026-04-29,TX202605,TX202605,39490.0,False,0.0,-51800.0,0.0,0.0,0.0,-51800.0,16332677.652000003,0,0.0,-0.0031615289239127456,-0.004850027624916486,-79600.0
2026-04-30,TX202605,TX202605,39360.0,False,0.0,-26000.0,0.0,0.0,0.0,-26000.0,16306677.652000003,0,0.0,-0.0015919006395632986,-0.006434207502401756,-105600.0
2026-05-04,TX202605,TX202605,41031.0,False,0.0,334200.0,0.0,0.0,0.0,334200.0,16640877.652000003,0,0.0,0.02049467139365514,0.0,0.0
2026-05-05,TX202605,TX202605,41035.0,False,0.0,800.0,0.0,0.0,0.0,800.0,16641677.652000003,0,0.0,4.8074387465005556e-05,0.0,0.0
2026-05-06,TX202605,TX202605,41503.0,False,0.0,93600.0,0.0,0.0,0.0,93600.0,16735277.652000003,0,0.0,0.005624432942237114,0.0,0.0
2026-05-07,TX202605,TX202605,42340.0,False,0.0,167400.0,0.0,0.0,0.0,167400.0,16902677.652000003,0,0.0,0.010002821792442405,0.0,0.0
2026-05-08,TX202605,TX202605,41937.0,False,0.0,-80600.0,0.0,0.0,0.0,-80600.0,16822077.652000003,0,0.0,-0.004768475247498022,-0.004768475247498016,-80600.0
2026-05-11,TX202605,TX202605,41945.0,False,0.0,1600.0,0.0,0.0,0.0,1600.0,16823677.652000003,0,0.0,9.511310273911223e-05,-0.0046738156892350835,-79000.0
2026-05-12,TX202605,TX202605,41695.0,False,0.0,-50000.0,0.0,0.0,0.0,-50000.0,16773677.652000003,0,0.0,-0.0029720017842862073,-0.0076319268849533994,-129000.0
2026-05-13,TX202605,TX202605,41469.0,False,0.0,-45200.0,0.0,0.0,0.0,-45200.0,16728477.652000003,0,0.0,-0.0026946982610346394,-0.010306059405882806,-174200.0
2026-05-14,TX202605,TX202605,41602.0,False,0.0,26600.0,0.0,0.0,0.0,26600.0,16755077.652000003,0,0.0,0.0015901028505615267,-0.00873234424976066,-147600.0
2026-05-15,TX202605,TX202605,41012.0,False,0.0,-118000.0,0.0,0.0,0.0,-118000.0,16637077.652000003,0,0.0,-0.007042641189186891,-0.015713486671656063,-265600.0
2026-05-18,TX202605,TX202605,40807.0,False,0.0,-41000.0,0.0,0.0,0.0,-41000.0,16596077.652000003,0,0.0,-0.0024643751058691034,-0.01813913785214505,-306600.0
2026-05-19,TX202605,TX202606,40383.0,True,135.0,-111800.0,100.0,322.524,800.0,-113022.524,16483055.128000002,2,1222.524,-0.006810194937017519,-0.024825801724400076,-419622.5240000002
2026-05-20,TX202606,TX202606,40134.0,False,0.0,-49800.0,0.0,0.0,0.0,-49800.0,16433255.128000002,0,0.0,-0.0030212845624355174,-0.027772080475335525,-469422.5240000002
2026-05-21,TX202606,TX202606,41473.0,False,0.0,267800.0,0.0,0.0,0.0,267800.0,16701055.128000002,0,0.0,0.016296223597460354,-0.01192843691106793,-201622.5240000002
2026-05-22,TX202606,TX202606,42442.0,False,0.0,193800.0,0.0,0.0,0.0,193800.0,16894855.128000002,0,0.0,0.011604057259537235,-0.00046279791646353097,-7822.524000000209
2026-05-25,TX202606,TX202606,43877.0,False,0.0,287000.0,0.0,0.0,0.0,287000.0,17181855.128000002,0,0.0,0.01698742000600835,0.0,0.0
2026-05-26,TX202606,TX202606,43893.0,False,0.0,3200.0,0.0,0.0,0.0,3200.0,17185055.128000002,0,0.0,0.0001862429857638129,0.0,0.0
2026-05-27,TX202606,TX202606,44798.0,False,0.0,181000.0,0.0,0.0,0.0,181000.0,17366055.128000002,0,0.0,0.010532407295283713,0.0,0.0
2026-05-28,TX202606,TX202606,43842.0,False,0.0,-191200.0,0.0,0.0,0.0,-191200.0,17174855.128000002,0,0.0,-0.011009984627523173,-0.011009984627523228,-191200.0
2026-05-29,TX202606,TX202606,45285.0,False,0.0,288600.0,0.0,0.0,0.0,288600.0,17463455.128000002,0,0.0,0.01680363518930056,0.0,0.0
2026-06-01,TX202606,TX202606,46035.0,False,0.0,150000.0,0.0,0.0,0.0,150000.0,17613455.128000002,0,0.0,0.008589365557993032,0.0,0.0
2026-06-02,TX202606,TX202606,46087.0,False,0.0,10400.0,0.0,0.0,0.0,10400.0,17623855.128000002,0,0.0,0.0005904576884218011,0.0,0.0
2026-06-03,TX202606,TX202606,46868.0,False,0.0,156200.0,0.0,0.0,0.0,156200.0,17780055.128000002,0,0.0,0.008862987063019846,0.0,0.0
2026-06-04,TX202606,TX202606,46294.0,False,0.0,-114800.0,0.0,0.0,0.0,-114800.0,17665255.128000002,0,0.0,-0.00645667289406843,-0.0064566728940684825,-114800.0
2026-06-05,TX202606,TX202606,45211.0,False,0.0,-216600.0,0.0,0.0,0.0,-216600.0,17448655.128000002,0,0.0,-0.012261357021483487,-0.018638862344026785,-331400.0
2026-06-08,TX202606,TX202606,43080.0,False,0.0,-426200.0,0.0,0.0,0.0,-426200.0,17022455.128000002,0,0.0,-0.024425951276673085,-0.04260954167723208,-757600.0
2026-06-09,TX202606,TX202606,44665.0,False,0.0,317000.0,0.0,0.0,0.0,317000.0,17339455.128000002,0,0.0,0.01862246060373342,-0.024780575584726017,-440600.0
2026-06-10,TX202606,TX202606,43422.0,False,0.0,-248600.0,0.0,0.0,0.0,-248600.0,17090855.128000002,0,0.0,-0.014337244057834155,-0.038762534482508326,-689200.0
2026-06-11,TX202606,TX202606,43241.0,False,0.0,-36200.0,0.0,0.0,0.0,-36200.0,17054655.128000002,0,0.0,-0.002118091794055022,-0.04079852367035919,-725400.0
2026-06-12,TX202606,TX202606,44188.0,False,0.0,189400.0,0.0,0.0,0.0,189400.0,17244055.128000002,0,0.0,0.011105472293546807,-0.03014613825105117,-536000.0
2026-06-15,TX202606,TX202606,45580.0,False,0.0,278400.0,0.0,0.0,0.0,278400.0,17522455.128000002,0,0.0,0.016144694385020177,-0.014488144054982777,-257600.0
2026-06-16,TX202606,TX202607,45849.0,True,77.0,38400.0,100.0,366.48400000000004,800.0,37133.516,17559588.644,2,1266.484,0.002119195953349169,-0.012399651317886562,-220466.4840000011
2026-06-17,TX202607,TX202607,46031.0,False,0.0,36400.0,0.0,0.0,0.0,36400.0,17595988.644,0,0.0,0.0020729414986858275,-0.010352413570986818,-184066.4840000011
2026-06-18,TX202607,TX202607,46769.0,False,0.0,147600.0,0.0,0.0,0.0,147600.0,17743588.644,0,0.0,0.00838827547495205,-0.002050976992898801,-36466.4840000011
2026-06-22,TX202607,TX202607,48413.0,False,0.0,328800.0,0.0,0.0,0.0,328800.0,18072388.644,0,0.0,0.018530636986514214,0.0,0.0
2026-06-23,TX202607,TX202607,47436.0,False,0.0,-195400.0,0.0,0.0,0.0,-195400.0,17876988.644,0,0.0,-0.010812073813212978,-0.01081207381321303,-195400.0
2026-06-24,TX202607,TX202607,46387.0,False,0.0,-209800.0,0.0,0.0,0.0,-209800.0,17667188.644,0,0.0,-0.011735757301071762,-0.022420943240091584,-405200.0
2026-06-25,TX202607,TX202607,46544.0,False,0.0,31400.0,0.0,0.0,0.0,31400.0,17698588.644,0,0.0,0.0017773059784848017,-0.020683486138070695,-373800.0
2026-06-26,TX202607,TX202607,44373.0,False,0.0,-434200.0,0.0,0.0,0.0,-434200.0,17264388.644,0,0.0,-0.024533029651898155,-0.044709087211238896,-808000.0
2026-06-29,TX202607,TX202607,45550.0,False,0.0,235400.0,0.0,0.0,0.0,235400.0,17499788.644,0,0.0,0.013635003523962606,-0.03168369224895473,-572600.0
2026-06-30,TX202607,TX202607,46730.0,False,0.0,236000.0,0.0,0.0,0.0,236000.0,17735788.644,0,0.0,0.013485877161203044,-0.018625097469434415,-336600.0
2026-07-01,TX202607,TX202607,47231.0,False,0.0,100200.0,0.0,0.0,0.0,100200.0,17835988.644,0,0.0,0.005649593711971616,-0.01308072799101101,-236400.0
2026-07-02,TX202607,TX202607,46599.0,False,0.0,-126400.0,0.0,0.0,0.0,-126400.0,17709588.644,0,0.0,-0.007086795272350701,-0.020074822822076066,-362800.0
2026-07-03,TX202607,TX202607,46966.0,False,0.0,73400.0,0.0,0.0,0.0,73400.0,17782988.644,0,0.0,0.004144647370161693,-0.016013378513530352,-289400.0
2026-07-06,TX202607,TX202607,46886.0,False,0.0,-16000.0,0.0,0.0,0.0,-16000.0,17766988.644,0,0.0,-0.0008997362771976137,-0.016898706973158872,-305400.0
2026-07-07,TX202607,TX202607,45775.0,False,0.0,-222200.0,0.0,0.0,0.0,-222200.0,17544788.644,0,0.0,-0.012506339957336441,-0.029193705956249594,-527600.0
2026-07-08,TX202607,TX202607,45564.0,False,0.0,-42200.0,0.0,0.0,0.0,-42200.0,17502588.644,0,0.0,-0.0024052726343005352,-0.031528759768519765,-569800.0
2026-07-09,TX202607,TX202607,45678.0,False,0.0,22800.0,0.0,0.0,0.0,22800.0,17525388.644,0,0.0,0.0013026644494565085,-0.03026716671354912,-547000.0
2026-07-13,TX202607,TX202607,45617.0,False,0.0,-12200.0,0.0,0.0,0.0,-12200.0,17513188.644,0,0.0,-0.0006961329216614433,-0.03094222966401583,-559200.0
2026-07-14,TX202607,TX202608,45135.0,True,320.0,-160400.0,100.0,359.8,800.0,-161659.8,17351528.844,2,1259.8,-0.009230746227094655,-0.03988735602138149,-720859.8000000007
2026-07-15,TX202608,TX202608,46050.0,False,0.0,183000.0,0.0,0.0,0.0,183000.0,17534528.844,0,0.0,0.010546621087125688,-0.02976141176438063,-537859.8000000007
2026-07-16,TX202608,TX202608,45700.0,False,0.0,-70000.0,0.0,0.0,0.0,-70000.0,17464528.844,0,0.0,-0.003992123234263733,-0.03363472377525534,-607859.8000000007
2026-07-17,TX202608,TX202608,42725.0,False,0.0,-595000.0,0.0,0.0,0.0,-595000.0,16869528.844,0,0.0,-0.03406905535870865,-0.06655787586768991,-1202859.8000000007
2026-07-20,TX202608,TX202608,42641.0,False,0.0,-16800.0,0.0,0.0,0.0,-16800.0,16852728.844,0,0.0,-0.0009958784359277034,-0.06748747075029982,-1219659.8000000007
2026-07-21,TX202608,TX202608,44377.0,False,0.0,347200.0,0.0,0.0,0.0,347200.0,17199928.844,0,0.0,0.02060200476812466,-0.048275843176361466,-872459.8000000007
2026-07-22,TX202608,TX202608,44631.0,False,0.0,50800.0,0.0,0.0,0.0,50800.0,17250728.844,0,0.0,0.002953500590656281,-0.04546492531704105,-821659.8000000007
2026-07-23,TX202608,TX202608,44930.0,False,0.0,59800.0,0.0,0.0,0.0,59800.0,17310528.844,0,0.0,0.0034665201998580553,-0.04215601019917958,-761859.8000000007
2026-07-24,TX202608,TX202608,43905.0,False,0.0,-205000.0,0.0,0.0,0.0,-205000.0,17105528.844,0,0.0,-0.01184250359116296,-0.05349928108816959,-966859.8000000007
2026-07-27,TX202608,TX202608,43907.0,False,0.0,400.0,0.0,0.0,0.0,400.0,17105928.844,0,0.0,2.338425217062526e-05,-0.0534771478766789,-966459.8000000007
2026-07-28,TX202608,TX202608,41613.0,False,0.0,-458800.0,0.0,0.0,0.0,-458800.0,16647128.844,0,0.0,-0.026821110048106313,-0.07886394145652598,-1425259.8000000007
2026-07-29,TX202608,TX202608,40392.0,False,0.0,-244200.0,0.0,0.0,0.0,-244200.0,16402928.844,0,0.0,-0.014669196249298879,-0.09237626707160584,-1669459.8000000007
2026-07-30,TX202608,TX202608,40270.0,False,0.0,-24400.0,0.0,0.0,0.0,-24400.0,16378528.844,0,0.0,-0.0014875392213217601,-0.09372639297253926,-1693859.8000000007
2026-07-31,TX202608,TX202608,43678.0,False,0.0,681600.0,0.0,0.0,0.0,681600.0,17060128.844,0,0.0,0.04161545926938931,-0.05601140059236542,-1012259.8000000007
2026-08-03,TX202608,TX202608,43230.0,False,0.0,-89600.0,0.0,0.0,0.0,-89600.0,16970528.844,0,0.0,-0.005252011917337428,-0.060969239966285005,-1101859.8000000007
2026-08-04,TX202608,TX202608,43357.0,False,0.0,25400.0,0.0,0.0,0.0,25400.0,16995928.844,0,0.0,0.001496712343704025,-0.05956378103662485,-1076459.8000000007
2026-08-05,TX202608,TX202608,44514.0,False,0.0,231400.0,0.0,0.0,0.0,231400.0,17227328.844,0,0.0,0.013615025228920639,-0.046759718189247734,-845059.8000000007
2026-08-06,TX202608,TX202608,44280.0,False,0.0,-46800.0,0.0,0.0,0.0,-46800.0,17180528.844,0,0.0,-0.0027166138420988977,-0.049349303933661104,-891859.8000000007
2026-08-07,TX202608,TX202608,44349.0,False,0.0,13800.0,0.0,0.0,0.0,13800.0,17194328.844,0,0.0,0.0008032348785828795,-0.04858570813723151,-878059.8000000007
2026-08-10,TX202608,TX202608,44987.0,False,0.0,127600.0,0.0,0.0,0.0,127600.0,17321928.844,0,0.0,0.007421051508185288,-0.04152521367169426,-750459.8000000007
2026-08-11,TX202608,TX202608,45090.0,False,0.0,20600.0,0.0,0.0,0.0,20600.0,17342528.844,0,0.0,0.001189244003108549,-0.04038535327992254,-729859.8000000007
2026-08-12,TX202608,TX202608,45528.0,False,0.0,87600.0,0.0,0.0,0.0,87600.0,17430128.844,0,0.0,0.0050511664583626735,-0.03553817996345654,-642259.8000000007
2026-08-13,TX202608,TX202608,46005.0,False,0.0,95400.0,0.0,0.0,0.0,95400.0,17525528.844,0,0.0,0.005473281399915738,-0.03025940902292168,-546859.8000000007
2026-08-14,TX202608,TX202608,45841.0,False,0.0,-32800.0,0.0,0.0,0.0,-32800.0,17492728.844,0,0.0,-0.0018715555057974374,-0.03207433236516011,-579659.8000000007
2026-08-17,TX202608,TX202608,45888.0,False,0.0,9400.0,0.0,0.0,0.0,9400.0,17502128.844,0,0.0,0.0005373661298833999,-0.031554201895128364,-570259.8000000007
2026-08-18,TX202608,TX202609,45166.0,True,81.0,-160600.0,100.0,361.004,800.0,-161861.004,17340267.84,2,1261.004,-0.009248075216603632,-0.040510461479206006,-732120.8040000014
2026-08-19,TX202609,TX202609,44528.0,False,0.0,-127600.0,0.0,0.0,0.0,-127600.0,17212667.84,0,0.0,-0.007358594525607973,-0.047570955944743254,-859720.8040000014
2026-08-20,TX202609,TX202609,44868.0,False,0.0,68000.0,0.0,0.0,0.0,68000.0,17280667.84,0,0.0,0.003950578761647677,-0.043808309991322125,-791720.8040000014
2026-08-21,TX202609,TX202609,45148.0,False,0.0,56000.0,0.0,0.0,0.0,56000.0,17336667.84,0,0.0,0.0032406154969529233,-0.04070966038262236,-735720.8040000014
2026-08-24,TX202609,TX202609,44762.0,False,0.0,-77200.0,0.0,0.0,0.0,-77200.0,17259467.84,0,0.0,-0.0044529895082768105,-0.044981370200329884,-812920.8040000014
2026-08-25,TX202609,TX202609,45027.0,False,0.0,53000.0,0.0,0.0,0.0,53000.0,17312467.84,0,0.0,0.0030707783398262645,-0.04204871967781043,-759920.8040000014
2026-08-26,TX202609,TX202609,46011.0,False,0.0,196800.0,0.0,0.0,0.0,196800.0,17509267.84,0,0.0,0.011367530141791732,-0.031159179624379973,-563120.8040000014
2026-08-27,TX202609,TX202609,46078.0,False,0.0,13400.0,0.0,0.0,0.0,13400.0,17522667.84,0,0.0,0.0007653089850729019,-0.030417717039441183,-549720.8040000014
2026-08-28,TX202609,TX202609,46357.0,False,0.0,55800.0,0.0,0.0,0.0,55800.0,17578467.84,0,0.0,0.003184446598515218,-0.027330134036486764,-493920.8040000014
2026-08-31,TX202609,TX202609,45983.0,False,0.0,-74800.0,0.0,0.0,0.0,-74800.0,17503667.84,0,0.0,-0.004255205896260866,-0.03146904458525002,-568720.8040000014
2026-09-01,TX202609,TX202609,47209.0,False,0.0,245200.0,0.0,0.0,0.0,245200.0,17748867.84,0,0.0,0.014008492519474136,-0.017901385941443304,-323520.8040000014
2026-09-02,TX202609,TX202609,46189.0,False,0.0,-204000.0,0.0,0.0,0.0,-204000.0,17544867.84,0,0.0,-0.011493690856171253,-0.02918932380170658,-527520.8040000014
2026-09-03,TX202609,TX202609,45837.0,False,0.0,-70400.0,0.0,0.0,0.0,-70400.0,17474467.84,0,0.0,-0.004012569410155215,-0.03308476902407198,-597920.8040000014
2026-09-04,TX202609,TX202609,46704.0,False,0.0,173400.0,0.0,0.0,0.0,173400.0,17647867.84,0,0.0,0.009923048964219559,-0.023490021842848208,-424520.8040000014
2026-09-07,TX202609,TX202609,47470.0,False,0.0,153200.0,0.0,0.0,0.0,153200.0,17801067.84,0,0.0,0.008680935362217672,-0.015013001841905349,-271320.8040000014
2026-09-08,TX202609,TX202609,46980.0,False,0.0,-98000.0,0.0,0.0,0.0,-98000.0,17703067.84,0,0.0,-0.005505287709751237,-0.02043563865712983,-369320.8040000014
2026-09-09,TX202609,TX202609,47187.0,False,0.0,41400.0,0.0,0.0,0.0,41400.0,17744467.84,0,0.0,0.002338577718515934,-0.018144851267841156,-327920.8040000014
2026-09-10,TX202609,TX202609,46870.0,False,0.0,-63400.0,0.0,0.0,0.0,-63400.0,17681067.84,0,0.0,-0.003572944569071957,-0.021652965289119086,-391320.8040000014
2026-09-11,TX202609,TX202609,46218.0,False,0.0,-130400.0,0.0,0.0,0.0,-130400.0,17550667.84,0,0.0,-0.007375120166950279,-0.0288683922350913,-521720.8040000014
2026-09-14,TX202609,TX202609,45780.0,False,0.0,-87600.0,0.0,0.0,0.0,-87600.0,17463067.84,0,0.0,-0.004991263056118553,-0.0337155655515573,-609320.8040000014
2026-09-15,TX202609,TX202610,45740.0,True,133.0,-34600.0,100.0,365.38800000000003,800.0,-35865.388,17427202.452,2,1265.388,-0.0020537850696455864,-0.03570010609605845,-645186.1920000017
2026-09-16,TX202610,TX202610,46078.0,False,0.0,67600.0,0.0,0.0,0.0,67600.0,17494802.452,0,0.0,0.00387899321111301,-0.03195959335412801,-577586.1920000017
2026-09-17,TX202610,TX202610,46445.0,False,0.0,73400.0,0.0,0.0,0.0,73400.0,17568202.452,0,0.0,0.004195531798737684,-0.0278981490455823,-504186.19200000167
2026-09-18,TX202610,TX202610,47418.0,False,0.0,194600.0,0.0,0.0,0.0,194600.0,17762802.452,0,0.0,0.011076830457281436,-0.017130341655350767,-309586.19200000167
2026-09-21,TX202610,TX202610,48077.0,False,0.0,131800.0,0.0,0.0,0.0,131800.0,17894602.452,0,0.0,0.007420000326871844,-0.009837448469161014,-177786.19200000167
2026-09-22,TX202610,TX202610,48243.0,False,0.0,33200.0,0.0,0.0,0.0,33200.0,17927802.452,0,0.0,0.0018553080510760038,-0.008000391915431893,-144586.19200000167
2026-09-23,TX202610,TX202610,48336.0,False,0.0,18600.0,0.0,0.0,0.0,18600.0,17946402.452,0,0.0,0.0010374946985164382,-0.006971197581113864,-125986.19200000167
2026-09-24,TX202610,TX202610,48123.0,False,0.0,-42600.0,0.0,0.0,0.0,-42600.0,17903802.452,0,0.0,-0.0023737347980431886,-0.009328384604874729,-168586.19200000167
2026-09-29,TX202610,TX202610,47767.0,False,0.0,-71200.0,0.0,0.0,0.0,-71200.0,17832602.452,0,0.0,-0.003976808847778947,-0.013268096250221517,-239786.19200000167
2026-09-30,TX202610,TX202610,48330.0,False,0.0,112600.0,0.0,0.0,0.0,112600.0,17945202.452,0,0.0,0.006314277475936859,-0.0070375972155859445,-127186.19200000167
2026-10-01,TX202610,TX202610,48685.0,False,0.0,71000.0,0.0,0.0,0.0,71000.0,18016202.452,0,0.0,0.003956489217099193,-0.003108952175984503,-56186.19200000167
2026-10-02,TX202610,TX202610,48671.0,False,0.0,-2800.0,0.0,0.0,0.0,-2800.0,18013402.452,0,0.0,-0.00015541566029022774,-0.003263884656419469,-58986.19200000167
2026-10-05,TX202610,,49949.0,False,0.0,255600.0,50.0,199.788,400.0,254950.212,18268352.664,1,649.788,0.01415336234669499,0.0,0.0
