date,signal_date,target,position_before,position_after,contract_after,roll,gross_pnl,fee,tax,slippage_cost,cost,pnl,equity,capital_skip,daily_return,drawdown_pct,drawdown_amount
2018-08-31,2018-08-30,1,0,1,TX201809,False,9400.0,50.0,43.908,400.0,493.908,8906.092,10008906.092,False,0.0008906092000000001,0.0,0.0
2018-09-03,2018-08-31,1,1,1,TX201809,False,-17400.0,0.0,0.0,0.0,0.0,-17400.0,9991506.092,False,-0.001738451718905387,-0.0017384517189054094,-17400.0
2018-09-04,2018-09-03,1,1,1,TX201809,False,13400.0,0.0,0.0,0.0,0.0,13400.0,10004906.092,False,0.0013411391512565972,-0.00039964407331161134,-4000.0
2018-09-05,2018-09-04,1,1,1,TX201809,False,-10400.0,0.0,0.0,0.0,0.0,-10400.0,9994506.092,False,-0.001039490016634531,-0.0014387186639216454,-14400.0
2018-09-06,2018-09-05,1,1,1,TX201809,False,-9800.0,0.0,0.0,0.0,0.0,-9800.0,9984706.092,False,-0.0009805386989402418,-0.00241784664353506,-24200.0
2018-09-07,2018-09-06,1,1,1,TX201809,False,-11200.0,0.0,0.0,0.0,0.0,-11200.0,9973506.092,False,-0.001121715541429279,-0.0035368500488075494,-35400.0
2018-09-10,2018-09-07,1,1,1,TX201809,False,-22200.0,0.0,0.0,0.0,0.0,-22200.0,9951306.092,False,-0.0022258972717535287,-0.0057548746556868036,-57600.0
2018-09-11,2018-09-10,1,1,1,TX201809,False,1200.0,0.0,0.0,0.0,0.0,1200.0,9952506.092,False,0.0001205871861347625,-0.005634981433693342,-56400.0
2018-09-12,2018-09-11,0,1,0,,False,4400.0,50.0,43.040000000000006,400.0,493.04,3906.96,9956413.052000001,False,0.0003925604228607791,-0.005244633081526895,-52493.039999999106
2018-09-13,2018-09-12,1,0,1,TX201809,False,-4600.0,50.0,42.968,400.0,492.968,-5092.968,9951320.084,False,-0.0005115263874048442,-0.005753476700718352,-57586.00799999945
2018-09-14,2018-09-13,0,1,0,,False,13400.0,50.0,43.128,400.0,493.128,12906.872,9964226.956,False,0.0012970009899241422,-0.004463937975770493,-44679.13599999994
2018-09-17,2018-09-14,1,0,1,TX201809,False,-6800.0,50.0,43.43600000000001,400.0,493.43600000000004,-7293.436,9956933.52,False,-0.0007319620510659111,-0.005192632593640001,-51972.572000000626
2018-09-18,2018-09-17,1,1,1,TX201810,True,-8400.0,100.0,86.24000000000001,800.0,986.24,-9386.24,9947547.28,False,-0.0009426838073334852,-0.006130421390309948,-61358.81200000085
2018-09-19,2018-09-18,1,1,1,TX201810,False,19400.0,0.0,0.0,0.0,0.0,19400.0,9966947.28,False,0.0019502294841065588,-0.004192147634748844,-41958.81200000085
2018-09-20,2018-09-19,1,1,1,TX201810,False,-5600.0,0.0,0.0,0.0,0.0,-5600.0,9961347.28,False,-0.0005618570905092618,-0.004751649337385033,-47558.81200000085
2018-09-21,2018-09-20,0,1,0,,False,11400.0,50.0,43.612,400.0,493.61199999999997,10906.388,9972253.668,False,0.0010948707733438245,-0.003661981006025883,-36652.42400000058
2018-09-25,2018-09-21,1,0,1,TX201810,False,4200.0,50.0,43.848000000000006,400.0,493.848,3706.152,9975959.82,False,0.00037164638239124264,-0.0032916955856278074,-32946.27199999988
2018-09-26,2018-09-25,1,1,1,TX201810,False,-1800.0,0.0,0.0,0.0,0.0,-1800.0,9974159.82,False,-0.00018043376602132303,-0.003471535418617999,-34746.27199999988
2018-09-27,2018-09-26,0,1,0,,False,-3400.0,50.0,43.812000000000005,400.0,493.812,-3893.812,9970266.008,False,-0.00039038997472170037,-0.0038605701407155024,-38640.08400000073
2018-09-28,2018-09-27,1,0,1,TX201810,False,-11200.0,50.0,44.05200000000001,400.0,494.052,-11694.052,9958571.956,False,-0.0011728926781508998,-0.005028934784414796,-50334.13599999994
2018-10-01,2018-09-28,0,1,0,,False,2600.0,50.0,43.864000000000004,400.0,493.86400000000003,2106.136,9960678.092,False,0.00021148976071122942,-0.004818508591917792,-48228.0
2018-10-02,2018-10-01,1,0,1,TX201810,False,-25400.0,50.0,44.032000000000004,400.0,494.03200000000004,-25894.032,9934784.06,False,-0.0025996254231724445,-0.007405607697652861,-74122.03199999966
2018-10-03,2018-10-02,0,1,0,,False,200.0,50.0,43.512,400.0,493.512,-293.512,9934490.548,False,-2.95438731458447e-05,-0.007434932780464365,-74415.54399999976
2018-10-04,2018-10-03,0,0,0,,False,0.0,0.0,0.0,0.0,0.0,0.0,9934490.548,False,0.0,-0.007434932780464365,-74415.54399999976
2018-10-05,2018-10-04,0,0,0,,False,0.0,0.0,0.0,0.0,0.0,0.0,9934490.548,False,0.0,-0.007434932780464365,-74415.54399999976
2018-10-08,2018-10-05,0,0,0,,False,0.0,0.0,0.0,0.0,0.0,0.0,9934490.548,False,0.0,-0.007434932780464365,-74415.54399999976
2018-10-09,2018-10-08,0,0,0,,False,0.0,0.0,0.0,0.0,0.0,0.0,9934490.548,False,0.0,-0.007434932780464365,-74415.54399999976
2018-10-11,2018-10-09,0,0,0,,False,0.0,0.0,0.0,0.0,0.0,0.0,9934490.548,False,0.0,-0.007434932780464365,-74415.54399999976
2018-10-12,2018-10-11,0,0,0,,False,0.0,0.0,0.0,0.0,0.0,0.0,9934490.548,False,0.0,-0.007434932780464365,-74415.54399999976
2018-10-15,2018-10-12,1,0,1,TX201810,False,-7800.0,50.0,39.604000000000006,400.0,489.60400000000004,-8289.604,9926200.944,False,-0.0008344266834768747,-0.008263155557639346,-82705.14800000004
2018-10-16,2018-10-15,1,1,1,TX201811,True,18200.0,100.0,79.44000000000001,800.0,979.44,17220.56,9943421.504,False,0.0017348590963604414,-0.006542631871862659,-65484.58799999952
2018-10-17,2018-10-16,0,1,0,,False,28200.0,50.0,40.192,400.0,490.192,27709.808,9971131.312,False,0.002786747799925107,-0.003774116736912192,-37774.77999999933
2018-10-18,2018-10-17,1,0,1,TX201811,False,-7800.0,50.0,39.7,400.0,489.7,-8289.7,9962841.612000002,False,-0.0008313700562767195,-0.004602349105544801,-46064.479999998584
2018-10-19,2018-10-18,1,1,1,TX201811,False,4200.0,0.0,0.0,0.0,0.0,4200.0,9967041.612000002,False,0.00042156647305736564,-0.0041827228285676865,-41864.479999998584
2018-10-22,2018-10-19,0,1,0,,False,-18400.0,50.0,39.244,400.0,489.244,-18889.244,9948152.368,False,-0.0018951705767193696,-0.006069966432051821,-60753.72399999946
2018-10-23,2018-10-22,1,0,1,TX201811,False,-19400.0,50.0,39.308,400.0,489.308,-19889.308,9928263.06,False,-0.0019992966798515767,-0.008057127448169,-80643.03199999966
2018-10-24,2018-10-23,0,1,0,,False,5000.0,50.0,39.004000000000005,400.0,489.004,4510.996,9932774.056,False,0.00045435903266648534,-0.007606429244136015,-76132.03600000031
2018-10-25,2018-10-24,0,0,0,,False,0.0,0.0,0.0,0.0,0.0,0.0,9932774.056,False,0.0,-0.007606429244136015,-76132.03600000031
2018-10-26,2018-10-25,0,0,0,,False,0.0,0.0,0.0,0.0,0.0,0.0,9932774.056,False,0.0,-0.007606429244136015,-76132.03600000031
2018-10-29,2018-10-26,0,0,0,,False,0.0,0.0,0.0,0.0,0.0,0.0,9932774.056,False,0.0,-0.007606429244136015,-76132.03600000031
2018-10-30,2018-10-29,0,0,0,,False,0.0,0.0,0.0,0.0,0.0,0.0,9932774.056,False,0.0,-0.007606429244136015,-76132.03600000031
2018-10-31,2018-10-30,0,0,0,,False,0.0,0.0,0.0,0.0,0.0,0.0,9932774.056,False,0.0,-0.007606429244136015,-76132.03600000031
2018-11-01,2018-10-31,0,0,0,,False,0.0,0.0,0.0,0.0,0.0,0.0,9932774.056,False,0.0,-0.007606429244136015,-76132.03600000031
2018-11-02,2018-11-01,0,0,0,,False,0.0,0.0,0.0,0.0,0.0,0.0,9932774.056,False,0.0,-0.007606429244136015,-76132.03600000031
2018-11-05,2018-11-02,1,0,1,TX201811,False,2800.0,50.0,39.220000000000006,400.0,489.22,2310.78,9935084.836,False,0.00023264195752083463,-0.007375556861204391,-73821.25600000098
2018-11-06,2018-11-05,1,1,1,TX201811,False,-8600.0,0.0,0.0,0.0,0.0,-8600.0,9926484.836,False,-0.0008656191811103323,-0.008234791618824344,-82421.25600000098
2018-11-07,2018-11-06,1,1,1,TX201811,False,14800.0,0.0,0.0,0.0,0.0,14800.0,9941284.836,False,0.0014909608229416128,-0.006756108547571471,-67621.25600000098
2018-11-08,2018-11-07,1,1,1,TX201811,False,15200.0,0.0,0.0,0.0,0.0,15200.0,9956484.836,False,0.001528977415973116,-0.00523746106898737,-52421.25600000098
2018-11-09,2018-11-08,1,1,1,TX201811,False,-27000.0,0.0,0.0,0.0,0.0,-27000.0,9929484.836,False,-0.002711800444106055,-0.00793505856384058,-79421.25600000098
2018-11-12,2018-11-09,0,1,0,,False,-7800.0,50.0,38.992000000000004,400.0,488.992,-8288.992,9921195.843999999,False,-0.0008347857050899273,-0.008763220195472488,-87710.24800000153
2018-11-13,2018-11-12,1,0,1,TX201811,False,25600.0,50.0,38.408,400.0,488.408,25111.592,9946307.435999999,False,0.0025311053621813783,-0.006254295466917803,-62598.656000001356
2018-11-14,2018-11-13,1,1,1,TX201811,False,8200.0,0.0,0.0,0.0,0.0,8200.0,9954507.435999999,False,0.0008244265575705658,-0.0054350251166290775,-54398.656000001356
2018-11-15,2018-11-14,1,1,1,TX201811,False,11600.0,0.0,0.0,0.0,0.0,11600.0,9966107.435999999,False,0.0011653012541885453,-0.004276057304025471,-42798.656000001356
2018-11-16,2018-11-15,1,1,1,TX201811,False,-8800.0,0.0,0.0,0.0,0.0,-8800.0,9957307.435999999,False,-0.0008829926886210623,-0.005155274265310927,-51598.656000001356
2018-11-19,2018-11-16,1,1,1,TX201811,False,7200.0,0.0,0.0,0.0,0.0,7200.0,9964507.435999999,False,0.0007230870439903128,-0.004435914933350049,-44398.656000001356
2018-11-20,2018-11-19,1,1,1,TX201812,True,-17400.0,100.0,77.772,800.0,977.7719999999999,-18377.772,9946129.663999999,False,-0.0018443231758355028,-0.006272056848467988,-62776.42800000124
2018-11-21,2018-11-20,1,1,1,TX201812,False,3600.0,0.0,0.0,0.0,0.0,3600.0,9949729.663999999,False,0.0003619498359276568,-0.005912377182487494,-59176.42800000124
2018-11-22,2018-11-21,1,1,1,TX201812,False,-3000.0,0.0,0.0,0.0,0.0,-3000.0,9946729.663999999,False,-0.0003015157297041513,-0.006212110237471258,-62176.42800000124
2018-11-23,2018-11-22,1,1,1,TX201812,False,-18800.0,0.0,0.0,0.0,0.0,-18800.0,9927929.663999999,False,-0.0018900684581830414,-0.008090437382035631,-80976.42800000124
2018-11-26,2018-11-23,0,1,0,,False,9600.0,50.0,38.664,400.0,488.664,9111.336,9937040.999999998,False,0.0009177478395157173,-0.007180114523948067,-71865.09200000204
2018-11-27,2018-11-26,1,0,1,TX201812,False,2800.0,50.0,38.916000000000004,400.0,488.916,2311.084,9939352.083999999,False,0.0002325726541734104,-0.006949211768066732,-69554.00800000131
2018-11-28,2018-11-27,0,1,0,,False,7800.0,50.0,39.112,400.0,489.11199999999997,7310.888,9946662.972,False,0.0007355497559814585,-0.0062187735031055125,-62243.12000000104
2018-11-29,2018-11-28,1,0,1,TX201812,False,-21400.0,50.0,39.944,400.0,489.944,-21889.944,9924773.027999999,False,-0.0022007324528457947,-0.008405820099286143,-84133.06400000118
2018-11-30,2018-11-29,1,1,1,TX201812,False,-4800.0,0.0,0.0,0.0,0.0,-4800.0,9919973.027999999,False,-0.00048363826421603083,-0.008885392987260099,-88933.06400000118
2018-12-03,2018-11-30,0,1,0,,False,31800.0,50.0,40.040000000000006,400.0,490.04,31309.96,9951282.988,False,0.0031562545494453337,-0.005757182999854282,-57623.10400000028
2018-12-04,2018-12-03,1,0,1,TX201812,False,-7600.0,50.0,40.328,400.0,490.328,-8090.328,9943192.66,False,-0.0008129934612206208,-0.006565495908940955,-65713.43200000003
2018-12-05,2018-12-04,1,1,1,TX201812,False,-32800.0,0.0,0.0,0.0,0.0,-32800.0,9910392.66,False,-0.0032987392602729674,-0.009842577310095968,-98513.43200000003
2018-12-06,2018-12-05,0,1,0,,False,-13000.0,50.0,39.244,400.0,489.244,-13489.244,9896903.416,False,-0.001361121043613624,-0.011190301414609416,-112002.67600000091
2018-12-07,2018-12-06,0,0,0,,False,0.0,0.0,0.0,0.0,0.0,0.0,9896903.416,False,0.0,-0.011190301414609416,-112002.67600000091
2018-12-10,2018-12-07,1,0,1,TX201812,False,12200.0,50.0,38.268,400.0,488.26800000000003,11711.732,9908615.148,False,0.001183373375258571,-0.01002017034410596,-100290.94400000013
2018-12-11,2018-12-10,0,1,0,,False,5600.0,50.0,38.608000000000004,400.0,488.608,5111.392,9913726.540000001,False,0.0005158533179111015,-0.00950948596431278,-95179.55199999921
2018-12-12,2018-12-11,0,0,0,,False,0.0,0.0,0.0,0.0,0.0,0.0,9913726.540000001,False,0.0,-0.00950948596431278,-95179.55199999921
2018-12-13,2018-12-12,0,0,0,,False,0.0,0.0,0.0,0.0,0.0,0.0,9913726.540000001,False,0.0,-0.00950948596431278,-95179.55199999921
2018-12-14,2018-12-13,0,0,0,,False,0.0,0.0,0.0,0.0,0.0,0.0,9913726.540000001,False,0.0,-0.00950948596431278,-95179.55199999921
2018-12-17,2018-12-14,0,0,0,,False,0.0,0.0,0.0,0.0,0.0,0.0,9913726.540000001,False,0.0,-0.00950948596431278,-95179.55199999921
2018-12-18,2018-12-17,0,0,0,,False,0.0,0.0,0.0,0.0,0.0,0.0,9913726.540000001,False,0.0,-0.00950948596431278,-95179.55199999921
2018-12-19,2018-12-18,0,0,0,,False,0.0,0.0,0.0,0.0,0.0,0.0,9913726.540000001,False,0.0,-0.00950948596431278,-95179.55199999921
2018-12-20,2018-12-19,0,0,0,,False,0.0,0.0,0.0,0.0,0.0,0.0,9913726.540000001,False,0.0,-0.00950948596431278,-95179.55199999921
2018-12-21,2018-12-20,0,0,0,,False,0.0,0.0,0.0,0.0,0.0,0.0,9913726.540000001,False,0.0,-0.00950948596431278,-95179.55199999921
2018-12-22,2018-12-21,0,0,0,,False,0.0,0.0,0.0,0.0,0.0,0.0,9913726.540000001,False,0.0,-0.00950948596431278,-95179.55199999921
2018-12-24,2018-12-22,0,0,0,,False,0.0,0.0,0.0,0.0,0.0,0.0,9913726.540000001,False,0.0,-0.00950948596431278,-95179.55199999921
2018-12-25,2018-12-24,0,0,0,,False,0.0,0.0,0.0,0.0,0.0,0.0,9913726.540000001,False,0.0,-0.00950948596431278,-95179.55199999921
2018-12-26,2018-12-25,0,0,0,,False,0.0,0.0,0.0,0.0,0.0,0.0,9913726.540000001,False,0.0,-0.00950948596431278,-95179.55199999921
2018-12-27,2018-12-26,0,0,0,,False,0.0,0.0,0.0,0.0,0.0,0.0,9913726.540000001,False,0.0,-0.00950948596431278,-95179.55199999921
2018-12-28,2018-12-27,0,0,0,,False,0.0,0.0,0.0,0.0,0.0,0.0,9913726.540000001,False,0.0,-0.00950948596431278,-95179.55199999921
2019-01-02,2018-12-28,0,0,0,,False,0.0,0.0,0.0,0.0,0.0,0.0,9913726.540000001,False,0.0,-0.00950948596431278,-95179.55199999921
2019-01-03,2019-01-02,0,0,0,,False,0.0,0.0,0.0,0.0,0.0,0.0,9913726.540000001,False,0.0,-0.00950948596431278,-95179.55199999921
2019-01-04,2019-01-03,0,0,0,,False,0.0,0.0,0.0,0.0,0.0,0.0,9913726.540000001,False,0.0,-0.00950948596431278,-95179.55199999921
2019-01-07,2019-01-04,0,0,0,,False,0.0,0.0,0.0,0.0,0.0,0.0,9913726.540000001,False,0.0,-0.00950948596431278,-95179.55199999921
2019-01-08,2019-01-07,1,0,1,TX201901,False,-7800.0,50.0,38.408,400.0,488.408,-8288.408,9905438.132000001,False,-0.0008360537247580766,-0.01033758924790984,-103467.95999999903
2019-01-09,2019-01-08,1,1,1,TX201901,False,29400.0,0.0,0.0,0.0,0.0,29400.0,9934838.132000001,False,0.0029680665921300205,-0.007400205309069707,-74067.95999999903
2019-01-10,2019-01-09,1,1,1,TX201901,False,-2800.0,0.0,0.0,0.0,0.0,-2800.0,9932038.132000001,False,-0.0002818364992763427,-0.0076799561603878574,-76867.95999999903
2019-01-11,2019-01-10,1,1,1,TX201901,False,11200.0,0.0,0.0,0.0,0.0,11200.0,9943238.132000001,False,0.0011276638139270485,-0.006560952755115479,-65667.95999999903
2019-01-14,2019-01-11,1,1,1,TX201901,False,-11800.0,0.0,0.0,0.0,0.0,-11800.0,9931438.132000001,False,-0.0011867361359901903,-0.007739902771384588,-77467.95999999903
2019-01-15,2019-01-14,1,1,1,TX201902,True,20400.0,100.0,78.34800000000001,800.0,978.348,19421.652,9950859.784000002,False,0.0019555729736080883,-0.00579946574245449,-58046.30799999833
2019-01-16,2019-01-15,1,1,1,TX201902,False,-6000.0,0.0,0.0,0.0,0.0,-6000.0,9944859.784000002,False,-0.0006029629730736842,-0.006398931852421907,-64046.30799999833
2019-01-17,2019-01-16,1,1,1,TX201902,False,3000.0,0.0,0.0,0.0,0.0,3000.0,9947859.784000002,False,0.00030166337838434017,-0.0060991987974382544,-61046.30799999833
2019-01-18,2019-01-17,1,1,1,TX201902,False,8200.0,0.0,0.0,0.0,0.0,8200.0,9956059.784000002,False,0.0008242979070924145,-0.005279928447149418,-52846.30799999833
2019-01-21,2019-01-18,1,1,1,TX201902,False,9200.0,0.0,0.0,0.0,0.0,9200.0,9965259.784000002,False,0.0009240603410984899,-0.004360747078532845,-43646.30799999833
2019-01-22,2019-01-21,1,1,1,TX201902,False,-3800.0,0.0,0.0,0.0,0.0,-3800.0,9961459.784000002,False,-0.0003813247303498495,-0.0047404089481788425,-47446.30799999833
2019-01-23,2019-01-22,1,1,1,TX201902,False,-5800.0,0.0,0.0,0.0,0.0,-5800.0,9955659.784000002,False,-0.0005822439808787767,-0.005319892854480646,-53246.30799999833
2019-01-24,2019-01-23,1,1,1,TX201902,False,9000.0,0.0,0.0,0.0,0.0,9000.0,9964659.784000002,False,0.0009040083927399903,-0.004420693689529576,-44246.30799999833
2019-01-25,2019-01-24,1,1,1,TX201902,False,21000.0,0.0,0.0,0.0,0.0,21000.0,9985659.784000002,False,0.0021074477659256525,-0.0023225623046437827,-23246.30799999833
2019-01-28,2019-01-25,1,1,1,TX201902,False,3400.0,0.0,0.0,0.0,0.0,3400.0,9989059.784000002,False,0.0003404882675301848,-0.001982864842328902,-19846.30799999833
2019-01-29,2019-01-28,1,1,1,TX201902,False,-12400.0,0.0,0.0,0.0,0.0,-12400.0,9976659.784000002,False,-0.001241358072544698,-0.0032217614695948527,-32246.30799999833
2019-01-30,2019-01-29,1,1,1,TX201902,False,600.0,0.0,0.0,0.0,0.0,600.0,9977259.784000002,False,6.0140368920091453e-05,-0.003161814858598122,-31646.30799999833
2019-02-11,2019-01-30,1,1,1,TX201902,False,14600.0,0.0,0.0,0.0,0.0,14600.0,9991859.784000002,False,0.0014633276386581855,-0.0017031139910107518,-17046.30799999833
2019-02-12,2019-02-11,1,1,1,TX201902,False,17000.0,0.0,0.0,0.0,0.0,17000.0,10008859.784000002,False,0.001701384964110701,-4.626679436570136e-06,-46.30799999833107
2019-02-13,2019-02-12,1,1,1,TX201902,False,0.0,0.0,0.0,0.0,0.0,0.0,10008859.784000002,False,0.0,-4.626679436570136e-06,-46.30799999833107
2019-02-14,2019-02-13,1,1,1,TX201902,False,-800.0,0.0,0.0,0.0,0.0,-800.0,10008059.784000002,False,-7.99291844690308e-05,-8.455549409891461e-05,-846.3079999983311
2019-02-15,2019-02-14,1,1,1,TX201902,False,-7600.0,0.0,0.0,0.0,0.0,-7600.0,10000459.784000002,False,-0.000759387949715309,-0.0008438792333909095,-8446.307999998331
2019-02-18,2019-02-15,1,1,1,TX201902,False,18600.0,0.0,0.0,0.0,0.0,18600.0,10019059.784000002,False,0.0018599144841078836,0.0,0.0
2019-02-19,2019-02-18,1,1,1,TX201903,True,1400.0,100.0,81.148,800.0,981.148,418.8520000000001,10019478.636000002,False,4.1805519582674646e-05,0.0,0.0
2019-02-20,2019-02-19,1,1,1,TX201903,False,20800.0,0.0,0.0,0.0,0.0,20800.0,10040278.636000002,False,0.0020759563202485975,0.0,0.0
2019-02-21,2019-02-20,1,1,1,TX201903,False,15000.0,0.0,0.0,0.0,0.0,15000.0,10055278.636000002,False,0.0014939824425008116,0.0,0.0
2019-02-22,2019-02-21,1,1,1,TX201903,False,-2800.0,0.0,0.0,0.0,0.0,-2800.0,10052478.636000002,False,-0.00027846070719267927,-0.0002784607071927292,-2800.0
2019-02-25,2019-02-22,1,1,1,TX201903,False,11600.0,0.0,0.0,0.0,0.0,11600.0,10064078.636000002,False,0.0011539442579323676,0.0,0.0
2019-02-26,2019-02-25,1,1,1,TX201903,False,-2600.0,0.0,0.0,0.0,0.0,-2600.0,10061478.636000002,False,-0.00025834456327672114,-0.000258344563276669,-2600.0
2019-02-27,2019-02-26,1,1,1,TX201903,False,1400.0,0.0,0.0,0.0,0.0,1400.0,10062878.636000002,False,0.00013914455823528716,-0.00011923595228158224,-1200.0
2019-03-04,2019-02-27,1,1,1,TX201903,False,-10200.0,0.0,0.0,0.0,0.0,-10200.0,10052678.636000002,False,-0.0010136264551089233,-0.0011327415466748647,-11400.0
2019-03-05,2019-03-04,0,1,0,,False,-10200.0,50.0,41.032000000000004,400.0,491.03200000000004,-10691.032,10041987.604000002,False,-0.001063500822727384,-0.002195037697835356,-22091.031999999657
2019-03-06,2019-03-05,1,0,1,TX201903,False,7800.0,50.0,41.14,400.0,491.14,7308.86,10049296.464000002,False,0.0007278300161502568,-0.0014688052960082354,-14782.172000000253
2019-03-07,2019-03-06,1,1,1,TX201903,False,-12000.0,0.0,0.0,0.0,0.0,-12000.0,10037296.464000002,False,-0.0011941134429646974,-0.0026611648188238357,-26782.172000000253
2019-03-08,2019-03-07,0,1,0,,False,-6400.0,50.0,40.912000000000006,400.0,490.91200000000003,-6890.912,10030405.552000001,False,-0.0006865306833085088,-0.0033458685308309644,-33673.08400000073
2019-03-11,2019-03-08,0,0,0,,False,0.0,0.0,0.0,0.0,0.0,0.0,10030405.552000001,False,0.0,-0.0033458685308309644,-33673.08400000073
2019-03-12,2019-03-11,1,0,1,TX201903,False,9400.0,50.0,41.212,400.0,491.212,8908.788,10039314.340000002,False,0.0008881782450185818,-0.002460662013452075,-24764.29600000009
2019-03-13,2019-03-12,1,1,1,TX201903,False,3400.0,0.0,0.0,0.0,0.0,3400.0,10042714.340000002,False,0.00033866854695975177,-0.002122826815321055,-21364.29600000009
2019-03-14,2019-03-13,1,1,1,TX201903,False,-5400.0,0.0,0.0,0.0,0.0,-5400.0,10037314.340000002,False,-0.0005377032361153468,-0.0026593886005880085,-26764.29600000009
2019-03-15,2019-03-14,0,1,0,,False,3400.0,50.0,41.412000000000006,400.0,491.41200000000003,2908.588,10040222.928000001,False,0.0002897775143305913,-0.0023703817172757713,-23855.708000000566
2019-03-18,2019-03-15,1,0,1,TX201903,False,8000.0,50.0,41.756,400.0,491.756,7508.244,10047731.172000002,False,0.0007478164632242515,-0.0016243378645237616,-16347.463999999687
2019-03-19,2019-03-18,1,1,1,TX201904,True,4800.0,100.0,83.98400000000001,800.0,983.984,3816.0159999999996,10051547.188000003,False,0.0003797888234344969,-0.0012451659464556286,-12531.447999998927
2019-03-20,2019-03-19,1,1,1,TX201904,False,3800.0,0.0,0.0,0.0,0.0,3800.0,10055347.188000003,False,0.00037805125210341883,-0.0008675854308973774,-8731.447999998927
2019-03-21,2019-03-20,0,1,0,,False,4800.0,50.0,42.144000000000005,400.0,492.144,4307.856,10059655.044000003,False,0.00042841444650871646,-0.0004395426705207095,-4423.591999998316
2019-03-22,2019-03-21,1,0,1,TX201904,False,-6400.0,50.0,42.588,400.0,492.58799999999997,-6892.588,10052762.456000004,False,-0.0006851714069570433,-0.0011244129154077687,-11316.17999999784
2019-03-25,2019-03-22,0,1,0,,False,-27000.0,50.0,41.904,400.0,491.904,-27491.904,10025270.552000005,False,-0.002734761128628024,-0.003856099043302086,-38808.083999997005
2019-03-26,2019-03-25,0,0,0,,False,0.0,0.0,0.0,0.0,0.0,0.0,10025270.552000005,False,0.0,-0.003856099043302086,-38808.083999997005
2019-03-27,2019-03-26,0,0,0,,False,0.0,0.0,0.0,0.0,0.0,0.0,10025270.552000005,False,0.0,-0.003856099043302086,-38808.083999997005
2019-03-28,2019-03-27,0,0,0,,False,0.0,0.0,0.0,0.0,0.0,0.0,10025270.552000005,False,0.0,-0.003856099043302086,-38808.083999997005
2019-03-29,2019-03-28,1,0,1,TX201904,False,9400.0,50.0,42.212,400.0,492.212,8907.788,10034178.340000005,False,0.0008885334269829685,-0.0029709918892167897,-29900.295999996364
2019-04-01,2019-03-29,1,1,1,TX201904,False,8000.0,0.0,0.0,0.0,0.0,8000.0,10042178.340000005,False,0.0007972750462396103,-0.002176085540673056,-21900.295999996364
2019-04-02,2019-04-01,1,1,1,TX201904,False,7600.0,0.0,0.0,0.0,0.0,7600.0,10049778.340000005,False,0.0007568079098662966,-0.0014209245095565537,-14300.295999996364
2019-04-03,2019-04-02,1,1,1,TX201904,False,3400.0,0.0,0.0,0.0,0.0,3400.0,10053178.340000005,False,0.00033831591951310623,-0.0010830893114254225,-10900.295999996364
2019-04-08,2019-04-03,1,1,1,TX201904,False,15400.0,0.0,0.0,0.0,0.0,15400.0,10068578.340000005,False,0.0015318538554842738,0.0,0.0
2019-04-09,2019-04-08,1,1,1,TX201904,False,14600.0,0.0,0.0,0.0,0.0,14600.0,10083178.340000005,False,0.0014500557583187054,0.0,0.0
2019-04-10,2019-04-09,1,1,1,TX201904,False,3800.0,0.0,0.0,0.0,0.0,3800.0,10086978.340000005,False,0.0003768652970190348,0.0,0.0
2019-04-11,2019-04-10,1,1,1,TX201904,False,-11200.0,0.0,0.0,0.0,0.0,-11200.0,10075778.340000005,False,-0.0011103424258963952,-0.0011103424258963601,-11200.0
2019-04-12,2019-04-11,1,1,1,TX201904,False,-800.0,0.0,0.0,0.0,0.0,-800.0,10074978.340000005,False,-7.939833261556244e-05,-0.0011896525991746953,-12000.0
2019-04-15,2019-04-12,1,1,1,TX201904,False,14800.0,0.0,0.0,0.0,0.0,14800.0,10089778.340000005,False,0.001468985788410141,0.0,0.0
2019-04-16,2019-04-15,1,1,1,TX201905,True,11000.0,100.0,87.416,800.0,987.4159999999999,10012.584,10099790.924000006,False,0.0009923492531353265,0.0,0.0
2019-04-17,2019-04-16,1,1,1,TX201905,False,14200.0,0.0,0.0,0.0,0.0,14200.0,10113990.924000006,False,0.0014059696984673928,0.0,0.0
2019-04-18,2019-04-17,1,1,1,TX201905,False,-11000.0,0.0,0.0,0.0,0.0,-11000.0,10102990.924000006,False,-0.0010876023206524278,-0.0010876023206524144,-11000.0
2019-04-19,2019-04-18,1,1,1,TX201905,False,6600.0,0.0,0.0,0.0,0.0,6600.0,10109590.924000006,False,0.0006532718924176672,-0.00043504092826096574,-4400.0
2019-04-22,2019-04-19,1,1,1,TX201905,False,1200.0,0.0,0.0,0.0,0.0,1200.0,10110790.924000006,False,0.0001186991648842308,-0.0003163934023716619,-3200.0
2019-04-23,2019-04-22,1,1,1,TX201905,False,9200.0,0.0,0.0,0.0,0.0,9200.0,10119990.924000006,False,0.0009099189241626923,0.0,0.0
2019-04-24,2019-04-23,1,1,1,TX201905,False,-3000.0,0.0,0.0,0.0,0.0,-3000.0,10116990.924000006,False,-0.00029644295360832463,-0.0002964429536083113,-3000.0
2019-04-25,2019-04-24,1,1,1,TX201905,False,4400.0,0.0,0.0,0.0,0.0,4400.0,10121390.924000006,False,0.0004349119252012089,0.0,0.0
2019-04-26,2019-04-25,1,1,1,TX201905,False,-19600.0,0.0,0.0,0.0,0.0,-19600.0,10101790.924000006,False,-0.0019364927357488151,-0.001936492735748807,-19600.0
2019-04-29,2019-04-26,1,1,1,TX201905,False,-200.0,0.0,0.0,0.0,0.0,-200.0,10101590.924000006,False,-1.9798469549081304e-05,-0.0019562528657054434,-19800.0
2019-04-30,2019-04-29,1,1,1,TX201905,False,4000.0,0.0,0.0,0.0,0.0,4000.0,10105590.924000006,False,0.0003959772307247707,-0.0015610502665730497,-15800.0
2019-05-02,2019-04-30,1,1,1,TX201905,False,5200.0,0.0,0.0,0.0,0.0,5200.0,10110790.924000006,False,0.0005145666432677774,-0.0010472868877008379,-10600.0
2019-05-03,2019-05-02,1,1,1,TX201905,False,22800.0,0.0,0.0,0.0,0.0,22800.0,10133590.924000006,False,0.002255016464229281,0.0,0.0
2019-05-06,2019-05-03,1,1,1,TX201905,False,-47000.0,0.0,0.0,0.0,0.0,-47000.0,10086590.924000006,False,-0.004638039995149894,-0.00463803999514989,-47000.0
2019-05-07,2019-05-06,1,1,1,TX201905,False,22600.0,0.0,0.0,0.0,0.0,22600.0,10109190.924000006,False,0.0022405984509816517,-0.0024078335293969966,-24400.0
2019-05-08,2019-05-07,1,1,1,TX201905,False,-15400.0,0.0,0.0,0.0,0.0,-15400.0,10093790.924000006,False,-0.0015233662234471407,-0.003927531740573698,-39800.0
2019-05-09,2019-05-08,0,1,0,,False,-7800.0,50.0,43.408,400.0,493.408,-8293.408,10085497.516000006,False,-0.0008216346130452102,-0.00474593935759704,-48093.40799999982
2019-05-10,2019-05-09,0,0,0,,False,0.0,0.0,0.0,0.0,0.0,0.0,10085497.516000006,False,0.0,-0.00474593935759704,-48093.40799999982
2019-05-13,2019-05-10,0,0,0,,False,0.0,0.0,0.0,0.0,0.0,0.0,10085497.516000006,False,0.0,-0.00474593935759704,-48093.40799999982
2019-05-14,2019-05-13,0,0,0,,False,0.0,0.0,0.0,0.0,0.0,0.0,10085497.516000006,False,0.0,-0.00474593935759704,-48093.40799999982
2019-05-15,2019-05-14,0,0,0,,False,0.0,0.0,0.0,0.0,0.0,0.0,10085497.516000006,False,0.0,-0.00474593935759704,-48093.40799999982
2019-05-16,2019-05-15,0,0,0,,False,0.0,0.0,0.0,0.0,0.0,0.0,10085497.516000006,False,0.0,-0.00474593935759704,-48093.40799999982
2019-05-17,2019-05-16,0,0,0,,False,0.0,0.0,0.0,0.0,0.0,0.0,10085497.516000006,False,0.0,-0.00474593935759704,-48093.40799999982
2019-05-20,2019-05-17,0,0,0,,False,0.0,0.0,0.0,0.0,0.0,0.0,10085497.516000006,False,0.0,-0.00474593935759704,-48093.40799999982
2019-05-21,2019-05-20,0,0,0,,False,0.0,0.0,0.0,0.0,0.0,0.0,10085497.516000006,False,0.0,-0.00474593935759704,-48093.40799999982
2019-05-22,2019-05-21,0,0,0,,False,0.0,0.0,0.0,0.0,0.0,0.0,10085497.516000006,False,0.0,-0.00474593935759704,-48093.40799999982
2019-05-23,2019-05-22,0,0,0,,False,0.0,0.0,0.0,0.0,0.0,0.0,10085497.516000006,False,0.0,-0.00474593935759704,-48093.40799999982
2019-05-24,2019-05-23,0,0,0,,False,0.0,0.0,0.0,0.0,0.0,0.0,10085497.516000006,False,0.0,-0.00474593935759704,-48093.40799999982
2019-05-27,2019-05-24,0,0,0,,False,0.0,0.0,0.0,0.0,0.0,0.0,10085497.516000006,False,0.0,-0.00474593935759704,-48093.40799999982
2019-05-28,2019-05-27,1,0,1,TX201906,False,-5800.0,50.0,41.484,400.0,491.48400000000004,-6291.484,10079206.032000007,False,-0.0006238149372422092,-0.00536679370697668,-54384.89199999906
2019-05-29,2019-05-28,0,1,0,,False,-24000.0,50.0,40.872,400.0,490.872,-24490.872,10054715.160000008,False,-0.002429841390506857,-0.007783594640000002,-78875.76399999857
2019-05-30,2019-05-29,0,0,0,,False,0.0,0.0,0.0,0.0,0.0,0.0,10054715.160000008,False,0.0,-0.007783594640000002,-78875.76399999857
2019-05-31,2019-05-30,0,0,0,,False,0.0,0.0,0.0,0.0,0.0,0.0,10054715.160000008,False,0.0,-0.007783594640000002,-78875.76399999857
2019-06-03,2019-05-31,0,0,0,,False,0.0,0.0,0.0,0.0,0.0,0.0,10054715.160000008,False,0.0,-0.007783594640000002,-78875.76399999857
2019-06-04,2019-06-03,0,0,0,,False,0.0,0.0,0.0,0.0,0.0,0.0,10054715.160000008,False,0.0,-0.007783594640000002,-78875.76399999857
2019-06-05,2019-06-04,0,0,0,,False,0.0,0.0,0.0,0.0,0.0,0.0,10054715.160000008,False,0.0,-0.007783594640000002,-78875.76399999857
2019-06-06,2019-06-05,0,0,0,,False,0.0,0.0,0.0,0.0,0.0,0.0,10054715.160000008,False,0.0,-0.007783594640000002,-78875.76399999857
2019-06-10,2019-06-06,0,0,0,,False,0.0,0.0,0.0,0.0,0.0,0.0,10054715.160000008,False,0.0,-0.007783594640000002,-78875.76399999857
2019-06-11,2019-06-10,0,0,0,,False,0.0,0.0,0.0,0.0,0.0,0.0,10054715.160000008,False,0.0,-0.007783594640000002,-78875.76399999857
2019-06-12,2019-06-11,1,0,1,TX201906,False,1000.0,50.0,42.356,400.0,492.356,507.644,10055222.804000007,False,5.048815326161857e-05,-0.007733499466057503,-78368.11999999918
2019-06-13,2019-06-12,1,1,1,TX201906,False,-12600.0,0.0,0.0,0.0,0.0,-12600.0,10042622.804000007,False,-0.001253080140102681,-0.008976888911565784,-90968.11999999918
2019-06-14,2019-06-13,0,1,0,,False,1000.0,50.0,42.128,400.0,492.128,507.87199999999996,10043130.676000006,False,5.05716494497546e-05,-0.008926771238195297,-90460.24799999967
2019-06-17,2019-06-14,0,0,0,,False,0.0,0.0,0.0,0.0,0.0,0.0,10043130.676000006,False,0.0,-0.008926771238195297,-90460.24799999967
2019-06-18,2019-06-17,1,0,1,TX201907,True,2800.0,150.0,125.72800000000001,1200.0,1475.728,1324.272,10044454.948000006,False,0.00013185848543866932,-0.008796089823291942,-89135.97599999979
2019-06-19,2019-06-18,0,1,0,,False,24800.0,50.0,41.84,400.0,491.84000000000003,24308.16,10068763.108000007,False,0.0024200576463175934,-0.006397319221408848,-64827.81599999964
2019-06-20,2019-06-19,1,0,1,TX201907,False,3200.0,50.0,42.30800000000001,400.0,492.308,2707.692,10071470.800000006,False,0.00026892002234600576,-0.006130119566290837,-62120.123999999836
2019-06-21,2019-06-20,1,1,1,TX201907,False,-1200.0,0.0,0.0,0.0,0.0,-1200.0,10070270.800000006,False,-0.00011914843659180338,-0.006248537608720239,-63320.123999999836
2019-06-24,2019-06-21,1,1,1,TX201907,False,7600.0,0.0,0.0,0.0,0.0,7600.0,10077870.800000006,False,0.0007546966860116607,-0.0054985566733343205,-55720.123999999836
2019-06-25,2019-06-24,0,1,0,,False,-600.0,50.0,42.472,400.0,492.472,-1092.472,10076778.328000007,False,-0.00010840305672503752,-0.005606363669708236,-56812.59599999897
2019-06-26,2019-06-25,0,0,0,,False,0.0,0.0,0.0,0.0,0.0,0.0,10076778.328000007,False,0.0,-0.005606363669708236,-56812.59599999897
2019-06-27,2019-06-26,0,0,0,,False,0.0,0.0,0.0,0.0,0.0,0.0,10076778.328000007,False,0.0,-0.005606363669708236,-56812.59599999897
2019-06-28,2019-06-27,1,0,1,TX201907,False,-8200.0,50.0,42.492000000000004,400.0,492.492,-8692.492,10068085.836000007,False,-0.0008626261010273951,-0.006464153575102327,-65505.08799999952
2019-07-01,2019-06-28,1,1,1,TX201907,False,37400.0,0.0,0.0,0.0,0.0,37400.0,10105485.836000007,False,0.0037147080993559355,-0.0027734579193873232,-28105.087999999523
2019-07-02,2019-07-01,0,1,0,,False,-5800.0,50.0,42.944,400.0,492.944,-6292.944,10099192.892000007,False,-0.0006227255277110851,-0.0033944563440519993,-34398.03199999966
2019-07-03,2019-07-02,0,0,0,,False,0.0,0.0,0.0,0.0,0.0,0.0,10099192.892000007,False,0.0,-0.0033944563440519993,-34398.03199999966
2019-07-04,2019-07-03,1,0,1,TX201907,False,3800.0,50.0,42.772000000000006,400.0,492.772,3307.228,10102500.120000007,False,0.0003274744858690434,-0.0030680934560289863,-31090.803999999538
2019-07-05,2019-07-04,1,1,1,TX201907,False,1600.0,0.0,0.0,0.0,0.0,1600.0,10104100.120000007,False,0.00015837663756444468,-0.002910202732789857,-29490.803999999538
2019-07-08,2019-07-05,1,1,1,TX201907,False,-10600.0,0.0,0.0,0.0,0.0,-10600.0,10093500.120000007,False,-0.0010490790742481275,-0.003956228774249171,-40090.80399999954
2019-07-09,2019-07-08,1,1,1,TX201907,False,-3000.0,0.0,0.0,0.0,0.0,-3000.0,10090500.120000007,False,-0.0002972209802678437,-0.004252273880322566,-43090.80399999954
2019-07-10,2019-07-09,0,1,0,,False,9800.0,50.0,42.788000000000004,400.0,492.788,9307.212,10099807.332000006,False,0.0009223737068842127,-0.0033338223590601013,-33783.59200000018
2019-07-11,2019-07-10,0,0,0,,False,0.0,0.0,0.0,0.0,0.0,0.0,10099807.332000006,False,0.0,-0.0033338223590601013,-33783.59200000018
2019-07-12,2019-07-11,1,0,1,TX201907,False,4200.0,50.0,43.164,400.0,493.164,3706.8360000000002,10103514.168000005,False,0.0003670204666434916,-0.0029680254734546496,-30076.756000000983
2019-07-15,2019-07-12,1,1,1,TX201907,False,7800.0,0.0,0.0,0.0,0.0,7800.0,10111314.168000005,False,0.0007720086170319107,-0.0021983081976638674,-22276.756000000983
2019-07-16,2019-07-15,1,1,1,TX201908,True,5400.0,100.0,86.412,800.0,986.412,4413.588,10115727.756000005,False,0.0004364999372651278,-0.0017627678217890796,-17863.16800000146
2019-07-17,2019-07-16,1,1,1,TX201908,False,-12200.0,0.0,0.0,0.0,0.0,-12200.0,10103527.756000005,False,-0.0012060427380287827,-0.0029666845864876334,-30063.16800000146
2019-07-18,2019-07-17,0,1,0,,False,-8200.0,50.0,42.492000000000004,400.0,492.492,-8692.492,10094835.264000004,False,-0.0008603422695442136,-0.003824474491881724,-38755.66000000201
2019-07-19,2019-07-18,1,0,1,TX201908,False,-2600.0,50.0,43.036,400.0,493.036,-3093.036,10091742.228000004,False,-0.0003063978677324554,-0.004129700548784698,-41848.696000002325
2019-07-22,2019-07-19,1,1,1,TX201908,False,10000.0,0.0,0.0,0.0,0.0,10000.0,10101742.228000004,False,0.0009909091784225858,-0.0031428835285399748,-31848.696000002325
2019-07-23,2019-07-22,1,1,1,TX201908,False,1800.0,0.0,0.0,0.0,0.0,1800.0,10103542.228000004,False,0.0001781870848981635,-0.0029652564648959823,-30048.696000002325
2019-07-24,2019-07-23,1,1,1,TX201908,False,200.0,0.0,0.0,0.0,0.0,200.0,10103742.228000004,False,1.9795037768609396e-05,-0.002945520124491119,-29848.696000002325
2019-07-25,2019-07-24,1,1,1,TX201908,False,3600.0,0.0,0.0,0.0,0.0,3600.0,10107342.228000004,False,0.0003563036267912197,-0.002590265997203023,-26248.696000002325
2019-07-26,2019-07-25,1,1,1,TX201908,False,-7000.0,0.0,0.0,0.0,0.0,-7000.0,10100342.228000004,False,-0.0006925658439276108,-0.0032810379113742405,-33248.696000002325
2019-07-29,2019-07-26,1,1,1,TX201908,False,-1000.0,0.0,0.0,0.0,0.0,-1000.0,10099342.228000004,False,-9.900654625620668e-05,-0.0033797196133987795,-34248.696000002325
2019-07-30,2019-07-29,1,1,1,TX201908,False,-6000.0,0.0,0.0,0.0,0.0,-6000.0,10093342.228000004,False,-0.0005940980971379751,-0.003971809825545569,-40248.696000002325
2019-07-31,2019-07-30,0,1,0,,False,-6200.0,50.0,42.876000000000005,400.0,492.876,-6692.876,10086649.352000004,False,-0.0006630980946463156,-0.004632274220664256,-46941.57200000249
2019-08-01,2019-07-31,1,0,1,TX201908,False,1800.0,50.0,42.548,400.0,492.548,1307.452,10087956.804000003,False,0.00012962203347940864,-0.00450325263198903,-45634.120000002906
2019-08-02,2019-08-01,0,1,0,,False,-25200.0,50.0,42.064,400.0,492.06399999999996,-25692.064,10062264.740000004,False,-0.002546805512669599,-0.007038589236030401,-71326.18400000222
2019-08-05,2019-08-02,0,0,0,,False,0.0,0.0,0.0,0.0,0.0,0.0,10062264.740000004,False,0.0,-0.007038589236030401,-71326.18400000222
2019-08-06,2019-08-05,0,0,0,,False,0.0,0.0,0.0,0.0,0.0,0.0,10062264.740000004,False,0.0,-0.007038589236030401,-71326.18400000222
2019-08-07,2019-08-06,0,0,0,,False,0.0,0.0,0.0,0.0,0.0,0.0,10062264.740000004,False,0.0,-0.007038589236030401,-71326.18400000222
2019-08-08,2019-08-07,0,0,0,,False,0.0,0.0,0.0,0.0,0.0,0.0,10062264.740000004,False,0.0,-0.007038589236030401,-71326.18400000222
2019-08-12,2019-08-08,0,0,0,,False,0.0,0.0,0.0,0.0,0.0,0.0,10062264.740000004,False,0.0,-0.007038589236030401,-71326.18400000222
2019-08-13,2019-08-12,0,0,0,,False,0.0,0.0,0.0,0.0,0.0,0.0,10062264.740000004,False,0.0,-0.007038589236030401,-71326.18400000222
2019-08-14,2019-08-13,0,0,0,,False,0.0,0.0,0.0,0.0,0.0,0.0,10062264.740000004,False,0.0,-0.007038589236030401,-71326.18400000222
2019-08-15,2019-08-14,0,0,0,,False,0.0,0.0,0.0,0.0,0.0,0.0,10062264.740000004,False,0.0,-0.007038589236030401,-71326.18400000222
2019-08-16,2019-08-15,1,0,1,TX201908,False,19800.0,50.0,41.268,400.0,491.26800000000003,19308.732,10081573.472000005,False,0.00191892506298736,-0.005133170698336076,-52017.452000001445
2019-08-19,2019-08-16,0,1,0,,False,4400.0,50.0,41.736000000000004,400.0,491.736,3908.264,10085481.736000005,False,0.0003876640894255835,-0.0047474965548550685,-48109.18800000101
2019-08-20,2019-08-19,0,0,0,,False,0.0,0.0,0.0,0.0,0.0,0.0,10085481.736000005,False,0.0,-0.0047474965548550685,-48109.18800000101
2019-08-21,2019-08-20,0,0,0,,False,0.0,0.0,0.0,0.0,0.0,0.0,10085481.736000005,False,0.0,-0.0047474965548550685,-48109.18800000101
2019-08-22,2019-08-21,0,0,0,,False,0.0,0.0,0.0,0.0,0.0,0.0,10085481.736000005,False,0.0,-0.0047474965548550685,-48109.18800000101
2019-08-23,2019-08-22,0,0,0,,False,0.0,0.0,0.0,0.0,0.0,0.0,10085481.736000005,False,0.0,-0.0047474965548550685,-48109.18800000101
2019-08-26,2019-08-23,0,0,0,,False,0.0,0.0,0.0,0.0,0.0,0.0,10085481.736000005,False,0.0,-0.0047474965548550685,-48109.18800000101
2019-08-27,2019-08-26,0,0,0,,False,0.0,0.0,0.0,0.0,0.0,0.0,10085481.736000005,False,0.0,-0.0047474965548550685,-48109.18800000101
2019-08-28,2019-08-27,0,0,0,,False,0.0,0.0,0.0,0.0,0.0,0.0,10085481.736000005,False,0.0,-0.0047474965548550685,-48109.18800000101
2019-08-29,2019-08-28,1,0,1,TX201909,False,2000.0,50.0,41.688,400.0,491.688,1508.312,10086990.048000006,False,0.0001495527967311763,-0.004598653759511073,-46600.876000000164
2019-08-30,2019-08-29,1,1,1,TX201909,False,29200.0,0.0,0.0,0.0,0.0,29200.0,10116190.048000006,False,0.002894817964630551,-0.0017171480603966893,-17400.876000000164
2019-09-02,2019-08-30,1,1,1,TX201909,False,5800.0,0.0,0.0,0.0,0.0,5800.0,10121990.048000006,False,0.0005733383786267116,-0.001144794188654763,-11600.876000000164
2019-09-03,2019-09-02,1,1,1,TX201909,False,-12400.0,0.0,0.0,0.0,0.0,-12400.0,10109590.048000006,False,-0.0012250555415681428,-0.00236844729375818,-24000.876000000164
2019-09-04,2019-09-03,1,1,1,TX201909,False,20200.0,0.0,0.0,0.0,0.0,20200.0,10129790.048000006,False,0.001998102782020938,-0.0003750769128639808,-3800.876000000164
2019-09-05,2019-09-04,1,1,1,TX201909,False,18200.0,0.0,0.0,0.0,0.0,18200.0,10147990.048000006,False,0.0017966808703595344,0.0,0.0
2019-09-06,2019-09-05,1,1,1,TX201909,False,6600.0,0.0,0.0,0.0,0.0,6600.0,10154590.048000006,False,0.0006503750958349379,0.0,0.0
2019-09-09,2019-09-06,1,1,1,TX201909,False,4800.0,0.0,0.0,0.0,0.0,4800.0,10159390.048000006,False,0.00047269264217568116,0.0,0.0
2019-09-10,2019-09-09,1,1,1,TX201909,False,-9800.0,0.0,0.0,0.0,0.0,-9800.0,10149590.048000006,False,-0.0009646248400443335,-0.0009646248400443369,-9800.0
2019-09-11,2019-09-10,1,1,1,TX201909,False,6000.0,0.0,0.0,0.0,0.0,6000.0,10155590.048000006,False,0.0005911568813739734,-0.0003740382032825229,-3800.0
2019-09-12,2019-09-11,1,1,1,TX201909,False,10200.0,0.0,0.0,0.0,0.0,10200.0,10165790.048000006,False,0.0010043729563511418,0.0,0.0
2019-09-16,2019-09-12,1,1,1,TX201909,False,11400.0,0.0,0.0,0.0,0.0,11400.0,10177190.048000006,False,0.0011214081685901834,0.0,0.0
2019-09-17,2019-09-16,1,1,1,TX201910,True,-3600.0,100.0,86.808,800.0,986.808,-4586.808,10172603.240000006,False,-0.00045069493429587544,-0.00045069493429594765,-4586.808000000194
2019-09-18,2019-09-17,1,1,1,TX201910,False,11200.0,0.0,0.0,0.0,0.0,11200.0,10183803.240000006,False,0.0011009964446426197,0.0,0.0
2019-09-19,2019-09-18,1,1,1,TX201910,False,-5000.0,0.0,0.0,0.0,0.0,-5000.0,10178803.240000006,False,-0.000490975707421464,-0.0004909757074215149,-5000.0
2019-09-20,2019-09-19,1,1,1,TX201910,False,6200.0,0.0,0.0,0.0,0.0,6200.0,10185003.240000006,False,0.0006091089348928211,0.0,0.0
2019-09-23,2019-09-20,1,1,1,TX201910,False,-1400.0,0.0,0.0,0.0,0.0,-1400.0,10183603.240000006,False,-0.0001374570009464228,-0.00013745700094647262,-1400.0
2019-09-24,2019-09-23,1,1,1,TX201910,False,2800.0,0.0,0.0,0.0,0.0,2800.0,10186403.240000006,False,0.0002749517959421206,0.0,0.0
2019-09-25,2019-09-24,1,1,1,TX201910,False,-13400.0,0.0,0.0,0.0,0.0,-13400.0,10173003.240000006,False,-0.0013154790443972247,-0.0013154790443972164,-13400.0
2019-09-26,2019-09-25,1,1,1,TX201910,False,400.0,0.0,0.0,0.0,0.0,400.0,10173403.240000006,False,3.931975549041502e-05,-0.0012762110132211735,-13000.0
2019-09-27,2019-09-26,1,1,1,TX201910,False,-3800.0,0.0,0.0,0.0,0.0,-3800.0,10169603.240000006,False,-0.000373522990326293,-0.0016492573093935814,-16800.0
2019-10-01,2019-09-27,1,1,1,TX201910,False,26000.0,0.0,0.0,0.0,0.0,26000.0,10195603.240000006,False,0.002556638581310079,0.0,0.0
2019-10-02,2019-10-01,1,1,1,TX201910,False,-6400.0,0.0,0.0,0.0,0.0,-6400.0,10189203.240000006,False,-0.000627721562848889,-0.0006277215628488486,-6400.0
2019-10-03,2019-10-02,1,1,1,TX201910,False,-14200.0,0.0,0.0,0.0,0.0,-14200.0,10175003.240000006,False,-0.001393632030447161,-0.0020204787804198876,-20600.0
2019-10-04,2019-10-03,1,1,1,TX201910,False,5800.0,0.0,0.0,0.0,0.0,5800.0,10180803.240000006,False,0.0005700243885131182,-0.001451606114088011,-14800.0
2019-10-07,2019-10-04,1,1,1,TX201910,False,7000.0,0.0,0.0,0.0,0.0,7000.0,10187803.240000006,False,0.0006875685380596743,-0.0007650356547220794,-7800.0
2019-10-08,2019-10-07,1,1,1,TX201910,False,17200.0,0.0,0.0,0.0,0.0,17200.0,10205003.240000006,False,0.0016882933047301363,0.0,0.0
2019-10-09,2019-10-08,1,1,1,TX201910,False,-24200.0,0.0,0.0,0.0,0.0,-24200.0,10180803.240000006,False,-0.002371385822313564,-0.002371385822313554,-24200.0
2019-10-14,2019-10-09,1,1,1,TX201910,False,39200.0,0.0,0.0,0.0,0.0,39200.0,10220003.240000006,False,0.0038503838131341765,0.0,0.0
2019-10-15,2019-10-14,1,1,1,TX201911,True,6400.0,100.0,88.78,800.0,988.78,5411.22,10225414.460000006,False,0.000529473413356765,0.0,0.0
2019-10-16,2019-10-15,1,1,1,TX201911,False,8800.0,0.0,0.0,0.0,0.0,8800.0,10234214.460000006,False,0.0008606008132407764,0.0,0.0
2019-10-17,2019-10-16,1,1,1,TX201911,False,5200.0,0.0,0.0,0.0,0.0,5200.0,10239414.460000006,False,0.0005080995732817579,0.0,0.0
2019-10-18,2019-10-17,1,1,1,TX201911,False,-1400.0,0.0,0.0,0.0,0.0,-1400.0,10238014.460000006,False,-0.00013672656824948945,-0.00013672656824947893,-1400.0
2019-10-21,2019-10-18,1,1,1,TX201911,False,1000.0,0.0,0.0,0.0,0.0,1000.0,10239014.460000006,False,9.767518925735132e-05,-3.906473378556541e-05,-400.0
2019-10-22,2019-10-21,1,1,1,TX201911,False,17400.0,0.0,0.0,0.0,0.0,17400.0,10256414.460000006,False,0.0016993823055895937,0.0,0.0
2019-10-23,2019-10-22,1,1,1,TX201911,False,-8200.0,0.0,0.0,0.0,0.0,-8200.0,10248214.460000006,False,-0.0007994996723250588,-0.0007994996723250658,-8200.0
2019-10-24,2019-10-23,1,1,1,TX201911,False,17800.0,0.0,0.0,0.0,0.0,17800.0,10266014.460000006,False,0.001736887930036545,0.0,0.0
2019-10-25,2019-10-24,1,1,1,TX201911,False,-1200.0,0.0,0.0,0.0,0.0,-1200.0,10264814.460000006,False,-0.00011689054254458933,-0.00011689054254460096,-1200.0
2019-10-28,2019-10-25,1,1,1,TX201911,False,5400.0,0.0,0.0,0.0,0.0,5400.0,10270214.460000006,False,0.0005260689339337554,0.0,0.0
2019-10-29,2019-10-28,1,1,1,TX201911,False,3000.0,0.0,0.0,0.0,0.0,3000.0,10273214.460000006,False,0.0002921068505126424,0.0,0.0
2019-10-30,2019-10-29,1,1,1,TX201911,False,2400.0,0.0,0.0,0.0,0.0,2400.0,10275614.460000006,False,0.0002336172392141416,0.0,0.0
2019-10-31,2019-10-30,1,1,1,TX201911,False,1600.0,0.0,0.0,0.0,0.0,1600.0,10277214.460000006,False,0.00015570844996455803,0.0,0.0
2019-11-01,2019-10-31,1,1,1,TX201911,False,5000.0,0.0,0.0,0.0,0.0,5000.0,10282214.460000006,False,0.0004865131519304694,0.0,0.0
2019-11-04,2019-11-01,1,1,1,TX201911,False,34600.0,0.0,0.0,0.0,0.0,34600.0,10316814.460000006,False,0.003365033878120451,0.0,0.0
2019-11-05,2019-11-04,1,1,1,TX201911,False,20200.0,0.0,0.0,0.0,0.0,20200.0,10337014.460000006,False,0.0019579687197359935,0.0,0.0
2019-11-06,2019-11-05,1,1,1,TX201911,False,1600.0,0.0,0.0,0.0,0.0,1600.0,10338614.460000006,False,0.000154783569878067,0.0,0.0
2019-11-07,2019-11-06,1,1,1,TX201911,False,-11400.0,0.0,0.0,0.0,0.0,-11400.0,10327214.460000006,False,-0.0011026622613800412,-0.0011026622613800052,-11400.0
2019-11-08,2019-11-07,1,1,1,TX201911,False,-4600.0,0.0,0.0,0.0,0.0,-4600.0,10322614.460000006,False,-0.0004454250483338948,-0.001547596156322828,-16000.0
2019-11-11,2019-11-08,1,1,1,TX201911,False,-27200.0,0.0,0.0,0.0,0.0,-27200.0,10295414.460000006,False,-0.002634991368262337,-0.00417850962207178,-43200.0
2019-11-12,2019-11-11,1,1,1,TX201911,False,17200.0,0.0,0.0,0.0,0.0,17200.0,10312614.460000006,False,0.00167064668127989,-0.002514843754024665,-26000.0
2019-11-13,2019-11-12,1,1,1,TX201911,False,-11400.0,0.0,0.0,0.0,0.0,-11400.0,10301214.460000006,False,-0.0011054422759832325,-0.00361750601540467,-37400.0
2019-11-14,2019-11-13,1,1,1,TX201911,False,-2000.0,0.0,0.0,0.0,0.0,-2000.0,10299214.460000006,False,-0.0001941518650801877,-0.0038109555349450375,-39400.0
2019-11-15,2019-11-14,1,1,1,TX201911,False,15200.0,0.0,0.0,0.0,0.0,15200.0,10314414.460000006,False,0.0014758407118361909,-0.00234073918643829,-24200.0
2019-11-18,2019-11-15,1,1,1,TX201911,False,12200.0,0.0,0.0,0.0,0.0,12200.0,10326614.460000006,False,0.0011828107206000322,-0.0011606971172420932,-12000.0
2019-11-19,2019-11-18,1,1,1,TX201912,True,10200.0,100.0,93.13600000000001,800.0,993.136,9206.864,10335821.324000007,False,0.0008915665473580577,-0.00027016540860547167,-2793.1359999999404
2019-11-20,2019-11-19,1,1,1,TX201912,False,-7800.0,0.0,0.0,0.0,0.0,-7800.0,10328021.324000007,False,-0.0007546570084264351,-0.0010246185348128378,-10593.13599999994
2019-11-21,2019-11-20,1,1,1,TX201912,False,-11400.0,0.0,0.0,0.0,0.0,-11400.0,10316621.324000007,False,-0.0011037932283804407,-0.002127280796192843,-21993.13599999994
2019-11-22,2019-11-21,0,1,0,,False,4200.0,50.0,46.252,400.0,496.252,3703.7479999999996,10320325.072000006,False,0.00035900784604585696,-0.0017690366606436525,-18289.38800000027
2019-11-25,2019-11-22,0,0,0,,False,0.0,0.0,0.0,0.0,0.0,0.0,10320325.072000006,False,0.0,-0.0017690366606436525,-18289.38800000027
2019-11-26,2019-11-25,0,0,0,,False,0.0,0.0,0.0,0.0,0.0,0.0,10320325.072000006,False,0.0,-0.0017690366606436525,-18289.38800000027
2019-11-27,2019-11-26,0,0,0,,False,0.0,0.0,0.0,0.0,0.0,0.0,10320325.072000006,False,0.0,-0.0017690366606436525,-18289.38800000027
2019-11-28,2019-11-27,1,0,1,TX201912,False,-8800.0,50.0,46.64,400.0,496.64,-9296.64,10311028.432000006,False,-0.0009008088345223389,-0.002668251931313481,-27586.028000000864
2019-11-29,2019-11-28,0,1,0,,False,-2000.0,50.0,46.408,400.0,496.408,-2496.408,10308532.024000006,False,-0.00024211047583308598,-0.002909716395401829,-30082.436000000685
2019-12-02,2019-11-29,0,0,0,,False,0.0,0.0,0.0,0.0,0.0,0.0,10308532.024000006,False,0.0,-0.002909716395401829,-30082.436000000685
2019-12-03,2019-12-02,0,0,0,,False,0.0,0.0,0.0,0.0,0.0,0.0,10308532.024000006,False,0.0,-0.002909716395401829,-30082.436000000685
2019-12-04,2019-12-03,0,0,0,,False,0.0,0.0,0.0,0.0,0.0,0.0,10308532.024000006,False,0.0,-0.002909716395401829,-30082.436000000685
2019-12-05,2019-12-04,0,0,0,,False,0.0,0.0,0.0,0.0,0.0,0.0,10308532.024000006,False,0.0,-0.002909716395401829,-30082.436000000685
2019-12-06,2019-12-05,1,0,1,TX201912,False,-6600.0,50.0,46.588,400.0,496.58799999999997,-7096.588,10301435.436000006,False,-0.0006884188731701025,-0.0035961321648897426,-37179.02400000021
2019-12-09,2019-12-06,1,1,1,TX201912,False,11800.0,0.0,0.0,0.0,0.0,11800.0,10313235.436000006,False,0.001145471431948505,-0.0024547799996016417,-25379.02400000021
2019-12-10,2019-12-09,1,1,1,TX201912,False,-9200.0,0.0,0.0,0.0,0.0,-9200.0,10304035.436000006,False,-0.0008920575950284157,-0.0033446477894872872,-34579.02400000021
2019-12-11,2019-12-10,0,1,0,,False,-5000.0,50.0,46.392,400.0,496.392,-5496.392,10298539.044000005,False,-0.0005334213021819422,-0.003876284985290135,-40075.41600000113
2019-12-12,2019-12-11,1,0,1,TX201912,False,17600.0,50.0,47.068000000000005,400.0,497.068,17102.932,10315641.976000005,False,0.0016607143913256587,-0.0022220079962244066,-22972.484000001103
2019-12-13,2019-12-12,1,1,1,TX201912,False,22400.0,0.0,0.0,0.0,0.0,22400.0,10338041.976000005,False,0.002171459619489996,-5.5373377372380794e-05,-572.4840000011027
2019-12-16,2019-12-13,1,1,1,TX201912,False,-800.0,0.0,0.0,0.0,0.0,-800.0,10337241.976000005,False,-7.738409283471839e-05,-0.00013275318518857215,-1372.4840000011027
2019-12-17,2019-12-16,1,1,1,TX202001,True,27800.0,100.0,96.76,800.0,996.76,26803.24,10364045.216000006,False,0.002592881163295697,0.0,0.0
2019-12-18,2019-12-17,1,1,1,TX202001,False,800.0,0.0,0.0,0.0,0.0,800.0,10364845.216000006,False,7.718993726165538e-05,0.0,0.0
2019-12-19,2019-12-18,1,1,1,TX202001,False,-12800.0,0.0,0.0,0.0,0.0,-12800.0,10352045.216000006,False,-0.0012349436709620028,-0.0012349436709619965,-12800.0
2019-12-20,2019-12-19,0,1,0,,False,6600.0,50.0,48.24400000000001,400.0,498.244,6101.756,10358146.972000005,False,0.0005894251689095402,-0.0006462464089344033,-6698.244000000879
2019-12-23,2019-12-20,1,0,1,TX202001,False,4000.0,50.0,48.008,400.0,498.00800000000004,3501.992,10361648.964000005,False,0.00033809058796583356,-0.0003083743107968884,-3196.252000000328
2019-12-24,2019-12-23,0,1,0,,False,2000.0,50.0,48.112,400.0,498.11199999999997,1501.888,10363150.852000006,False,0.00014494681350604372,-0.00016347219516454903,-1694.3640000000596
2019-12-25,2019-12-24,0,0,0,,False,0.0,0.0,0.0,0.0,0.0,0.0,10363150.852000006,False,0.0,-0.00016347219516454903,-1694.3640000000596
2019-12-26,2019-12-25,0,0,0,,False,0.0,0.0,0.0,0.0,0.0,0.0,10363150.852000006,False,0.0,-0.00016347219516454903,-1694.3640000000596
2019-12-27,2019-12-26,0,0,0,,False,0.0,0.0,0.0,0.0,0.0,0.0,10363150.852000006,False,0.0,-0.00016347219516454903,-1694.3640000000596
2019-12-30,2019-12-27,1,0,1,TX202001,False,-4400.0,50.0,48.37200000000001,400.0,498.372,-4898.372,10358252.480000006,False,-0.0004726720733834202,-0.0006360669998064505,-6592.735999999568
2019-12-31,2019-12-30,0,1,0,,False,-8000.0,50.0,48.108000000000004,400.0,498.108,-8498.108,10349754.372000007,False,-0.0008204190828914797,-0.0014559642411932083,-15090.843999998644
2020-01-02,2019-12-31,0,0,0,,False,0.0,0.0,0.0,0.0,0.0,0.0,10349754.372000007,False,0.0,-0.0014559642411932083,-15090.843999998644
2020-01-03,2020-01-02,0,0,0,,False,0.0,0.0,0.0,0.0,0.0,0.0,10349754.372000007,False,0.0,-0.0014559642411932083,-15090.843999998644
2020-01-06,2020-01-03,0,0,0,,False,0.0,0.0,0.0,0.0,0.0,0.0,10349754.372000007,False,0.0,-0.0014559642411932083,-15090.843999998644
2020-01-07,2020-01-06,0,0,0,,False,0.0,0.0,0.0,0.0,0.0,0.0,10349754.372000007,False,0.0,-0.0014559642411932083,-15090.843999998644
2020-01-08,2020-01-07,0,0,0,,False,0.0,0.0,0.0,0.0,0.0,0.0,10349754.372000007,False,0.0,-0.0014559642411932083,-15090.843999998644
2020-01-09,2020-01-08,0,0,0,,False,0.0,0.0,0.0,0.0,0.0,0.0,10349754.372000007,False,0.0,-0.0014559642411932083,-15090.843999998644
2020-01-10,2020-01-09,0,0,0,,False,0.0,0.0,0.0,0.0,0.0,0.0,10349754.372000007,False,0.0,-0.0014559642411932083,-15090.843999998644
2020-01-13,2020-01-10,0,0,0,,False,0.0,0.0,0.0,0.0,0.0,0.0,10349754.372000007,False,0.0,-0.0014559642411932083,-15090.843999998644
2020-01-14,2020-01-13,0,0,0,,False,0.0,0.0,0.0,0.0,0.0,0.0,10349754.372000007,False,0.0,-0.0014559642411932083,-15090.843999998644
2020-01-15,2020-01-14,0,0,0,,False,0.0,0.0,0.0,0.0,0.0,0.0,10349754.372000007,False,0.0,-0.0014559642411932083,-15090.843999998644
2020-01-16,2020-01-15,0,0,0,,False,0.0,0.0,0.0,0.0,0.0,0.0,10349754.372000007,False,0.0,-0.0014559642411932083,-15090.843999998644
2020-01-17,2020-01-16,0,0,0,,False,0.0,0.0,0.0,0.0,0.0,0.0,10349754.372000007,False,0.0,-0.0014559642411932083,-15090.843999998644
2020-01-20,2020-01-17,0,0,0,,False,0.0,0.0,0.0,0.0,0.0,0.0,10349754.372000007,False,0.0,-0.0014559642411932083,-15090.843999998644
2020-01-30,2020-01-20,0,0,0,,False,0.0,0.0,0.0,0.0,0.0,0.0,10349754.372000007,False,0.0,-0.0014559642411932083,-15090.843999998644
2020-01-31,2020-01-30,0,0,0,,False,0.0,0.0,0.0,0.0,0.0,0.0,10349754.372000007,False,0.0,-0.0014559642411932083,-15090.843999998644
2020-02-03,2020-01-31,0,0,0,,False,0.0,0.0,0.0,0.0,0.0,0.0,10349754.372000007,False,0.0,-0.0014559642411932083,-15090.843999998644
2020-02-04,2020-02-03,0,0,0,,False,0.0,0.0,0.0,0.0,0.0,0.0,10349754.372000007,False,0.0,-0.0014559642411932083,-15090.843999998644
2020-02-05,2020-02-04,1,0,1,TX202002,False,-12200.0,50.0,46.42,400.0,496.42,-12696.42,10337057.952000007,False,-0.0012267363594974398,-0.0026809145164178316,-27787.26399999857
2020-02-06,2020-02-05,0,1,0,,False,21800.0,50.0,46.596000000000004,400.0,496.596,21303.404,10358361.356000006,False,0.002060876905104148,-0.0006255626461252328,-6483.859999999404
2020-02-07,2020-02-06,1,0,1,TX202002,False,-13600.0,50.0,46.648,400.0,496.648,-14096.648,10344264.708000006,False,-0.001360895562099175,-0.0019856068827954765,-20580.50799999945
2020-02-10,2020-02-07,1,1,1,TX202002,False,-5600.0,0.0,0.0,0.0,0.0,-5600.0,10338664.708000006,False,-0.000541362789727248,-0.00252589473884135,-26180.50799999945
2020-02-11,2020-02-10,1,1,1,TX202002,False,20400.0,0.0,0.0,0.0,0.0,20400.0,10359064.708000006,False,0.001973175509233275,-0.000557703263245668,-5780.507999999449
2020-02-12,2020-02-11,1,1,1,TX202002,False,21000.0,0.0,0.0,0.0,0.0,21000.0,10380064.708000006,False,0.0020272100418276475,0.0,0.0
2020-02-13,2020-02-12,1,1,1,TX202002,False,600.0,0.0,0.0,0.0,0.0,600.0,10380664.708000006,False,5.78031078686412e-05,0.0,0.0
2020-02-14,2020-02-13,1,1,1,TX202002,False,7600.0,0.0,0.0,0.0,0.0,7600.0,10388264.708000006,False,0.0007321303802581112,0.0,0.0
2020-02-17,2020-02-14,1,1,1,TX202002,False,-8400.0,0.0,0.0,0.0,0.0,-8400.0,10379864.708000006,False,-0.0008086047319848479,-0.0008086047319848522,-8400.0
2020-02-18,2020-02-17,1,1,1,TX202003,True,-26000.0,100.0,93.07600000000001,800.0,993.076,-26993.076,10352871.632000007,False,-0.0026005229123261886,-0.0034070248491784305,-35393.07599999942
2020-02-19,2020-02-18,1,1,1,TX202003,False,26600.0,0.0,0.0,0.0,0.0,26600.0,10379471.632000007,False,0.002569335440978641,-0.0008464431978930653,-8793.075999999419
2020-02-20,2020-02-19,1,1,1,TX202003,False,-9400.0,0.0,0.0,0.0,0.0,-9400.0,10370071.632000007,False,-0.0009056337676206671,-0.001751310397971384,-18193.07599999942
2020-02-21,2020-02-20,1,1,1,TX202003,False,-10200.0,0.0,0.0,0.0,0.0,-10200.0,10359871.632000007,False,-0.0009835997630454935,-0.002733187572524387,-28393.07599999942
2020-02-24,2020-02-21,1,1,1,TX202003,False,-31200.0,0.0,0.0,0.0,0.0,-31200.0,10328671.632000007,False,-0.0030116203277681677,-0.0057365765770395205,-59593.07599999942
2020-02-25,2020-02-24,1,1,1,TX202003,False,6800.0,0.0,0.0,0.0,0.0,6800.0,10335471.632000007,False,0.0006583615243350777,-0.005081991794004148,-52793.07599999942
2020-02-26,2020-02-25,1,1,1,TX202003,False,-24200.0,0.0,0.0,0.0,0.0,-24200.0,10311271.632000007,False,-0.002341450962438284,-0.007411543521865349,-76993.07599999942
2020-02-27,2020-02-26,1,1,1,TX202003,False,-29600.0,0.0,0.0,0.0,0.0,-29600.0,10281671.632000007,False,-0.002870644965664501,-0.010260912577431003,-106593.07599999942
2020-03-02,2020-02-27,1,1,1,TX202003,False,-19800.0,0.0,0.0,0.0,0.0,-19800.0,10261871.632000007,False,-0.0019257568913576043,-0.012166909445680996,-126393.07599999942
2020-03-03,2020-03-02,1,1,1,TX202003,False,30000.0,0.0,0.0,0.0,0.0,30000.0,10291871.632000007,False,0.00292344331286018,-0.009279035402877889,-96393.07599999942
2020-03-04,2020-03-03,1,1,1,TX202003,False,8000.0,0.0,0.0,0.0,0.0,8000.0,10299871.632000007,False,0.0007773124545321763,-0.00850893565813049,-88393.07599999942
2020-03-05,2020-03-04,0,1,0,,False,17200.0,50.0,45.792,400.0,495.79200000000003,16704.208,10316575.840000007,False,0.001621787979192165,-0.006900947368504329,-71688.86799999885
2020-03-06,2020-03-05,1,0,1,TX202003,False,-26200.0,50.0,45.608000000000004,400.0,495.608,-26695.608,10289880.232000008,False,-0.0025876422966324046,-0.00947073248183905,-98384.47599999793
2020-03-09,2020-03-06,0,1,0,,False,-58800.0,50.0,43.892,400.0,493.892,-59293.892,10230586.340000007,False,-0.005762350062696041,-0.015178508868624707,-157678.36799999885
2020-03-10,2020-03-09,0,0,0,,False,0.0,0.0,0.0,0.0,0.0,0.0,10230586.340000007,False,0.0,-0.015178508868624707,-157678.36799999885
2020-03-11,2020-03-10,0,0,0,,False,0.0,0.0,0.0,0.0,0.0,0.0,10230586.340000007,False,0.0,-0.015178508868624707,-157678.36799999885
2020-03-12,2020-03-11,0,0,0,,False,0.0,0.0,0.0,0.0,0.0,0.0,10230586.340000007,False,0.0,-0.015178508868624707,-157678.36799999885
2020-03-13,2020-03-12,0,0,0,,False,0.0,0.0,0.0,0.0,0.0,0.0,10230586.340000007,False,0.0,-0.015178508868624707,-157678.36799999885
2020-03-16,2020-03-13,0,0,0,,False,0.0,0.0,0.0,0.0,0.0,0.0,10230586.340000007,False,0.0,-0.015178508868624707,-157678.36799999885
2020-03-17,2020-03-16,0,0,0,,False,0.0,0.0,0.0,0.0,0.0,0.0,10230586.340000007,False,0.0,-0.015178508868624707,-157678.36799999885
2020-03-18,2020-03-17,0,0,0,,False,0.0,0.0,0.0,0.0,0.0,0.0,10230586.340000007,False,0.0,-0.015178508868624707,-157678.36799999885
2020-03-19,2020-03-18,0,0,0,,False,0.0,0.0,0.0,0.0,0.0,0.0,10230586.340000007,False,0.0,-0.015178508868624707,-157678.36799999885
2020-03-20,2020-03-19,0,0,0,,False,0.0,0.0,0.0,0.0,0.0,0.0,10230586.340000007,False,0.0,-0.015178508868624707,-157678.36799999885
2020-03-23,2020-03-20,0,0,0,,False,0.0,0.0,0.0,0.0,0.0,0.0,10230586.340000007,False,0.0,-0.015178508868624707,-157678.36799999885
2020-03-24,2020-03-23,1,0,1,TX202004,False,39000.0,50.0,36.0,400.0,486.0,38514.0,10269100.340000007,False,0.003764593613702885,-0.011471056172474126,-119164.36799999885
2020-03-25,2020-03-24,1,1,1,TX202004,False,78000.0,0.0,0.0,0.0,0.0,78000.0,10347100.340000007,False,0.007595602089520526,-0.003962583661186292,-41164.36799999885
2020-03-26,2020-03-25,1,1,1,TX202004,False,11000.0,0.0,0.0,0.0,0.0,11000.0,10358100.340000007,False,0.0010630997708097989,-0.0029036965121584934,-30164.367999998853
2020-03-27,2020-03-26,1,1,1,TX202004,False,-11000.0,0.0,0.0,0.0,0.0,-11000.0,10347100.340000007,False,-0.0010619707899064427,-0.003962583661186292,-41164.36799999885
2020-03-30,2020-03-27,1,1,1,TX202004,False,-1400.0,0.0,0.0,0.0,0.0,-1400.0,10345700.340000007,False,-0.0001353036071939744,-0.004097351116517101,-42564.36799999885
2020-03-31,2020-03-30,1,1,1,TX202004,False,4000.0,0.0,0.0,0.0,0.0,4000.0,10349700.340000007,False,0.00038663404782126107,-0.0037123012441433456,-38564.36799999885
2020-04-01,2020-03-31,1,1,1,TX202004,False,-8800.0,0.0,0.0,0.0,0.0,-8800.0,10340900.340000007,False,-0.0008502661633583098,-0.00455941096336554,-47364.36799999885
2020-04-06,2020-04-01,1,1,1,TX202004,False,54800.0,0.0,0.0,0.0,0.0,54800.0,10395700.340000007,False,0.005299345143867808,0.0,0.0
2020-04-07,2020-04-06,0,1,0,,False,25800.0,50.0,39.812000000000005,400.0,489.812,25310.188,10421010.528000006,False,0.0024346784893955475,0.0,0.0
2020-04-08,2020-04-07,1,0,1,TX202004,False,35400.0,50.0,39.808,400.0,489.808,34910.192,10455920.720000006,False,0.003349981453929108,0.0,0.0
2020-04-09,2020-04-08,1,1,1,TX202004,False,-5200.0,0.0,0.0,0.0,0.0,-5200.0,10450720.720000006,False,-0.0004973258825550847,-0.000497325882555133,-5200.0
2020-04-10,2020-04-09,1,1,1,TX202004,False,6400.0,0.0,0.0,0.0,0.0,6400.0,10457120.720000006,False,0.0006123979552675288,0.0,0.0
2020-04-13,2020-04-10,1,1,1,TX202004,False,-12000.0,0.0,0.0,0.0,0.0,-12000.0,10445120.720000006,False,-0.0011475434128869837,-0.001147543412887031,-12000.0
2020-04-14,2020-04-13,1,1,1,TX202005,True,54600.0,100.0,82.42800000000001,800.0,982.428,53617.572,10498738.292000007,False,0.0051332649413361655,0.0,0.0
2020-04-15,2020-04-14,1,1,1,TX202005,False,12200.0,0.0,0.0,0.0,0.0,12200.0,10510938.292000007,False,0.0011620443962582006,0.0,0.0
2020-04-16,2020-04-15,1,1,1,TX202005,False,-4000.0,0.0,0.0,0.0,0.0,-4000.0,10506938.292000007,False,-0.00038055593981028746,-0.0003805559398102343,-4000.0
2020-04-17,2020-04-16,1,1,1,TX202005,False,51800.0,0.0,0.0,0.0,0.0,51800.0,10558738.292000007,False,0.004930075590092745,0.0,0.0
2020-04-20,2020-04-17,0,1,0,,False,-9200.0,50.0,42.05200000000001,400.0,492.052,-9692.052,10549046.240000008,False,-0.0009179176272740214,-0.0009179176272740008,-9692.05199999921
2020-04-21,2020-04-20,0,0,0,,False,0.0,0.0,0.0,0.0,0.0,0.0,10549046.240000008,False,0.0,-0.0009179176272740008,-9692.05199999921
2020-04-22,2020-04-21,0,0,0,,False,0.0,0.0,0.0,0.0,0.0,0.0,10549046.240000008,False,0.0,-0.0009179176272740008,-9692.05199999921
2020-04-23,2020-04-22,0,0,0,,False,0.0,0.0,0.0,0.0,0.0,0.0,10549046.240000008,False,0.0,-0.0009179176272740008,-9692.05199999921
2020-04-24,2020-04-23,0,0,0,,False,0.0,0.0,0.0,0.0,0.0,0.0,10549046.240000008,False,0.0,-0.0009179176272740008,-9692.05199999921
2020-04-27,2020-04-24,0,0,0,,False,0.0,0.0,0.0,0.0,0.0,0.0,10549046.240000008,False,0.0,-0.0009179176272740008,-9692.05199999921
2020-04-28,2020-04-27,0,0,0,,False,0.0,0.0,0.0,0.0,0.0,0.0,10549046.240000008,False,0.0,-0.0009179176272740008,-9692.05199999921
2020-04-29,2020-04-28,0,0,0,,False,0.0,0.0,0.0,0.0,0.0,0.0,10549046.240000008,False,0.0,-0.0009179176272740008,-9692.05199999921
2020-04-30,2020-04-29,0,0,0,,False,0.0,0.0,0.0,0.0,0.0,0.0,10549046.240000008,False,0.0,-0.0009179176272740008,-9692.05199999921
2020-05-04,2020-04-30,0,0,0,,False,0.0,0.0,0.0,0.0,0.0,0.0,10549046.240000008,False,0.0,-0.0009179176272740008,-9692.05199999921
2020-05-05,2020-05-04,0,0,0,,False,0.0,0.0,0.0,0.0,0.0,0.0,10549046.240000008,False,0.0,-0.0009179176272740008,-9692.05199999921
2020-05-06,2020-05-05,0,0,0,,False,0.0,0.0,0.0,0.0,0.0,0.0,10549046.240000008,False,0.0,-0.0009179176272740008,-9692.05199999921
2020-05-07,2020-05-06,0,0,0,,False,0.0,0.0,0.0,0.0,0.0,0.0,10549046.240000008,False,0.0,-0.0009179176272740008,-9692.05199999921
2020-05-08,2020-05-07,0,0,0,,False,0.0,0.0,0.0,0.0,0.0,0.0,10549046.240000008,False,0.0,-0.0009179176272740008,-9692.05199999921
2020-05-11,2020-05-08,0,0,0,,False,0.0,0.0,0.0,0.0,0.0,0.0,10549046.240000008,False,0.0,-0.0009179176272740008,-9692.05199999921
2020-05-12,2020-05-11,0,0,0,,False,0.0,0.0,0.0,0.0,0.0,0.0,10549046.240000008,False,0.0,-0.0009179176272740008,-9692.05199999921
2020-05-13,2020-05-12,0,0,0,,False,0.0,0.0,0.0,0.0,0.0,0.0,10549046.240000008,False,0.0,-0.0009179176272740008,-9692.05199999921
2020-05-14,2020-05-13,0,0,0,,False,0.0,0.0,0.0,0.0,0.0,0.0,10549046.240000008,False,0.0,-0.0009179176272740008,-9692.05199999921
2020-05-15,2020-05-14,0,0,0,,False,0.0,0.0,0.0,0.0,0.0,0.0,10549046.240000008,False,0.0,-0.0009179176272740008,-9692.05199999921
2020-05-18,2020-05-15,0,0,0,,False,0.0,0.0,0.0,0.0,0.0,0.0,10549046.240000008,False,0.0,-0.0009179176272740008,-9692.05199999921
2020-05-19,2020-05-18,0,0,0,,False,0.0,0.0,0.0,0.0,0.0,0.0,10549046.240000008,False,0.0,-0.0009179176272740008,-9692.05199999921
2020-05-20,2020-05-19,1,0,1,TX202006,False,800.0,50.0,43.404,400.0,493.404,306.596,10549352.836000009,False,2.90638597106007e-05,-0.0008888804457923838,-9385.455999998376
2020-05-21,2020-05-20,0,1,0,,False,10000.0,50.0,43.604000000000006,400.0,493.60400000000004,9506.396,10558859.232000008,False,0.0009011354675292608,0.0,0.0
2020-05-22,2020-05-21,1,0,1,TX202006,False,-37000.0,50.0,43.720000000000006,400.0,493.72,-37493.72,10521365.512000008,False,-0.0035509252634385318,-0.003550925263438587,-37493.72000000067
2020-05-25,2020-05-22,0,1,0,,False,11400.0,50.0,43.192,400.0,493.192,10906.808,10532272.320000008,False,0.0010366342645886013,-0.0025179720096490943,-26586.912000000477
2020-05-26,2020-05-25,0,0,0,,False,0.0,0.0,0.0,0.0,0.0,0.0,10532272.320000008,False,0.0,-0.0025179720096490943,-26586.912000000477
2020-05-27,2020-05-26,1,0,1,TX202006,False,2000.0,50.0,43.856,400.0,493.856,1506.144,10533778.464000007,False,0.00014300275897157955,-0.0023753293276219667,-25080.768000001088
2020-05-28,2020-05-27,1,1,1,TX202006,False,-13000.0,0.0,0.0,0.0,0.0,-13000.0,10520778.464000007,False,-0.0012341250620020625,-0.0036065229361702533,-38080.76800000109
2020-05-29,2020-05-28,1,1,1,TX202006,False,3000.0,0.0,0.0,0.0,0.0,3000.0,10523778.464000007,False,0.00028515000199513736,-0.003322401334197589,-35080.76800000109
2020-06-01,2020-05-29,1,1,1,TX202006,False,27000.0,0.0,0.0,0.0,0.0,27000.0,10550778.464000007,False,0.0025656184318552737,-0.0007653069164432758,-8080.768000001088
2020-06-02,2020-06-01,1,1,1,TX202006,False,9800.0,0.0,0.0,0.0,0.0,9800.0,10560578.464000007,False,0.0009288414152034643,0.0,0.0
2020-06-03,2020-06-02,1,1,1,TX202006,False,35400.0,0.0,0.0,0.0,0.0,35400.0,10595978.464000007,False,0.003352089103894752,0.0,0.0
2020-06-04,2020-06-03,1,1,1,TX202006,False,14800.0,0.0,0.0,0.0,0.0,14800.0,10610778.464000007,False,0.0013967563307421978,0.0,0.0
2020-06-05,2020-06-04,1,1,1,TX202006,False,20000.0,0.0,0.0,0.0,0.0,20000.0,10630778.464000007,False,0.001884875842790943,0.0,0.0
2020-06-08,2020-06-05,1,1,1,TX202006,False,22600.0,0.0,0.0,0.0,0.0,22600.0,10653378.464000007,False,0.002125902639823836,0.0,0.0
2020-06-09,2020-06-08,1,1,1,TX202006,False,7800.0,0.0,0.0,0.0,0.0,7800.0,10661178.464000007,False,0.0007321621048532004,0.0,0.0
2020-06-10,2020-06-09,1,1,1,TX202006,False,19400.0,0.0,0.0,0.0,0.0,19400.0,10680578.464000007,False,0.0018196862631564318,0.0,0.0
2020-06-11,2020-06-10,1,1,1,TX202006,False,-43000.0,0.0,0.0,0.0,0.0,-43000.0,10637578.464000007,False,-0.004025999167080317,-0.004025999167080352,-43000.0
2020-06-12,2020-06-11,1,1,1,TX202006,False,-19200.0,0.0,0.0,0.0,0.0,-19200.0,10618378.464000007,False,-0.001804922056742254,-0.005823654609125484,-62200.0
2020-06-15,2020-06-12,1,1,1,TX202006,False,-33200.0,0.0,0.0,0.0,0.0,-33200.0,10585178.464000007,False,-0.003126654423983807,-0.008932100477661908,-95400.0
2020-06-16,2020-06-15,1,1,1,TX202007,True,59400.0,100.0,91.42000000000002,800.0,991.4200000000001,58408.58,10643587.044000007,False,0.005517958927064526,-0.0034634285141654786,-36991.419999999925
2020-06-17,2020-06-16,1,1,1,TX202007,False,5800.0,0.0,0.0,0.0,0.0,5800.0,10649387.044000007,False,0.0005449290710005111,-0.0029203867660476668,-31191.419999999925
2020-06-18,2020-06-17,1,1,1,TX202007,False,7200.0,0.0,0.0,0.0,0.0,7200.0,10656587.044000007,False,0.0006760952503887599,-0.00224626597528077,-23991.419999999925
2020-06-19,2020-06-18,1,1,1,TX202007,False,3200.0,0.0,0.0,0.0,0.0,3200.0,10659787.044000007,False,0.00030028375752832613,-0.0019466567349398778,-20791.419999999925
2020-06-22,2020-06-19,1,1,1,TX202007,False,2600.0,0.0,0.0,0.0,0.0,2600.0,10662387.044000007,False,0.0002439073115877528,-0.0017032242271629583,-18191.419999999925
2020-06-23,2020-06-22,1,1,1,TX202007,False,6400.0,0.0,0.0,0.0,0.0,6400.0,10668787.044000007,False,0.0006002408253976713,-0.0011040057464812847,-11791.419999999925
2020-06-24,2020-06-23,1,1,1,TX202007,False,13600.0,0.0,0.0,0.0,0.0,13600.0,10682387.044000007,False,0.0012747465990192832,0.0,0.0
2020-06-29,2020-06-24,1,1,1,TX202007,False,-32400.0,0.0,0.0,0.0,0.0,-32400.0,10649987.044000007,False,-0.003033029964795945,-0.0030330299647959302,-32400.0
2020-06-30,2020-06-29,0,1,0,,False,19800.0,50.0,45.832,400.0,495.832,19304.168,10669291.212000007,False,0.001812600139347173,-0.0012259274959856015,-13095.832000000402
2020-07-01,2020-06-30,0,0,0,,False,0.0,0.0,0.0,0.0,0.0,0.0,10669291.212000007,False,0.0,-0.0012259274959856015,-13095.832000000402
2020-07-02,2020-07-01,1,0,1,TX202007,False,22000.0,50.0,46.348000000000006,400.0,496.348,21503.652,10690794.864000008,False,0.002015471465978389,0.0,0.0
2020-07-03,2020-07-02,1,1,1,TX202007,False,28600.0,0.0,0.0,0.0,0.0,28600.0,10719394.864000008,False,0.002675198651159899,0.0,0.0
2020-07-06,2020-07-03,1,1,1,TX202007,False,45400.0,0.0,0.0,0.0,0.0,45400.0,10764794.864000008,False,0.0042353137071637565,0.0,0.0
2020-07-07,2020-07-06,1,1,1,TX202007,False,-7600.0,0.0,0.0,0.0,0.0,-7600.0,10757194.864000008,False,-0.0007060050930850692,-0.0007060050930850492,-7600.0
2020-07-08,2020-07-07,1,1,1,TX202007,False,19600.0,0.0,0.0,0.0,0.0,19600.0,10776794.864000008,False,0.001822036343842138,0.0,0.0
2020-07-09,2020-07-08,1,1,1,TX202007,False,4400.0,0.0,0.0,0.0,0.0,4400.0,10781194.864000008,False,0.00040828465750037096,0.0,0.0
2020-07-10,2020-07-09,1,1,1,TX202007,False,-29600.0,0.0,0.0,0.0,0.0,-29600.0,10751594.864000008,False,-0.002745521287147749,-0.0027455212871477785,-29600.0
2020-07-13,2020-07-10,1,1,1,TX202007,False,41200.0,0.0,0.0,0.0,0.0,41200.0,10792794.864000008,False,0.0038319896276925013,0.0,0.0
2020-07-14,2020-07-13,1,1,1,TX202008,True,-3400.0,100.0,96.88400000000001,800.0,996.884,-4396.884,10788397.980000008,False,-0.0004073906764100614,-0.00040739067641004656,-4396.883999999613
2020-07-15,2020-07-14,1,1,1,TX202008,False,9600.0,0.0,0.0,0.0,0.0,9600.0,10797997.980000008,False,0.0008898448145681026,0.0,0.0
2020-07-16,2020-07-15,1,1,1,TX202008,False,-9800.0,0.0,0.0,0.0,0.0,-9800.0,10788197.980000008,False,-0.0009075756467218744,-0.0009075756467218365,-9800.0
2020-07-17,2020-07-16,1,1,1,TX202008,False,1400.0,0.0,0.0,0.0,0.0,1400.0,10789597.980000008,False,0.00012977144121709925,-0.0007779219829044948,-8400.0
2020-07-20,2020-07-17,1,1,1,TX202008,False,-1600.0,0.0,0.0,0.0,0.0,-1600.0,10787997.980000008,False,-0.00014829097460033436,-0.0009260975986957742,-10000.0
2020-07-21,2020-07-20,1,1,1,TX202008,False,51600.0,0.0,0.0,0.0,0.0,51600.0,10839597.980000008,False,0.004783093220416043,0.0,0.0
2020-07-22,2020-07-21,1,1,1,TX202008,False,8400.0,0.0,0.0,0.0,0.0,8400.0,10847997.980000008,False,0.0007749364889268702,0.0,0.0
2020-07-23,2020-07-22,1,1,1,TX202008,False,-8600.0,0.0,0.0,0.0,0.0,-8600.0,10839397.980000008,False,-0.0007927730089787493,-0.000792773008978731,-8600.0
2020-07-24,2020-07-23,1,1,1,TX202008,False,-27600.0,0.0,0.0,0.0,0.0,-27600.0,10811797.980000008,False,-0.0025462668730242507,-0.0033370212703524027,-36200.0
2020-07-27,2020-07-24,1,1,1,TX202008,False,70600.0,0.0,0.0,0.0,0.0,70600.0,10882397.980000008,False,0.006529903733920854,0.0,0.0
2020-07-28,2020-07-27,1,1,1,TX202008,False,-9200.0,0.0,0.0,0.0,0.0,-9200.0,10873197.980000008,False,-0.0008454019065382494,-0.0008454019065382568,-9200.0
2020-07-29,2020-07-28,1,1,1,TX202008,False,-6800.0,0.0,0.0,0.0,0.0,-6800.0,10866397.980000008,False,-0.0006253909854771168,-0.0014702641852839538,-16000.0
2020-07-30,2020-07-29,1,1,1,TX202008,False,34600.0,0.0,0.0,0.0,0.0,34600.0,10900997.980000008,False,0.003184127809756511,0.0,0.0
2020-07-31,2020-07-30,1,1,1,TX202008,False,-3800.0,0.0,0.0,0.0,0.0,-3800.0,10897197.980000008,False,-0.00034859193690080817,-0.0003485919369008439,-3800.0
2020-08-03,2020-07-31,0,1,0,,False,-9200.0,50.0,50.11600000000001,400.0,500.116,-9700.116,10887497.864000008,False,-0.0008901477258468597,-0.0012384293644278621,-13500.116000000387
2020-08-04,2020-08-03,1,0,1,TX202008,False,22600.0,50.0,50.072,400.0,500.072,22099.928,10909597.792000007,False,0.002029844531411977,0.0,0.0
2020-08-05,2020-08-04,1,1,1,TX202008,False,23000.0,0.0,0.0,0.0,0.0,23000.0,10932597.792000007,False,0.0021082353757226383,0.0,0.0
2020-08-06,2020-08-05,1,1,1,TX202008,False,18200.0,0.0,0.0,0.0,0.0,18200.0,10950797.792000007,False,0.0016647461423412062,0.0,0.0
2020-08-07,2020-08-06,1,1,1,TX202008,False,-14400.0,0.0,0.0,0.0,0.0,-14400.0,10936397.792000007,False,-0.0013149726872429123,-0.001314972687242899,-14400.0
2020-08-10,2020-08-07,1,1,1,TX202008,False,18400.0,0.0,0.0,0.0,0.0,18400.0,10954797.792000007,False,0.0016824552608592593,0.0,0.0
2020-08-11,2020-08-10,1,1,1,TX202008,False,-23600.0,0.0,0.0,0.0,0.0,-23600.0,10931197.792000007,False,-0.002154307222104496,-0.0021543072221045234,-23600.0
2020-08-12,2020-08-11,0,1,0,,False,-7400.0,50.0,50.792,400.0,500.79200000000003,-7900.792,10923297.000000007,False,-0.000722774589787607,-0.002875524733373269,-31500.791999999434
2020-08-13,2020-08-12,1,0,1,TX202008,False,-18600.0,50.0,51.272000000000006,400.0,501.272,-19101.272,10904195.728000008,False,-0.0017486727679381041,-0.004619169149516655,-50602.063999999315
2020-08-14,2020-08-13,1,1,1,TX202008,False,13000.0,0.0,0.0,0.0,0.0,13000.0,10917195.728000008,False,0.0011922016372668683,-0.0034324744932726636,-37602.063999999315
2020-08-17,2020-08-14,1,1,1,TX202008,False,33400.0,0.0,0.0,0.0,0.0,33400.0,10950595.728000008,False,0.0030593937153967988,-0.0003835820687687619,-4202.063999999315
2020-08-18,2020-08-17,1,1,1,TX202009,True,-16000.0,100.0,102.82400000000001,800.0,1002.8240000000001,-17002.824,10933592.904000008,False,-0.0015526848422067864,-0.0019356713289115923,-21204.887999998406
2020-08-19,2020-08-18,1,1,1,TX202009,False,-16200.0,0.0,0.0,0.0,0.0,-16200.0,10917392.904000008,False,-0.00148167214036964,-0.0034144754390003085,-37404.887999998406
2020-08-20,2020-08-19,1,1,1,TX202009,False,-89000.0,0.0,0.0,0.0,0.0,-89000.0,10828392.904000008,False,-0.008152129430772013,-0.011538769624055312,-126404.8879999984
2020-08-21,2020-08-20,1,1,1,TX202009,False,47600.0,0.0,0.0,0.0,0.0,47600.0,10875992.904000008,False,0.004395850836038334,-0.007193641498115744,-78804.8879999984
2020-08-24,2020-08-21,1,1,1,TX202009,False,12200.0,0.0,0.0,0.0,0.0,12200.0,10888192.904000008,False,0.0011217366642003825,-0.006079974205332905,-66604.8879999984
2020-08-25,2020-08-24,1,1,1,TX202009,False,26600.0,0.0,0.0,0.0,0.0,26600.0,10914792.904000008,False,0.0024430132928879252,-0.0036518143702490846,-40004.887999998406
2020-08-26,2020-08-25,1,1,1,TX202009,False,11000.0,0.0,0.0,0.0,0.0,11000.0,10925792.904000008,False,0.001007806570106224,-0.0026476881226580318,-29004.887999998406
2020-08-27,2020-08-26,1,1,1,TX202009,False,-6400.0,0.0,0.0,0.0,0.0,-6400.0,10919392.904000008,False,-0.0005857698435467247,-0.0032319070303473696,-35404.887999998406
2020-08-28,2020-08-27,1,1,1,TX202009,False,-13800.0,0.0,0.0,0.0,0.0,-13800.0,10905592.904000008,False,-0.001263806524897988,-0.004491629050052515,-49204.887999998406
2020-08-31,2020-08-28,1,1,1,TX202009,False,-20000.0,0.0,0.0,0.0,0.0,-20000.0,10885592.904000008,False,-0.001833921381080005,-0.0063173131365817925,-69204.8879999984
2020-09-01,2020-08-31,1,1,1,TX202009,False,20000.0,0.0,0.0,0.0,0.0,20000.0,10905592.904000008,False,0.00183729082801276,-0.004491629050052515,-49204.887999998406
2020-09-02,2020-09-01,0,1,0,,False,14800.0,50.0,51.05200000000001,400.0,501.052,14298.948,10919891.85200001,False,0.0013111573232075589,-0.0031863609591670228,-34905.939999997616
2020-09-03,2020-09-02,1,0,1,TX202009,False,-12000.0,50.0,51.176,400.0,501.176,-12501.176,10907390.676000008,False,-0.001144807674785751,-0.004327520863472101,-47407.115999998525
2020-09-04,2020-09-03,1,1,1,TX202009,False,-25200.0,0.0,0.0,0.0,0.0,-25200.0,10882190.676000008,False,-0.002310360080477233,-0.006627882812498931,-72607.11599999852
2020-09-07,2020-09-04,1,1,1,TX202009,False,-4800.0,0.0,0.0,0.0,0.0,-4800.0,10877390.676000008,False,-0.00044108765807477534,-0.007066046993265962,-77407.11599999852
2020-09-08,2020-09-07,1,1,1,TX202009,False,17000.0,0.0,0.0,0.0,0.0,17000.0,10894390.676000008,False,0.0015628748204759237,-0.0055142155197160925,-60407.115999998525
2020-09-09,2020-09-08,1,1,1,TX202009,False,-13800.0,0.0,0.0,0.0,0.0,-13800.0,10880590.676000008,False,-0.001266706914632771,-0.006773937539421349,-74207.11599999852
2020-09-10,2020-09-09,1,1,1,TX202009,False,20200.0,0.0,0.0,0.0,0.0,20200.0,10900790.676000008,False,0.0018565168566221674,-0.004929996612026755,-54007.115999998525
2020-09-11,2020-09-10,1,1,1,TX202009,False,-7600.0,0.0,0.0,0.0,0.0,-7600.0,10893190.676000008,False,-0.0006971971323816653,-0.005623756564907878,-61607.115999998525
2020-09-14,2020-09-11,1,1,1,TX202009,False,24800.0,0.0,0.0,0.0,0.0,24800.0,10917990.676000008,False,0.0022766516016872467,-0.00335990829761168,-36807.115999998525
2020-09-15,2020-09-14,1,1,1,TX202010,True,11000.0,100.0,102.476,800.0,1002.476,9997.524,10927988.200000009,False,0.0009156926669645007,-0.0024472922740369496,-26809.591999998316
2020-09-16,2020-09-15,1,1,1,TX202010,False,25200.0,0.0,0.0,0.0,0.0,25200.0,10953188.200000009,False,0.002306005418270856,-0.0001469303250101195,-1609.5919999983162
2020-09-17,2020-09-16,1,1,1,TX202010,False,-17800.0,0.0,0.0,0.0,0.0,-17800.0,10935388.200000009,False,-0.0016250976131314885,-0.0017717891620211423,-19409.591999998316
2020-09-18,2020-09-17,1,1,1,TX202010,False,3800.0,0.0,0.0,0.0,0.0,3800.0,10939188.200000009,False,0.0003474956654945269,-0.0014249091855805807,-15609.591999998316
2020-09-21,2020-09-18,1,1,1,TX202010,False,-35200.0,0.0,0.0,0.0,0.0,-35200.0,10903988.200000009,False,-0.003217789049465295,-0.004638113177871994,-50809.591999998316
2020-09-22,2020-09-21,0,1,0,,False,-6400.0,50.0,50.50000000000001,400.0,500.5,-6900.5,10897087.700000009,False,-0.0006328418440511513,-0.00526801982982672,-57710.091999998316
2020-09-23,2020-09-22,0,0,0,,False,0.0,0.0,0.0,0.0,0.0,0.0,10897087.700000009,False,0.0,-0.00526801982982672,-57710.091999998316
2020-09-24,2020-09-23,0,0,0,,False,0.0,0.0,0.0,0.0,0.0,0.0,10897087.700000009,False,0.0,-0.00526801982982672,-57710.091999998316
2020-09-25,2020-09-24,0,0,0,,False,0.0,0.0,0.0,0.0,0.0,0.0,10897087.700000009,False,0.0,-0.00526801982982672,-57710.091999998316
2020-09-28,2020-09-25,0,0,0,,False,0.0,0.0,0.0,0.0,0.0,0.0,10897087.700000009,False,0.0,-0.00526801982982672,-57710.091999998316
2020-09-29,2020-09-28,1,0,1,TX202010,False,-11400.0,50.0,49.92,400.0,499.92,-11899.92,10885187.780000009,False,-0.001092027551544803,-0.00635429455857528,-69610.01199999824
2020-09-30,2020-09-29,1,1,1,TX202010,False,10200.0,0.0,0.0,0.0,0.0,10200.0,10895387.780000009,False,0.0009370531961553347,-0.00542319567444538,-59410.01199999824
2020-10-05,2020-09-30,1,1,1,TX202010,False,11400.0,0.0,0.0,0.0,0.0,11400.0,10906787.780000009,False,0.00104631429648849,-0.004382555745123695,-48010.01199999824
2020-10-06,2020-10-05,1,1,1,TX202010,False,29200.0,0.0,0.0,0.0,0.0,29200.0,10935987.780000009,False,0.002677231884308285,-0.0017170569787909873,-18810.01199999824
2020-10-07,2020-10-06,1,1,1,TX202010,False,16000.0,0.0,0.0,0.0,0.0,16000.0,10951987.780000009,False,0.0014630594256205348,-0.00025650970956769825,-2810.0119999982417
2020-10-08,2020-10-07,1,1,1,TX202010,False,23600.0,0.0,0.0,0.0,0.0,23600.0,10975587.780000009,False,0.0021548599646081766,0.0,0.0
2020-10-12,2020-10-08,1,1,1,TX202010,False,9400.0,0.0,0.0,0.0,0.0,9400.0,10984987.780000009,False,0.0008564461592780403,0.0,0.0
2020-10-13,2020-10-12,1,1,1,TX202010,False,-200.0,0.0,0.0,0.0,0.0,-200.0,10984787.780000009,False,-1.8206665679149242e-05,-1.820666567919904e-05,-200.0
2020-10-14,2020-10-13,1,1,1,TX202010,False,-6200.0,0.0,0.0,0.0,0.0,-6200.0,10978587.780000009,False,-0.0005644169122036507,-0.000582613301732815,-6400.0
2020-10-15,2020-10-14,1,1,1,TX202010,False,-9600.0,0.0,0.0,0.0,0.0,-9600.0,10968987.780000009,False,-0.0008744294068029934,-0.0014565332543319265,-16000.0
2020-10-16,2020-10-15,1,1,1,TX202010,False,-19000.0,0.0,0.0,0.0,0.0,-19000.0,10949987.780000009,False,-0.001732156182600833,-0.0031861664938511725,-35000.0
2020-10-19,2020-10-16,1,1,1,TX202010,False,30200.0,0.0,0.0,0.0,0.0,30200.0,10980187.780000009,False,0.002757993945450775,-0.00043695997629955574,-4800.0
2020-10-20,2020-10-19,0,1,0,,False,-800.0,50.0,51.56,400.0,501.56,-1301.56,10978886.220000008,False,-0.00011853713489041978,-0.0005554453152063488,-6101.5600000005215
2020-10-21,2020-10-20,1,0,1,TX202011,False,-2800.0,50.0,51.288000000000004,400.0,501.288,-3301.288,10975584.932000007,False,-0.00030069425384754536,-0.0008559725498393789,-9402.848000001162
2020-10-22,2020-10-21,1,1,1,TX202011,False,6200.0,0.0,0.0,0.0,0.0,6200.0,10981784.932000007,False,0.0005648901665298503,-0.0002915659137857629,-3202.8480000011623
2020-10-23,2020-10-22,1,1,1,TX202011,False,400.0,0.0,0.0,0.0,0.0,400.0,10982184.932000007,False,3.64239513409549e-05,-0.00025515258242747585,-2802.8480000011623
2020-10-26,2020-10-23,1,1,1,TX202011,False,3800.0,0.0,0.0,0.0,0.0,3800.0,10985984.932000007,False,0.0003460149345079338,0.0,0.0
2020-10-27,2020-10-26,1,1,1,TX202011,False,-10200.0,0.0,0.0,0.0,0.0,-10200.0,10975784.932000007,False,-0.0009284556699408363,-0.0009284556699408197,-10200.0
2020-10-28,2020-10-27,1,1,1,TX202011,False,-13600.0,0.0,0.0,0.0,0.0,-13600.0,10962184.932000007,False,-0.0012390913346296598,-0.002166396563195283,-23800.0
2020-10-29,2020-10-28,1,1,1,TX202011,False,-27400.0,0.0,0.0,0.0,0.0,-27400.0,10934784.932000007,False,-0.0024995017115626217,-0.004660483362840306,-51200.0
2020-10-30,2020-10-29,0,1,0,,False,-11400.0,50.0,50.172000000000004,400.0,500.172,-11900.172,10922884.760000007,False,-0.001088285876128651,-0.005743697300749195,-63100.17200000025
2020-11-02,2020-10-30,1,0,1,TX202011,False,8200.0,50.0,49.904,400.0,499.904,7700.096,10930584.856000008,False,0.0007049507679691015,-0.005042795556603252,-55400.07599999942
2020-11-03,2020-11-02,0,1,0,,False,19200.0,50.0,50.43600000000001,400.0,500.43600000000004,18699.564,10949284.420000007,False,0.001710756034224047,-0.003340666515307067,-36700.512000000104
2020-11-04,2020-11-03,1,0,1,TX202011,False,19000.0,50.0,51.088,400.0,501.08799999999997,18498.912,10967783.332000008,False,0.001689508765176454,-0.001656801835489663,-18201.599999999627
2020-11-05,2020-11-04,1,1,1,TX202011,False,5000.0,0.0,0.0,0.0,0.0,5000.0,10972783.332000008,False,0.000455880632270681,-0.001201676507087357,-13201.599999999627
2020-11-06,2020-11-05,1,1,1,TX202011,False,9200.0,0.0,0.0,0.0,0.0,9200.0,10981983.332000008,False,0.0008384381356706436,-0.0003642459028269096,-4001.5999999996275
2020-11-09,2020-11-06,1,1,1,TX202011,False,37000.0,0.0,0.0,0.0,0.0,37000.0,11018983.332000008,False,0.0033691546309478565,0.0,0.0
2020-11-10,2020-11-09,1,1,1,TX202011,False,-10000.0,0.0,0.0,0.0,0.0,-10000.0,11008983.332000008,False,-0.000907524741503075,-0.0009075247415031296,-10000.0
2020-11-11,2020-11-10,1,1,1,TX202011,False,38400.0,0.0,0.0,0.0,0.0,38400.0,11047383.332000008,False,0.0034880605085832075,0.0,0.0
2020-11-12,2020-11-11,1,1,1,TX202011,False,-6600.0,0.0,0.0,0.0,0.0,-6600.0,11040783.332000008,False,-0.0005974265399918138,-0.000597426539991841,-6600.0
2020-11-13,2020-11-12,1,1,1,TX202011,False,10800.0,0.0,0.0,0.0,0.0,10800.0,11051583.332000008,False,0.000978191462982329,0.0,0.0
2020-11-16,2020-11-13,1,1,1,TX202011,False,59400.0,0.0,0.0,0.0,0.0,59400.0,11110983.332000008,False,0.0053747954673613605,0.0,0.0
2020-11-17,2020-11-16,1,1,1,TX202012,True,8800.0,100.0,108.82400000000001,800.0,1008.8240000000001,7791.1759999999995,11118774.508000009,False,0.0007012139040440417,0.0,0.0
2020-11-18,2020-11-17,1,1,1,TX202012,False,27200.0,0.0,0.0,0.0,0.0,27200.0,11145974.508000009,False,0.0024463127640936937,0.0,0.0
2020-11-19,2020-11-18,1,1,1,TX202012,False,4600.0,0.0,0.0,0.0,0.0,4600.0,11150574.508000009,False,0.0004127050529945458,0.0,0.0
2020-11-20,2020-11-19,1,1,1,TX202012,False,-800.0,0.0,0.0,0.0,0.0,-800.0,11149774.508000009,False,-7.174518222590575e-05,-7.174518222585746e-05,-800.0
2020-11-23,2020-11-20,1,1,1,TX202012,False,27800.0,0.0,0.0,0.0,0.0,27800.0,11177574.508000009,False,0.0024933239663325374,0.0,0.0
2020-11-24,2020-11-23,0,1,0,,False,9200.0,50.0,55.676,400.0,505.676,8694.324,11186268.832000008,False,0.0007778363717260219,0.0,0.0
2020-11-25,2020-11-24,1,0,1,TX202012,False,-35400.0,50.0,55.55200000000001,400.0,505.552,-35905.552,11150363.280000009,False,-0.003209788048119026,-0.003209788048119,-35905.55199999921
2020-11-26,2020-11-25,1,1,1,TX202012,False,26400.0,0.0,0.0,0.0,0.0,26400.0,11176763.280000009,False,0.002367635864147377,-0.0008497517932706256,-9505.55199999921
2020-11-27,2020-11-26,1,1,1,TX202012,False,7400.0,0.0,0.0,0.0,0.0,7400.0,11184163.280000009,False,0.0006620879242599468,-0.00018822647941163506,-2105.5519999992102
2020-11-30,2020-11-27,1,1,1,TX202012,False,-31200.0,0.0,0.0,0.0,0.0,-31200.0,11152963.280000009,False,-0.0027896588433927063,-0.002977360235141502,-33305.55199999921
2020-12-01,2020-11-30,1,1,1,TX202012,False,31000.0,0.0,0.0,0.0,0.0,31000.0,11183963.280000009,False,0.0027795303563484856,-0.00020610554194833153,-2305.5519999992102
2020-12-02,2020-12-01,0,1,0,,False,11000.0,50.0,55.720000000000006,400.0,505.72,10494.28,11194457.560000008,False,0.0009383328375877851,0.0,0.0
2020-12-03,2020-12-02,0,0,0,,False,0.0,0.0,0.0,0.0,0.0,0.0,11194457.560000008,False,0.0,0.0,0.0
2020-12-04,2020-12-03,0,0,0,,False,0.0,0.0,0.0,0.0,0.0,0.0,11194457.560000008,False,0.0,0.0,0.0
2020-12-07,2020-12-04,0,0,0,,False,0.0,0.0,0.0,0.0,0.0,0.0,11194457.560000008,False,0.0,0.0,0.0
2020-12-08,2020-12-07,0,0,0,,False,0.0,0.0,0.0,0.0,0.0,0.0,11194457.560000008,False,0.0,0.0,0.0
2020-12-09,2020-12-08,0,0,0,,False,0.0,0.0,0.0,0.0,0.0,0.0,11194457.560000008,False,0.0,0.0,0.0
2020-12-10,2020-12-09,0,0,0,,False,0.0,0.0,0.0,0.0,0.0,0.0,11194457.560000008,False,0.0,0.0,0.0
2020-12-11,2020-12-10,0,0,0,,False,0.0,0.0,0.0,0.0,0.0,0.0,11194457.560000008,False,0.0,0.0,0.0
2020-12-14,2020-12-11,0,0,0,,False,0.0,0.0,0.0,0.0,0.0,0.0,11194457.560000008,False,0.0,0.0,0.0
2020-12-15,2020-12-14,0,0,0,,False,0.0,0.0,0.0,0.0,0.0,0.0,11194457.560000008,False,0.0,0.0,0.0
2020-12-16,2020-12-15,0,0,0,,False,0.0,0.0,0.0,0.0,0.0,0.0,11194457.560000008,False,0.0,0.0,0.0
2020-12-17,2020-12-16,0,0,0,,False,0.0,0.0,0.0,0.0,0.0,0.0,11194457.560000008,False,0.0,0.0,0.0
2020-12-18,2020-12-17,0,0,0,,False,0.0,0.0,0.0,0.0,0.0,0.0,11194457.560000008,False,0.0,0.0,0.0
2020-12-21,2020-12-18,0,0,0,,False,0.0,0.0,0.0,0.0,0.0,0.0,11194457.560000008,False,0.0,0.0,0.0
2020-12-22,2020-12-21,0,0,0,,False,0.0,0.0,0.0,0.0,0.0,0.0,11194457.560000008,False,0.0,0.0,0.0
2020-12-23,2020-12-22,0,0,0,,False,0.0,0.0,0.0,0.0,0.0,0.0,11194457.560000008,False,0.0,0.0,0.0
2020-12-24,2020-12-23,0,0,0,,False,0.0,0.0,0.0,0.0,0.0,0.0,11194457.560000008,False,0.0,0.0,0.0
2020-12-25,2020-12-24,0,0,0,,False,0.0,0.0,0.0,0.0,0.0,0.0,11194457.560000008,False,0.0,0.0,0.0
2020-12-28,2020-12-25,0,0,0,,False,0.0,0.0,0.0,0.0,0.0,0.0,11194457.560000008,False,0.0,0.0,0.0
2020-12-29,2020-12-28,0,0,0,,False,0.0,0.0,0.0,0.0,0.0,0.0,11194457.560000008,False,0.0,0.0,0.0
2020-12-30,2020-12-29,0,0,0,,False,0.0,0.0,0.0,0.0,0.0,0.0,11194457.560000008,False,0.0,0.0,0.0
2020-12-31,2020-12-30,0,0,0,,False,0.0,0.0,0.0,0.0,0.0,0.0,11194457.560000008,False,0.0,0.0,0.0
2021-01-04,2020-12-31,0,0,0,,False,0.0,0.0,0.0,0.0,0.0,0.0,11194457.560000008,False,0.0,0.0,0.0
2021-01-05,2021-01-04,0,0,0,,False,0.0,0.0,0.0,0.0,0.0,0.0,11194457.560000008,False,0.0,0.0,0.0
2021-01-06,2021-01-05,1,0,1,TX202101,False,-27400.0,50.0,60.2,400.0,510.2,-27910.2,11166547.360000009,False,-0.0024932159374768293,-0.002493215937476756,-27910.199999999255
2021-01-07,2021-01-06,1,1,1,TX202101,False,63800.0,0.0,0.0,0.0,0.0,63800.0,11230347.360000009,False,0.0057134938798128155,0.0,0.0
2021-01-08,2021-01-07,1,1,1,TX202101,False,44800.0,0.0,0.0,0.0,0.0,44800.0,11275147.360000009,False,0.003989190945203316,0.0,0.0
2021-01-11,2021-01-08,1,1,1,TX202101,False,16000.0,0.0,0.0,0.0,0.0,16000.0,11291147.360000009,False,0.0014190501896908234,0.0,0.0
2021-01-12,2021-01-11,1,1,1,TX202101,False,-8200.0,0.0,0.0,0.0,0.0,-8200.0,11282947.360000009,False,-0.000726232661620315,-0.0007262326616203074,-8200.0
2021-01-13,2021-01-12,1,1,1,TX202101,False,54200.0,0.0,0.0,0.0,0.0,54200.0,11337147.360000009,False,0.004803709374037172,0.0,0.0
2021-01-14,2021-01-13,1,1,1,TX202101,False,-7000.0,0.0,0.0,0.0,0.0,-7000.0,11330147.360000009,False,-0.0006174392708960956,-0.0006174392708960807,-7000.0
2021-01-15,2021-01-14,0,1,0,,False,44200.0,50.0,63.79200000000001,400.0,513.792,43686.208,11373833.56800001,False,0.003855749321869364,0.0,0.0
2021-01-18,2021-01-15,1,0,1,TX202101,False,-6200.0,50.0,62.556000000000004,400.0,512.556,-6712.556,11367121.01200001,False,-0.000590175331814737,-0.0005901753318147129,-6712.555999999866
2021-01-19,2021-01-18,1,1,1,TX202102,True,56400.0,100.0,126.94000000000001,800.0,1026.94,55373.06,11422494.07200001,False,0.004871335489570659,0.0,0.0
2021-01-20,2021-01-19,0,1,0,,False,-400.0,50.0,63.37200000000001,400.0,513.3720000000001,-913.372,11421580.70000001,False,-7.996257159274445e-05,-7.996257159270659e-05,-913.3719999995083
2021-01-21,2021-01-20,0,0,0,,False,0.0,0.0,0.0,0.0,0.0,0.0,11421580.70000001,False,0.0,-7.996257159270659e-05,-913.3719999995083
2021-01-22,2021-01-21,1,0,1,TX202102,False,-13400.0,50.0,64.212,400.0,514.212,-13914.212,11407666.488000011,False,-0.001218238732927745,-0.0012981038910184761,-14827.583999998868
2021-01-25,2021-01-22,0,1,0,,False,-5600.0,50.0,63.816,400.0,513.816,-6113.816,11401552.672000011,False,-0.0005359392305544052,-0.001833347416772324,-20941.39999999851
2021-01-26,2021-01-25,0,0,0,,False,0.0,0.0,0.0,0.0,0.0,0.0,11401552.672000011,False,0.0,-0.001833347416772324,-20941.39999999851
2021-01-27,2021-01-26,0,0,0,,False,0.0,0.0,0.0,0.0,0.0,0.0,11401552.672000011,False,0.0,-0.001833347416772324,-20941.39999999851
2021-01-28,2021-01-27,0,0,0,,False,0.0,0.0,0.0,0.0,0.0,0.0,11401552.672000011,False,0.0,-0.001833347416772324,-20941.39999999851
2021-01-29,2021-01-28,0,0,0,,False,0.0,0.0,0.0,0.0,0.0,0.0,11401552.672000011,False,0.0,-0.001833347416772324,-20941.39999999851
2021-02-01,2021-01-29,0,0,0,,False,0.0,0.0,0.0,0.0,0.0,0.0,11401552.672000011,False,0.0,-0.001833347416772324,-20941.39999999851
2021-02-02,2021-02-01,0,0,0,,False,0.0,0.0,0.0,0.0,0.0,0.0,11401552.672000011,False,0.0,-0.001833347416772324,-20941.39999999851
2021-02-03,2021-02-02,0,0,0,,False,0.0,0.0,0.0,0.0,0.0,0.0,11401552.672000011,False,0.0,-0.001833347416772324,-20941.39999999851
2021-02-04,2021-02-03,0,0,0,,False,0.0,0.0,0.0,0.0,0.0,0.0,11401552.672000011,False,0.0,-0.001833347416772324,-20941.39999999851
2021-02-05,2021-02-04,0,0,0,,False,0.0,0.0,0.0,0.0,0.0,0.0,11401552.672000011,False,0.0,-0.001833347416772324,-20941.39999999851
2021-02-17,2021-02-05,0,0,0,,False,0.0,0.0,0.0,0.0,0.0,0.0,11401552.672000011,False,0.0,-0.001833347416772324,-20941.39999999851
2021-02-18,2021-02-17,0,0,0,,False,0.0,0.0,0.0,0.0,0.0,0.0,11401552.672000011,False,0.0,-0.001833347416772324,-20941.39999999851
2021-02-19,2021-02-18,0,0,0,,False,0.0,0.0,0.0,0.0,0.0,0.0,11401552.672000011,False,0.0,-0.001833347416772324,-20941.39999999851
2021-02-22,2021-02-19,0,0,0,,False,0.0,0.0,0.0,0.0,0.0,0.0,11401552.672000011,False,0.0,-0.001833347416772324,-20941.39999999851
2021-02-23,2021-02-22,0,0,0,,False,0.0,0.0,0.0,0.0,0.0,0.0,11401552.672000011,False,0.0,-0.001833347416772324,-20941.39999999851
2021-02-24,2021-02-23,0,0,0,,False,0.0,0.0,0.0,0.0,0.0,0.0,11401552.672000011,False,0.0,-0.001833347416772324,-20941.39999999851
2021-02-25,2021-02-24,0,0,0,,False,0.0,0.0,0.0,0.0,0.0,0.0,11401552.672000011,False,0.0,-0.001833347416772324,-20941.39999999851
2021-02-26,2021-02-25,0,0,0,,False,0.0,0.0,0.0,0.0,0.0,0.0,11401552.672000011,False,0.0,-0.001833347416772324,-20941.39999999851
2021-03-02,2021-02-26,0,0,0,,False,0.0,0.0,0.0,0.0,0.0,0.0,11401552.672000011,False,0.0,-0.001833347416772324,-20941.39999999851
2021-03-03,2021-03-02,0,0,0,,False,0.0,0.0,0.0,0.0,0.0,0.0,11401552.672000011,False,0.0,-0.001833347416772324,-20941.39999999851
2021-03-04,2021-03-03,0,0,0,,False,0.0,0.0,0.0,0.0,0.0,0.0,11401552.672000011,False,0.0,-0.001833347416772324,-20941.39999999851
2021-03-05,2021-03-04,0,0,0,,False,0.0,0.0,0.0,0.0,0.0,0.0,11401552.672000011,False,0.0,-0.001833347416772324,-20941.39999999851
2021-03-08,2021-03-05,0,0,0,,False,0.0,0.0,0.0,0.0,0.0,0.0,11401552.672000011,False,0.0,-0.001833347416772324,-20941.39999999851
2021-03-09,2021-03-08,1,0,1,TX202103,False,2400.0,50.0,63.248000000000005,400.0,513.248,1886.752,11403439.424000012,False,0.0001654820228681217,-0.0016681687799433575,-19054.647999998182
2021-03-10,2021-03-09,1,1,1,TX202103,False,12200.0,0.0,0.0,0.0,0.0,12200.0,11415639.424000012,False,0.0010698526599197365,-0.0006001008148299736,-6854.647999998182
2021-03-11,2021-03-10,0,1,0,,False,13600.0,50.0,63.79600000000001,400.0,513.796,13086.204,11428725.628000012,False,0.0011463399914758894,0.0,0.0
2021-03-12,2021-03-11,0,0,0,,False,0.0,0.0,0.0,0.0,0.0,0.0,11428725.628000012,False,0.0,0.0,0.0
2021-03-15,2021-03-12,0,0,0,,False,0.0,0.0,0.0,0.0,0.0,0.0,11428725.628000012,False,0.0,0.0,0.0
2021-03-16,2021-03-15,0,0,0,,False,0.0,0.0,0.0,0.0,0.0,0.0,11428725.628000012,False,0.0,0.0,0.0
2021-03-17,2021-03-16,0,0,0,,False,0.0,0.0,0.0,0.0,0.0,0.0,11428725.628000012,False,0.0,0.0,0.0
2021-03-18,2021-03-17,0,0,0,,False,0.0,0.0,0.0,0.0,0.0,0.0,11428725.628000012,False,0.0,0.0,0.0
2021-03-19,2021-03-18,0,0,0,,False,0.0,0.0,0.0,0.0,0.0,0.0,11428725.628000012,False,0.0,0.0,0.0
2021-03-22,2021-03-19,0,0,0,,False,0.0,0.0,0.0,0.0,0.0,0.0,11428725.628000012,False,0.0,0.0,0.0
2021-03-23,2021-03-22,0,0,0,,False,0.0,0.0,0.0,0.0,0.0,0.0,11428725.628000012,False,0.0,0.0,0.0
2021-03-24,2021-03-23,0,0,0,,False,0.0,0.0,0.0,0.0,0.0,0.0,11428725.628000012,False,0.0,0.0,0.0
2021-03-25,2021-03-24,0,0,0,,False,0.0,0.0,0.0,0.0,0.0,0.0,11428725.628000012,False,0.0,0.0,0.0
2021-03-26,2021-03-25,0,0,0,,False,0.0,0.0,0.0,0.0,0.0,0.0,11428725.628000012,False,0.0,0.0,0.0
2021-03-29,2021-03-26,1,0,1,TX202104,False,8200.0,50.0,65.488,400.0,515.488,7684.512,11436410.140000012,False,0.0006723857278691853,0.0,0.0
2021-03-30,2021-03-29,1,1,1,TX202104,False,21600.0,0.0,0.0,0.0,0.0,21600.0,11458010.140000012,False,0.0018887045616221645,0.0,0.0
2021-03-31,2021-03-30,1,1,1,TX202104,False,-19400.0,0.0,0.0,0.0,0.0,-19400.0,11438610.140000012,False,-0.0016931386656985434,-0.0016931386656985348,-19400.0
2021-04-01,2021-03-31,0,1,0,,False,22600.0,50.0,66.132,400.0,516.1320000000001,22083.868,11460694.008000012,False,0.0019306425981574695,0.0,0.0
2021-04-06,2021-04-01,1,0,1,TX202104,False,-5800.0,50.0,67.048,400.0,517.048,-6317.048,11454376.960000012,False,-0.0005511924492173383,-0.0005511924492174192,-6317.048000000417
2021-04-07,2021-04-06,1,1,1,TX202104,False,7400.0,0.0,0.0,0.0,0.0,7400.0,11461776.960000012,False,0.0006460412491959748,0.0,0.0
2021-04-08,2021-04-07,0,1,0,,False,-10600.0,50.0,66.852,400.0,516.852,-11116.852,11450660.108000012,False,-0.0009699065021764294,-0.0009699065021764319,-11116.851999999955
2021-04-09,2021-04-08,0,0,0,,False,0.0,0.0,0.0,0.0,0.0,0.0,11450660.108000012,False,0.0,-0.0009699065021764319,-11116.851999999955
2021-04-12,2021-04-09,0,0,0,,False,0.0,0.0,0.0,0.0,0.0,0.0,11450660.108000012,False,0.0,-0.0009699065021764319,-11116.851999999955
2021-04-13,2021-04-12,0,0,0,,False,0.0,0.0,0.0,0.0,0.0,0.0,11450660.108000012,False,0.0,-0.0009699065021764319,-11116.851999999955
2021-04-14,2021-04-13,0,0,0,,False,0.0,0.0,0.0,0.0,0.0,0.0,11450660.108000012,False,0.0,-0.0009699065021764319,-11116.851999999955
2021-04-15,2021-04-14,0,0,0,,False,0.0,0.0,0.0,0.0,0.0,0.0,11450660.108000012,False,0.0,-0.0009699065021764319,-11116.851999999955
2021-04-16,2021-04-15,0,0,0,,False,0.0,0.0,0.0,0.0,0.0,0.0,11450660.108000012,False,0.0,-0.0009699065021764319,-11116.851999999955
2021-04-19,2021-04-16,1,0,1,TX202104,False,30600.0,50.0,68.48,400.0,518.48,30081.52,11480741.628000012,False,0.002627055533591773,0.0,0.0
2021-04-20,2021-04-19,1,1,1,TX202105,True,9600.0,100.0,138.3,800.0,1038.3,8561.7,11489303.32800001,False,0.0007457445065325001,0.0,0.0
2021-04-21,2021-04-20,1,1,1,TX202105,False,-23600.0,0.0,0.0,0.0,0.0,-23600.0,11465703.32800001,False,-0.0020540845102840666,-0.0020540845102841043,-23600.0
2021-04-22,2021-04-21,0,1,0,,False,24000.0,50.0,69.024,400.0,519.024,23480.976,11489184.30400001,False,0.002047931585902619,-1.0359548930138907e-05,-119.02400000020862
2021-04-23,2021-04-22,0,0,0,,False,0.0,0.0,0.0,0.0,0.0,0.0,11489184.30400001,False,0.0,-1.0359548930138907e-05,-119.02400000020862
2021-04-26,2021-04-23,0,0,0,,False,0.0,0.0,0.0,0.0,0.0,0.0,11489184.30400001,False,0.0,-1.0359548930138907e-05,-119.02400000020862
2021-04-27,2021-04-26,0,0,0,,False,0.0,0.0,0.0,0.0,0.0,0.0,11489184.30400001,False,0.0,-1.0359548930138907e-05,-119.02400000020862
2021-04-28,2021-04-27,0,0,0,,False,0.0,0.0,0.0,0.0,0.0,0.0,11489184.30400001,False,0.0,-1.0359548930138907e-05,-119.02400000020862
2021-04-29,2021-04-28,0,0,0,,False,0.0,0.0,0.0,0.0,0.0,0.0,11489184.30400001,False,0.0,-1.0359548930138907e-05,-119.02400000020862
2021-05-03,2021-04-29,0,0,0,,False,0.0,0.0,0.0,0.0,0.0,0.0,11489184.30400001,False,0.0,-1.0359548930138907e-05,-119.02400000020862
2021-05-04,2021-05-03,0,0,0,,False,0.0,0.0,0.0,0.0,0.0,0.0,11489184.30400001,False,0.0,-1.0359548930138907e-05,-119.02400000020862
2021-05-05,2021-05-04,0,0,0,,False,0.0,0.0,0.0,0.0,0.0,0.0,11489184.30400001,False,0.0,-1.0359548930138907e-05,-119.02400000020862
2021-05-06,2021-05-05,0,0,0,,False,0.0,0.0,0.0,0.0,0.0,0.0,11489184.30400001,False,0.0,-1.0359548930138907e-05,-119.02400000020862
2021-05-07,2021-05-06,0,0,0,,False,0.0,0.0,0.0,0.0,0.0,0.0,11489184.30400001,False,0.0,-1.0359548930138907e-05,-119.02400000020862
2021-05-10,2021-05-07,0,0,0,,False,0.0,0.0,0.0,0.0,0.0,0.0,11489184.30400001,False,0.0,-1.0359548930138907e-05,-119.02400000020862
2021-05-11,2021-05-10,0,0,0,,False,0.0,0.0,0.0,0.0,0.0,0.0,11489184.30400001,False,0.0,-1.0359548930138907e-05,-119.02400000020862
2021-05-12,2021-05-11,0,0,0,,False,0.0,0.0,0.0,0.0,0.0,0.0,11489184.30400001,False,0.0,-1.0359548930138907e-05,-119.02400000020862
2021-05-13,2021-05-12,0,0,0,,False,0.0,0.0,0.0,0.0,0.0,0.0,11489184.30400001,False,0.0,-1.0359548930138907e-05,-119.02400000020862
2021-05-14,2021-05-13,0,0,0,,False,0.0,0.0,0.0,0.0,0.0,0.0,11489184.30400001,False,0.0,-1.0359548930138907e-05,-119.02400000020862
2021-05-17,2021-05-14,0,0,0,,False,0.0,0.0,0.0,0.0,0.0,0.0,11489184.30400001,False,0.0,-1.0359548930138907e-05,-119.02400000020862
2021-05-18,2021-05-17,0,0,0,,False,0.0,0.0,0.0,0.0,0.0,0.0,11489184.30400001,False,0.0,-1.0359548930138907e-05,-119.02400000020862
2021-05-19,2021-05-18,0,0,0,,False,0.0,0.0,0.0,0.0,0.0,0.0,11489184.30400001,False,0.0,-1.0359548930138907e-05,-119.02400000020862
2021-05-20,2021-05-19,0,0,0,,False,0.0,0.0,0.0,0.0,0.0,0.0,11489184.30400001,False,0.0,-1.0359548930138907e-05,-119.02400000020862
2021-05-21,2021-05-20,0,0,0,,False,0.0,0.0,0.0,0.0,0.0,0.0,11489184.30400001,False,0.0,-1.0359548930138907e-05,-119.02400000020862
2021-05-24,2021-05-21,1,0,1,TX202106,False,43000.0,50.0,64.32400000000001,400.0,514.3240000000001,42485.676,11531669.980000012,False,0.0036978844516584544,0.0,0.0
2021-05-25,2021-05-24,0,1,0,,False,33800.0,50.0,65.84400000000001,400.0,515.844,33284.156,11564954.136000011,False,0.0028863257496725527,0.0,0.0
2021-05-26,2021-05-25,0,0,0,,False,0.0,0.0,0.0,0.0,0.0,0.0,11564954.136000011,False,0.0,0.0,0.0
2021-05-27,2021-05-26,1,0,1,TX202106,False,-11800.0,50.0,66.38000000000001,400.0,516.38,-12316.38,11552637.75600001,False,-0.0010649743920437098,-0.0010649743920437826,-12316.38000000082
2021-05-28,2021-05-27,1,1,1,TX202106,False,65800.0,0.0,0.0,0.0,0.0,65800.0,11618437.75600001,False,0.005695668936371343,0.0,0.0
2021-05-31,2021-05-28,0,1,0,,False,5600.0,50.0,67.55600000000001,400.0,517.556,5082.444,11623520.20000001,False,0.0004374464197973017,0.0,0.0
2021-06-01,2021-05-31,1,0,1,TX202106,False,16000.0,50.0,68.20800000000001,400.0,518.208,15481.792,11639001.99200001,False,0.0013319366021319415,0.0,0.0
2021-06-02,2021-06-01,1,1,1,TX202106,False,-6400.0,0.0,0.0,0.0,0.0,-6400.0,11632601.99200001,False,-0.000549875324739956,-0.0005498753247399346,-6400.0
2021-06-03,2021-06-02,1,1,1,TX202106,False,26400.0,0.0,0.0,0.0,0.0,26400.0,11659001.99200001,False,0.00226948364761004,0.0,0.0
2021-06-04,2021-06-03,1,1,1,TX202106,False,-26000.0,0.0,0.0,0.0,0.0,-26000.0,11633001.99200001,False,-0.0022300365003660064,-0.002230036500366017,-26000.0
2021-06-07,2021-06-04,1,1,1,TX202106,False,-2000.0,0.0,0.0,0.0,0.0,-2000.0,11631001.99200001,False,-0.00017192466754285745,-0.0024015777696249074,-28000.0
2021-06-08,2021-06-07,1,1,1,TX202106,False,0.0,0.0,0.0,0.0,0.0,0.0,11631001.99200001,False,0.0,-0.0024015777696249074,-28000.0
2021-06-09,2021-06-08,0,1,0,,False,-18600.0,50.0,67.98,400.0,517.98,-19117.98,11611884.01200001,False,-0.0016437087718796414,-0.004041339047058279,-47117.98000000045
2021-06-10,2021-06-09,0,0,0,,False,0.0,0.0,0.0,0.0,0.0,0.0,11611884.01200001,False,0.0,-0.004041339047058279,-47117.98000000045
2021-06-11,2021-06-10,0,0,0,,False,0.0,0.0,0.0,0.0,0.0,0.0,11611884.01200001,False,0.0,-0.004041339047058279,-47117.98000000045
2021-06-15,2021-06-11,0,0,0,,False,0.0,0.0,0.0,0.0,0.0,0.0,11611884.01200001,False,0.0,-0.004041339047058279,-47117.98000000045
2021-06-16,2021-06-15,0,0,0,,False,0.0,0.0,0.0,0.0,0.0,0.0,11611884.01200001,False,0.0,-0.004041339047058279,-47117.98000000045
2021-06-17,2021-06-16,0,0,0,,False,0.0,0.0,0.0,0.0,0.0,0.0,11611884.01200001,False,0.0,-0.004041339047058279,-47117.98000000045
2021-06-18,2021-06-17,0,0,0,,False,0.0,0.0,0.0,0.0,0.0,0.0,11611884.01200001,False,0.0,-0.004041339047058279,-47117.98000000045
2021-06-21,2021-06-18,0,0,0,,False,0.0,0.0,0.0,0.0,0.0,0.0,11611884.01200001,False,0.0,-0.004041339047058279,-47117.98000000045
2021-06-22,2021-06-21,0,0,0,,False,0.0,0.0,0.0,0.0,0.0,0.0,11611884.01200001,False,0.0,-0.004041339047058279,-47117.98000000045
2021-06-23,2021-06-22,0,0,0,,False,0.0,0.0,0.0,0.0,0.0,0.0,11611884.01200001,False,0.0,-0.004041339047058279,-47117.98000000045
2021-06-24,2021-06-23,0,0,0,,False,0.0,0.0,0.0,0.0,0.0,0.0,11611884.01200001,False,0.0,-0.004041339047058279,-47117.98000000045
2021-06-25,2021-06-24,0,0,0,,False,0.0,0.0,0.0,0.0,0.0,0.0,11611884.01200001,False,0.0,-0.004041339047058279,-47117.98000000045
2021-06-28,2021-06-25,0,0,0,,False,0.0,0.0,0.0,0.0,0.0,0.0,11611884.01200001,False,0.0,-0.004041339047058279,-47117.98000000045
2021-06-29,2021-06-28,0,0,0,,False,0.0,0.0,0.0,0.0,0.0,0.0,11611884.01200001,False,0.0,-0.004041339047058279,-47117.98000000045
2021-06-30,2021-06-29,0,0,0,,False,0.0,0.0,0.0,0.0,0.0,0.0,11611884.01200001,False,0.0,-0.004041339047058279,-47117.98000000045
2021-07-01,2021-06-30,0,0,0,,False,0.0,0.0,0.0,0.0,0.0,0.0,11611884.01200001,False,0.0,-0.004041339047058279,-47117.98000000045
2021-07-02,2021-07-01,0,0,0,,False,0.0,0.0,0.0,0.0,0.0,0.0,11611884.01200001,False,0.0,-0.004041339047058279,-47117.98000000045
2021-07-05,2021-07-02,0,0,0,,False,0.0,0.0,0.0,0.0,0.0,0.0,11611884.01200001,False,0.0,-0.004041339047058279,-47117.98000000045
2021-07-06,2021-07-05,1,0,1,TX202107,False,-15600.0,50.0,71.83200000000001,400.0,521.832,-16121.832,11595762.180000009,False,-0.0013883907196574905,-0.005424118809087886,-63239.81200000085
2021-07-07,2021-07-06,0,1,0,,False,-11400.0,50.0,71.27600000000001,400.0,521.2760000000001,-11921.276,11583840.904000008,False,-0.0010280717916551813,-0.006446614217200941,-75161.08800000139
2021-07-08,2021-07-07,1,0,1,TX202107,False,-10200.0,50.0,71.512,400.0,521.512,-10721.512,11573119.392000008,False,-0.0009255576012182421,-0.007366205105628354,-85882.60000000149
2021-07-09,2021-07-08,1,1,1,TX202107,False,-33400.0,0.0,0.0,0.0,0.0,-33400.0,11539719.392000008,False,-0.0028859980501962125,-0.010230944302252354,-119282.60000000149
2021-07-12,2021-07-09,0,1,0,,False,38000.0,50.0,71.384,400.0,521.384,37478.616,11577198.008000009,False,0.0032477926652169998,-0.007016379622898472,-81803.9840000011
2021-07-13,2021-07-12,0,0,0,,False,0.0,0.0,0.0,0.0,0.0,0.0,11577198.008000009,False,0.0,-0.007016379622898472,-81803.9840000011
2021-07-14,2021-07-13,0,0,0,,False,0.0,0.0,0.0,0.0,0.0,0.0,11577198.008000009,False,0.0,-0.007016379622898472,-81803.9840000011
2021-07-15,2021-07-14,0,0,0,,False,0.0,0.0,0.0,0.0,0.0,0.0,11577198.008000009,False,0.0,-0.007016379622898472,-81803.9840000011
2021-07-16,2021-07-15,1,0,1,TX202107,False,19800.0,50.0,71.31200000000001,400.0,521.312,19278.688,11596476.696000008,False,0.0016652291847023908,-0.0053628343183150795,-62525.29600000195
2021-07-19,2021-07-16,0,1,0,,False,-41600.0,50.0,70.86,400.0,520.86,-42120.86,11554355.836000009,False,-0.003632211843665311,-0.008975567211653823,-104646.15600000136
2021-07-20,2021-07-19,0,0,0,,False,0.0,0.0,0.0,0.0,0.0,0.0,11554355.836000009,False,0.0,-0.008975567211653823,-104646.15600000136
2021-07-21,2021-07-20,0,0,0,,False,0.0,0.0,0.0,0.0,0.0,0.0,11554355.836000009,False,0.0,-0.008975567211653823,-104646.15600000136
2021-07-22,2021-07-21,1,0,1,TX202108,False,-6800.0,50.0,69.772,400.0,519.772,-7319.772,11547036.064000009,False,-0.0006335075796431439,-0.009603388701436733,-111965.92800000124
2021-07-23,2021-07-22,1,1,1,TX202108,False,0.0,0.0,0.0,0.0,0.0,0.0,11547036.064000009,False,0.0,-0.009603388701436733,-111965.92800000124
2021-07-26,2021-07-23,0,1,0,,False,13200.0,50.0,69.884,400.0,519.884,12680.116,11559716.180000009,False,0.00109812734018668,-0.008515807104941486,-99285.81200000085
2021-07-27,2021-07-26,1,0,1,TX202108,False,-29800.0,50.0,69.296,400.0,519.296,-30319.296,11529396.884000009,False,-0.002622840866323067,-0.011116312364380043,-129605.10800000094
2021-07-28,2021-07-27,0,1,0,,False,-22200.0,50.0,68.24000000000001,400.0,518.24,-22718.24,11506678.644000009,False,-0.0019704621350599334,-0.013064870226844438,-152323.34800000116
2021-07-29,2021-07-28,0,0,0,,False,0.0,0.0,0.0,0.0,0.0,0.0,11506678.644000009,False,0.0,-0.013064870226844438,-152323.34800000116
2021-07-30,2021-07-29,1,0,1,TX202108,False,-22400.0,50.0,69.14800000000001,400.0,519.148,-22919.148,11483759.496000009,False,-0.001991812642821207,-0.015030660095970982,-175242.4960000012
2021-08-02,2021-07-30,1,1,1,TX202108,False,59400.0,0.0,0.0,0.0,0.0,59400.0,11543159.496000009,False,0.005172522118796553,-0.009935884398980965,-115842.4960000012
2021-08-03,2021-08-02,0,1,0,,False,-8800.0,50.0,69.69600000000001,400.0,519.696,-9319.696,11533839.800000008,False,-0.0008073782575064917,-0.010735240639454635,-125162.19200000167
2021-08-04,2021-08-03,1,0,1,TX202108,False,16000.0,50.0,69.97200000000001,400.0,519.972,15480.028,11549319.828000009,False,0.0013421400217471366,-0.009407508813812804,-109682.1640000008
2021-08-05,2021-08-04,1,1,1,TX202108,False,-5800.0,0.0,0.0,0.0,0.0,-5800.0,11543519.828000009,False,-0.0005021940760475402,-0.009904978494663652,-115482.1640000008
2021-08-06,2021-08-05,0,1,0,,False,2600.0,50.0,70.212,400.0,520.212,2079.788,11545599.61600001,False,0.0001801693097936435,-0.009726593758008883,-113402.37600000016
2021-08-09,2021-08-06,1,0,1,TX202108,False,-6800.0,50.0,69.76,400.0,519.76,-7319.76,11538279.85600001,False,-0.0006339869944785026,-0.010354414218544217,-120722.13599999994
2021-08-10,2021-08-09,1,1,1,TX202108,False,-21000.0,0.0,0.0,0.0,0.0,-21000.0,11517279.85600001,False,-0.0018200286578315059,-0.012155597545762897,-141722.13599999994
2021-08-11,2021-08-10,1,1,1,TX202108,False,-25600.0,0.0,0.0,0.0,0.0,-25600.0,11491679.85600001,False,-0.0022227470652858624,-0.014351325792277159,-167322.13599999994
2021-08-12,2021-08-11,0,1,0,,False,7200.0,50.0,68.82000000000001,400.0,518.82,6681.18,11498361.03600001,False,0.0005813928062494395,-0.013778276743603435,-160640.95600000024
2021-08-13,2021-08-12,0,0,0,,False,0.0,0.0,0.0,0.0,0.0,0.0,11498361.03600001,False,0.0,-0.013778276743603435,-160640.95600000024
2021-08-16,2021-08-13,0,0,0,,False,0.0,0.0,0.0,0.0,0.0,0.0,11498361.03600001,False,0.0,-0.013778276743603435,-160640.95600000024
2021-08-17,2021-08-16,0,0,0,,False,0.0,0.0,0.0,0.0,0.0,0.0,11498361.03600001,False,0.0,-0.013778276743603435,-160640.95600000024
2021-08-18,2021-08-17,0,0,0,,False,0.0,0.0,0.0,0.0,0.0,0.0,11498361.03600001,False,0.0,-0.013778276743603435,-160640.95600000024
2021-08-19,2021-08-18,0,0,0,,False,0.0,0.0,0.0,0.0,0.0,0.0,11498361.03600001,False,0.0,-0.013778276743603435,-160640.95600000024
2021-08-20,2021-08-19,0,0,0,,False,0.0,0.0,0.0,0.0,0.0,0.0,11498361.03600001,False,0.0,-0.013778276743603435,-160640.95600000024
2021-08-23,2021-08-20,0,0,0,,False,0.0,0.0,0.0,0.0,0.0,0.0,11498361.03600001,False,0.0,-0.013778276743603435,-160640.95600000024
2021-08-24,2021-08-23,0,0,0,,False,0.0,0.0,0.0,0.0,0.0,0.0,11498361.03600001,False,0.0,-0.013778276743603435,-160640.95600000024
2021-08-25,2021-08-24,1,0,1,TX202109,False,33800.0,50.0,67.18400000000001,400.0,517.184,33282.816,11531643.85200001,False,0.0028945704431958116,-0.01092358849302788,-127358.1400000006
2021-08-26,2021-08-25,1,1,1,TX202109,False,6400.0,0.0,0.0,0.0,0.0,6400.0,11538043.85200001,False,0.0005549945941913569,-0.010374656431399343,-120958.1400000006
2021-08-27,2021-08-26,0,1,0,,False,-11000.0,50.0,67.75200000000001,400.0,517.752,-11517.752,11526526.100000009,False,-0.0009982413091629487,-0.011362541329944076,-132475.89200000092
2021-08-30,2021-08-27,0,0,0,,False,0.0,0.0,0.0,0.0,0.0,0.0,11526526.100000009,False,0.0,-0.011362541329944076,-132475.89200000092
2021-08-31,2021-08-30,0,0,0,,False,0.0,0.0,0.0,0.0,0.0,0.0,11526526.100000009,False,0.0,-0.011362541329944076,-132475.89200000092
2021-09-01,2021-08-31,0,0,0,,False,0.0,0.0,0.0,0.0,0.0,0.0,11526526.100000009,False,0.0,-0.011362541329944076,-132475.89200000092
2021-09-02,2021-09-01,0,0,0,,False,0.0,0.0,0.0,0.0,0.0,0.0,11526526.100000009,False,0.0,-0.011362541329944076,-132475.89200000092
2021-09-03,2021-09-02,1,0,1,TX202109,False,13400.0,50.0,69.77600000000001,400.0,519.7760000000001,12880.224,11539406.324000008,False,0.0011174419671855851,-0.01025779634329449,-119595.66800000146
2021-09-06,2021-09-03,0,1,0,,False,-13800.0,50.0,69.75200000000001,400.0,519.752,-14319.752,11525086.572000008,False,-0.0012409435631205172,-0.011486010560071036,-133915.4200000018
2021-09-07,2021-09-06,0,0,0,,False,0.0,0.0,0.0,0.0,0.0,0.0,11525086.572000008,False,0.0,-0.011486010560071036,-133915.4200000018
2021-09-08,2021-09-07,1,0,1,TX202109,False,-26600.0,50.0,69.58800000000001,400.0,519.588,-27119.588,11497966.984000009,False,-0.002353091912201905,-0.0138120748337206,-161035.0080000013
2021-09-09,2021-09-08,1,1,1,TX202109,False,-5400.0,0.0,0.0,0.0,0.0,-5400.0,11492566.984000009,False,-0.00046964824368641585,-0.014275236260719693,-166435.0080000013
2021-09-10,2021-09-09,1,1,1,TX202109,False,47600.0,0.0,0.0,0.0,0.0,47600.0,11540166.984000009,False,0.004141807488811584,-0.010192554052357305,-118835.00800000131
2021-09-13,2021-09-10,1,1,1,TX202109,False,-6200.0,0.0,0.0,0.0,0.0,-6200.0,11533966.984000009,False,-0.0005372539243666108,-0.01072433198705991,-125035.00800000131
2021-09-14,2021-09-13,1,1,1,TX202110,True,3800.0,100.0,139.44800000000004,800.0,1039.448,2760.552,11536727.536000008,False,0.00023934107006110344,-0.010487557690092353,-122274.4560000021
2021-09-15,2021-09-14,1,1,1,TX202110,False,-15600.0,0.0,0.0,0.0,0.0,-15600.0,11521127.536000008,False,-0.0013522032093867757,-0.011825579590311941,-137874.4560000021
2021-09-16,2021-09-15,1,1,1,TX202110,False,-15000.0,0.0,0.0,0.0,0.0,-15000.0,11506127.536000008,False,-0.0013019559025910944,-0.01311213910975395,-152874.4560000021
2021-09-17,2021-09-16,1,1,1,TX202110,False,10000.0,0.0,0.0,0.0,0.0,10000.0,11516127.536000008,False,0.0008691021343812083,-0.012254432763459278,-142874.4560000021
2021-09-22,2021-09-17,0,1,0,,False,-92600.0,50.0,67.33200000000001,400.0,517.332,-93117.332,11423010.204000007,False,-0.008085819795665724,-0.020241165424101593,-235991.7880000025
2021-09-23,2021-09-22,0,0,0,,False,0.0,0.0,0.0,0.0,0.0,0.0,11423010.204000007,False,0.0,-0.020241165424101593,-235991.7880000025
2021-09-24,2021-09-23,0,0,0,,False,0.0,0.0,0.0,0.0,0.0,0.0,11423010.204000007,False,0.0,-0.020241165424101593,-235991.7880000025
2021-09-27,2021-09-24,0,0,0,,False,0.0,0.0,0.0,0.0,0.0,0.0,11423010.204000007,False,0.0,-0.020241165424101593,-235991.7880000025
2021-09-28,2021-09-27,0,0,0,,False,0.0,0.0,0.0,0.0,0.0,0.0,11423010.204000007,False,0.0,-0.020241165424101593,-235991.7880000025
2021-09-29,2021-09-28,0,0,0,,False,0.0,0.0,0.0,0.0,0.0,0.0,11423010.204000007,False,0.0,-0.020241165424101593,-235991.7880000025
2021-09-30,2021-09-29,0,0,0,,False,0.0,0.0,0.0,0.0,0.0,0.0,11423010.204000007,False,0.0,-0.020241165424101593,-235991.7880000025
2021-10-01,2021-09-30,0,0,0,,False,0.0,0.0,0.0,0.0,0.0,0.0,11423010.204000007,False,0.0,-0.020241165424101593,-235991.7880000025
2021-10-04,2021-10-01,1,0,1,TX202110,False,-46000.0,50.0,66.36,400.0,516.36,-46516.36,11376493.844000008,False,-0.004072163043653005,-0.024230903141954085,-282508.1480000019
2021-10-05,2021-10-04,0,1,0,,False,-23600.0,50.0,64.95200000000001,400.0,514.952,-24114.952,11352378.892000008,False,-0.0021197174042087044,-0.026299257879053073,-306623.1000000015
2021-10-06,2021-10-05,1,0,1,TX202110,False,-22200.0,50.0,65.888,400.0,515.888,-22715.888,11329663.004000008,False,-0.002000980430278611,-0.0282476140089849,-329338.98800000176
2021-10-07,2021-10-06,1,1,1,TX202110,False,69400.0,0.0,0.0,0.0,0.0,69400.0,11399063.004000008,False,0.006125513175060714,-0.02229513196570021,-259938.98800000176
2021-10-08,2021-10-07,0,1,0,,False,6800.0,50.0,66.95200000000001,400.0,516.952,6283.048,11405346.052000009,False,0.0005511898651490246,-0.021756230951332833,-253655.94000000134
2021-10-12,2021-10-08,0,0,0,,False,0.0,0.0,0.0,0.0,0.0,0.0,11405346.052000009,False,0.0,-0.021756230951332833,-253655.94000000134
2021-10-13,2021-10-12,0,0,0,,False,0.0,0.0,0.0,0.0,0.0,0.0,11405346.052000009,False,0.0,-0.021756230951332833,-253655.94000000134
2021-10-14,2021-10-13,0,0,0,,False,0.0,0.0,0.0,0.0,0.0,0.0,11405346.052000009,False,0.0,-0.021756230951332833,-253655.94000000134
2021-10-15,2021-10-14,0,0,0,,False,0.0,0.0,0.0,0.0,0.0,0.0,11405346.052000009,False,0.0,-0.021756230951332833,-253655.94000000134
2021-10-18,2021-10-15,0,0,0,,False,0.0,0.0,0.0,0.0,0.0,0.0,11405346.052000009,False,0.0,-0.021756230951332833,-253655.94000000134
2021-10-19,2021-10-18,0,0,0,,False,0.0,0.0,0.0,0.0,0.0,0.0,11405346.052000009,False,0.0,-0.021756230951332833,-253655.94000000134
2021-10-20,2021-10-19,1,0,1,TX202111,False,-6400.0,50.0,67.69200000000001,400.0,517.692,-6917.692,11398428.360000009,False,-0.0006065306539986074,-0.022349565784343883,-260573.63200000115
2021-10-21,2021-10-20,0,1,0,,False,-2000.0,50.0,67.50800000000001,400.0,517.508,-2517.508,11395910.85200001,False,-0.0002208644841629726,-0.02256549404318864,-263091.1400000006
2021-10-22,2021-10-21,0,0,0,,False,0.0,0.0,0.0,0.0,0.0,0.0,11395910.85200001,False,0.0,-0.02256549404318864,-263091.1400000006
2021-10-25,2021-10-22,0,0,0,,False,0.0,0.0,0.0,0.0,0.0,0.0,11395910.85200001,False,0.0,-0.02256549404318864,-263091.1400000006
2021-10-26,2021-10-25,0,0,0,,False,0.0,0.0,0.0,0.0,0.0,0.0,11395910.85200001,False,0.0,-0.02256549404318864,-263091.1400000006
2021-10-27,2021-10-26,0,0,0,,False,0.0,0.0,0.0,0.0,0.0,0.0,11395910.85200001,False,0.0,-0.02256549404318864,-263091.1400000006
2021-10-28,2021-10-27,0,0,0,,False,0.0,0.0,0.0,0.0,0.0,0.0,11395910.85200001,False,0.0,-0.02256549404318864,-263091.1400000006
2021-10-29,2021-10-28,0,0,0,,False,0.0,0.0,0.0,0.0,0.0,0.0,11395910.85200001,False,0.0,-0.02256549404318864,-263091.1400000006
2021-11-01,2021-10-29,0,0,0,,False,0.0,0.0,0.0,0.0,0.0,0.0,11395910.85200001,False,0.0,-0.02256549404318864,-263091.1400000006
2021-11-02,2021-11-01,0,0,0,,False,0.0,0.0,0.0,0.0,0.0,0.0,11395910.85200001,False,0.0,-0.02256549404318864,-263091.1400000006
2021-11-03,2021-11-02,0,0,0,,False,0.0,0.0,0.0,0.0,0.0,0.0,11395910.85200001,False,0.0,-0.02256549404318864,-263091.1400000006
2021-11-04,2021-11-03,0,0,0,,False,0.0,0.0,0.0,0.0,0.0,0.0,11395910.85200001,False,0.0,-0.02256549404318864,-263091.1400000006
2021-11-05,2021-11-04,0,0,0,,False,0.0,0.0,0.0,0.0,0.0,0.0,11395910.85200001,False,0.0,-0.02256549404318864,-263091.1400000006
2021-11-08,2021-11-05,1,0,1,TX202111,False,33600.0,50.0,69.03200000000001,400.0,519.032,33080.968,11428991.82000001,False,0.0029028805533516623,-0.019728118423671726,-230010.17200000025
2021-11-09,2021-11-08,1,1,1,TX202111,False,26200.0,0.0,0.0,0.0,0.0,26200.0,11455191.82000001,False,0.0022924156752086975,-0.017480927796379775,-203810.17200000025
2021-11-10,2021-11-09,1,1,1,TX202111,False,0.0,0.0,0.0,0.0,0.0,0.0,11455191.82000001,False,0.0,-0.017480927796379775,-203810.17200000025
2021-11-11,2021-11-10,1,1,1,TX202111,False,-17000.0,0.0,0.0,0.0,0.0,-17000.0,11438191.82000001,False,-0.0014840432414513671,-0.018939028585080675,-220810.17200000025
2021-11-12,2021-11-11,1,1,1,TX202111,False,15400.0,0.0,0.0,0.0,0.0,15400.0,11453591.82000001,False,0.001346366649759506,-0.01761816081178691,-205410.17200000025
2021-11-15,2021-11-12,1,1,1,TX202111,False,23400.0,0.0,0.0,0.0,0.0,23400.0,11476991.82000001,False,0.002043027232657221,-0.015611127961457472,-182010.17200000025
2021-11-16,2021-11-15,1,1,1,TX202112,True,7400.0,100.0,141.524,800.0,1041.524,6358.476,11483350.29600001,False,0.0005540193893768929,-0.01506575743966132,-175651.69600000046
2021-11-17,2021-11-16,1,1,1,TX202112,False,16800.0,0.0,0.0,0.0,0.0,16800.0,11500150.29600001,False,0.001462987679288329,-0.013624810777886354,-158851.69600000046
2021-11-18,2021-11-17,1,1,1,TX202112,False,19200.0,0.0,0.0,0.0,0.0,19200.0,11519350.29600001,False,0.0016695433977656933,-0.011978014593000741,-139651.69600000046
2021-11-19,2021-11-18,1,1,1,TX202112,False,-1800.0,0.0,0.0,0.0,0.0,-1800.0,11517550.29600001,False,-0.00015625881267149536,-0.012132401735333698,-141451.69600000046
2021-11-22,2021-11-19,1,1,1,TX202112,False,-3000.0,0.0,0.0,0.0,0.0,-3000.0,11514550.29600001,False,-0.00026047205550661984,-0.012389713639222144,-144451.69600000046
2021-11-23,2021-11-22,1,1,1,TX202112,False,-35400.0,0.0,0.0,0.0,0.0,-35400.0,11479150.29600001,False,-0.003074371042723002,-0.015425994105105034,-179851.69600000046
2021-11-24,2021-11-23,1,1,1,TX202112,False,4000.0,0.0,0.0,0.0,0.0,4000.0,11483150.29600001,False,0.0003484578472148612,-0.015082911566587254,-175851.69600000046
2021-11-25,2021-11-24,1,1,1,TX202112,False,-600.0,0.0,0.0,0.0,0.0,-600.0,11482550.29600001,False,-5.225046999593843e-05,-0.015134373947364943,-176451.69600000046
2021-11-26,2021-11-25,1,1,1,TX202112,False,-66800.0,0.0,0.0,0.0,0.0,-66800.0,11415750.29600001,False,-0.005817522961190079,-0.020863852340612943,-243251.69600000046
2021-11-29,2021-11-26,1,1,1,TX202112,False,-6800.0,0.0,0.0,0.0,0.0,-6800.0,11408950.29600001,False,-0.0005956682498900372,-0.021447092656093236,-250051.69600000046
2021-11-30,2021-11-29,1,1,1,TX202112,False,3800.0,0.0,0.0,0.0,0.0,3800.0,11412750.29600001,False,0.00033307183407857286,-0.02112116424450139,-246251.69600000046
2021-12-01,2021-11-30,1,1,1,TX202112,False,51800.0,0.0,0.0,0.0,0.0,51800.0,11464550.29600001,False,0.0045387832605217945,-0.016678245370695177,-194451.69600000046
2021-12-02,2021-12-01,0,1,0,,False,-3200.0,50.0,70.272,400.0,520.272,-3720.272,11460830.02400001,False,-0.00032450221805019303,-0.01699733546112947,-198171.96800000034
2021-12-03,2021-12-02,0,0,0,,False,0.0,0.0,0.0,0.0,0.0,0.0,11460830.02400001,False,0.0,-0.01699733546112947,-198171.96800000034
2021-12-06,2021-12-03,0,0,0,,False,0.0,0.0,0.0,0.0,0.0,0.0,11460830.02400001,False,0.0,-0.01699733546112947,-198171.96800000034
2021-12-07,2021-12-06,0,0,0,,False,0.0,0.0,0.0,0.0,0.0,0.0,11460830.02400001,False,0.0,-0.01699733546112947,-198171.96800000034
2021-12-08,2021-12-07,0,0,0,,False,0.0,0.0,0.0,0.0,0.0,0.0,11460830.02400001,False,0.0,-0.01699733546112947,-198171.96800000034
2021-12-09,2021-12-08,0,0,0,,False,0.0,0.0,0.0,0.0,0.0,0.0,11460830.02400001,False,0.0,-0.01699733546112947,-198171.96800000034
2021-12-10,2021-12-09,0,0,0,,False,0.0,0.0,0.0,0.0,0.0,0.0,11460830.02400001,False,0.0,-0.01699733546112947,-198171.96800000034
2021-12-13,2021-12-10,0,0,0,,False,0.0,0.0,0.0,0.0,0.0,0.0,11460830.02400001,False,0.0,-0.01699733546112947,-198171.96800000034
2021-12-14,2021-12-13,0,0,0,,False,0.0,0.0,0.0,0.0,0.0,0.0,11460830.02400001,False,0.0,-0.01699733546112947,-198171.96800000034
2021-12-15,2021-12-14,0,0,0,,False,0.0,0.0,0.0,0.0,0.0,0.0,11460830.02400001,False,0.0,-0.01699733546112947,-198171.96800000034
2021-12-16,2021-12-15,0,0,0,,False,0.0,0.0,0.0,0.0,0.0,0.0,11460830.02400001,False,0.0,-0.01699733546112947,-198171.96800000034
2021-12-17,2021-12-16,0,0,0,,False,0.0,0.0,0.0,0.0,0.0,0.0,11460830.02400001,False,0.0,-0.01699733546112947,-198171.96800000034
2021-12-20,2021-12-17,0,0,0,,False,0.0,0.0,0.0,0.0,0.0,0.0,11460830.02400001,False,0.0,-0.01699733546112947,-198171.96800000034
2021-12-21,2021-12-20,0,0,0,,False,0.0,0.0,0.0,0.0,0.0,0.0,11460830.02400001,False,0.0,-0.01699733546112947,-198171.96800000034
2021-12-22,2021-12-21,0,0,0,,False,0.0,0.0,0.0,0.0,0.0,0.0,11460830.02400001,False,0.0,-0.01699733546112947,-198171.96800000034
2021-12-23,2021-12-22,1,0,1,TX202201,False,3800.0,50.0,71.748,400.0,521.748,3278.252,11464108.27600001,False,0.0002860396666851393,-0.016716157706614054,-194893.71600000001
2021-12-24,2021-12-23,1,1,1,TX202201,False,800.0,0.0,0.0,0.0,0.0,800.0,11464908.27600001,False,6.978301152953969e-05,-0.016647541198910543,-194093.71600000001
2021-12-27,2021-12-24,1,1,1,TX202201,False,22000.0,0.0,0.0,0.0,0.0,22000.0,11486908.27600001,False,0.0019188989105175447,-0.014760587237062417,-172093.71600000001
2021-12-28,2021-12-27,1,1,1,TX202201,False,27800.0,0.0,0.0,0.0,0.0,27800.0,11514708.27600001,False,0.002420146425133688,-0.012376163594363332,-144293.71600000001
2021-12-29,2021-12-28,1,1,1,TX202201,False,13800.0,0.0,0.0,0.0,0.0,13800.0,11528508.27600001,False,0.0011984671838159548,-0.0111925288364767,-130493.71600000001
2021-12-30,2021-12-29,1,1,1,TX202201,False,-12800.0,0.0,0.0,0.0,0.0,-12800.0,11515708.27600001,False,-0.0011102910882795631,-0.012290392959733887,-143293.71600000001
2022-01-03,2021-12-30,1,1,1,TX202201,False,12200.0,0.0,0.0,0.0,0.0,12200.0,11527908.27600001,False,0.0010594224608334452,-0.01124399121725439,-131093.71600000001
2022-01-04,2022-01-03,1,1,1,TX202201,False,48600.0,0.0,0.0,0.0,0.0,48600.0,11576508.27600001,False,0.004215855889587576,-0.007075538374262558,-82493.71600000001
2022-01-05,2022-01-04,1,1,1,TX202201,False,-7200.0,0.0,0.0,0.0,0.0,-7200.0,11569308.27600001,False,-0.0006219491947262522,-0.007693086943594718,-89693.71600000001
2022-01-06,2022-01-05,1,1,1,TX202201,False,-29000.0,0.0,0.0,0.0,0.0,-29000.0,11540308.27600001,False,-0.002506632143268163,-0.01018043534784907,-118693.71600000001
2022-01-07,2022-01-06,1,1,1,TX202201,False,-38400.0,0.0,0.0,0.0,0.0,-38400.0,11501908.27600001,False,-0.0033274674368846094,-0.013474027717620407,-157093.71600000001
2022-01-10,2022-01-07,1,1,1,TX202201,False,23000.0,0.0,0.0,0.0,0.0,23000.0,11524908.27600001,False,0.00199966818097411,-0.011501303121142836,-134093.71600000001
2022-01-11,2022-01-10,1,1,1,TX202201,False,4400.0,0.0,0.0,0.0,0.0,4400.0,11529308.27600001,False,0.000381781780351585,-0.011123912328773189,-129693.71600000001
2022-01-12,2022-01-11,1,1,1,TX202201,False,19000.0,0.0,0.0,0.0,0.0,19000.0,11548308.27600001,False,0.0016479739759887727,-0.009494270270813399,-110693.71600000001
2022-01-13,2022-01-12,1,1,1,TX202201,False,10000.0,0.0,0.0,0.0,0.0,10000.0,11558308.27600001,False,0.0008659276978934011,-0.008636563924518836,-100693.71600000001
2022-01-14,2022-01-13,1,1,1,TX202201,False,-13600.0,0.0,0.0,0.0,0.0,-13600.0,11544708.27600001,False,-0.0011766427815599464,-0.009803044555479423,-114293.71600000001
2022-01-17,2022-01-14,1,1,1,TX202201,False,30400.0,0.0,0.0,0.0,0.0,30400.0,11575108.27600001,False,0.0026332410722926416,-0.00719561726274387,-83893.71600000001
2022-01-18,2022-01-17,1,1,1,TX202202,True,-32000.0,100.0,146.65200000000002,800.0,1046.652,-33046.652,11542061.62400001,False,-0.002854975626320437,-0.010030049577162914,-116940.36800000072
2022-01-19,2022-01-18,1,1,1,TX202202,False,-34200.0,0.0,0.0,0.0,0.0,-34200.0,11507861.62400001,False,-0.002963075498478206,-0.012963405281490425,-151140.36800000072
2022-01-20,2022-01-19,1,1,1,TX202202,False,16600.0,0.0,0.0,0.0,0.0,16600.0,11524461.62400001,False,0.0014424921451419068,-0.011539612746641392,-134540.36800000072
2022-01-21,2022-01-20,1,1,1,TX202202,False,-66200.0,0.0,0.0,0.0,0.0,-66200.0,11458261.62400001,False,-0.005744303045110296,-0.017217628759111814,-200740.36800000072
2022-01-24,2022-01-21,1,1,1,TX202202,False,12400.0,0.0,0.0,0.0,0.0,12400.0,11470661.62400001,False,0.0010821885908092257,-0.016154072889706383,-188340.36800000072
2022-01-25,2022-01-24,1,1,1,TX202202,False,-55800.0,0.0,0.0,0.0,0.0,-55800.0,11414861.62400001,False,-0.004864584261055171,-0.020940074302030376,-244140.36800000072
2022-01-26,2022-01-25,0,1,0,,False,1000.0,50.0,70.724,400.0,520.724,479.27599999999995,11415340.90000001,False,4.198701795844035e-05,-0.020898966495347726,-243661.09200000018
2022-02-07,2022-01-26,0,0,0,,False,0.0,0.0,0.0,0.0,0.0,0.0,11415340.90000001,False,0.0,-0.020898966495347726,-243661.09200000018
2022-02-08,2022-02-07,1,0,1,TX202202,False,-3600.0,50.0,71.848,400.0,521.848,-4121.848,11411219.05200001,False,-0.00036107971160107856,-0.021252500014153797,-247782.93999999948
2022-02-09,2022-02-08,1,1,1,TX202202,False,45000.0,0.0,0.0,0.0,0.0,45000.0,11456219.05200001,False,0.003943487527050231,-0.01739282145582799,-202782.93999999948
2022-02-10,2022-02-09,1,1,1,TX202202,False,34000.0,0.0,0.0,0.0,0.0,34000.0,11490219.05200001,False,0.002967820346806683,-0.0144766198784263,-168782.93999999948
2022-02-11,2022-02-10,1,1,1,TX202202,False,-12400.0,0.0,0.0,0.0,0.0,-12400.0,11477819.05200001,False,-0.0010791787296554308,-0.01554017574783162,-181182.93999999948
2022-02-14,2022-02-11,1,1,1,TX202202,False,-59600.0,0.0,0.0,0.0,0.0,-59600.0,11418219.05200001,False,-0.005192624115259484,-0.02065210557174757,-240782.93999999948
2022-02-15,2022-02-14,1,1,1,TX202203,True,-4800.0,100.0,143.5,800.0,1043.5,-5843.5,11412375.55200001,False,-0.0005117698279729933,-0.021153306275204842,-246626.43999999948
2022-02-16,2022-02-15,1,1,1,TX202203,False,58200.0,0.0,0.0,0.0,0.0,58200.0,11470575.55200001,False,0.005099727023073692,-0.016161455339770203,-188426.43999999948
2022-02-17,2022-02-16,1,1,1,TX202203,False,6000.0,0.0,0.0,0.0,0.0,6000.0,11476575.55200001,False,0.000523077501455787,-0.01564683153199342,-182426.43999999948
2022-02-18,2022-02-17,1,1,1,TX202203,False,-3400.0,0.0,0.0,0.0,0.0,-3400.0,11473175.55200001,False,-0.0002962556195090343,-0.015938451689733513,-185826.43999999948
2022-02-21,2022-02-18,1,1,1,TX202203,False,-3200.0,0.0,0.0,0.0,0.0,-3200.0,11469975.55200001,False,-0.00027891144744509504,-0.01621291772054778,-189026.43999999948
2022-02-22,2022-02-21,1,1,1,TX202203,False,-66400.0,0.0,0.0,0.0,0.0,-66400.0,11403575.55200001,False,-0.005789027160430336,-0.021908087859944136,-255426.43999999948
2022-02-23,2022-02-22,1,1,1,TX202203,False,32800.0,0.0,0.0,0.0,0.0,32800.0,11436375.55200001,False,0.002876290848465277,-0.019094811044097715,-222626.43999999948
2022-02-24,2022-02-23,1,1,1,TX202203,False,-105200.0,0.0,0.0,0.0,0.0,-105200.0,11331175.55200001,False,-0.00919871855568808,-0.028117881807117162,-327826.4399999995
2022-02-25,2022-02-24,1,1,1,TX202203,False,18000.0,0.0,0.0,0.0,0.0,18000.0,11349175.55200001,False,0.0015885377397425377,-0.026574010383786817,-309826.4399999995
2022-03-01,2022-02-25,1,1,1,TX202203,False,61000.0,0.0,0.0,0.0,0.0,61000.0,11410175.55200001,False,0.0053748397599903425,-0.021342001671389665,-248826.43999999948
2022-03-02,2022-03-01,1,1,1,TX202203,False,-13400.0,0.0,0.0,0.0,0.0,-13400.0,11396775.55200001,False,-0.001174390344734986,-0.02249132817542443,-262226.4399999995
2022-03-03,2022-03-02,1,1,1,TX202203,False,17000.0,0.0,0.0,0.0,0.0,17000.0,11413775.55200001,False,0.001491649977876127,-0.02103322738672364,-245226.43999999948
2022-03-04,2022-03-03,1,1,1,TX202203,False,-52600.0,0.0,0.0,0.0,0.0,-52600.0,11361175.55200001,False,-0.004608466301125312,-0.025544762768233253,-297826.4399999995
2022-03-07,2022-03-04,1,1,1,TX202203,False,-121600.0,0.0,0.0,0.0,0.0,-121600.0,11239575.55200001,False,-0.010703117775395492,-0.0359744719391758,-419426.4399999995
2022-03-08,2022-03-07,1,1,1,TX202203,False,-71200.0,0.0,0.0,0.0,0.0,-71200.0,11168375.55200001,False,-0.006334758787873481,-0.04208134112479356,-490626.4399999995
2022-03-09,2022-03-08,1,1,1,TX202203,False,48800.0,0.0,0.0,0.0,0.0,48800.0,11217175.55200001,False,0.00436948057242407,-0.03789573415487579,-441826.4399999995
2022-03-10,2022-03-09,1,1,1,TX202203,False,98200.0,0.0,0.0,0.0,0.0,98200.0,11315375.55200001,False,0.008754431946328151,-0.029473057834262684,-343626.4399999995
2022-03-11,2022-03-10,1,1,1,TX202203,False,-43400.0,0.0,0.0,0.0,0.0,-43400.0,11271975.55200001,False,-0.003835489136048072,-0.033195503377181246,-387026.4399999995
2022-03-14,2022-03-11,1,1,1,TX202203,False,3800.0,0.0,0.0,0.0,0.0,3800.0,11275775.55200001,False,0.0003371192549584405,-0.03286957496558929,-383226.4399999995
2022-03-15,2022-03-14,1,1,1,TX202204,True,-71400.0,100.0,134.82800000000003,800.0,1034.828,-72434.828,11203340.72400001,False,-0.006423933118033026,-0.03908235613242517,-455661.2679999992
2022-03-16,2022-03-15,0,1,0,,False,31800.0,50.0,67.92800000000001,400.0,517.928,31282.072,11234622.796000011,False,0.0027922092856630656,-0.03639927296446066,-424379.1959999986
2022-03-17,2022-03-16,1,0,1,TX202204,False,21400.0,50.0,69.364,400.0,519.364,20880.636,11255503.432000011,False,0.0018585969799924538,-0.03460832756327381,-403498.55999999866
2022-03-18,2022-03-17,1,1,1,TX202204,False,-11000.0,0.0,0.0,0.0,0.0,-11000.0,11244503.432000011,False,-0.0009772996886773095,-0.03555180454419793,-414498.55999999866
2022-03-21,2022-03-18,1,1,1,TX202204,False,19600.0,0.0,0.0,0.0,0.0,19600.0,11264103.432000011,False,0.0017430738599111114,-0.03387070010546045,-394898.55999999866
2022-03-22,2022-03-21,1,1,1,TX202204,False,6200.0,0.0,0.0,0.0,0.0,6200.0,11270303.432000011,False,0.0005504210821064124,-0.033338922170757845,-388698.55999999866
2022-03-23,2022-03-22,1,1,1,TX202204,False,36400.0,0.0,0.0,0.0,0.0,36400.0,11306703.432000011,False,0.0032297267078585223,-0.0302168710702454,-352298.55999999866
2022-03-24,2022-03-23,1,1,1,TX202204,False,-6200.0,0.0,0.0,0.0,0.0,-6200.0,11300503.432000011,False,-0.0005483472735698437,-0.030748649004948114,-358498.55999999866
2022-03-25,2022-03-24,1,1,1,TX202204,False,-10000.0,0.0,0.0,0.0,0.0,-10000.0,11290503.432000011,False,-0.0008849163278586924,-0.031606355351242676,-368498.55999999866
2022-03-28,2022-03-25,1,1,1,TX202204,False,-36600.0,0.0,0.0,0.0,0.0,-36600.0,11253903.432000011,False,-0.0032416623599145072,-0.034745560578680945,-405098.55999999866
2022-03-29,2022-03-28,1,1,1,TX202204,False,21400.0,0.0,0.0,0.0,0.0,21400.0,11275303.432000011,False,0.0019015624338085202,-0.03291006899761051,-383698.55999999866
2022-03-30,2022-03-29,1,1,1,TX202204,False,39200.0,0.0,0.0,0.0,0.0,39200.0,11314503.432000011,False,0.0034766248408666296,-0.02954786012013555,-344498.55999999866
2022-03-31,2022-03-30,1,1,1,TX202204,False,-20400.0,0.0,0.0,0.0,0.0,-20400.0,11294103.432000011,False,-0.0018029956084775333,-0.03129758106657665,-364898.55999999866
2022-04-01,2022-03-31,1,1,1,TX202204,False,-17000.0,0.0,0.0,0.0,0.0,-17000.0,11277103.432000011,False,-0.001505210227828555,-0.03275568185527744,-381898.55999999866
2022-04-06,2022-04-01,1,1,1,TX202204,False,-9600.0,0.0,0.0,0.0,0.0,-9600.0,11267503.432000011,False,-0.0008512824288512734,-0.03357907994772036,-391498.55999999866
2022-04-07,2022-04-06,1,1,1,TX202204,False,-72600.0,0.0,0.0,0.0,0.0,-72600.0,11194903.432000011,False,-0.006443308443449332,-0.039806028021819206,-464098.55999999866
2022-04-08,2022-04-07,1,1,1,TX202204,False,34600.0,0.0,0.0,0.0,0.0,34600.0,11229503.432000011,False,0.0030906921359498125,-0.03683836406363983,-429498.55999999866
2022-04-11,2022-04-08,1,1,1,TX202204,False,-55400.0,0.0,0.0,0.0,0.0,-55400.0,11174103.432000011,False,-0.004933432750207823,-0.041590057222112065,-484898.55999999866
2022-04-12,2022-04-11,1,1,1,TX202204,False,-8000.0,0.0,0.0,0.0,0.0,-8000.0,11166103.432000011,False,-0.0007159411087148054,-0.04227622229914774,-492898.55999999866
2022-04-13,2022-04-12,1,1,1,TX202204,False,63400.0,0.0,0.0,0.0,0.0,63400.0,11229503.432000011,False,0.005677898327388513,-0.03683836406363983,-429498.55999999866
2022-04-14,2022-04-13,1,1,1,TX202204,False,-3600.0,0.0,0.0,0.0,0.0,-3600.0,11225903.432000011,False,-0.00032058407763083325,-0.037147138348305964,-433098.55999999866
2022-04-15,2022-04-14,1,1,1,TX202204,False,-63000.0,0.0,0.0,0.0,0.0,-63000.0,11162903.432000011,False,-0.005612020482949754,-0.042550688329962005,-496098.55999999866
2022-04-18,2022-04-15,1,1,1,TX202204,False,-20400.0,0.0,0.0,0.0,0.0,-20400.0,11142503.432000011,False,-0.0018274815440506786,-0.044300409276403,-516498.55999999866
2022-04-19,2022-04-18,1,1,1,TX202205,True,23800.0,100.0,135.864,800.0,1035.864,22764.136,11165267.568000011,False,0.0020430001335807507,-0.042347914884891646,-493734.4239999987
2022-04-20,2022-04-19,1,1,1,TX202205,False,21000.0,0.0,0.0,0.0,0.0,21000.0,11186267.568000011,False,0.001880832668998155,-0.040546731557672966,-472734.4239999987
2022-04-21,2022-04-20,1,1,1,TX202205,False,11000.0,0.0,0.0,0.0,0.0,11000.0,11197267.568000011,False,0.0009833485506342743,-0.03960325457674885,-461734.4239999987
2022-04-22,2022-04-21,1,1,1,TX202205,False,-26800.0,0.0,0.0,0.0,0.0,-26800.0,11170467.568000011,False,-0.0023934410638350814,-0.04190190758481849,-488534.4239999987
2022-04-25,2022-04-22,1,1,1,TX202205,False,-84000.0,0.0,0.0,0.0,0.0,-84000.0,11086467.568000011,False,-0.007519828466324402,-0.04910664089369321,-572534.4239999987
2022-04-26,2022-04-25,1,1,1,TX202205,False,2800.0,0.0,0.0,0.0,0.0,2800.0,11089267.568000011,False,0.0002525601579426365,-0.04886648311673081,-569734.4239999987
2022-04-27,2022-04-26,1,1,1,TX202205,False,-60200.0,0.0,0.0,0.0,0.0,-60200.0,11029067.568000011,False,-0.005428672329425746,-0.05402987532142434,-629934.4239999987
2022-04-28,2022-04-27,0,1,0,,False,6400.0,50.0,65.26,400.0,515.26,5884.74,11034952.308000011,False,0.0005335664110966297,-0.05352513743699494,-624049.6839999985
2022-04-29,2022-04-28,0,0,0,,False,0.0,0.0,0.0,0.0,0.0,0.0,11034952.308000011,False,0.0,-0.05352513743699494,-624049.6839999985
2022-05-03,2022-04-29,0,0,0,,False,0.0,0.0,0.0,0.0,0.0,0.0,11034952.308000011,False,0.0,-0.05352513743699494,-624049.6839999985
2022-05-04,2022-05-03,1,0,1,TX202205,False,2800.0,50.0,66.028,400.0,516.028,2283.972,11037236.28000001,False,0.00020697615506178388,-0.0533292397090791,-621765.7119999994
2022-05-05,2022-05-04,1,1,1,TX202205,False,33000.0,0.0,0.0,0.0,0.0,33000.0,11070236.28000001,False,0.002989878911969797,-0.05049880876630686,-588765.7119999994
2022-05-06,2022-05-05,1,1,1,TX202205,False,-65800.0,0.0,0.0,0.0,0.0,-65800.0,11004436.28000001,False,-0.0059438659063562405,-0.05614251652492541,-654565.7119999994
2022-05-09,2022-05-06,1,1,1,TX202205,False,-65600.0,0.0,0.0,0.0,0.0,-65600.0,10938836.28000001,False,-0.0059612322095248605,-0.061769070156618144,-720165.7119999994
2022-05-10,2022-05-09,1,1,1,TX202205,False,2400.0,0.0,0.0,0.0,0.0,2400.0,10941236.28000001,False,0.00021940176619957583,-0.06156322063350739,-717765.7119999994
2022-05-11,2022-05-10,0,1,0,,False,-10000.0,50.0,63.94800000000001,400.0,513.948,-10513.948,10930722.33200001,False,-0.0009609469835889506,-0.06246500862592863,-728279.6600000001
2022-05-12,2022-05-11,0,0,0,,False,0.0,0.0,0.0,0.0,0.0,0.0,10930722.33200001,False,0.0,-0.06246500862592863,-728279.6600000001
2022-05-13,2022-05-12,0,0,0,,False,0.0,0.0,0.0,0.0,0.0,0.0,10930722.33200001,False,0.0,-0.06246500862592863,-728279.6600000001
2022-05-16,2022-05-13,0,0,0,,False,0.0,0.0,0.0,0.0,0.0,0.0,10930722.33200001,False,0.0,-0.06246500862592863,-728279.6600000001
2022-05-17,2022-05-16,1,0,1,TX202206,True,19400.0,150.0,192.32,1200.0,1542.32,17857.68,10948580.01200001,False,0.0016337145394061578,-0.06093334407931883,-710421.9800000004
2022-05-18,2022-05-17,1,1,1,TX202206,False,34200.0,0.0,0.0,0.0,0.0,34200.0,10982780.01200001,False,0.0031236927494264696,-0.05799998837499121,-676221.9800000004
2022-05-19,2022-05-18,1,1,1,TX202206,False,-57000.0,0.0,0.0,0.0,0.0,-57000.0,10925780.01200001,False,-0.005189942795696594,-0.06288891454887058,-733221.9800000004
2022-05-20,2022-05-19,1,1,1,TX202206,False,44800.0,0.0,0.0,0.0,0.0,44800.0,10970580.01200001,False,0.004100393743128201,-0.059046390117470704,-688421.9800000004
2022-05-23,2022-05-20,1,1,1,TX202206,False,2400.0,0.0,0.0,0.0,0.0,2400.0,10972980.01200001,False,0.00021876692001469337,-0.05884054059435995,-686021.9800000004
2022-05-24,2022-05-23,1,1,1,TX202206,False,-44200.0,0.0,0.0,0.0,0.0,-44200.0,10928780.01200001,False,-0.00402807623377269,-0.06263160264498224,-730221.9800000004
2022-05-25,2022-05-24,1,1,1,TX202206,False,26800.0,0.0,0.0,0.0,0.0,26800.0,10955580.01200001,False,0.002452240778071577,-0.0603329496369126,-703421.9800000004
2022-05-26,2022-05-25,1,1,1,TX202206,False,-22000.0,0.0,0.0,0.0,0.0,-22000.0,10933580.01200001,False,-0.00200810910749615,-0.06221990359876073,-725421.9800000004
2022-05-27,2022-05-26,1,1,1,TX202206,False,56000.0,0.0,0.0,0.0,0.0,56000.0,10989580.01200001,False,0.005121835660281255,-0.057416748059510914,-669421.9800000004
2022-05-30,2022-05-27,1,1,1,TX202206,False,66000.0,0.0,0.0,0.0,0.0,66000.0,11055580.01200001,False,0.006005689018864386,-0.051755886173966426,-603421.9800000004
2022-05-31,2022-05-30,1,1,1,TX202206,False,24400.0,0.0,0.0,0.0,0.0,24400.0,11079980.01200001,False,0.002207030293617849,-0.04966308268900754,-579021.9800000004
2022-06-01,2022-05-31,1,1,1,TX202206,False,-14400.0,0.0,0.0,0.0,0.0,-14400.0,11065580.01200001,False,-0.0012996413336851052,-0.05089817982767186,-593421.9800000004
2022-06-02,2022-06-01,1,1,1,TX202206,False,-15600.0,0.0,0.0,0.0,0.0,-15600.0,11049980.01200001,False,-0.0014097769825967244,-0.05223620172789145,-609021.9800000004
2022-06-06,2022-06-02,1,1,1,TX202206,False,13600.0,0.0,0.0,0.0,0.0,13600.0,11063580.01200001,False,0.0012307714570732916,-0.051069721096930754,-595421.9800000004
2022-06-07,2022-06-06,1,1,1,TX202206,False,-27600.0,0.0,0.0,0.0,0.0,-27600.0,11035980.01200001,False,-0.002494671703920785,-0.053436990612703905,-623021.9800000004
2022-06-08,2022-06-07,1,1,1,TX202206,False,36400.0,0.0,0.0,0.0,0.0,36400.0,11072380.01200001,False,0.0032983024579983236,-0.05031493951219146,-586621.9800000004
2022-06-09,2022-06-08,1,1,1,TX202206,False,-12400.0,0.0,0.0,0.0,0.0,-12400.0,11059980.01200001,False,-0.0011199037593147222,-0.05137849538159678,-599021.9800000004
2022-06-10,2022-06-09,1,1,1,TX202206,False,-22200.0,0.0,0.0,0.0,0.0,-22200.0,11037780.01200001,False,-0.00200723690060137,-0.05328260347037084,-621221.9800000004
2022-06-13,2022-06-10,1,1,1,TX202206,False,-83600.0,0.0,0.0,0.0,0.0,-83600.0,10954180.01200001,False,-0.007573986789835645,-0.060453028525393915,-704821.9800000004
2022-06-14,2022-06-13,1,1,1,TX202207,True,400.0,100.0,126.62800000000001,800.0,1026.628,-626.628,10953553.384000009,False,-5.720446435183153e-05,-0.06050677480663047,-705448.6080000009
2022-06-15,2022-06-14,1,1,1,TX202207,False,-11200.0,0.0,0.0,0.0,0.0,-11200.0,10942353.384000009,False,-0.001022499239046936,-0.06146740591448041,-716648.6080000009
2022-06-16,2022-06-15,1,1,1,TX202207,False,-27200.0,0.0,0.0,0.0,0.0,-27200.0,10915153.384000009,False,-0.0024857541193809406,-0.0638003671764018,-743848.6080000009
2022-06-17,2022-06-16,1,1,1,TX202207,False,-42000.0,0.0,0.0,0.0,0.0,-42000.0,10873153.384000009,False,-0.0038478616399074844,-0.06740273383083917,-785848.6080000009
2022-06-20,2022-06-17,1,1,1,TX202207,False,-32400.0,0.0,0.0,0.0,0.0,-32400.0,10840753.384000009,False,-0.002979816328874477,-0.07018170239283383,-818248.6080000009
2022-06-21,2022-06-20,0,1,0,,False,25200.0,50.0,60.648,400.0,510.648,24689.352,10865442.736000009,False,0.002277457214038214,-0.0680640810032036,-793559.256000001
2022-06-22,2022-06-21,0,0,0,,False,0.0,0.0,0.0,0.0,0.0,0.0,10865442.736000009,False,0.0,-0.0680640810032036,-793559.256000001
2022-06-23,2022-06-22,0,0,0,,False,0.0,0.0,0.0,0.0,0.0,0.0,10865442.736000009,False,0.0,-0.0680640810032036,-793559.256000001
2022-06-24,2022-06-23,0,0,0,,False,0.0,0.0,0.0,0.0,0.0,0.0,10865442.736000009,False,0.0,-0.0680640810032036,-793559.256000001
2022-06-27,2022-06-24,0,0,0,,False,0.0,0.0,0.0,0.0,0.0,0.0,10865442.736000009,False,0.0,-0.0680640810032036,-793559.256000001
2022-06-28,2022-06-27,0,0,0,,False,0.0,0.0,0.0,0.0,0.0,0.0,10865442.736000009,False,0.0,-0.0680640810032036,-793559.256000001
2022-06-29,2022-06-28,0,0,0,,False,0.0,0.0,0.0,0.0,0.0,0.0,10865442.736000009,False,0.0,-0.0680640810032036,-793559.256000001
2022-06-30,2022-06-29,0,0,0,,False,0.0,0.0,0.0,0.0,0.0,0.0,10865442.736000009,False,0.0,-0.0680640810032036,-793559.256000001
2022-07-01,2022-06-30,0,0,0,,False,0.0,0.0,0.0,0.0,0.0,0.0,10865442.736000009,False,0.0,-0.0680640810032036,-793559.256000001
2022-07-04,2022-07-01,0,0,0,,False,0.0,0.0,0.0,0.0,0.0,0.0,10865442.736000009,False,0.0,-0.0680640810032036,-793559.256000001
2022-07-05,2022-07-04,0,0,0,,False,0.0,0.0,0.0,0.0,0.0,0.0,10865442.736000009,False,0.0,-0.0680640810032036,-793559.256000001
2022-07-06,2022-07-05,0,0,0,,False,0.0,0.0,0.0,0.0,0.0,0.0,10865442.736000009,False,0.0,-0.0680640810032036,-793559.256000001
2022-07-07,2022-07-06,0,0,0,,False,0.0,0.0,0.0,0.0,0.0,0.0,10865442.736000009,False,0.0,-0.0680640810032036,-793559.256000001
2022-07-08,2022-07-07,0,0,0,,False,0.0,0.0,0.0,0.0,0.0,0.0,10865442.736000009,False,0.0,-0.0680640810032036,-793559.256000001
2022-07-11,2022-07-08,0,0,0,,False,0.0,0.0,0.0,0.0,0.0,0.0,10865442.736000009,False,0.0,-0.0680640810032036,-793559.256000001
2022-07-12,2022-07-11,0,0,0,,False,0.0,0.0,0.0,0.0,0.0,0.0,10865442.736000009,False,0.0,-0.0680640810032036,-793559.256000001
2022-07-13,2022-07-12,1,0,1,TX202207,False,7400.0,50.0,56.968,400.0,506.968,6893.032,10872335.768000009,False,0.0006343995516318549,-0.0674728612740425,-786666.2240000013
2022-07-14,2022-07-13,1,1,1,TX202207,False,22400.0,0.0,0.0,0.0,0.0,22400.0,10894735.768000009,False,0.0020602748551906184,-0.06555159905834251,-764266.2240000013
2022-07-15,2022-07-14,0,1,0,,False,6600.0,50.0,57.68000000000001,400.0,507.68,6092.32,10900828.088000009,False,0.0005591985092373096,-0.0650290569055767,-758173.904000001
2022-07-18,2022-07-15,1,0,1,TX202207,False,14600.0,50.0,58.316,400.0,508.31600000000003,14091.684,10914919.77200001,False,0.0012927168363945296,-0.06382040422589885,-744082.2200000007
2022-07-19,2022-07-18,1,1,1,TX202208,True,5600.0,100.0,116.82400000000001,800.0,1016.8240000000001,4583.176,10919502.94800001,False,0.000419900108817767,-0.0634273023117603,-739499.0439999998
2022-07-20,2022-07-19,1,1,1,TX202208,False,17600.0,0.0,0.0,0.0,0.0,17600.0,10937102.94800001,False,0.001611794976732304,-0.061917739142281714,-721899.0439999998
2022-07-21,2022-07-20,1,1,1,TX202208,False,26400.0,0.0,0.0,0.0,0.0,26400.0,10963502.94800001,False,0.0024138019113029907,-0.05965339438806394,-695499.0439999998
2022-07-22,2022-07-21,1,1,1,TX202208,False,600.0,0.0,0.0,0.0,0.0,600.0,10964102.94800001,False,5.472703412821661e-05,-0.05960193200728625,-694899.0439999998
2022-07-25,2022-07-22,1,1,1,TX202208,False,8600.0,0.0,0.0,0.0,0.0,8600.0,10972702.94800001,False,0.0007843778958285637,-0.05886430454947289,-686299.0439999998
2022-07-26,2022-07-25,1,1,1,TX202208,False,-17800.0,0.0,0.0,0.0,0.0,-17800.0,10954902.94800001,False,-0.00162220740726827,-0.0603910218458773,-704099.0439999998
2022-07-27,2022-07-26,1,1,1,TX202208,False,17800.0,0.0,0.0,0.0,0.0,17800.0,10972702.94800001,False,0.0016248432400078605,-0.05886430454947289,-686299.0439999998
2022-07-28,2022-07-27,1,1,1,TX202208,False,7400.0,0.0,0.0,0.0,0.0,7400.0,10980102.94800001,False,0.0006744008322351235,-0.05822960185321491,-678899.0439999998
2022-07-29,2022-07-28,1,1,1,TX202208,False,21400.0,0.0,0.0,0.0,0.0,21400.0,11001502.94800001,False,0.0019489799049559858,-0.05639411027214436,-657499.0439999998
2022-08-01,2022-07-29,1,1,1,TX202208,False,-13600.0,0.0,0.0,0.0,0.0,-13600.0,10987902.94800001,False,-0.0012361947330543938,-0.05756059090310506,-671099.0439999998
2022-08-02,2022-08-01,1,1,1,TX202208,False,-45400.0,0.0,0.0,0.0,0.0,-45400.0,10942502.94800001,False,-0.004131816618225918,-0.06145457771528262,-716499.0439999998
2022-08-03,2022-08-02,1,1,1,TX202208,False,5200.0,0.0,0.0,0.0,0.0,5200.0,10947702.94800001,False,0.0004752112039367024,-0.06100857041520946,-711299.0439999998
2022-08-04,2022-08-03,1,1,1,TX202208,False,-2200.0,0.0,0.0,0.0,0.0,-2200.0,10945502.94800001,False,-0.0002009553977167337,-0.061197265811394286,-713499.0439999998
2022-08-05,2022-08-04,1,1,1,TX202208,False,70200.0,0.0,0.0,0.0,0.0,70200.0,11015702.94800001,False,0.006413592900527894,-0.055176167260406084,-643299.0439999998
2022-08-08,2022-08-05,1,1,1,TX202208,False,-9600.0,0.0,0.0,0.0,0.0,-9600.0,11006102.94800001,False,-0.0008714831949733138,-0.05599956535284889,-652899.0439999998
2022-08-09,2022-08-08,1,1,1,TX202208,False,11000.0,0.0,0.0,0.0,0.0,11000.0,11017102.94800001,False,0.000999445494192736,-0.05505608837192477,-641899.0439999998
2022-08-10,2022-08-09,1,1,1,TX202208,False,-28000.0,0.0,0.0,0.0,0.0,-28000.0,10989102.94800001,False,-0.002541502982422705,-0.05745766614154968,-669899.0439999998
2022-08-11,2022-08-10,0,1,0,,False,47800.0,50.0,60.452000000000005,400.0,510.452,47289.548,11036392.49600001,False,0.004303312856724723,-0.0534016115982493,-622609.4959999993
2022-08-12,2022-08-11,1,0,1,TX202208,False,8600.0,50.0,60.92400000000001,400.0,510.924,8089.075999999999,11044481.57200001,False,0.000732945661630988,-0.05270780641616335,-614520.4199999999
2022-08-15,2022-08-12,1,1,1,TX202208,False,23000.0,0.0,0.0,0.0,0.0,23000.0,11067481.57200001,False,0.0020824879692234394,-0.05073508181968578,-591520.4199999999
2022-08-16,2022-08-15,1,1,1,TX202209,True,7000.0,100.0,123.15200000000002,800.0,1023.152,5976.848,11073458.42000001,False,0.0005400368603387627,-0.050222443773642045,-585543.5720000006
2022-08-17,2022-08-16,1,1,1,TX202209,False,2600.0,0.0,0.0,0.0,0.0,2600.0,11076058.42000001,False,0.000234795661968088,-0.049999440123605354,-582943.5720000006
2022-08-18,2022-08-17,1,1,1,TX202209,False,-12800.0,0.0,0.0,0.0,0.0,-12800.0,11063258.42000001,False,-0.0011556457644613966,-0.05109730424686254,-595743.5720000006
2022-08-19,2022-08-18,1,1,1,TX202209,False,7600.0,0.0,0.0,0.0,0.0,7600.0,11070858.42000001,False,0.0006869585533915418,-0.050445447423678624,-588143.5720000006
2022-08-22,2022-08-19,1,1,1,TX202209,False,-35600.0,0.0,0.0,0.0,0.0,-35600.0,11035258.42000001,False,-0.003215649469031867,-0.05349888201648745,-623743.5720000006
2022-08-23,2022-08-22,0,1,0,,False,-23200.0,50.0,60.228,400.0,510.228,-23710.228,11011548.19200001,False,-0.002148588378957054,-0.05553252331925673,-647453.8000000007
2022-08-24,2022-08-23,0,0,0,,False,0.0,0.0,0.0,0.0,0.0,0.0,11011548.19200001,False,0.0,-0.05553252331925673,-647453.8000000007
2022-08-25,2022-08-24,0,0,0,,False,0.0,0.0,0.0,0.0,0.0,0.0,11011548.19200001,False,0.0,-0.05553252331925673,-647453.8000000007
2022-08-26,2022-08-25,0,0,0,,False,0.0,0.0,0.0,0.0,0.0,0.0,11011548.19200001,False,0.0,-0.05553252331925673,-647453.8000000007
2022-08-29,2022-08-26,0,0,0,,False,0.0,0.0,0.0,0.0,0.0,0.0,11011548.19200001,False,0.0,-0.05553252331925673,-647453.8000000007
2022-08-30,2022-08-29,0,0,0,,False,0.0,0.0,0.0,0.0,0.0,0.0,11011548.19200001,False,0.0,-0.05553252331925673,-647453.8000000007
2022-08-31,2022-08-30,0,0,0,,False,0.0,0.0,0.0,0.0,0.0,0.0,11011548.19200001,False,0.0,-0.05553252331925673,-647453.8000000007
2022-09-01,2022-08-31,0,0,0,,False,0.0,0.0,0.0,0.0,0.0,0.0,11011548.19200001,False,0.0,-0.05553252331925673,-647453.8000000007
2022-09-02,2022-09-01,0,0,0,,False,0.0,0.0,0.0,0.0,0.0,0.0,11011548.19200001,False,0.0,-0.05553252331925673,-647453.8000000007
2022-09-05,2022-09-02,0,0,0,,False,0.0,0.0,0.0,0.0,0.0,0.0,11011548.19200001,False,0.0,-0.05553252331925673,-647453.8000000007
2022-09-06,2022-09-05,0,0,0,,False,0.0,0.0,0.0,0.0,0.0,0.0,11011548.19200001,False,0.0,-0.05553252331925673,-647453.8000000007
2022-09-07,2022-09-06,0,0,0,,False,0.0,0.0,0.0,0.0,0.0,0.0,11011548.19200001,False,0.0,-0.05553252331925673,-647453.8000000007
2022-09-08,2022-09-07,0,0,0,,False,0.0,0.0,0.0,0.0,0.0,0.0,11011548.19200001,False,0.0,-0.05553252331925673,-647453.8000000007
2022-09-12,2022-09-08,0,0,0,,False,0.0,0.0,0.0,0.0,0.0,0.0,11011548.19200001,False,0.0,-0.05553252331925673,-647453.8000000007
2022-09-13,2022-09-12,0,0,0,,False,0.0,0.0,0.0,0.0,0.0,0.0,11011548.19200001,False,0.0,-0.05553252331925673,-647453.8000000007
2022-09-14,2022-09-13,0,0,0,,False,0.0,0.0,0.0,0.0,0.0,0.0,11011548.19200001,False,0.0,-0.05553252331925673,-647453.8000000007
2022-09-15,2022-09-14,0,0,0,,False,0.0,0.0,0.0,0.0,0.0,0.0,11011548.19200001,False,0.0,-0.05553252331925673,-647453.8000000007
2022-09-16,2022-09-15,0,0,0,,False,0.0,0.0,0.0,0.0,0.0,0.0,11011548.19200001,False,0.0,-0.05553252331925673,-647453.8000000007
2022-09-19,2022-09-16,1,0,1,TX202209,False,-26000.0,50.0,58.208000000000006,400.0,508.20799999999997,-26508.208,10985039.984000009,False,-0.0024073098112814377,-0.05780614914230653,-673962.0080000013
2022-09-20,2022-09-19,0,1,0,,False,25600.0,50.0,58.184000000000005,400.0,508.18399999999997,25091.816,11010131.800000008,False,0.0022841806708529845,-0.055654008159980894,-648870.1920000017
2022-09-21,2022-09-20,1,0,1,TX202210,False,-10000.0,50.0,57.848000000000006,400.0,507.848,-10507.848,10999623.952000009,False,-0.000954379855834241,-0.05655527295153073,-659378.040000001
2022-09-22,2022-09-21,1,1,1,TX202210,False,-33600.0,0.0,0.0,0.0,0.0,-33600.0,10966023.952000009,False,-0.003054649881361687,-0.059437166275080666,-692978.040000001
2022-09-23,2022-09-22,1,1,1,TX202210,False,-24600.0,0.0,0.0,0.0,0.0,-24600.0,10941423.952000009,False,-0.0022432925650790136,-0.06154712388696537,-717578.040000001
2022-09-26,2022-09-23,1,1,1,TX202210,False,-72200.0,0.0,0.0,0.0,0.0,-72200.0,10869223.952000009,False,-0.006598775471706532,-0.06773976370721257,-789778.040000001
2022-09-27,2022-09-26,1,1,1,TX202210,False,12000.0,0.0,0.0,0.0,0.0,12000.0,10881223.952000009,False,0.0011040346627315487,-0.06671051609165901,-777778.040000001
2022-09-28,2022-09-27,0,1,0,,False,-4400.0,50.0,55.176,400.0,505.176,-4905.176,10876318.776000008,False,-0.0004507926701663383,-0.06713123615014827,-782683.2160000019
2022-09-29,2022-09-28,0,0,0,,False,0.0,0.0,0.0,0.0,0.0,0.0,10876318.776000008,False,0.0,-0.06713123615014827,-782683.2160000019
2022-09-30,2022-09-29,0,0,0,,False,0.0,0.0,0.0,0.0,0.0,0.0,10876318.776000008,False,0.0,-0.06713123615014827,-782683.2160000019
2022-10-03,2022-09-30,0,0,0,,False,0.0,0.0,0.0,0.0,0.0,0.0,10876318.776000008,False,0.0,-0.06713123615014827,-782683.2160000019
2022-10-04,2022-10-03,1,0,1,TX202210,False,13400.0,50.0,54.12800000000001,400.0,504.12800000000004,12895.872,10889214.648000007,False,0.0011856835263468367,-0.06602514902460799,-769787.3440000024
2022-10-05,2022-10-04,0,1,0,,False,28600.0,50.0,54.952000000000005,400.0,504.952,28095.048,10917309.696000008,False,0.002580080282021086,-0.06361541892770284,-741692.296000002
2022-10-06,2022-10-05,1,0,1,TX202210,False,-12600.0,50.0,55.736000000000004,400.0,505.736,-13105.736,10904203.960000008,False,-0.0012004547241892213,-0.06473950622170899,-754798.0320000015
2022-10-07,2022-10-06,1,1,1,TX202210,False,-36000.0,0.0,0.0,0.0,0.0,-36000.0,10868203.960000008,False,-0.003301478964632277,-0.06782724906836957,-790798.0320000015
2022-10-11,2022-10-07,1,1,1,TX202210,False,-119600.0,0.0,0.0,0.0,0.0,-119600.0,10748603.960000008,False,-0.011004578165829702,-0.07808541697005322,-910398.0320000015
2022-10-12,2022-10-11,1,1,1,TX202210,False,-3000.0,0.0,0.0,0.0,0.0,-3000.0,10745603.960000008,False,-0.00027910601331710035,-0.07834272887394156,-913398.0320000015
2022-10-13,2022-10-12,0,1,0,,False,-8800.0,50.0,52.120000000000005,400.0,502.12,-9302.12,10736301.84000001,False,-0.0008656674892008576,-0.07914057760974091,-922700.1520000007
2022-10-14,2022-10-13,1,0,1,TX202210,False,3200.0,50.0,52.608000000000004,400.0,502.608,2697.392,10738999.23200001,False,0.0002512403283922574,-0.07890922058605643,-920002.7599999998
2022-10-17,2022-10-14,0,1,0,,False,-40400.0,50.0,51.848000000000006,400.0,501.848,-40901.848,10698097.38400001,False,-0.0038087206374054763,-0.08241739804653414,-960904.6079999991
2022-10-18,2022-10-17,0,0,0,,False,0.0,0.0,0.0,0.0,0.0,0.0,10698097.38400001,False,0.0,-0.08241739804653414,-960904.6079999991
2022-10-19,2022-10-18,0,0,0,,False,0.0,0.0,0.0,0.0,0.0,0.0,10698097.38400001,False,0.0,-0.08241739804653414,-960904.6079999991
2022-10-20,2022-10-19,0,0,0,,False,0.0,0.0,0.0,0.0,0.0,0.0,10698097.38400001,False,0.0,-0.08241739804653414,-960904.6079999991
2022-10-21,2022-10-20,0,0,0,,False,0.0,0.0,0.0,0.0,0.0,0.0,10698097.38400001,False,0.0,-0.08241739804653414,-960904.6079999991
2022-10-24,2022-10-21,0,0,0,,False,0.0,0.0,0.0,0.0,0.0,0.0,10698097.38400001,False,0.0,-0.08241739804653414,-960904.6079999991
2022-10-25,2022-10-24,0,0,0,,False,0.0,0.0,0.0,0.0,0.0,0.0,10698097.38400001,False,0.0,-0.08241739804653414,-960904.6079999991
2022-10-26,2022-10-25,1,0,1,TX202211,False,3400.0,50.0,50.896,400.0,500.896,2899.104,10700996.488000011,False,0.00027099248548025713,-0.08216874005659724,-958005.5039999988
2022-10-27,2022-10-26,1,1,1,TX202211,False,43400.0,0.0,0.0,0.0,0.0,43400.0,10744396.488000011,False,0.00405569706042501,-0.07844629451367868,-914605.5039999988
2022-10-28,2022-10-27,1,1,1,TX202211,False,-38400.0,0.0,0.0,0.0,0.0,-38400.0,10705996.488000011,False,-0.003573955972574861,-0.08173988688345002,-953005.5039999988
2022-10-31,2022-10-28,0,1,0,,False,23200.0,50.0,51.51200000000001,400.0,501.512,22698.488,10728694.976000011,False,0.0021201658365423495,-0.07979302316256076,-930307.0159999989
2022-11-01,2022-10-31,1,0,1,TX202211,False,14200.0,50.0,51.848000000000006,400.0,501.848,13698.152,10742393.128000012,False,0.0012767770945713935,-0.07861812397226986,-916608.8639999982
2022-11-02,2022-11-01,0,1,0,,False,400.0,50.0,52.124,400.0,502.124,-102.12400000000002,10742291.004000012,False,-9.506634023085057e-06,-0.07862688321256073,-916710.987999998
2022-11-03,2022-11-02,1,0,1,TX202211,False,15000.0,50.0,51.540000000000006,400.0,501.54,14498.46,10756789.464000013,False,0.0013496618174467007,-0.07738334109721079,-902212.5279999971
2022-11-04,2022-11-03,0,1,0,,False,-15600.0,50.0,51.51200000000001,400.0,501.512,-16101.512,10740687.952000013,False,-0.0014968696797392279,-0.07876437799994473,-918314.0399999972
2022-11-07,2022-11-04,0,0,0,,False,0.0,0.0,0.0,0.0,0.0,0.0,10740687.952000013,False,0.0,-0.07876437799994473,-918314.0399999972
2022-11-08,2022-11-07,0,0,0,,False,0.0,0.0,0.0,0.0,0.0,0.0,10740687.952000013,False,0.0,-0.07876437799994473,-918314.0399999972
2022-11-09,2022-11-08,0,0,0,,False,0.0,0.0,0.0,0.0,0.0,0.0,10740687.952000013,False,0.0,-0.07876437799994473,-918314.0399999972
2022-11-10,2022-11-09,1,0,1,TX202211,False,-13200.0,50.0,54.18000000000001,400.0,504.18,-13704.18,10726983.772000013,False,-0.0012759126846663635,-0.07993979421562103,-932018.219999997
2022-11-11,2022-11-10,0,1,0,,False,97600.0,50.0,55.852000000000004,400.0,505.852,97094.148,10824077.920000013,False,0.009051393202760211,-0.07161196752285415,-834924.0719999969
2022-11-14,2022-11-11,0,0,0,,False,0.0,0.0,0.0,0.0,0.0,0.0,10824077.920000013,False,0.0,-0.07161196752285415,-834924.0719999969
2022-11-15,2022-11-14,0,0,0,,False,0.0,0.0,0.0,0.0,0.0,0.0,10824077.920000013,False,0.0,-0.07161196752285415,-834924.0719999969
2022-11-16,2022-11-15,0,0,0,,False,0.0,0.0,0.0,0.0,0.0,0.0,10824077.920000013,False,0.0,-0.07161196752285415,-834924.0719999969
2022-11-17,2022-11-16,0,0,0,,False,0.0,0.0,0.0,0.0,0.0,0.0,10824077.920000013,False,0.0,-0.07161196752285415,-834924.0719999969
2022-11-18,2022-11-17,0,0,0,,False,0.0,0.0,0.0,0.0,0.0,0.0,10824077.920000013,False,0.0,-0.07161196752285415,-834924.0719999969
2022-11-21,2022-11-18,0,0,0,,False,0.0,0.0,0.0,0.0,0.0,0.0,10824077.920000013,False,0.0,-0.07161196752285415,-834924.0719999969
2022-11-22,2022-11-21,0,0,0,,False,0.0,0.0,0.0,0.0,0.0,0.0,10824077.920000013,False,0.0,-0.07161196752285415,-834924.0719999969
2022-11-23,2022-11-22,0,0,0,,False,0.0,0.0,0.0,0.0,0.0,0.0,10824077.920000013,False,0.0,-0.07161196752285415,-834924.0719999969
2022-11-24,2022-11-23,0,0,0,,False,0.0,0.0,0.0,0.0,0.0,0.0,10824077.920000013,False,0.0,-0.07161196752285415,-834924.0719999969
2022-11-25,2022-11-24,0,0,0,,False,0.0,0.0,0.0,0.0,0.0,0.0,10824077.920000013,False,0.0,-0.07161196752285415,-834924.0719999969
2022-11-28,2022-11-25,0,0,0,,False,0.0,0.0,0.0,0.0,0.0,0.0,10824077.920000013,False,0.0,-0.07161196752285415,-834924.0719999969
2022-11-29,2022-11-28,0,0,0,,False,0.0,0.0,0.0,0.0,0.0,0.0,10824077.920000013,False,0.0,-0.07161196752285415,-834924.0719999969
2022-11-30,2022-11-29,1,0,1,TX202212,False,32000.0,50.0,58.568000000000005,400.0,508.568,31491.432,10855569.352000013,False,0.0029093870381154798,-0.06891092741482363,-803432.6399999969
2022-12-01,2022-11-30,1,1,1,TX202212,False,35400.0,0.0,0.0,0.0,0.0,35400.0,10890969.352000013,False,0.003260998926185107,-0.06587464694894074,-768032.6399999969
2022-12-02,2022-12-01,0,1,0,,False,-23400.0,50.0,59.432,400.0,509.432,-23909.432,10867059.920000013,False,-0.002195344714252573,-0.0679253741052106,-791942.0719999969
2022-12-05,2022-12-02,0,0,0,,False,0.0,0.0,0.0,0.0,0.0,0.0,10867059.920000013,False,0.0,-0.0679253741052106,-791942.0719999969
2022-12-06,2022-12-05,0,0,0,,False,0.0,0.0,0.0,0.0,0.0,0.0,10867059.920000013,False,0.0,-0.0679253741052106,-791942.0719999969
2022-12-07,2022-12-06,0,0,0,,False,0.0,0.0,0.0,0.0,0.0,0.0,10867059.920000013,False,0.0,-0.0679253741052106,-791942.0719999969
2022-12-08,2022-12-07,0,0,0,,False,0.0,0.0,0.0,0.0,0.0,0.0,10867059.920000013,False,0.0,-0.0679253741052106,-791942.0719999969
2022-12-09,2022-12-08,1,0,1,TX202212,False,14200.0,50.0,58.55200000000001,400.0,508.552,13691.448,10880751.368000014,False,0.0012599036078564279,-0.06675104992125436,-778250.6239999961
2022-12-12,2022-12-09,0,1,0,,False,-11600.0,50.0,58.58800000000001,400.0,508.588,-12108.588,10868642.780000014,False,-0.0011128448386028761,-0.06778961119848093,-790359.2119999956
2022-12-13,2022-12-12,1,0,1,TX202212,False,-28200.0,50.0,58.648,400.0,508.648,-28708.648,10839934.132000014,False,-0.0026414197780819846,-0.07025197015679474,-819067.8599999957
2022-12-14,2022-12-13,0,1,0,,False,18000.0,50.0,58.428000000000004,400.0,508.428,17491.572,10857425.704000015,False,0.001613623458131911,-0.06875170692568777,-801576.287999995
2022-12-15,2022-12-14,0,0,0,,False,0.0,0.0,0.0,0.0,0.0,0.0,10857425.704000015,False,0.0,-0.06875170692568777,-801576.287999995
2022-12-16,2022-12-15,1,0,1,TX202212,False,4200.0,50.0,57.76800000000001,400.0,507.76800000000003,3692.232,10861117.936000016,False,0.0003400651407303422,-0.06843502184384853,-797884.0559999943
2022-12-19,2022-12-16,0,1,0,,False,-11200.0,50.0,57.612,400.0,507.61199999999997,-11707.612,10849410.324000016,False,-0.0010779380234141656,-0.06943919115508401,-809591.667999994
2022-12-20,2022-12-19,1,0,1,TX202301,True,-42400.0,150.0,170.58800000000002,1200.0,1520.588,-43920.588,10805489.736000016,False,-0.004048200472503388,-0.07320628786114314,-853512.2559999935
2022-12-21,2022-12-20,1,1,1,TX202301,False,8000.0,0.0,0.0,0.0,0.0,8000.0,10813489.736000016,False,0.0007403644069316793,-0.07252012278410735,-845512.2559999935
2022-12-22,2022-12-21,1,1,1,TX202301,False,42400.0,0.0,0.0,0.0,0.0,42400.0,10855889.736000016,False,0.003921028366896481,-0.06888344787581824,-803112.2559999935
2022-12-23,2022-12-22,1,1,1,TX202301,False,-37400.0,0.0,0.0,0.0,0.0,-37400.0,10818489.736000016,False,-0.0034451344762626967,-0.07209126961096013,-840512.2559999935
2022-12-26,2022-12-23,1,1,1,TX202301,False,11000.0,0.0,0.0,0.0,0.0,11000.0,10829489.736000016,False,0.0010167777821516052,-0.07114779263003601,-829512.2559999935
2022-12-27,2022-12-26,1,1,1,TX202301,False,11600.0,0.0,0.0,0.0,0.0,11600.0,10841089.736000016,False,0.0010711492676740446,-0.07015285326833431,-817912.2559999935
2022-12-28,2022-12-27,1,1,1,TX202301,False,-38600.0,0.0,0.0,0.0,0.0,-38600.0,10802489.736000016,False,-0.003560527672031064,-0.07346359976503147,-856512.2559999935
2022-12-29,2022-12-28,1,1,1,TX202301,False,-15600.0,0.0,0.0,0.0,0.0,-15600.0,10786889.736000016,False,-0.0014441115318084461,-0.07480162166525106,-872112.2559999935
2022-12-30,2022-12-29,1,1,1,TX202301,False,20400.0,0.0,0.0,0.0,0.0,20400.0,10807289.736000016,False,0.0018911846231186849,-0.07305190071881007,-851712.2559999935
2023-01-03,2022-12-30,1,1,1,TX202301,False,19200.0,0.0,0.0,0.0,0.0,19200.0,10826489.736000016,False,0.0017765786306295779,-0.07140510453392435,-832512.2559999935
2023-01-04,2023-01-03,1,1,1,TX202301,False,-4400.0,0.0,0.0,0.0,0.0,-4400.0,10822089.736000016,False,-0.0004064105824964866,-0.071782495326294,-836912.2559999935
2023-01-05,2023-01-04,1,1,1,TX202301,False,16200.0,0.0,0.0,0.0,0.0,16200.0,10838289.736000016,False,0.0014969382434623694,-0.07039301104529672,-820712.2559999935
2023-01-06,2023-01-05,1,1,1,TX202301,False,15000.0,0.0,0.0,0.0,0.0,15000.0,10853289.736000016,False,0.0013839821932584639,-0.06910645152585482,-805712.2559999935
2023-01-09,2023-01-06,1,1,1,TX202301,False,81000.0,0.0,0.0,0.0,0.0,81000.0,10934289.736000016,False,0.0074631749423702915,-0.06215903012086843,-724712.2559999935
2023-01-10,2023-01-09,1,1,1,TX202301,False,7800.0,0.0,0.0,0.0,0.0,7800.0,10942089.736000016,False,0.000713352233050795,-0.06149001917075858,-716912.2559999935
2023-01-11,2023-01-10,1,1,1,TX202301,False,-3200.0,0.0,0.0,0.0,0.0,-3200.0,10938889.736000016,False,-0.0002924487074413073,-0.06176448520157285,-720112.2559999935
2023-01-12,2023-01-11,1,1,1,TX202301,False,-4800.0,0.0,0.0,0.0,0.0,-4800.0,10934089.736000016,False,-0.0004388013880607227,-0.062176184247794364,-724912.2559999935
2023-01-13,2023-01-12,1,1,1,TX202301,False,13000.0,0.0,0.0,0.0,0.0,13000.0,10947089.736000016,False,0.0011889421354571532,-0.061061165997611355,-711912.2559999935
2023-01-16,2023-01-13,1,1,1,TX202301,False,20600.0,0.0,0.0,0.0,0.0,20600.0,10967689.736000016,False,0.0018817786733085723,-0.05929429092424443,-691312.2559999935
2023-01-17,2023-01-16,1,1,1,TX202302,True,-2200.0,100.0,119.34,800.0,1019.34,-3219.34,10964470.396000016,False,-0.0002935294558372612,-0.059570415759132356,-694531.5959999934
2023-01-30,2023-01-17,1,1,1,TX202302,False,109600.0,0.0,0.0,0.0,0.0,109600.0,11074070.396000016,False,0.009995922834538687,-0.05016995420374337,-584931.5959999934
2023-01-31,2023-01-30,1,1,1,TX202302,False,-38000.0,0.0,0.0,0.0,0.0,-38000.0,11036070.396000016,False,-0.003431439266787188,-0.05342923831966295,-622931.5959999934
2023-02-01,2023-01-31,0,1,0,,False,16400.0,50.0,61.392,400.0,511.392,15888.608,11051959.004000016,False,0.001439697956779867,-0.052066462328124286,-607042.9879999943
2023-02-02,2023-02-01,0,0,0,,False,0.0,0.0,0.0,0.0,0.0,0.0,11051959.004000016,False,0.0,-0.052066462328124286,-607042.9879999943
2023-02-03,2023-02-02,1,0,1,TX202302,False,-400.0,50.0,62.33200000000001,400.0,512.332,-912.332,11051046.672000015,False,-8.254934710396604e-05,-0.05214471362275708,-607955.3199999947
2023-02-06,2023-02-03,0,1,0,,False,-15000.0,50.0,62.008,400.0,512.008,-15512.008,11035534.664000016,False,-0.0014036686714302548,-0.05347518839329435,-623467.3279999942
2023-02-07,2023-02-06,0,0,0,,False,0.0,0.0,0.0,0.0,0.0,0.0,11035534.664000016,False,0.0,-0.05347518839329435,-623467.3279999942
2023-02-08,2023-02-07,0,0,0,,False,0.0,0.0,0.0,0.0,0.0,0.0,11035534.664000016,False,0.0,-0.05347518839329435,-623467.3279999942
2023-02-09,2023-02-08,1,0,1,TX202302,False,10400.0,50.0,62.20400000000001,400.0,512.204,9887.796,11045422.460000016,False,0.0008959960981551574,-0.052627105855287626,-613579.5319999941
2023-02-10,2023-02-09,0,1,0,,False,-1000.0,50.0,62.376000000000005,400.0,512.376,-1512.376,11043910.084000016,False,-0.0001369233277836978,-0.05275682330460607,-615091.9079999942
2023-02-13,2023-02-10,0,0,0,,False,0.0,0.0,0.0,0.0,0.0,0.0,11043910.084000016,False,0.0,-0.05275682330460607,-615091.9079999942
2023-02-14,2023-02-13,1,0,1,TX202303,True,5600.0,150.0,187.764,1200.0,1537.7640000000001,4062.236,11047972.320000015,False,0.00036782588495402625,-0.05240840274487146,-611029.6719999947
2023-02-15,2023-02-14,0,1,0,,False,-30000.0,50.0,61.97200000000001,400.0,511.972,-30511.972,11017460.348000016,False,-0.0027617712206577977,-0.05502543394710768,-641541.6439999938
2023-02-16,2023-02-15,0,0,0,,False,0.0,0.0,0.0,0.0,0.0,0.0,11017460.348000016,False,0.0,-0.05502543394710768,-641541.6439999938
2023-02-17,2023-02-16,1,0,1,TX202303,False,1000.0,50.0,61.720000000000006,400.0,511.72,488.28,11017948.628000015,False,4.431874357402491e-05,-0.054983553861630896,-641053.3639999945
2023-02-20,2023-02-17,1,1,1,TX202303,False,17800.0,0.0,0.0,0.0,0.0,17800.0,11035748.628000015,False,0.0016155457427678229,-0.053456836565226484,-623253.3639999945
2023-02-21,2023-02-20,1,1,1,TX202303,False,1200.0,0.0,0.0,0.0,0.0,1200.0,11036948.628000015,False,0.00010873752569493542,-0.053353911803671106,-622053.3639999945
2023-02-22,2023-02-21,1,1,1,TX202303,False,-30400.0,0.0,0.0,0.0,0.0,-30400.0,11006548.628000015,False,-0.002754384479318604,-0.05596133909640677,-652453.3639999945
2023-02-23,2023-02-22,1,1,1,TX202303,False,44200.0,0.0,0.0,0.0,0.0,44200.0,11050748.628000015,False,0.004015791097997585,-0.052170277045784585,-608253.3639999945
2023-02-24,2023-02-23,1,1,1,TX202303,False,-11000.0,0.0,0.0,0.0,0.0,-11000.0,11039748.628000015,False,-0.0009954076751079624,-0.05311375402670859,-619253.3639999945
2023-03-01,2023-02-24,1,1,1,TX202303,False,400.0,0.0,0.0,0.0,0.0,400.0,11040148.628000015,False,3.623270904787484e-05,-0.05307944577285684,-618853.3639999945
2023-03-02,2023-03-01,1,1,1,TX202303,False,-400.0,0.0,0.0,0.0,0.0,-400.0,11039748.628000015,False,-3.6231396286234804e-05,-0.05311375402670859,-619253.3639999945
2023-03-03,2023-03-02,1,1,1,TX202303,False,15400.0,0.0,0.0,0.0,0.0,15400.0,11055148.628000015,False,0.0013949592983431814,-0.05179288625341494,-603853.3639999945
2023-03-06,2023-03-03,1,1,1,TX202303,False,31000.0,0.0,0.0,0.0,0.0,31000.0,11086148.628000015,False,0.0028041233133206823,-0.049133996579901584,-572853.3639999945
2023-03-07,2023-03-06,1,1,1,TX202303,False,20000.0,0.0,0.0,0.0,0.0,20000.0,11106148.628000015,False,0.0018040530278916238,-0.04741858388731235,-552853.3639999945
2023-03-08,2023-03-07,1,1,1,TX202303,False,-17800.0,0.0,0.0,0.0,0.0,-17800.0,11088348.628000015,False,-0.00160271581051274,-0.04894530118371676,-570653.3639999945
2023-03-09,2023-03-08,1,1,1,TX202303,False,-3600.0,0.0,0.0,0.0,0.0,-3600.0,11084748.628000015,False,-0.00032466511658096425,-0.049254075468382896,-574253.3639999945
2023-03-10,2023-03-09,1,1,1,TX202303,False,-56600.0,0.0,0.0,0.0,0.0,-56600.0,11028148.628000015,False,-0.005106114888075017,-0.0541086933884104,-630853.3639999945
2023-03-13,2023-03-10,0,1,0,,False,-6800.0,50.0,61.792,400.0,511.79200000000003,-7311.792,11020836.836000016,False,-0.000663011739018067,-0.05473583042852892,-638165.1559999939
2023-03-14,2023-03-13,1,0,1,TX202304,True,-1200.0,150.0,183.99200000000002,1200.0,1533.992,-2733.992,11018102.844000015,False,-0.0002480748096251006,-0.05497032665744084,-640899.1479999945
2023-03-15,2023-03-14,0,1,0,,False,23200.0,50.0,61.60000000000001,400.0,511.6,22688.4,11040791.244000016,False,0.0020591929773422953,-0.05302432819071379,-618210.7479999941
2023-03-16,2023-03-15,1,0,1,TX202304,False,6600.0,50.0,60.784000000000006,400.0,510.784,6089.216,11046880.460000016,False,0.000551519892499472,-0.052502052269997934,-612121.5319999941
2023-03-17,2023-03-16,1,1,1,TX202304,False,35200.0,0.0,0.0,0.0,0.0,35200.0,11082080.460000016,False,0.003186419924381073,-0.049482925931040866,-576921.5319999941
2023-03-20,2023-03-17,1,1,1,TX202304,False,-6000.0,0.0,0.0,0.0,0.0,-6000.0,11076080.460000016,False,-0.0005414145856147296,-0.04999754973881765,-582921.5319999941
2023-03-21,2023-03-20,0,1,0,,False,18200.0,50.0,61.848000000000006,400.0,511.848,17688.152,11093768.612000016,False,0.001596968536286705,-0.048480425716355136,-565233.3799999934
2023-03-22,2023-03-21,0,0,0,,False,0.0,0.0,0.0,0.0,0.0,0.0,11093768.612000016,False,0.0,-0.048480425716355136,-565233.3799999934
2023-03-23,2023-03-22,1,0,1,TX202304,False,28400.0,50.0,62.788000000000004,400.0,512.788,27887.212,11121655.824000016,False,0.0025137726389781274,-0.04608852184506884,-537346.167999994
2023-03-24,2023-03-23,1,1,1,TX202304,False,15000.0,0.0,0.0,0.0,0.0,15000.0,11136655.824000016,False,0.001348720032104455,-0.04480196232562694,-522346.167999994
2023-03-27,2023-03-24,0,1,0,,False,-11400.0,50.0,63.412000000000006,400.0,513.412,-11913.412,11124742.412000015,False,-0.0010697477041829774,-0.04582378323346925,-534259.5799999945
2023-03-28,2023-03-27,0,0,0,,False,0.0,0.0,0.0,0.0,0.0,0.0,11124742.412000015,False,0.0,-0.04582378323346925,-534259.5799999945
2023-03-29,2023-03-28,0,0,0,,False,0.0,0.0,0.0,0.0,0.0,0.0,11124742.412000015,False,0.0,-0.04582378323346925,-534259.5799999945
2023-03-30,2023-03-29,0,0,0,,False,0.0,0.0,0.0,0.0,0.0,0.0,11124742.412000015,False,0.0,-0.04582378323346925,-534259.5799999945
2023-03-31,2023-03-30,0,0,0,,False,0.0,0.0,0.0,0.0,0.0,0.0,11124742.412000015,False,0.0,-0.04582378323346925,-534259.5799999945
2023-04-06,2023-03-31,0,0,0,,False,0.0,0.0,0.0,0.0,0.0,0.0,11124742.412000015,False,0.0,-0.04582378323346925,-534259.5799999945
2023-04-07,2023-04-06,1,0,1,TX202304,False,-6400.0,50.0,63.40800000000001,400.0,513.408,-6913.408,11117829.004000016,False,-0.0006214443214921236,-0.04641675062508166,-541172.9879999943
2023-04-10,2023-04-07,1,1,1,TX202304,False,6200.0,0.0,0.0,0.0,0.0,6200.0,11124029.004000016,False,0.0005576628312748235,-0.045884972690378945,-534972.9879999943
2023-04-11,2023-04-10,1,1,1,TX202304,False,14400.0,0.0,0.0,0.0,0.0,14400.0,11138429.004000016,False,0.0012944950066942473,-0.044649875551714735,-520572.9879999943
2023-04-12,2023-04-11,1,1,1,TX202304,False,1000.0,0.0,0.0,0.0,0.0,1000.0,11139429.004000016,False,8.97792677621666e-05,-0.04456410491708529,-519572.9879999943
2023-04-13,2023-04-12,1,1,1,TX202304,False,-22000.0,0.0,0.0,0.0,0.0,-22000.0,11117429.004000016,False,-0.001974966579714284,-0.046451058878933416,-541572.9879999943
2023-04-14,2023-04-13,1,1,1,TX202304,False,26200.0,0.0,0.0,0.0,0.0,26200.0,11143629.004000016,False,0.0023566599787210986,-0.044203868251641465,-515372.9879999943
2023-04-17,2023-04-14,1,1,1,TX202304,False,4600.0,0.0,0.0,0.0,0.0,4600.0,11148229.004000016,False,0.000412791918893641,-0.043809323332345995,-510772.9879999943
2023-04-18,2023-04-17,1,1,1,TX202305,True,-16000.0,100.0,127.04400000000001,800.0,1027.044,-17027.044,11131201.960000016,False,-0.0015273317397669756,-0.04526974370208969,-527800.0319999941
2023-04-19,2023-04-18,1,1,1,TX202305,False,-18600.0,0.0,0.0,0.0,0.0,-18600.0,11112601.960000016,False,-0.0016709785759740157,-0.04686507750619773,-546400.0319999941
2023-04-20,2023-04-19,0,1,0,,False,-9600.0,50.0,62.912000000000006,400.0,512.912,-10112.912,11102489.048000015,False,-0.0009100399741124162,-0.04773246838638967,-556512.9439999945
2023-04-21,2023-04-20,1,0,1,TX202305,False,-28400.0,50.0,63.03600000000001,400.0,513.0360000000001,-28913.036,11073576.012000015,False,-0.0026041940572963996,-0.050212357833174126,-585425.9799999949
2023-04-24,2023-04-21,1,1,1,TX202305,False,1600.0,0.0,0.0,0.0,0.0,1600.0,11075176.012000015,False,0.00014448810377660663,-0.05007512481776699,-583825.9799999949
2023-04-25,2023-04-24,1,1,1,TX202305,False,-47000.0,0.0,0.0,0.0,0.0,-47000.0,11028176.012000015,False,-0.004243724880676861,-0.05410634464535169,-630825.9799999949
2023-04-26,2023-04-25,0,1,0,,False,400.0,50.0,61.55200000000001,400.0,511.552,-111.55200000000002,11028064.460000016,False,-1.0115181320883679e-05,-0.05411591253118586,-630937.5319999941
2023-04-27,2023-04-26,0,0,0,,False,0.0,0.0,0.0,0.0,0.0,0.0,11028064.460000016,False,0.0,-0.05411591253118586,-630937.5319999941
2023-04-28,2023-04-27,1,0,1,TX202305,False,11600.0,50.0,62.068000000000005,400.0,512.068,11087.932,11039152.392000016,False,0.001005428653433894,-0.05316489356681753,-619849.599999994
2023-05-02,2023-04-28,1,1,1,TX202305,False,12600.0,0.0,0.0,0.0,0.0,12600.0,11051752.392000016,False,0.00114139197943595,-0.052084183570486275,-607249.599999994
2023-05-03,2023-05-02,1,1,1,TX202305,False,-16800.0,0.0,0.0,0.0,0.0,-16800.0,11034952.392000016,False,-0.0015201209187568248,-0.05352513023226124,-624049.599999994
2023-05-04,2023-05-03,1,1,1,TX202305,False,11400.0,0.0,0.0,0.0,0.0,11400.0,11046352.392000016,False,0.0010330810315289291,-0.05254734499748537,-612649.599999994
2023-05-05,2023-05-04,1,1,1,TX202305,False,6800.0,0.0,0.0,0.0,0.0,6800.0,11053152.392000016,False,0.0006155878210914847,-0.051964104682005074,-605849.599999994
2023-05-08,2023-05-05,1,1,1,TX202305,False,16000.0,0.0,0.0,0.0,0.0,16000.0,11069152.392000016,False,0.0014475508373141027,-0.05059177452793362,-589849.599999994
2023-05-09,2023-05-08,1,1,1,TX202305,False,3200.0,0.0,0.0,0.0,0.0,3200.0,11072352.392000016,False,0.00028909169254122196,-0.05031730849711935,-586649.599999994
2023-05-10,2023-05-09,1,1,1,TX202305,False,-26000.0,0.0,0.0,0.0,0.0,-26000.0,11046352.392000016,False,-0.002348191159340764,-0.05254734499748537,-612649.599999994
2023-05-11,2023-05-10,0,1,0,,False,10200.0,50.0,62.632000000000005,400.0,512.6320000000001,9687.368,11056039.760000017,False,0.000876974376357555,-0.0517164532962362,-602962.2319999933
2023-05-12,2023-05-11,0,0,0,,False,0.0,0.0,0.0,0.0,0.0,0.0,11056039.760000017,False,0.0,-0.0517164532962362,-602962.2319999933
2023-05-15,2023-05-12,0,0,0,,False,0.0,0.0,0.0,0.0,0.0,0.0,11056039.760000017,False,0.0,-0.0517164532962362,-602962.2319999933
2023-05-16,2023-05-15,0,0,0,,False,0.0,0.0,0.0,0.0,0.0,0.0,11056039.760000017,False,0.0,-0.0517164532962362,-602962.2319999933
2023-05-17,2023-05-16,1,0,1,TX202306,False,43000.0,50.0,62.65200000000001,400.0,512.652,42487.348,11098527.108000016,False,0.003842908394171688,-0.04807228649455342,-560474.883999994
2023-05-18,2023-05-17,1,1,1,TX202306,False,38800.0,0.0,0.0,0.0,0.0,38800.0,11137327.108000016,False,0.0034959593847396445,-0.044744385870930325,-521674.883999994
2023-05-19,2023-05-18,1,1,1,TX202306,False,11800.0,0.0,0.0,0.0,0.0,11800.0,11149127.108000016,False,0.0010595001732079847,-0.043732292382302695,-509874.883999994
2023-05-22,2023-05-19,1,1,1,TX202306,False,-2600.0,0.0,0.0,0.0,0.0,-2600.0,11146527.108000016,False,-0.00023320211302769878,-0.043955296032339275,-512474.883999994
2023-05-23,2023-05-22,1,1,1,TX202306,False,3400.0,0.0,0.0,0.0,0.0,3400.0,11149927.108000016,False,0.00030502774245798705,-0.043663675874599184,-509074.883999994
2023-05-24,2023-05-23,0,1,0,,False,-15600.0,50.0,64.212,400.0,514.212,-16114.212,11133812.896000016,False,-0.0014452302552218602,-0.04504580206439279,-525189.0959999934
2023-05-25,2023-05-24,1,0,1,TX202306,False,15000.0,50.0,64.536,400.0,514.5360000000001,14485.464,11148298.360000016,False,0.001301033539480811,-0.04380337462421058,-510703.6319999937
2023-05-26,2023-05-25,1,1,1,TX202306,False,45600.0,0.0,0.0,0.0,0.0,45600.0,11193898.360000016,False,0.004090310335038426,-0.03989223368510708,-465103.6319999937
2023-05-29,2023-05-26,1,1,1,TX202306,False,27000.0,0.0,0.0,0.0,0.0,27000.0,11220898.360000016,False,0.002412028332906889,-0.03757642655011162,-438103.6319999937
2023-05-30,2023-05-29,0,1,0,,False,-4000.0,50.0,66.19200000000001,400.0,516.192,-4516.192,11216382.168000016,False,-0.0004024804302745679,-0.03796378320406013,-442619.8239999935
2023-05-31,2023-05-30,0,0,0,,False,0.0,0.0,0.0,0.0,0.0,0.0,11216382.168000016,False,0.0,-0.03796378320406013,-442619.8239999935
2023-06-01,2023-05-31,0,0,0,,False,0.0,0.0,0.0,0.0,0.0,0.0,11216382.168000016,False,0.0,-0.03796378320406013,-442619.8239999935
2023-06-02,2023-06-01,0,0,0,,False,0.0,0.0,0.0,0.0,0.0,0.0,11216382.168000016,False,0.0,-0.03796378320406013,-442619.8239999935
2023-06-05,2023-06-02,0,0,0,,False,0.0,0.0,0.0,0.0,0.0,0.0,11216382.168000016,False,0.0,-0.03796378320406013,-442619.8239999935
2023-06-06,2023-06-05,0,0,0,,False,0.0,0.0,0.0,0.0,0.0,0.0,11216382.168000016,False,0.0,-0.03796378320406013,-442619.8239999935
2023-06-07,2023-06-06,0,0,0,,False,0.0,0.0,0.0,0.0,0.0,0.0,11216382.168000016,False,0.0,-0.03796378320406013,-442619.8239999935
2023-06-08,2023-06-07,1,0,1,TX202306,False,-26600.0,50.0,67.41600000000001,400.0,517.416,-27117.416,11189264.752000017,False,-0.002417661559122435,-0.04028966118389121,-469737.2399999928
2023-06-09,2023-06-08,1,1,1,TX202306,False,33800.0,0.0,0.0,0.0,0.0,33800.0,11223064.752000017,False,0.0030207525471196346,-0.037390613733415345,-435937.2399999928
2023-06-12,2023-06-09,0,1,0,,False,13200.0,50.0,67.808,400.0,517.808,12682.192,11235746.944000017,False,0.001130011479060562,-0.03630285407708267,-423255.04799999297
2023-06-13,2023-06-12,0,0,0,,False,0.0,0.0,0.0,0.0,0.0,0.0,11235746.944000017,False,0.0,-0.03630285407708267,-423255.04799999297
2023-06-14,2023-06-13,0,0,0,,False,0.0,0.0,0.0,0.0,0.0,0.0,11235746.944000017,False,0.0,-0.03630285407708267,-423255.04799999297
2023-06-15,2023-06-14,0,0,0,,False,0.0,0.0,0.0,0.0,0.0,0.0,11235746.944000017,False,0.0,-0.03630285407708267,-423255.04799999297
2023-06-16,2023-06-15,0,0,0,,False,0.0,0.0,0.0,0.0,0.0,0.0,11235746.944000017,False,0.0,-0.03630285407708267,-423255.04799999297
2023-06-19,2023-06-16,0,0,0,,False,0.0,0.0,0.0,0.0,0.0,0.0,11235746.944000017,False,0.0,-0.03630285407708267,-423255.04799999297
2023-06-20,2023-06-19,0,0,0,,False,0.0,0.0,0.0,0.0,0.0,0.0,11235746.944000017,False,0.0,-0.03630285407708267,-423255.04799999297
2023-06-21,2023-06-20,0,0,0,,False,0.0,0.0,0.0,0.0,0.0,0.0,11235746.944000017,False,0.0,-0.03630285407708267,-423255.04799999297
2023-06-26,2023-06-21,0,0,0,,False,0.0,0.0,0.0,0.0,0.0,0.0,11235746.944000017,False,0.0,-0.03630285407708267,-423255.04799999297
2023-06-27,2023-06-26,0,0,0,,False,0.0,0.0,0.0,0.0,0.0,0.0,11235746.944000017,False,0.0,-0.03630285407708267,-423255.04799999297
2023-06-28,2023-06-27,0,0,0,,False,0.0,0.0,0.0,0.0,0.0,0.0,11235746.944000017,False,0.0,-0.03630285407708267,-423255.04799999297
2023-06-29,2023-06-28,0,0,0,,False,0.0,0.0,0.0,0.0,0.0,0.0,11235746.944000017,False,0.0,-0.03630285407708267,-423255.04799999297
2023-06-30,2023-06-29,0,0,0,,False,0.0,0.0,0.0,0.0,0.0,0.0,11235746.944000017,False,0.0,-0.03630285407708267,-423255.04799999297
2023-07-03,2023-06-30,0,0,0,,False,0.0,0.0,0.0,0.0,0.0,0.0,11235746.944000017,False,0.0,-0.03630285407708267,-423255.04799999297
2023-07-04,2023-07-03,0,0,0,,False,0.0,0.0,0.0,0.0,0.0,0.0,11235746.944000017,False,0.0,-0.03630285407708267,-423255.04799999297
2023-07-05,2023-07-04,0,0,0,,False,0.0,0.0,0.0,0.0,0.0,0.0,11235746.944000017,False,0.0,-0.03630285407708267,-423255.04799999297
2023-07-06,2023-07-05,0,0,0,,False,0.0,0.0,0.0,0.0,0.0,0.0,11235746.944000017,False,0.0,-0.03630285407708267,-423255.04799999297
2023-07-07,2023-07-06,0,0,0,,False,0.0,0.0,0.0,0.0,0.0,0.0,11235746.944000017,False,0.0,-0.03630285407708267,-423255.04799999297
2023-07-10,2023-07-07,0,0,0,,False,0.0,0.0,0.0,0.0,0.0,0.0,11235746.944000017,False,0.0,-0.03630285407708267,-423255.04799999297
2023-07-11,2023-07-10,0,0,0,,False,0.0,0.0,0.0,0.0,0.0,0.0,11235746.944000017,False,0.0,-0.03630285407708267,-423255.04799999297
2023-07-12,2023-07-11,0,0,0,,False,0.0,0.0,0.0,0.0,0.0,0.0,11235746.944000017,False,0.0,-0.03630285407708267,-423255.04799999297
2023-07-13,2023-07-12,0,0,0,,False,0.0,0.0,0.0,0.0,0.0,0.0,11235746.944000017,False,0.0,-0.03630285407708267,-423255.04799999297
2023-07-14,2023-07-13,0,0,0,,False,0.0,0.0,0.0,0.0,0.0,0.0,11235746.944000017,False,0.0,-0.03630285407708267,-423255.04799999297
2023-07-17,2023-07-14,0,0,0,,False,0.0,0.0,0.0,0.0,0.0,0.0,11235746.944000017,False,0.0,-0.03630285407708267,-423255.04799999297
2023-07-18,2023-07-17,0,0,0,,False,0.0,0.0,0.0,0.0,0.0,0.0,11235746.944000017,False,0.0,-0.03630285407708267,-423255.04799999297
2023-07-19,2023-07-18,0,0,0,,False,0.0,0.0,0.0,0.0,0.0,0.0,11235746.944000017,False,0.0,-0.03630285407708267,-423255.04799999297
2023-07-20,2023-07-19,0,0,0,,False,0.0,0.0,0.0,0.0,0.0,0.0,11235746.944000017,False,0.0,-0.03630285407708267,-423255.04799999297
2023-07-21,2023-07-20,0,0,0,,False,0.0,0.0,0.0,0.0,0.0,0.0,11235746.944000017,False,0.0,-0.03630285407708267,-423255.04799999297
2023-07-24,2023-07-21,0,0,0,,False,0.0,0.0,0.0,0.0,0.0,0.0,11235746.944000017,False,0.0,-0.03630285407708267,-423255.04799999297
2023-07-25,2023-07-24,0,0,0,,False,0.0,0.0,0.0,0.0,0.0,0.0,11235746.944000017,False,0.0,-0.03630285407708267,-423255.04799999297
2023-07-26,2023-07-25,1,0,1,TX202308,False,-20800.0,50.0,68.83200000000001,400.0,518.832,-21318.832,11214428.112000016,False,-0.0018974111918197334,-0.03813138382728165,-444573.87999999337
2023-07-27,2023-07-26,0,1,0,,False,16200.0,50.0,68.724,400.0,518.724,15681.276,11230109.388000017,False,0.001398312588336112,-0.03678639083296187,-428892.60399999283
2023-07-28,2023-07-27,1,0,1,TX202308,False,21400.0,50.0,68.628,400.0,518.628,20881.372,11250990.760000017,False,0.0018594094926905058,-0.034995382304587985,-408011.2319999933
2023-07-31,2023-07-28,1,1,1,TX202308,False,-32400.0,0.0,0.0,0.0,0.0,-32400.0,11218590.760000017,False,-0.0028797463877750047,-0.03777435086658254,-440411.2319999933
2023-08-01,2023-07-31,0,1,0,,False,12000.0,50.0,68.632,400.0,518.6320000000001,11481.368,11230072.128000017,False,0.0010234233733649434,-0.03678958664680809,-428929.8639999926
2023-08-02,2023-08-01,0,0,0,,False,0.0,0.0,0.0,0.0,0.0,0.0,11230072.128000017,False,0.0,-0.03678958664680809,-428929.8639999926
2023-08-04,2023-08-02,0,0,0,,False,0.0,0.0,0.0,0.0,0.0,0.0,11230072.128000017,False,0.0,-0.03678958664680809,-428929.8639999926
2023-08-07,2023-08-04,1,0,1,TX202308,False,28600.0,50.0,67.444,400.0,517.444,28082.556,11258154.684000017,False,0.0025006567793969523,-0.034380927996670696,-400847.30799999274
2023-08-08,2023-08-07,1,1,1,TX202308,False,-29800.0,0.0,0.0,0.0,0.0,-29800.0,11228354.684000017,False,-0.002646970203949274,-0.03693689290862867,-430647.30799999274
2023-08-09,2023-08-08,1,1,1,TX202308,False,-200.0,0.0,0.0,0.0,0.0,-200.0,11228154.684000017,False,-1.7812048659719708e-05,-0.036954047035554605,-430847.30799999274
2023-08-10,2023-08-09,0,1,0,,False,-12800.0,50.0,67.144,400.0,517.144,-13317.144,11214837.540000018,False,-0.0011860492106487246,-0.03809626692788648,-444164.45199999213
2023-08-11,2023-08-10,1,0,1,TX202308,False,-17200.0,50.0,66.852,400.0,516.852,-17716.852,11197120.688000018,False,-0.0015797689388552633,-0.039615852567562726,-461881.3039999921
2023-08-14,2023-08-11,1,1,1,TX202308,False,-49400.0,0.0,0.0,0.0,0.0,-49400.0,11147720.688000018,False,-0.004411848490026736,-0.04385292191825807,-511281.3039999921
2023-08-15,2023-08-14,0,1,0,,False,18600.0,50.0,65.876,400.0,515.876,18084.124,11165804.812000018,False,0.0016222261488365675,-0.04230183512606023,-493197.17999999225
2023-08-16,2023-08-15,1,0,1,TX202309,False,10000.0,50.0,65.296,400.0,515.296,9484.704,11175289.516000018,False,0.0008494420384105837,-0.041488326044707646,-483712.47599999234
2023-08-17,2023-08-16,1,1,1,TX202309,False,16400.0,0.0,0.0,0.0,0.0,16400.0,11191689.516000018,False,0.001467523501428719,-0.040081687636784435,-467312.47599999234
2023-08-18,2023-08-17,1,1,1,TX202309,False,-20400.0,0.0,0.0,0.0,0.0,-20400.0,11171289.516000018,False,-0.0018227810886672178,-0.04183140858322554,-487712.47599999234
2023-08-21,2023-08-18,1,1,1,TX202309,False,-200.0,0.0,0.0,0.0,0.0,-200.0,11171089.516000018,False,-1.7903036145787028e-05,-0.04184856271015136,-487912.47599999234
2023-08-22,2023-08-21,1,1,1,TX202309,False,10000.0,0.0,0.0,0.0,0.0,10000.0,11181089.516000018,False,0.0008951678335114313,-0.0409908563638568,-477912.47599999234
2023-08-23,2023-08-22,1,1,1,TX202309,False,31600.0,0.0,0.0,0.0,0.0,31600.0,11212689.516000018,False,0.00282620043017997,-0.038280504309565755,-446312.47599999234
2023-08-24,2023-08-23,1,1,1,TX202309,False,40000.0,0.0,0.0,0.0,0.0,40000.0,11252689.516000018,False,0.0035673867489973525,-0.034849678924387284,-406312.47599999234
2023-08-25,2023-08-24,1,1,1,TX202309,False,-67600.0,0.0,0.0,0.0,0.0,-67600.0,11185089.516000018,False,-0.006007452698653122,-0.040647773825338906,-473912.47599999234
2023-08-28,2023-08-25,0,1,0,,False,9400.0,50.0,65.864,400.0,515.864,8884.136,11193973.652000017,False,0.0007942838532755097,-0.03988577584248443,-465028.3399999924
2023-08-29,2023-08-28,1,0,1,TX202309,False,9200.0,50.0,66.32000000000001,400.0,516.32,8683.68,11202657.332000017,False,0.0007757459745716388,-0.03914097109796533,-456344.6599999927
2023-08-30,2023-08-29,1,1,1,TX202309,False,20000.0,0.0,0.0,0.0,0.0,20000.0,11222657.332000017,False,0.001785290704453725,-0.03742555840537609,-436344.6599999927
2023-08-31,2023-08-30,1,1,1,TX202309,False,-19200.0,0.0,0.0,0.0,0.0,-19200.0,11203457.332000017,False,-0.0017108247567404183,-0.039072354590261815,-455544.6599999927
2023-09-01,2023-08-31,1,1,1,TX202309,False,4600.0,0.0,0.0,0.0,0.0,4600.0,11208057.332000017,False,0.0004105875412995229,-0.038677809670966234,-450944.6599999927
2023-09-04,2023-09-01,1,1,1,TX202309,False,26200.0,0.0,0.0,0.0,0.0,26200.0,11234257.332000017,False,0.0023376040310925813,-0.036430619043674395,-424744.6599999927
2023-09-05,2023-09-04,1,1,1,TX202309,False,-5600.0,0.0,0.0,0.0,0.0,-5600.0,11228657.332000017,False,-0.0004984753183504869,-0.03691093459759931,-430344.6599999927
2023-09-06,2023-09-05,1,1,1,TX202309,False,-8600.0,0.0,0.0,0.0,0.0,-8600.0,11220057.332000017,False,-0.0007658974484412547,-0.03764856205541267,-438944.6599999927
2023-09-07,2023-09-06,1,1,1,TX202309,False,-29400.0,0.0,0.0,0.0,0.0,-29400.0,11190657.332000017,False,-0.002620307466357602,-0.04017021871351889,-468344.6599999927
2023-09-08,2023-09-07,1,1,1,TX202309,False,-200.0,0.0,0.0,0.0,0.0,-200.0,11190457.332000017,False,-1.7872051128586883e-05,-0.040187372840444824,-468544.6599999927
2023-09-11,2023-09-08,1,1,1,TX202309,False,-27200.0,0.0,0.0,0.0,0.0,-27200.0,11163257.332000017,False,-0.002430642394052958,-0.04252033410236611,-495744.6599999927
2023-09-12,2023-09-11,1,1,1,TX202309,False,29200.0,0.0,0.0,0.0,0.0,29200.0,11192457.332000017,False,0.002615723989117118,-0.04001583157118582,-466544.6599999927
2023-09-13,2023-09-12,1,1,1,TX202309,False,800.0,0.0,0.0,0.0,0.0,800.0,11193257.332000017,False,7.14767075959936e-05,-0.03994721506348231,-465744.6599999927
2023-09-14,2023-09-13,1,1,1,TX202309,False,52200.0,0.0,0.0,0.0,0.0,52200.0,11245457.332000017,False,0.00466352183745184,-0.03546998793582434,-413544.6599999927
2023-09-15,2023-09-14,1,1,1,TX202309,False,13600.0,0.0,0.0,0.0,0.0,13600.0,11259057.332000017,False,0.001209377226597971,-0.034303507304863645,-399944.6599999927
2023-09-18,2023-09-15,1,1,1,TX202309,False,-39400.0,0.0,0.0,0.0,0.0,-39400.0,11219657.332000017,False,-0.003499404864741117,-0.03768287030926454,-439344.6599999927
2023-09-19,2023-09-18,1,1,1,TX202310,True,-20000.0,100.0,132.93600000000004,800.0,1032.9360000000001,-21032.936,11198624.396000016,False,-0.001874650479744257,-0.0394868785781054,-460377.5959999934
2023-09-20,2023-09-19,1,1,1,TX202310,False,-12200.0,0.0,0.0,0.0,0.0,-12200.0,11186424.396000016,False,-0.001089419518736396,-0.040533280320584786,-472577.5959999934
2023-09-21,2023-09-20,1,1,1,TX202310,False,-51000.0,0.0,0.0,0.0,0.0,-51000.0,11135424.396000016,False,-0.0045590975448988255,-0.044907582686687375,-523577.5959999934
2023-09-22,2023-09-21,0,1,0,,False,-21800.0,50.0,64.792,400.0,514.792,-22314.792,11113109.604000017,False,-0.002003946253545195,-0.0468215365581518,-545892.3879999928
2023-09-25,2023-09-22,1,0,1,TX202310,False,22400.0,50.0,65.41600000000001,400.0,515.416,21884.584,11134994.188000018,False,0.001969258360605292,-0.04494448189986999,-524007.8039999921
2023-09-26,2023-09-25,1,1,1,TX202310,False,-31200.0,0.0,0.0,0.0,0.0,-31200.0,11103794.188000018,False,-0.0028019772146467463,-0.04762052570030917,-555207.8039999921
2023-09-27,2023-09-26,1,1,1,TX202310,False,600.0,0.0,0.0,0.0,0.0,600.0,11104394.188000018,False,5.40355836789938e-05,-0.04756906331953148,-554607.8039999921
2023-09-28,2023-09-27,1,1,1,TX202310,False,11400.0,0.0,0.0,0.0,0.0,11400.0,11115794.188000018,False,0.0010266206158566875,-0.046591278084755605,-543207.8039999921
2023-10-02,2023-09-28,1,1,1,TX202310,False,37800.0,0.0,0.0,0.0,0.0,37800.0,11153594.188000018,False,0.0034005667396043316,-0.04334914809576196,-505407.8039999921
2023-10-03,2023-10-02,1,1,1,TX202310,False,-29000.0,0.0,0.0,0.0,0.0,-29000.0,11124594.188000018,False,-0.002600058735434418,-0.04583649650001631,-534407.8039999921
2023-10-04,2023-10-03,1,1,1,TX202310,False,-33400.0,0.0,0.0,0.0,0.0,-33400.0,11091194.188000018,False,-0.003002356709427498,-0.04870123569664042,-567807.8039999921
2023-10-05,2023-10-04,1,1,1,TX202310,False,42200.0,0.0,0.0,0.0,0.0,42200.0,11133394.188000018,False,0.0038048202280740674,-0.04508171491527713,-525607.8039999921
2023-10-06,2023-10-05,1,1,1,TX202310,False,15000.0,0.0,0.0,0.0,0.0,15000.0,11148394.188000018,False,0.001347298024906686,-0.04379515539583512,-510607.8039999921
2023-10-11,2023-10-06,1,1,1,TX202310,False,37200.0,0.0,0.0,0.0,0.0,37200.0,11185594.188000018,False,0.003336803433093672,-0.04060448778761916,-473407.8039999921
2023-10-12,2023-10-11,1,1,1,TX202310,False,26200.0,0.0,0.0,0.0,0.0,26200.0,11211794.188000018,False,0.0023422984563580486,-0.03835729716032732,-447207.8039999921
2023-10-13,2023-10-12,1,1,1,TX202310,False,-15600.0,0.0,0.0,0.0,0.0,-15600.0,11196194.188000018,False,-0.0013913919341024543,-0.03969531906054691,-462807.8039999921
2023-10-16,2023-10-13,1,1,1,TX202310,False,-24400.0,0.0,0.0,0.0,0.0,-24400.0,11171794.188000018,False,-0.0021793119688966905,-0.04178812254550579,-487207.8039999921
2023-10-17,2023-10-16,1,1,1,TX202311,True,400.0,100.0,133.288,800.0,1033.288,-633.288,11171160.900000017,False,-5.668632892290792e-05,-0.04184244005916904,-487841.0919999927
2023-10-18,2023-10-17,1,1,1,TX202311,False,-40800.0,0.0,0.0,0.0,0.0,-40800.0,11130360.900000017,False,-0.0036522614225348716,-0.04534188195205102,-528641.0919999927
2023-10-19,2023-10-18,1,1,1,TX202311,False,-2000.0,0.0,0.0,0.0,0.0,-2000.0,11128360.900000017,False,-0.00017968869275388876,-0.04551342322131002,-530641.0919999927
2023-10-20,2023-10-19,1,1,1,TX202311,False,-9000.0,0.0,0.0,0.0,0.0,-9000.0,11119360.900000017,False,-0.0008087444396236275,-0.04628535893297514,-539641.0919999927
2023-10-23,2023-10-20,1,1,1,TX202311,False,-31800.0,0.0,0.0,0.0,0.0,-31800.0,11087560.900000017,False,-0.002859876595965147,-0.049012865114192006,-571441.0919999927
2023-10-24,2023-10-23,1,1,1,TX202311,False,16200.0,0.0,0.0,0.0,0.0,16200.0,11103760.900000017,False,0.0014610968224760754,-0.04762338083319473,-555241.0919999927
2023-10-25,2023-10-24,1,1,1,TX202311,False,4600.0,0.0,0.0,0.0,0.0,4600.0,11108360.900000017,False,0.0004142740501553841,-0.04722883591389926,-550641.0919999927
2023-10-26,2023-10-25,1,1,1,TX202311,False,-57800.0,0.0,0.0,0.0,0.0,-57800.0,11050560.900000017,False,-0.005203287912620836,-0.05218637859548214,-608441.0919999927
2023-10-27,2023-10-26,0,1,0,,False,13600.0,50.0,64.54,400.0,514.54,13085.46,11063646.360000018,False,0.0011841444175019187,-0.05106403038686358,-595355.6319999918
2023-10-30,2023-10-27,1,0,1,TX202311,False,7800.0,50.0,64.48,400.0,514.48,7285.52,11070931.880000018,False,0.0006585098405115678,-0.050439146712857985,-588070.1119999923
2023-10-31,2023-10-30,1,1,1,TX202311,False,-32600.0,0.0,0.0,0.0,0.0,-32600.0,11038331.880000018,False,-0.002944648233171131,-0.05323526940177847,-620670.1119999923
2023-11-01,2023-10-31,1,1,1,TX202311,False,10800.0,0.0,0.0,0.0,0.0,10800.0,11049131.880000018,False,0.0009784087049935649,-0.05230894654778029,-609870.1119999923
2023-11-02,2023-11-01,0,1,0,,False,41600.0,50.0,65.016,400.0,515.016,41084.984,11090216.864000017,False,0.0037183902270519313,-0.048785061396359075,-568785.127999993
2023-11-03,2023-11-02,1,0,1,TX202311,False,4800.0,50.0,65.96000000000001,400.0,515.96,4284.04,11094500.904000016,False,0.0003862900115061261,-0.04841761656678112,-564501.0879999939
2023-11-06,2023-11-03,1,1,1,TX202311,False,31600.0,0.0,0.0,0.0,0.0,31600.0,11126100.904000016,False,0.0028482579138469333,-0.04570726451249019,-532901.0879999939
2023-11-07,2023-11-06,1,1,1,TX202311,False,7800.0,0.0,0.0,0.0,0.0,7800.0,11133900.904000016,False,0.0007010542208183436,-0.04503825356238034,-525101.0879999939
2023-11-08,2023-11-07,1,1,1,TX202311,False,8000.0,0.0,0.0,0.0,0.0,8000.0,11141900.904000016,False,0.0007185262442138212,-0.044352088485344665,-517101.08799999394
2023-11-09,2023-11-08,1,1,1,TX202311,False,2800.0,0.0,0.0,0.0,0.0,2800.0,11144700.904000016,False,0.0002513036172305914,-0.04411193070838215,-514301.08799999394
2023-11-10,2023-11-09,1,1,1,TX202311,False,-5400.0,0.0,0.0,0.0,0.0,-5400.0,11139300.904000016,False,-0.00048453521063646055,-0.044575092135381245,-519701.08799999394
2023-11-13,2023-11-10,1,1,1,TX202311,False,28000.0,0.0,0.0,0.0,0.0,28000.0,11167300.904000016,False,0.0025136227346139353,-0.04217351436575634,-491701.08799999394
2023-11-14,2023-11-13,1,1,1,TX202312,True,14600.0,100.0,135.668,800.0,1035.6680000000001,13564.332,11180865.236000016,False,0.0012146473097309836,-0.04101009300179159,-478136.75599999353
2023-11-15,2023-11-14,1,1,1,TX202312,False,38800.0,0.0,0.0,0.0,0.0,38800.0,11219665.236000016,False,0.0034702144405669272,-0.0376821923781685,-439336.75599999353
2023-11-16,2023-11-15,1,1,1,TX202312,False,4800.0,0.0,0.0,0.0,0.0,4800.0,11224465.236000016,False,0.0004278202512316022,-0.037270493331946986,-434536.75599999353
2023-11-17,2023-11-16,1,1,1,TX202312,False,7200.0,0.0,0.0,0.0,0.0,7200.0,11231665.236000016,False,0.0006414559490021471,-0.036652944762614936,-427336.75599999353
2023-11-20,2023-11-17,1,1,1,TX202312,False,-4400.0,0.0,0.0,0.0,0.0,-4400.0,11227265.236000016,False,-0.00039174956763285727,-0.037030335554984584,-431736.75599999353
2023-11-21,2023-11-20,1,1,1,TX202312,False,43000.0,0.0,0.0,0.0,0.0,43000.0,11270265.236000016,False,0.0038299620696695845,-0.033342198265917666,-388736.75599999353
2023-11-22,2023-11-21,1,1,1,TX202312,False,-26200.0,0.0,0.0,0.0,0.0,-26200.0,11244065.236000016,False,-0.0023247012782193197,-0.03558938889320962,-414936.75599999353
2023-11-23,2023-11-22,1,1,1,TX202312,False,4600.0,0.0,0.0,0.0,0.0,4600.0,11248665.236000016,False,0.00040910470576711205,-0.035194843973914036,-410336.75599999353
2023-11-24,2023-11-23,1,1,1,TX202312,False,-2800.0,0.0,0.0,0.0,0.0,-2800.0,11245865.236000016,False,-0.00024891842198654227,-0.03543500175087655,-413136.75599999353
2023-11-27,2023-11-24,1,1,1,TX202312,False,-24000.0,0.0,0.0,0.0,0.0,-24000.0,11221865.236000016,False,-0.0021341176953794294,-0.037493496981983676,-437136.75599999353
2023-11-28,2023-11-27,1,1,1,TX202312,False,38200.0,0.0,0.0,0.0,0.0,38200.0,11260065.236000016,False,0.0034040686816888045,-0.03421705873913816,-398936.75599999353
2023-11-29,2023-11-28,1,1,1,TX202312,False,-6000.0,0.0,0.0,0.0,0.0,-6000.0,11254065.236000016,False,-0.0005328565931232045,-0.034731682546914944,-404936.75599999353
2023-11-30,2023-11-29,1,1,1,TX202312,False,11800.0,0.0,0.0,0.0,0.0,11800.0,11265865.236000016,False,0.001048510005278237,-0.033719589058287314,-393136.75599999353
2023-12-01,2023-11-30,1,1,1,TX202312,False,5600.0,0.0,0.0,0.0,0.0,5600.0,11271465.236000016,False,0.000497076778630835,-0.03323927350436229,-387536.75599999353
2023-12-04,2023-12-01,1,1,1,TX202312,False,-400.0,0.0,0.0,0.0,0.0,-400.0,11271065.236000016,False,-3.548784400473836e-05,-0.033273581758214155,-387936.75599999353
2023-12-05,2023-12-04,0,1,0,,False,-26800.0,50.0,69.132,400.0,519.1320000000001,-27319.132,11243746.104000017,False,-0.002423828753358833,-0.0356167610473801,-415255.8879999928
2023-12-06,2023-12-05,0,0,0,,False,0.0,0.0,0.0,0.0,0.0,0.0,11243746.104000017,False,0.0,-0.0356167610473801,-415255.8879999928
2023-12-07,2023-12-06,0,0,0,,False,0.0,0.0,0.0,0.0,0.0,0.0,11243746.104000017,False,0.0,-0.0356167610473801,-415255.8879999928
2023-12-08,2023-12-07,0,0,0,,False,0.0,0.0,0.0,0.0,0.0,0.0,11243746.104000017,False,0.0,-0.0356167610473801,-415255.8879999928
2023-12-11,2023-12-08,0,0,0,,False,0.0,0.0,0.0,0.0,0.0,0.0,11243746.104000017,False,0.0,-0.0356167610473801,-415255.8879999928
2023-12-12,2023-12-11,0,0,0,,False,0.0,0.0,0.0,0.0,0.0,0.0,11243746.104000017,False,0.0,-0.0356167610473801,-415255.8879999928
2023-12-13,2023-12-12,0,0,0,,False,0.0,0.0,0.0,0.0,0.0,0.0,11243746.104000017,False,0.0,-0.0356167610473801,-415255.8879999928
2023-12-14,2023-12-13,0,0,0,,False,0.0,0.0,0.0,0.0,0.0,0.0,11243746.104000017,False,0.0,-0.0356167610473801,-415255.8879999928
2023-12-15,2023-12-14,0,0,0,,False,0.0,0.0,0.0,0.0,0.0,0.0,11243746.104000017,False,0.0,-0.0356167610473801,-415255.8879999928
2023-12-18,2023-12-15,0,0,0,,False,0.0,0.0,0.0,0.0,0.0,0.0,11243746.104000017,False,0.0,-0.0356167610473801,-415255.8879999928
2023-12-19,2023-12-18,0,0,0,,False,0.0,0.0,0.0,0.0,0.0,0.0,11243746.104000017,False,0.0,-0.0356167610473801,-415255.8879999928
2023-12-20,2023-12-19,0,0,0,,False,0.0,0.0,0.0,0.0,0.0,0.0,11243746.104000017,False,0.0,-0.0356167610473801,-415255.8879999928
2023-12-21,2023-12-20,0,0,0,,False,0.0,0.0,0.0,0.0,0.0,0.0,11243746.104000017,False,0.0,-0.0356167610473801,-415255.8879999928
2023-12-22,2023-12-21,0,0,0,,False,0.0,0.0,0.0,0.0,0.0,0.0,11243746.104000017,False,0.0,-0.0356167610473801,-415255.8879999928
2023-12-25,2023-12-22,0,0,0,,False,0.0,0.0,0.0,0.0,0.0,0.0,11243746.104000017,False,0.0,-0.0356167610473801,-415255.8879999928
2023-12-26,2023-12-25,0,0,0,,False,0.0,0.0,0.0,0.0,0.0,0.0,11243746.104000017,False,0.0,-0.0356167610473801,-415255.8879999928
2023-12-27,2023-12-26,0,0,0,,False,0.0,0.0,0.0,0.0,0.0,0.0,11243746.104000017,False,0.0,-0.0356167610473801,-415255.8879999928
2023-12-28,2023-12-27,1,0,1,TX202401,False,3000.0,50.0,71.408,400.0,521.408,2478.592,11246224.696000017,False,0.0002204418329152976,-0.03540417063855261,-412777.29599999264
2023-12-29,2023-12-28,0,1,0,,False,-2400.0,50.0,71.40400000000001,400.0,521.404,-2921.404,11243303.292000018,False,-0.00025976752901256416,-0.03565474131364155,-415698.6999999918
2024-01-02,2023-12-29,0,0,0,,False,0.0,0.0,0.0,0.0,0.0,0.0,11243303.292000018,False,0.0,-0.03565474131364155,-415698.6999999918
2024-01-03,2024-01-02,0,0,0,,False,0.0,0.0,0.0,0.0,0.0,0.0,11243303.292000018,False,0.0,-0.03565474131364155,-415698.6999999918
2024-01-04,2024-01-03,0,0,0,,False,0.0,0.0,0.0,0.0,0.0,0.0,11243303.292000018,False,0.0,-0.03565474131364155,-415698.6999999918
2024-01-05,2024-01-04,0,0,0,,False,0.0,0.0,0.0,0.0,0.0,0.0,11243303.292000018,False,0.0,-0.03565474131364155,-415698.6999999918
2024-01-08,2024-01-05,0,0,0,,False,0.0,0.0,0.0,0.0,0.0,0.0,11243303.292000018,False,0.0,-0.03565474131364155,-415698.6999999918
2024-01-09,2024-01-08,0,0,0,,False,0.0,0.0,0.0,0.0,0.0,0.0,11243303.292000018,False,0.0,-0.03565474131364155,-415698.6999999918
2024-01-10,2024-01-09,0,0,0,,False,0.0,0.0,0.0,0.0,0.0,0.0,11243303.292000018,False,0.0,-0.03565474131364155,-415698.6999999918
2024-01-11,2024-01-10,0,0,0,,False,0.0,0.0,0.0,0.0,0.0,0.0,11243303.292000018,False,0.0,-0.03565474131364155,-415698.6999999918
2024-01-12,2024-01-11,0,0,0,,False,0.0,0.0,0.0,0.0,0.0,0.0,11243303.292000018,False,0.0,-0.03565474131364155,-415698.6999999918
2024-01-15,2024-01-12,0,0,0,,False,0.0,0.0,0.0,0.0,0.0,0.0,11243303.292000018,False,0.0,-0.03565474131364155,-415698.6999999918
2024-01-16,2024-01-15,0,0,0,,False,0.0,0.0,0.0,0.0,0.0,0.0,11243303.292000018,False,0.0,-0.03565474131364155,-415698.6999999918
2024-01-17,2024-01-16,0,0,0,,False,0.0,0.0,0.0,0.0,0.0,0.0,11243303.292000018,False,0.0,-0.03565474131364155,-415698.6999999918
2024-01-18,2024-01-17,0,0,0,,False,0.0,0.0,0.0,0.0,0.0,0.0,11243303.292000018,False,0.0,-0.03565474131364155,-415698.6999999918
2024-01-19,2024-01-18,0,0,0,,False,0.0,0.0,0.0,0.0,0.0,0.0,11243303.292000018,False,0.0,-0.03565474131364155,-415698.6999999918
2024-01-22,2024-01-19,1,0,1,TX202402,False,200.0,50.0,71.272,400.0,521.272,-321.272,11242982.020000018,False,-2.8574520463981047e-05,-0.03568229701697023,-416019.9719999917
2024-01-23,2024-01-22,1,1,1,TX202402,False,10600.0,0.0,0.0,0.0,0.0,10600.0,11253582.020000018,False,0.0009428103666041425,-0.03477312828989787,-405419.9719999917
2024-01-24,2024-01-23,1,1,1,TX202402,False,6600.0,0.0,0.0,0.0,0.0,6600.0,11260182.020000018,False,0.0005864799304141909,-0.03420704210134351,-398819.9719999917
2024-01-25,2024-01-24,1,1,1,TX202402,False,18400.0,0.0,0.0,0.0,0.0,18400.0,11278582.020000018,False,0.001634076604385119,-0.03262886242416141,-380419.9719999917
2024-01-26,2024-01-25,1,1,1,TX202402,False,800.0,0.0,0.0,0.0,0.0,800.0,11279382.020000018,False,7.0930902358238e-05,-0.032560245916457786,-379619.9719999917
2024-01-29,2024-01-26,1,1,1,TX202402,False,25200.0,0.0,0.0,0.0,0.0,25200.0,11304582.020000018,False,0.002234164952948367,-0.03039882592379539,-354419.9719999917
2024-01-30,2024-01-29,1,1,1,TX202402,False,-8800.0,0.0,0.0,0.0,0.0,-8800.0,11295782.020000018,False,-0.0007784454112881907,-0.031153607508534575,-363219.9719999917
2024-01-31,2024-01-30,1,1,1,TX202402,False,-32200.0,0.0,0.0,0.0,0.0,-32200.0,11263582.020000018,False,-0.0028506215809571676,-0.03391542194360331,-395419.9719999917
2024-02-01,2024-01-31,1,1,1,TX202402,False,13200.0,0.0,0.0,0.0,0.0,13200.0,11276782.020000018,False,0.0011719184870817834,-0.032783249566494366,-382219.9719999917
2024-02-02,2024-02-01,1,1,1,TX202402,False,19600.0,0.0,0.0,0.0,0.0,19600.0,11296382.020000018,False,0.001738084496555691,-0.031102145127756997,-362619.9719999917
2024-02-05,2024-02-02,0,1,0,,False,-15200.0,50.0,72.024,400.0,522.024,-15722.024,11280659.996000018,False,-0.0013917751694449134,-0.03245063310389662,-378341.9959999919
2024-02-15,2024-02-05,0,0,0,,False,0.0,0.0,0.0,0.0,0.0,0.0,11280659.996000018,False,0.0,-0.03245063310389662,-378341.9959999919
2024-02-16,2024-02-15,1,0,1,TX202402,False,-9800.0,50.0,74.74000000000001,400.0,524.74,-10324.74,11270335.256000018,False,-0.0009152602776487391,-0.03333619260608078,-388666.7359999921
2024-02-19,2024-02-16,1,1,1,TX202402,False,7400.0,0.0,0.0,0.0,0.0,7400.0,11277735.256000018,False,0.0006565909382385447,-0.0327014899098228,-381266.7359999921
2024-02-20,2024-02-19,1,1,1,TX202403,True,16400.0,100.0,150.06,800.0,1050.06,15349.94,11293085.196000017,False,0.0013610835554801195,-0.03138491581449865,-365916.79599999264
2024-02-21,2024-02-20,1,1,1,TX202403,False,-14000.0,0.0,0.0,0.0,0.0,-14000.0,11279085.196000017,False,-0.0012396966601260358,-0.0325857046993111,-379916.79599999264
2024-02-22,2024-02-21,1,1,1,TX202403,False,39400.0,0.0,0.0,0.0,0.0,39400.0,11318485.196000017,False,0.00349319109797776,-0.02920634169491032,-340516.79599999264
2024-02-23,2024-02-22,1,1,1,TX202403,False,4800.0,0.0,0.0,0.0,0.0,4800.0,11323285.196000017,False,0.0004240850181697753,-0.028794642648688917,-335716.79599999264
2024-02-26,2024-02-23,1,1,1,TX202403,False,10000.0,0.0,0.0,0.0,0.0,10000.0,11333285.196000017,False,0.0008831359298035281,-0.027936936302394355,-325716.79599999264
2024-02-27,2024-02-26,1,1,1,TX202403,False,-19200.0,0.0,0.0,0.0,0.0,-19200.0,11314085.196000017,False,-0.0016941248427046088,-0.029583732487279968,-344916.79599999264
2024-02-29,2024-02-27,0,1,0,,False,-11800.0,50.0,75.224,400.0,525.224,-12325.224,11301759.972000018,False,-0.0010893699125014067,-0.03064087477171018,-357242.0199999921
2024-03-01,2024-02-29,1,0,1,TX202403,False,-1400.0,50.0,75.88000000000001,400.0,525.88,-1925.88,11299834.092000017,False,-0.00017040531782406865,-0.030806058721530416,-359167.8999999929
2024-03-04,2024-03-01,0,1,0,,False,36600.0,50.0,76.56800000000001,400.0,526.568,36073.432,11335907.524000017,False,0.0031923859860508073,-0.02771201756562769,-323094.4679999929
2024-03-05,2024-03-04,0,0,0,,False,0.0,0.0,0.0,0.0,0.0,0.0,11335907.524000017,False,0.0,-0.02771201756562769,-323094.4679999929
2024-03-06,2024-03-05,0,0,0,,False,0.0,0.0,0.0,0.0,0.0,0.0,11335907.524000017,False,0.0,-0.02771201756562769,-323094.4679999929
2024-03-07,2024-03-06,0,0,0,,False,0.0,0.0,0.0,0.0,0.0,0.0,11335907.524000017,False,0.0,-0.02771201756562769,-323094.4679999929
2024-03-08,2024-03-07,0,0,0,,False,0.0,0.0,0.0,0.0,0.0,0.0,11335907.524000017,False,0.0,-0.02771201756562769,-323094.4679999929
2024-03-11,2024-03-08,0,0,0,,False,0.0,0.0,0.0,0.0,0.0,0.0,11335907.524000017,False,0.0,-0.02771201756562769,-323094.4679999929
2024-03-12,2024-03-11,0,0,0,,False,0.0,0.0,0.0,0.0,0.0,0.0,11335907.524000017,False,0.0,-0.02771201756562769,-323094.4679999929
2024-03-13,2024-03-12,0,0,0,,False,0.0,0.0,0.0,0.0,0.0,0.0,11335907.524000017,False,0.0,-0.02771201756562769,-323094.4679999929
2024-03-14,2024-03-13,0,0,0,,False,0.0,0.0,0.0,0.0,0.0,0.0,11335907.524000017,False,0.0,-0.02771201756562769,-323094.4679999929
2024-03-15,2024-03-14,0,0,0,,False,0.0,0.0,0.0,0.0,0.0,0.0,11335907.524000017,False,0.0,-0.02771201756562769,-323094.4679999929
2024-03-18,2024-03-15,0,0,0,,False,0.0,0.0,0.0,0.0,0.0,0.0,11335907.524000017,False,0.0,-0.02771201756562769,-323094.4679999929
2024-03-19,2024-03-18,0,0,0,,False,0.0,0.0,0.0,0.0,0.0,0.0,11335907.524000017,False,0.0,-0.02771201756562769,-323094.4679999929
2024-03-20,2024-03-19,0,0,0,,False,0.0,0.0,0.0,0.0,0.0,0.0,11335907.524000017,False,0.0,-0.02771201756562769,-323094.4679999929
2024-03-21,2024-03-20,0,0,0,,False,0.0,0.0,0.0,0.0,0.0,0.0,11335907.524000017,False,0.0,-0.02771201756562769,-323094.4679999929
2024-03-22,2024-03-21,1,0,1,TX202404,False,3200.0,50.0,80.912,400.0,530.912,2669.088,11338576.612000016,False,0.00023545428492152863,-0.027483088193985927,-320425.37999999337
2024-03-25,2024-03-22,0,1,0,,False,2800.0,50.0,81.016,400.0,531.0160000000001,2268.984,11340845.596000016,False,0.00020011189037596252,-0.027288475996341877,-318156.3959999941
2024-03-26,2024-03-25,0,0,0,,False,0.0,0.0,0.0,0.0,0.0,0.0,11340845.596000016,False,0.0,-0.027288475996341877,-318156.3959999941
2024-03-27,2024-03-26,0,0,0,,False,0.0,0.0,0.0,0.0,0.0,0.0,11340845.596000016,False,0.0,-0.027288475996341877,-318156.3959999941
2024-03-28,2024-03-27,0,0,0,,False,0.0,0.0,0.0,0.0,0.0,0.0,11340845.596000016,False,0.0,-0.027288475996341877,-318156.3959999941
2024-03-29,2024-03-28,0,0,0,,False,0.0,0.0,0.0,0.0,0.0,0.0,11340845.596000016,False,0.0,-0.027288475996341877,-318156.3959999941
2024-04-01,2024-03-29,1,0,1,TX202404,False,-21000.0,50.0,81.58000000000001,400.0,531.58,-21531.58,11319314.016000016,False,-0.0018985868220967861,-0.02913525327751687,-339687.9759999942
2024-04-02,2024-04-01,0,1,0,,False,12400.0,50.0,81.39200000000001,400.0,531.392,11868.608,11331182.624000015,False,0.0010485271442442138,-0.028117275237188655,-327819.3679999951
2024-04-03,2024-04-02,1,0,1,TX202404,False,-4200.0,50.0,81.48800000000001,400.0,531.488,-4731.488,11326451.136000015,False,-0.0004175634756762697,-0.028523097965690303,-332550.855999995
2024-04-08,2024-04-03,0,1,0,,False,11000.0,50.0,81.608,400.0,531.608,10468.392,11336919.528000016,False,0.0009242428960583463,-0.027625217340300323,-322082.4639999941
2024-04-09,2024-04-08,0,0,0,,False,0.0,0.0,0.0,0.0,0.0,0.0,11336919.528000016,False,0.0,-0.027625217340300323,-322082.4639999941
2024-04-10,2024-04-09,1,0,1,TX202404,False,5800.0,50.0,83.296,400.0,533.296,5266.704,11342186.232000016,False,0.0004645621755532666,-0.027173488795814715,-316815.7599999942
2024-04-11,2024-04-10,1,1,1,TX202404,False,-19600.0,0.0,0.0,0.0,0.0,-19600.0,11322586.232000016,False,-0.001728061909678576,-0.028854593234552195,-336415.7599999942
2024-04-12,2024-04-11,0,1,0,,False,-1600.0,50.0,82.97200000000001,400.0,532.972,-2132.9719999999998,11320453.260000017,False,-0.0001883820494978233,-0.029037539596639017,-338548.7319999933
2024-04-15,2024-04-12,0,0,0,,False,0.0,0.0,0.0,0.0,0.0,0.0,11320453.260000017,False,0.0,-0.029037539596639017,-338548.7319999933
2024-04-16,2024-04-15,0,0,0,,False,0.0,0.0,0.0,0.0,0.0,0.0,11320453.260000017,False,0.0,-0.029037539596639017,-338548.7319999933
2024-04-17,2024-04-16,0,0,0,,False,0.0,0.0,0.0,0.0,0.0,0.0,11320453.260000017,False,0.0,-0.029037539596639017,-338548.7319999933
2024-04-18,2024-04-17,1,0,1,TX202405,False,57600.0,50.0,80.28800000000001,400.0,530.288,57069.712,11377522.972000016,False,0.005041292136389239,-0.0241426341802784,-281479.01999999397
2024-04-19,2024-04-18,1,1,1,TX202405,False,-162400.0,0.0,0.0,0.0,0.0,-162400.0,11215122.972000016,False,-0.014273757161349177,-0.03807178524410304,-443879.01999999397
2024-04-22,2024-04-19,1,1,1,TX202405,False,-4400.0,0.0,0.0,0.0,0.0,-4400.0,11210722.972000016,False,-0.00039232739676463296,-0.03844917603647269,-448279.01999999397
2024-04-23,2024-04-22,0,1,0,,False,25400.0,50.0,78.596,400.0,528.596,24871.404,11235594.376000015,False,0.0022185370258563162,-0.03631593993126703,-423407.6159999948
2024-04-24,2024-04-23,1,0,1,TX202405,False,48000.0,50.0,79.72800000000001,400.0,529.7280000000001,47470.272,11283064.648000015,False,0.00422498983243821,-0.032244384575793816,-375937.3439999949
2024-04-25,2024-04-24,1,1,1,TX202405,False,-57000.0,0.0,0.0,0.0,0.0,-57000.0,11226064.648000015,False,-0.0050518189674738385,-0.03713331074967319,-432937.3439999949
2024-04-26,2024-04-25,1,1,1,TX202405,False,58600.0,0.0,0.0,0.0,0.0,58600.0,11284664.648000015,False,0.005219994881326459,-0.03210715156038668,-374337.3439999949
2024-04-29,2024-04-26,1,1,1,TX202405,False,74800.0,0.0,0.0,0.0,0.0,74800.0,11359464.648000015,False,0.006628464587404184,-0.02569150809010301,-299537.3439999949
2024-04-30,2024-04-29,1,1,1,TX202405,False,-27800.0,0.0,0.0,0.0,0.0,-27800.0,11331664.648000015,False,-0.0024472984301152395,-0.028075931732801984,-327337.3439999949
2024-05-02,2024-04-30,0,1,0,,False,-32600.0,50.0,80.992,400.0,530.992,-33130.992,11298533.656000014,False,-0.0029237533080232357,-0.03091759794254567,-360468.33599999547
2024-05-03,2024-05-02,0,0,0,,False,0.0,0.0,0.0,0.0,0.0,0.0,11298533.656000014,False,0.0,-0.03091759794254567,-360468.33599999547
2024-05-06,2024-05-03,0,0,0,,False,0.0,0.0,0.0,0.0,0.0,0.0,11298533.656000014,False,0.0,-0.03091759794254567,-360468.33599999547
2024-05-07,2024-05-06,1,0,1,TX202405,False,-16600.0,50.0,82.94000000000001,400.0,532.94,-17132.94,11281400.716000015,False,-0.0015163861543131892,-0.032387101079414116,-377601.27599999495
2024-05-08,2024-05-07,0,1,0,,False,-6400.0,50.0,82.46400000000001,400.0,532.4639999999999,-6932.464,11274468.252000015,False,-0.000614503834631805,-0.03298170291624003,-384533.73999999464
2024-05-09,2024-05-08,0,0,0,,False,0.0,0.0,0.0,0.0,0.0,0.0,11274468.252000015,False,0.0,-0.03298170291624003,-384533.73999999464
2024-05-10,2024-05-09,0,0,0,,False,0.0,0.0,0.0,0.0,0.0,0.0,11274468.252000015,False,0.0,-0.03298170291624003,-384533.73999999464
2024-05-13,2024-05-10,1,0,1,TX202405,False,-11800.0,50.0,83.77600000000001,400.0,533.7760000000001,-12333.776,11262134.476000015,False,-0.0010939563378354513,-0.03403957871113772,-396867.5159999952
2024-05-14,2024-05-13,1,1,1,TX202406,True,26000.0,100.0,168.108,800.0,1068.108,24931.892,11287066.368000016,False,0.0022137803498200716,-0.031901154511784435,-371935.62399999425
2024-05-15,2024-05-14,1,1,1,TX202406,False,46600.0,0.0,0.0,0.0,0.0,46600.0,11333666.368000016,False,0.004128619295808852,-0.027904242938051493,-325335.62399999425
2024-05-16,2024-05-15,1,1,1,TX202406,False,24600.0,0.0,0.0,0.0,0.0,24600.0,11358266.368000016,False,0.002170524453539302,-0.025794285326166677,-300735.62399999425
2024-05-17,2024-05-16,1,1,1,TX202406,False,-6800.0,0.0,0.0,0.0,0.0,-6800.0,11351466.368000016,False,-0.000598682913367646,-0.02637752564164708,-307535.62399999425
2024-05-20,2024-05-17,0,1,0,,False,19800.0,50.0,85.73200000000001,400.0,535.732,19264.268,11370730.636000015,False,0.0016970730807348655,-0.024725217149615064,-288271.355999995
2024-05-21,2024-05-20,1,0,1,TX202406,False,-9400.0,50.0,85.304,400.0,535.304,-9935.304,11360795.332000015,False,-0.000873761266364413,-0.025577374478931714,-298206.65999999456
2024-05-22,2024-05-21,0,1,0,,False,3200.0,50.0,85.164,400.0,535.164,2664.836,11363460.168000014,False,0.00023456421158243572,-0.025348809804028316,-295541.82399999537
2024-05-23,2024-05-22,1,0,1,TX202406,False,-5200.0,50.0,86.528,400.0,536.528,-5736.528,11357723.640000014,False,-0.0005048222913786688,-0.025840835451158006,-301278.35199999623
2024-05-24,2024-05-23,0,1,0,,False,-31200.0,50.0,85.784,400.0,535.784,-31735.784,11325987.856000014,False,-0.002794202870743557,-0.028562833785301556,-333014.1359999962
2024-05-27,2024-05-24,1,0,1,TX202406,False,41000.0,50.0,86.688,400.0,536.688,40463.312,11366451.168000014,False,0.00357260775081657,-0.025092269835851555,-292550.82399999537
2024-05-28,2024-05-27,0,1,0,,False,3400.0,50.0,87.56,400.0,537.56,2862.44,11369313.608000014,False,0.0002518323404281744,-0.024846756540462867,-289688.3839999959
2024-05-29,2024-05-28,0,0,0,,False,0.0,0.0,0.0,0.0,0.0,0.0,11369313.608000014,False,0.0,-0.024846756540462867,-289688.3839999959
2024-05-30,2024-05-29,0,0,0,,False,0.0,0.0,0.0,0.0,0.0,0.0,11369313.608000014,False,0.0,-0.024846756540462867,-289688.3839999959
2024-05-31,2024-05-30,0,0,0,,False,0.0,0.0,0.0,0.0,0.0,0.0,11369313.608000014,False,0.0,-0.024846756540462867,-289688.3839999959
2024-06-03,2024-05-31,0,0,0,,False,0.0,0.0,0.0,0.0,0.0,0.0,11369313.608000014,False,0.0,-0.024846756540462867,-289688.3839999959
2024-06-04,2024-06-03,0,0,0,,False,0.0,0.0,0.0,0.0,0.0,0.0,11369313.608000014,False,0.0,-0.024846756540462867,-289688.3839999959
2024-06-05,2024-06-04,0,0,0,,False,0.0,0.0,0.0,0.0,0.0,0.0,11369313.608000014,False,0.0,-0.024846756540462867,-289688.3839999959
2024-06-06,2024-06-05,0,0,0,,False,0.0,0.0,0.0,0.0,0.0,0.0,11369313.608000014,False,0.0,-0.024846756540462867,-289688.3839999959
2024-06-07,2024-06-06,0,0,0,,False,0.0,0.0,0.0,0.0,0.0,0.0,11369313.608000014,False,0.0,-0.024846756540462867,-289688.3839999959
2024-06-11,2024-06-07,0,0,0,,False,0.0,0.0,0.0,0.0,0.0,0.0,11369313.608000014,False,0.0,-0.024846756540462867,-289688.3839999959
2024-06-12,2024-06-11,0,0,0,,False,0.0,0.0,0.0,0.0,0.0,0.0,11369313.608000014,False,0.0,-0.024846756540462867,-289688.3839999959
2024-06-13,2024-06-12,0,0,0,,False,0.0,0.0,0.0,0.0,0.0,0.0,11369313.608000014,False,0.0,-0.024846756540462867,-289688.3839999959
2024-06-14,2024-06-13,0,0,0,,False,0.0,0.0,0.0,0.0,0.0,0.0,11369313.608000014,False,0.0,-0.024846756540462867,-289688.3839999959
2024-06-17,2024-06-14,0,0,0,,False,0.0,0.0,0.0,0.0,0.0,0.0,11369313.608000014,False,0.0,-0.024846756540462867,-289688.3839999959
2024-06-18,2024-06-17,0,0,0,,False,0.0,0.0,0.0,0.0,0.0,0.0,11369313.608000014,False,0.0,-0.024846756540462867,-289688.3839999959
2024-06-19,2024-06-18,0,0,0,,False,0.0,0.0,0.0,0.0,0.0,0.0,11369313.608000014,False,0.0,-0.024846756540462867,-289688.3839999959
2024-06-20,2024-06-19,0,0,0,,False,0.0,0.0,0.0,0.0,0.0,0.0,11369313.608000014,False,0.0,-0.024846756540462867,-289688.3839999959
2024-06-21,2024-06-20,0,0,0,,False,0.0,0.0,0.0,0.0,0.0,0.0,11369313.608000014,False,0.0,-0.024846756540462867,-289688.3839999959
2024-06-24,2024-06-21,0,0,0,,False,0.0,0.0,0.0,0.0,0.0,0.0,11369313.608000014,False,0.0,-0.024846756540462867,-289688.3839999959
2024-06-25,2024-06-24,0,0,0,,False,0.0,0.0,0.0,0.0,0.0,0.0,11369313.608000014,False,0.0,-0.024846756540462867,-289688.3839999959
2024-06-26,2024-06-25,0,0,0,,False,0.0,0.0,0.0,0.0,0.0,0.0,11369313.608000014,False,0.0,-0.024846756540462867,-289688.3839999959
2024-06-27,2024-06-26,0,0,0,,False,0.0,0.0,0.0,0.0,0.0,0.0,11369313.608000014,False,0.0,-0.024846756540462867,-289688.3839999959
2024-06-28,2024-06-27,0,0,0,,False,0.0,0.0,0.0,0.0,0.0,0.0,11369313.608000014,False,0.0,-0.024846756540462867,-289688.3839999959
2024-07-01,2024-06-28,0,0,0,,False,0.0,0.0,0.0,0.0,0.0,0.0,11369313.608000014,False,0.0,-0.024846756540462867,-289688.3839999959
2024-07-02,2024-07-01,0,0,0,,False,0.0,0.0,0.0,0.0,0.0,0.0,11369313.608000014,False,0.0,-0.024846756540462867,-289688.3839999959
2024-07-03,2024-07-02,0,0,0,,False,0.0,0.0,0.0,0.0,0.0,0.0,11369313.608000014,False,0.0,-0.024846756540462867,-289688.3839999959
2024-07-04,2024-07-03,0,0,0,,False,0.0,0.0,0.0,0.0,0.0,0.0,11369313.608000014,False,0.0,-0.024846756540462867,-289688.3839999959
2024-07-05,2024-07-04,0,0,0,,False,0.0,0.0,0.0,0.0,0.0,0.0,11369313.608000014,False,0.0,-0.024846756540462867,-289688.3839999959
2024-07-08,2024-07-05,0,0,0,,False,0.0,0.0,0.0,0.0,0.0,0.0,11369313.608000014,False,0.0,-0.024846756540462867,-289688.3839999959
2024-07-09,2024-07-08,0,0,0,,False,0.0,0.0,0.0,0.0,0.0,0.0,11369313.608000014,False,0.0,-0.024846756540462867,-289688.3839999959
2024-07-10,2024-07-09,0,0,0,,False,0.0,0.0,0.0,0.0,0.0,0.0,11369313.608000014,False,0.0,-0.024846756540462867,-289688.3839999959
2024-07-11,2024-07-10,0,0,0,,False,0.0,0.0,0.0,0.0,0.0,0.0,11369313.608000014,False,0.0,-0.024846756540462867,-289688.3839999959
2024-07-12,2024-07-11,0,0,0,,False,0.0,0.0,0.0,0.0,0.0,0.0,11369313.608000014,False,0.0,-0.024846756540462867,-289688.3839999959
2024-07-15,2024-07-12,0,0,0,,False,0.0,0.0,0.0,0.0,0.0,0.0,11369313.608000014,False,0.0,-0.024846756540462867,-289688.3839999959
2024-07-16,2024-07-15,0,0,0,,False,0.0,0.0,0.0,0.0,0.0,0.0,11369313.608000014,False,0.0,-0.024846756540462867,-289688.3839999959
2024-07-17,2024-07-16,0,0,0,,False,0.0,0.0,0.0,0.0,0.0,0.0,11369313.608000014,False,0.0,-0.024846756540462867,-289688.3839999959
2024-07-18,2024-07-17,0,0,0,,False,0.0,0.0,0.0,0.0,0.0,0.0,11369313.608000014,False,0.0,-0.024846756540462867,-289688.3839999959
2024-07-19,2024-07-18,0,0,0,,False,0.0,0.0,0.0,0.0,0.0,0.0,11369313.608000014,False,0.0,-0.024846756540462867,-289688.3839999959
2024-07-22,2024-07-19,0,0,0,,False,0.0,0.0,0.0,0.0,0.0,0.0,11369313.608000014,False,0.0,-0.024846756540462867,-289688.3839999959
2024-07-23,2024-07-22,0,0,0,,False,0.0,0.0,0.0,0.0,0.0,0.0,11369313.608000014,False,0.0,-0.024846756540462867,-289688.3839999959
2024-07-26,2024-07-23,0,0,0,,False,0.0,0.0,0.0,0.0,0.0,0.0,11369313.608000014,False,0.0,-0.024846756540462867,-289688.3839999959
2024-07-29,2024-07-26,0,0,0,,False,0.0,0.0,0.0,0.0,0.0,0.0,11369313.608000014,False,0.0,-0.024846756540462867,-289688.3839999959
2024-07-30,2024-07-29,0,0,0,,False,0.0,0.0,0.0,0.0,0.0,0.0,11369313.608000014,False,0.0,-0.024846756540462867,-289688.3839999959
2024-07-31,2024-07-30,0,0,0,,False,0.0,0.0,0.0,0.0,0.0,0.0,11369313.608000014,False,0.0,-0.024846756540462867,-289688.3839999959
2024-08-01,2024-07-31,0,0,0,,False,0.0,0.0,0.0,0.0,0.0,0.0,11369313.608000014,False,0.0,-0.024846756540462867,-289688.3839999959
2024-08-02,2024-08-01,0,0,0,,False,0.0,0.0,0.0,0.0,0.0,0.0,11369313.608000014,False,0.0,-0.024846756540462867,-289688.3839999959
2024-08-05,2024-08-02,0,0,0,,False,0.0,0.0,0.0,0.0,0.0,0.0,11369313.608000014,False,0.0,-0.024846756540462867,-289688.3839999959
2024-08-06,2024-08-05,0,0,0,,False,0.0,0.0,0.0,0.0,0.0,0.0,11369313.608000014,False,0.0,-0.024846756540462867,-289688.3839999959
2024-08-07,2024-08-06,0,0,0,,False,0.0,0.0,0.0,0.0,0.0,0.0,11369313.608000014,False,0.0,-0.024846756540462867,-289688.3839999959
2024-08-08,2024-08-07,0,0,0,,False,0.0,0.0,0.0,0.0,0.0,0.0,11369313.608000014,False,0.0,-0.024846756540462867,-289688.3839999959
2024-08-09,2024-08-08,1,0,1,TX202408,False,35200.0,50.0,85.22800000000001,400.0,535.2280000000001,34664.772,11403978.380000014,False,0.00304897667486348,-0.021873537046737335,-255023.611999996
2024-08-12,2024-08-09,0,1,0,,False,33800.0,50.0,86.59200000000001,400.0,536.592,33263.408,11437241.788000014,False,0.002916824891420038,-0.019020513432638553,-221760.20399999619
2024-08-13,2024-08-12,0,0,0,,False,0.0,0.0,0.0,0.0,0.0,0.0,11437241.788000014,False,0.0,-0.019020513432638553,-221760.20399999619
2024-08-14,2024-08-13,0,0,0,,False,0.0,0.0,0.0,0.0,0.0,0.0,11437241.788000014,False,0.0,-0.019020513432638553,-221760.20399999619
2024-08-15,2024-08-14,1,0,1,TX202408,False,-30600.0,50.0,87.98,400.0,537.98,-31137.98,11406103.808000013,False,-0.002722507801895913,-0.02169123773831816,-252898.18399999663
2024-08-16,2024-08-15,1,1,1,TX202408,False,105400.0,0.0,0.0,0.0,0.0,105400.0,11511503.808000013,False,0.009240666381282146,-0.012651012848372889,-147498.18399999663
2024-08-19,2024-08-16,0,1,0,,False,6600.0,50.0,89.59200000000001,400.0,539.592,6060.408,11517564.216000013,False,0.0005264653603109848,-0.012131207808099398,-141437.7759999968
2024-08-20,2024-08-19,1,0,1,TX202409,True,-23800.0,150.0,269.584,1200.0,1619.584,-25419.584,11492144.632000012,False,-0.002207027764141964,-0.014311461659796354,-166857.35999999754
2024-08-21,2024-08-20,0,1,0,,False,-24200.0,50.0,89.12,400.0,539.12,-24739.12,11467405.512000013,False,-0.0021526982814951377,-0.0164333516823707,-191596.47999999672
2024-08-22,2024-08-21,0,0,0,,False,0.0,0.0,0.0,0.0,0.0,0.0,11467405.512000013,False,0.0,-0.0164333516823707,-191596.47999999672
2024-08-23,2024-08-22,0,0,0,,False,0.0,0.0,0.0,0.0,0.0,0.0,11467405.512000013,False,0.0,-0.0164333516823707,-191596.47999999672
2024-08-26,2024-08-23,1,0,1,TX202409,False,-4800.0,50.0,88.92800000000001,400.0,538.928,-5338.928,11462066.584000014,False,-0.00046557418715271765,-0.016891274925171618,-196935.4079999961
2024-08-27,2024-08-26,0,1,0,,False,-18800.0,50.0,88.44000000000001,400.0,538.44,-19338.44,11442728.144000014,False,-0.0016871687019332686,-0.01854994519671538,-216273.84799999557
2024-08-28,2024-08-27,1,0,1,TX202409,False,44000.0,50.0,88.73200000000001,400.0,538.732,43461.268,11486189.412000014,False,0.003798156126149766,-0.014822244658554307,-172812.57999999635
2024-08-29,2024-08-28,1,1,1,TX202409,False,-45000.0,0.0,0.0,0.0,0.0,-45000.0,11441189.412000014,False,-0.0039177483833748175,-0.018681923216880114,-217812.57999999635
2024-08-30,2024-08-29,1,1,1,TX202409,False,29400.0,0.0,0.0,0.0,0.0,29400.0,11470589.412000014,False,0.002569662903156206,-0.016160266558773895,-188412.57999999635
2024-09-02,2024-08-30,0,1,0,,False,-1000.0,50.0,89.26400000000001,400.0,539.264,-1539.2640000000001,11469050.148000013,False,-0.00013419223238778747,-0.016292290208916205,-189951.84399999678
2024-09-03,2024-09-02,0,0,0,,False,0.0,0.0,0.0,0.0,0.0,0.0,11469050.148000013,False,0.0,-0.016292290208916205,-189951.84399999678
2024-09-04,2024-09-03,0,0,0,,False,0.0,0.0,0.0,0.0,0.0,0.0,11469050.148000013,False,0.0,-0.016292290208916205,-189951.84399999678
2024-09-05,2024-09-04,1,0,1,TX202409,False,-25400.0,50.0,85.248,400.0,535.248,-25935.248,11443114.900000013,False,-0.0022613248407953486,-0.01851677288914866,-215887.09199999645
2024-09-06,2024-09-05,1,1,1,TX202409,False,27200.0,0.0,0.0,0.0,0.0,27200.0,11470314.900000013,False,0.0023769751713320617,-0.016183811627227374,-188687.09199999645
2024-09-09,2024-09-06,1,1,1,TX202409,False,-49200.0,0.0,0.0,0.0,0.0,-49200.0,11421114.900000013,False,-0.004289332980736208,-0.020403726850996895,-237887.09199999645
2024-09-10,2024-09-09,1,1,1,TX202409,False,-14600.0,0.0,0.0,0.0,0.0,-14600.0,11406514.900000013,False,-0.001278334044253419,-0.021655978116587038,-252487.09199999645
2024-09-11,2024-09-10,1,1,1,TX202409,False,1000.0,0.0,0.0,0.0,0.0,1000.0,11407514.900000013,False,8.766919683767728e-05,-0.021570207481957593,-251487.09199999645
2024-09-12,2024-09-11,1,1,1,TX202409,False,141200.0,0.0,0.0,0.0,0.0,141200.0,11548714.900000013,False,0.012377805441218389,-0.009459393872277566,-110287.09199999645
2024-09-13,2024-09-12,1,1,1,TX202409,False,21800.0,0.0,0.0,0.0,0.0,21800.0,11570514.900000013,False,0.0018876559157244392,-0.007589594037355263,-88487.09199999645
2024-09-16,2024-09-13,1,1,1,TX202410,True,-1400.0,100.0,174.56400000000002,800.0,1074.564,-2474.5640000000003,11568040.336000014,False,-0.000213868096743041,-0.007801838962066432,-90961.65599999577
2024-09-18,2024-09-16,1,1,1,TX202410,False,-27200.0,0.0,0.0,0.0,0.0,-27200.0,11540840.336000014,False,-0.0023513057708964722,-0.010134800223987828,-118161.65599999577
2024-09-19,2024-09-18,1,1,1,TX202410,False,76400.0,0.0,0.0,0.0,0.0,76400.0,11617240.336000014,False,0.006619968544377227,-0.0035819237382969105,-41761.65599999577
2024-09-20,2024-09-19,1,1,1,TX202410,False,29200.0,0.0,0.0,0.0,0.0,29200.0,11646440.336000014,False,0.002513505716974259,-0.0010774212071166245,-12561.655999995768
2024-09-23,2024-09-20,0,1,0,,False,14200.0,50.0,89.156,400.0,539.156,13660.844,11660101.180000015,False,0.0011729630347028278,0.0,0.0
2024-09-24,2024-09-23,0,0,0,,False,0.0,0.0,0.0,0.0,0.0,0.0,11660101.180000015,False,0.0,0.0,0.0
2024-09-25,2024-09-24,0,0,0,,False,0.0,0.0,0.0,0.0,0.0,0.0,11660101.180000015,False,0.0,0.0,0.0
2024-09-26,2024-09-25,0,0,0,,False,0.0,0.0,0.0,0.0,0.0,0.0,11660101.180000015,False,0.0,0.0,0.0
2024-09-27,2024-09-26,0,0,0,,False,0.0,0.0,0.0,0.0,0.0,0.0,11660101.180000015,False,0.0,0.0,0.0
2024-09-30,2024-09-27,0,0,0,,False,0.0,0.0,0.0,0.0,0.0,0.0,11660101.180000015,False,0.0,0.0,0.0
2024-10-01,2024-09-30,0,0,0,,False,0.0,0.0,0.0,0.0,0.0,0.0,11660101.180000015,False,0.0,0.0,0.0
2024-10-04,2024-10-01,0,0,0,,False,0.0,0.0,0.0,0.0,0.0,0.0,11660101.180000015,False,0.0,0.0,0.0
2024-10-07,2024-10-04,0,0,0,,False,0.0,0.0,0.0,0.0,0.0,0.0,11660101.180000015,False,0.0,0.0,0.0
2024-10-08,2024-10-07,0,0,0,,False,0.0,0.0,0.0,0.0,0.0,0.0,11660101.180000015,False,0.0,0.0,0.0
2024-10-09,2024-10-08,0,0,0,,False,0.0,0.0,0.0,0.0,0.0,0.0,11660101.180000015,False,0.0,0.0,0.0
2024-10-11,2024-10-09,0,0,0,,False,0.0,0.0,0.0,0.0,0.0,0.0,11660101.180000015,False,0.0,0.0,0.0
2024-10-14,2024-10-11,0,0,0,,False,0.0,0.0,0.0,0.0,0.0,0.0,11660101.180000015,False,0.0,0.0,0.0
2024-10-15,2024-10-14,0,0,0,,False,0.0,0.0,0.0,0.0,0.0,0.0,11660101.180000015,False,0.0,0.0,0.0
2024-10-16,2024-10-15,0,0,0,,False,0.0,0.0,0.0,0.0,0.0,0.0,11660101.180000015,False,0.0,0.0,0.0
2024-10-17,2024-10-16,0,0,0,,False,0.0,0.0,0.0,0.0,0.0,0.0,11660101.180000015,False,0.0,0.0,0.0
2024-10-18,2024-10-17,0,0,0,,False,0.0,0.0,0.0,0.0,0.0,0.0,11660101.180000015,False,0.0,0.0,0.0
2024-10-21,2024-10-18,0,0,0,,False,0.0,0.0,0.0,0.0,0.0,0.0,11660101.180000015,False,0.0,0.0,0.0
2024-10-22,2024-10-21,0,0,0,,False,0.0,0.0,0.0,0.0,0.0,0.0,11660101.180000015,False,0.0,0.0,0.0
2024-10-23,2024-10-22,0,0,0,,False,0.0,0.0,0.0,0.0,0.0,0.0,11660101.180000015,False,0.0,0.0,0.0
2024-10-24,2024-10-23,0,0,0,,False,0.0,0.0,0.0,0.0,0.0,0.0,11660101.180000015,False,0.0,0.0,0.0
2024-10-25,2024-10-24,0,0,0,,False,0.0,0.0,0.0,0.0,0.0,0.0,11660101.180000015,False,0.0,0.0,0.0
2024-10-28,2024-10-25,0,0,0,,False,0.0,0.0,0.0,0.0,0.0,0.0,11660101.180000015,False,0.0,0.0,0.0
2024-10-29,2024-10-28,0,0,0,,False,0.0,0.0,0.0,0.0,0.0,0.0,11660101.180000015,False,0.0,0.0,0.0
2024-10-30,2024-10-29,0,0,0,,False,0.0,0.0,0.0,0.0,0.0,0.0,11660101.180000015,False,0.0,0.0,0.0
2024-11-01,2024-10-30,0,0,0,,False,0.0,0.0,0.0,0.0,0.0,0.0,11660101.180000015,False,0.0,0.0,0.0
2024-11-04,2024-11-01,0,0,0,,False,0.0,0.0,0.0,0.0,0.0,0.0,11660101.180000015,False,0.0,0.0,0.0
2024-11-05,2024-11-04,0,0,0,,False,0.0,0.0,0.0,0.0,0.0,0.0,11660101.180000015,False,0.0,0.0,0.0
2024-11-06,2024-11-05,0,0,0,,False,0.0,0.0,0.0,0.0,0.0,0.0,11660101.180000015,False,0.0,0.0,0.0
2024-11-07,2024-11-06,0,0,0,,False,0.0,0.0,0.0,0.0,0.0,0.0,11660101.180000015,False,0.0,0.0,0.0
2024-11-08,2024-11-07,0,0,0,,False,0.0,0.0,0.0,0.0,0.0,0.0,11660101.180000015,False,0.0,0.0,0.0
2024-11-11,2024-11-08,0,0,0,,False,0.0,0.0,0.0,0.0,0.0,0.0,11660101.180000015,False,0.0,0.0,0.0
2024-11-12,2024-11-11,0,0,0,,False,0.0,0.0,0.0,0.0,0.0,0.0,11660101.180000015,False,0.0,0.0,0.0
2024-11-13,2024-11-12,0,0,0,,False,0.0,0.0,0.0,0.0,0.0,0.0,11660101.180000015,False,0.0,0.0,0.0
2024-11-14,2024-11-13,0,0,0,,False,0.0,0.0,0.0,0.0,0.0,0.0,11660101.180000015,False,0.0,0.0,0.0
2024-11-15,2024-11-14,0,0,0,,False,0.0,0.0,0.0,0.0,0.0,0.0,11660101.180000015,False,0.0,0.0,0.0
2024-11-18,2024-11-15,0,0,0,,False,0.0,0.0,0.0,0.0,0.0,0.0,11660101.180000015,False,0.0,0.0,0.0
2024-11-19,2024-11-18,0,0,0,,False,0.0,0.0,0.0,0.0,0.0,0.0,11660101.180000015,False,0.0,0.0,0.0
2024-11-20,2024-11-19,0,0,0,,False,0.0,0.0,0.0,0.0,0.0,0.0,11660101.180000015,False,0.0,0.0,0.0
2024-11-21,2024-11-20,0,0,0,,False,0.0,0.0,0.0,0.0,0.0,0.0,11660101.180000015,False,0.0,0.0,0.0
2024-11-22,2024-11-21,0,0,0,,False,0.0,0.0,0.0,0.0,0.0,0.0,11660101.180000015,False,0.0,0.0,0.0
2024-11-25,2024-11-22,0,0,0,,False,0.0,0.0,0.0,0.0,0.0,0.0,11660101.180000015,False,0.0,0.0,0.0
2024-11-26,2024-11-25,0,0,0,,False,0.0,0.0,0.0,0.0,0.0,0.0,11660101.180000015,False,0.0,0.0,0.0
2024-11-27,2024-11-26,0,0,0,,False,0.0,0.0,0.0,0.0,0.0,0.0,11660101.180000015,False,0.0,0.0,0.0
2024-11-28,2024-11-27,0,0,0,,False,0.0,0.0,0.0,0.0,0.0,0.0,11660101.180000015,False,0.0,0.0,0.0
2024-11-29,2024-11-28,0,0,0,,False,0.0,0.0,0.0,0.0,0.0,0.0,11660101.180000015,False,0.0,0.0,0.0
2024-12-02,2024-11-29,0,0,0,,False,0.0,0.0,0.0,0.0,0.0,0.0,11660101.180000015,False,0.0,0.0,0.0
2024-12-03,2024-12-02,1,0,1,TX202412,False,-8000.0,50.0,92.61600000000001,400.0,542.616,-8542.616,11651558.564000014,False,-0.0007326365241712242,-0.0007326365241712152,-8542.616000000387
2024-12-04,2024-12-03,0,1,0,,False,17600.0,50.0,92.792,400.0,542.792,17057.208,11668615.772000015,False,0.001463942176173915,0.0,0.0
2024-12-05,2024-12-04,1,0,1,TX202412,False,-1800.0,50.0,93.048,400.0,543.048,-2343.048,11666272.724000014,False,-0.00020079913897091142,-0.00020079913897097512,-2343.0480000004172
2024-12-06,2024-12-05,1,1,1,TX202412,False,-14400.0,0.0,0.0,0.0,0.0,-14400.0,11651872.724000014,False,-0.0012343273932192691,-0.0014348786803124458,-16743.048000000417
2024-12-09,2024-12-06,1,1,1,TX202412,False,14000.0,0.0,0.0,0.0,0.0,14000.0,11665872.724000014,False,0.0012015235946719034,-0.00023507912623044191,-2743.0480000004172
2024-12-10,2024-12-09,1,1,1,TX202412,False,-31800.0,0.0,0.0,0.0,0.0,-31800.0,11634072.724000014,False,-0.0027258997892698044,-0.0029603381133596063,-34543.04800000042
2024-12-11,2024-12-10,1,1,1,TX202412,False,-48400.0,0.0,0.0,0.0,0.0,-48400.0,11585672.724000014,False,-0.004160194039371551,-0.00710821657175742,-82943.04800000042
2024-12-12,2024-12-11,0,1,0,,False,31200.0,50.0,92.00800000000001,400.0,542.008,30657.992,11616330.716000015,False,0.002646198691293186,-0.004480827633853823,-52285.055999999866
2024-12-13,2024-12-12,1,0,1,TX202412,False,-2000.0,50.0,91.992,400.0,541.992,-2541.992,11613788.724000014,False,-0.00021882916922283646,-0.004698676267288149,-54827.04800000042
2024-12-16,2024-12-13,0,1,0,,False,46800.0,50.0,92.87200000000001,400.0,542.8720000000001,46257.128,11660045.852000015,False,0.003982948984116541,-0.0007344418710369949,-8569.919999999925
2024-12-17,2024-12-16,0,0,0,,False,0.0,0.0,0.0,0.0,0.0,0.0,11660045.852000015,False,0.0,-0.0007344418710369949,-8569.919999999925
2024-12-18,2024-12-17,0,0,0,,False,0.0,0.0,0.0,0.0,0.0,0.0,11660045.852000015,False,0.0,-0.0007344418710369949,-8569.919999999925
2024-12-19,2024-12-18,1,0,1,TX202501,False,20400.0,50.0,90.99600000000001,400.0,540.996,19859.004,11679904.856000016,False,0.0017031668873406396,0.0,0.0
2024-12-20,2024-12-19,1,1,1,TX202501,False,-42800.0,0.0,0.0,0.0,0.0,-42800.0,11637104.856000016,False,-0.0036644134115539017,-0.0036644134115538796,-42800.0
2024-12-23,2024-12-20,1,1,1,TX202501,False,121400.0,0.0,0.0,0.0,0.0,121400.0,11758504.856000016,False,0.010432147987169417,0.0,0.0
2024-12-24,2024-12-23,1,1,1,TX202501,False,-5200.0,0.0,0.0,0.0,0.0,-5200.0,11753304.856000016,False,-0.0004422330954217019,-0.00044223309542168465,-5200.0
2024-12-25,2024-12-24,1,1,1,TX202501,False,22600.0,0.0,0.0,0.0,0.0,22600.0,11775904.856000016,False,0.0019228634224069147,0.0,0.0
2024-12-26,2024-12-25,1,1,1,TX202501,False,-600.0,0.0,0.0,0.0,0.0,-600.0,11775304.856000016,False,-5.0951498618324026e-05,-5.095149861833459e-05,-600.0
2024-12-27,2024-12-26,0,1,0,,False,-26400.0,50.0,92.768,400.0,542.768,-26942.768,11748362.088000016,False,-0.0022880739250051366,-0.002338908842827947,-27542.767999999225
2024-12-30,2024-12-27,0,0,0,,False,0.0,0.0,0.0,0.0,0.0,0.0,11748362.088000016,False,0.0,-0.002338908842827947,-27542.767999999225
2024-12-31,2024-12-30,0,0,0,,False,0.0,0.0,0.0,0.0,0.0,0.0,11748362.088000016,False,0.0,-0.002338908842827947,-27542.767999999225
2025-01-02,2024-12-31,0,0,0,,False,0.0,0.0,0.0,0.0,0.0,0.0,11748362.088000016,False,0.0,-0.002338908842827947,-27542.767999999225
2025-01-03,2025-01-02,0,0,0,,False,0.0,0.0,0.0,0.0,0.0,0.0,11748362.088000016,False,0.0,-0.002338908842827947,-27542.767999999225
2025-01-06,2025-01-03,0,0,0,,False,0.0,0.0,0.0,0.0,0.0,0.0,11748362.088000016,False,0.0,-0.002338908842827947,-27542.767999999225
2025-01-07,2025-01-06,0,0,0,,False,0.0,0.0,0.0,0.0,0.0,0.0,11748362.088000016,False,0.0,-0.002338908842827947,-27542.767999999225
2025-01-08,2025-01-07,0,0,0,,False,0.0,0.0,0.0,0.0,0.0,0.0,11748362.088000016,False,0.0,-0.002338908842827947,-27542.767999999225
2025-01-09,2025-01-08,0,0,0,,False,0.0,0.0,0.0,0.0,0.0,0.0,11748362.088000016,False,0.0,-0.002338908842827947,-27542.767999999225
2025-01-10,2025-01-09,0,0,0,,False,0.0,0.0,0.0,0.0,0.0,0.0,11748362.088000016,False,0.0,-0.002338908842827947,-27542.767999999225
2025-01-13,2025-01-10,0,0,0,,False,0.0,0.0,0.0,0.0,0.0,0.0,11748362.088000016,False,0.0,-0.002338908842827947,-27542.767999999225
2025-01-14,2025-01-13,0,0,0,,False,0.0,0.0,0.0,0.0,0.0,0.0,11748362.088000016,False,0.0,-0.002338908842827947,-27542.767999999225
2025-01-15,2025-01-14,0,0,0,,False,0.0,0.0,0.0,0.0,0.0,0.0,11748362.088000016,False,0.0,-0.002338908842827947,-27542.767999999225
2025-01-16,2025-01-15,0,0,0,,False,0.0,0.0,0.0,0.0,0.0,0.0,11748362.088000016,False,0.0,-0.002338908842827947,-27542.767999999225
2025-01-17,2025-01-16,0,0,0,,False,0.0,0.0,0.0,0.0,0.0,0.0,11748362.088000016,False,0.0,-0.002338908842827947,-27542.767999999225
2025-01-20,2025-01-17,0,0,0,,False,0.0,0.0,0.0,0.0,0.0,0.0,11748362.088000016,False,0.0,-0.002338908842827947,-27542.767999999225
2025-01-21,2025-01-20,0,0,0,,False,0.0,0.0,0.0,0.0,0.0,0.0,11748362.088000016,False,0.0,-0.002338908842827947,-27542.767999999225
2025-01-22,2025-01-21,0,0,0,,False,0.0,0.0,0.0,0.0,0.0,0.0,11748362.088000016,False,0.0,-0.002338908842827947,-27542.767999999225
2025-02-03,2025-01-22,0,0,0,,False,0.0,0.0,0.0,0.0,0.0,0.0,11748362.088000016,False,0.0,-0.002338908842827947,-27542.767999999225
2025-02-04,2025-02-03,0,0,0,,False,0.0,0.0,0.0,0.0,0.0,0.0,11748362.088000016,False,0.0,-0.002338908842827947,-27542.767999999225
2025-02-05,2025-02-04,1,0,1,TX202502,False,11200.0,50.0,92.316,400.0,542.316,10657.684,11759019.772000017,False,0.0009071633918132252,-0.001433867223493701,-16885.083999998868
2025-02-06,2025-02-05,0,1,0,,False,44400.0,50.0,93.412,400.0,543.412,43856.588,11802876.360000016,False,0.003729612574036919,0.0,0.0
2025-02-07,2025-02-06,1,0,1,TX202502,False,29200.0,50.0,93.14800000000001,400.0,543.148,28656.852,11831533.212000016,False,0.0024279549430101764,0.0,0.0
2025-02-10,2025-02-07,1,1,1,TX202502,False,-37000.0,0.0,0.0,0.0,0.0,-37000.0,11794533.212000016,False,-0.0031272362877258473,-0.003127236287725821,-37000.0
2025-02-11,2025-02-10,1,1,1,TX202502,False,17800.0,0.0,0.0,0.0,0.0,17800.0,11812333.212000016,False,0.0015091737570326132,-0.0016227820736307574,-19200.0
2025-02-12,2025-02-11,0,1,0,,False,18800.0,50.0,93.70800000000001,400.0,543.7080000000001,18256.292,11830589.504000016,False,0.001545528023325116,-7.976210547622209e-05,-943.7080000005662
2025-02-13,2025-02-12,0,0,0,,False,0.0,0.0,0.0,0.0,0.0,0.0,11830589.504000016,False,0.0,-7.976210547622209e-05,-943.7080000005662
2025-02-14,2025-02-13,0,0,0,,False,0.0,0.0,0.0,0.0,0.0,0.0,11830589.504000016,False,0.0,-7.976210547622209e-05,-943.7080000005662
2025-02-17,2025-02-14,0,0,0,,False,0.0,0.0,0.0,0.0,0.0,0.0,11830589.504000016,False,0.0,-7.976210547622209e-05,-943.7080000005662
2025-02-18,2025-02-17,0,0,0,,False,0.0,0.0,0.0,0.0,0.0,0.0,11830589.504000016,False,0.0,-7.976210547622209e-05,-943.7080000005662
2025-02-19,2025-02-18,1,0,1,TX202503,False,5400.0,50.0,94.33600000000001,400.0,544.336,4855.664,11835445.168000016,False,0.00041043297110074367,0.0,0.0
2025-02-20,2025-02-19,1,1,1,TX202503,False,-14200.0,0.0,0.0,0.0,0.0,-14200.0,11821245.168000016,False,-0.0011997858803311538,-0.0011997858803312056,-14200.0
2025-02-21,2025-02-20,1,1,1,TX202503,False,41400.0,0.0,0.0,0.0,0.0,41400.0,11862645.168000016,False,0.0035021691379914324,0.0,0.0
2025-02-24,2025-02-21,1,1,1,TX202503,False,-37400.0,0.0,0.0,0.0,0.0,-37400.0,11825245.168000016,False,-0.003152753831066959,-0.0031527538310669456,-37400.0
2025-02-25,2025-02-24,0,1,0,,False,-65400.0,50.0,92.91600000000001,400.0,542.9159999999999,-65942.916,11759302.252000017,False,-0.005576452332544139,-0.00871162498215583,-103342.91599999927
2025-02-26,2025-02-25,0,0,0,,False,0.0,0.0,0.0,0.0,0.0,0.0,11759302.252000017,False,0.0,-0.00871162498215583,-103342.91599999927
2025-02-27,2025-02-26,0,0,0,,False,0.0,0.0,0.0,0.0,0.0,0.0,11759302.252000017,False,0.0,-0.00871162498215583,-103342.91599999927
2025-03-03,2025-02-27,0,0,0,,False,0.0,0.0,0.0,0.0,0.0,0.0,11759302.252000017,False,0.0,-0.00871162498215583,-103342.91599999927
2025-03-04,2025-03-03,0,0,0,,False,0.0,0.0,0.0,0.0,0.0,0.0,11759302.252000017,False,0.0,-0.00871162498215583,-103342.91599999927
2025-03-05,2025-03-04,0,0,0,,False,0.0,0.0,0.0,0.0,0.0,0.0,11759302.252000017,False,0.0,-0.00871162498215583,-103342.91599999927
2025-03-06,2025-03-05,0,0,0,,False,0.0,0.0,0.0,0.0,0.0,0.0,11759302.252000017,False,0.0,-0.00871162498215583,-103342.91599999927
2025-03-07,2025-03-06,0,0,0,,False,0.0,0.0,0.0,0.0,0.0,0.0,11759302.252000017,False,0.0,-0.00871162498215583,-103342.91599999927
2025-03-10,2025-03-07,0,0,0,,False,0.0,0.0,0.0,0.0,0.0,0.0,11759302.252000017,False,0.0,-0.00871162498215583,-103342.91599999927
2025-03-11,2025-03-10,0,0,0,,False,0.0,0.0,0.0,0.0,0.0,0.0,11759302.252000017,False,0.0,-0.00871162498215583,-103342.91599999927
2025-03-12,2025-03-11,0,0,0,,False,0.0,0.0,0.0,0.0,0.0,0.0,11759302.252000017,False,0.0,-0.00871162498215583,-103342.91599999927
2025-03-13,2025-03-12,0,0,0,,False,0.0,0.0,0.0,0.0,0.0,0.0,11759302.252000017,False,0.0,-0.00871162498215583,-103342.91599999927
2025-03-14,2025-03-13,0,0,0,,False,0.0,0.0,0.0,0.0,0.0,0.0,11759302.252000017,False,0.0,-0.00871162498215583,-103342.91599999927
2025-03-17,2025-03-14,1,0,1,TX202503,False,-600.0,50.0,88.652,400.0,538.652,-1138.652,11758163.600000016,False,-9.682989480148268e-05,-0.008807611331226761,-104481.56799999997
2025-03-18,2025-03-17,1,1,1,TX202504,True,14400.0,100.0,177.95600000000002,800.0,1077.9560000000001,13322.044,11771485.644000016,False,0.0011330037966132724,-0.007684586591690912,-91159.52400000021
2025-03-19,2025-03-18,1,1,1,TX202504,False,-45000.0,0.0,0.0,0.0,0.0,-45000.0,11726485.644000016,False,-0.0038227969995390278,-0.011478006976664568,-136159.5240000002
2025-03-20,2025-03-19,1,1,1,TX202504,False,66200.0,0.0,0.0,0.0,0.0,66200.0,11792685.644000016,False,0.005645340130857701,-0.005897464099214433,-69959.52400000021
2025-03-21,2025-03-20,1,1,1,TX202504,False,-37600.0,0.0,0.0,0.0,0.0,-37600.0,11755085.644000016,False,-0.003188417052321788,-0.009067077576436877,-107559.52400000021
2025-03-24,2025-03-21,0,1,0,,False,25000.0,50.0,89.2,400.0,539.2,24460.8,11779546.444000017,False,0.0020808695692051534,-0.007005075413042072,-83098.72399999946
2025-03-25,2025-03-24,0,0,0,,False,0.0,0.0,0.0,0.0,0.0,0.0,11779546.444000017,False,0.0,-0.007005075413042072,-83098.72399999946
2025-03-26,2025-03-25,1,0,1,TX202504,False,-20800.0,50.0,89.644,400.0,539.644,-21339.644,11758206.800000018,False,-0.0018115845208004147,-0.008803969647657173,-104438.36799999885
2025-03-27,2025-03-26,1,1,1,TX202504,False,-67400.0,0.0,0.0,0.0,0.0,-67400.0,11690806.800000018,False,-0.005732166574923644,-0.014485670402039852,-171838.36799999885
2025-03-28,2025-03-27,1,1,1,TX202504,False,-73000.0,0.0,0.0,0.0,0.0,-73000.0,11617806.800000018,False,-0.006244222597194908,-0.020639441248774815,-244838.36799999885
2025-03-31,2025-03-28,1,1,1,TX202504,False,-166800.0,0.0,0.0,0.0,0.0,-166800.0,11451006.800000018,False,-0.014357270943772257,-0.03470038614241033,-411638.36799999885
2025-04-01,2025-03-31,1,1,1,TX202504,False,82400.0,0.0,0.0,0.0,0.0,82400.0,11533406.800000018,False,0.00719587381609099,-0.027754211926369732,-329238.36799999885
2025-04-02,2025-04-01,1,1,1,TX202504,False,24600.0,0.0,0.0,0.0,0.0,24600.0,11558006.800000018,False,0.002132934390209835,-0.025680475449250895,-304638.36799999885
2025-04-07,2025-04-02,1,1,1,TX202504,False,-427400.0,0.0,0.0,0.0,0.0,-427400.0,11130606.800000018,False,-0.036978694284900346,-0.06170953928342249,-732038.3679999989
2025-04-08,2025-04-07,1,1,1,TX202504,False,-195400.0,0.0,0.0,0.0,0.0,-195400.0,10935206.800000018,False,-0.017555197439909537,-0.0781814135772857,-927438.3679999989
2025-04-09,2025-04-08,1,1,1,TX202504,False,-197200.0,0.0,0.0,0.0,0.0,-197200.0,10738006.800000018,False,-0.018033495260464546,-0.09480502468654783,-1124638.3679999989
2025-04-10,2025-04-09,1,1,1,TX202504,False,339600.0,0.0,0.0,0.0,0.0,339600.0,11077606.800000018,False,0.03162598108989831,-0.06617734551461363,-785038.3679999989
2025-04-11,2025-04-10,1,1,1,TX202504,False,124400.0,0.0,0.0,0.0,0.0,124400.0,11202006.800000018,False,0.011229862392299374,-0.055690645605931066,-660638.3679999989
2025-04-14,2025-04-11,1,1,1,TX202504,False,-6600.0,0.0,0.0,0.0,0.0,-6600.0,11195406.800000018,False,-0.0005891801458288696,-0.05624701392906051,-667238.3679999989
2025-04-15,2025-04-14,1,1,1,TX202505,True,61400.0,100.0,158.30800000000002,800.0,1058.308,60341.692,11255748.492000017,False,0.005389861492125495,-0.05116031605135829,-606896.675999999
2025-04-16,2025-04-15,1,1,1,TX202505,False,-85200.0,0.0,0.0,0.0,0.0,-85200.0,11170548.492000017,False,-0.007569465510050761,-0.05834252531357498,-692096.675999999
2025-04-17,2025-04-16,1,1,1,TX202505,False,3200.0,0.0,0.0,0.0,0.0,3200.0,11173748.492000017,False,0.0002864675805571889,-0.058072770975088006,-688896.675999999
2025-04-18,2025-04-17,1,1,1,TX202505,False,-7800.0,0.0,0.0,0.0,0.0,-7800.0,11165948.492000017,False,-0.0006980647546868006,-0.058730297175150104,-696696.675999999
2025-04-21,2025-04-18,1,1,1,TX202505,False,-46200.0,0.0,0.0,0.0,0.0,-46200.0,11119748.492000017,False,-0.004137579537743754,-0.0626248754370563,-742896.675999999
2025-04-22,2025-04-21,1,1,1,TX202505,False,-60400.0,0.0,0.0,0.0,0.0,-60400.0,11059348.492000017,False,-0.00543177753017113,-0.06771648857599866,-803296.675999999
2025-04-23,2025-04-22,1,1,1,TX202505,False,151400.0,0.0,0.0,0.0,0.0,151400.0,11210748.492000017,False,0.013689775677972168,-0.054953736436331946,-651896.675999999
2025-04-24,2025-04-23,1,1,1,TX202505,False,-17600.0,0.0,0.0,0.0,0.0,-17600.0,11193148.492000017,False,-0.001569921938089981,-0.056437385298010456,-669496.675999999
2025-04-25,2025-04-24,1,1,1,TX202505,False,81400.0,0.0,0.0,0.0,0.0,81400.0,11274548.492000017,False,0.007272305916264608,-0.049575509312747124,-588096.675999999
2025-04-28,2025-04-25,1,1,1,TX202505,False,18400.0,0.0,0.0,0.0,0.0,18400.0,11292948.492000017,False,0.0016319943998693986,-0.04802442186644673,-569696.675999999
2025-04-29,2025-04-28,1,1,1,TX202505,False,37800.0,0.0,0.0,0.0,0.0,37800.0,11330748.492000017,False,0.003347221500813336,-0.0448379487430689,-531896.675999999
2025-04-30,2025-04-29,1,1,1,TX202505,False,-1000.0,0.0,0.0,0.0,0.0,-1000.0,11329748.492000017,False,-8.82554229057367e-05,-0.04492224697384617,-532896.675999999
2025-05-02,2025-04-30,1,1,1,TX202505,False,105600.0,0.0,0.0,0.0,0.0,105600.0,11435348.492000017,False,0.009320595251921488,-0.03602035380377466,-427296.67599999905
2025-05-05,2025-05-02,1,1,1,TX202505,False,-54600.0,0.0,0.0,0.0,0.0,-54600.0,11380748.492000017,False,-0.00477466865467172,-0.040623037204209345,-481896.67599999905
2025-05-06,2025-05-05,1,1,1,TX202505,False,-13400.0,0.0,0.0,0.0,0.0,-13400.0,11367348.492000017,False,-0.0011774269512606658,-0.041752633496623726,-495296.67599999905
2025-05-07,2025-05-06,1,1,1,TX202505,False,8800.0,0.0,0.0,0.0,0.0,8800.0,11376148.492000017,False,0.0007741471114563931,-0.04101080906578447,-486496.67599999905
2025-05-08,2025-05-07,1,1,1,TX202505,False,38800.0,0.0,0.0,0.0,0.0,38800.0,11414948.492000017,False,0.0034106446507168133,-0.03774003771162937,-447696.67599999905
2025-05-09,2025-05-08,1,1,1,TX202505,False,54600.0,0.0,0.0,0.0,0.0,54600.0,11469548.492000017,False,0.004783201609561842,-0.0331373543111948,-393096.67599999905
2025-05-12,2025-05-09,1,1,1,TX202505,False,43600.0,0.0,0.0,0.0,0.0,43600.0,11513148.492000017,False,0.0038013702135189452,-0.029461951449309187,-349496.67599999905
2025-05-13,2025-05-12,0,1,0,,False,71000.0,50.0,85.676,400.0,535.6759999999999,70464.324,11583612.816000016,False,0.0061203348544459895,-0.02352193360319854,-279032.35199999996
2025-05-14,2025-05-13,0,0,0,,False,0.0,0.0,0.0,0.0,0.0,0.0,11583612.816000016,False,0.0,-0.02352193360319854,-279032.35199999996
2025-05-15,2025-05-14,0,0,0,,False,0.0,0.0,0.0,0.0,0.0,0.0,11583612.816000016,False,0.0,-0.02352193360319854,-279032.35199999996
2025-05-16,2025-05-15,0,0,0,,False,0.0,0.0,0.0,0.0,0.0,0.0,11583612.816000016,False,0.0,-0.02352193360319854,-279032.35199999996
2025-05-19,2025-05-16,0,0,0,,False,0.0,0.0,0.0,0.0,0.0,0.0,11583612.816000016,False,0.0,-0.02352193360319854,-279032.35199999996
2025-05-20,2025-05-19,0,0,0,,False,0.0,0.0,0.0,0.0,0.0,0.0,11583612.816000016,False,0.0,-0.02352193360319854,-279032.35199999996
2025-05-21,2025-05-20,0,0,0,,False,0.0,0.0,0.0,0.0,0.0,0.0,11583612.816000016,False,0.0,-0.02352193360319854,-279032.35199999996
2025-05-22,2025-05-21,0,0,0,,False,0.0,0.0,0.0,0.0,0.0,0.0,11583612.816000016,False,0.0,-0.02352193360319854,-279032.35199999996
2025-05-23,2025-05-22,0,0,0,,False,0.0,0.0,0.0,0.0,0.0,0.0,11583612.816000016,False,0.0,-0.02352193360319854,-279032.35199999996
2025-05-26,2025-05-23,0,0,0,,False,0.0,0.0,0.0,0.0,0.0,0.0,11583612.816000016,False,0.0,-0.02352193360319854,-279032.35199999996
2025-05-27,2025-05-26,0,0,0,,False,0.0,0.0,0.0,0.0,0.0,0.0,11583612.816000016,False,0.0,-0.02352193360319854,-279032.35199999996
2025-05-28,2025-05-27,0,0,0,,False,0.0,0.0,0.0,0.0,0.0,0.0,11583612.816000016,False,0.0,-0.02352193360319854,-279032.35199999996
2025-05-29,2025-05-28,0,0,0,,False,0.0,0.0,0.0,0.0,0.0,0.0,11583612.816000016,False,0.0,-0.02352193360319854,-279032.35199999996
2025-06-02,2025-05-29,0,0,0,,False,0.0,0.0,0.0,0.0,0.0,0.0,11583612.816000016,False,0.0,-0.02352193360319854,-279032.35199999996
2025-06-03,2025-06-02,0,0,0,,False,0.0,0.0,0.0,0.0,0.0,0.0,11583612.816000016,False,0.0,-0.02352193360319854,-279032.35199999996
2025-06-04,2025-06-03,0,0,0,,False,0.0,0.0,0.0,0.0,0.0,0.0,11583612.816000016,False,0.0,-0.02352193360319854,-279032.35199999996
2025-06-05,2025-06-04,0,0,0,,False,0.0,0.0,0.0,0.0,0.0,0.0,11583612.816000016,False,0.0,-0.02352193360319854,-279032.35199999996
2025-06-06,2025-06-05,0,0,0,,False,0.0,0.0,0.0,0.0,0.0,0.0,11583612.816000016,False,0.0,-0.02352193360319854,-279032.35199999996
2025-06-09,2025-06-06,0,0,0,,False,0.0,0.0,0.0,0.0,0.0,0.0,11583612.816000016,False,0.0,-0.02352193360319854,-279032.35199999996
2025-06-10,2025-06-09,0,0,0,,False,0.0,0.0,0.0,0.0,0.0,0.0,11583612.816000016,False,0.0,-0.02352193360319854,-279032.35199999996
2025-06-11,2025-06-10,0,0,0,,False,0.0,0.0,0.0,0.0,0.0,0.0,11583612.816000016,False,0.0,-0.02352193360319854,-279032.35199999996
2025-06-12,2025-06-11,1,0,1,TX202506,False,-12600.0,50.0,89.268,400.0,539.268,-13139.268,11570473.548000017,False,-0.0011342979266236535,-0.02462955064930583,-292171.6199999992
2025-06-13,2025-06-12,0,1,0,,False,-59600.0,50.0,87.808,400.0,537.808,-60137.808,11510335.740000017,False,-0.005197523485146807,-0.029699061466524235,-352309.4279999994
2025-06-16,2025-06-13,0,0,0,,False,0.0,0.0,0.0,0.0,0.0,0.0,11510335.740000017,False,0.0,-0.029699061466524235,-352309.4279999994
2025-06-17,2025-06-16,0,0,0,,False,0.0,0.0,0.0,0.0,0.0,0.0,11510335.740000017,False,0.0,-0.029699061466524235,-352309.4279999994
2025-06-18,2025-06-17,0,0,0,,False,0.0,0.0,0.0,0.0,0.0,0.0,11510335.740000017,False,0.0,-0.029699061466524235,-352309.4279999994
2025-06-19,2025-06-18,0,0,0,,False,0.0,0.0,0.0,0.0,0.0,0.0,11510335.740000017,False,0.0,-0.029699061466524235,-352309.4279999994
2025-06-20,2025-06-19,0,0,0,,False,0.0,0.0,0.0,0.0,0.0,0.0,11510335.740000017,False,0.0,-0.029699061466524235,-352309.4279999994
2025-06-23,2025-06-20,0,0,0,,False,0.0,0.0,0.0,0.0,0.0,0.0,11510335.740000017,False,0.0,-0.029699061466524235,-352309.4279999994
2025-06-24,2025-06-23,1,0,1,TX202507,False,37800.0,50.0,87.08800000000001,400.0,537.088,37262.912,11547598.652000017,False,0.0032373436224371974,-0.02655786391131798,-315046.5159999989
2025-06-25,2025-06-24,1,1,1,TX202507,False,40000.0,0.0,0.0,0.0,0.0,40000.0,11587598.652000017,False,0.0034639236438194095,-0.023185934680230336,-275046.5159999989
2025-06-26,2025-06-25,1,1,1,TX202507,False,-8400.0,0.0,0.0,0.0,0.0,-8400.0,11579198.652000017,False,-0.0007249129221911876,-0.023894039818758817,-283446.5159999989
2025-06-27,2025-06-26,1,1,1,TX202507,False,800.0,0.0,0.0,0.0,0.0,800.0,11579998.652000017,False,6.908940972886927e-05,-0.023826601234137046,-282646.5159999989
2025-06-30,2025-06-27,1,1,1,TX202507,False,4800.0,0.0,0.0,0.0,0.0,4800.0,11584798.652000017,False,0.00041450782027258504,-0.023421969726406533,-277846.5159999989
2025-07-01,2025-06-30,1,1,1,TX202507,False,41600.0,0.0,0.0,0.0,0.0,41600.0,11626398.652000017,False,0.0035909126476547015,-0.019915163326075347,-236246.5159999989
2025-07-02,2025-07-01,1,1,1,TX202507,False,8600.0,0.0,0.0,0.0,0.0,8600.0,11634998.652000017,False,0.000739695950346636,-0.01919019854139148,-227646.5159999989
2025-07-03,2025-07-02,0,1,0,,False,34400.0,50.0,90.26400000000001,400.0,540.264,33859.736,11668858.388000017,False,0.0029101624342843927,-0.016335882702008808,-193786.77999999933
2025-07-04,2025-07-03,0,0,0,,False,0.0,0.0,0.0,0.0,0.0,0.0,11668858.388000017,False,0.0,-0.016335882702008808,-193786.77999999933
2025-07-07,2025-07-04,0,0,0,,False,0.0,0.0,0.0,0.0,0.0,0.0,11668858.388000017,False,0.0,-0.016335882702008808,-193786.77999999933
2025-07-08,2025-07-07,0,0,0,,False,0.0,0.0,0.0,0.0,0.0,0.0,11668858.388000017,False,0.0,-0.016335882702008808,-193786.77999999933
2025-07-09,2025-07-08,0,0,0,,False,0.0,0.0,0.0,0.0,0.0,0.0,11668858.388000017,False,0.0,-0.016335882702008808,-193786.77999999933
2025-07-10,2025-07-09,0,0,0,,False,0.0,0.0,0.0,0.0,0.0,0.0,11668858.388000017,False,0.0,-0.016335882702008808,-193786.77999999933
2025-07-11,2025-07-10,0,0,0,,False,0.0,0.0,0.0,0.0,0.0,0.0,11668858.388000017,False,0.0,-0.016335882702008808,-193786.77999999933
2025-07-14,2025-07-11,0,0,0,,False,0.0,0.0,0.0,0.0,0.0,0.0,11668858.388000017,False,0.0,-0.016335882702008808,-193786.77999999933
2025-07-15,2025-07-14,0,0,0,,False,0.0,0.0,0.0,0.0,0.0,0.0,11668858.388000017,False,0.0,-0.016335882702008808,-193786.77999999933
2025-07-16,2025-07-15,0,0,0,,False,0.0,0.0,0.0,0.0,0.0,0.0,11668858.388000017,False,0.0,-0.016335882702008808,-193786.77999999933
2025-07-17,2025-07-16,1,0,1,TX202508,False,38000.0,50.0,91.84,400.0,541.84,37458.16,11706316.548000017,False,0.0032100963739967146,-0.01317822608583974,-156328.61999999918
2025-07-18,2025-07-17,1,1,1,TX202508,False,22800.0,0.0,0.0,0.0,0.0,22800.0,11729116.548000017,False,0.001947666450545052,-0.01125622642411983,-133528.61999999918
2025-07-21,2025-07-18,0,1,0,,False,-5600.0,50.0,92.92800000000001,400.0,542.928,-6142.928,11722973.620000018,False,-0.0005237332219234753,-0.011774064386311456,-139671.54799999855
2025-07-22,2025-07-21,0,0,0,,False,0.0,0.0,0.0,0.0,0.0,0.0,11722973.620000018,False,0.0,-0.011774064386311456,-139671.54799999855
2025-07-23,2025-07-22,0,0,0,,False,0.0,0.0,0.0,0.0,0.0,0.0,11722973.620000018,False,0.0,-0.011774064386311456,-139671.54799999855
2025-07-24,2025-07-23,0,0,0,,False,0.0,0.0,0.0,0.0,0.0,0.0,11722973.620000018,False,0.0,-0.011774064386311456,-139671.54799999855
2025-07-25,2025-07-24,0,0,0,,False,0.0,0.0,0.0,0.0,0.0,0.0,11722973.620000018,False,0.0,-0.011774064386311456,-139671.54799999855
2025-07-28,2025-07-25,0,0,0,,False,0.0,0.0,0.0,0.0,0.0,0.0,11722973.620000018,False,0.0,-0.011774064386311456,-139671.54799999855
2025-07-29,2025-07-28,0,0,0,,False,0.0,0.0,0.0,0.0,0.0,0.0,11722973.620000018,False,0.0,-0.011774064386311456,-139671.54799999855
2025-07-30,2025-07-29,0,0,0,,False,0.0,0.0,0.0,0.0,0.0,0.0,11722973.620000018,False,0.0,-0.011774064386311456,-139671.54799999855
2025-07-31,2025-07-30,0,0,0,,False,0.0,0.0,0.0,0.0,0.0,0.0,11722973.620000018,False,0.0,-0.011774064386311456,-139671.54799999855
2025-08-01,2025-07-31,0,0,0,,False,0.0,0.0,0.0,0.0,0.0,0.0,11722973.620000018,False,0.0,-0.011774064386311456,-139671.54799999855
2025-08-04,2025-08-01,0,0,0,,False,0.0,0.0,0.0,0.0,0.0,0.0,11722973.620000018,False,0.0,-0.011774064386311456,-139671.54799999855
2025-08-05,2025-08-04,1,0,1,TX202508,False,25800.0,50.0,93.792,400.0,543.792,25256.208,11748229.828000018,False,0.002154419929505903,-0.00964501073577062,-114415.33999999799
2025-08-06,2025-08-05,1,1,1,TX202508,False,-30000.0,0.0,0.0,0.0,0.0,-30000.0,11718229.828000018,False,-0.002553576193112925,-0.012173957659086354,-144415.339999998
2025-08-07,2025-08-06,1,1,1,TX202508,False,114400.0,0.0,0.0,0.0,0.0,114400.0,11832629.828000018,False,0.009762566674246988,-0.0025302400581757034,-30015.33999999799
2025-08-08,2025-08-07,1,1,1,TX202508,False,-9600.0,0.0,0.0,0.0,0.0,-9600.0,11823029.828000018,False,-0.0008113158392974605,-0.0033395030736367293,-39615.33999999799
2025-08-11,2025-08-08,0,1,0,,False,4800.0,50.0,95.88400000000001,400.0,545.884,4254.116,11827283.944000019,False,0.00035981605915643924,-0.002980888621315736,-35361.2239999976
2025-08-12,2025-08-11,1,0,1,TX202508,False,-4000.0,50.0,96.62800000000001,400.0,546.628,-4546.628,11822737.316000018,False,-0.00038441860544884474,-0.003364161317717884,-39907.85199999809
2025-08-13,2025-08-12,0,1,0,,False,32600.0,50.0,97.18400000000001,400.0,547.184,32052.816,11854790.132000018,False,0.002711116312854392,-0.0006621656374909968,-7855.03599999845
2025-08-14,2025-08-13,0,0,0,,False,0.0,0.0,0.0,0.0,0.0,0.0,11854790.132000018,False,0.0,-0.0006621656374909968,-7855.03599999845
2025-08-15,2025-08-14,0,0,0,,False,0.0,0.0,0.0,0.0,0.0,0.0,11854790.132000018,False,0.0,-0.0006621656374909968,-7855.03599999845
2025-08-18,2025-08-15,0,0,0,,False,0.0,0.0,0.0,0.0,0.0,0.0,11854790.132000018,False,0.0,-0.0006621656374909968,-7855.03599999845
2025-08-19,2025-08-18,0,0,0,,False,0.0,0.0,0.0,0.0,0.0,0.0,11854790.132000018,False,0.0,-0.0006621656374909968,-7855.03599999845
2025-08-20,2025-08-19,0,0,0,,False,0.0,0.0,0.0,0.0,0.0,0.0,11854790.132000018,False,0.0,-0.0006621656374909968,-7855.03599999845
2025-08-21,2025-08-20,0,0,0,,False,0.0,0.0,0.0,0.0,0.0,0.0,11854790.132000018,False,0.0,-0.0006621656374909968,-7855.03599999845
2025-08-22,2025-08-21,1,0,1,TX202509,False,-25400.0,50.0,95.516,400.0,545.5160000000001,-25945.516,11828844.616000017,False,-0.0021886103179477156,-0.002849326732892399,-33800.55199999921
2025-08-25,2025-08-22,1,1,1,TX202509,False,100200.0,0.0,0.0,0.0,0.0,100200.0,11929044.616000017,False,0.008470818854486157,0.0,0.0
2025-08-26,2025-08-25,1,1,1,TX202509,False,400.0,0.0,0.0,0.0,0.0,400.0,11929444.616000017,False,3.353160398641596e-05,0.0,0.0
2025-08-27,2025-08-26,1,1,1,TX202509,False,42000.0,0.0,0.0,0.0,0.0,42000.0,11971444.616000017,False,0.0035207003638433204,0.0,0.0
2025-08-28,2025-08-27,1,1,1,TX202509,False,-47000.0,0.0,0.0,0.0,0.0,-47000.0,11924444.616000017,False,-0.003926009058019931,-0.003926009058019986,-47000.0
2025-08-29,2025-08-28,1,1,1,TX202509,False,7800.0,0.0,0.0,0.0,0.0,7800.0,11932244.616000017,False,0.0006541185146295277,-0.0032744586186038704,-39200.0
2025-09-01,2025-08-29,1,1,1,TX202509,False,-51800.0,0.0,0.0,0.0,0.0,-51800.0,11880444.616000017,False,-0.004341178182899559,-0.007601421793187568,-91000.0
2025-09-02,2025-09-01,0,1,0,,False,15000.0,50.0,96.32400000000001,400.0,546.3240000000001,14453.676,11894898.292000018,False,0.001216593862197251,-0.006394075774087793,-76546.32399999909
2025-09-03,2025-09-02,0,0,0,,False,0.0,0.0,0.0,0.0,0.0,0.0,11894898.292000018,False,0.0,-0.006394075774087793,-76546.32399999909
2025-09-04,2025-09-03,0,0,0,,False,0.0,0.0,0.0,0.0,0.0,0.0,11894898.292000018,False,0.0,-0.006394075774087793,-76546.32399999909
2025-09-05,2025-09-04,0,0,0,,False,0.0,0.0,0.0,0.0,0.0,0.0,11894898.292000018,False,0.0,-0.006394075774087793,-76546.32399999909
2025-09-08,2025-09-05,1,0,1,TX202509,False,-7400.0,50.0,98.36000000000001,400.0,548.36,-7948.36,11886949.932000019,False,-0.0006682158859101565,-0.007058019036989882,-84494.6839999985
2025-09-09,2025-09-08,1,1,1,TX202509,False,50200.0,0.0,0.0,0.0,0.0,50200.0,11937149.932000019,False,0.0042231186542529406,-0.0028647072345941993,-34294.683999998495
2025-09-10,2025-09-09,1,1,1,TX202509,False,75200.0,0.0,0.0,0.0,0.0,75200.0,12012349.932000019,False,0.006299661177783377,0.0,0.0
2025-09-11,2025-09-10,1,1,1,TX202509,False,12400.0,0.0,0.0,0.0,0.0,12400.0,12024749.932000019,False,0.0010322709603195384,0.0,0.0
2025-09-12,2025-09-11,1,1,1,TX202509,False,43800.0,0.0,0.0,0.0,0.0,43800.0,12068549.932000019,False,0.00364248739039806,0.0,0.0
2025-09-15,2025-09-12,1,1,1,TX202509,False,-21200.0,0.0,0.0,0.0,0.0,-21200.0,12047349.932000019,False,-0.0017566319167962132,-0.001756631916796203,-21200.0
2025-09-16,2025-09-15,1,1,1,TX202510,True,55200.0,100.0,205.072,800.0,1105.0720000000001,54094.928,12101444.860000018,False,0.004490193138352671,0.0,0.0
2025-09-17,2025-09-16,1,1,1,TX202510,False,-33800.0,0.0,0.0,0.0,0.0,-33800.0,12067644.860000018,False,-0.002793054911295935,-0.002793054911295889,-33800.0
2025-09-18,2025-09-17,1,1,1,TX202510,False,47800.0,0.0,0.0,0.0,0.0,47800.0,12115444.860000018,False,0.003961004865037098,0.0,0.0
2025-09-19,2025-09-18,1,1,1,TX202510,False,-7600.0,0.0,0.0,0.0,0.0,-7600.0,12107844.860000018,False,-0.0006272984680151471,-0.000627298468015125,-7600.0
2025-09-22,2025-09-19,1,1,1,TX202510,False,44000.0,0.0,0.0,0.0,0.0,44000.0,12151844.860000018,False,0.0036340075801070295,0.0,0.0
2025-09-23,2025-09-22,0,1,0,,False,33400.0,50.0,104.224,400.0,554.2239999999999,32845.776,12184690.636000019,False,0.0027029456332279037,0.0,0.0
2025-09-24,2025-09-23,1,0,1,TX202510,False,-27800.0,50.0,105.51200000000001,400.0,555.512,-28355.512,12156335.124000018,False,-0.002327142546912338,-0.002327142546912353,-28355.512000000104
2025-09-25,2025-09-24,0,1,0,,False,-9200.0,50.0,104.75600000000001,400.0,554.7560000000001,-9754.756,12146580.36800002,False,-0.0008024421752524223,-0.003127717324837187,-38110.267999999225
2025-09-26,2025-09-25,0,0,0,,False,0.0,0.0,0.0,0.0,0.0,0.0,12146580.36800002,False,0.0,-0.003127717324837187,-38110.267999999225
2025-09-30,2025-09-26,0,0,0,,False,0.0,0.0,0.0,0.0,0.0,0.0,12146580.36800002,False,0.0,-0.003127717324837187,-38110.267999999225
2025-10-01,2025-09-30,1,0,1,TX202510,False,-9800.0,50.0,104.38400000000001,400.0,554.384,-10354.384,12136225.98400002,False,-0.0008524525986983519,-0.003977503692774054,-48464.65199999884
2025-10-02,2025-10-01,0,1,0,,False,82800.0,50.0,105.828,400.0,555.828,82244.172,12218470.15600002,False,0.006776750211179973,0.0,0.0
2025-10-03,2025-10-02,0,0,0,,False,0.0,0.0,0.0,0.0,0.0,0.0,12218470.15600002,False,0.0,0.0,0.0
2025-10-07,2025-10-03,0,0,0,,False,0.0,0.0,0.0,0.0,0.0,0.0,12218470.15600002,False,0.0,0.0,0.0
2025-10-08,2025-10-07,0,0,0,,False,0.0,0.0,0.0,0.0,0.0,0.0,12218470.15600002,False,0.0,0.0,0.0
2025-10-09,2025-10-08,0,0,0,,False,0.0,0.0,0.0,0.0,0.0,0.0,12218470.15600002,False,0.0,0.0,0.0
2025-10-13,2025-10-09,0,0,0,,False,0.0,0.0,0.0,0.0,0.0,0.0,12218470.15600002,False,0.0,0.0,0.0
2025-10-14,2025-10-13,0,0,0,,False,0.0,0.0,0.0,0.0,0.0,0.0,12218470.15600002,False,0.0,0.0,0.0
2025-10-15,2025-10-14,0,0,0,,False,0.0,0.0,0.0,0.0,0.0,0.0,12218470.15600002,False,0.0,0.0,0.0
2025-10-16,2025-10-15,0,0,0,,False,0.0,0.0,0.0,0.0,0.0,0.0,12218470.15600002,False,0.0,0.0,0.0
2025-10-17,2025-10-16,0,0,0,,False,0.0,0.0,0.0,0.0,0.0,0.0,12218470.15600002,False,0.0,0.0,0.0
2025-10-20,2025-10-17,0,0,0,,False,0.0,0.0,0.0,0.0,0.0,0.0,12218470.15600002,False,0.0,0.0,0.0
2025-10-21,2025-10-20,0,0,0,,False,0.0,0.0,0.0,0.0,0.0,0.0,12218470.15600002,False,0.0,0.0,0.0
2025-10-22,2025-10-21,0,0,0,,False,0.0,0.0,0.0,0.0,0.0,0.0,12218470.15600002,False,0.0,0.0,0.0
2025-10-23,2025-10-22,0,0,0,,False,0.0,0.0,0.0,0.0,0.0,0.0,12218470.15600002,False,0.0,0.0,0.0
2025-10-27,2025-10-23,0,0,0,,False,0.0,0.0,0.0,0.0,0.0,0.0,12218470.15600002,False,0.0,0.0,0.0
2025-10-28,2025-10-27,0,0,0,,False,0.0,0.0,0.0,0.0,0.0,0.0,12218470.15600002,False,0.0,0.0,0.0
2025-10-29,2025-10-28,0,0,0,,False,0.0,0.0,0.0,0.0,0.0,0.0,12218470.15600002,False,0.0,0.0,0.0
2025-10-30,2025-10-29,0,0,0,,False,0.0,0.0,0.0,0.0,0.0,0.0,12218470.15600002,False,0.0,0.0,0.0
2025-10-31,2025-10-30,0,0,0,,False,0.0,0.0,0.0,0.0,0.0,0.0,12218470.15600002,False,0.0,0.0,0.0
2025-11-03,2025-10-31,0,0,0,,False,0.0,0.0,0.0,0.0,0.0,0.0,12218470.15600002,False,0.0,0.0,0.0
2025-11-04,2025-11-03,0,0,0,,False,0.0,0.0,0.0,0.0,0.0,0.0,12218470.15600002,False,0.0,0.0,0.0
2025-11-05,2025-11-04,0,0,0,,False,0.0,0.0,0.0,0.0,0.0,0.0,12218470.15600002,False,0.0,0.0,0.0
2025-11-06,2025-11-05,0,0,0,,False,0.0,0.0,0.0,0.0,0.0,0.0,12218470.15600002,False,0.0,0.0,0.0
2025-11-07,2025-11-06,0,0,0,,False,0.0,0.0,0.0,0.0,0.0,0.0,12218470.15600002,False,0.0,0.0,0.0
2025-11-10,2025-11-07,0,0,0,,False,0.0,0.0,0.0,0.0,0.0,0.0,12218470.15600002,False,0.0,0.0,0.0
2025-11-11,2025-11-10,0,0,0,,False,0.0,0.0,0.0,0.0,0.0,0.0,12218470.15600002,False,0.0,0.0,0.0
2025-11-12,2025-11-11,0,0,0,,False,0.0,0.0,0.0,0.0,0.0,0.0,12218470.15600002,False,0.0,0.0,0.0
2025-11-13,2025-11-12,0,0,0,,False,0.0,0.0,0.0,0.0,0.0,0.0,12218470.15600002,False,0.0,0.0,0.0
2025-11-14,2025-11-13,0,0,0,,False,0.0,0.0,0.0,0.0,0.0,0.0,12218470.15600002,False,0.0,0.0,0.0
2025-11-17,2025-11-14,0,0,0,,False,0.0,0.0,0.0,0.0,0.0,0.0,12218470.15600002,False,0.0,0.0,0.0
2025-11-18,2025-11-17,0,0,0,,False,0.0,0.0,0.0,0.0,0.0,0.0,12218470.15600002,False,0.0,0.0,0.0
2025-11-19,2025-11-18,0,0,0,,False,0.0,0.0,0.0,0.0,0.0,0.0,12218470.15600002,False,0.0,0.0,0.0
2025-11-20,2025-11-19,0,0,0,,False,0.0,0.0,0.0,0.0,0.0,0.0,12218470.15600002,False,0.0,0.0,0.0
2025-11-21,2025-11-20,1,0,1,TX202512,False,-52800.0,50.0,107.00800000000001,400.0,557.008,-53357.008,12165113.14800002,False,-0.004366913968668854,-0.00436691396866884,-53357.00799999945
2025-11-24,2025-11-21,0,1,0,,False,43800.0,50.0,106.81200000000001,400.0,556.812,43243.188,12208356.33600002,False,0.003554688515750411,-0.0008277484718521855,-10113.820000000298
2025-11-25,2025-11-24,0,0,0,,False,0.0,0.0,0.0,0.0,0.0,0.0,12208356.33600002,False,0.0,-0.0008277484718521855,-10113.820000000298
2025-11-26,2025-11-25,1,0,1,TX202512,False,28200.0,50.0,108.76,400.0,558.76,27641.24,12235997.57600002,False,0.002264124607707548,0.0,0.0
2025-11-27,2025-11-26,0,1,0,,False,37800.0,50.0,110.06400000000001,400.0,560.0640000000001,37239.936,12273237.51200002,False,0.0030434736333262527,0.0,0.0
2025-11-28,2025-11-27,0,0,0,,False,0.0,0.0,0.0,0.0,0.0,0.0,12273237.51200002,False,0.0,0.0,0.0
2025-12-01,2025-11-28,1,0,1,TX202512,False,-49200.0,50.0,110.608,400.0,560.608,-49760.608,12223476.904000022,False,-0.00405439949738992,-0.004054399497389838,-49760.607999999076
2025-12-02,2025-12-01,1,1,1,TX202512,False,31400.0,0.0,0.0,0.0,0.0,31400.0,12254876.904000022,False,0.0025688272041259094,-0.0014959873449892358,-18360.607999999076
2025-12-03,2025-12-02,1,1,1,TX202512,False,39400.0,0.0,0.0,0.0,0.0,39400.0,12294276.904000022,False,0.0032150465735922445,0.0,0.0
2025-12-04,2025-12-03,1,1,1,TX202512,False,8200.0,0.0,0.0,0.0,0.0,8200.0,12302476.904000022,False,0.0006669770059703208,0.0,0.0
2025-12-05,2025-12-04,1,1,1,TX202512,False,43400.0,0.0,0.0,0.0,0.0,43400.0,12345876.904000022,False,0.003527744887364019,0.0,0.0
2025-12-08,2025-12-05,1,1,1,TX202512,False,54000.0,0.0,0.0,0.0,0.0,54000.0,12399876.904000022,False,0.004373929889298037,0.0,0.0
2025-12-09,2025-12-08,1,1,1,TX202512,False,-13200.0,0.0,0.0,0.0,0.0,-13200.0,12386676.904000022,False,-0.001064526696691793,-0.00106452669669177,-13200.0
2025-12-10,2025-12-09,0,1,0,,False,11800.0,50.0,113.108,400.0,563.108,11236.892,12397913.796000022,False,0.0009071756765021681,-0.0001583167329157753,-1963.1079999990761
2025-12-11,2025-12-10,1,0,1,TX202512,False,-98000.0,50.0,114.40800000000002,400.0,564.408,-98564.408,12299349.388000023,False,-0.007950080120076341,-0.00810713822228104,-100527.5159999989
2025-12-12,2025-12-11,1,1,1,TX202512,False,36400.0,0.0,0.0,0.0,0.0,36400.0,12335749.388000023,False,0.002959506137415204,-0.005171625210191544,-64127.5159999989
2025-12-15,2025-12-12,1,1,1,TX202512,False,-77000.0,0.0,0.0,0.0,0.0,-77000.0,12258749.388000023,False,-0.006242020454379862,-0.01138136427422709,-141127.5159999989
2025-12-16,2025-12-15,0,1,0,,False,-55400.0,50.0,110.51200000000001,400.0,560.512,-55960.512,12202788.876000023,False,-0.004564944614560701,-0.01589435359123781,-197088.027999999
2025-12-17,2025-12-16,0,0,0,,False,0.0,0.0,0.0,0.0,0.0,0.0,12202788.876000023,False,0.0,-0.01589435359123781,-197088.027999999
2025-12-18,2025-12-17,0,0,0,,False,0.0,0.0,0.0,0.0,0.0,0.0,12202788.876000023,False,0.0,-0.01589435359123781,-197088.027999999
2025-12-19,2025-12-18,0,0,0,,False,0.0,0.0,0.0,0.0,0.0,0.0,12202788.876000023,False,0.0,-0.01589435359123781,-197088.027999999
2025-12-22,2025-12-19,1,0,1,TX202601,False,17000.0,50.0,113.03200000000001,400.0,563.032,16436.968,12219225.844000023,False,0.0013469845432077907,-0.014568778496641621,-180651.05999999866
2025-12-23,2025-12-22,0,1,0,,False,10200.0,50.0,113.56,400.0,563.56,9636.44,12228862.284000022,False,0.0007886293389635447,-0.013791638523833472,-171014.61999999918
2025-12-24,2025-12-23,1,0,1,TX202601,False,-18600.0,50.0,114.26800000000001,400.0,564.268,-19164.268,12209698.016000023,False,-0.0015671341744582497,-0.01533715935023916,-190178.8879999984
2025-12-26,2025-12-24,1,1,1,TX202601,False,40200.0,0.0,0.0,0.0,0.0,40200.0,12249898.016000023,False,0.003292464723314245,-0.012095191683041406,-149978.8879999984
2025-12-29,2025-12-26,1,1,1,TX202601,False,55400.0,0.0,0.0,0.0,0.0,55400.0,12305298.016000023,False,0.004522486630308278,-0.007627405395410736,-94578.8879999984
2025-12-30,2025-12-29,0,1,0,,False,-34600.0,50.0,115.10000000000001,400.0,565.1,-35165.1,12270132.916000023,False,-0.0028577203050488015,-0.010463328709186204,-129743.98799999803
2025-12-31,2025-12-30,0,0,0,,False,0.0,0.0,0.0,0.0,0.0,0.0,12270132.916000023,False,0.0,-0.010463328709186204,-129743.98799999803
2026-01-02,2025-12-31,0,0,0,,False,0.0,0.0,0.0,0.0,0.0,0.0,12270132.916000023,False,0.0,-0.010463328709186204,-129743.98799999803
2026-01-05,2026-01-02,1,0,1,TX202601,False,85000.0,50.0,119.56000000000002,400.0,569.56,84430.44,12354563.356000023,False,0.0068809719159524585,-0.0036543546642290314,-45313.547999998555
2026-01-06,2026-01-05,1,1,1,TX202601,False,60800.0,0.0,0.0,0.0,0.0,60800.0,12415363.356000023,False,0.004921258505706099,0.0,0.0
2026-01-07,2026-01-06,0,1,0,,False,-1600.0,50.0,122.42800000000001,400.0,572.428,-2172.428,12413190.928000024,False,-0.00017497901090024253,-0.0001749790109002447,-2172.427999999374
2026-01-08,2026-01-07,0,0,0,,False,0.0,0.0,0.0,0.0,0.0,0.0,12413190.928000024,False,0.0,-0.0001749790109002447,-2172.427999999374
2026-01-09,2026-01-08,1,0,1,TX202601,False,1200.0,50.0,121.808,400.0,571.808,628.192,12413819.120000023,False,5.06068104199548e-05,-0.0001243810556098568,-1544.2359999995679
2026-01-12,2026-01-09,0,1,0,,False,52200.0,50.0,122.86000000000001,400.0,572.86,51627.14,12465446.260000024,False,0.004158844228431121,0.0,0.0
2026-01-13,2026-01-12,1,0,1,TX202601,False,-38600.0,50.0,124.27600000000001,400.0,574.2760000000001,-39174.276,12426271.984000023,False,-0.0031426292475147956,-0.00314262924751485,-39174.27600000054
2026-01-14,2026-01-13,0,1,0,,False,25200.0,50.0,123.992,400.0,573.992,24626.008,12450897.992000023,False,0.0019817695952340547,-0.0011670876193726754,-14548.268000001088
2026-01-15,2026-01-14,0,0,0,,False,0.0,0.0,0.0,0.0,0.0,0.0,12450897.992000023,False,0.0,-0.0011670876193726754,-14548.268000001088
2026-01-16,2026-01-15,0,0,0,,False,0.0,0.0,0.0,0.0,0.0,0.0,12450897.992000023,False,0.0,-0.0011670876193726754,-14548.268000001088
2026-01-19,2026-01-16,0,0,0,,False,0.0,0.0,0.0,0.0,0.0,0.0,12450897.992000023,False,0.0,-0.0011670876193726754,-14548.268000001088
2026-01-20,2026-01-19,0,0,0,,False,0.0,0.0,0.0,0.0,0.0,0.0,12450897.992000023,False,0.0,-0.0011670876193726754,-14548.268000001088
2026-01-21,2026-01-20,0,0,0,,False,0.0,0.0,0.0,0.0,0.0,0.0,12450897.992000023,False,0.0,-0.0011670876193726754,-14548.268000001088
2026-01-22,2026-01-21,0,0,0,,False,0.0,0.0,0.0,0.0,0.0,0.0,12450897.992000023,False,0.0,-0.0011670876193726754,-14548.268000001088
2026-01-23,2026-01-22,0,0,0,,False,0.0,0.0,0.0,0.0,0.0,0.0,12450897.992000023,False,0.0,-0.0011670876193726754,-14548.268000001088
2026-01-26,2026-01-23,0,0,0,,False,0.0,0.0,0.0,0.0,0.0,0.0,12450897.992000023,False,0.0,-0.0011670876193726754,-14548.268000001088
2026-01-27,2026-01-26,0,0,0,,False,0.0,0.0,0.0,0.0,0.0,0.0,12450897.992000023,False,0.0,-0.0011670876193726754,-14548.268000001088
2026-01-28,2026-01-27,0,0,0,,False,0.0,0.0,0.0,0.0,0.0,0.0,12450897.992000023,False,0.0,-0.0011670876193726754,-14548.268000001088
2026-01-29,2026-01-28,0,0,0,,False,0.0,0.0,0.0,0.0,0.0,0.0,12450897.992000023,False,0.0,-0.0011670876193726754,-14548.268000001088
2026-01-30,2026-01-29,0,0,0,,False,0.0,0.0,0.0,0.0,0.0,0.0,12450897.992000023,False,0.0,-0.0011670876193726754,-14548.268000001088
2026-02-02,2026-01-30,0,0,0,,False,0.0,0.0,0.0,0.0,0.0,0.0,12450897.992000023,False,0.0,-0.0011670876193726754,-14548.268000001088
2026-02-03,2026-02-02,0,0,0,,False,0.0,0.0,0.0,0.0,0.0,0.0,12450897.992000023,False,0.0,-0.0011670876193726754,-14548.268000001088
2026-02-04,2026-02-03,0,0,0,,False,0.0,0.0,0.0,0.0,0.0,0.0,12450897.992000023,False,0.0,-0.0011670876193726754,-14548.268000001088
2026-02-05,2026-02-04,1,0,1,TX202602,False,-12600.0,50.0,127.888,400.0,577.888,-13177.888,12437720.104000023,False,-0.0010583885602843334,-0.002224240947471756,-27726.156000001356
2026-02-06,2026-02-05,1,1,1,TX202602,False,-20000.0,0.0,0.0,0.0,0.0,-20000.0,12417720.104000023,False,-0.0016080117443363206,-0.0038286760862423774,-47726.156000001356
2026-02-09,2026-02-06,1,1,1,TX202602,False,168800.0,0.0,0.0,0.0,0.0,168800.0,12586520.104000023,False,0.013593477593815774,0.0,0.0
2026-02-10,2026-02-09,1,1,1,TX202602,False,131200.0,0.0,0.0,0.0,0.0,131200.0,12717720.104000023,False,0.01042385019178608,0.0,0.0
2026-02-11,2026-02-10,1,1,1,TX202603,True,76800.0,100.0,270.16,800.0,1170.16,75629.84,12793349.944000022,False,0.005946808027030932,0.0,0.0
2026-02-23,2026-02-11,1,1,1,TX202603,False,22400.0,0.0,0.0,0.0,0.0,22400.0,12815749.944000022,False,0.0017509096599444948,0.0,0.0
2026-02-24,2026-02-23,1,1,1,TX202603,False,173200.0,0.0,0.0,0.0,0.0,173200.0,12988949.944000022,False,0.013514620740636986,0.0,0.0
2026-02-25,2026-02-24,1,1,1,TX202603,False,132600.0,0.0,0.0,0.0,0.0,132600.0,13121549.944000022,False,0.010208677419782639,0.0,0.0
2026-02-26,2026-02-25,0,1,0,,False,6400.0,50.0,142.08,400.0,592.08,5807.92,13127357.864000022,False,0.00044262453938650266,0.0,0.0
2026-03-02,2026-02-26,0,0,0,,False,0.0,0.0,0.0,0.0,0.0,0.0,13127357.864000022,False,0.0,0.0,0.0
2026-03-03,2026-03-02,0,0,0,,False,0.0,0.0,0.0,0.0,0.0,0.0,13127357.864000022,False,0.0,0.0,0.0
2026-03-04,2026-03-03,0,0,0,,False,0.0,0.0,0.0,0.0,0.0,0.0,13127357.864000022,False,0.0,0.0,0.0
2026-03-05,2026-03-04,0,0,0,,False,0.0,0.0,0.0,0.0,0.0,0.0,13127357.864000022,False,0.0,0.0,0.0
2026-03-06,2026-03-05,0,0,0,,False,0.0,0.0,0.0,0.0,0.0,0.0,13127357.864000022,False,0.0,0.0,0.0
2026-03-09,2026-03-06,0,0,0,,False,0.0,0.0,0.0,0.0,0.0,0.0,13127357.864000022,False,0.0,0.0,0.0
2026-03-10,2026-03-09,0,0,0,,False,0.0,0.0,0.0,0.0,0.0,0.0,13127357.864000022,False,0.0,0.0,0.0
2026-03-11,2026-03-10,1,0,1,TX202603,False,128800.0,50.0,133.372,400.0,583.3720000000001,128216.628,13255574.492000023,False,0.009767131309158296,0.0,0.0
2026-03-12,2026-03-11,0,1,0,,False,-61400.0,50.0,134.704,400.0,584.704,-61984.704,13193589.788000023,False,-0.004676123546166097,-0.004676123546166089,-61984.70399999991
2026-03-13,2026-03-12,0,0,0,,False,0.0,0.0,0.0,0.0,0.0,0.0,13193589.788000023,False,0.0,-0.004676123546166089,-61984.70399999991
2026-03-16,2026-03-13,0,0,0,,False,0.0,0.0,0.0,0.0,0.0,0.0,13193589.788000023,False,0.0,-0.004676123546166089,-61984.70399999991
2026-03-17,2026-03-16,0,0,0,,False,0.0,0.0,0.0,0.0,0.0,0.0,13193589.788000023,False,0.0,-0.004676123546166089,-61984.70399999991
2026-03-18,2026-03-17,0,0,0,,False,0.0,0.0,0.0,0.0,0.0,0.0,13193589.788000023,False,0.0,-0.004676123546166089,-61984.70399999991
2026-03-19,2026-03-18,0,0,0,,False,0.0,0.0,0.0,0.0,0.0,0.0,13193589.788000023,False,0.0,-0.004676123546166089,-61984.70399999991
2026-03-20,2026-03-19,0,0,0,,False,0.0,0.0,0.0,0.0,0.0,0.0,13193589.788000023,False,0.0,-0.004676123546166089,-61984.70399999991
2026-03-23,2026-03-20,0,0,0,,False,0.0,0.0,0.0,0.0,0.0,0.0,13193589.788000023,False,0.0,-0.004676123546166089,-61984.70399999991
2026-03-24,2026-03-23,0,0,0,,False,0.0,0.0,0.0,0.0,0.0,0.0,13193589.788000023,False,0.0,-0.004676123546166089,-61984.70399999991
2026-03-25,2026-03-24,1,0,1,TX202604,False,-29600.0,50.0,135.15200000000002,400.0,585.152,-30185.152,13163404.636000022,False,-0.0022878649772372283,-0.006953290184112837,-92169.85600000061
2026-03-26,2026-03-25,1,1,1,TX202604,False,-39600.0,0.0,0.0,0.0,0.0,-39600.0,13123804.636000022,False,-0.0030083402504926184,-0.009940712571871235,-131769.8560000006
2026-03-27,2026-03-26,1,1,1,TX202604,False,-64000.0,0.0,0.0,0.0,0.0,-64000.0,13059804.636000022,False,-0.004876634617406682,-0.014768869966228282,-195769.8560000006
2026-03-30,2026-03-27,1,1,1,TX202604,False,-130400.0,0.0,0.0,0.0,0.0,-130400.0,12929404.636000022,False,-0.009984835427058816,-0.024606240657230605,-326169.8560000006
2026-03-31,2026-03-30,1,1,1,TX202604,False,-97800.0,0.0,0.0,0.0,0.0,-97800.0,12831604.636000022,False,-0.0075641533971092766,-0.03198426867548243,-423969.8560000006
2026-04-01,2026-03-31,1,1,1,TX202604,False,284600.0,0.0,0.0,0.0,0.0,284600.0,13116204.636000022,False,0.022179611052037366,-0.010514056262451166,-139369.8560000006
2026-04-02,2026-04-01,1,1,1,TX202604,False,-183000.0,0.0,0.0,0.0,0.0,-183000.0,12933204.636000022,False,-0.013952206837160823,-0.02431956881194075,-322369.8560000006
2026-04-07,2026-04-02,1,1,1,TX202604,False,134400.0,0.0,0.0,0.0,0.0,134400.0,13067604.636000022,False,0.010391855984857222,-0.014180438283791008,-187969.8560000006
2026-04-08,2026-04-07,1,1,1,TX202604,False,367400.0,0.0,0.0,0.0,0.0,367400.0,13435004.636000022,False,0.02811532872580546,0.0,0.0
2026-04-09,2026-04-08,1,1,1,TX202604,False,-12800.0,0.0,0.0,0.0,0.0,-12800.0,13422204.636000022,False,-0.0009527350638719928,-0.0009527350638719456,-12800.0
2026-04-10,2026-04-09,1,1,1,TX202604,False,127000.0,0.0,0.0,0.0,0.0,127000.0,13549204.636000022,False,0.009461932927126607,0.0,0.0
2026-04-13,2026-04-10,1,1,1,TX202604,False,-22000.0,0.0,0.0,0.0,0.0,-22000.0,13527204.636000022,False,-0.0016237115455136272,-0.001623711545513662,-22000.0
2026-04-14,2026-04-13,1,1,1,TX202605,True,184800.0,100.0,292.08000000000004,800.0,1192.08,183607.92,13710812.556000022,False,0.013573234451659234,0.0,0.0
2026-04-15,2026-04-14,0,1,0,,False,71600.0,50.0,147.98000000000002,400.0,597.98,71002.02,13781814.576000022,False,0.005178542096611819,0.0,0.0
2026-04-16,2026-04-15,0,0,0,,False,0.0,0.0,0.0,0.0,0.0,0.0,13781814.576000022,False,0.0,0.0,0.0
2026-04-17,2026-04-16,0,0,0,,False,0.0,0.0,0.0,0.0,0.0,0.0,13781814.576000022,False,0.0,0.0,0.0
2026-04-20,2026-04-17,0,0,0,,False,0.0,0.0,0.0,0.0,0.0,0.0,13781814.576000022,False,0.0,0.0,0.0
2026-04-21,2026-04-20,0,0,0,,False,0.0,0.0,0.0,0.0,0.0,0.0,13781814.576000022,False,0.0,0.0,0.0
2026-04-22,2026-04-21,0,0,0,,False,0.0,0.0,0.0,0.0,0.0,0.0,13781814.576000022,False,0.0,0.0,0.0
2026-04-23,2026-04-22,0,0,0,,False,0.0,0.0,0.0,0.0,0.0,0.0,13781814.576000022,False,0.0,0.0,0.0
2026-04-24,2026-04-23,0,0,0,,False,0.0,0.0,0.0,0.0,0.0,0.0,13781814.576000022,False,0.0,0.0,0.0
2026-04-27,2026-04-24,0,0,0,,False,0.0,0.0,0.0,0.0,0.0,0.0,13781814.576000022,False,0.0,0.0,0.0
2026-04-28,2026-04-27,0,0,0,,False,0.0,0.0,0.0,0.0,0.0,0.0,13781814.576000022,False,0.0,0.0,0.0
2026-04-29,2026-04-28,0,0,0,,False,0.0,0.0,0.0,0.0,0.0,0.0,13781814.576000022,False,0.0,0.0,0.0
2026-04-30,2026-04-29,0,0,0,,False,0.0,0.0,0.0,0.0,0.0,0.0,13781814.576000022,False,0.0,0.0,0.0
2026-05-04,2026-04-30,0,0,0,,False,0.0,0.0,0.0,0.0,0.0,0.0,13781814.576000022,False,0.0,0.0,0.0
2026-05-05,2026-05-04,0,0,0,,False,0.0,0.0,0.0,0.0,0.0,0.0,13781814.576000022,False,0.0,0.0,0.0
2026-05-06,2026-05-05,0,0,0,,False,0.0,0.0,0.0,0.0,0.0,0.0,13781814.576000022,False,0.0,0.0,0.0
2026-05-07,2026-05-06,0,0,0,,False,0.0,0.0,0.0,0.0,0.0,0.0,13781814.576000022,False,0.0,0.0,0.0
2026-05-08,2026-05-07,0,0,0,,False,0.0,0.0,0.0,0.0,0.0,0.0,13781814.576000022,False,0.0,0.0,0.0
2026-05-11,2026-05-08,0,0,0,,False,0.0,0.0,0.0,0.0,0.0,0.0,13781814.576000022,False,0.0,0.0,0.0
2026-05-12,2026-05-11,0,0,0,,False,0.0,0.0,0.0,0.0,0.0,0.0,13781814.576000022,False,0.0,0.0,0.0
2026-05-13,2026-05-12,0,0,0,,False,0.0,0.0,0.0,0.0,0.0,0.0,13781814.576000022,False,0.0,0.0,0.0
2026-05-14,2026-05-13,0,0,0,,False,0.0,0.0,0.0,0.0,0.0,0.0,13781814.576000022,False,0.0,0.0,0.0
2026-05-15,2026-05-14,0,0,0,,False,0.0,0.0,0.0,0.0,0.0,0.0,13781814.576000022,False,0.0,0.0,0.0
2026-05-18,2026-05-15,0,0,0,,False,0.0,0.0,0.0,0.0,0.0,0.0,13781814.576000022,False,0.0,0.0,0.0
2026-05-19,2026-05-18,1,0,1,TX202606,True,-128400.0,150.0,486.09200000000004,1200.0,1836.092,-130236.092,13651578.484000022,False,-0.009449850836536157,-0.009449850836536156,-130236.09200000018
2026-05-20,2026-05-19,1,1,1,TX202606,False,-49800.0,0.0,0.0,0.0,0.0,-49800.0,13601778.484000022,False,-0.0036479298022838017,-0.013063308246326288,-180036.09200000018
2026-05-21,2026-05-20,0,1,0,,False,166600.0,50.0,163.86,400.0,613.86,165986.14,13767764.624000022,False,0.012203267403248187,-0.001019455886778986,-14049.951999999583
2026-05-22,2026-05-21,0,0,0,,False,0.0,0.0,0.0,0.0,0.0,0.0,13767764.624000022,False,0.0,-0.001019455886778986,-14049.951999999583
2026-05-25,2026-05-22,0,0,0,,False,0.0,0.0,0.0,0.0,0.0,0.0,13767764.624000022,False,0.0,-0.001019455886778986,-14049.951999999583
2026-05-26,2026-05-25,0,0,0,,False,0.0,0.0,0.0,0.0,0.0,0.0,13767764.624000022,False,0.0,-0.001019455886778986,-14049.951999999583
2026-05-27,2026-05-26,0,0,0,,False,0.0,0.0,0.0,0.0,0.0,0.0,13767764.624000022,False,0.0,-0.001019455886778986,-14049.951999999583
2026-05-28,2026-05-27,0,0,0,,False,0.0,0.0,0.0,0.0,0.0,0.0,13767764.624000022,False,0.0,-0.001019455886778986,-14049.951999999583
2026-05-29,2026-05-28,0,0,0,,False,0.0,0.0,0.0,0.0,0.0,0.0,13767764.624000022,False,0.0,-0.001019455886778986,-14049.951999999583
2026-06-01,2026-05-29,0,0,0,,False,0.0,0.0,0.0,0.0,0.0,0.0,13767764.624000022,False,0.0,-0.001019455886778986,-14049.951999999583
2026-06-02,2026-06-01,0,0,0,,False,0.0,0.0,0.0,0.0,0.0,0.0,13767764.624000022,False,0.0,-0.001019455886778986,-14049.951999999583
2026-06-03,2026-06-02,0,0,0,,False,0.0,0.0,0.0,0.0,0.0,0.0,13767764.624000022,False,0.0,-0.001019455886778986,-14049.951999999583
2026-06-04,2026-06-03,0,0,0,,False,0.0,0.0,0.0,0.0,0.0,0.0,13767764.624000022,False,0.0,-0.001019455886778986,-14049.951999999583
2026-06-05,2026-06-04,0,0,0,,False,0.0,0.0,0.0,0.0,0.0,0.0,13767764.624000022,False,0.0,-0.001019455886778986,-14049.951999999583
2026-06-08,2026-06-05,0,0,0,,False,0.0,0.0,0.0,0.0,0.0,0.0,13767764.624000022,False,0.0,-0.001019455886778986,-14049.951999999583
2026-06-09,2026-06-08,0,0,0,,False,0.0,0.0,0.0,0.0,0.0,0.0,13767764.624000022,False,0.0,-0.001019455886778986,-14049.951999999583
2026-06-10,2026-06-09,0,0,0,,False,0.0,0.0,0.0,0.0,0.0,0.0,13767764.624000022,False,0.0,-0.001019455886778986,-14049.951999999583
2026-06-11,2026-06-10,0,0,0,,False,0.0,0.0,0.0,0.0,0.0,0.0,13767764.624000022,False,0.0,-0.001019455886778986,-14049.951999999583
2026-06-12,2026-06-11,0,0,0,,False,0.0,0.0,0.0,0.0,0.0,0.0,13767764.624000022,False,0.0,-0.001019455886778986,-14049.951999999583
2026-06-15,2026-06-12,0,0,0,,False,0.0,0.0,0.0,0.0,0.0,0.0,13767764.624000022,False,0.0,-0.001019455886778986,-14049.951999999583
2026-06-16,2026-06-15,0,0,0,,False,0.0,0.0,0.0,0.0,0.0,0.0,13767764.624000022,False,0.0,-0.001019455886778986,-14049.951999999583
2026-06-17,2026-06-16,0,0,0,,False,0.0,0.0,0.0,0.0,0.0,0.0,13767764.624000022,False,0.0,-0.001019455886778986,-14049.951999999583
2026-06-18,2026-06-17,0,0,0,,False,0.0,0.0,0.0,0.0,0.0,0.0,13767764.624000022,False,0.0,-0.001019455886778986,-14049.951999999583
2026-06-22,2026-06-18,0,0,0,,False,0.0,0.0,0.0,0.0,0.0,0.0,13767764.624000022,False,0.0,-0.001019455886778986,-14049.951999999583
2026-06-23,2026-06-22,0,0,0,,False,0.0,0.0,0.0,0.0,0.0,0.0,13767764.624000022,False,0.0,-0.001019455886778986,-14049.951999999583
2026-06-24,2026-06-23,0,0,0,,False,0.0,0.0,0.0,0.0,0.0,0.0,13767764.624000022,False,0.0,-0.001019455886778986,-14049.951999999583
2026-06-25,2026-06-24,0,0,0,,False,0.0,0.0,0.0,0.0,0.0,0.0,13767764.624000022,False,0.0,-0.001019455886778986,-14049.951999999583
2026-06-26,2026-06-25,0,0,0,,False,0.0,0.0,0.0,0.0,0.0,0.0,13767764.624000022,False,0.0,-0.001019455886778986,-14049.951999999583
2026-06-29,2026-06-26,0,0,0,,False,0.0,0.0,0.0,0.0,0.0,0.0,13767764.624000022,False,0.0,-0.001019455886778986,-14049.951999999583
2026-06-30,2026-06-29,1,0,1,TX202607,False,126000.0,50.0,184.40800000000002,400.0,634.408,125365.592,13893130.216000022,False,0.009105733241652186,0.0,0.0
2026-07-01,2026-06-30,0,1,0,,False,157200.0,50.0,190.056,400.0,640.056,156559.944,14049690.160000023,False,0.011268874729159144,0.0,0.0
2026-07-02,2026-07-01,0,0,0,,False,0.0,0.0,0.0,0.0,0.0,0.0,14049690.160000023,False,0.0,0.0,0.0
2026-07-03,2026-07-02,0,0,0,,False,0.0,0.0,0.0,0.0,0.0,0.0,14049690.160000023,False,0.0,0.0,0.0
2026-07-06,2026-07-03,1,0,1,TX202607,False,-78800.0,50.0,189.12800000000001,400.0,639.128,-79439.128,13970251.032000022,False,-0.005654155151845702,-0.005654155151845752,-79439.12800000049
2026-07-07,2026-07-06,1,1,1,TX202607,False,-222200.0,0.0,0.0,0.0,0.0,-222200.0,13748051.032000022,False,-0.015905226004245192,-0.021469450540537727,-301639.1280000005
2026-07-08,2026-07-07,1,1,1,TX202607,False,-42200.0,0.0,0.0,0.0,0.0,-42200.0,13705851.032000022,False,-0.00306952599330444,-0.02447307549734601,-343839.1280000005
2026-07-09,2026-07-08,0,1,0,,False,88800.0,50.0,184.024,400.0,634.024,88165.976,13794017.008000022,False,0.0064327253954645095,-0.018197778676138476,-255673.1520000007
2026-07-13,2026-07-09,0,0,0,,False,0.0,0.0,0.0,0.0,0.0,0.0,13794017.008000022,False,0.0,-0.018197778676138476,-255673.1520000007
2026-07-14,2026-07-13,0,0,0,,False,0.0,0.0,0.0,0.0,0.0,0.0,13794017.008000022,False,0.0,-0.018197778676138476,-255673.1520000007
2026-07-15,2026-07-14,0,0,0,,False,0.0,0.0,0.0,0.0,0.0,0.0,13794017.008000022,False,0.0,-0.018197778676138476,-255673.1520000007
2026-07-16,2026-07-15,1,0,1,TX202608,False,36200.0,50.0,182.084,400.0,632.0840000000001,35567.916,13829584.924000021,False,0.002578503127796052,-0.015666198577577783,-220105.23600000143
2026-07-17,2026-07-16,1,1,1,TX202608,False,-595000.0,0.0,0.0,0.0,0.0,-595000.0,13234584.924000021,False,-0.04302370629847539,-0.058015886949637885,-815105.2360000014
2026-07-20,2026-07-17,1,1,1,TX202608,False,-16800.0,0.0,0.0,0.0,0.0,-16800.0,13217784.924000021,False,-0.0012694013523260818,-0.05921164285661373,-831905.2360000014
2026-07-21,2026-07-20,1,1,1,TX202608,False,347200.0,0.0,0.0,0.0,0.0,347200.0,13564984.924000021,False,0.026267638790942658,-0.03449935411244687,-484705.23600000143
2026-07-22,2026-07-21,1,1,1,TX202608,False,50800.0,0.0,0.0,0.0,0.0,50800.0,13615784.924000021,False,0.0037449359718875514,-0.03088361601278189,-433905.23600000143
2026-07-23,2026-07-22,1,1,1,TX202608,False,59800.0,0.0,0.0,0.0,0.0,59800.0,13675584.924000021,False,0.0043919612665585545,-0.026627294391522782,-374105.23600000143
2026-07-24,2026-07-23,1,1,1,TX202608,False,-205000.0,0.0,0.0,0.0,0.0,-205000.0,13470584.924000021,False,-0.014990218052043569,-0.041218363494501475,-579105.2360000014
2026-07-27,2026-07-24,1,1,1,TX202608,False,400.0,0.0,0.0,0.0,0.0,400.0,13470984.924000021,False,2.9694330443463923e-05,-0.04118989311576393,-578705.2360000014
2026-07-28,2026-07-27,1,1,1,TX202608,False,-458800.0,0.0,0.0,0.0,0.0,-458800.0,13012184.924000021,False,-0.03405838567769444,-0.07384541752769869,-1037505.2360000014
2026-07-29,2026-07-28,1,1,1,TX202608,False,-244200.0,0.0,0.0,0.0,0.0,-244200.0,12767984.924000021,False,-0.01876702501741971,-0.09122658374695425,-1281705.2360000014
2026-07-30,2026-07-29,1,1,1,TX202608,False,-24400.0,0.0,0.0,0.0,0.0,-24400.0,12743584.924000021,False,-0.0019110298253983088,-0.09296327684994299,-1306105.2360000014
2026-07-31,2026-07-30,1,1,1,TX202608,False,681600.0,0.0,0.0,0.0,0.0,681600.0,13425184.924000021,False,0.05348573451386832,-0.04444975148120989,-624505.2360000014
2026-08-03,2026-07-31,1,1,1,TX202608,False,-89600.0,0.0,0.0,0.0,0.0,-89600.0,13335584.924000021,False,-0.006674023524236399,-0.0508271163184143,-714105.2360000014
2026-08-04,2026-08-03,1,1,1,TX202608,False,25400.0,0.0,0.0,0.0,0.0,25400.0,13360984.924000021,False,0.0019046783582989059,-0.049019247268581756,-688705.2360000014
2026-08-05,2026-08-04,1,1,1,TX202608,False,231400.0,0.0,0.0,0.0,0.0,231400.0,13592384.924000021,False,0.017319082486526995,-0.032549133168926825,-457305.23600000143
2026-08-06,2026-08-05,1,1,1,TX202608,False,-46800.0,0.0,0.0,0.0,0.0,-46800.0,13545584.924000021,False,-0.0034431043751097295,-0.035880167481216585,-504105.23600000143
2026-08-07,2026-08-06,1,1,1,TX202608,False,13800.0,0.0,0.0,0.0,0.0,13800.0,13559384.924000021,False,0.001018782140263962,-0.03489793941477215,-490305.23600000143
2026-08-10,2026-08-07,1,1,1,TX202608,False,127600.0,0.0,0.0,0.0,0.0,127600.0,13686984.924000021,False,0.009410456352938905,-0.0258158885975035,-362705.23600000143
2026-08-11,2026-08-10,1,1,1,TX202608,False,20600.0,0.0,0.0,0.0,0.0,20600.0,13707584.924000021,False,0.0015050794688812772,-0.02434966409252126,-342105.23600000143
2026-08-12,2026-08-11,1,1,1,TX202608,False,87600.0,0.0,0.0,0.0,0.0,87600.0,13795184.924000021,False,0.00639062245360413,-0.018114651149004457,-254505.23600000143
2026-08-13,2026-08-12,1,1,1,TX202608,False,95400.0,0.0,0.0,0.0,0.0,95400.0,13890584.924000021,False,0.006915456409288787,-0.011324465820106155,-159105.23600000143
2026-08-14,2026-08-13,1,1,1,TX202608,False,-32800.0,0.0,0.0,0.0,0.0,-32800.0,13857784.924000021,False,-0.0023613116495424516,-0.013659036876582653,-191905.23600000143
2026-08-17,2026-08-14,0,1,0,,False,1800.0,50.0,183.39200000000002,400.0,633.392,1166.608,13858951.53200002,False,8.418430552920292e-05,-0.013576002447587165,-190738.62800000235
2026-08-18,2026-08-17,0,0,0,,False,0.0,0.0,0.0,0.0,0.0,0.0,13858951.53200002,False,0.0,-0.013576002447587165,-190738.62800000235
2026-08-19,2026-08-18,0,0,0,,False,0.0,0.0,0.0,0.0,0.0,0.0,13858951.53200002,False,0.0,-0.013576002447587165,-190738.62800000235
2026-08-20,2026-08-19,0,0,0,,False,0.0,0.0,0.0,0.0,0.0,0.0,13858951.53200002,False,0.0,-0.013576002447587165,-190738.62800000235
2026-08-21,2026-08-20,0,0,0,,False,0.0,0.0,0.0,0.0,0.0,0.0,13858951.53200002,False,0.0,-0.013576002447587165,-190738.62800000235
2026-08-24,2026-08-21,0,0,0,,False,0.0,0.0,0.0,0.0,0.0,0.0,13858951.53200002,False,0.0,-0.013576002447587165,-190738.62800000235
2026-08-25,2026-08-24,0,0,0,,False,0.0,0.0,0.0,0.0,0.0,0.0,13858951.53200002,False,0.0,-0.013576002447587165,-190738.62800000235
2026-08-26,2026-08-25,0,0,0,,False,0.0,0.0,0.0,0.0,0.0,0.0,13858951.53200002,False,0.0,-0.013576002447587165,-190738.62800000235
2026-08-27,2026-08-26,0,0,0,,False,0.0,0.0,0.0,0.0,0.0,0.0,13858951.53200002,False,0.0,-0.013576002447587165,-190738.62800000235
2026-08-28,2026-08-27,0,0,0,,False,0.0,0.0,0.0,0.0,0.0,0.0,13858951.53200002,False,0.0,-0.013576002447587165,-190738.62800000235
2026-08-31,2026-08-28,0,0,0,,False,0.0,0.0,0.0,0.0,0.0,0.0,13858951.53200002,False,0.0,-0.013576002447587165,-190738.62800000235
2026-09-01,2026-08-31,0,0,0,,False,0.0,0.0,0.0,0.0,0.0,0.0,13858951.53200002,False,0.0,-0.013576002447587165,-190738.62800000235
2026-09-02,2026-09-01,1,0,1,TX202609,False,-102400.0,50.0,186.812,400.0,636.812,-103036.812,13755914.72000002,False,-0.007434675831147128,-0.020909745101453714,-293775.4400000032
2026-09-03,2026-09-02,0,1,0,,False,-4000.0,50.0,184.668,400.0,634.668,-4634.668,13751280.05200002,False,-0.00033692183285067597,-0.02123962198466034,-298410.1080000028
2026-09-04,2026-09-03,1,0,1,TX202609,False,59600.0,50.0,185.632,400.0,635.6320000000001,58964.368,13810244.42000002,False,0.004287918490280771,-0.017042777262214148,-239445.7400000021
2026-09-07,2026-09-04,0,1,0,,False,115200.0,50.0,189.11200000000002,400.0,639.1120000000001,114560.888,13924805.30800002,False,0.008295355571990654,-0.008888797587547792,-124884.85200000182
2026-09-08,2026-09-07,0,0,0,,False,0.0,0.0,0.0,0.0,0.0,0.0,13924805.30800002,False,0.0,-0.008888797587547792,-124884.85200000182
2026-09-09,2026-09-08,0,0,0,,False,0.0,0.0,0.0,0.0,0.0,0.0,13924805.30800002,False,0.0,-0.008888797587547792,-124884.85200000182
2026-09-10,2026-09-09,0,0,0,,False,0.0,0.0,0.0,0.0,0.0,0.0,13924805.30800002,False,0.0,-0.008888797587547792,-124884.85200000182
2026-09-11,2026-09-10,0,0,0,,False,0.0,0.0,0.0,0.0,0.0,0.0,13924805.30800002,False,0.0,-0.008888797587547792,-124884.85200000182
2026-09-14,2026-09-11,0,0,0,,False,0.0,0.0,0.0,0.0,0.0,0.0,13924805.30800002,False,0.0,-0.008888797587547792,-124884.85200000182
2026-09-15,2026-09-14,0,0,0,,False,0.0,0.0,0.0,0.0,0.0,0.0,13924805.30800002,False,0.0,-0.008888797587547792,-124884.85200000182
2026-09-16,2026-09-15,0,0,0,,False,0.0,0.0,0.0,0.0,0.0,0.0,13924805.30800002,False,0.0,-0.008888797587547792,-124884.85200000182
2026-09-17,2026-09-16,1,0,1,TX202610,False,-10000.0,50.0,185.98800000000003,400.0,635.988,-10635.988,13914169.32000002,False,-0.0007638159216408905,-0.009645824104067002,-135520.8400000017
2026-09-18,2026-09-17,0,1,0,,False,127000.0,50.0,188.312,400.0,638.312,126361.688,14040531.00800002,False,0.009081511450228622,-0.0006519113158864887,-9159.152000002563
2026-09-21,2026-09-18,1,0,1,TX202610,False,94000.0,50.0,190.436,400.0,640.436,93359.564,14133890.57200002,False,0.006649290112090885,0.0,0.0
2026-09-22,2026-09-21,1,1,1,TX202610,False,33200.0,0.0,0.0,0.0,0.0,33200.0,14167090.57200002,False,0.002348963990549845,0.0,0.0
2026-09-23,2026-09-22,0,1,0,,False,57200.0,50.0,194.108,400.0,644.108,56555.892,14223646.46400002,False,0.0039920611583988625,0.0,0.0
2026-09-24,2026-09-23,0,0,0,,False,0.0,0.0,0.0,0.0,0.0,0.0,14223646.46400002,False,0.0,0.0,0.0
2026-09-29,2026-09-24,0,0,0,,False,0.0,0.0,0.0,0.0,0.0,0.0,14223646.46400002,False,0.0,0.0,0.0
2026-09-30,2026-09-29,0,0,0,,False,0.0,0.0,0.0,0.0,0.0,0.0,14223646.46400002,False,0.0,0.0,0.0
2026-10-01,2026-09-30,0,0,0,,False,0.0,0.0,0.0,0.0,0.0,0.0,14223646.46400002,False,0.0,0.0,0.0
2026-10-02,2026-10-01,0,0,0,,False,0.0,0.0,0.0,0.0,0.0,0.0,14223646.46400002,False,0.0,0.0,0.0
2026-10-05,2026-10-02,0,0,0,,False,0.0,0.0,0.0,0.0,0.0,0.0,14223646.46400002,False,0.0,0.0,0.0
