date,contract,open,high,low,close,trade_intensity,institution_net_trade_qty,institution_total_trade_qty,intensity_ma20,price_ma20,buy_condition
2016-10-05,TX201610,9210.0,9266.0,9201.0,9240.0,,,,,,False
2016-10-06,TX201610,9281.0,9283.0,9207.0,9256.0,,,,,,False
2016-10-07,TX201610,9250.0,9269.0,9236.0,9253.0,,,,,,False
2016-10-11,TX201610,9300.0,9343.0,9143.0,9191.0,,,,,,False
2016-10-12,TX201610,9180.0,9274.0,9164.0,9260.0,,,,,,False
2016-10-13,TX201610,9268.0,9282.0,9179.0,9203.0,,,,,,False
2016-10-14,TX201610,9207.0,9224.0,9147.0,9169.0,,,,,,False
2016-10-17,TX201610,9178.0,9193.0,9060.0,9166.0,,,,,,False
2016-10-18,TX201610,9183.0,9218.0,9154.0,9212.0,,,,,,False
2016-10-19,TX201610,9223.0,9300.0,9219.0,9280.0,,,,,,False
2016-10-20,TX201611,9269.0,9295.0,9235.0,9278.0,,,,,,False
2016-10-21,TX201611,9259.0,9322.0,9241.0,9264.0,,,,,,False
2016-10-24,TX201611,9294.0,9325.0,9269.0,9309.0,,,,,,False
2016-10-25,TX201611,9328.0,9394.0,9308.0,9374.0,,,,,,False
2016-10-26,TX201611,9340.0,9363.0,9323.0,9336.0,,,,,,False
2016-10-27,TX201611,9324.0,9348.0,9260.0,9287.0,,,,,,False
2016-10-28,TX201611,9286.0,9313.0,9261.0,9280.0,,,,,,False
2016-10-31,TX201611,9263.0,9300.0,9174.0,9283.0,,,,,,False
2016-11-01,TX201611,9259.0,9292.0,9226.0,9280.0,,,,,,False
2016-11-02,TX201611,9199.0,9225.0,9144.0,9160.0,,,,,9254.05,False
2016-11-03,TX201611,9131.0,9160.0,9078.0,9088.0,,,,,9246.45,False
2016-11-04,TX201611,9058.0,9094.0,9047.0,9064.0,,,,,9236.85,False
2016-11-07,TX201611,9131.0,9200.0,9115.0,9196.0,,,,,9234.0,False
2016-11-08,TX201611,9216.0,9230.0,9162.0,9225.0,,,,,9235.7,False
2016-11-09,TX201611,9223.0,9307.0,8891.0,8929.0,,,,,9219.15,False
2016-11-10,TX201611,9140.0,9192.0,9134.0,9177.0,,,,,9217.85,False
2016-11-11,TX201611,9048.0,9057.0,8949.0,8967.0,,,,,9207.75,False
2016-11-14,TX201611,8957.0,8988.0,8877.0,8945.0,,,,,9196.7,False
2016-11-15,TX201611,8900.0,8975.0,8896.0,8938.0,,,,,9183.0,False
2016-11-16,TX201611,8990.0,9034.0,8979.0,8983.0,,,,,9168.15,False
2016-11-17,TX201612,8942.0,8965.0,8906.0,8962.0,,,,,9152.35,False
2016-11-18,TX201612,8979.0,9006.0,8926.0,8987.0,,,,,9138.5,False
2016-11-21,TX201612,8980.0,9026.0,8971.0,9017.0,,,,,9123.9,False
2016-11-22,TX201612,9050.0,9164.0,9041.0,9140.0,,,,,9112.2,False
2016-11-23,TX201612,9150.0,9192.0,9142.0,9175.0,,,,,9104.15,False
2016-11-24,TX201612,9156.0,9165.0,9117.0,9142.0,,,,,9096.9,False
2016-11-25,TX201612,9142.0,9192.0,9133.0,9162.0,,,,,9091.0,False
2016-11-28,TX201612,9157.0,9248.0,9150.0,9223.0,,,,,9088.0,False
2016-11-29,TX201612,9222.0,9238.0,9196.0,9203.0,,,,,9084.15,False
2016-11-30,TX201612,9211.0,9245.0,9177.0,9226.0,,,,,9087.45,False
2016-12-01,TX201612,9229.0,9279.0,9218.0,9261.0,,,,,9096.1,False
2016-12-02,TX201612,9199.0,9200.0,9148.0,9165.0,,,,,9101.15,False
2016-12-05,TX201612,9159.0,9183.0,9117.0,9157.0,,,,,9099.2,False
2016-12-06,TX201612,9232.0,9285.0,9230.0,9262.0,,,,,9101.05,False
2016-12-07,TX201612,9300.0,9305.0,9248.0,9263.0,,,,,9117.75,False
2016-12-08,TX201612,9360.0,9370.0,9315.0,9367.0,,,,,9127.25,False
2016-12-09,TX201612,9377.0,9399.0,9365.0,9390.0,,,,,9148.4,False
2016-12-12,TX201612,9420.0,9440.0,9350.0,9355.0,,,,,9168.9,False
2016-12-13,TX201612,9340.0,9381.0,9338.0,9378.0,,,,,9190.9,False
2016-12-14,TX201612,9409.0,9413.0,9353.0,9370.0,,,,,9210.25,False
2016-12-15,TX201612,9330.0,9374.0,9305.0,9368.0,,,,,9230.55,False
2016-12-16,TX201612,9367.0,9370.0,9309.0,9312.0,,,,,9246.8,False
2016-12-19,TX201612,9290.0,9317.0,9242.0,9246.0,,,,,9258.25,False
2016-12-20,TX201612,9261.0,9266.0,9209.0,9260.0,,,,,9264.25,False
2016-12-21,TX201612,9261.0,9269.0,9225.0,9232.0,,,,,9267.1,False
2016-12-22,TX201701,9211.0,9222.0,9123.0,9130.0,,,,,9266.5,False
2016-12-23,TX201701,9115.0,9147.0,9088.0,9090.0,,,,,9262.9,False
2016-12-26,TX201701,9107.0,9131.0,9089.0,9123.0,,,,,9257.9,False
2016-12-27,TX201701,9123.0,9130.0,9106.0,9113.0,,,,,9253.4,False
2016-12-28,TX201701,9110.0,9213.0,9105.0,9211.0,,,,,9252.65,False
2016-12-29,TX201701,9188.0,9211.0,9168.0,9184.0,,,,,9248.8,False
2016-12-30,TX201701,9215.0,9282.0,9215.0,9262.0,,,,,9253.65,False
2017-01-03,TX201701,9266.0,9282.0,9231.0,9281.0,,,,,9259.85,False
2017-01-04,TX201701,9281.0,9295.0,9261.0,9273.0,,,,,9260.4,False
2017-01-05,TX201701,9270.0,9354.0,9266.0,9340.0,,,,,9264.25,False
2017-01-06,TX201701,9353.0,9375.0,9338.0,9367.0,,,,,9264.25,False
2017-01-09,TX201701,9379.0,9409.0,9325.0,9344.0,,,,,9261.95,False
2017-01-10,TX201701,9332.0,9350.0,9320.0,9342.0,,,,,9261.3,False
2017-01-11,TX201701,9395.0,9396.0,9333.0,9338.0,,,,,9259.3,False
2017-01-12,TX201701,9353.0,9433.0,9350.0,9410.0,,,,,9261.3,False
2017-01-13,TX201701,9388.0,9397.0,9361.0,9374.0,,,,,9261.6,False
2017-01-16,TX201701,9360.0,9362.0,9274.0,9286.0,,,,,9260.3,False
2017-01-17,TX201701,9282.0,9344.0,9280.0,9341.0,,,,,9265.05,False
2017-01-18,TX201701,9336.0,9349.0,9314.0,9340.0,,,,,9269.05,False
2017-01-19,TX201702,9337.0,9342.0,9254.0,9306.0,,,,,9272.75,False
2017-01-20,TX201702,9283.0,9338.0,9278.0,9330.0,,,,,9282.75,False
2017-01-23,TX201702,9319.0,9423.0,9318.0,9407.0,,,,,9298.6,False
2017-01-24,TX201702,9423.0,9464.0,9405.0,9446.0,,,,,9314.75,False
2017-02-02,TX201702,9500.0,9510.0,9373.0,9375.0,,,,,9327.85,False
2017-02-03,TX201702,9418.0,9458.0,9408.0,9439.0,,,,,9339.25,False
2017-02-06,TX201702,9477.0,9533.0,9441.0,9505.0,,,,,9355.3,False
2017-02-07,TX201702,9499.0,9525.0,9482.0,9520.0,,,,,9368.2,False
2017-02-08,TX201702,9513.0,9535.0,9463.0,9515.0,,,,,9379.9,False
2017-02-09,TX201702,9518.0,9579.0,9505.0,9576.0,,,,,9395.05,False
2017-02-10,TX201702,9600.0,9681.0,9586.0,9658.0,,,,,9410.95,False
2017-02-13,TX201702,9670.0,9705.0,9661.0,9705.0,,,,,9427.85,False
2017-02-14,TX201702,9729.0,9758.0,9695.0,9710.0,,,,,9446.15,False
2017-02-15,TX201702,9726.0,9801.0,9722.0,9800.0,,,,,9469.05,False
2017-02-16,TX201703,9819.0,9852.0,9758.0,9772.0,,,,,9490.75,False
2017-02-17,TX201703,9760.0,9786.0,9747.0,9762.0,,,,,9508.35,False
2017-02-18,TX201703,9778.0,9789.0,9772.0,9788.0,,,,,9529.05,False
2017-02-20,TX201703,9786.0,9814.0,9737.0,9766.0,,,,,9553.05,False
2017-02-21,TX201703,9777.0,9785.0,9728.0,9766.0,,,,,9574.3,False
2017-02-22,TX201703,9783.0,9827.0,9767.0,9783.0,,,,,9596.45,False
2017-02-23,TX201703,9780.0,9820.0,9755.0,9772.0,,,,,9619.75,False
2017-02-24,TX201703,9770.0,9786.0,9730.0,9761.0,,,,,9641.3,False
2017-03-01,TX201703,9766.0,9770.0,9678.0,9682.0,,,,,9655.05,False
2017-03-02,TX201703,9761.0,9784.0,9643.0,9691.0,,,,,9667.3,False
2017-03-03,TX201703,9648.0,9672.0,9623.0,9629.0,,,,,9680.0,False
2017-03-06,TX201703,9639.0,9684.0,9619.0,9683.0,,,,,9692.2,False
2017-03-07,TX201703,9693.0,9734.0,9682.0,9727.0,,,,,9703.3,False
2017-03-08,TX201703,9736.0,9765.0,9701.0,9748.0,,,,,9714.7,False
2017-03-09,TX201703,9739.0,9742.0,9642.0,9652.0,,,,,9721.55,False
2017-03-10,TX201703,9647.0,9652.0,9555.0,9625.0,,,,,9724.0,False
2017-03-13,TX201703,9644.0,9698.0,9643.0,9692.0,,,,,9725.7,False
2017-03-14,TX201703,9713.0,9767.0,9711.0,9749.0,,,,,9727.9,False
2017-03-15,TX201703,9742.0,9752.0,9715.0,9732.0,,,,,9729.0,False
2017-03-16,TX201704,9805.0,9852.0,9782.0,9840.0,,,,,9731.0,False
2017-03-17,TX201704,9850.0,9896.0,9837.0,9890.0,,,,,9736.9,False
2017-03-20,TX201704,9870.0,9908.0,9855.0,9895.0,,,,,9743.55,False
2017-03-21,TX201704,9926.0,9980.0,9916.0,9962.0,,,,,9752.25,False
2017-03-22,TX201704,9890.0,9907.0,9851.0,9898.0,,,,,9758.85,False
2017-03-23,TX201704,9941.0,9952.0,9879.0,9909.0,,,,,9766.0,False
2017-03-24,TX201704,9927.0,9928.0,9883.0,9901.0,,,,,9771.9,False
2017-03-27,TX201704,9878.0,9917.0,9844.0,9865.0,,,,,9776.55,False
2017-03-28,TX201704,9920.0,9927.0,9805.0,9883.0,,,,,9782.65,False
2017-03-29,TX201704,9902.0,9904.0,9851.0,9862.0,,,,,9791.65,False
2017-03-30,TX201704,9864.0,9888.0,9834.0,9850.0,,,,,9799.6,False
2017-03-31,TX201704,9858.0,9872.0,9812.0,9821.0,,,,,9809.2,False
2017-04-05,TX201704,9849.0,9968.0,9843.0,9961.0,,,,,9823.1,False
2017-04-06,TX201704,9930.0,9941.0,9880.0,9897.0,,,,,9831.6,False
2017-04-07,TX201704,9903.0,9905.0,9772.0,9863.0,,,,,9837.35,False
2017-04-10,TX201704,9868.0,9892.0,9843.0,9876.0,,,,,9848.55,False
2017-04-11,TX201704,9866.0,9895.0,9807.0,9816.0,,,,,9858.1,False
2017-04-12,TX201704,9818.0,9830.0,9776.0,9814.0,,,,,9864.2,False
2017-04-13,TX201704,9802.0,9869.0,9792.0,9846.0,,,,,9869.05,False
2017-04-14,TX201704,9806.0,9808.0,9711.0,9716.0,,,,,9868.25,False
2017-04-17,TX201704,9740.0,9754.0,9680.0,9722.0,,,,,9862.35,False
2017-04-18,TX201704,9757.0,9772.0,9721.0,9737.0,,,,,9854.7,False
2017-04-19,TX201704,9700.0,9707.0,9632.0,9638.0,,,,,9841.85,False
2017-04-20,TX201705,9598.0,9640.0,9584.0,9615.0,,,,,9824.5,False
2017-04-21,TX201705,9665.0,9706.0,9655.0,9697.0,,,,,9814.45,False
2017-04-24,TX201705,9747.0,9766.0,9684.0,9705.0,,,,,9804.25,False
2017-04-25,TX201705,9746.0,9827.0,9728.0,9813.0,,,,,9799.85,False
2017-04-26,TX201705,9855.0,9871.0,9826.0,9841.0,,,,,9798.65,False
2017-04-27,TX201705,9829.0,9850.0,9808.0,9839.0,,,,,9796.45,False
2017-04-28,TX201705,9847.0,9884.0,9834.0,9857.0,,,,,9796.2,False
2017-05-02,TX201705,9899.0,9950.0,9897.0,9932.0,,,,,9800.3,False
2017-05-03,TX201705,9946.0,9966.0,9934.0,9936.0,,,,,9806.05,False
2017-05-04,TX201705,9951.0,9965.0,9918.0,9959.0,,,,,9805.95,False
2017-05-05,TX201705,9946.0,9951.0,9879.0,9889.0,,,,,9805.55,False
2017-05-08,TX201705,9929.0,9959.0,9895.0,9921.0,,,,,9808.45,False
2017-05-09,TX201705,9916.0,9994.0,9898.0,9904.0,,,,,9809.85,False
2017-05-10,TX201705,9938.0,9959.0,9918.0,9947.0,,,,,9816.4,False
2017-05-11,TX201705,9962.0,9997.0,9946.0,9987.0,,,,,9825.05,False
2017-05-12,TX201705,9982.0,9996.0,9966.0,9981.0,,,,,9831.8,False
2017-05-15,TX201705,9990.0,10031.0,9975.0,10028.0,,,,,9847.4,False
2017-05-16,TX201705,10040.0,10054.0,10000.0,10022.0,,,,,9862.4,False
2017-05-17,TX201705,9993.0,10022.0,9975.0,10000.0,,,,,9875.55,False
2017-05-18,TX201706,9903.0,9958.0,9878.0,9951.0,,,,,9891.2,False
2017-05-19,TX201706,9968.0,9973.0,9931.0,9932.0,,,,,9907.05,False
2017-05-22,TX201706,9965.0,9980.0,9942.0,9975.0,,,,,9920.95,False
2017-05-23,TX201706,9984.0,10017.0,9968.0,9994.0,,,,,9935.4,False
2017-05-24,TX201706,10007.0,10030.0,9998.0,10020.0,,,,,9945.75,False
2017-05-25,TX201706,10042.0,10110.0,10040.0,10107.0,,,,,9959.05,False
2017-05-26,TX201706,10130.0,10131.0,10080.0,10093.0,,,,,9971.75,False
2017-05-31,TX201706,10085.0,10105.0,10023.0,10031.0,,,,,9980.45,False
2017-06-01,TX201706,10030.0,10075.0,10023.0,10069.0,,,,,9987.3,False
2017-06-02,TX201706,10113.0,10137.0,10105.0,10135.0,,,,,9997.25,False
2017-06-03,TX201706,10147.0,10160.0,10137.0,10157.0,,,,,10007.15,False
2017-06-05,TX201706,10148.0,10207.0,10115.0,10200.0,,,,,10022.7,False
2017-06-06,TX201706,10196.0,10206.0,10184.0,10185.0,,,,,10035.9,False
2017-06-07,TX201706,10180.0,10229.0,10165.0,10192.0,,,,,10050.3,False
2017-06-08,TX201706,10204.0,10218.0,10184.0,10211.0,,,,,10063.5,False
2017-06-09,TX201706,10230.0,10252.0,10186.0,10192.0,,,,,10073.75,False
2017-06-12,TX201706,10129.0,10159.0,10110.0,10120.0,,,,,10080.7,False
2017-06-13,TX201706,10123.0,10143.0,10106.0,10137.0,,,,,10086.15,False
2017-06-14,TX201706,10161.0,10165.0,10021.0,10065.0,,,,,10088.3,False
2017-06-15,TX201706,10051.0,10075.0,10018.0,10073.0,,,,,10091.95,False
2017-06-16,TX201706,10078.0,10159.0,10061.0,10146.0,,,,,10101.7,False
2017-06-19,TX201706,10164.0,10251.0,10160.0,10239.0,,,,,10117.05,False
2017-06-20,TX201706,10276.0,10353.0,10268.0,10322.0,,,,,10134.4,False
2017-06-21,TX201706,10273.0,10371.0,10267.0,10369.0,,,,,10153.15,False
2017-06-22,TX201707,10198.0,10234.0,10174.0,10231.0,,,,,10163.7,False
2017-06-23,TX201707,10221.0,10245.0,10193.0,10215.0,,,,,10169.1,False
2017-06-26,TX201707,10207.0,10395.0,10202.0,10381.0,,,,,10183.5,False
2017-06-27,TX201707,10390.0,10412.0,10353.0,10368.0,,,,,10200.35,False
2017-06-28,TX201707,10303.0,10342.0,10247.0,10261.0,,,,,10209.95,False
2017-06-29,TX201707,10325.0,10356.0,10260.0,10297.0,,,,,10218.05,False
2017-06-30,TX201707,10220.0,10263.0,10196.0,10252.0,,,,,10222.8,False
2017-07-03,TX201707,10260.0,10289.0,10231.0,10289.0,,,,,10227.25,False
2017-07-04,TX201707,10303.0,10306.0,10210.0,10217.0,,,,,10228.85,False
2017-07-05,TX201707,10215.0,10304.0,10171.0,10301.0,,,,,10234.3,False
2017-07-06,TX201707,10323.0,10329.0,10237.0,10267.0,,,,,10237.1,False
2017-07-07,TX201707,10225.0,10246.0,10195.0,10203.0,,,,,10237.65,False
2017-07-10,TX201707,10226.0,10242.0,10180.0,10210.0,,,,,10242.15,False
2017-07-11,TX201707,10232.0,10356.0,10228.0,10342.0,,,,,10252.4,False
2017-07-12,TX201707,10346.0,10383.0,10330.0,10339.0,,,,,10266.1,False
2017-07-13,TX201707,10393.0,10442.0,10371.0,10420.0,,,,,10283.45,False
2017-07-14,TX201707,10420.0,10424.0,10391.0,10403.0,,,,,10296.3,False
2017-07-17,TX201707,10458.0,10480.0,10414.0,10436.0,,,,,10306.15,False
2017-07-18,TX201707,10427.0,10466.0,10407.0,10462.0,,,,,10313.15,False
2017-07-19,TX201707,10479.0,10541.0,10471.0,10500.0,,,,,10319.7,False
2017-07-20,TX201708,10411.0,10420.0,10370.0,10390.0,,,,,10327.65,False
2017-07-21,TX201708,10378.0,10383.0,10324.0,10329.0,,,,,10333.35,False
2017-07-24,TX201708,10300.0,10364.0,10285.0,10362.0,,,,,10332.4,False
2017-07-25,TX201708,10373.0,10387.0,10338.0,10363.0,,,,,10332.15,False
2017-07-26,TX201708,10386.0,10421.0,10320.0,10329.0,,,,,10335.55,False
2017-07-27,TX201708,10365.0,10462.0,10362.0,10448.0,,,,,10343.1,False
2017-07-28,TX201708,10395.0,10403.0,10324.0,10340.0,,,,,10347.5,False
2017-07-31,TX201708,10333.0,10363.0,10289.0,10355.0,,,,,10350.8,False
2017-08-01,TX201708,10368.0,10424.0,10361.0,10367.0,,,,,10358.3,False
2017-08-02,TX201708,10420.0,10471.0,10415.0,10453.0,,,,,10365.9,False
2017-08-03,TX201708,10420.0,10430.0,9408.0,10406.0,,,,,10372.85,False
2017-08-04,TX201708,10401.0,10456.0,10401.0,10439.0,,,,,10384.65,False
2017-08-07,TX201708,10476.0,10539.0,10475.0,10529.0,,,,,10400.6,False
2017-08-08,TX201708,10558.0,10567.0,10485.0,10526.0,,,,,10409.8,False
2017-08-09,TX201708,10466.0,10497.0,10436.0,10453.0,,,,,10415.5,False
2017-08-10,TX201708,10477.0,10484.0,10308.0,10328.0,,,,,10410.9,False
2017-08-11,TX201708,10228.0,10326.0,10225.0,10300.0,,,,,10405.75,False
2017-08-14,TX201708,10344.0,10357.0,10223.0,10231.0,,,,,10395.5,False
2017-08-15,TX201708,10310.0,10331.0,10261.0,10309.0,,,,,10387.85,False
2017-08-16,TX201708,10277.0,10319.0,10235.0,10254.0,,,,,10375.55,False
2017-08-17,TX201709,10258.0,10324.0,10245.0,10298.0,,,,,10370.95,False
2017-08-18,TX201709,10230.0,10265.0,10200.0,10259.0,,,,,10367.45,False
2017-08-21,TX201709,10259.0,10280.0,10217.0,10269.0,,,,,10362.8,False
2017-08-22,TX201709,10316.0,10369.0,10305.0,10350.0,,,,,10362.15,False
2017-08-23,TX201709,10401.0,10414.0,10341.0,10361.0,,,,,10363.75,False
2017-08-24,TX201709,10372.0,10460.0,10365.0,10449.0,,,,,10363.8,False
2017-08-25,TX201709,10471.0,10490.0,10431.0,10487.0,,,,,10371.15,False
2017-08-28,TX201709,10466.0,10515.0,10457.0,10490.0,,,,,10377.9,False
2017-08-29,TX201709,10451.0,10478.0,10421.0,10463.0,,,,,10382.7,False
2017-08-30,TX201709,10508.0,10552.0,10493.0,10531.0,,,,,10386.6,False
2017-08-31,TX201709,10560.0,10581.0,10532.0,10551.0,,,,,10393.85,False
2017-09-01,TX201709,10571.0,10598.0,10540.0,10576.0,,,,,10400.7,False
2017-09-04,TX201709,10550.0,10579.0,10533.0,10552.0,,,,,10401.85,False
2017-09-05,TX201709,10575.0,10590.0,10528.0,10582.0,,,,,10404.65,False
2017-09-06,TX201709,10540.0,10570.0,10483.0,10519.0,,,,,10407.95,False
2017-09-07,TX201709,10551.0,10568.0,10477.0,10490.0,,,,,10416.05,False
2017-09-08,TX201709,10501.0,10571.0,10495.0,10556.0,,,,,10428.85,False
2017-09-11,TX201709,10628.0,10635.0,10535.0,10565.0,,,,,10445.55,False
2017-09-12,TX201709,10604.0,10614.0,10564.0,10590.0,,,,,10459.6,False
2017-09-13,TX201709,10595.0,10603.0,10510.0,10521.0,,,,,10472.95,False
2017-09-14,TX201709,10520.0,10545.0,10486.0,10529.0,,,,,10484.5,False
2017-09-15,TX201709,10528.0,10570.0,10491.0,10566.0,,,,,10499.85,False
2017-09-18,TX201709,10605.0,10649.0,10582.0,10636.0,,,,,10518.2,False
2017-09-19,TX201709,10647.0,10658.0,10568.0,10580.0,,,,,10529.7,False
2017-09-20,TX201709,10572.0,10585.0,10490.0,10510.0,,,,,10537.15,False
2017-09-21,TX201710,10505.0,10583.0,10473.0,10575.0,,,,,10543.45,False
2017-09-22,TX201710,10554.0,10568.0,10427.0,10433.0,,,,,10540.75,False
2017-09-25,TX201710,10426.0,10453.0,10315.0,10333.0,,,,,10532.9,False
2017-09-26,TX201710,10299.0,10369.0,10261.0,10264.0,,,,,10522.95,False
2017-09-27,TX201710,10300.0,10340.0,10290.0,10319.0,,,,,10512.35,False
2017-09-28,TX201710,10349.0,10350.0,10266.0,10299.0,,,,,10499.75,False
2017-09-29,TX201710,10299.0,10328.0,10263.0,10321.0,,,,,10487.0,False
2017-09-30,TX201710,10360.0,10394.0,10354.0,10380.0,,,,,10478.4,False
2017-10-02,TX201710,10392.0,10458.0,10386.0,10449.0,,,,,10471.75,False
2017-10-03,TX201710,10470.0,10475.0,10427.0,10462.0,,,,,10468.9,False
2017-10-05,TX201710,10460.0,10519.0,10438.0,10505.0,,,,,10469.65,False
2017-10-06,TX201710,10537.0,10542.0,10496.0,10524.0,,,,,10468.05,False
2017-10-11,TX201710,10556.0,10648.0,10555.0,10633.0,,,,,10471.45,False
2017-10-12,TX201710,10657.0,10705.0,10640.0,10697.0,,,,,10476.8,False
2017-10-13,TX201710,10688.0,10713.0,10670.0,10711.0,,,,,10486.3,False
2017-10-16,TX201710,10745.0,10763.0,10710.0,10757.0,,,,,10497.7,False
2017-10-17,TX201710,10776.0,10781.0,10720.0,10724.0,,,,,10505.6,False
2017-10-18,TX201710,10745.0,10783.0,10686.0,10727.0,,,,,10510.15,False
2017-10-19,TX201711,10748.0,10800.0,10733.0,10761.0,,,,,10519.2,False
2017-10-20,TX201711,10736.0,10764.0,10700.0,10732.0,,,,,10530.3,False
2017-10-23,TX201711,10764.0,10786.0,10720.0,10736.0,,,,,10538.35,False
2017-10-24,TX201711,10725.0,10758.0,10709.0,10744.0,,,,,10553.9,False
2017-10-25,TX201711,10769.0,10782.0,10728.0,10739.0,,,,,10574.2,False
2017-10-26,TX201711,10715.0,10750.0,10693.0,10728.0,,,,,10597.4,False
2017-10-27,TX201711,10748.0,10792.0,10684.0,10710.0,,,,,10616.95,False
2017-10-30,TX201711,10763.0,10820.0,10724.0,10748.0,,,,,10639.4,False
2017-10-31,TX201711,10754.0,10800.0,10730.0,10783.0,,,,,10662.5,False
2017-11-01,TX201711,10820.0,10826.0,10775.0,10809.0,,,,,10683.95,False
2017-11-02,TX201711,10770.0,10806.0,10758.0,10781.0,,,,,10700.55,False
2017-11-03,TX201711,10806.0,10810.0,10747.0,10788.0,,,,,10716.85,False
2017-11-06,TX201711,10793.0,10828.0,10745.0,10771.0,,,,,10730.15,False
2017-11-07,TX201711,10789.0,10825.0,10778.0,10825.0,,,,,10745.2,False
2017-11-08,TX201711,10810.0,10824.0,10796.0,10804.0,,,,,10753.75,False
2017-11-09,TX201711,10812.0,10823.0,10706.0,10723.0,,,,,10755.05,False
2017-11-10,TX201711,10687.0,10737.0,10662.0,10728.0,,,,,10755.9,False
2017-11-13,TX201711,10710.0,10726.0,10688.0,10693.0,,,,,10752.7,False
2017-11-14,TX201711,10695.0,10715.0,10638.0,10684.0,,,,,10750.7,False
2017-11-15,TX201711,10645.0,10658.0,10602.0,10638.0,,,,,10746.25,False
2017-11-16,TX201712,10587.0,10634.0,10579.0,10617.0,,,,,10739.05,False
2017-11-17,TX201712,10690.0,10710.0,10672.0,10707.0,,,,,10737.8,False
2017-11-20,TX201712,10714.0,10719.0,10654.0,10667.0,,,,,10734.35,False
2017-11-21,TX201712,10695.0,10788.0,10682.0,10788.0,,,,,10736.55,False
2017-11-22,TX201712,10825.0,10877.0,10807.0,10827.0,,,,,10740.95,False
2017-11-23,TX201712,10826.0,10857.0,10810.0,10856.0,,,,,10747.35,False
2017-11-24,TX201712,10841.0,10856.0,10829.0,10856.0,,,,,10754.65,False
2017-11-27,TX201712,10841.0,10848.0,10737.0,10750.0,,,,,10754.75,False
2017-11-28,TX201712,10735.0,10753.0,10695.0,10708.0,,,,,10751.0,False
2017-11-29,TX201712,10747.0,10763.0,10708.0,10729.0,,,,,10747.0,False
2017-11-30,TX201712,10650.0,10658.0,10569.0,10574.0,,,,,10736.65,False
2017-12-01,TX201712,10607.0,10664.0,10495.0,10604.0,,,,,10727.45,False
2017-12-04,TX201712,10604.0,10651.0,10564.0,10649.0,,,,,10721.35,False
2017-12-05,TX201712,10595.0,10627.0,10546.0,10573.0,,,,,10708.75,False
2017-12-06,TX201712,10540.0,10557.0,10375.0,10386.0,,,,,10687.85,False
2017-12-07,TX201712,10388.0,10427.0,10331.0,10360.0,,,,,10669.7,False
2017-12-08,TX201712,10388.0,10413.0,10336.0,10397.0,,,,,10653.15,False
2017-12-11,TX201712,10416.0,10497.0,10415.0,10479.0,,,,,10642.45,False
2017-12-12,TX201712,10496.0,10498.0,10386.0,10432.0,,,,,10629.85,False
2017-12-13,TX201712,10433.0,10475.0,10421.0,10449.0,,,,,10620.4,False
2017-12-14,TX201712,10508.0,10582.0,10498.0,10528.0,,,,,10615.95,False
2017-12-15,TX201712,10510.0,10515.0,10421.0,10485.0,,,,,10604.85,False
2017-12-18,TX201712,10527.0,10531.0,10456.0,10502.0,,,,,10596.6,False
2017-12-19,TX201712,10522.0,10530.0,10443.0,10459.0,,,,,10580.15,False
2017-12-20,TX201712,10457.0,10509.0,10457.0,10497.0,,,,,10563.65,False
2017-12-21,TX201801,10492.0,10539.0,10475.0,10497.0,,,,,10545.7,False
2017-12-22,TX201801,10498.0,10535.0,10473.0,10535.0,,,,,10529.65,False
2017-12-25,TX201801,10549.0,10564.0,10520.0,10526.0,,,,,10518.45,False
2017-12-26,TX201801,10540.0,10541.0,10406.0,10416.0,,,,,10503.85,False
2017-12-27,TX201801,10398.0,10485.0,10393.0,10476.0,,,,,10491.2,False
2017-12-28,TX201801,10495.0,10593.0,10494.0,10562.0,,,,,10490.6,False
2017-12-29,TX201801,10593.0,10644.0,10576.0,10636.0,,,,,10492.2,False
2018-01-02,TX201801,10629.0,10710.0,10621.0,10709.0,,,,,10495.2,False
2018-01-03,TX201801,10748.0,10797.0,10729.0,10789.0,,,,,10506.0,False
2018-01-04,TX201801,10831.0,10840.0,10770.0,10837.0,,,,,10528.55,False
2018-01-05,TX201801,10838.0,10867.0,10801.0,10857.0,,,,,10553.4,False
2018-01-08,TX201801,10886.0,10900.0,10843.0,10886.0,,,,,10577.85,False
2018-01-09,TX201801,10889.0,10909.0,10850.0,10881.0,,,,,10597.95,False
2018-01-10,TX201801,10885.0,10904.0,10806.0,10809.0,,,,,10616.8,False
2018-01-11,TX201801,10808.0,10834.0,10765.0,10801.0,,,,,10634.4,False
2018-01-12,TX201801,10824.0,10898.0,10818.0,10876.0,,,,,10651.8,False
2018-01-15,TX201801,10930.0,10958.0,10902.0,10955.0,,,,,10675.3,False
2018-01-16,TX201801,10939.0,10986.0,10918.0,10983.0,,,,,10699.35,False
2018-01-17,TX201801,10955.0,11024.0,10940.0,11020.0,,,,,10727.4,False
2018-01-18,TX201802,11063.0,11137.0,11036.0,11054.0,,,,,10755.25,False
2018-01-19,TX201802,11096.0,11142.0,11080.0,11139.0,,,,,10787.35,False
2018-01-22,TX201802,11136.0,11225.0,11113.0,11222.0,,,,,10821.7,False
2018-01-23,TX201802,11241.0,11253.0,11181.0,11225.0,,,,,10856.65,False
2018-01-24,TX201802,11199.0,11203.0,11090.0,11126.0,,,,,10892.15,False
2018-01-25,TX201802,11117.0,11271.0,11116.0,11154.0,,,,,10926.05,False
2018-01-26,TX201802,11170.0,11186.0,11079.0,11146.0,,,,,10955.25,False
2018-01-29,TX201802,11215.0,11238.0,11155.0,11196.0,,,,,10983.25,False
2018-01-30,TX201802,11164.0,11190.0,11064.0,11064.0,,,,,11001.0,False
2018-01-31,TX201802,11050.0,11144.0,11017.0,11098.0,,,,,11016.45,False
2018-02-01,TX201802,11127.0,11199.0,11112.0,11160.0,,,,,11032.6,False
2018-02-02,TX201802,11111.0,11132.0,11041.0,11116.0,,,,,11045.55,False
2018-02-05,TX201802,10888.0,10952.0,10848.0,10928.0,,,,,11047.65,False
2018-02-06,TX201802,10643.0,10663.0,10242.0,10399.0,,,,,11023.55,False
2018-02-07,TX201802,10600.0,10669.0,10510.0,10517.0,,,,,11008.95,False
2018-02-08,TX201802,10526.0,10595.0,10492.0,10518.0,,,,,10994.8,False
2018-02-09,TX201802,10203.0,10368.0,10121.0,10353.0,,,,,10968.65,False
2018-02-12,TX201802,10420.0,10438.0,10377.0,10410.0,,,,,10941.4,False
2018-02-21,TX201802,10630.0,10718.0,10591.0,10705.0,,,,,10927.5,False
2018-02-22,TX201803,10646.0,10655.0,10593.0,10626.0,,,,,10907.8,False
2018-02-23,TX201803,10680.0,10789.0,10676.0,10781.0,,,,,10894.15,False
2018-02-26,TX201803,10867.0,10868.0,10801.0,10822.0,,,,,10878.3,False
2018-02-27,TX201803,10890.0,10914.0,10784.0,10791.0,,,,,10856.75,False
2018-03-01,TX201803,10604.0,10778.0,10600.0,10735.0,,,,,10832.25,False
2018-03-02,TX201803,10614.0,10696.0,10579.0,10681.0,,,,,10810.0,False
2018-03-05,TX201803,10695.0,10741.0,10598.0,10635.0,,,,,10784.05,False
2018-03-06,TX201803,10730.0,10789.0,10712.0,10787.0,,,,,10766.1,False
2018-03-07,TX201803,10712.0,10817.0,10700.0,10712.0,,,,,10741.9,False
2018-03-08,TX201803,10778.0,10847.0,10767.0,10829.0,,,,,10730.15,False
2018-03-09,TX201803,10906.0,10910.0,10827.0,10865.0,,,,,10718.5,False
2018-03-12,TX201803,10965.0,11025.0,10948.0,11024.0,,,,,10711.7,False
2018-03-13,TX201803,11028.0,11103.0,11013.0,11100.0,,,,,10710.9,False
2018-03-14,TX201803,11048.0,11066.0,11003.0,11031.0,,,,,10716.05,False
2018-03-15,TX201803,10994.0,11068.0,10985.0,11041.0,,,,,10748.15,False
2018-03-16,TX201803,11038.0,11043.0,10923.0,11018.0,,,,,10773.2,False
2018-03-19,TX201803,10975.0,11054.0,10959.0,11028.0,,,,,10798.7,False
2018-03-20,TX201803,10973.0,11025.0,10957.0,11012.0,,,,,10831.65,False
2018-03-21,TX201803,11030.0,11073.0,11011.0,11044.0,,,,,10863.35,False
2018-03-22,TX201804,11036.0,11122.0,10961.0,10989.0,,,,,10877.55,False
2018-03-23,TX201804,10730.0,10816.0,10718.0,10734.0,,,,,10882.95,False
2018-03-26,TX201804,10693.0,10847.0,10682.0,10840.0,,,,,10885.9,False
2018-03-27,TX201804,10948.0,10991.0,10906.0,10989.0,,,,,10894.25,False
2018-03-28,TX201804,10879.0,10910.0,10809.0,10820.0,,,,,10895.7,False
2018-03-29,TX201804,10830.0,10859.0,10773.0,10840.0,,,,,10900.95,False
2018-03-30,TX201804,10921.0,10974.0,10904.0,10919.0,,,,,10912.85,False
2018-03-31,TX201804,10947.0,10949.0,10912.0,10926.0,,,,,10927.4,False
2018-04-02,TX201804,10920.0,10958.0,10843.0,10865.0,,,,,10931.3,False
2018-04-03,TX201804,10774.0,10807.0,10738.0,10784.0,,,,,10934.9,False
2018-04-09,TX201804,10838.0,10911.0,10813.0,10904.0,,,,,10938.65,False
2018-04-10,TX201804,10874.0,10993.0,10852.0,10949.0,,,,,10942.85,False
2018-04-11,TX201804,10959.0,11007.0,10948.0,10979.0,,,,,10940.6,False
2018-04-12,TX201804,10993.0,11024.0,10905.0,10943.0,,,,,10932.75,False
2018-04-13,TX201804,10966.0,10988.0,10920.0,10955.0,,,,,10928.95,False
2018-04-16,TX201804,10975.0,10976.0,10908.0,10943.0,,,,,10924.05,False
2018-04-17,TX201804,10958.0,10963.0,10802.0,10806.0,,,,,10913.45,False
2018-04-18,TX201804,10849.0,10909.0,10789.0,10845.0,,,,,10904.3,False
2018-04-19,TX201805,10856.0,10975.0,10852.0,10969.0,,,,,10902.15,False
2018-04-20,TX201805,10869.0,10870.0,10776.0,10788.0,,,,,10889.35,False
2018-04-23,TX201805,10731.0,10767.0,10687.0,10694.0,,,,,10874.6,False
2018-04-24,TX201805,10692.0,10694.0,10547.0,10583.0,,,,,10867.05,False
2018-04-25,TX201805,10487.0,10558.0,10468.0,10535.0,,,,,10851.8,False
2018-04-26,TX201805,10601.0,10621.0,10470.0,10476.0,,,,,10826.15,False
2018-04-27,TX201805,10561.0,10565.0,10483.0,10561.0,,,,,10813.2,False
2018-04-30,TX201805,10593.0,10655.0,10537.0,10655.0,,,,,10803.95,False
2018-05-02,TX201805,10631.0,10670.0,10597.0,10609.0,,,,,10788.45,False
2018-05-03,TX201805,10560.0,10575.0,10488.0,10506.0,,,,,10767.45,False
2018-05-04,TX201805,10506.0,10544.0,10468.0,10523.0,,,,,10750.35,False
2018-05-07,TX201805,10599.0,10615.0,10529.0,10595.0,,,,,10740.9,False
2018-05-08,TX201805,10597.0,10672.0,10580.0,10669.0,,,,,10729.15,False
2018-05-09,TX201805,10685.0,10731.0,10666.0,10704.0,,,,,10716.9,False
2018-05-10,TX201805,10732.0,10771.0,10723.0,10763.0,,,,,10706.1,False
2018-05-11,TX201805,10819.0,10865.0,10806.0,10861.0,,,,,10702.0,False
2018-05-14,TX201805,10926.0,10968.0,10891.0,10958.0,,,,,10702.15,False
2018-05-15,TX201805,10946.0,10961.0,10857.0,10869.0,,,,,10698.45,False
2018-05-16,TX201805,10845.0,10907.0,10839.0,10872.0,,,,,10701.75,False
2018-05-17,TX201806,10920.0,10928.0,10823.0,10826.0,,,,,10700.8,False
2018-05-18,TX201806,10834.0,10873.0,10805.0,10820.0,,,,,10693.35,False
2018-05-21,TX201806,10865.0,10966.0,10863.0,10965.0,,,,,10702.2,False
2018-05-22,TX201806,10969.0,10999.0,10913.0,10922.0,,,,,10713.6,False
2018-05-23,TX201806,10933.0,10998.0,10855.0,10858.0,,,,,10727.35,False
2018-05-24,TX201806,10879.0,10923.0,10851.0,10917.0,,,,,10746.45,False
2018-05-25,TX201806,10921.0,10956.0,10890.0,10932.0,,,,,10769.25,False
2018-05-28,TX201806,10979.0,10989.0,10937.0,10983.0,,,,,10790.35,False
2018-05-29,TX201806,10979.0,10982.0,10896.0,10928.0,,,,,10804.0,False
2018-05-30,TX201806,10833.0,10848.0,10761.0,10775.0,,,,,10812.3,False
2018-05-31,TX201806,10836.0,10870.0,10821.0,10867.0,,,,,10830.35,False
2018-06-01,TX201806,10854.0,10925.0,10844.0,10915.0,,,,,10849.95,False
2018-06-04,TX201806,10976.0,11095.0,10976.0,11085.0,,,,,10874.45,False
2018-06-05,TX201806,11101.0,11118.0,11035.0,11069.0,-0.011184052584087353,-1351.0,120797.0,,10894.45,False
2018-06-06,TX201806,11095.0,11210.0,11088.0,11200.0,0.029548358311870044,4371.0,147927.0,,10919.25,False
2018-06-07,TX201806,11245.0,11253.0,11174.0,11227.0,-0.015713449838917752,-2229.0,141853.0,,10942.45,False
2018-06-08,TX201806,11205.0,11215.0,11103.0,11125.0,-0.018679330619629127,-2478.0,132660.0,,10955.65,False
2018-06-11,TX201806,11151.0,11173.0,11098.0,11128.0,-0.017173395900544203,-2108.0,122748.0,,10964.15,False
2018-06-12,TX201806,11148.0,11152.0,11054.0,11141.0,0.00031009970898335004,52.0,167688.0,,10977.75,False
2018-06-13,TX201806,11152.0,11169.0,11095.0,11146.0,0.003192209718505143,396.0,124052.0,,10991.45,False
2018-06-14,TX201806,11101.0,11106.0,10984.0,10985.0,-0.04159322588265223,-6867.0,165099.0,,10999.4,False
2018-06-15,TX201806,11001.0,11075.0,10961.0,11055.0,0.0037642200008334067,813.0,215981.0,,11011.15,False
2018-06-19,TX201806,10943.0,10958.0,10871.0,10874.0,-0.010807703876656968,-3629.0,335779.0,,11006.6,False
2018-06-20,TX201806,10904.0,10951.0,10850.0,10936.0,-0.01582144551839708,-3701.0,233923.0,,11007.3,False
2018-06-21,TX201807,10725.0,10745.0,10688.0,10706.0,-0.022644998511228472,-2890.0,127622.0,,10999.7,False
2018-06-22,TX201807,10630.0,10685.0,10581.0,10655.0,-0.02045738675826188,-3240.0,158378.0,,10986.6,False
2018-06-25,TX201807,10624.0,10660.0,10583.0,10584.0,0.009499005360666607,1189.0,125171.0,,10969.2,False
2018-06-26,TX201807,10550.0,10596.0,10484.0,10592.0,-0.007468983405731429,-1434.0,191994.0,,10949.65,False
2018-06-27,TX201807,10585.0,10625.0,10538.0,10554.0,0.013542680604342121,1920.0,141774.0,,10930.95,False
2018-06-28,TX201807,10513.0,10578.0,10484.0,10523.0,-0.017338581002021063,-3260.0,188020.0,,10918.35,False
2018-06-29,TX201807,10541.0,10692.0,10526.0,10677.0,0.04073414255517812,7111.0,174571.0,,10908.85,False
2018-07-02,TX201807,10680.0,10719.0,10609.0,10611.0,0.00969604532084105,1424.0,146864.0,,10893.65,False
2018-07-03,TX201807,10651.0,10717.0,10544.0,10622.0,-0.010577962577962579,-2544.0,240500.0,-0.004958687744743515,10870.5,False
2018-07-04,TX201807,10598.0,10639.0,10584.0,10618.0,-0.006011635870580341,-869.0,144553.0,-0.004700066909068165,10847.95,False
2018-07-05,TX201807,10625.0,10633.0,10488.0,10500.0,-0.03760703787330124,-7062.0,187784.0,-0.008057836718326727,10812.95,False
2018-07-06,TX201807,10535.0,10556.0,10414.0,10539.0,0.016761958122694647,3949.0,235593.0,-0.006434066320246108,10778.55,False
2018-07-09,TX201807,10583.0,10676.0,10582.0,10661.0,0.031221837499407105,5266.0,168664.0,-0.003939007914294296,10755.35,False
2018-07-10,TX201807,10733.0,10744.0,10680.0,10709.0,0.02273642175096211,2824.0,124206.0,-0.001943517031718981,10734.4,False
2018-07-11,TX201807,10608.0,10656.0,10574.0,10617.0,-0.013817358260471903,-2538.0,183682.0,-0.0026498899301917434,10708.2,False
2018-07-12,TX201807,10640.0,10750.0,10609.0,10740.0,0.027565641137537275,4548.0,164988.0,-0.001431218359240137,10687.9,False
2018-07-13,TX201807,10808.0,10850.0,10768.0,10848.0,0.006557160286808148,1091.0,166383.0,0.000976300949232882,10681.05,True
2018-07-16,TX201807,10854.0,10874.0,10807.0,10815.0,0.0019177445331827918,462.0,240908.0,0.000883977175850351,10669.05,True
2018-07-17,TX201807,10809.0,10819.0,10756.0,10768.0,-0.018229584544596243,-4885.0,267971.0,0.0005128831424533874,10663.75,True
2018-07-18,TX201807,10829.0,10872.0,10791.0,10844.0,0.024817201971510588,4582.0,184630.0,0.002544815516948771,10659.15,True
2018-07-19,TX201808,10756.0,10792.0,10708.0,10721.0,0.016033778754721444,2305.0,143759.0,0.0044787543802462665,10659.9,True
2018-07-20,TX201808,10774.0,10847.0,10765.0,10824.0,0.025706493886814556,5618.0,218544.0,0.006786948412500088,10668.35,True
2018-07-23,TX201808,10846.0,10864.0,10794.0,10830.0,0.004721435316336166,725.0,153555.0,0.006548069910283566,10680.65,True
2018-07-24,TX201808,10841.0,10880.0,10802.0,10871.0,-0.007030781102632256,-820.0,116630.0,0.006569980025438525,10694.6,True
2018-07-25,TX201808,10860.0,10892.0,10851.0,10865.0,0.018001963850601883,1980.0,109988.0,0.006792944187751513,10710.15,True
2018-07-26,TX201808,10909.0,10926.0,10873.0,10915.0,0.01838656051859958,2201.0,119707.0,0.008579201263782546,10729.75,True
2018-07-27,TX201808,10928.0,10995.0,10918.0,10992.0,0.037698829794688526,4304.0,114168.0,0.008427435625758064,10745.5,True
2018-07-30,TX201808,10970.0,11007.0,10937.0,10940.0,-0.008719733542906328,-1165.0,133605.0,0.007506646682570696,10761.95,True
2018-07-31,TX201808,10931.0,10997.0,10913.0,10989.0,0.012907063966270919,1497.0,115983.0,0.008680898009782372,10780.3,True
2018-08-01,TX201808,11034.0,11057.0,11010.0,11047.0,0.008323060898814131,871.0,104649.0,0.009397632848252095,10801.75,True
2018-08-02,TX201808,11048.0,11048.0,10862.0,10871.0,-0.01975932611311673,-3284.0,166200.0,0.01029001843626132,10820.3,True
2018-08-03,TX201808,10934.0,10977.0,10928.0,10970.0,0.03490291262135922,4314.0,123600.0,0.01119706616119455,10841.85,True
2018-08-06,TX201808,10990.0,11036.0,10956.0,10982.0,-0.0038931879510296008,-567.0,145639.0,0.009441314888672715,10857.9,True
2018-08-07,TX201808,10986.0,11003.0,10951.0,10968.0,-0.006138437215710867,-695.0,113221.0,0.007997571940339064,10870.85,True
2018-08-08,TX201808,11000.0,11070.0,10997.0,11049.0,0.02055198691686477,2438.0,118626.0,0.0097160391992059,10892.45,True
2018-08-09,TX201808,11031.0,11038.0,10969.0,11017.0,-0.004309669976515182,-523.0,121355.0,0.008122273643503274,10906.3,True
2018-08-10,TX201808,10970.0,11022.0,10953.0,10959.0,-0.016125703435655416,-2344.0,145358.0,0.006988130457380097,10911.85,True
2018-08-13,TX201808,10909.0,10912.0,10692.0,10757.0,-0.03370157149525439,-11913.0,353485.0,0.005207164655958238,10908.95,False
2018-08-14,TX201808,10791.0,10831.0,10756.0,10820.0,0.003786118040302464,1067.0,281819.0,0.0063079497852031735,10911.55,False
2018-08-15,TX201808,10835.0,10841.0,10696.0,10737.0,-0.028612892654838257,-6112.0,213610.0,0.0036364450538857312,10906.2,False
2018-08-16,TX201809,10610.0,10724.0,10591.0,10690.0,-0.0011908131171001833,-223.0,187267.0,0.00277521546029465,10904.65,False
2018-08-17,TX201809,10723.0,10732.0,10647.0,10662.0,-0.013124335417859507,-1765.0,134483.0,0.0008336739950609469,10896.55,False
2018-08-20,TX201809,10687.0,10715.0,10652.0,10671.0,0.007339625747681502,1070.0,145784.0,0.0009645835166282137,10888.6,False
2018-08-21,TX201809,10698.0,10774.0,10682.0,10767.0,0.008590680232471276,1150.0,133866.0,0.0017456565833833906,10883.4,False
2018-08-22,TX201809,10752.0,10795.0,10733.0,10764.0,0.02746530204317801,3655.0,133077.0,0.0022188234930121966,10878.35,False
2018-08-23,TX201809,10795.0,10845.0,10758.0,10842.0,0.025835582035320208,3868.0,149716.0,0.002591274568848228,10874.7,False
2018-08-24,TX201809,10811.0,10830.0,10728.0,10788.0,-0.038537026492949725,-5753.0,149285.0,-0.0012205182455336846,10864.5,False
2018-08-27,TX201809,10831.0,10892.0,10820.0,10886.0,0.029275302225494893,4095.0,139879.0,0.0006792335428863764,10861.8,True
2018-08-28,TX201809,10945.0,10980.0,10935.0,10954.0,0.025955566542038747,3360.0,129452.0,0.0013316586716747678,10860.05,True
2018-08-29,TX201809,10977.0,11049.0,10968.0,11044.0,0.03983963235444522,5843.0,146663.0,0.002907487244456322,10859.9,True
2018-08-30,TX201809,11088.0,11135.0,11019.0,11023.0,0.03608456414711845,6230.0,172650.0,0.005699681757468081,10867.5,True
2018-08-31,TX201809,10975.0,11024.0,10953.0,11022.0,-0.0391000221669417,-6350.0,162404.0,0.001999535018053035,10870.1,True
2018-09-03,TX201809,11013.0,11045.0,10919.0,10935.0,-0.008186243178130685,-1332.0,162712.0,0.0017848822566979808,10867.75,True
2018-09-04,TX201809,10963.0,11004.0,10935.0,11002.0,0.00178009427379274,250.0,140442.0,0.0021808088311731613,10869.45,True
2018-09-05,TX201809,10973.0,11021.0,10948.0,10950.0,-0.0027631666555696117,-498.0,180228.0,0.001015051152551442,10864.5,True
2018-09-06,TX201809,10920.0,10950.0,10865.0,10901.0,0.003188548099532312,617.0,193505.0,0.0013899620563538168,10858.7,True
2018-09-07,TX201809,10864.0,10892.0,10803.0,10845.0,-0.015850526875055344,-3222.0,203274.0,0.0014037208843838207,10853.0,False
2018-09-10,TX201809,10865.0,10880.0,10708.0,10734.0,-0.04745310970324016,-11003.0,231871.0,0.0007161439739845323,10851.85,False
2018-09-11,TX201809,10758.0,10767.0,10682.0,10740.0,-0.017490392164965493,-3386.0,193592.0,-0.00034768153627886563,10847.85,False
2018-09-12,TX201809,10762.0,10772.0,10687.0,10726.0,-0.01410383471830449,-2590.0,183638.0,0.00037777136054782277,10847.3,False
2018-09-13,TX201809,10740.0,10779.0,10709.0,10717.0,-0.01171914806888821,-1955.0,166821.0,-0.0001486453870415786,10848.65,False
2018-09-14,TX201809,10784.0,10887.0,10771.0,10881.0,0.0550149178819396,11838.0,215178.0,0.003258317277948377,10859.6,True
2018-09-17,TX201809,10857.0,10868.0,10810.0,10823.0,-0.0378166584063514,-8088.0,213874.0,0.0010005030702467319,10867.2,False
2018-09-18,TX201809,10787.0,10818.0,10761.0,10781.0,-0.00570605103422175,-1568.0,274796.0,0.00028566650691208063,10867.9,False
2018-09-19,TX201809,10836.0,10875.0,10819.0,10873.0,0.0342912582382657,5125.0,149455.0,0.0006269643166664649,10873.35,False
2018-09-20,TX201810,10910.0,10922.0,10824.0,10848.0,-0.04413981195722386,-6150.0,139330.0,-0.0028718053829607385,10873.65,False
2018-09-21,TX201810,10905.0,10976.0,10854.0,10974.0,0.05330522606424818,8471.0,158915.0,0.0017203072448991569,10882.95,True
2018-09-25,TX201810,10960.0,10996.0,10935.0,10981.0,0.026409693162503602,2657.0,100607.0,0.0015770267917495924,10887.7,True
2018-09-26,TX201810,10963.0,10991.0,10949.0,10972.0,-0.009180691417885904,-977.0,106419.0,-0.00017978610624664015,10888.6,False
2018-09-27,TX201810,10955.0,11011.0,10936.0,10982.0,0.04616898104355065,6101.0,132145.0,0.00013668132820863105,10885.5,True
2018-09-28,TX201810,11011.0,11039.0,10921.0,10955.0,-0.03442534341470082,-5541.0,160957.0,-0.0033888140498823326,10882.1,False
2018-10-01,TX201810,10968.0,11018.0,10966.0,11006.0,0.055482398384689664,5056.0,91128.0,0.001340306977699236,10881.3,True
2018-10-02,TX201810,11006.0,11011.0,10873.0,10879.0,-0.09421219339807858,-14396.0,152804.0,-0.002960990533298159,10878.5,False
2018-10-03,TX201810,10880.0,10914.0,10845.0,10856.0,0.015576364988385178,2367.0,151961.0,-0.002271176997568537,10871.2,False
2018-10-04,TX201810,10823.0,10830.0,10688.0,10694.0,-0.07709624909084611,-13356.0,173238.0,-0.0059878311193323625,10858.4,False
2018-10-05,TX201810,10658.0,10673.0,10431.0,10506.0,-0.0028160433456798526,-869.0,308589.0,-0.006288060691592971,10838.65,False
2018-10-08,TX201810,10470.0,10530.0,10416.0,10461.0,0.0016650347220655455,369.0,221617.0,-0.005412282611736927,10819.45,False
2018-10-09,TX201810,10491.0,10508.0,10447.0,10460.0,0.004280109987093351,839.0,196023.0,-0.0028256216272202505,10805.75,False
2018-10-11,TX201810,10026.0,10080.0,9630.0,9642.0,0.024232556940709492,11282.0,465572.0,-0.0007394741719365013,10750.85,False
2018-10-12,TX201810,9736.0,10021.0,9683.0,9948.0,0.024826235189964022,10544.0,424712.0,0.0012070293234769242,10711.95,False
2018-10-15,TX201810,9899.0,9927.0,9854.0,9860.0,-0.003366322063205916,-1098.0,326172.0,0.0016246706237610393,10669.1,False
2018-10-16,TX201810,9885.0,9992.0,9868.0,9951.0,0.002066812890163658,784.0,379328.0,-0.001022734625827758,10622.6,False
2018-10-17,TX201810,10082.0,10114.0,9987.0,9993.0,-0.006514388759486062,-1734.0,266180.0,0.000542378856515509,10581.1,False
2018-10-18,TX201811,9923.0,9986.0,9878.0,9884.0,-0.008943432002528178,-1698.0,189860.0,0.0003805098081001874,10536.25,False
2018-10-19,TX201811,9753.0,9914.0,9747.0,9905.0,0.015344879350834693,3731.0,243143.0,-0.0005668091362713626,10487.85,False
2018-10-22,TX201811,9813.0,9972.0,9761.0,9935.0,-0.01858038107964108,-4394.0,236486.0,0.0007111624076077763,10442.2,False
2018-10-23,TX201811,9825.0,9849.0,9723.0,9728.0,-0.001200390126791207,-288.0,239922.0,-0.002014118401944193,10379.9,False
2018-10-24,TX201811,9753.0,9791.0,9623.0,9715.0,0.0019944638518536425,660.0,330916.0,-0.0032348798674766907,10316.6,False
2018-10-25,TX201811,9423.0,9557.0,9414.0,9486.0,0.009789808917197452,3074.0,314000.0,-0.0022863548507225237,10242.3,False
2018-10-26,TX201811,9547.0,9573.0,9339.0,9424.0,0.006009381228551305,2005.0,333645.0,-0.004294334841472491,10164.4,False
2018-10-29,TX201811,9527.0,9539.0,9428.0,9473.0,0.005303858173997174,1524.0,287338.0,-0.002307874762037591,10090.3,False
2018-10-30,TX201811,9465.0,9564.0,9463.0,9524.0,-0.005017030483494355,-1171.0,233405.0,-0.005332846205446792,10016.2,False
2018-10-31,TX201811,9595.0,9748.0,9590.0,9724.0,-0.004396902201849673,-1035.0,235393.0,-0.0008420816456353464,9958.45,False
2018-11-01,TX201811,9750.0,9827.0,9705.0,9787.0,-0.0009938665802753175,-181.0,182117.0,-0.0016705932240683712,9905.0,False
2018-11-02,TX201811,9868.0,9884.0,9791.0,9874.0,0.012414508100902921,2347.0,189053.0,0.0028049446355190807,9864.0,True
2018-11-05,TX201811,9803.0,9824.0,9741.0,9817.0,-0.023351411433280313,-4874.0,208724.0,0.0017781762311390573,9829.55,False
2018-11-06,TX201811,9849.0,9867.0,9746.0,9774.0,-0.009180607978935721,-1311.0,142801.0,0.0012358940960889942,9795.2,False
2018-11-07,TX201811,9785.0,9890.0,9780.0,9848.0,0.01841493238054259,3381.0,183601.0,0.001942635215761456,9764.6,True
2018-11-08,TX201811,9980.0,10000.0,9906.0,9924.0,0.019634996785202037,2779.0,141533.0,0.0017127572079860833,9778.7,True
2018-11-09,TX201811,9897.0,9899.0,9754.0,9789.0,-0.027205078112651656,-4303.0,158169.0,-0.0008888084571447007,9770.75,False
2018-11-12,TX201811,9750.0,9864.0,9741.0,9812.0,0.018909473885777205,2765.0,146223.0,0.00022498134030445532,9768.35,True
2018-11-13,TX201811,9600.0,9758.0,9528.0,9728.0,0.0045784170489415466,1031.0,225187.0,0.0003505615482433498,9757.2,False
2018-11-14,TX201811,9768.0,9798.0,9731.0,9769.0,0.011674409210260554,2023.0,173285.0,0.0012600014467306806,9746.0,True
2018-11-15,TX201811,9790.0,9837.0,9708.0,9827.0,0.004263535414427874,976.0,228918.0,0.001920349817578483,9743.15,True
2018-11-16,TX201811,9877.0,9903.0,9756.0,9783.0,-0.01795587159552932,-4222.0,235132.0,0.00025531227026028247,9737.05,True
2018-11-19,TX201811,9802.0,9838.0,9778.0,9819.0,0.00811662395496366,1932.0,238030.0,0.0015901625219905194,9731.25,True
2018-11-20,TX201811,9755.0,9808.0,9703.0,9732.0,-0.0039862123185981,-1227.0,307811.0,0.0014508714124001746,9731.45,True
2018-11-21,TX201811,9661.0,9760.0,9624.0,9743.0,0.00654430503387588,1474.0,225234.0,0.0016783634715012868,9732.85,True
2018-11-22,TX201812,9766.0,9769.0,9700.0,9714.0,-0.008408880573993173,-845.0,100489.0,0.0007684289969417553,9744.25,False
2018-11-23,TX201812,9715.0,9733.0,9613.0,9620.0,-0.01040823111217192,-1221.0,117311.0,-5.245162009440583e-05,9754.05,False
2018-11-26,TX201812,9668.0,9850.0,9656.0,9768.0,0.023231333260735416,3840.0,165294.0,0.0008439221342425062,9768.8,False
2018-11-27,TX201812,9727.0,9755.0,9644.0,9741.0,-0.023054478705771153,-3366.0,146002.0,-5.7950276871333686e-05,9779.65,False
2018-11-28,TX201812,9780.0,9880.0,9732.0,9870.0,0.028552602679551942,4940.0,173014.0,0.0015895249671987472,9786.95,True
2018-11-29,TX201812,9984.0,9989.0,9861.0,9877.0,-0.013233044365119837,-2076.0,156880.0,0.000977566077956521,9791.45,True
2018-11-30,TX201812,9900.0,9935.0,9847.0,9853.0,-0.02001136379384415,-2888.0,144318.0,-0.0006437275167808325,9790.4,False
2018-12-03,TX201812,10012.0,10156.0,9996.0,10122.0,0.021465172805222955,3347.0,155927.0,0.001597101695144331,9805.65,True
2018-12-04,TX201812,10080.0,10094.0,10033.0,10042.0,-0.024317587695300628,-3200.0,131592.0,0.0008402527093260856,9819.05,True
2018-12-05,TX201812,9900.0,9946.0,9863.0,9878.0,-0.010900660663404272,-1909.0,175127.0,-0.0006255269428712574,9820.55,False
2018-12-06,TX201812,9813.0,9814.0,9626.0,9674.0,-0.029679675358314627,-5500.0,185312.0,-0.0030912605500470905,9808.05,False
2018-12-07,TX201812,9735.0,9763.0,9689.0,9746.0,0.035647672968468914,6460.0,181218.0,5.137700400893799e-05,9805.9,False
2018-12-10,TX201812,9565.0,9680.0,9560.0,9626.0,-0.011248537800963528,-2029.0,180379.0,-0.0014565235803280989,9796.6,False
2018-12-11,TX201812,9654.0,9698.0,9625.0,9687.0,0.008508065870341554,1520.0,178654.0,-0.0012600411392580983,9794.55,False
2018-12-12,TX201812,9759.0,9827.0,9725.0,9818.0,0.015057648825909632,2817.0,187081.0,-0.0010908791584756446,9797.0,False
2018-12-13,TX201812,9831.0,9872.0,9790.0,9856.0,0.007198264965339223,1082.0,150314.0,-0.0009441426809300771,9798.45,False
2018-12-14,TX201812,9805.0,9809.0,9676.0,9730.0,-0.019709110241901796,-4152.0,210664.0,-0.0010318046132487008,9795.8,False
2018-12-17,TX201812,9753.0,9826.0,9722.0,9790.0,0.009306674214936998,2170.0,233166.0,-0.0009723021002500338,9794.35,False
2018-12-18,TX201812,9718.0,9755.0,9688.0,9718.0,-0.008420753999213375,-2612.0,310186.0,-0.0011940291842807978,9793.65,False
2018-12-19,TX201812,9758.0,9778.0,9728.0,9768.0,0.022594891303632427,3433.0,151937.0,-0.0003914998707929702,9794.9,False
2018-12-20,TX201901,9638.0,9709.0,9610.0,9641.0,-0.017628532424675644,-3280.0,186062.0,-0.0008524824633270939,9791.25,False
2018-12-21,TX201901,9624.0,9668.0,9556.0,9660.0,-0.0054371494556252065,-824.0,151550.0,-0.0006039283804997583,9793.25,False
2018-12-22,TX201901,9580.0,9615.0,9575.0,9585.0,-0.0523536296423168,-3668.0,70062.0,-0.00438317652565237,9784.1,False
2018-12-24,TX201901,9603.0,9627.0,9587.0,9620.0,0.00401518735519245,331.0,82437.0,-0.0030296932226041894,9778.05,False
2018-12-25,TX201901,9480.0,9487.0,9410.0,9477.0,-0.00872165462247695,-1085.0,124403.0,-0.004893406087705634,9758.4,False
2018-12-26,TX201901,9523.0,9555.0,9438.0,9459.0,0.005823257840451114,695.0,119349.0,-0.003940590977427086,9737.5,False
2018-12-27,TX201901,9589.0,9655.0,9566.0,9633.0,0.04808377652283568,7893.0,164151.0,-0.0005358339615930949,9726.5,False
2018-12-28,TX201901,9630.0,9680.0,9622.0,9671.0,0.0003132271344191874,42.0,134088.0,-0.0015934312451332828,9703.95,False
2019-01-02,TX201901,9760.0,9762.0,9506.0,9536.0,-0.03877765168960785,-8167.0,210611.0,-0.002316434444848644,9678.65,False
2019-01-03,TX201901,9488.0,9547.0,9433.0,9440.0,0.00839017535642144,1433.0,170795.0,-0.0013518926438573584,9656.75,False
2019-01-04,TX201901,9367.0,9410.0,9305.0,9367.0,-0.009446978285131774,-2150.0,227586.0,-0.00034025779019821595,9641.4,False
2019-01-07,TX201901,9541.0,9588.0,9490.0,9563.0,0.04868357135917614,10022.0,205860.0,0.00031153712933714545,9632.25,False
2019-01-08,TX201901,9600.0,9611.0,9532.0,9561.0,-0.016291201211413465,-2539.0,155851.0,5.940395881464857e-05,9629.0,False
2019-01-09,TX201901,9608.0,9755.0,9602.0,9708.0,0.046806666404002994,9504.0,203048.0,0.0019743339854977207,9630.05,True
2019-01-10,TX201901,9710.0,9713.0,9673.0,9694.0,0.013224597751818383,1800.0,136110.0,0.001882681431793158,9623.85,True
2019-01-11,TX201901,9760.0,9803.0,9724.0,9750.0,0.006346104397017228,1234.0,194450.0,0.0018400734033770585,9618.55,True
2019-01-14,TX201901,9738.0,9756.0,9660.0,9691.0,-0.014051010326224763,-3214.0,228738.0,0.00212297839916091,9616.6,True
2019-01-15,TX201901,9743.0,9817.0,9715.0,9793.0,0.021639582192448152,6441.0,297649.0,0.0027396237980364677,9616.75,True
2019-01-16,TX201901,9781.0,9804.0,9755.0,9784.0,-0.01421112644781852,-2368.0,166630.0,0.0024501051756062103,9620.05,True
2019-01-17,TX201902,9777.0,9834.0,9721.0,9779.0,0.017394463601654673,2729.0,156889.0,0.0021900837905073226,9620.6,True
2019-01-18,TX201902,9825.0,9846.0,9770.0,9820.0,0.011848554809098914,1709.0,144237.0,0.0036639381521960507,9629.55,True
2019-01-21,TX201902,9885.0,9919.0,9856.0,9866.0,-0.004234478502635881,-645.0,152321.0,0.0037240716998455173,9639.85,True
2019-01-22,TX201902,9841.0,9868.0,9822.0,9847.0,0.013602189372590114,1337.0,98293.0,0.007021862650590863,9652.95,True
2019-01-23,TX201902,9830.0,9860.0,9807.0,9818.0,-0.04146090534979424,-5642.0,136080.0,0.004748058015341529,9662.85,True
2019-01-24,TX201902,9833.0,9884.0,9820.0,9863.0,0.034902084649399874,4420.0,126640.0,0.00692924497893537,9682.15,True
2019-01-25,TX201902,9928.0,9989.0,9911.0,9968.0,0.03820834298190479,5775.0,151145.0,0.008548499236008053,9707.6,True
2019-01-28,TX201902,10000.0,10018.0,9975.0,9985.0,-0.014586470332837572,-1579.0,108251.0,0.005414986893224391,9725.2,True
2019-01-29,TX201902,9932.0,9936.0,9880.0,9923.0,-0.03949255076540715,-5784.0,146458.0,0.0034246979982330743,9737.8,True
2019-01-30,TX201902,9925.0,9956.0,9896.0,9926.0,-0.01885982111179579,-2020.0,107106.0,0.004420589527123677,9757.3,True
2019-02-11,TX201902,10010.0,10067.0,9966.0,9999.0,0.01852294812378532,2478.0,133780.0,0.004927228165491871,9785.25,True
2019-02-12,TX201902,10049.0,10093.0,10029.0,10084.0,0.06483834865647913,6199.0,95607.0,0.008641494512572415,9821.1,True
2019-02-13,TX201902,10125.0,10128.0,10055.0,10084.0,-0.025886168424786533,-3065.0,118403.0,0.004913007523374281,9847.15,True
2019-02-14,TX201902,10044.0,10124.0,10034.0,10080.0,0.017318709014184926,2089.0,120621.0,0.006593503034654202,9873.1,True
2019-02-15,TX201902,10040.0,10116.0,10022.0,10042.0,-0.0005072494399120768,-96.0,189256.0,0.0042278072424584475,9889.8,True
2019-02-18,TX201902,10111.0,10161.0,10098.0,10135.0,0.006278924084748479,1293.0,205927.0,0.0038805235591049523,9911.85,True
2019-02-19,TX201902,10123.0,10158.0,10104.0,10142.0,0.015550618851158363,2891.0,185909.0,0.00434074928181201,9931.45,True
2019-02-20,TX201902,10183.0,10262.0,10177.0,10256.0,0.014918703955048398,2671.0,179037.0,0.005789234995875667,9959.7,True
2019-02-21,TX201903,10255.0,10327.0,10232.0,10324.0,0.014268942472681297,1580.0,110730.0,0.005420703009887325,9986.25,True
2019-02-22,TX201903,10272.0,10312.0,10245.0,10310.0,-0.036415963503844746,-4087.0,112231.0,0.004310461157086014,10012.55,True
2019-02-25,TX201903,10350.0,10378.0,10324.0,10368.0,-0.006268695941193294,-811.0,129373.0,0.0031273031799436157,10042.0,True
2019-02-26,TX201903,10381.0,10394.0,10336.0,10355.0,0.00866249072492278,1004.0,115902.0,0.0029679999757348087,10068.75,True
2019-02-27,TX201903,10375.0,10384.0,10325.0,10362.0,-0.01937604703353668,-1839.0,94911.0,0.0022109215491897686,10093.55,True
2019-03-04,TX201903,10390.0,10400.0,10276.0,10311.0,-0.03640369141490805,-5420.0,148886.0,-0.00028937249018513926,10116.75,False
2019-03-05,TX201903,10260.0,10306.0,10248.0,10274.0,0.013477846668020177,1726.0,128062.0,0.0024575651107055815,10139.55,True
2019-03-06,TX201903,10283.0,10333.0,10282.0,10322.0,0.026670332691778938,3201.0,120021.0,0.0020459775128245346,10162.5,True
2019-03-07,TX201903,10315.0,10335.0,10260.0,10262.0,-0.006262401922411753,-688.0,109862.0,-0.0001775597323912925,10177.2,False
2019-03-08,TX201903,10230.0,10244.0,10162.0,10200.0,-0.017801242236024844,-2866.0,161000.0,-0.0003382983275506561,10187.95,False
2019-03-11,TX201903,10170.0,10234.0,10168.0,10229.0,0.0009755030222359988,107.0,109687.0,0.0016851043618315014,10203.25,True
2019-03-12,TX201903,10301.0,10385.0,10300.0,10348.0,0.01532977860206329,2116.0,138032.0,0.0033945843475244554,10224.35,True
2019-03-13,TX201903,10325.0,10365.0,10305.0,10365.0,0.017194751427331307,2060.0,119804.0,0.0033281745127017545,10242.65,True
2019-03-14,TX201903,10390.0,10392.0,10322.0,10338.0,-0.039631524728198406,-4655.0,117457.0,-0.0018953191565321222,10255.35,False
2019-03-15,TX201903,10355.0,10430.0,10347.0,10414.0,0.016078787774862675,2813.0,174951.0,0.00020292865345033825,10271.85,True
2019-03-18,TX201903,10437.0,10487.0,10420.0,10477.0,0.016929655419516954,3591.0,212113.0,0.00018347597371693968,10291.7,True
2019-03-19,TX201903,10483.0,10511.0,10461.0,10501.0,0.002490508203002543,572.0,229672.0,0.00033336385586267065,10314.65,True
2019-03-20,TX201903,10493.0,10549.0,10492.0,10545.0,-0.0021739693056238517,-336.0,154556.0,-8.928081365594588e-05,10335.15,False
2019-03-21,TX201904,10538.0,10593.0,10532.0,10590.0,0.03889558452941821,4260.0,109524.0,0.0010779674702570464,10357.55,True
2019-03-22,TX201904,10645.0,10659.0,10560.0,10613.0,-0.019973307912297428,-2619.0,131125.0,-0.0006666331231102449,10375.4,False
2019-03-25,TX201904,10478.0,10486.0,10423.0,10438.0,-0.04059429528505527,-5623.0,138517.0,-0.003409795010997073,10381.1,False
2019-03-26,TX201904,10482.0,10538.0,10480.0,10522.0,0.01811921523173164,2126.0,117334.0,-0.000683036074218254,10391.7,False
2019-03-27,TX201904,10506.0,10533.0,10473.0,10520.0,-0.004649141864001738,-535.0,115075.0,-0.0006020583703586762,10399.3,False
2019-03-28,TX201904,10450.0,10515.0,10444.0,10493.0,0.03265792180141818,3620.0,110846.0,0.0005977131834660938,10406.2,True
2019-03-29,TX201904,10551.0,10600.0,10476.0,10598.0,-0.0008884481084319924,-129.0,145197.0,0.0015220931297213283,10418.0,True
2019-04-01,TX201904,10679.0,10715.0,10615.0,10638.0,-0.00263912794033276,-368.0,139440.0,0.0032103213034500927,10434.35,True
2019-04-02,TX201904,10688.0,10704.0,10668.0,10676.0,0.011929608717621987,1086.0,91034.0,0.003132909405930183,10454.45,True
2019-04-03,TX201904,10688.0,10728.0,10671.0,10693.0,0.0006550527583032363,74.0,112968.0,0.0018321454092563982,10473.0,True
2019-04-08,TX201904,10779.0,10795.0,10745.0,10770.0,0.014698377054200266,1728.0,117564.0,0.0028801843580869993,10498.4,True
2019-04-09,TX201904,10801.0,10848.0,10782.0,10843.0,0.057514740238068754,4653.0,80901.0,0.006645983481791679,10530.55,True
2019-04-10,TX201904,10820.0,10869.0,10812.0,10862.0,-0.02908618009959717,-2751.0,94581.0,0.00514289932570002,10562.2,True
2019-04-11,TX201904,10868.0,10885.0,10775.0,10806.0,-0.0023551346842647564,-288.0,122286.0,0.004258653661383617,10585.1,True
2019-04-12,TX201904,10818.0,10831.0,10782.0,10802.0,-0.005559886448879933,-756.0,135974.0,0.0031209217675730564,10606.95,True
2019-04-15,TX201904,10865.0,10895.0,10843.0,10876.0,-0.0005434477072128629,-116.0,213452.0,0.005075325618622333,10633.85,True
2019-04-16,TX201904,10870.0,10932.0,10863.0,10931.0,0.005650657241204057,1223.0,216435.0,0.004553919091939402,10659.7,True
2019-04-17,TX201904,10954.0,11010.0,10948.0,11004.0,0.0043175531745779415,679.0,157265.0,0.003923313979692452,10686.05,True
2019-04-18,TX201905,11022.0,11039.0,10920.0,10939.0,-0.0019622448080604212,-245.0,124857.0,0.0037006763291393035,10707.95,True
2019-04-19,TX201905,11020.0,11036.0,10954.0,10972.0,0.004564836793658636,425.0,93103.0,0.004037616634103429,10729.3,True
2019-04-22,TX201905,11008.0,11030.0,10958.0,10978.0,-0.02874627094010556,-1879.0,65365.0,0.0006555238606272397,10748.7,True
2019-04-23,TX201905,10988.0,11024.0,10934.0,11024.0,0.007340548008289201,797.0,108575.0,0.0020212166566565713,10769.25,True
2019-04-24,TX201905,11050.0,11057.0,10970.0,11009.0,-0.029731540165919515,-3462.0,116442.0,0.002564354412613359,10797.8,True
2019-04-25,TX201905,10990.0,11041.0,10977.0,11031.0,0.0327693660806325,3465.0,105739.0,0.003296861955058402,10823.25,True
2019-04-26,TX201905,10962.0,10972.0,10900.0,10933.0,-0.05058171824046253,-7104.0,140446.0,0.0010002331362353625,10843.9,True
2019-04-29,TX201905,10959.0,10978.0,10902.0,10932.0,0.016988984088127296,1735.0,102125.0,0.00021678625057081798,10865.85,True
2019-04-30,TX201905,10912.0,10961.0,10883.0,10952.0,0.03755608108765681,3859.0,102753.0,0.002139012710375258,10883.55,True
2019-05-02,TX201905,10947.0,11033.0,10933.0,10978.0,-0.00957577368342883,-1225.0,127927.0,0.0017921804232204548,10900.55,True
2019-05-03,TX201905,10992.0,11094.0,10975.0,11092.0,0.04521818312525461,5661.0,125193.0,0.0034566091436020853,10921.35,True
2019-05-06,TX201905,10980.0,10980.0,10821.0,10857.0,-0.06333617248112546,-10931.0,172587.0,0.00025704788163065167,10929.55,False
2019-05-07,TX201905,10900.0,10996.0,10900.0,10970.0,0.03564040739423165,5410.0,151794.0,0.0013041493986322207,10939.55,True
2019-05-08,TX201905,10849.0,10943.0,10841.0,10893.0,-0.017712197400599015,-3223.0,181965.0,-0.0024571974833011677,10942.05,False
2019-05-09,TX201905,10854.0,10866.0,10716.0,10746.0,-0.027660421053572786,-6187.0,223677.0,-0.0023859095309999487,10936.25,False
2019-05-10,TX201905,10750.0,10850.0,10646.0,10745.0,0.0142519716561912,5696.0,399664.0,-0.0015555542139771507,10933.2,False
2019-05-13,TX201905,10686.0,10708.0,10565.0,10576.0,-0.026639892904953145,-9154.0,343620.0,-0.0026095545367808117,10921.9,False
2019-05-14,TX201905,10425.0,10571.0,10399.0,10532.0,-6.46383998634837e-05,-25.0,386767.0,-0.0025856140714133422,10904.7,False
2019-05-15,TX201905,10539.0,10609.0,10513.0,10579.0,0.01991402448338316,4563.0,229135.0,-0.0018724457093043875,10887.1,False
2019-05-16,TX201906,10537.0,10574.0,10483.0,10488.0,-0.004433953581540894,-819.0,184711.0,-0.0023100210471103293,10861.3,False
2019-05-17,TX201906,10562.0,10566.0,10406.0,10411.0,-0.017946101674569354,-3289.0,183271.0,-0.003109213890435776,10834.9,False
2019-05-20,TX201906,10442.0,10485.0,10405.0,10433.0,0.013534688661592215,2669.0,197197.0,-0.002660721297039097,10807.95,False
2019-05-21,TX201906,10398.0,10502.0,10378.0,10487.0,-0.006107138428471046,-1182.0,193544.0,-0.0015287646714573712,10783.4,False
2019-05-22,TX201906,10471.0,10515.0,10453.0,10480.0,0.0017772361439053494,280.0,157548.0,-0.0018069302646765636,10756.2,False
2019-05-23,TX201906,10422.0,10424.0,10285.0,10310.0,-0.029745121421168183,-5338.0,179458.0,-0.001807609327438997,10721.25,False
2019-05-24,TX201906,10316.0,10386.0,10315.0,10344.0,0.01603393241916663,2597.0,161969.0,-0.0026443810105122906,10686.9,False
2019-05-27,TX201906,10350.0,10390.0,10284.0,10333.0,0.006469588213071402,822.0,127056.0,0.00020818431216440572,10656.9,False
2019-05-28,TX201906,10369.0,10374.0,10309.0,10340.0,-0.0139015913663801,-1216.0,87472.0,-0.001336344460560964,10627.3,False
2019-05-29,TX201906,10220.0,10295.0,10218.0,10291.0,0.015593448507965,1946.0,124796.0,-0.0024344760895455542,10594.25,False
2019-05-30,TX201906,10311.0,10382.0,10279.0,10367.0,-0.0014081781111726587,-211.0,149839.0,-0.002026096310932746,10563.7,False
2019-05-31,TX201906,10332.0,10493.0,10330.0,10455.0,0.022157777878472066,3423.0,154483.0,-0.0031791165732718727,10531.85,False
2019-06-03,TX201906,10431.0,10477.0,10366.0,10471.0,-0.010809833018332429,-1733.0,160317.0,-0.0005527996001322221,10512.55,False
2019-06-04,TX201906,10461.0,10483.0,10401.0,10416.0,-0.028118939883645767,-3654.0,129948.0,-0.0037407669640260933,10484.85,False
2019-06-05,TX201906,10495.0,10510.0,10439.0,10456.0,-0.012400118603219013,-1631.0,131531.0,-0.003475163024157093,10463.0,False
2019-06-06,TX201906,10433.0,10437.0,10351.0,10360.0,-0.011177166645281782,-1568.0,140286.0,-0.002651000303742543,10443.7,False
2019-06-10,TX201906,10477.0,10546.0,10442.0,10539.0,0.04264319195152624,6341.0,148699.0,-0.001231439288975791,10433.4,False
2019-06-11,TX201906,10555.0,10618.0,10533.0,10592.0,0.01985583661483014,2380.0,119864.0,0.0010933471870133733,10434.2,True
2019-06-12,TX201906,10587.0,10611.0,10564.0,10592.0,0.013928717738631708,1564.0,112286.0,0.0017930149939381329,10437.2,True
2019-06-13,TX201906,10561.0,10589.0,10497.0,10529.0,-0.026680718881739517,-3848.0,144224.0,-0.0005367221743180009,10434.7,False
2019-06-14,TX201906,10534.0,10558.0,10516.0,10529.0,0.0009733703310911918,134.0,137666.0,-0.0002663559786863966,10436.75,False
2019-06-17,TX201906,10477.0,10565.0,10460.0,10545.0,0.0023455893293189913,536.0,228514.0,0.0007482285715080207,10443.45,True
2019-06-18,TX201906,10539.0,10576.0,10526.0,10553.0,-0.010975150901700592,-2071.0,188699.0,-0.00047726340665661963,10449.45,False
2019-06-19,TX201906,10680.0,10800.0,10667.0,10770.0,0.02821547624724196,6509.0,230689.0,0.0012388673271290305,10463.6,True
2019-06-20,TX201907,10575.0,10605.0,10558.0,10591.0,0.0006018399105837848,63.0,104679.0,0.0011800975154629522,10469.15,True
2019-06-21,TX201907,10628.0,10641.0,10564.0,10585.0,-0.007840936665857801,-1034.0,131872.0,0.0022753067532284713,10482.9,True
2019-06-24,TX201907,10605.0,10647.0,10553.0,10623.0,-0.02985928383480151,-3132.0,104892.0,-1.9354059469935647e-05,10496.85,False
2019-06-25,TX201907,10620.0,10630.0,10523.0,10540.0,-0.015149600043336162,-1678.0,110762.0,-0.0011003134722903137,10507.2,False
2019-06-26,TX201907,10525.0,10541.0,10499.0,10503.0,-0.009847121911367211,-1133.0,115059.0,-0.0008975899995396694,10515.35,False
2019-06-27,TX201907,10535.0,10642.0,10532.0,10622.0,0.03668130401725449,4728.0,128894.0,0.00015680277592480495,10531.9,True
2019-06-28,TX201907,10621.0,10627.0,10550.0,10580.0,-0.00018404967403834045,-19.0,103233.0,0.0002180091977815209,10542.55,True
2019-07-01,TX201907,10707.0,10780.0,10693.0,10767.0,0.014428607810592688,1643.0,113871.0,-0.00016844930561244796,10558.15,False
2019-07-02,TX201907,10738.0,10766.0,10729.0,10749.0,-0.015422951771522577,-1275.0,82669.0,-0.0003991052432719554,10572.05,False
2019-07-03,TX201907,10733.0,10741.0,10202.0,10641.0,0.0033954962619425853,451.0,132823.0,0.001176616564007462,10583.3,True
2019-07-04,TX201907,10691.0,10729.0,10677.0,10710.0,0.026845312953468124,2220.0,82696.0,0.00313888814184182,10596.0,True
2019-07-05,TX201907,10713.0,10749.0,10682.0,10718.0,-0.014480783321121694,-1087.0,75065.0,0.0029737073080498234,10613.9,True
2019-07-08,TX201907,10655.0,10711.0,10630.0,10665.0,0.0006887666215592055,85.0,123409.0,0.0008759860415514722,10620.2,True
2019-07-09,TX201907,10688.0,10699.0,10631.0,10650.0,-0.02845637898137635,-2431.0,85429.0,-0.0015396247382588523,10623.1,False
2019-07-10,TX201907,10699.0,10741.0,10689.0,10731.0,0.03427991886409736,4056.0,118320.0,-0.0005220646819855696,10630.05,False
2019-07-11,TX201907,10801.0,10833.0,10772.0,10814.0,0.008881948172368356,1092.0,122946.0,0.001256068670719824,10644.3,True
2019-07-12,TX201907,10789.0,10830.0,10788.0,10810.0,-0.003924311302793643,-505.0,128685.0,0.0010111845890255823,10658.35,True
2019-07-15,TX201907,10808.0,10860.0,10730.0,10849.0,-0.001133118796174591,-275.0,242693.0,0.0008372491827509031,10673.55,True
2019-07-16,TX201907,10863.0,10892.0,10851.0,10876.0,-0.014532837670384139,-2932.0,201750.0,0.000659364844316726,10689.7,True
2019-07-17,TX201907,10837.0,10855.0,10805.0,10831.0,-0.023299731361544805,-3504.0,150388.0,-0.0019163955361226122,10692.75,False
2019-07-18,TX201908,10625.0,10676.0,10623.0,10651.0,0.05399365628604383,4494.0,83232.0,0.0007531952826503902,10695.75,False
2019-07-19,TX201908,10757.0,10792.0,10727.0,10744.0,0.0016371459363405264,199.0,121553.0,0.0012270994127603063,10703.7,True
2019-07-22,TX201908,10735.0,10798.0,10729.0,10794.0,0.051889423228698606,4931.0,95029.0,0.005314534765935313,10712.25,True
2019-07-23,TX201908,10822.0,10836.0,10785.0,10803.0,-0.010053128148758816,-878.0,87336.0,0.00556935836066418,10725.4,True
2019-07-24,TX201908,10817.0,10835.0,10792.0,10804.0,-0.00516020640825633,-430.0,83330.0,0.005803704135819723,10740.45,True
2019-07-25,TX201908,10825.0,10831.0,10769.0,10822.0,0.015780172735644773,1268.0,80354.0,0.004758647571739237,10750.45,True
2019-07-26,TX201908,10781.0,10795.0,10765.0,10787.0,-0.04268868893545339,-3117.0,73017.0,0.002633415608668485,10760.8,True
2019-07-29,TX201908,10779.0,10802.0,10744.0,10782.0,-0.001162436376358527,-103.0,88607.0,0.0018538633993209243,10761.55,True
2019-07-30,TX201908,10819.0,10836.0,10751.0,10752.0,-0.06137666704959636,-5877.0,95753.0,-0.000443822364582765,10761.7,False
2019-07-31,TX201908,10721.0,10743.0,10674.0,10737.0,0.017268372473419794,2217.0,128385.0,0.0002498214459910954,10766.5,False
2019-08-01,TX201908,10635.0,10697.0,10623.0,10644.0,-0.026798188647453224,-3817.0,142435.0,-0.002432353634054972,10763.2,False
2019-08-02,TX201908,10518.0,10535.0,10441.0,10469.0,-0.014344445227523669,-3053.0,212835.0,-0.0024255367293750706,10750.75,False
2019-08-05,TX201908,10421.0,10460.0,10358.0,10379.0,0.00701118132723293,1419.0,202391.0,-0.0021094159940913846,10736.45,False
2019-08-06,TX201908,10096.0,10387.0,10095.0,10331.0,0.005590631401747666,1531.0,273851.0,-0.0004070654749351836,10720.5,False
2019-08-07,TX201908,10330.0,10375.0,10301.0,10347.0,0.026583455673769237,4545.0,170971.0,-0.0007918886344515897,10701.3,False
2019-08-08,TX201908,10372.0,10454.0,10340.0,10439.0,0.009064327485380117,1860.0,205200.0,-0.0007827696688010019,10682.55,False
2019-08-12,TX201908,10439.0,10477.0,10380.0,10441.0,-0.005036752273657607,-566.0,112374.0,-0.0008383917173442002,10664.1,False
2019-08-13,TX201908,10385.0,10400.0,10319.0,10342.0,-0.0016964374812892926,-238.0,140294.0,-0.0008665576515999353,10638.75,False
2019-08-14,TX201908,10457.0,10492.0,10416.0,10429.0,-0.0022197440390844883,-418.0,188310.0,-0.00025090297003495276,10616.4,False
2019-08-15,TX201908,10255.0,10335.0,10242.0,10301.0,-0.006160462164192637,-1189.0,193005.0,0.0006060604898326556,10589.9,False
2019-08-16,TX201908,10315.0,10421.0,10288.0,10414.0,0.00822946421642715,2227.0,270613.0,-0.0016821491136481785,10578.05,False
2019-08-19,TX201908,10436.0,10489.0,10419.0,10484.0,0.0031327552603653613,741.0,236533.0,-0.0016073686474469366,10565.05,False
2019-08-20,TX201908,10487.0,10530.0,10478.0,10527.0,0.004728903383611904,928.0,196240.0,-0.003965394639701272,10551.7,False
2019-08-21,TX201908,10514.0,10544.0,10505.0,10528.0,0.010225169129278719,1519.0,148555.0,-0.002951479775799395,10537.95,False
2019-08-22,TX201909,10538.0,10564.0,10464.0,10477.0,-0.019098548510313215,-2275.0,119119.0,-0.0036483968809022395,10521.6,False
2019-08-23,TX201909,10485.0,10513.0,10460.0,10499.0,0.022065530423375317,2153.0,97573.0,-0.0033341289965157124,10505.45,False
2019-08-26,TX201909,10335.0,10367.0,10294.0,10307.0,-0.021462603932598082,-4365.0,203377.0,-0.0022728247463729466,10481.45,False
2019-08-27,TX201909,10372.0,10390.0,10343.0,10364.0,0.03349735049205148,3894.0,116248.0,-0.000539835402952446,10460.55,False
2019-08-28,TX201909,10390.0,10438.0,10388.0,10413.0,0.0008239083214740469,99.0,120159.0,0.002570193365601074,10443.6,False
2019-08-29,TX201909,10420.0,10442.0,10376.0,10430.0,0.035055637693564706,3604.0,102808.0,0.003459556626608319,10428.25,True
2019-08-30,TX201909,10520.0,10584.0,10517.0,10576.0,0.021101473394777543,2333.0,110561.0,0.0058545397287198585,10424.85,True
2019-09-02,TX201909,10564.0,10615.0,10556.0,10605.0,0.02700224036055393,2061.0,76327.0,0.007921874008123737,10431.65,True
2019-09-03,TX201909,10599.0,10632.0,10537.0,10543.0,-0.03691176619510071,-3645.0,98749.0,0.0057257266320070565,10439.85,True
2019-09-04,TX201909,10563.0,10657.0,10558.0,10644.0,0.03416404462242563,3822.0,111872.0,0.007154397293040954,10455.5,True
2019-09-05,TX201909,10719.0,10762.0,10703.0,10735.0,0.0005024804261034013,55.0,109457.0,0.005850348530657662,10474.9,True
2019-09-06,TX201909,10776.0,10783.0,10741.0,10768.0,0.03265229965481855,2800.0,85752.0,0.007029747139129584,10491.35,True
2019-09-09,TX201909,10802.0,10827.0,10773.0,10792.0,0.008266445908169264,689.0,83349.0,0.007694907048220926,10508.9,True
2019-09-10,TX201909,10801.0,10814.0,10731.0,10743.0,-0.03723524984769027,-3117.0,83711.0,0.00591796642990088,10528.95,True
2019-09-11,TX201909,10795.0,10808.0,10751.0,10773.0,0.007985773796782638,970.0,121466.0,0.006428242321694236,10546.15,True
2019-09-12,TX201909,10842.0,10870.0,10801.0,10824.0,-0.008140726779750687,-1231.0,151215.0,0.006329229090916333,10572.3,True
2019-09-16,TX201909,10802.0,10885.0,10802.0,10881.0,0.02925294642437902,6853.0,234267.0,0.007380403201313926,10595.65,True
2019-09-17,TX201909,10907.0,10910.0,10858.0,10863.0,-0.023316558588904465,-4624.0,198314.0,0.006057937508850435,10614.6,True
2019-09-18,TX201909,10912.0,10963.0,10884.0,10959.0,0.011201041682079813,1514.0,135166.0,0.00638154442377383,10636.2,True
2019-09-19,TX201910,10915.0,10936.0,10851.0,10870.0,-0.030781713792713866,-2997.0,97363.0,0.004331200277674202,10653.3,True
2019-09-20,TX201910,10901.0,10912.0,10884.0,10901.0,0.04576469961085346,3434.0,75036.0,0.007574362683732535,10674.5,True
2019-09-23,TX201910,10894.0,10929.0,10872.0,10894.0,-0.009962811624810615,-868.0,87124.0,0.005972945581323237,10694.25,True
2019-09-24,TX201910,10911.0,10932.0,10865.0,10908.0,-0.008163624453721537,-835.0,102283.0,0.006637894555267065,10724.3,True
2019-09-25,TX201910,10865.0,10873.0,10805.0,10841.0,-0.02998119260980197,-3523.0,117507.0,0.003463967400174393,10748.15,True
2019-09-26,TX201910,10876.0,10895.0,10828.0,10843.0,0.019613072841752316,2059.0,104981.0,0.004403425626188307,10769.65,True
2019-09-27,TX201910,10876.0,10897.0,10811.0,10824.0,0.02835878804980424,3216.0,113404.0,0.004068583144000283,10789.35,True
2019-10-01,TX201910,10856.0,10962.0,10856.0,10954.0,0.031585355384027035,4047.0,128129.0,0.004592777243462758,10808.25,True
2019-10-02,TX201910,10916.0,10948.0,10912.0,10922.0,-0.0127903237518283,-1233.0,96401.0,0.002603149037843646,10824.1,True
2019-10-03,TX201910,10827.0,10877.0,10773.0,10851.0,0.007890575708243431,1013.0,128381.0,0.004843266133010853,10839.5,True
2019-10-04,TX201910,10881.0,10912.0,10820.0,10880.0,0.008588108998397083,1168.0,136002.0,0.003564469351809426,10851.3,True
2019-10-07,TX201910,10907.0,10937.0,10886.0,10915.0,0.002627386014709141,249.0,94771.0,0.0036707146312397127,10860.3,True
2019-10-08,TX201910,10958.0,11021.0,10950.0,11001.0,0.02863864933601743,3457.0,120711.0,0.0034700321152996566,10871.95,True
2019-10-09,TX201910,10963.0,10969.0,10880.0,10880.0,-0.04280890445222611,-6846.0,159920.0,0.0009162645972798881,10876.35,True
2019-10-14,TX201910,11070.0,11092.0,11030.0,11076.0,0.016353566493855384,4249.0,259821.0,0.0035957054143571704,10893.0,True
2019-10-15,TX201910,11083.0,11122.0,11073.0,11108.0,0.0027159893748107972,637.0,234537.0,0.0033322161932585782,10909.75,True
2019-10-16,TX201910,11158.0,11171.0,11130.0,11145.0,0.0030175176244392225,452.0,149792.0,0.0038901284134680745,10925.8,True
2019-10-17,TX201911,11148.0,11161.0,11117.0,11157.0,0.046846214580226336,3204.0,68394.0,0.00476979182126044,10939.6,True
2019-10-18,TX201911,11195.0,11223.0,11132.0,11150.0,-0.03224881982534211,-4051.0,125617.0,0.004323178759438558,10953.95,True
2019-10-21,TX201911,11157.0,11168.0,11133.0,11155.0,-0.009546671081312253,-692.0,72486.0,0.003285793121268954,10963.75,True
2019-10-22,TX201911,11213.0,11252.0,11191.0,11242.0,0.029116945107398567,2623.0,90085.0,0.006280726066274575,10982.35,True
2019-10-23,TX201911,11225.0,11254.0,11182.0,11201.0,-0.01188754842768684,-1077.0,90599.0,0.003398113664347561,10997.35,True
2019-10-24,TX201911,11232.0,11292.0,11225.0,11290.0,0.05414906734527901,4128.0,76234.0,0.006603707612852042,11017.15,True
2019-10-25,TX201911,11321.0,11328.0,11264.0,11284.0,-0.029323298307914508,-2213.0,75469.0,0.0055457239201423935,11035.95,True
2019-10-28,TX201911,11334.0,11342.0,11291.0,11311.0,0.03443781643190135,2061.0,59847.0,0.00876667437222756,11059.45,True
2019-10-29,TX201911,11348.0,11366.0,11293.0,11326.0,-0.017632658853581524,-1491.0,84559.0,0.006904387787460867,11083.6,True
2019-10-30,TX201911,11312.0,11351.0,11295.0,11338.0,0.014825745769490684,1075.0,72509.0,0.00622773567344519,11109.3,True
2019-10-31,TX201911,11371.0,11396.0,11341.0,11346.0,0.015296063812912144,1350.0,88258.0,0.005413271094889445,11128.9,True
2019-11-01,TX201911,11333.0,11377.0,11316.0,11371.0,0.009515470687457348,739.0,77663.0,0.006528560816853728,11151.35,True
2019-11-04,TX201911,11416.0,11554.0,11413.0,11544.0,0.020547825631535763,2354.0,114562.0,0.007161423313018345,11186.0,True
2019-11-05,TX201911,11594.0,11650.0,11566.0,11645.0,-0.02230581797973753,-2609.0,116965.0,0.005616726964111614,11224.25,True
2019-11-06,TX201911,11644.0,11675.0,11600.0,11653.0,-0.002597223300803327,-301.0,115893.0,0.00535549649833599,11261.15,True
2019-11-07,TX201911,11636.0,11637.0,11558.0,11596.0,-0.030061988594098685,-3031.0,100825.0,0.0024204646018301844,11290.9,True
2019-11-08,TX201911,11646.0,11648.0,11554.0,11573.0,-0.005168663984009721,-587.0,113569.0,0.004302476625241004,11325.55,True
2019-11-11,TX201911,11577.0,11581.0,11424.0,11437.0,-0.024835724413410375,-3258.0,131182.0,0.002243012079877716,11343.6,True
2019-11-12,TX201911,11483.0,11528.0,11466.0,11523.0,0.018017653251275408,1780.0,98792.0,0.0030080952737009466,11364.35,True
2019-11-13,TX201911,11463.0,11494.0,11428.0,11466.0,-0.001430443608829349,-167.0,116747.0,0.002785697212037518,11380.4,True
2019-11-14,TX201911,11493.0,11496.0,11413.0,11456.0,-0.006579239173824978,-890.0,135274.0,0.00011442452433495236,11395.35,True
2019-11-15,TX201911,11485.0,11563.0,11480.0,11532.0,-0.011027428861062194,-1697.0,153889.0,0.0011754940725489482,11414.45,True
2019-11-18,TX201911,11533.0,11594.0,11507.0,11593.0,0.004013914905004014,870.0,216746.0,0.0018535233718647616,11436.35,True
2019-11-19,TX201911,11574.0,11654.0,11563.0,11644.0,-0.00044891166294398456,-82.0,182664.0,0.00037523053334763407,11456.45,True
2019-11-20,TX201911,11621.0,11644.0,11594.0,11607.0,-0.00786014083041382,-1133.0,144145.0,0.000576600913211285,11476.75,True
2019-11-21,TX201912,11529.0,11551.0,11450.0,11544.0,0.004005741127348643,614.0,153280.0,-0.001930565397685233,11489.45,False
2019-11-22,TX201912,11565.0,11592.0,11531.0,11556.0,-0.02301943839861047,-2147.0,93269.0,-0.0016153724022200313,11503.05,False
2019-11-25,TX201912,11615.0,11629.0,11559.0,11565.0,0.004571291417100339,419.0,91659.0,-0.0031086986529600814,11515.75,False
2019-11-26,TX201912,11620.0,11658.0,11603.0,11618.0,0.02081850377439737,2369.0,113793.0,-0.0011861405215611374,11530.35,False
2019-11-27,TX201912,11613.0,11651.0,11596.0,11647.0,0.038874276696475536,2956.0,76040.0,1.6286024788105328e-05,11545.8,True
2019-11-28,TX201912,11658.0,11663.0,11605.0,11614.0,-0.05324021439012506,-4917.0,92355.0,-0.0034105278853637545,11559.2,False
2019-11-29,TX201912,11604.0,11613.0,11462.0,11465.0,-0.06033384201500873,-7670.0,127126.0,-0.006902993520487059,11563.9,False
2019-12-02,TX201912,11527.0,11533.0,11459.0,11502.0,0.05181936470095814,5695.0,109901.0,-0.00533941656701594,11561.8,False
2019-12-03,TX201912,11444.0,11527.0,11439.0,11524.0,0.03578030102983892,4336.0,121184.0,-0.0024351106165371172,11555.75,False
2019-12-04,TX201912,11492.0,11505.0,11443.0,11503.0,-0.010748216212001092,-1654.0,153886.0,-0.0028426602620970054,11548.25,False
2019-12-05,TX201912,11540.0,11618.0,11532.0,11598.0,0.03377657075999419,3955.0,117093.0,0.0003492677056076379,11548.35,True
2019-12-06,TX201912,11645.0,11670.0,11580.0,11612.0,0.0077502034174125305,762.0,98320.0,0.0009952110756787503,11550.3,True
2019-12-09,TX201912,11670.0,11699.0,11633.0,11671.0,0.008836860468907947,813.0,92001.0,0.0026788403197946665,11562.0,True
2019-12-10,TX201912,11647.0,11656.0,11605.0,11625.0,-0.07035912095765588,-5907.0,83955.0,-0.001739998390651898,11567.1,False
2019-12-11,TX201912,11600.0,11706.0,11594.0,11706.0,0.049421842885608046,6300.0,127474.0,0.000802615934069972,11579.1,True
2019-12-12,TX201912,11765.0,11888.0,11754.0,11853.0,0.009315383533239956,1523.0,163493.0,0.0015973470694232185,11598.95,True
2019-12-13,TX201912,11977.0,12007.0,11917.0,11965.0,-0.010244975881315671,-2109.0,205857.0,0.0016364697184105448,11620.6,True
2019-12-16,TX201912,11932.0,11976.0,11922.0,11961.0,0.0045360652659252616,1087.0,239635.0,0.0016625772364566068,11639.0,True
2019-12-17,TX201912,11974.0,12102.0,11945.0,12100.0,-0.01753835176596504,-3687.0,210225.0,0.0008081052313055542,11661.8,True
2019-12-18,TX201912,12077.0,12129.0,12065.0,12118.0,0.002545721469958925,326.0,128058.0,0.0013283983463241917,11687.35,True
2019-12-19,TX202001,12110.0,12115.0,12015.0,12030.0,-0.02298963340854835,-2109.0,91737.0,-2.1370380470658e-05,11711.65,False
2019-12-20,TX202001,12063.0,12063.0,11951.0,11979.0,-0.019799548389652578,-2499.0,126215.0,0.00013962411997723665,11732.8,True
2019-12-23,TX202001,12000.0,12028.0,11972.0,12020.0,-0.0046229557091017545,-372.0,80468.0,-0.00032008823633286805,11755.55,False
2019-12-24,TX202001,12030.0,12044.0,11982.0,11983.0,-0.06489503056072282,-3663.0,56445.0,-0.004605764953088878,11773.8,False
2019-12-25,TX202001,11989.0,12027.0,11976.0,12020.0,0.037002317527276514,1421.0,38403.0,-0.00469936291154883,11792.45,False
2019-12-26,TX202001,12029.0,12042.0,11986.0,12009.0,-0.04686915887850467,-2006.0,42800.0,-0.00438081013596781,11812.2,False
2019-12-27,TX202001,12038.0,12112.0,12037.0,12097.0,0.0359474446174438,2632.0,73218.0,0.00043325419565481694,11843.8,True
2019-12-30,TX202001,12091.0,12125.0,12065.0,12069.0,-0.016530415965376292,-1100.0,66544.0,-0.002984234837661905,11872.15,False
2019-12-31,TX202001,12029.0,12049.0,11992.0,11995.0,-0.03140312977501449,-2384.0,75916.0,-0.006343406377904576,11895.7,False
2020-01-02,TX202001,12044.0,12120.0,12023.0,12102.0,0.01757552553373808,1928.0,109698.0,-0.004927219290617617,11925.65,False
2020-01-03,TX202001,12180.0,12198.0,11996.0,12086.0,0.0010555837274524211,204.0,193258.0,-0.006563268642244704,11950.05,False
2020-01-06,TX202001,12017.0,12034.0,11948.0,11950.0,-0.035103880275502396,-4954.0,141124.0,-0.008705972826890451,11966.95,False
2020-01-07,TX202001,11995.0,12009.0,11816.0,11871.0,-0.015783570565510215,-2913.0,184559.0,-0.009936994378611359,11976.95,False
2020-01-08,TX202001,11728.0,11892.0,11697.0,11788.0,0.021580835279974196,4416.0,204626.0,-0.005339996566729856,11985.1,False
2020-01-09,TX202001,11919.0,11998.0,11883.0,11968.0,0.02075008544883945,3339.0,160915.0,-0.006773584438568287,11998.2,False
2020-01-10,TX202001,12005.0,12042.0,11953.0,12010.0,0.0027424496931884408,480.0,175026.0,-0.007102231130570862,12006.05,False
2020-01-13,TX202001,12085.0,12121.0,12044.0,12117.0,0.009442539842480014,2399.0,254063.0,-0.006117855344381078,12013.65,False
2020-01-14,TX202001,12176.0,12199.0,12148.0,12181.0,-0.013325549149821207,-2739.0,205545.0,-0.007010936065168401,12024.65,False
2020-01-15,TX202001,12159.0,12175.0,12058.0,12063.0,-0.0041592007384481725,-766.0,184170.0,-0.006341978513792557,12022.8,False
2020-01-16,TX202002,12040.0,12078.0,11990.0,12056.0,-0.02980204104597114,-3443.0,115529.0,-0.007959366639589061,12019.7,False
2020-01-17,TX202002,12103.0,12118.0,12029.0,12072.0,0.006851143340154818,770.0,112390.0,-0.006467327802153901,12021.8,False
2020-01-20,TX202002,12119.0,12160.0,12097.0,12111.0,0.010410634863922531,845.0,81167.0,-0.0049568186394751464,12028.4,False
2020-01-30,TX202002,11770.0,11798.0,11366.0,11370.0,-0.053921980782748194,-16033.0,297337.0,-0.007421769893157468,11995.9,False
2020-01-31,TX202002,11460.0,11567.0,11407.0,11468.0,0.053643086140521795,12499.0,233003.0,-0.0014948640580952372,11970.15,False
2020-02-03,TX202002,11285.0,11370.0,11152.0,11325.0,0.008447987785073547,2523.0,298651.0,-0.0029225805452053858,11935.4,False
2020-02-04,TX202002,11373.0,11557.0,11362.0,11534.0,0.027848822132618765,5477.0,196669.0,0.0008133185053507862,11911.65,False
2020-02-05,TX202002,11603.0,11620.0,11474.0,11542.0,-0.006184733810042431,-1255.0,202919.0,-0.0012932904160235252,11883.9,False
2020-02-06,TX202002,11651.0,11744.0,11628.0,11741.0,0.02498684300848912,4368.0,174812.0,0.0007825725326697454,11867.5,False
2020-02-07,TX202002,11660.0,11666.0,11566.0,11592.0,-0.014667097929936306,-2358.0,160768.0,0.001619374124923655,11847.35,False
2020-02-10,TX202002,11455.0,11598.0,11402.0,11564.0,0.0031316811707669608,624.0,199254.0,0.0008971819067750986,11820.45,False
2020-02-11,TX202002,11625.0,11689.0,11613.0,11666.0,-0.006820396232543034,-840.0,123160.0,0.000503382908775326,11799.45,False
2020-02-12,TX202002,11663.0,11797.0,11647.0,11771.0,0.04446329426280074,5766.0,129680.0,0.004481741635690482,11790.5,False
2020-02-13,TX202002,11798.0,11837.0,11762.0,11774.0,0.00407795894346938,589.0,144435.0,0.005474818111139463,11785.65,False
2020-02-14,TX202002,11757.0,11852.0,11755.0,11812.0,-0.018942459862038973,-3136.0,165554.0,0.003448653354038804,11786.85,True
2020-02-17,TX202002,11710.0,11792.0,11702.0,11770.0,-0.0046353239219429805,-1010.0,217892.0,0.0021793828854996824,11776.95,False
2020-02-18,TX202002,11715.0,11719.0,11627.0,11640.0,-0.013347637636501031,-3409.0,255401.0,0.0013748785190152092,11758.45,False
2020-02-19,TX202002,11678.0,11805.0,11637.0,11760.0,0.018354026837471223,3771.0,205459.0,0.0018204528687647693,11740.6,True
2020-02-20,TX202003,11820.0,11830.0,11679.0,11715.0,-0.029461051948753987,-4360.0,147992.0,0.0010136777288181304,11717.3,False
2020-02-21,TX202003,11665.0,11765.0,11636.0,11664.0,-0.006172249073037343,-1097.0,177731.0,0.0009130253120886719,11697.35,False
2020-02-24,TX202003,11509.0,11587.0,11476.0,11508.0,-0.003586024749262873,-630.0,175682.0,0.002223826126924085,11669.95,False
2020-02-25,TX202003,11400.0,11561.0,11386.0,11542.0,0.007058406840835877,1674.0,237164.0,0.002234189301958138,11643.45,False
2020-02-26,TX202003,11383.0,11482.0,11365.0,11421.0,-0.01233006179571065,-3392.0,275100.0,0.0010971544689764793,11608.95,False
2020-02-27,TX202003,11395.0,11447.0,11237.0,11273.0,-0.01147651383354846,-3272.0,285104.0,0.003219427816436466,11604.1,False
2020-03-02,TX202003,11011.0,11278.0,11005.0,11174.0,-0.003006710231044832,-1096.0,364518.0,0.00038693799785813473,11589.4,False
2020-03-03,TX202003,11313.0,11375.0,11278.0,11324.0,0.0091609954226854,2878.0,314158.0,0.0004225883797387274,11589.35,False
2020-03-04,TX202003,11348.0,11369.0,11267.0,11364.0,0.012345059826610303,3446.0,279140.0,-0.00035259973556169574,11580.85,False
2020-03-05,TX202003,11450.0,11501.0,11428.0,11492.0,0.013991201587164668,2433.0,173895.0,0.0006561970342986593,11578.35,False
2020-03-06,TX202003,11400.0,11420.0,11260.0,11269.0,-0.035009941426191626,-7818.0,223308.0,-0.0023436421874353784,11554.75,False
2020-03-09,TX202003,10975.0,11108.0,10916.0,10950.0,0.007412790297585132,2693.0,363291.0,-0.0012396477760593064,11522.65,False
2020-03-10,TX202003,10830.0,10996.0,10779.0,10984.0,-0.015168233739995337,-5856.0,386070.0,-0.0021546435215974214,11493.65,False
2020-03-11,TX202003,10979.0,11029.0,10807.0,10821.0,0.004519743592044534,1511.0,334311.0,-0.0015876365303680432,11451.4,False
2020-03-12,TX202003,10750.0,10765.0,10161.0,10367.0,-0.0016451452694313386,-848.0,515456.0,-0.003893058506979647,11381.2,False
2020-03-13,TX202003,9749.0,10147.0,9450.0,10021.0,0.001896068594056748,1243.0,655567.0,-0.004002153024450278,11293.55,False
2020-03-16,TX202003,9919.0,10055.0,9636.0,9668.0,0.0025037848854473793,1543.0,616267.0,-0.002929840787075961,11186.35,False
2020-03-17,TX202003,9379.0,9677.0,9271.0,9363.0,0.0008815921619029474,546.0,619334.0,-0.002653994982883665,11066.0,False
2020-03-18,TX202003,9366.0,9489.0,9205.0,9263.0,0.014467602180287944,6986.0,482872.0,-0.0012632329920442159,10947.15,False
2020-03-19,TX202004,8820.0,8872.0,8268.0,8353.0,0.0020717691380867545,1085.0,523707.0,-0.0020773458770134397,10776.8,False
2020-03-20,TX202004,8562.0,9166.0,8544.0,9013.0,0.00713872109843572,3341.0,468011.0,-0.0002473572246539539,10641.7,False
2020-03-23,TX202004,8609.0,8868.0,8555.0,8688.0,0.003938939350542916,1389.0,352633.0,0.00025820219652505905,10492.9,False
2020-03-24,TX202004,8998.0,9295.0,8986.0,9193.0,-0.002495541791092024,-946.0,379076.0,0.0003127263444336015,10377.15,False
2020-03-25,TX202004,9410.0,9624.0,9370.0,9583.0,0.007055079024928329,2456.0,348118.0,0.00031255995363822407,10279.2,False
2020-03-26,TX202004,9679.0,9690.0,9426.0,9638.0,-0.0032438252910693857,-1205.0,371475.0,0.0007668717788702872,10190.05,False
2020-03-27,TX202004,9899.0,9910.0,9548.0,9583.0,0.003959743155324435,1213.0,306333.0,0.001538684628313932,10105.55,False
2020-03-30,TX202004,9376.0,9576.0,9266.0,9576.0,0.0015545276089398575,411.0,264389.0,0.0017667465203131665,10025.65,False
2020-03-31,TX202004,9666.0,9717.0,9495.0,9596.0,0.0009736907773379588,199.0,204377.0,0.0013573812880457946,9939.25,False
2020-04-01,TX202004,9588.0,9650.0,9551.0,9552.0,0.008280752873624784,1546.0,186698.0,0.0011541659403965184,9848.65,False
2020-04-06,TX202004,9741.0,9860.0,9582.0,9826.0,-0.014358722451562929,-3040.0,211718.0,-0.00026333026153986137,9765.35,False
2020-04-07,TX202004,9955.0,10020.0,9878.0,9997.0,0.00625239517657373,1191.0,190487.0,0.0017997865685984063,9701.75,True
2020-04-08,TX202004,9950.0,10135.0,9945.0,10127.0,-0.011086707326677225,-2534.0,228562.0,0.0008748116873852884,9660.6,True
2020-04-09,TX202004,10131.0,10197.0,10028.0,10101.0,0.004633866725754087,962.0,207602.0,0.0018649167106727597,9616.45,True
2020-04-10,TX202004,10038.0,10140.0,10030.0,10133.0,0.00501271732457176,743.0,148223.0,0.001889565397299121,9582.05,True
2020-04-13,TX202004,10084.0,10149.0,10031.0,10073.0,-0.0019054087196030713,-404.0,212028.0,0.0018765522247905346,9567.35,True
2020-04-14,TX202004,10160.0,10355.0,10125.0,10346.0,-0.005531714525248736,-1445.0,261221.0,0.00150516306882526,9583.6,True
2020-04-15,TX202004,10347.0,10463.0,10330.0,10450.0,-0.005577544792579388,-923.0,165485.0,0.0011010965849239218,9622.7,True
2020-04-16,TX202005,10177.0,10343.0,10161.0,10302.0,-0.005144775437504552,-777.0,151027.0,0.0007997782049535468,9669.65,True
2020-04-17,TX202005,10575.0,10669.0,10456.0,10561.0,-0.003551670618257301,-746.0,210042.0,-0.00010118543497371537,9734.55,False
2020-04-20,TX202005,10515.0,10560.0,10458.0,10476.0,-0.012856386034815958,-1723.0,134019.0,-0.0008475931936188511,9840.7,False
2020-04-21,TX202005,10406.0,10467.0,10144.0,10198.0,0.020926055739214473,5045.0,241087.0,-0.00015822646157991337,9899.95,False
2020-04-22,TX202005,10145.0,10226.0,10065.0,10225.0,-0.02253005877618711,-4619.0,205015.0,-0.0014816763679164147,9976.8,False
2020-04-23,TX202005,10268.0,10402.0,10154.0,10292.0,0.01624259602093823,3255.0,200399.0,-0.000544769477314902,10031.75,False
2020-04-24,TX202005,10231.0,10292.0,10211.0,10270.0,0.0004651758566988694,69.0,148331.0,-0.000874264635726375,10066.1,False
2020-04-27,TX202005,10373.0,10567.0,10368.0,10547.0,-0.0025726146078720803,-427.0,165979.0,-0.0008407041015665098,10111.55,False
2020-04-28,TX202005,10600.0,10605.0,10480.0,10582.0,0.0009539135943609871,131.0,137329.0,-0.0009909955796146821,10161.5,False
2020-04-29,TX202005,10655.0,10770.0,10631.0,10707.0,0.013289718512240182,2007.0,151019.0,-0.000404236034449666,10218.05,False
2020-04-30,TX202005,10813.0,10971.0,10803.0,10944.0,-0.0007558476966891171,-112.0,148178.0,-0.0004907129581510197,10285.45,False
2020-05-04,TX202005,10540.0,10699.0,10477.0,10615.0,-0.02038996311159755,-4024.0,197352.0,-0.0019242487574121364,10338.6,False
2020-05-05,TX202005,10717.0,10795.0,10658.0,10725.0,-0.0029589948768644005,-443.0,149713.0,-0.00135426237867721,10383.55,False
2020-05-06,TX202005,10658.0,10780.0,10618.0,10750.0,0.01329056780083721,2105.0,158383.0,-0.001002353747464036,10421.2,False
2020-05-07,TX202005,10736.0,10877.0,10710.0,10833.0,-0.007291467333566485,-1105.0,151547.0,-0.000812591747808499,10456.5,False
2020-05-08,TX202005,10893.0,10956.0,10853.0,10896.0,-0.00824905487286098,-1115.0,135167.0,-0.0014567378277392522,10496.25,False
2020-05-11,TX202005,10979.0,11038.0,10935.0,10983.0,-0.000998193352527244,-121.0,121219.0,-0.0017572833615942026,10538.75,False
2020-05-12,TX202005,10902.0,10932.0,10802.0,10865.0,0.004095742176728921,609.0,148691.0,-0.001457225816777603,10578.35,False
2020-05-13,TX202005,10783.0,10925.0,10776.0,10915.0,0.020290922482047506,2755.0,135775.0,-0.00016609396641279075,10606.8,False
2020-05-14,TX202005,10828.0,10877.0,10738.0,10750.0,-0.02382663209305716,-4576.0,192054.0,-0.0010785483314366795,10621.8,False
2020-05-15,TX202005,10830.0,10869.0,10701.0,10818.0,0.013446555421381269,3129.0,232699.0,-0.0001489817884923885,10647.6,False
2020-05-18,TX202005,10768.0,10824.0,10724.0,10763.0,-0.017119214238282533,-4692.0,274078.0,-0.00082735896949365,10657.7,False
2020-05-19,TX202005,10932.0,10964.0,10836.0,10872.0,0.008768395402828144,2285.0,260595.0,0.0002538801023885551,10677.5,True
2020-05-20,TX202005,10903.0,10960.0,10853.0,10887.0,0.004388527667615649,706.0,160874.0,-0.0005729963011913862,10711.95,False
2020-05-21,TX202006,10903.0,11008.0,10894.0,10952.0,0.0055126195752040206,816.0,148024.0,0.0008291376163781703,10748.3,True
2020-05-22,TX202006,10928.0,10935.0,10723.0,10743.0,-0.014097422469700485,-2552.0,181026.0,-0.0006878633081537653,10770.85,False
2020-05-25,TX202006,10800.0,10840.0,10651.0,10817.0,0.007552127109832708,1213.0,160617.0,-0.00033351574549707346,10798.2,False
2020-05-26,TX202006,10896.0,11027.0,10891.0,10984.0,0.019743311732519732,2349.0,118977.0,0.0007822805715225171,10820.05,True
2020-05-27,TX202006,10962.0,11037.0,10926.0,10972.0,-0.0019263350894701417,-249.0,129261.0,0.0006382681373309606,10839.55,True
2020-05-28,TX202006,11066.0,11077.0,10856.0,10907.0,0.0012496528742016106,216.0,172848.0,3.626485542903216e-05,10849.55,True
2020-05-29,TX202006,10888.0,10950.0,10806.0,10922.0,0.01329177124659272,1970.0,148212.0,0.000738645802593124,10848.45,True
2020-06-01,TX202006,10983.0,11103.0,10971.0,11057.0,0.0016925781428692795,259.0,153021.0,0.0018427728653164655,10870.55,True
2020-06-02,TX202006,11080.0,11140.0,11072.0,11106.0,0.011553388486048992,1289.0,111569.0,0.002568392033462135,10889.6,True
2020-06-03,TX202006,11250.0,11299.0,11206.0,11283.0,0.012637335739112798,1807.0,142989.0,0.0025357304303759145,10916.25,True
2020-06-04,TX202006,11419.0,11425.0,11306.0,11357.0,-0.009043009109452967,-1361.0,150503.0,0.00244815334158159,10942.45,True
2020-06-05,TX202006,11399.0,11473.0,11377.0,11457.0,0.01909329324585985,2337.0,122399.0,0.0038152707475176324,10970.5,True
2020-06-08,TX202006,11550.0,11626.0,11491.0,11570.0,-0.020200457099323874,-3394.0,168016.0,0.0028551575601778,10999.85,True
2020-06-09,TX202006,11596.0,11622.0,11521.0,11609.0,0.01002198819581067,1299.0,129615.0,0.0031514698611318876,11037.05,True
2020-06-10,TX202006,11634.0,11730.0,11596.0,11706.0,-0.011027881814398668,-1484.0,134568.0,0.0015855296463095797,11076.6,True
2020-06-11,TX202006,11689.0,11738.0,11475.0,11491.0,-0.0004699372184996858,-89.0,189387.0,0.002753364390037453,11113.65,True
2020-06-12,TX202006,11331.0,11432.0,11250.0,11395.0,-0.02492109224181423,-5977.0,239837.0,0.0008349820068776781,11142.5,True
2020-06-15,TX202006,11356.0,11446.0,11216.0,11229.0,0.0031816139026705913,1069.0,335993.0,0.0018500234139253342,11165.8,True
2020-06-16,TX202006,11448.0,11554.0,11421.0,11526.0,-0.003532827769730417,-1078.0,305138.0,0.001234962255297406,11198.5,True
2020-06-17,TX202006,11480.0,11568.0,11467.0,11521.0,-0.0059007322712015245,-1220.0,206754.0,0.0007204992583565473,11230.2,True
2020-06-18,TX202007,11372.0,11425.0,11295.0,11394.0,0.011340717473962638,1715.0,151225.0,0.0010119041532944783,11252.3,True
2020-06-19,TX202007,11424.0,11439.0,11361.0,11410.0,-0.009123302819929962,-1188.0,130216.0,0.001260610135783004,11285.65,True
2020-06-22,TX202007,11374.0,11498.0,11362.0,11423.0,0.005567764628997226,869.0,156077.0,0.0011613920117412304,11315.95,True
2020-06-23,TX202007,11493.0,11540.0,11346.0,11455.0,0.003448001183472353,606.0,175754.0,0.0003466264842888614,11339.5,True
2020-06-24,TX202007,11541.0,11570.0,11503.0,11523.0,0.00026318693913589784,31.0,117787.0,0.00045610258571916344,11367.05,True
2020-06-29,TX202007,11394.0,11458.0,11315.0,11361.0,-0.00933632871634908,-1733.0,185619.0,-7.319649380837113e-05,11389.75,False
2020-06-30,TX202007,11460.0,11502.0,11412.0,11469.0,0.010948181908253245,1326.0,121116.0,-0.00019037596072534485,11417.1,False
2020-07-01,TX202007,11482.0,11623.0,11472.0,11546.0,0.013544084378764285,1844.0,136148.0,0.00040219935106940543,11441.55,True
2020-07-02,TX202007,11585.0,11712.0,11566.0,11695.0,0.03317289326915731,4342.0,130890.0,0.0014831745902248214,11471.0,True
2020-07-03,TX202007,11788.0,11850.0,11752.0,11838.0,0.021877395723899032,3082.0,140876.0,0.001945177589464133,11498.75,True
2020-07-06,TX202007,11921.0,12072.0,11905.0,12065.0,-0.029881029235451443,-3888.0,130116.0,0.0009032765831642091,11534.15,True
2020-07-07,TX202007,12149.0,12192.0,11990.0,12027.0,0.003019136244871701,535.0,177203.0,9.956873311480171e-05,11562.65,True
2020-07-08,TX202007,12041.0,12145.0,12025.0,12125.0,0.00255093455742295,379.0,148573.0,0.001237138315952143,11590.4,True
2020-07-09,TX202007,12202.0,12222.0,12118.0,12147.0,0.016975256059914273,2491.0,146743.0,0.001584801709157323,11617.3,True
2020-07-10,TX202007,12204.0,12213.0,11987.0,11999.0,0.009225197208737865,1946.0,210944.0,0.00259745566031415,11631.95,True
2020-07-13,TX202007,12139.0,12210.0,12105.0,12205.0,-0.011163946365077325,-2606.0,233430.0,0.002062755202985268,11667.65,True
2020-07-14,TX202007,12147.0,12224.0,12119.0,12188.0,-0.0026370378404761583,-778.0,295028.0,0.0031769579230521714,11707.3,True
2020-07-15,TX202007,12305.0,12323.0,12150.0,12220.0,-0.006542060724253384,-1315.0,201007.0,0.0026907741917059727,11756.85,True
2020-07-16,TX202008,12066.0,12094.0,11931.0,12032.0,-0.005414912391656578,-899.0,166023.0,0.002596669960609664,11782.15,True
2020-07-17,TX202008,12088.0,12138.0,12011.0,12039.0,0.01676069340445174,2451.0,146235.0,0.0037297412443923275,11808.05,True
2020-07-20,TX202008,12073.0,12075.0,11903.0,12031.0,0.00784302701487083,1116.0,142292.0,0.003554856721437737,11839.9,True
2020-07-21,TX202008,12125.0,12324.0,12121.0,12289.0,0.0035052975542132886,531.0,151485.0,0.004186286740144899,11883.85,True
2020-07-22,TX202008,12301.0,12361.0,12256.0,12331.0,-0.020632480351729193,-2872.0,139198.0,0.002876274491108579,11929.25,True
2020-07-23,TX202008,12309.0,12313.0,12199.0,12288.0,-0.005722853929776334,-916.0,160060.0,0.0024177317354461443,11970.9,True
2020-07-24,TX202008,12232.0,12352.0,12123.0,12150.0,0.007531544455674741,1617.0,214697.0,0.002781149611273087,12002.25,True
2020-07-27,TX202008,12410.0,12572.0,12407.0,12503.0,0.016152908964667968,3699.0,228999.0,0.004055611495323939,12059.35,True
2020-07-28,TX202008,12834.0,12900.0,12408.0,12457.0,-0.011412110132402637,-3708.0,324918.0,0.0029375968932911453,12108.75,True
2020-07-29,TX202008,12446.0,12543.0,12392.0,12423.0,-0.009144531095364396,-1848.0,202088.0,0.0018031661195847108,12152.6,True
2020-07-30,TX202008,12617.0,12627.0,12488.0,12596.0,0.021536483445837352,3752.0,174216.0,0.0012213456284187129,12197.65,True
2020-07-31,TX202008,12606.0,12644.0,12525.0,12577.0,-0.01223391366661683,-2373.0,193969.0,-0.0004842198411070801,12234.6,False
2020-08-03,TX202008,12531.0,12567.0,12405.0,12443.0,-0.013278237499867217,-2500.0,188278.0,0.00034591974567213117,12253.5,True
2020-08-04,TX202008,12516.0,12632.0,12489.0,12629.0,0.04556414461862164,6973.0,153037.0,0.002473170164359628,12283.6,True
2020-08-05,TX202008,12700.0,12746.0,12643.0,12744.0,0.00035088745284949854,48.0,136796.0,0.002363167809130955,12314.55,True
2020-08-06,TX202008,12856.0,12925.0,12753.0,12835.0,-3.960508076607542e-05,-7.0,176745.0,0.0015124247520969382,12348.95,True
2020-08-07,TX202008,12860.0,12866.0,12706.0,12763.0,0.0006727904326454395,98.0,145662.0,0.001084804413292317,12387.15,True
2020-08-10,TX202008,12779.0,12905.0,12720.0,12855.0,-0.01724737316334277,-2431.0,140949.0,0.0007806330733790447,12419.65,True
2020-08-11,TX202008,12825.0,12874.0,12727.0,12737.0,-0.019310535869192808,-2649.0,137179.0,-5.3041828056787746e-05,12447.1,False
2020-08-12,TX202008,12700.0,12701.0,12565.0,12655.0,0.008302057232575896,1544.0,185978.0,0.0006891640697846763,12468.85,True
2020-08-13,TX202008,12816.0,12836.0,12702.0,12723.0,0.004623786095154684,718.0,155284.0,0.0011910989941252394,12503.4,True
2020-08-14,TX202008,12696.0,12790.0,12646.0,12788.0,0.01591752781089211,2577.0,161897.0,0.001148940714447258,12540.85,True
2020-08-17,TX202008,12776.0,12959.0,12771.0,12955.0,0.0028818943363192358,665.0,230751.0,0.0009008840805196783,12587.05,True
2020-08-18,TX202008,12983.0,12998.0,12836.0,12875.0,-0.008625142231352644,-2221.0,257503.0,0.00029436209124138164,12616.35,True
2020-08-19,TX202008,12905.0,12955.0,12780.0,12806.0,-0.0179986250267669,-3194.0,177458.0,0.00042605485748949644,12640.1,True
2020-08-20,TX202009,12695.0,12709.0,12067.0,12305.0,-0.009189259416620726,-2617.0,284789.0,0.0002527345831472767,12640.95,False
2020-08-21,TX202009,12466.0,12598.0,12423.0,12543.0,0.03975034423362166,7477.0,188099.0,0.0018636745720446222,12660.6,False
2020-08-24,TX202009,12568.0,12653.0,12503.0,12604.0,0.006661943913731047,931.0,139749.0,0.0013891263194977762,12665.65,False
2020-08-25,TX202009,12657.0,12795.0,12643.0,12737.0,-0.000694127957931639,-99.0,142625.0,0.0019250254282213262,12679.65,True
2020-08-26,TX202009,12730.0,12799.0,12681.0,12792.0,0.011274247922922462,1224.0,108566.0,0.0029459643791356687,12698.1,True
2020-08-27,TX202009,12838.0,12925.0,12735.0,12760.0,0.0035872634799925065,517.0,144121.0,0.0020485033808434272,12706.3,True
2020-08-28,TX202009,12740.0,12782.0,12634.0,12691.0,-0.01270687812408909,-2354.0,185254.0,0.002024855157969814,12712.0,False
2020-08-31,TX202009,12800.0,12826.0,12563.0,12591.0,-0.01960624465006318,-3367.0,171731.0,0.0017084548004600159,12719.4,False
2020-09-01,TX202009,12566.0,12698.0,12531.0,12691.0,0.008353059276977035,1348.0,161378.0,-0.00015209946662221447,12722.5,False
2020-09-02,TX202009,12765.0,12776.0,12595.0,12691.0,0.00745490362702306,1158.0,155334.0,0.0002031013420864636,12719.85,False
2020-09-03,TX202009,12792.0,12858.0,12705.0,12732.0,0.0042311586865326194,702.0,165912.0,0.0004166395304513983,12714.7,True
2020-09-04,TX202009,12558.0,12651.0,12510.0,12606.0,-0.000902966552416972,-191.0,211525.0,0.00033785168119827776,12706.85,False
2020-09-07,TX202009,12608.0,12733.0,12560.0,12582.0,-0.0010226389539085261,-225.0,220019.0,0.00114908839166999,12693.2,False
2020-09-08,TX202009,12657.0,12695.0,12610.0,12667.0,0.012621011661296833,1657.0,131289.0,0.002745665768194472,12689.7,False
2020-09-09,TX202009,12545.0,12606.0,12434.0,12598.0,-0.01089613286039947,-2648.0,243022.0,0.0017857562635457038,12686.85,False
2020-09-10,TX202009,12669.0,12706.0,12622.0,12699.0,0.016412940057088488,2622.0,159752.0,0.002375213961642394,12685.65,True
2020-09-11,TX202009,12658.0,12689.0,12606.0,12661.0,-0.0066577357632131035,-1317.0,197815.0,0.0012464507829371332,12679.3,False
2020-09-14,TX202009,12694.0,12797.0,12678.0,12785.0,0.006216248649945998,1554.0,249990.0,0.0014131684986184712,12670.8,True
2020-09-15,TX202009,12768.0,12855.0,12756.0,12840.0,0.0039563621670763325,940.0,237592.0,0.00204224371853992,12669.05,True
2020-09-16,TX202009,12945.0,13018.0,12900.0,12968.0,0.028161010260457774,5352.0,190050.0,0.004350225482901153,12677.15,True
2020-09-17,TX202010,12855.0,12908.0,12772.0,12816.0,-0.039614051776856694,-5830.0,147170.0,0.002828985864889355,12702.7,True
2020-09-18,TX202010,12839.0,12866.0,12773.0,12835.0,-0.010360626662725391,-1402.0,135320.0,0.0003234373200720027,12717.3,True
2020-09-21,TX202010,12820.0,12877.0,12655.0,12659.0,-0.03808834011634591,-6626.0,173964.0,-0.0019140768814318453,12720.05,False
2020-09-22,TX202010,12627.0,12655.0,12481.0,12507.0,-0.005836077305057127,-1207.0,206817.0,-0.0021711743487881196,12708.55,False
2020-09-23,TX202010,12553.0,12563.0,12441.0,12528.0,0.005157265530825536,830.0,160938.0,-0.002477023468392966,12695.35,False
2020-09-24,TX202010,12407.0,12414.0,12166.0,12175.0,0.0050885772698206835,1130.0,222066.0,-0.0024019577789015567,12666.1,False
2020-09-25,TX202010,12265.0,12309.0,12114.0,12195.0,0.03472026519041455,7269.0,209359.0,-3.060061317637468e-05,12641.3,False
2020-09-28,TX202010,12292.0,12421.0,12246.0,12417.0,0.006244294321708965,855.0,136925.0,0.0012619263354122323,12632.6,False
2020-09-29,TX202010,12478.0,12522.0,12395.0,12421.0,0.010321759986513513,1347.0,130501.0,0.0013603613708890563,12619.1,False
2020-09-30,TX202010,12456.0,12548.0,12444.0,12472.0,0.03016860203830151,4162.0,137958.0,0.002496046291452979,12608.15,False
2020-10-05,TX202010,12577.0,12620.0,12486.0,12529.0,-0.02305747326870794,-2909.0,126163.0,0.0011316146936909508,12598.0,False
2020-10-06,TX202010,12618.0,12704.0,12614.0,12675.0,0.007852808514780802,968.0,123268.0,0.0015694034470508395,12601.45,True
2020-10-07,TX202010,12620.0,12758.0,12606.0,12755.0,0.020046738629318158,2522.0,125806.0,0.002622872326212174,12610.1,True
2020-10-08,TX202010,12831.0,12876.0,12772.0,12873.0,-0.0033627539709557694,-405.0,120437.0,0.001823684044599544,12620.4,True
2020-10-12,TX202010,12935.0,12995.0,12878.0,12920.0,0.000258430367783332,35.0,135433.0,0.002381412206008684,12636.5,True
2020-10-13,TX202010,12950.0,12952.0,12816.0,12919.0,0.01615469142079281,1970.0,121946.0,0.0023684997741939,12647.5,True
2020-10-14,TX202010,12940.0,12956.0,12871.0,12888.0,-0.02375702458067007,-2769.0,116555.0,0.0015135353333210516,12658.85,True
2020-10-15,TX202010,12838.0,12892.0,12727.0,12840.0,0.007032468281080294,1159.0,164807.0,0.0015543463148777665,12661.6,True
2020-10-16,TX202010,12818.0,12865.0,12718.0,12745.0,-0.015553729778734737,-2745.0,176485.0,0.000578841717587213,12656.85,True
2020-10-19,TX202010,12783.0,12912.0,12782.0,12896.0,0.002024872448979592,508.0,250880.0,-0.000727965172986696,12653.25,False
2020-10-20,TX202010,12892.0,12905.0,12844.0,12856.0,-0.003992545005532346,-949.0,237693.0,0.0010531101655795213,12655.25,True
2020-10-21,TX202010,12906.0,12946.0,12851.0,12860.0,-0.002796288309845439,-402.0,143762.0,0.0014313270832235193,12656.5,True
2020-10-22,TX202011,12729.0,12839.0,12707.0,12837.0,0.03169775074041463,3960.0,124930.0,0.004920631626061546,12665.4,True
2020-10-23,TX202011,12865.0,12883.0,12795.0,12839.0,-0.017728450594044882,-1813.0,102265.0,0.004326012961612159,12682.0,True
2020-10-26,TX202011,12848.0,12935.0,12820.0,12858.0,0.008450133156405791,917.0,108519.0,0.004490656342891171,12698.5,True
2020-10-27,TX202011,12826.0,12833.0,12765.0,12807.0,-0.025051469697756096,-2896.0,115602.0,0.0029836539945123325,12730.1,True
2020-10-28,TX202011,12780.0,12809.0,12713.0,12739.0,-0.004707999810543267,-497.0,105565.0,0.0010122407444644412,12757.3,False
2020-10-29,TX202011,12598.0,12640.0,12504.0,12602.0,-0.02395758437295894,-4365.0,182197.0,-0.000497853190268954,12766.55,False
2020-10-30,TX202011,12545.0,12563.0,12407.0,12414.0,0.021247504386230263,3512.0,165290.0,4.8434029716883445e-05,12766.2,False
2020-11-02,TX202011,12474.0,12531.0,12402.0,12515.0,-0.005824709487194311,-806.0,138376.0,-0.0017512315465579077,12768.35,False
2020-11-03,TX202011,12611.0,12715.0,12602.0,12685.0,0.041307557600521926,4812.0,116492.0,0.0014670199969035857,12776.15,False
2020-11-04,TX202011,12770.0,12879.0,12662.0,12865.0,0.017445572016642086,3170.0,181708.0,0.00194665817199665,12785.65,True
2020-11-05,TX202011,12924.0,12928.0,12821.0,12890.0,0.0181656338799685,2653.0,146045.0,0.001852602934529167,12792.4,True
2020-11-06,TX202011,12942.0,12991.0,12896.0,12936.0,0.0054718816890445615,703.0,128475.0,0.0022943347175291835,12795.55,True
2020-11-09,TX202011,13090.0,13175.0,13046.0,13121.0,-0.0077086587958101775,-1204.0,156188.0,0.001895980259349508,12805.6,True
2020-11-10,TX202011,13130.0,13154.0,13010.0,13071.0,-0.0011782280292032233,-224.0,190116.0,0.0010293342868497066,12813.2,True
2020-11-11,TX202011,13101.0,13281.0,13077.0,13263.0,0.0053672956051824695,877.0,163397.0,0.0024855502961423333,12831.95,True
2020-11-12,TX202011,13266.0,13305.0,13193.0,13230.0,0.013089115293524111,1868.0,142714.0,0.0027883826467645246,12851.45,True
2020-11-13,TX202011,13227.0,13285.0,13163.0,13284.0,-0.004028949294379431,-545.0,135271.0,0.00336462167098229,12878.4,True
2020-11-16,TX202011,13407.0,13582.0,13406.0,13581.0,-0.007887294900874893,-2142.0,271576.0,0.002869013303489565,12912.65,True
2020-11-17,TX202011,13656.0,13737.0,13603.0,13625.0,0.0006016444949528711,180.0,299180.0,0.0030987227785138267,12951.1,True
2020-11-18,TX202011,13632.0,13788.0,13621.0,13756.0,0.003981350191637307,643.0,161503.0,0.003437604703587964,12995.9,True
2020-11-19,TX202012,13732.0,13750.0,13662.0,13740.0,-0.009298486932599725,-1183.0,127225.0,0.0013877928199372458,13041.05,True
2020-11-20,TX202012,13724.0,13737.0,13640.0,13736.0,-0.003843771632601013,-422.0,109788.0,0.002082026768009439,13085.9,True
2020-11-23,TX202012,13790.0,13943.0,13788.0,13875.0,-0.03381961091852103,-3795.0,112213.0,-3.146043573690194e-05,13136.75,False
2020-11-24,TX202012,13921.0,13928.0,13777.0,13804.0,0.0011325230294545162,127.0,112139.0,0.0012777392006236286,13186.6,True
2020-11-25,TX202012,13886.0,13909.0,13692.0,13709.0,0.003251658903069928,467.0,143619.0,0.0016757221363042883,13235.1,True
2020-11-26,TX202012,13788.0,13862.0,13741.0,13841.0,-0.019480686584832343,-2271.0,116577.0,0.0018995670257106183,13297.05,True
2020-11-27,TX202012,13781.0,13890.0,13763.0,13878.0,0.02203227045716481,2294.0,104120.0,0.0019388053292573454,13370.25,True
2020-11-30,TX202012,13883.0,13975.0,13704.0,13722.0,-0.008202934814093517,-1331.0,162259.0,0.001819894062912385,13430.6,True
2020-12-01,TX202012,13818.0,13885.0,13751.0,13877.0,-0.0192040077929307,-2415.0,125755.0,-0.0012056842067602461,13490.2,False
2020-12-02,TX202012,13932.0,13980.0,13855.0,13956.0,0.017639137249707487,2397.0,135891.0,-0.0011960059451069762,13544.75,False
2020-12-03,TX202012,13971.0,14047.0,13903.0,13986.0,0.007324454320843263,1002.0,136802.0,-0.001738064923063238,13599.55,False
2020-12-04,TX202012,14022.0,14149.0,14012.0,14138.0,0.000947481453927837,135.0,142483.0,-0.001964284934819074,13659.65,False
2020-12-07,TX202012,14181.0,14247.0,14087.0,14225.0,-0.017476765603250708,-2486.0,142246.0,-0.002452690275191101,13714.85,False
2020-12-08,TX202012,14206.0,14350.0,14156.0,14342.0,-0.002420786486631879,-315.0,130123.0,-0.0025148181980625336,13778.4,False
2020-12-09,TX202012,14372.0,14425.0,14331.0,14397.0,-0.02221817820864904,-2686.0,120892.0,-0.0038940918887541095,13835.1,False
2020-12-10,TX202012,14261.0,14314.0,14178.0,14241.0,-9.192584648383637e-05,-15.0,163175.0,-0.004553143945754507,13885.65,False
2020-12-11,TX202012,14290.0,14340.0,14091.0,14236.0,0.0020779855763354113,459.0,220887.0,-0.0042477972022187645,13933.25,False
2020-12-14,TX202012,14264.0,14285.0,14197.0,14200.0,-0.00833877104819369,-1968.0,236006.0,-0.004270371009584705,13964.2,False
2020-12-15,TX202012,14162.0,14232.0,14030.0,14085.0,0.014604893403107137,4111.0,281481.0,-0.0035702085641769908,13987.2,False
2020-12-16,TX202012,14198.0,14328.0,14186.0,14323.0,-0.005393912119018269,-827.0,153321.0,-0.00403897167970977,14015.55,False
2020-12-17,TX202101,14220.0,14225.0,14085.0,14186.0,-0.015187534059407504,-1923.0,126617.0,-0.004333424036050159,14037.85,False
2020-12-18,TX202101,14190.0,14222.0,14128.0,14137.0,0.0018755400080079237,178.0,94906.0,-0.004047458454019713,14057.9,False
2020-12-21,TX202101,14155.0,14313.0,14021.0,14312.0,0.017568319380115157,2621.0,149189.0,-0.0014780619390879026,14079.75,False
2020-12-22,TX202101,14253.0,14334.0,14042.0,14046.0,-0.012262863309809233,-2318.0,189026.0,-0.0021478312560510903,14091.85,False
2020-12-23,TX202101,14104.0,14181.0,14031.0,14113.0,-0.006692800458934889,-980.0,146426.0,-0.002645054224151331,14112.05,False
2020-12-24,TX202101,14185.0,14287.0,14179.0,14242.0,0.02038776020280644,2284.0,112028.0,-0.0006516318847693915,14132.1,False
2020-12-25,TX202101,14328.0,14383.0,14245.0,14305.0,0.0046553500989113825,393.0,84419.0,-0.001520477902682063,14153.45,False
2020-12-28,TX202101,14329.0,14444.0,14320.0,14437.0,-0.011231748408835642,-900.0,80130.0,-0.0016719185824191692,14189.2,False
2020-12-29,TX202101,14465.0,14466.0,14376.0,14459.0,0.00586262030911998,561.0,95691.0,-0.0004185871773166354,14218.3,False
2020-12-30,TX202101,14451.0,14643.0,14440.0,14638.0,0.02153798754128034,2237.0,103863.0,-0.00022364466273799253,14252.4,False
2020-12-31,TX202101,14678.0,14712.0,14604.0,14678.0,-0.0017095922994016426,-184.0,107628.0,-0.000675346993750238,14287.0,False
2021-01-04,TX202101,14640.0,14925.0,14635.0,14874.0,0.008097644202375484,1234.0,152390.0,-0.00031783885632785566,14323.8,False
2021-01-05,TX202101,14874.0,14980.0,14836.0,14977.0,-0.00035124274445602025,-59.0,167975.0,0.0005384372866118787,14361.4,True
2021-01-06,TX202101,15048.0,15140.0,14764.0,14911.0,-0.001253299538589723,-358.0,285646.0,0.0005968116340139865,14389.85,True
2021-01-07,TX202101,15050.0,15260.0,15024.0,15230.0,0.0041977726706790746,853.0,203203.0,0.0019176091779803926,14431.5,True
2021-01-08,TX202101,15376.0,15473.0,15264.0,15454.0,-0.008912033313263257,-1939.0,217571.0,0.0014766038046414214,14492.15,True
2021-01-11,TX202101,15420.0,15538.0,15369.0,15534.0,-0.007515608202073203,-1524.0,202778.0,0.0009969241157209907,14557.05,True
2021-01-12,TX202101,15517.0,15605.0,15407.0,15493.0,-0.0011660325086356542,-266.0,228124.0,0.0013555610426988925,14621.7,True
2021-01-13,TX202101,15557.0,15790.0,15555.0,15764.0,-0.0060886127330065255,-1170.0,192162.0,0.0003208857358932094,14705.65,True
2021-01-14,TX202101,15705.0,15766.0,15632.0,15729.0,-0.023530809575268603,-4159.0,176747.0,-0.0005859591369193073,14775.95,False
2021-01-15,TX202101,15950.0,16002.0,15584.0,15634.0,0.008286951854158833,2887.0,348379.0,0.0005877651587590095,14848.35,True
2021-01-18,TX202101,15637.0,15679.0,15327.0,15606.0,-0.005485367490444373,-1880.0,342730.0,0.0002197197838363946,14921.8,True
2021-01-19,TX202101,15714.0,15946.0,15710.0,15888.0,-0.0034927677815860237,-1069.0,306061.0,-0.0008333345742486644,15000.6,False
2021-01-20,TX202101,15899.0,15964.0,15735.0,15766.0,0.003621652574199258,974.0,268938.0,-3.9108780048239935e-05,15086.6,False
2021-01-21,TX202102,15803.0,16183.0,15769.0,16129.0,-0.004036886666718026,-1048.0,259606.0,9.368690956260321e-05,15187.4,True
2021-01-22,TX202102,16051.0,16085.0,15928.0,15984.0,-0.025627167040587394,-5026.0,196120.0,-0.0022070594526070885,15274.5,False
2021-01-25,TX202102,15956.0,16004.0,15719.0,15912.0,-0.006138293714245105,-1382.0,225144.0,-0.002746741643264913,15354.85,False
2021-01-26,TX202102,15865.0,15974.0,15537.0,15626.0,0.006759359787062655,1930.0,285530.0,-0.0018471862334699981,15414.3,False
2021-01-27,TX202102,15725.0,15814.0,15585.0,15660.0,-0.008489777437219185,-1950.0,229688.0,-0.002564806120786956,15474.35,False
2021-01-28,TX202102,15411.0,15524.0,15305.0,15383.0,-0.0038569424964936885,-1100.0,285200.0,-0.0038345526226756577,15511.6,False
2021-01-29,TX202102,15498.0,15539.0,15063.0,15075.0,0.02634118517093748,7943.0,301543.0,-0.0024320137491587015,15531.45,False
2021-02-01,TX202102,15156.0,15398.0,15090.0,15360.0,-0.004351541236787138,-1100.0,252784.0,-0.0030544730211168325,15555.75,False
2021-02-02,TX202102,15469.0,15820.0,15459.0,15755.0,0.009288462491124357,2250.0,242236.0,-0.002572487759337814,15594.65,False
2021-02-03,TX202102,15864.0,15875.0,15716.0,15772.0,-0.006944578035126868,-1444.0,207932.0,-0.0028570516841646713,15637.7,False
2021-02-04,TX202102,15721.0,15777.0,15542.0,15701.0,0.00037151524114224706,103.0,277243.0,-0.0030483645556415124,15661.25,False
2021-02-05,TX202102,15809.0,15984.0,15751.0,15804.0,-0.0049324453727158084,-1365.0,276739.0,-0.00284938515861414,15678.75,False
2021-02-17,TX202102,16261.0,16433.0,16179.0,16326.0,0.00910387732054762,1838.0,201892.0,-0.0020184108824830987,15718.35,False
2021-02-18,TX202103,16374.0,16525.0,16287.0,16380.0,-0.026224502457366974,-4861.0,185361.0,-0.0032713343799196646,15762.7,False
2021-02-19,TX202103,16301.0,16328.0,16130.0,16314.0,0.006128681392235609,1172.0,191232.0,-0.002660469673657558,15790.2,False
2021-02-22,TX202103,16480.0,16564.0,16336.0,16385.0,-0.01136922288748247,-2197.0,193241.0,-0.0020523903392682514,15823.0,False
2021-02-23,TX202103,16223.0,16451.0,16182.0,16437.0,-0.009730285239485279,-1780.0,182934.0,-0.0029532521939504572,15863.15,False
2021-02-24,TX202103,16300.0,16435.0,16133.0,16182.0,-0.003759352560473442,-923.0,245521.0,-0.0028669514474519106,15891.95,False
2021-02-25,TX202103,16388.0,16422.0,16243.0,16388.0,0.0076735263341471925,1408.0,183488.0,-0.0023086367416652502,15916.95,False
2021-02-26,TX202103,16037.0,16118.0,15852.0,15935.0,-0.006340244187510114,-1763.0,278065.0,-0.0028067315797507186,15925.4,False
2021-03-02,TX202103,16249.0,16277.0,15868.0,15907.0,0.017042379794683746,4220.0,247618.0,-0.00175276825668063,15914.3,False
2021-03-03,TX202103,16000.0,16196.0,15885.0,16181.0,-0.0010728776529338327,-220.0,205056.0,-0.0005250537872979516,15924.15,False
2021-03-04,TX202103,16025.0,16066.0,15756.0,15925.0,0.0008935494590702655,242.0,270830.0,-0.00017346162863218312,15924.8,False
2021-03-05,TX202103,15601.0,15914.0,15570.0,15855.0,-0.006331720937692512,-1737.0,274333.0,-0.0008280156648699415,15936.25,False
2021-03-08,TX202103,15950.0,16095.0,15767.0,15816.0,0.019247053438608535,5046.0,262170.0,0.0005588258789214444,15944.05,False
2021-03-09,TX202103,15810.0,15848.0,15608.0,15822.0,-0.011783657524868109,-2926.0,248310.0,0.00016249012750272344,15966.0,False
2021-03-10,TX202103,15977.0,15986.0,15808.0,15883.0,0.014144992887242665,2635.0,186285.0,-0.00044731948668201734,16006.4,False
2021-03-11,TX202103,15951.0,16214.0,15942.0,16174.0,-0.02317400982821622,-4414.0,190472.0,-0.0013884429162534712,16047.1,False
2021-03-12,TX202103,16276.0,16288.0,16155.0,16222.0,-0.004176812251982606,-681.0,163043.0,-0.002061706653408819,16070.45,False
2021-03-15,TX202103,16206.0,16249.0,16142.0,16200.0,-0.0019972437188593237,-471.0,235825.0,-0.0018143399375954426,16091.85,False
2021-03-16,TX202103,16250.0,16348.0,16213.0,16305.0,0.009500267006597648,2206.0,232204.0,-0.0013579023493226724,16122.05,False
2021-03-17,TX202103,16304.0,16336.0,16161.0,16176.0,-0.034258484981218223,-5162.0,150678.0,-0.002824204329747793,16140.65,False
2021-03-18,TX202104,16255.0,16401.0,16220.0,16239.0,-0.00029787762194365147,-48.0,161140.0,-0.0032942920768723565,16136.3,False
2021-03-19,TX202104,16100.0,16110.0,15953.0,16012.0,-0.00292352511246307,-568.0,194286.0,-0.0021292432096271614,16117.9,False
2021-03-22,TX202104,16018.0,16174.0,15911.0,16140.0,0.014504251246054879,2523.0,173949.0,-0.001710464716936198,16109.2,False
2021-03-23,TX202104,16223.0,16277.0,16103.0,16120.0,0.004566976493709043,653.0,142983.0,-0.0009136547478766227,16095.95,False
2021-03-24,TX202104,16019.0,16062.0,15939.0,15983.0,-0.019069314214544306,-2955.0,154961.0,-0.0013806061966295737,16073.25,False
2021-03-25,TX202104,15890.0,16090.0,15870.0,16032.0,0.017160783146722217,2768.0,161298.0,-0.0003345994112697908,16065.75,False
2021-03-26,TX202104,16095.0,16293.0,16081.0,16288.0,0.02092548272707908,3340.0,159614.0,0.00032799840837680354,16060.75,True
2021-03-29,TX202104,16370.0,16485.0,16350.0,16411.0,0.010196560196560197,1494.0,146520.0,0.001154838627580319,16084.55,True
2021-03-30,TX202104,16469.0,16531.0,16418.0,16519.0,0.007743623495762539,953.0,123069.0,0.0006899008126342587,16115.15,True
2021-03-31,TX202104,16540.0,16549.0,16403.0,16422.0,-0.01909490326537127,-2273.0,119037.0,-0.00021120046798761316,16127.2,False
2021-04-01,TX202104,16535.0,16587.0,16452.0,16551.0,0.007940229213586785,1033.0,130097.0,0.00014113351973821285,16158.5,True
2021-04-06,TX202104,16760.0,16840.0,16697.0,16731.0,0.007105206374649364,922.0,129764.0,0.0008129798853553066,16202.3,True
2021-04-07,TX202104,16777.0,16788.0,16673.0,16768.0,-0.02442255308033882,-2618.0,107196.0,-0.001370500440592061,16249.9,False
2021-04-08,TX202104,16715.0,16930.0,16687.0,16930.0,0.0023239581194826526,283.0,121775.0,-0.0006651196583745231,16305.3,False
2021-04-09,TX202104,16952.0,16971.0,16810.0,16841.0,-0.021400744821431637,-2494.0,116538.0,-0.0024424065438082383,16353.2,False
2021-04-12,TX202104,16895.0,16965.0,16760.0,16834.0,-0.005488103751677367,-683.0,124451.0,-0.0015581112399812955,16386.2,False
2021-04-13,TX202104,16910.0,17046.0,16780.0,16795.0,0.004280122428573171,702.0,164014.0,-0.0011352645059535065,16414.85,False
2021-04-14,TX202104,16860.0,16917.0,16592.0,16856.0,0.0023053390104924337,477.0,206911.0,-0.0009201353694859188,16447.65,False
2021-04-15,TX202104,16881.0,17074.0,16852.0,17071.0,0.008668633645787096,1328.0,153196.0,-0.0009617170375264463,16485.95,False
2021-04-16,TX202104,17062.0,17160.0,16990.0,17158.0,-0.013266874255357112,-2305.0,173741.0,8.786349876660927e-05,16535.05,True
2021-04-19,TX202104,17118.0,17296.0,17111.0,17271.0,0.014747942949874126,3099.0,210131.0,0.0008401545273574982,16586.65,True
2021-04-20,TX202104,17238.0,17324.0,17206.0,17319.0,-0.016127196929729283,-3118.0,193338.0,0.00017997093649418754,16652.0,True
2021-04-21,TX202104,17225.0,17270.0,17150.0,17231.0,-0.013712105761963602,-2286.0,166714.0,-0.0012308469139067364,16706.55,False
2021-04-22,TX202105,17258.0,17369.0,17053.0,17109.0,-0.007707138546976261,-1571.0,203837.0,-0.0018445526659410017,16756.0,False
2021-04-23,TX202105,17061.0,17260.0,17041.0,17257.0,-0.0047797977565342325,-692.0,144776.0,-0.001130076843040498,16819.7,False
2021-04-26,TX202105,17337.0,17536.0,17323.0,17530.0,0.001702922043221444,239.0,140347.0,-0.0019029698982155365,16894.6,False
2021-04-27,TX202105,17532.0,17576.0,17460.0,17571.0,-0.0007790729032451383,-104.0,133492.0,-0.002988197679731747,16958.75,False
2021-04-28,TX202105,17548.0,17563.0,17475.0,17533.0,-0.01568521837650096,-1689.0,107681.0,-0.004282286608384806,17014.85,False
2021-04-29,TX202105,17578.0,17702.0,17531.0,17571.0,0.010525281554351965,1714.0,162846.0,-0.004143203705455334,17067.45,False
2021-05-03,TX202105,17501.0,17534.0,17226.0,17253.0,-0.023236014387388076,-4858.0,209072.0,-0.004350259261556174,17109.0,False
2021-05-04,TX202105,17271.0,17309.0,16668.0,16933.0,-0.009072321638590841,-2507.0,276335.0,-0.005200886804165056,17128.1,False
2021-05-05,TX202105,16847.0,17020.0,16756.0,16769.0,0.003885184650961525,835.0,214919.0,-0.005361887890349448,17130.0,False
2021-05-06,TX202105,16884.0,17081.0,16700.0,16944.0,0.020764213841901503,4575.0,220331.0,-0.003102549544237431,17138.8,False
2021-05-07,TX202105,17120.0,17288.0,17060.0,17287.0,-0.0019505016409909015,-334.0,171238.0,-0.0033162725322611096,17156.65,False
2021-05-10,TX202105,17369.0,17373.0,17178.0,17228.0,-0.004934199973051183,-769.0,155851.0,-0.002492945289842087,17176.0,False
2021-05-11,TX202105,16968.0,16970.0,16425.0,16556.0,0.010177410232296628,3041.0,298799.0,-0.0017096695906433867,17162.1,False
2021-05-12,TX202105,16503.0,16531.0,15027.0,15692.0,0.008467527820653612,4449.0,525419.0,-0.0015002993210393649,17106.95,False
2021-05-13,TX202105,15538.0,15991.0,15348.0,15566.0,0.004695851396967251,1693.0,360531.0,-0.001380773701715624,17042.45,False
2021-05-14,TX202105,15800.0,16021.0,15653.0,15772.0,0.011575087489368821,4151.0,358615.0,-0.0012354510095365378,16977.5,False
2021-05-17,TX202105,15183.0,15735.0,15096.0,15263.0,-0.002050200138584957,-861.0,419959.0,-0.00067461730369793,16882.75,False
2021-05-18,TX202105,15563.0,16180.0,15501.0,16147.0,-0.00587013987735314,-2194.0,373756.0,-0.0017055214450592934,16826.55,False
2021-05-19,TX202105,16122.0,16248.0,15979.0,16138.0,-0.0016885841477766975,-396.0,234516.0,-0.000983590805961664,16767.5,False
2021-05-20,TX202106,16078.0,16113.0,15854.0,15981.0,0.003445152892881686,757.0,219729.0,-0.0001257278732193997,16705.0,False
2021-05-21,TX202106,16222.0,16425.0,16072.0,16257.0,-0.005100966476293613,-1187.0,232701.0,4.580730314732639e-06,16662.4,False
2021-05-24,TX202106,16079.0,16368.0,16069.0,16294.0,-0.01300003989490542,-2281.0,175461.0,-0.00040643137660382675,16614.25,False
2021-05-25,TX202106,16463.0,16623.0,16425.0,16585.0,0.0054057209573847055,926.0,171300.0,-0.0002212914308956636,16567.0,False
2021-05-26,TX202106,16616.0,16664.0,16504.0,16616.0,0.006753246753246753,871.0,128975.0,0.00015532455192893098,16519.25,True
2021-05-27,TX202106,16593.0,16595.0,16219.0,16534.0,-0.008135226076533188,-1337.0,164347.0,0.0005328241669273195,16469.3,True
2021-05-28,TX202106,16731.0,16878.0,16673.0,16863.0,-0.001707013254068162,-259.0,151727.0,-7.879057349368682e-05,16433.9,False
2021-05-31,TX202106,16891.0,17098.0,16884.0,17013.0,-0.004637354291566459,-806.0,173806.0,0.000851142431297394,16421.9,True
2021-06-01,TX202106,17050.0,17148.0,17015.0,17130.0,0.006719687322296708,839.0,124857.0,0.0016407428793417714,16431.75,True
2021-06-02,TX202106,17171.0,17198.0,17016.0,17098.0,0.004334842500722474,630.0,145334.0,0.001663225771829819,16448.2,True
2021-06-03,TX202106,17253.0,17313.0,17147.0,17230.0,0.0047519456920492335,693.0,145835.0,0.0008626123643372055,16462.5,True
2021-06-04,TX202106,17051.0,17159.0,17025.0,17100.0,-0.017931763348004143,-2579.0,143823.0,6.354927898654349e-05,16453.15,True
2021-06-07,TX202106,17212.0,17229.0,16719.0,17090.0,0.005680299709911127,1169.0,205799.0,0.0005942742631346589,16446.25,True
2021-06-08,TX202106,17190.0,17198.0,17030.0,17090.0,-0.010108017044891487,-1224.0,121092.0,-0.00041999710072474687,16472.95,False
2021-06-09,TX202106,16997.0,17073.0,16889.0,16963.0,-0.0010684194154799097,-158.0,147882.0,-0.0008967944625314229,16536.5,False
2021-06-10,TX202106,17035.0,17175.0,16992.0,17159.0,0.004769199283069653,769.0,161243.0,-0.0008931270682263029,16616.15,False
2021-06-11,TX202106,17189.0,17298.0,17189.0,17219.0,0.0024532798193904427,489.0,199325.0,-0.0013492174517252217,16688.5,False
2021-06-15,TX202106,17322.0,17402.0,17276.0,17398.0,-0.010764321866060295,-2348.0,218128.0,-0.0017849235380989884,16795.25,False
2021-06-16,TX202106,17324.0,17398.0,17033.0,17345.0,0.014176177473955776,2165.0,152721.0,-0.0007826076705335428,16855.15,False
2021-06-17,TX202107,17070.0,17298.0,17039.0,17297.0,-0.01952381713810582,-2442.0,125078.0,-0.0016743693200499989,16913.1,False
2021-06-18,TX202107,17315.0,17332.0,17212.0,17252.0,0.008719838913347667,1022.0,117204.0,-0.0014106350190267,16976.65,False
2021-06-21,TX202107,17048.0,17149.0,16891.0,16962.0,-0.004193138500635324,-792.0,188880.0,-0.0013652436202437855,17011.9,False
2021-06-22,TX202107,17155.0,17180.0,16988.0,17028.0,-0.00902831369081959,-1205.0,133469.0,-0.001166657310039494,17048.6,False
2021-06-23,TX202107,17100.0,17319.0,17059.0,17272.0,-0.007788488835676463,-1262.0,162034.0,-0.0018263677996925524,17082.95,False
2021-06-24,TX202107,17298.0,17398.0,17261.0,17336.0,0.001504551267584443,160.0,106344.0,-0.002088802573975668,17118.95,False
2021-06-25,TX202107,17438.0,17562.0,17377.0,17419.0,0.015442348565356005,1860.0,120448.0,-0.0009099238418812085,17163.2,False
2021-06-28,TX202107,17484.0,17560.0,17398.0,17535.0,-0.007860395866176213,-718.0,91344.0,-0.0012175929724866108,17196.8,False
2021-06-29,TX202107,17595.0,17623.0,17451.0,17529.0,0.014593752562105437,1780.0,121970.0,-0.0002560376298030161,17222.6,False
2021-06-30,TX202107,17610.0,17766.0,17583.0,17715.0,-0.0009796806966618288,-108.0,110240.0,-0.000641006030750943,17251.85,False
2021-07-01,TX202107,17678.0,17774.0,17555.0,17646.0,-0.005018361643915785,-686.0,136698.0,-0.0011086662379828558,17279.25,False
2021-07-02,TX202107,17651.0,17724.0,17588.0,17653.0,0.007797602833015527,916.0,117472.0,-0.0009563833809345413,17300.4,False
2021-07-05,TX202107,17755.0,17920.0,17742.0,17898.0,0.004384165520348159,545.0,124311.0,0.00015941306248307388,17340.3,True
2021-07-06,TX202107,17956.0,17974.0,17858.0,17878.0,-0.0059588003965271195,-547.0,91797.0,-0.0004225419428388385,17379.7,False
2021-07-07,TX202107,17821.0,17906.0,17715.0,17830.0,0.00829248246103267,1130.0,136268.0,0.0004974830324573694,17416.7,True
2021-07-08,TX202107,17876.0,17897.0,17694.0,17825.0,0.001734019103600294,236.0,136100.0,0.0006376049584113795,17459.8,True
2021-07-09,TX202107,17662.0,17700.0,17526.0,17658.0,-0.012059995210832227,-2216.0,183748.0,-0.00020385476628371444,17484.75,False
2021-07-12,TX202107,17848.0,17960.0,17770.0,17824.0,-0.0041939114588916285,-626.0,149264.0,-0.000536214330197818,17515.0,False
2021-07-13,TX202107,17958.0,18030.0,17824.0,17869.0,-0.006364726501245273,-828.0,130092.0,-0.0003162345619570669,17538.55,False
2021-07-14,TX202107,17846.0,17924.0,17748.0,17874.0,0.010046351344616195,1411.0,140449.0,-0.0005227258684240459,17565.0,False
2021-07-15,TX202107,17919.0,18046.0,17868.0,18022.0,0.001033626194088325,124.0,119966.0,0.0005051462981856613,17601.25,True
2021-07-16,TX202107,17826.0,17928.0,17772.0,17925.0,-0.003903544670402317,-620.0,158830.0,-0.00012602288100183788,17634.9,False
2021-07-19,TX202107,17717.0,17813.0,17647.0,17794.0,-0.0049183071227699255,-1205.0,245003.0,-0.00016228131210856798,17676.5,False
2021-07-20,TX202107,17680.0,17716.0,17478.0,17558.0,-0.012013522094529865,-3273.0,272443.0,-0.0003115417322940817,17703.0,False
2021-07-21,TX202107,17655.0,17674.0,17376.0,17430.0,0.008827114378956474,1796.0,203464.0,0.0005192384284375651,17710.9,False
2021-07-22,TX202108,17441.0,17525.0,17347.0,17407.0,-0.0009935286377916813,-148.0,148964.0,0.00039433443316875893,17714.45,False
2021-07-23,TX202108,17486.0,17559.0,17380.0,17407.0,-5.543193354503053e-05,-7.0,126281.0,-0.00038055459177629286,17713.85,False
2021-07-26,TX202108,17473.0,17479.0,17197.0,17202.0,0.011873234107978008,1475.0,124229.0,0.0006061269069314182,17697.2,False
2021-07-27,TX202108,17322.0,17348.0,17153.0,17173.0,-0.015031766024886846,-2172.0,144494.0,-0.0008751490224181959,17679.4,False
2021-07-28,TX202108,17062.0,17136.0,16733.0,16965.0,0.0054365654175466535,1475.0,271311.0,-0.0005543367167077718,17641.9,False
2021-07-29,TX202108,17136.0,17332.0,17068.0,17331.0,0.023354941834650565,3682.0,157654.0,0.0008643284572205456,17626.15,False
2021-07-30,TX202108,17285.0,17299.0,17126.0,17173.0,-0.0009059294543966802,-124.0,136876.0,0.00042915184284993526,17602.15,False
2021-08-02,TX202108,17313.0,17470.0,17160.0,17470.0,-0.007764638837441231,-1308.0,168456.0,-0.00017828837503953428,17580.75,False
2021-08-03,TX202108,17426.0,17496.0,17361.0,17484.0,0.01653451775769037,1906.0,115274.0,0.0009463775326713402,17561.05,False
2021-08-04,TX202108,17491.0,17586.0,17464.0,17571.0,0.010701902352169432,1142.0,106710.0,0.0010668485272281782,17548.1,True
2021-08-05,TX202108,17570.0,17584.0,17520.0,17542.0,-0.04250101630014294,-3241.0,76257.0,-0.0011449032429589835,17533.95,False
2021-08-06,TX202108,17555.0,17560.0,17353.0,17437.0,0.013772144392558002,1858.0,134910.0,0.0001467037372105279,17522.9,False
2021-08-09,TX202108,17438.0,17448.0,17235.0,17404.0,0.0062810156844278625,867.0,138035.0,0.0006704500943765024,17501.9,False
2021-08-10,TX202108,17396.0,17443.0,17259.0,17299.0,-0.0193215286895426,-2178.0,112724.0,2.2609984961636036e-05,17473.4,False
2021-08-11,TX202108,17217.0,17298.0,17078.0,17171.0,-0.027649883964804726,-4456.0,161158.0,-0.00186220178050941,17438.25,False
2021-08-12,TX202108,17207.0,17235.0,17125.0,17157.0,0.009247798564204124,1046.0,113108.0,-0.00145149316200362,17395.0,False
2021-08-13,TX202108,17185.0,17190.0,16934.0,16934.0,-0.008327060594655626,-1416.0,170048.0,-0.0016726689582162856,17345.45,False
2021-08-16,TX202108,16829.0,16936.0,16750.0,16772.0,0.012277937964535886,2985.0,243119.0,-0.0008128567038509949,17294.35,False
2021-08-17,TX202108,16850.0,16873.0,16575.0,16580.0,0.002129434102887158,480.0,225412.0,-0.00010570889398014378,17245.45,False
2021-08-18,TX202108,16440.0,16796.0,16389.0,16784.0,-0.00867128498987121,-1999.0,230531.0,-0.000980628862421528,17213.15,False
2021-08-19,TX202109,16611.0,16648.0,16256.0,16329.0,0.003445471079063051,754.0,218838.0,-0.0007586788765787914,17159.25,False
2021-08-20,TX202109,16297.0,16426.0,16145.0,16193.0,0.010719555427804926,2797.0,260925.0,-0.00021992950851129354,17098.55,False
2021-08-23,TX202109,16427.0,16729.0,16393.0,16684.0,0.0026738294365423357,438.0,163810.0,-0.0006798997420830773,17072.65,False
2021-08-24,TX202109,16822.0,16842.0,16717.0,16784.0,0.004894977168949772,536.0,109500.0,0.0003164374176087537,17053.2,False
2021-08-25,TX202109,16794.0,16982.0,16785.0,16963.0,0.007140989607163867,874.0,122392.0,0.0004016586270896144,17053.1,False
2021-08-26,TX202109,17103.0,17125.0,16882.0,16995.0,0.012431708863597062,1941.0,156133.0,-0.00014450302146306075,17036.3,False
2021-08-27,TX202109,16940.0,17218.0,16908.0,17170.0,0.0006853272773694182,102.0,148834.0,-6.494018487475583e-05,17036.15,False
2021-08-30,TX202109,17249.0,17353.0,17206.0,17339.0,-0.007650921414954459,-903.0,118025.0,-5.925431375041722e-05,17029.6,False
2021-08-31,TX202109,17276.0,17468.0,17144.0,17457.0,-0.0013097493673783396,-206.0,157282.0,-0.0009514676700038526,17028.25,False
2021-09-01,TX202109,17408.0,17500.0,17363.0,17476.0,-0.005965160007492472,-828.0,138806.0,-0.0017848207879869482,17023.5,False
2021-09-02,TX202109,17434.0,17507.0,17266.0,17320.0,0.02278981826011479,3387.0,148619.0,0.0014797209400259387,17012.4,True
2021-09-03,TX202109,17442.0,17553.0,17370.0,17509.0,-0.034619502118484344,-4592.0,132642.0,-0.0009398613855261785,17016.0,False
2021-09-06,TX202109,17440.0,17596.0,17425.0,17496.0,0.019580216729171415,2835.0,144789.0,-0.00027490133328900087,17020.6,False
2021-09-07,TX202109,17522.0,17529.0,17337.0,17422.0,-0.0006131303018308536,-79.0,128847.0,0.0006605185860965865,17026.75,True
2021-09-08,TX202109,17395.0,17426.0,17163.0,17262.0,0.004350513503233168,732.0,168256.0,0.0022605384594984812,17031.3,True
2021-09-09,TX202109,17142.0,17291.0,17084.0,17235.0,0.005207047346271392,949.0,182253.0,0.0020585008986018444,17035.2,True
2021-09-10,TX202109,17300.0,17479.0,17284.0,17473.0,-0.012246791613506267,-1795.0,146569.0,0.0018625143476593124,17062.15,True
2021-09-13,TX202109,17434.0,17492.0,17356.0,17442.0,-0.0017123946588678955,-356.0,207896.0,0.0011629977164891235,17095.65,True
2021-09-14,TX202109,17541.0,17569.0,17426.0,17461.0,-0.004301762493547356,-875.0,203405.0,0.0008414378866673976,17139.7,True
2021-09-15,TX202109,17403.0,17433.0,17280.0,17382.0,0.008969180176961137,1481.0,165121.0,0.001723461145009015,17169.6,True
2021-09-16,TX202110,17337.0,17362.0,17191.0,17248.0,-0.027100108160076915,-2706.0,99852.0,0.00019618218305201673,17215.55,True
2021-09-17,TX202110,17256.0,17395.0,17165.0,17298.0,0.0030324733706170092,398.0,131246.0,-0.0001881719198073792,17270.8,False
2021-09-22,TX202110,16835.0,16940.0,16751.0,16900.0,-0.00637872640888474,-1066.0,167118.0,-0.000640799712078733,17281.6,False
2021-09-23,TX202110,17020.0,17130.0,16985.0,17080.0,0.013912474985449704,1745.0,125427.0,-0.00018992482125373646,17296.4,False
2021-09-24,TX202110,17191.0,17275.0,17170.0,17250.0,-0.008723013722576698,-998.0,114410.0,-0.0009831249877407648,17310.75,False
2021-09-27,TX202110,17247.0,17344.0,17222.0,17292.0,-0.01756408145342774,-1920.0,109314.0,-0.002482914503592005,17325.6,False
2021-09-28,TX202110,17182.0,17183.0,17042.0,17170.0,0.011868940153794718,1420.0,119640.0,-0.0019237338597707398,17325.6,False
2021-09-29,TX202110,16926.0,16937.0,16760.0,16823.0,0.0005549417311182326,111.0,200021.0,-0.0015134407024671053,17299.8,False
2021-09-30,TX202110,16803.0,16966.0,16704.0,16917.0,0.012312874033413166,2113.0,171609.0,-0.0008323095324275298,17272.8,False
2021-10-01,TX202110,16800.0,16805.0,16415.0,16517.0,0.012938296115647655,2711.0,209533.0,0.00011286327372947635,17224.85,False
2021-10-04,TX202110,16588.0,16629.0,16313.0,16358.0,0.007538860587060777,1616.0,214356.0,-0.0006496846099232244,17176.75,False
2021-10-05,TX202110,16240.0,16424.0,16107.0,16398.0,-0.019671347313627404,-4361.0,221693.0,9.772313031962254e-05,17121.2,False
2021-10-06,TX202110,16470.0,16493.0,16265.0,16359.0,0.022755417956656348,3822.0,167960.0,0.00025648319169386917,17064.35,False
2021-10-07,TX202110,16521.0,16760.0,16519.0,16706.0,-0.027576977386246284,-5234.0,189796.0,-0.0010917091625269025,17028.55,False
2021-10-08,TX202110,16740.0,16759.0,16591.0,16627.0,-0.020096097655996365,-2476.0,123208.0,-0.002314039720488379,16996.8,False
2021-10-12,TX202110,16485.0,16489.0,16285.0,16418.0,0.022973480917143994,4095.0,178249.0,-0.0014257180419447488,16955.95,False
2021-10-13,TX202110,16520.0,16585.0,16318.0,16318.0,-0.022155239378830027,-3337.0,150619.0,-0.0019211404302109368,16898.2,False
2021-10-14,TX202110,16496.0,16546.0,16354.0,16405.0,0.015339350794319636,2075.0,135273.0,-0.0010685531575515602,16846.35,False
2021-10-15,TX202110,16654.0,16790.0,16570.0,16782.0,0.004904339159968004,748.0,152518.0,-0.0006082480748757921,16812.4,False
2021-10-18,TX202110,16800.0,16870.0,16705.0,16725.0,-0.00522914159139872,-1034.0,197738.0,-0.0013181641632937853,16779.55,False
2021-10-19,TX202110,16810.0,16954.0,16787.0,16902.0,0.0013367106515554214,257.0,192263.0,0.00010367677728783161,16762.25,True
2021-10-20,TX202110,16973.0,16987.0,16863.0,16882.0,0.0008145894635346533,98.0,120306.0,-7.2174180662861775e-06,16741.45,False
2021-10-21,TX202111,16879.0,17047.0,16812.0,16813.0,-0.007872762153427318,-989.0,125623.0,-8.191920529341508e-05,16737.1,False
2021-10-22,TX202111,16877.0,16913.0,16770.0,16854.0,-0.015337701704390758,-1690.0,110186.0,-0.0015444280397854382,16725.8,False
2021-10-25,TX202111,16788.0,16930.0,16731.0,16888.0,0.011093312317431492,1295.0,116737.0,-0.0005536117377850287,16707.7,False
2021-10-26,TX202111,16975.0,17073.0,16948.0,17048.0,-0.02604515984797675,-2796.0,107352.0,-0.0009776656575124793,16695.5,False
2021-10-27,TX202111,16944.0,17088.0,16928.0,17071.0,0.011363749738104978,1139.0,100231.0,-0.0010029251782969662,16690.55,False
2021-10-28,TX202111,17013.0,17103.0,16984.0,17038.0,0.0016441489741940095,161.0,97923.0,-0.0009484648161431774,16701.3,False
2021-10-29,TX202111,17061.0,17074.0,16858.0,16945.0,-0.0051167050945958754,-648.0,126644.0,-0.0018199437725436294,16702.7,False
2021-11-01,TX202111,17040.0,17130.0,17028.0,17079.0,0.02010869565217391,1998.0,99360.0,-0.0014614237957173166,16730.8,False
2021-11-02,TX202111,17167.0,17255.0,17004.0,17047.0,-0.012353630500317563,-1381.0,111789.0,-0.0024560483500862336,16765.25,False
2021-11-03,TX202111,17081.0,17127.0,17040.0,17092.0,0.01357018270884103,1097.0,80839.0,-0.0007939718489628121,16799.95,False
2021-11-04,TX202111,17269.0,17280.0,17050.0,17075.0,-0.010953858084528888,-1130.0,103160.0,-0.0024794356510220742,16835.75,False
2021-11-05,TX202111,17150.0,17279.0,17106.0,17267.0,0.029618105497989256,3027.0,102201.0,0.0003803184931897033,16863.8,True
2021-11-08,TX202111,17256.0,17425.0,17251.0,17424.0,0.03824210816382768,3747.0,97981.0,0.0032972287841809057,16903.65,True
2021-11-09,TX202111,17499.0,17593.0,17480.0,17555.0,0.015399029213303965,1545.0,100331.0,0.002918506198988904,16960.5,True
2021-11-10,TX202111,17550.0,17581.0,17496.0,17555.0,-0.017187934665977823,-1730.0,100652.0,0.0031668714346315143,17022.35,True
2021-11-11,TX202111,17430.0,17537.0,17395.0,17470.0,-0.0164347204736466,-1932.0,117556.0,0.001578167871233202,17075.6,True
2021-11-12,TX202111,17570.0,17638.0,17491.0,17547.0,0.006359539308963445,762.0,119820.0,0.0016509278786829742,17113.85,True
2021-11-15,TX202111,17615.0,17707.0,17603.0,17664.0,0.005076650913847279,1013.0,199541.0,0.002166217503945274,17160.8,True
2021-11-16,TX202111,17662.0,17717.0,17653.0,17701.0,-0.008655171357691954,-1413.0,163255.0,0.0016666234034829052,17200.75,True
2021-11-17,TX202111,17711.0,17761.0,17678.0,17722.0,0.00778509865052248,859.0,110339.0,0.0020151488628322965,17242.75,True
2021-11-18,TX202112,17769.0,17868.0,17763.0,17860.0,-0.027774364016222196,-2712.0,97644.0,0.0010200687696925528,17295.1,True
2021-11-19,TX202112,17919.0,17949.0,17813.0,17851.0,-0.015930254756803767,-1502.0,94286.0,0.0009904411170719026,17344.95,True
2021-11-22,TX202112,17790.0,17876.0,17787.0,17836.0,0.008752265572832204,734.0,83864.0,0.0008733887798419382,17392.35,True
2021-11-23,TX202112,17765.0,17768.0,17638.0,17659.0,-0.0009022556390977444,-117.0,129675.0,0.0021305339902858884,17422.9,True
2021-11-24,TX202112,17604.0,17698.0,17593.0,17679.0,-0.003606975293575245,-399.0,110619.0,0.0013819977387018773,17453.3,True
2021-11-25,TX202112,17688.0,17715.0,17600.0,17676.0,-0.010181209924728185,-913.0,89675.0,0.0007907297937557675,17485.2,True
2021-11-26,TX202112,17530.0,17572.0,17307.0,17342.0,-0.000508500806968672,-69.0,135693.0,0.0010211400081371277,17505.05,False
2021-11-29,TX202112,17243.0,17416.0,17184.0,17308.0,0.004474298017403786,798.0,178352.0,0.00023942012639862134,17516.5,False
2021-11-30,TX202112,17428.0,17537.0,17312.0,17327.0,-0.010331910923285904,-1506.0,145762.0,0.00034050610525020425,17530.5,False
2021-12-01,TX202112,17350.0,17617.0,17333.0,17586.0,-0.00026036694381281354,-45.0,172833.0,-0.00035102137738248786,17555.2,False
2021-12-02,TX202112,17570.0,17709.0,17509.0,17705.0,-0.005263711969681019,-800.0,151984.0,-6.651407164009444e-05,17586.7,False
2021-12-03,TX202112,17696.0,17745.0,17621.0,17706.0,0.003560138722646779,464.0,130332.0,-0.0013694124104072184,17608.65,False
2021-12-06,TX202112,17619.0,17736.0,17527.0,17693.0,-0.010760953112990008,-1512.0,140508.0,-0.003819565474248102,17622.1,False
2021-12-07,TX202112,17677.0,17799.0,17586.0,17795.0,0.000624512099921936,80.0,128100.0,-0.004558291329917204,17634.1,False
2021-12-08,TX202112,17945.0,17988.0,17840.0,17851.0,0.002679364054555726,332.0,123910.0,-0.0035649263938905265,17648.9,False
2021-12-09,TX202112,17886.0,17946.0,17812.0,17911.0,0.005936898119651332,598.0,100726.0,-0.00244634546422563,17670.95,False
2021-12-10,TX202112,17808.0,17874.0,17765.0,17818.0,-0.00934898870079215,-930.0,99476.0,-0.003231771864713409,17684.5,False
2021-12-13,TX202112,17912.0,17944.0,17743.0,17752.0,0.00261387828735203,539.0,206207.0,-0.0033549104960381715,17688.9,False
2021-12-14,TX202112,17683.0,17711.0,17565.0,17605.0,-0.005577083257885779,-1232.0,220904.0,-0.003201006091047863,17684.1,False
2021-12-15,TX202112,17588.0,17666.0,17536.0,17630.0,0.007142368162836867,939.0,131469.0,-0.003233142615432144,17679.5,False
2021-12-16,TX202201,17765.0,17809.0,17671.0,17804.0,0.001454339408820474,154.0,105890.0,-0.0017717074441800107,17676.7,False
2021-12-17,TX202201,17716.0,17798.0,17703.0,17786.0,0.0022327356421328035,227.0,101669.0,-0.0008635579242331819,17673.45,False
2021-12-20,TX202201,17720.0,17748.0,17564.0,17580.0,-0.0017055229281604082,-230.0,134856.0,-0.0013864473492828126,17660.65,False
2021-12-21,TX202201,17660.0,17829.0,17624.0,17796.0,0.008216695826043488,1052.0,128032.0,-0.0009304997760257508,17667.5,False
2021-12-22,TX202201,17847.0,17852.0,17783.0,17833.0,0.026245228440476033,1987.0,75709.0,0.0005621104106768131,17675.2,True
2021-12-23,TX202201,17935.0,17983.0,17903.0,17954.0,0.007237533680509407,599.0,82763.0,0.0014330475909386925,17689.1,True
2021-12-24,TX202201,18014.0,18035.0,17946.0,17958.0,-0.024111562549899757,-1359.0,56363.0,0.00025289450379213825,17719.9,True
2021-12-27,TX202201,17982.0,18099.0,17967.0,18068.0,0.01945017182130584,1132.0,58200.0,0.0010016881939872411,17757.9,True
2021-12-28,TX202201,18115.0,18209.0,18105.0,18207.0,0.00655619795844975,474.0,72298.0,0.0018460936380740238,17801.9,True
2021-12-29,TX202201,18195.0,18289.0,18188.0,18276.0,0.0028937117417918755,208.0,71880.0,0.0020037975723542585,17836.4,True
2021-12-30,TX202201,18242.0,18265.0,18177.0,18212.0,-0.02438337738711544,-1559.0,63937.0,0.001047814301482537,17861.75,True
2022-01-03,TX202201,18288.0,18389.0,18203.0,18273.0,0.003044126600372354,345.0,113333.0,0.0010220136953688157,17890.1,True
2022-01-04,TX202201,18361.0,18522.0,18359.0,18516.0,0.014949691039718513,1725.0,115387.0,0.002307545903004242,17931.25,True
2022-01-05,TX202201,18480.0,18546.0,18438.0,18480.0,0.010139828597203427,1124.0,110850.0,0.0027833117278683165,17965.5,True
2022-01-06,TX202201,18345.0,18419.0,18238.0,18335.0,-0.004839326450149663,-734.0,151674.0,0.002407377202633047,17989.7,True
2022-01-07,TX202201,18459.0,18478.0,18115.0,18143.0,-0.021773942440282905,-3916.0,179848.0,0.001021835174636335,18001.3,True
2022-01-10,TX202201,18075.0,18264.0,18022.0,18258.0,0.016006178569151083,2259.0,141133.0,0.002289593538133497,18023.3,True
2022-01-11,TX202201,18200.0,18295.0,18102.0,18280.0,-0.013089569025341597,-2188.0,167156.0,0.0015044211724988155,18049.7,True
2022-01-12,TX202201,18403.0,18411.0,18271.0,18375.0,0.004037003381548958,542.0,134258.0,0.001985125504470552,18088.2,True
2022-01-13,TX202201,18433.0,18485.0,18364.0,18425.0,0.012342796662931142,1586.0,128496.0,0.0022451469294752662,18127.95,True
2022-01-14,TX202201,18549.0,18560.0,18220.0,18357.0,0.003994177376979336,900.0,225328.0,0.0023721388278832092,18155.6,True
2022-01-17,TX202201,18417.0,18537.0,18387.0,18509.0,-0.0030400794143193945,-686.0,225652.0,0.0021084980750605995,18191.75,True
2022-01-18,TX202201,18531.0,18583.0,18347.0,18349.0,0.00972068413928879,2212.0,227556.0,0.0026798084284330595,18230.2,True
2022-01-19,TX202201,18261.0,18345.0,18210.0,18218.0,-0.006634036880921869,-1289.0,194301.0,0.0019372717930847918,18251.3,False
2022-01-20,TX202202,18203.0,18270.0,18081.0,18226.0,0.005173332640089429,796.0,153866.0,0.0008836770030654613,18270.95,False
2022-01-21,TX202202,18026.0,18050.0,17836.0,17895.0,-0.008114725428471494,-1624.0,200130.0,0.0001160640476164163,18268.0,False
2022-01-24,TX202202,17736.0,17973.0,17703.0,17957.0,-0.0010943111234413773,-213.0,194643.0,0.0012669266189393354,18267.95,False
2022-01-25,TX202202,17790.0,17799.0,17578.0,17678.0,-0.01233488870406135,-3500.0,283748.0,-0.0003223264073290243,18248.45,False
2022-01-26,TX202202,17683.0,17757.0,17607.0,17625.0,0.004439529188719488,843.0,189885.0,-0.0004281598458155374,18219.35,False
2022-02-07,TX202202,17797.0,17900.0,17693.0,17899.0,0.01679406474820144,2988.0,177920.0,0.0002668578045049408,18200.5,False
2022-02-08,TX202202,17960.0,18047.0,17922.0,17942.0,0.004766565605926774,599.0,125667.0,0.0017243549541570515,18187.0,False
2022-02-09,TX202202,18068.0,18169.0,18050.0,18167.0,0.034764907402810186,3501.0,100705.0,0.003310393994278943,18181.7,False
2022-02-10,TX202202,18230.0,18340.0,18133.0,18337.0,0.02369443422075001,2897.0,122265.0,0.0037476311533305175,18172.75,True
2022-02-11,TX202202,18202.0,18290.0,18182.0,18275.0,-0.005879499369360629,-909.0,154605.0,0.002946664755002315,18162.5,True
2022-02-14,TX202202,18099.0,18132.0,17934.0,17977.0,-0.009056940792110195,-2373.0,262009.0,0.002735784037904288,18144.6,False
2022-02-15,TX202202,17922.0,18093.0,17883.0,17953.0,0.0077400860009555665,2025.0,261625.0,0.004211485459966212,18135.1,False
2022-02-16,TX202202,18184.0,18248.0,18140.0,18207.0,-0.0009018108361590073,-150.0,166332.0,0.0033660859897007072,18132.55,True
2022-02-17,TX202203,18269.0,18330.0,18168.0,18243.0,-0.006070411239248873,-878.0,144636.0,0.003717043879005344,18130.7,True
2022-02-18,TX202203,18065.0,18254.0,18039.0,18226.0,-0.004965399832910355,-630.0,126878.0,0.0032669237182823773,18123.25,True
2022-02-21,TX202203,18001.0,18242.0,17970.0,18210.0,-0.01224814008411288,-1727.0,141001.0,0.002037376880930177,18112.5,True
2022-02-22,TX202203,17990.0,18068.0,17773.0,17878.0,-0.004159577494270517,-775.0,186317.0,0.0016296891373676844,18088.55,False
2022-02-23,TX202203,17954.0,18060.0,17936.0,18042.0,0.015375580588329506,2304.0,149848.0,0.0025504721375001296,18065.2,False
2022-02-24,TX202203,17811.0,17850.0,17506.0,17516.0,-0.00850864965473898,-2112.0,248218.0,0.0016390054477987404,18023.55,False
2022-02-25,TX202203,17660.0,17702.0,17513.0,17606.0,-0.0053913104760562386,-1377.0,255411.0,0.001701141768042022,17992.95,False
2022-03-01,TX202203,17756.0,17942.0,17692.0,17911.0,0.00953836844535741,1797.0,188397.0,0.0019193935583054211,17977.2,False
2022-03-02,TX202203,17788.0,17895.0,17758.0,17844.0,-0.00790967311136067,-1303.0,164735.0,0.001929646174160963,17974.65,False
2022-03-03,TX202203,17942.0,17964.0,17865.0,17929.0,0.0021724782752172477,316.0,145456.0,0.002092985644093894,17973.25,False
2022-03-04,TX202203,17608.0,17788.0,17522.0,17666.0,0.005890131025363625,1078.0,183018.0,0.0030042366305651426,17972.65,False
2022-03-07,TX202203,17362.0,17405.0,17051.0,17058.0,-0.005811361805325514,-1421.0,244521.0,0.002491692080862892,17944.3,False
2022-03-08,TX202203,16840.0,17058.0,16695.0,16702.0,0.0078883938353663,2160.0,273820.0,0.002046408535221135,17884.45,False
2022-03-09,TX202203,16890.0,17023.0,16865.0,16946.0,0.007887984026007244,1912.0,242394.0,0.002202479456225159,17834.65,False
2022-03-10,TX202203,17301.0,17456.0,17269.0,17437.0,0.025094612931483636,4383.0,174659.0,0.0017189647326588315,17798.15,False
2022-03-11,TX202203,17372.0,17387.0,17170.0,17220.0,-0.009562095281532906,-1803.0,188557.0,5.613825754468569e-05,17742.3,False
2022-03-14,TX202203,17289.0,17350.0,17150.0,17239.0,-0.00536797359987006,-1355.0,252423.0,8.171454601921413e-05,17690.5,False
2022-03-15,TX202203,17177.0,17195.0,16861.0,16882.0,-0.011855739609372569,-3429.0,289227.0,-5.822539484390457e-05,17635.75,False
2022-03-16,TX202203,17080.0,17089.0,16801.0,16937.0,0.014251594010259818,3431.0,240745.0,0.00026735000562130807,17584.95,False
2022-03-17,TX202204,17339.0,17470.0,17262.0,17446.0,0.009060313400021473,1941.0,214231.0,0.0007654562174303321,17546.9,False
2022-03-18,TX202204,17441.0,17444.0,17295.0,17391.0,-0.015115451623193384,-2464.0,163012.0,0.0003132041982331064,17504.3,False
2022-03-21,TX202204,17442.0,17577.0,17439.0,17489.0,0.013233843777952769,1731.0,130801.0,0.0012231663787762627,17467.45,True
2022-03-22,TX202204,17536.0,17543.0,17453.0,17520.0,0.008674079494547467,972.0,112058.0,0.00226927735770928,17432.95,True
2022-03-23,TX202204,17644.0,17735.0,17610.0,17702.0,0.017866163742296163,2122.0,118772.0,0.003370564419537614,17424.15,True
2022-03-24,TX202204,17570.0,17687.0,17548.0,17671.0,-0.011693236884612683,-1332.0,113912.0,0.0020171235458905047,17405.6,True
2022-03-25,TX202204,17720.0,17726.0,17591.0,17621.0,-0.004679144385026738,-532.0,113696.0,0.0022085988093761165,17410.85,True
2022-03-28,TX202204,17512.0,17521.0,17304.0,17438.0,0.0047574466459045835,747.0,157017.0,0.0027160366654741578,17402.45,True
2022-03-29,TX202204,17560.0,17577.0,17484.0,17545.0,0.026628822324487676,2899.0,108867.0,0.003570559359430671,17384.15,True
2022-03-30,TX202204,17671.0,17755.0,17658.0,17741.0,0.0043718207479016,587.0,134269.0,0.004184634052393785,17379.0,True
2022-03-31,TX202204,17747.0,17774.0,17623.0,17639.0,-0.040714258547902483,-4282.0,105172.0,0.002040297211237798,17364.5,True
2022-04-01,TX202204,17466.0,17567.0,17414.0,17554.0,0.015536870901556905,1931.0,124285.0,0.0025226342050474622,17358.9,True
2022-04-06,TX202204,17439.0,17508.0,17327.0,17506.0,0.004811560121294634,622.0,129272.0,0.00305378030137847,17381.3,True
2022-04-07,TX202204,17333.0,17387.0,17123.0,17143.0,-0.015601241176397869,-2524.0,161782.0,0.001879298550790261,17403.35,False
2022-04-08,TX202204,17200.0,17318.0,17169.0,17316.0,0.022296056658214568,3060.0,137244.0,0.0025997021824006273,17421.85,False
2022-04-11,TX202204,17222.0,17298.0,16976.0,17039.0,0.014154597309922303,2412.0,170404.0,0.0020527014013225608,17401.95,False
2022-04-12,TX202204,16960.0,17068.0,16906.0,16999.0,0.0004156508036949495,67.0,161193.0,0.0025515887055839537,17390.9,False
2022-04-13,TX202204,17080.0,17321.0,17071.0,17316.0,0.0025025254844338323,436.0,174224.0,0.0029451136597991477,17394.75,False
2022-04-14,TX202204,17349.0,17352.0,17251.0,17298.0,-0.00661693725318122,-754.0,113950.0,0.0032070537776087158,17415.55,False
2022-04-15,TX202204,17102.0,17117.0,16960.0,16983.0,-0.028338205559972206,-4527.0,159749.0,0.0010775637990971146,17417.85,False
2022-04-18,TX202204,16908.0,16995.0,16813.0,16881.0,-0.0007906730793442953,-157.0,198565.0,0.0005850144751288258,17389.6,False
2022-04-19,TX202204,17065.0,17122.0,16988.0,17000.0,0.0002051501609982785,46.0,224226.0,0.001351044564338409,17370.05,False
2022-04-20,TX202204,17071.0,17135.0,16992.0,17125.0,0.011597785013190105,1952.0,168308.0,0.001269241626100276,17351.85,False
2022-04-21,TX202205,17180.0,17222.0,17090.0,17126.0,-0.003953506091108421,-467.0,118123.0,0.0006378623468174815,17332.15,False
2022-04-22,TX202205,16862.0,16999.0,16823.0,16992.0,0.014135295981969926,2007.0,141985.0,0.00045131895880116957,17296.65,False
2022-04-25,TX202205,16686.0,16734.0,16508.0,16572.0,-0.006915687691552944,-1311.0,189569.0,0.0006901964184541567,17241.7,False
2022-04-26,TX202205,16648.0,16663.0,16533.0,16586.0,-0.0008394750811698332,-136.0,162006.0,0.0008821798836470017,17189.95,False
2022-04-27,TX202205,16221.0,16344.0,16160.0,16285.0,-0.016036516941840242,-3587.0,223677.0,-0.00015751829574023958,17132.3,False
2022-04-28,TX202205,16317.0,16416.0,16220.0,16387.0,0.0042698022973894235,833.0,195091.0,-0.0012754692970951523,17074.4,False
2022-04-29,TX202205,16555.0,16635.0,16495.0,16583.0,0.02771806116891679,4835.0,174435.0,-0.0001081572760443926,17016.5,False
2022-05-03,TX202205,16487.0,16570.0,16434.0,16470.0,-0.015838860364715976,-2326.0,146854.0,0.0011356126331149327,16958.05,False
2022-05-04,TX202205,16505.0,16589.0,16489.0,16519.0,0.009024474374503653,1125.0,124661.0,0.0008099928067622702,16906.3,False
2022-05-05,TX202205,16753.0,16776.0,16645.0,16684.0,0.0013670201086533082,193.0,141183.0,0.0006377658061302039,16865.2,False
2022-05-06,TX202205,16310.0,16380.0,16266.0,16355.0,-0.005554267289451309,-1006.0,181122.0,0.0011401145004775316,16825.8,False
2022-05-09,TX202205,16156.0,16194.0,16015.0,16027.0,0.0015062945154918899,302.0,200492.0,0.00010062639334139787,16761.35,False
2022-05-10,TX202205,15809.0,16045.0,15730.0,16039.0,-0.01861857921448622,-3973.0,213389.0,-0.0015380324328790281,16711.35,False
2022-05-11,TX202205,15989.0,16058.0,15907.0,16010.0,0.018103848688119078,3352.0,185154.0,-0.0006536225386578219,16661.9,False
2022-05-12,TX202205,15801.0,15890.0,15608.0,15632.0,-0.004866844351990292,-1123.0,230745.0,-0.001022091030479028,16577.7,False
2022-05-13,TX202205,15777.0,15854.0,15743.0,15851.0,0.005256197873650742,1101.0,209467.0,-0.00042843427413743004,16505.35,False
2022-05-16,TX202205,15996.0,16044.0,15847.0,15921.0,0.007415483591599394,1918.0,258648.0,0.00135925018344115,16452.25,False
2022-05-17,TX202205,15978.0,16096.0,15963.0,16075.0,0.009487086147775636,2111.0,222513.0,0.0018731381447971464,16411.95,False
2022-05-18,TX202205,16180.0,16318.0,16159.0,16302.0,0.02731458871136538,4698.0,171996.0,0.0032286100723155015,16377.05,False
2022-05-19,TX202206,15871.0,15965.0,15820.0,15911.0,-0.01549624064750182,-2533.0,163459.0,0.0018739087892809055,16316.35,False
2022-05-20,TX202206,16069.0,16145.0,16013.0,16135.0,0.022039985050292765,4069.0,184619.0,0.003173583346350965,16266.8,False
2022-05-23,TX202206,16220.0,16263.0,16076.0,16147.0,-0.006921399450080592,-1314.0,189846.0,0.002120748574748439,16224.55,False
2022-05-24,TX202206,16131.0,16156.0,15914.0,15926.0,-0.0037624362405939095,-596.0,158408.0,0.0022784111472963905,16192.25,False
2022-05-25,TX202206,15996.0,16146.0,15968.0,16060.0,0.00243785084202085,456.0,187050.0,0.002442277443455925,16165.95,False
2022-05-26,TX202206,16153.0,16184.0,15928.0,15950.0,-0.008357791754018169,-1495.0,178875.0,0.002826213702847028,16149.2,False
2022-05-27,TX202206,16110.0,16245.0,16100.0,16230.0,0.03126721179511079,4428.0,141618.0,0.004176084177733097,16141.35,True
2022-05-30,TX202206,16400.0,16584.0,16391.0,16560.0,0.0018920828869081541,249.0,131601.0,0.0028847852636326656,16140.2,True
2022-05-31,TX202206,16492.0,16716.0,16460.0,16682.0,0.003908431044109436,525.0,134325.0,0.0038721498340739367,16150.8,True
2022-06-01,TX202206,16647.0,16755.0,16592.0,16610.0,0.006907685956015109,1121.0,162283.0,0.0037663104131495087,16155.35,True
2022-06-02,TX202206,16536.0,16585.0,16471.0,16532.0,0.016365213998883424,2433.0,148669.0,0.004516220107661015,16147.75,True
2022-06-06,TX202206,16590.0,16648.0,16463.0,16600.0,-0.005340972702426817,-811.0,151845.0,0.004526884837012239,16160.0,True
2022-06-07,TX202206,16520.0,16531.0,16406.0,16462.0,-0.0091278425579064,-1384.0,151624.0,0.003995177983342325,16181.75,True
2022-06-08,TX202206,16560.0,16693.0,16555.0,16644.0,0.016146377552187806,2117.0,131113.0,0.005733425821676026,16212.0,True
2022-06-09,TX202206,16573.0,16606.0,16524.0,16582.0,-0.0019054709171962103,-215.0,112833.0,0.004732959841410262,16240.6,True
2022-06-10,TX202206,16380.0,16486.0,16350.0,16471.0,-0.008296606851961763,-1314.0,158378.0,0.004561471716411689,16282.55,True
2022-06-13,TX202206,16115.0,16120.0,15993.0,16053.0,-0.016447561956187774,-5032.0,305942.0,0.003476283724919762,16292.65,False
2022-06-14,TX202206,15950.0,16068.0,15841.0,16055.0,-0.006456815122891683,-2130.0,329884.0,0.0027826687891952086,16299.35,False
2022-06-15,TX202206,16052.0,16096.0,15989.0,16062.0,-0.009161978519763279,-1881.0,205305.0,0.001850215555818263,16298.7,False
2022-06-16,TX202207,15751.0,15805.0,15382.0,15410.0,0.003140655105973025,652.0,207600.0,0.000641518875548645,16254.1,False
2022-06-17,TX202207,15196.0,15300.0,15137.0,15200.0,-0.018087036910223928,-4226.0,233648.0,0.0005119790624125394,16218.55,False
2022-06-20,TX202207,15182.0,15231.0,14966.0,15038.0,-0.0024963255021813687,-535.0,214315.0,-0.0007148364652111671,16163.7,False
2022-06-21,TX202207,15164.0,15362.0,15115.0,15334.0,-0.016984387950595814,-2500.0,147194.0,-0.0012179858902369282,16123.05,False
2022-06-22,TX202207,15316.0,15319.0,14984.0,15012.0,0.012088207841587787,2111.0,174633.0,-0.0004254536861278433,16077.35,False
2022-06-23,TX202207,15059.0,15145.0,14804.0,14938.0,-0.009969728491450345,-2559.0,256677.0,-0.001045832652801403,16021.25,False
2022-06-24,TX202207,15006.0,15142.0,14959.0,15058.0,-0.004703288450706938,-977.0,207727.0,-0.0008631074876358415,15976.65,False
2022-06-27,TX202207,15205.0,15400.0,15201.0,15277.0,0.016328343743269438,2426.0,148576.0,-0.0016100508902279092,15929.0,False
2022-06-28,TX202207,15299.0,15304.0,15096.0,15192.0,-0.0063276434653072935,-926.0,146342.0,-0.0020210372078386814,15860.6,False
2022-06-29,TX202207,15020.0,15114.0,14980.0,15019.0,-0.006752907666745787,-1138.0,168520.0,-0.0025541041433814428,15777.45,False
2022-06-30,TX202207,14931.0,14945.0,14610.0,14622.0,0.0019047035454039453,373.0,195831.0,-0.0028042532639120012,15678.05,False
2022-07-01,TX202207,14656.0,14702.0,14128.0,14175.0,0.0002580154537677046,76.0,294556.0,-0.0036096131911677867,15560.2,False
2022-07-04,TX202207,14236.0,14312.0,14025.0,14152.0,0.0005822174166181485,140.0,240460.0,-0.003313453685215539,15437.8,False
2022-07-05,TX202207,14350.0,14430.0,13975.0,14231.0,-0.011145630884320929,-2357.0,211473.0,-0.003414343101536265,15326.25,False
2022-07-06,TX202207,14213.0,14239.0,13858.0,13871.0,0.008371693658024662,2106.0,251562.0,-0.003803077296244422,15187.6,False
2022-07-07,TX202207,14068.0,14295.0,13832.0,14176.0,0.006784226146500445,1607.0,236873.0,-0.00336859244305959,15067.3,False
2022-07-08,TX202207,14390.0,14485.0,14264.0,14329.0,0.021217222968763674,4121.0,194229.0,-0.001892900952023318,14960.2,False
2022-07-11,TX202207,14467.0,14496.0,14229.0,14276.0,0.0077530915638625575,1563.0,201597.0,-0.0006828682760208012,14871.35,False
2022-07-12,TX202207,14157.0,14181.0,13850.0,13914.0,0.012113500708603585,2342.0,193338.0,0.0002456475155539622,14764.3,False
2022-07-13,TX202207,14240.0,14356.0,14203.0,14277.0,-0.004423049594997869,-996.0,225184.0,0.00048259396179223274,14675.05,False
2022-07-14,TX202207,14237.0,14437.0,14122.0,14389.0,-0.010614906985745225,-2578.0,242866.0,-0.00020518414279367976,14624.0,False
2022-07-15,TX202207,14422.0,14542.0,14333.0,14475.0,-0.0011311470359106175,-257.0,227203.0,0.0006426103509219858,14587.75,False
2022-07-18,TX202207,14577.0,14666.0,14535.0,14650.0,0.012284658390978868,3241.0,263825.0,0.0013816595455799976,14568.35,True
2022-07-19,TX202207,14562.0,14697.0,14533.0,14678.0,0.0032033916027414187,674.0,210402.0,0.0023910485232468593,14535.55,True
2022-07-20,TX202207,14845.0,14907.0,14696.0,14712.0,-0.016803794290844443,-2845.0,169307.0,0.0009464484166252476,14520.55,True
2022-07-21,TX202208,14600.0,14771.0,14573.0,14748.0,0.021132883514051463,2941.0,139167.0,0.002501579016900338,14511.05,True
2022-07-22,TX202208,14796.0,14848.0,14725.0,14751.0,0.011230791325578056,1564.0,139260.0,0.0032982830057145876,14495.7,True
2022-07-25,TX202208,14750.0,14845.0,14688.0,14794.0,0.01556743334865085,1931.0,124041.0,0.003260237485983658,14471.55,True
2022-07-26,TX202208,14755.0,14788.0,14650.0,14705.0,-0.018535957181375507,-2303.0,124245.0,0.0026498218001802477,14447.2,True
2022-07-27,TX202208,14670.0,14800.0,14615.0,14794.0,0.006356884484493054,891.0,140163.0,0.00330531140774219,14435.95,True
2022-07-28,TX202208,14922.0,14949.0,14786.0,14831.0,0.015804929046938178,2056.0,130086.0,0.004000322682818901,14446.4,True
2022-07-29,TX202208,14936.0,14990.0,14870.0,14938.0,-0.005357829027978163,-739.0,137929.0,0.003719530458731608,14484.55,True
2022-08-01,TX202208,14921.0,14940.0,14804.0,14870.0,-0.0018560233509946381,-234.0,126076.0,0.003597618420350969,14520.45,True
2022-08-02,TX202208,14767.0,14778.0,14589.0,14643.0,0.0012074937795774991,198.0,163976.0,0.004215274653545891,14541.05,True
2022-08-03,TX202208,14627.0,14727.0,14594.0,14669.0,0.0014008336108208654,244.0,174182.0,0.0038667316511857,14580.95,True
2022-08-04,TX202208,14686.0,14722.0,14461.0,14658.0,0.0026953267872717552,479.0,177715.0,0.003662286683224265,14605.05,True
2022-08-05,TX202208,14780.0,15020.0,14777.0,15009.0,0.004371742906774754,604.0,138160.0,0.00282001268012482,14639.05,True
2022-08-08,TX202208,14937.0,14987.0,14888.0,14961.0,-0.03696677422786426,-4170.0,112804.0,0.0005840193905384788,14673.3,True
2022-08-09,TX202208,14894.0,15065.0,14853.0,15016.0,0.01637371140063619,2095.0,127949.0,0.0007970299251401091,14728.4,True
2022-08-10,TX202208,14874.0,14945.0,14832.0,14876.0,-0.03460527716149948,-4227.0,122149.0,-0.0007120814531849714,14758.35,False
2022-08-11,TX202208,15115.0,15191.0,15093.0,15183.0,0.053143474174027205,6841.0,128727.0,0.0024758376048036506,14798.05,True
2022-08-12,TX202208,15229.0,15309.0,15200.0,15272.0,-0.015552124289648367,-1954.0,125642.0,0.001754788742116763,14837.9,True
2022-08-15,TX202208,15369.0,15432.0,15310.0,15387.0,-0.002308953964235099,-435.0,188397.0,0.0010251081243560646,14874.75,True
2022-08-16,TX202208,15390.0,15450.0,15385.0,15422.0,-0.0015850030278297042,-301.0,189905.0,0.0007856883928275084,14911.95,True
2022-08-17,TX202208,15404.0,15461.0,15396.0,15452.0,0.011112433075550267,1401.0,126075.0,0.0021814997611472437,14948.95,True
2022-08-18,TX202209,15250.0,15325.0,15224.0,15315.0,-0.01579789425278547,-1649.0,104381.0,0.0003349608728053973,14977.3,True
2022-08-19,TX202209,15308.0,15406.0,15275.0,15353.0,0.00920058933226182,893.0,97059.0,0.00023345077313958557,15007.4,True
2022-08-22,TX202209,15171.0,15250.0,15156.0,15175.0,-0.030743877990154402,-2929.0,95271.0,-0.002082114793800677,15026.45,False
2022-08-23,TX202209,15059.0,15109.0,15022.0,15028.0,-0.02733480658583687,-2746.0,100458.0,-0.002522057264023745,15042.6,False
2022-08-24,TX202209,15080.0,15120.0,14987.0,15035.0,0.011671122122970595,1253.0,107359.0,-0.002256345382099868,15054.65,False
2022-08-25,TX202209,15130.0,15225.0,15116.0,15172.0,-0.012219864923706908,-1319.0,107939.0,-0.0036575850806321217,15071.7,False
2022-08-26,TX202209,15271.0,15318.0,15228.0,15241.0,0.007432748895269513,730.0,98214.0,-0.003018056184469739,15086.85,False
2022-08-29,TX202209,14832.0,14898.0,14762.0,14818.0,0.013048714464074601,2362.0,181014.0,-0.0022728192937162767,15084.25,False
2022-08-30,TX202209,14850.0,14994.0,14837.0,14948.0,0.016569060480480024,2187.0,131993.0,-0.0015047409586711501,15099.5,False
2022-08-31,TX202209,14849.0,15099.0,14826.0,15039.0,0.002737325050905998,531.0,193985.0,-0.0014379163866668936,15118.0,False
2022-09-01,TX202209,14841.0,14842.0,14675.0,14736.0,-0.024388931632438948,-4533.0,185863.0,-0.0027921293076524287,15121.9,False
2022-09-02,TX202209,14776.0,14782.0,14584.0,14597.0,-0.01158878967026987,-1874.0,161708.0,-0.0035901559365046597,15101.3,False
2022-09-05,TX202209,14590.0,14719.0,14561.0,14611.0,0.01340843023255814,2214.0,165120.0,-0.0010713957134835396,15083.8,False
2022-09-06,TX202209,14720.0,14770.0,14555.0,14634.0,-0.010948247920193034,-1216.0,111068.0,-0.0024374936795250007,15064.7,False
2022-09-07,TX202209,14445.0,14455.0,14331.0,14359.0,-0.016555336225473838,-2927.0,176801.0,-0.0015349966327237187,15038.85,False
2022-09-08,TX202209,14459.0,14552.0,14389.0,14548.0,0.025506932470752527,3580.0,140354.0,-0.0029168237178874524,15007.1,False
2022-09-12,TX202209,14775.0,14824.0,14731.0,14794.0,0.00799921411229774,1140.0,142514.0,-0.0017392567977901473,14983.2,False
2022-09-13,TX202209,14884.0,14928.0,14827.0,14875.0,0.019166364039866036,1900.0,99132.0,-0.0006654908975850908,14957.6,False
2022-09-14,TX202209,14458.0,14641.0,14443.0,14577.0,-0.005761791541755306,-1059.0,183797.0,-0.0008743303232813708,14915.35,False
2022-09-15,TX202209,14578.0,14715.0,14562.0,14642.0,0.026296776908778453,3749.0,142565.0,-0.00011511313161996165,14874.85,False
2022-09-16,TX202209,14500.0,14527.0,14465.0,14483.0,-0.004558305925797704,-711.0,155979.0,0.00044686628472942675,14833.25,False
2022-09-19,TX202209,14550.0,14579.0,14406.0,14420.0,-0.012490046047848214,-2886.0,231064.0,-0.0006376654842760749,14786.6,False
2022-09-20,TX202209,14548.0,14569.0,14464.0,14561.0,0.01814368321138823,3737.0,205967.0,0.0018067125758010568,14755.9,False
2022-09-21,TX202209,14476.0,14520.0,14392.0,14402.0,-0.020220699486917404,-3007.0,148709.0,0.00216241793074703,14724.6,False
2022-09-22,TX202210,14225.0,14250.0,14088.0,14242.0,0.005215982668689954,1069.0,204947.0,0.0018396609580329977,14684.95,False
2022-09-23,TX202210,14212.0,14229.0,14056.0,14119.0,-0.013176281330306811,-1933.0,146703.0,0.001791840137703003,14632.3,False
2022-09-26,TX202210,13916.0,13953.0,13740.0,13758.0,-0.02445879617669853,-4734.0,193550.0,0.00019726288410460078,14558.15,False
2022-09-27,TX202210,13843.0,13861.0,13735.0,13818.0,-0.001286805563679328,-220.0,170966.0,-0.0005195131172830957,14508.15,False
2022-09-28,TX202210,13796.0,13849.0,13486.0,13515.0,0.01100375496384609,2444.0,222106.0,-0.0007977783931147923,14436.5,False
2022-09-29,TX202210,13658.0,13672.0,13471.0,13524.0,-0.008793099439678221,-1891.0,215055.0,-0.0013742996176440033,14360.75,False
2022-09-30,TX202210,13356.0,13458.0,13298.0,13395.0,-0.003784506804351498,-829.0,219051.0,-0.00034407837623963075,14293.7,False
2022-10-03,TX202210,13248.0,13444.0,13215.0,13304.0,-0.0019256843056729088,-392.0,203564.0,0.00013907689199021728,14229.05,False
2022-10-04,TX202210,13530.0,13615.0,13489.0,13597.0,0.004392080740572383,715.0,162793.0,-0.0003117405826090705,14178.35,False
2022-10-05,TX202210,13740.0,13884.0,13721.0,13820.0,0.059610905525866904,10519.0,176461.0,0.0032162170896939263,14137.65,False
2022-10-06,TX202210,13932.0,13957.0,13814.0,13869.0,-0.0295331566008306,-4601.0,155791.0,0.0025673260709260883,14113.15,False
2022-10-07,TX202210,13781.0,13818.0,13683.0,13689.0,-0.015680171131207447,-2287.0,145853.0,0.0005079708908280895,14070.2,False
2022-10-11,TX202210,13251.0,13297.0,13081.0,13091.0,0.0066986704798869656,1574.0,234972.0,0.0004429437092075508,13985.05,False
2022-10-12,TX202210,13049.0,13140.0,12975.0,13076.0,-0.011441689123590204,-2522.0,220422.0,-0.001087458948965261,13895.1,False
2022-10-13,TX202210,13032.0,13085.0,12805.0,12869.0,0.027561619944086794,5373.0,194945.0,0.0005787116253268438,13809.7,False
2022-10-14,TX202210,13150.0,13249.0,13074.0,13166.0,-0.0021305442572147975,-627.0,294291.0,-0.0008426544329728187,13735.9,False
2022-10-17,TX202210,12964.0,13009.0,12821.0,12981.0,-0.009596006488364091,-3514.0,366194.0,-0.001094539461101138,13660.8,False
2022-10-18,TX202210,13158.0,13182.0,12992.0,13103.0,-0.011958742687603214,-3418.0,285816.0,-0.0010679742930888882,13594.95,False
2022-10-19,TX202210,13125.0,13168.0,12967.0,12998.0,-0.01322019217358751,-3602.0,272462.0,-0.0026361680623376753,13516.8,False
2022-10-20,TX202211,12815.0,12916.0,12662.0,12900.0,0.007050318516927922,1576.0,223536.0,-0.0012726171621454088,13441.7,False
2022-10-21,TX202211,12922.0,12948.0,12794.0,12805.0,0.01722264697597682,3424.0,198808.0,-0.0006722839467810656,13369.85,False
2022-10-24,TX202211,13100.0,13126.0,12864.0,12882.0,-0.01904012853243383,-4527.0,237761.0,-0.0009654763068874166,13308.0,False
2022-10-25,TX202211,12895.0,12946.0,12652.0,12682.0,-0.0006940017269345298,-172.0,247838.0,0.00022276341560078342,13254.2,False
2022-10-26,TX202211,12722.0,12833.0,12664.0,12739.0,0.024563001765074303,4314.0,175630.0,0.001515253782038465,13200.25,False
2022-10-27,TX202211,12883.0,12984.0,12878.0,12956.0,-0.01625892721470901,-2889.0,177687.0,0.00015211967311070992,13172.3,False
2022-10-28,TX202211,12855.0,12915.0,12745.0,12764.0,-0.022075493747808813,-3778.0,171140.0,-0.0005120000422958197,13134.3,False
2022-10-31,TX202211,12880.0,12997.0,12836.0,12943.0,0.019251634073407606,2910.0,151156.0,0.0006398070015921355,13111.7,False
2022-11-01,TX202211,12960.0,13095.0,12934.0,13031.0,-0.018465033744904852,-2487.0,134687.0,-0.00018716047036946155,13098.05,False
2022-11-02,TX202211,13033.0,13103.0,13015.0,13083.0,0.010408660005124264,1300.0,124896.0,0.00011366849285813245,13072.35,True
2022-11-03,TX202211,12883.0,12983.0,12854.0,12958.0,0.00020275352366002812,31.0,152895.0,-0.0028567391072522115,13029.25,False
2022-11-04,TX202211,12880.0,13039.0,12850.0,13030.0,-0.0019921829223737996,-289.0,145067.0,-0.0014796904233293714,12987.3,False
2022-11-07,TX202211,13156.0,13265.0,13096.0,13224.0,0.004231178595584265,807.0,190727.0,-0.0004841229369897858,12964.05,False
2022-11-08,TX202211,13312.0,13390.0,13298.0,13334.0,-0.008639075842953054,-1041.0,120499.0,-0.001251010253131787,12976.2,False
2022-11-09,TX202211,13467.0,13613.0,13438.0,13595.0,0.032216764379654574,5083.0,157775.0,0.000931912422030452,13002.15,True
2022-11-10,TX202211,13543.0,13565.0,13461.0,13477.0,-0.05340670480052132,-7376.0,138110.0,-0.0031165038151999536,13032.55,False
2022-11-11,TX202211,13965.0,14062.0,13896.0,14058.0,0.028095137236335548,6765.0,240789.0,-0.0016052197405224365,13077.15,False
2022-11-14,TX202211,14159.0,14195.0,14080.0,14127.0,-0.010402481995704238,-2964.0,284932.0,-0.0016455435158894438,13134.45,False
2022-11-15,TX202211,14237.0,14575.0,14212.0,14530.0,0.006540100156962404,2100.0,321096.0,-0.000720601373661163,13205.8,False
2022-11-16,TX202211,14620.0,14652.0,14451.0,14499.0,-0.0027542074044379114,-742.0,269406.0,-0.00019730213520368294,13280.85,False
2022-11-17,TX202212,14471.0,14545.0,14357.0,14513.0,-0.011968718621508513,-1633.0,136439.0,-0.0011482539921255047,13361.5,False
2022-11-18,TX202212,14551.0,14681.0,14437.0,14460.0,0.020467866698593486,3932.0,192106.0,-0.0009859930059946715,13444.25,False
2022-11-21,TX202212,14492.0,14517.0,14411.0,14428.0,-0.009994238525062416,-1301.0,130175.0,-0.0005336985056261007,13521.55,False
2022-11-22,TX202212,14457.0,14529.0,14364.0,14505.0,-0.001816743595761511,-209.0,115041.0,-0.0005898355990674498,13612.7,False
2022-11-23,TX202212,14615.0,14642.0,14543.0,14600.0,0.019818709847751474,2252.0,113630.0,-0.0008270501949335914,13705.75,False
2022-11-24,TX202212,14690.0,14789.0,14656.0,14775.0,-0.020579046788724208,-2266.0,110112.0,-0.0010430561736343511,13796.7,False
2022-11-25,TX202212,14769.0,14798.0,14703.0,14703.0,-0.020341086696699456,-1770.0,87016.0,-0.0009563358210788834,13893.65,False
2022-11-28,TX202212,14550.0,14588.0,14433.0,14475.0,0.025823686553873553,3770.0,145990.0,-0.000627733197055586,13970.25,False
2022-11-29,TX202212,14470.0,14678.0,14431.0,14658.0,0.007649911152606693,1016.0,132812.0,0.0006780140478199912,14051.6,True
2022-11-30,TX202212,14640.0,14838.0,14619.0,14800.0,0.010384793694946685,1568.0,150990.0,0.0006768207323111122,14137.45,True
2022-12-01,TX202212,15030.0,15119.0,14927.0,14977.0,-0.03422436216724777,-6184.0,180690.0,-0.001044535052234278,14238.4,False
2022-12-02,TX202212,14860.0,14959.0,14842.0,14886.0,-0.01351713695367581,-1714.0,126802.0,-0.0016207827537993783,14331.2,False
2022-12-05,TX202212,14898.0,15046.0,14880.0,14935.0,0.0142589537842145,2040.0,143068.0,-0.0011193939943678667,14416.75,False
2022-12-06,TX202212,14874.0,14894.0,14672.0,14675.0,-0.008517958754413947,-1223.0,143579.0,-0.001113338139940911,14483.8,False
2022-12-07,TX202212,14603.0,14780.0,14594.0,14623.0,0.017541130255532653,2706.0,154266.0,-0.0018471198461470072,14535.2,False
2022-12-08,TX202212,14567.0,14570.0,14413.0,14496.0,-0.006826511123728901,-1058.0,154984.0,0.0004818898376926139,14586.15,False
2022-12-09,TX202212,14636.0,14722.0,14572.0,14707.0,0.015218851154052198,2017.0,132533.0,-0.00016192446642155365,14618.6,False
2022-12-12,TX202212,14649.0,14650.0,14485.0,14581.0,0.0054202931978373095,799.0,147409.0,0.0006292142932555237,14641.3,False
2022-12-13,TX202212,14660.0,14687.0,14496.0,14519.0,-0.02565260882191604,-3180.0,123964.0,-0.0009804211556883986,14640.75,False
2022-12-14,TX202212,14609.0,14732.0,14576.0,14710.0,-0.001105098154533511,-233.0,210841.0,-0.0008979656931931784,14651.3,False
2022-12-15,TX202212,14658.0,14750.0,14607.0,14708.0,0.01699846276980931,2676.0,157426.0,0.0005503933763727127,14661.05,True
2022-12-16,TX202212,14440.0,14550.0,14411.0,14461.0,0.003120084841715893,609.0,195187.0,-0.000316995716471167,14661.1,False
2022-12-19,TX202212,14405.0,14485.0,14362.0,14404.0,0.011370707699270238,3015.0,265155.0,0.0007512515947454657,14659.9,False
2022-12-20,TX202212,14366.0,14442.0,14121.0,14154.0,-0.0009013960646366934,-246.0,272910.0,0.0007970189713017066,14642.35,False
2022-12-21,TX202212,14210.0,14278.0,14175.0,14219.0,0.007642947099078448,1147.0,150073.0,0.00018823083386805542,14623.3,False
2022-12-22,TX202301,14311.0,14396.0,14285.0,14377.0,0.028626530433342748,2939.0,102667.0,0.002648509694971403,14603.4,False
2022-12-23,TX202301,14168.0,14237.0,14125.0,14190.0,-0.0163258664641753,-2107.0,129059.0,0.0028492707065976104,14577.75,False
2022-12-26,TX202301,14196.0,14254.0,14192.0,14245.0,0.010598383604810645,935.0,88221.0,0.002088005559144466,14566.25,False
2022-12-27,TX202301,14295.0,14392.0,14278.0,14303.0,0.00754256808635563,501.0,66423.0,0.0020826384058319123,14548.5,False
2022-12-28,TX202301,14190.0,14195.0,14070.0,14110.0,-0.006964386468710788,-827.0,118747.0,0.0012151793976490387,14514.0,False
2022-12-29,TX202301,13960.0,14072.0,13938.0,14032.0,-0.007236086901067132,-851.0,117605.0,0.002564593160958071,14466.75,False
2022-12-30,TX202301,14193.0,14213.0,14127.0,14134.0,0.044622557493844625,4259.0,95445.0,0.005471577883334093,14429.15,False
2023-01-03,TX202301,14050.0,14247.0,13952.0,14230.0,-0.022050191947714078,-3475.0,157595.0,0.0036561205967376637,14393.9,False
2023-01-04,TX202301,14205.0,14271.0,14181.0,14208.0,-0.007377444453241397,-1025.0,138937.0,0.003713146311796292,14370.55,False
2023-01-05,TX202301,14324.0,14375.0,14239.0,14289.0,0.025176580258864868,3511.0,139455.0,0.004094918811962903,14353.85,False
2023-01-06,TX202301,14278.0,14403.0,14275.0,14364.0,-0.02003768329646924,-2446.0,122070.0,0.0034343602033258857,14347.25,True
2023-01-09,TX202301,14618.0,14770.0,14582.0,14769.0,-0.004117331151062578,-644.0,156412.0,0.0024675510880701463,14350.35,True
2023-01-10,TX202301,14745.0,14829.0,14735.0,14808.0,-0.010929713534501208,-1430.0,130836.0,0.0016500507514532205,14361.7,True
2023-01-11,TX202301,14855.0,14884.0,14746.0,14792.0,-0.0357139595832306,-3911.0,109509.0,0.001146983213387493,14375.35,True
2023-01-12,TX202301,14825.0,14840.0,14709.0,14768.0,0.008713311735409313,901.0,103405.0,0.0016379037078846342,14378.25,True
2023-01-13,TX202301,15000.0,15016.0,14822.0,14833.0,0.022256441843753208,4336.0,194820.0,0.0019008026615818289,14384.5,True
2023-01-16,TX202301,14935.0,15004.0,14916.0,14936.0,-0.00818901731792185,-1638.0,200024.0,0.001335347553599942,14408.25,True
2023-01-17,TX202301,14923.0,14969.0,14906.0,14925.0,-0.005042495946403435,-849.0,168369.0,0.0005146873713162582,14434.3,True
2023-01-30,TX202301,15558.0,15559.0,15364.0,15451.0,0.00019315211372796456,30.0,155318.0,0.0005694147802344912,14499.15,True
2023-01-31,TX202302,15449.0,15456.0,15265.0,15268.0,-0.050559087176969504,-5973.0,118139.0,-0.0023406869335679064,14551.6,False
2023-02-01,TX202302,15350.0,15402.0,15297.0,15383.0,0.020597235609541544,2201.0,106859.0,-0.0027421516747579665,14601.9,False
2023-02-02,TX202302,15549.0,15600.0,15468.0,15580.0,0.038704581358609796,5292.0,136728.0,9.370716381288529e-06,14671.4,True
2023-02-03,TX202302,15581.0,15629.0,15488.0,15579.0,0.0006429834431763383,80.0,124420.0,-0.000488399291700427,14738.1,False
2023-02-06,TX202302,15504.0,15505.0,15391.0,15405.0,-0.010100165782031456,-1450.0,143562.0,-0.0013705359851197813,14793.2,False
2023-02-07,TX202302,15383.0,15447.0,15366.0,15396.0,0.008121357876237165,878.0,108110.0,-0.0006162487678723837,14857.5,False
2023-02-08,TX202302,15475.0,15624.0,15474.0,15604.0,0.03248648804878754,4496.0,138396.0,0.0013698799796203497,14936.1,True
2023-02-09,TX202302,15549.0,15608.0,15530.0,15601.0,-0.009254534722013787,-925.0,99951.0,-0.0013239746311725707,15009.45,False
2023-02-10,TX202302,15596.0,15598.0,15520.0,15575.0,0.0018970582423228424,288.0,151814.0,-0.00012661212167072478,15076.7,False
2023-02-13,TX202302,15510.0,15547.0,15431.0,15533.0,0.005512962552625748,1244.0,225650.0,0.0005179082286226324,15142.95,True
2023-02-14,TX202302,15633.0,15682.0,15588.0,15661.0,-0.0093108488867233,-1758.0,188812.0,-0.0012064632286567759,15211.55,False
2023-02-15,TX202302,15502.0,15550.0,15382.0,15398.0,-0.006360894040521603,-1339.0,210505.0,-0.0005226237658593942,15263.25,False
2023-02-16,TX202303,15458.0,15599.0,15451.0,15546.0,0.04337666857242288,5235.0,120687.0,0.001852076220314879,15302.1,True
2023-02-17,TX202303,15428.0,15475.0,15384.0,15433.0,0.005092197759432986,615.0,120773.0,0.002653171785011589,15333.35,True
2023-02-20,TX202303,15386.0,15555.0,15367.0,15522.0,0.0073151750972762645,752.0,102800.0,0.0048046285190369315,15369.85,True
2023-02-21,TX202303,15486.0,15547.0,15471.0,15528.0,-0.0009815617402334606,-65.0,66221.0,0.004319884845254793,15407.85,True
2023-02-22,TX202303,15353.0,15415.0,15306.0,15376.0,0.011004315894313221,1359.0,123497.0,0.003757278547782794,15435.0,False
2023-02-23,TX202303,15435.0,15656.0,15433.0,15597.0,-0.003990520602400428,-522.0,130810.0,0.003967203383558865,15468.05,True
2023-02-24,TX202303,15642.0,15684.0,15526.0,15542.0,-0.023667049312458784,-2907.0,122829.0,0.003035975715256098,15498.9,True
2023-03-01,TX202303,15381.0,15555.0,15333.0,15544.0,0.014323191980891969,1829.0,127695.0,0.0037424777086142976,15503.55,True
2023-03-02,TX202303,15596.0,15618.0,15435.0,15542.0,0.005823737090441152,706.0,121228.0,0.00656161892198483,15517.25,True
2023-03-03,TX202303,15612.0,15670.0,15568.0,15619.0,-0.022540806632697124,-2610.0,115790.0,0.004404716809872897,15529.05,True
2023-03-06,TX202303,15730.0,15834.0,15692.0,15774.0,-0.010378565825867977,-1257.0,121115.0,0.0019505594506490087,15538.75,True
2023-03-07,TX202303,15786.0,15894.0,15750.0,15874.0,0.01798598548645333,1730.0,96186.0,0.0028177095528128583,15553.5,True
2023-03-08,TX202303,15725.0,15809.0,15721.0,15785.0,-0.0247367970555508,-3179.0,128513.0,0.002085877989136891,15572.5,True
2023-03-09,TX202303,15855.0,15862.0,15751.0,15767.0,-0.0014629358715579342,-158.0,108002.0,0.0016066633017471359,15591.05,True
2023-03-10,TX202303,15618.0,15624.0,15452.0,15484.0,-0.01190922291442222,-2034.0,170792.0,-0.0006131222464133522,15585.05,False
2023-03-13,TX202303,15450.0,15540.0,15345.0,15520.0,0.012403879828848994,4073.0,328365.0,0.0004697984811297869,15581.0,False
2023-03-14,TX202303,15358.0,15428.0,15310.0,15352.0,-0.007603584547000729,-2128.0,279868.0,-5.233658336391668e-06,15569.85,False
2023-03-15,TX202303,15472.0,15532.0,15404.0,15404.0,0.007921806215403391,1454.0,183544.0,0.0001152085248024905,15563.4,False
2023-03-16,TX202304,15194.0,15305.0,15150.0,15227.0,-0.008072013576329964,-1641.0,203295.0,0.00017715029032215734,15541.7,False
2023-03-17,TX202304,15310.0,15418.0,15298.0,15403.0,0.03590509710581622,5672.0,157972.0,0.0022904498476390483,15541.95,False
2023-03-20,TX202304,15454.0,15477.0,15352.0,15373.0,-0.015083025830258303,-1962.0,130080.0,-0.0006325348724950106,15533.3,False
2023-03-21,TX202304,15464.0,15517.0,15425.0,15455.0,0.00975279474472744,1354.0,138832.0,-0.0003995050232302879,15534.4,False
2023-03-22,TX202304,15589.0,15725.0,15568.0,15712.0,0.04449065109044157,5606.0,126004.0,0.0014592687764279774,15543.9,True
2023-03-23,TX202304,15695.0,15866.0,15683.0,15837.0,0.0037294680879202263,564.0,151228.0,0.0016948202678356617,15559.35,True
2023-03-24,TX202304,15878.0,15923.0,15806.0,15912.0,-0.030455683599699825,-4099.0,134589.0,-0.00037817970686499067,15586.15,False
2023-03-27,TX202304,15855.0,15893.0,15793.0,15831.0,-0.042344682984639226,-5574.0,131634.0,-0.0022958878259769304,15597.85,False
2023-03-28,TX202304,15814.0,15829.0,15655.0,15690.0,-0.0014947683109118087,-199.0,133131.0,-0.0011872737758995818,15605.25,False
2023-03-29,TX202304,15730.0,15787.0,15653.0,15740.0,0.024979432425346483,2763.0,110611.0,-0.0006544617536768559,15615.05,False
2023-03-30,TX202304,15822.0,15862.0,15761.0,15821.0,0.014983011826739199,1614.0,107722.0,-0.00019649801686195365,15629.0,False
2023-03-31,TX202304,15879.0,15965.0,15860.0,15864.0,-0.02847402540052638,-3224.0,113226.0,-0.0004931589552534165,15641.25,False
2023-04-06,TX202304,15780.0,15793.0,15701.0,15760.0,0.024612563210981687,2711.0,110147.0,0.0012563974965890668,15640.55,True
2023-04-07,TX202304,15850.0,15870.0,15796.0,15818.0,0.0007859183393420741,63.0,80161.0,0.00039639413923350407,15637.75,True
2023-04-10,TX202304,15839.0,15927.0,15828.0,15849.0,0.025181536370971168,1779.0,70647.0,0.0028923108105596024,15640.95,True
2023-04-11,TX202304,15834.0,15963.0,15825.0,15921.0,-0.012093831735854316,-1475.0,121963.0,0.0023607660173447834,15648.65,True
2023-04-12,TX202304,15957.0,15960.0,15866.0,15926.0,0.0005665591360551296,49.0,86487.0,0.002984555119868651,15670.75,True
2023-04-13,TX202304,15865.0,15903.0,15808.0,15816.0,-0.0013127972624948888,-183.0,139397.0,0.002298721265301457,15685.55,True
2023-04-14,TX202304,15882.0,15995.0,15855.0,15947.0,0.016126663337543694,2196.0,136172.0,0.003485233659528678,15715.3,True
2023-04-17,TX202304,15920.0,15974.0,15877.0,15970.0,-0.006677820900941568,-1361.0,203809.0,0.00275525230371143,15743.6,True
2023-04-18,TX202304,15931.0,15963.0,15862.0,15890.0,-0.015273360841931722,-3261.0,213509.0,0.002395184940431342,15776.75,True
2023-04-19,TX202304,15893.0,15923.0,15750.0,15775.0,-0.012466393197764646,-1711.0,137249.0,-2.338957474770113e-05,15795.35,False
2023-04-20,TX202305,15730.0,15798.0,15682.0,15731.0,0.02219401894082398,2763.0,124493.0,0.001840462663806413,15813.25,False
2023-04-21,TX202305,15757.0,15778.0,15602.0,15615.0,0.00952394088398171,1381.0,145003.0,0.0018290199707691266,15821.25,False
2023-04-24,TX202305,15545.0,15655.0,15542.0,15623.0,0.011195325929158614,1257.0,112279.0,0.00016425371270497877,15816.8,False
2023-04-25,TX202305,15641.0,15662.0,15369.0,15388.0,-0.04487379020290568,-6199.0,138143.0,-0.0022659092018363167,15794.35,False
2023-04-26,TX202305,15390.0,15409.0,15312.0,15375.0,-0.010281686021002136,-1406.0,136748.0,-0.0012572093229014322,15767.5,False
2023-04-27,TX202305,15342.0,15461.0,15305.0,15427.0,0.03269492539383903,3771.0,115339.0,0.0024947710960224806,15747.3,False
2023-04-28,TX202305,15515.0,15596.0,15498.0,15573.0,0.016419433457863532,1947.0,118579.0,0.003390481184461248,15741.45,False
2023-05-02,TX202305,15628.0,15672.0,15551.0,15636.0,0.00971958078743981,1201.0,123565.0,0.0026274886025659137,15736.25,False
2023-05-03,TX202305,15559.0,15595.0,15523.0,15552.0,-0.0019560170374568124,-214.0,109406.0,0.0017805371593561134,15722.8,False
2023-05-04,TX202305,15496.0,15619.0,15490.0,15609.0,0.040167542847373595,4699.0,116985.0,0.005212615571751113,15710.05,False
2023-05-05,TX202305,15598.0,15696.0,15576.0,15643.0,-0.00482017055988135,-559.0,115971.0,0.0037409788832079597,15704.2,False
2023-05-08,TX202305,15758.0,15776.0,15704.0,15723.0,-0.017264530980241704,-1800.0,104260.0,0.0028384564172287715,15699.45,True
2023-05-09,TX202305,15706.0,15744.0,15652.0,15739.0,0.010350976384116905,952.0,91972.0,0.002096928417886058,15693.95,True
2023-05-10,TX202305,15692.0,15702.0,15581.0,15609.0,-0.0636600928074246,-7024.0,110336.0,-0.0004813846356924563,15678.35,False
2023-05-11,TX202305,15660.0,15683.0,15517.0,15518.0,-0.013011256772310024,-1854.0,142492.0,-0.001160275431110714,15657.95,False
2023-05-12,TX202305,15450.0,15559.0,15420.0,15508.0,0.002441154425366001,355.0,145423.0,-0.0009725778467176694,15642.55,False
2023-05-15,TX202305,15439.0,15522.0,15425.0,15510.0,0.010595968998229986,2197.0,207343.0,-0.001249112563683355,15620.7,False
2023-05-16,TX202305,15604.0,15723.0,15593.0,15690.0,0.04100724065885529,8263.0,201501.0,0.0011351405143064882,15606.7,True
2023-05-17,TX202305,15720.0,15973.0,15713.0,15954.0,0.02272972542409464,4423.0,194591.0,0.003035294827607806,15609.9,True
2023-05-18,TX202306,16026.0,16085.0,15960.0,16070.0,-0.0043825895352510875,-541.0,123443.0,0.003439485010733484,15624.65,True
2023-05-19,TX202306,16153.0,16161.0,16068.0,16129.0,-0.018015421829835915,-2063.0,114513.0,0.0014290129722004893,15644.55,True
2023-05-22,TX202306,16133.0,16158.0,16091.0,16116.0,-0.011374793457697742,-950.0,83518.0,0.0003840762551165167,15669.6,True
2023-05-23,TX202306,16149.0,16195.0,16072.0,16133.0,-0.016094138579429425,-1592.0,98918.0,-0.0009803969703128853,15695.1,False
2023-05-24,TX202306,16055.0,16091.0,16005.0,16072.0,-0.009474527424567477,-1029.0,108607.0,0.0007895661686040247,15729.3,True
2023-05-25,TX202306,16132.0,16232.0,16125.0,16207.0,0.0025808175636238334,367.0,142203.0,0.0014326913478353233,15770.9,True
2023-05-26,TX202306,16362.0,16456.0,16346.0,16435.0,0.027236694291951927,3855.0,141537.0,0.001159779792740968,15821.3,True
2023-05-29,TX202306,16607.0,16633.0,16543.0,16570.0,-0.02103632802576479,-2567.0,122027.0,-0.0007130082814404481,15871.15,False
2023-05-30,TX202306,16550.0,16607.0,16515.0,16576.0,-0.004742684157416751,-376.0,79280.0,-0.001436121528683276,15918.15,False
2023-05-31,TX202306,16576.0,16598.0,16455.0,16489.0,-0.003957268703949462,-659.0,166529.0,-0.0015361841120079087,15965.0,False
2023-06-01,TX202306,16440.0,16518.0,16422.0,16470.0,-0.004551584625758598,-540.0,118640.0,-0.003772140485664518,16008.05,False
2023-06-02,TX202306,16577.0,16738.0,16566.0,16710.0,0.007514222762997797,914.0,121636.0,-0.0031554208195205607,16061.4,False
2023-06-05,TX202306,16750.0,16764.0,16657.0,16681.0,-0.018435209090673598,-2135.0,115811.0,-0.0032139547250421554,16109.3,False
2023-06-06,TX202306,16687.0,16784.0,16680.0,16747.0,1.9422378464466758e-05,2.0,102974.0,-0.003730532425324777,16159.7,False
2023-06-07,TX202306,16785.0,16906.0,16766.0,16889.0,0.025893569269007474,2792.0,107826.0,0.0007471506784968264,16223.7,True
2023-06-08,TX202306,16852.0,16867.0,16667.0,16719.0,-0.015685744496474086,-1973.0,125783.0,0.0006134262922886232,16283.75,True
2023-06-09,TX202306,16802.0,16888.0,16785.0,16888.0,-0.016461217523231556,-1736.0,105460.0,-0.00033169230514125457,16352.75,False
2023-06-12,TX202306,16954.0,16984.0,16907.0,16942.0,0.0060719707116706845,680.0,111990.0,-0.0005578922194692196,16424.35,False
2023-06-13,TX202306,17088.0,17274.0,17081.0,17220.0,-0.0009796299175866894,-126.0,128620.0,-0.0026572357482913186,16500.85,False
2023-06-14,TX202306,17199.0,17230.0,17133.0,17203.0,-0.026246335439093268,-3411.0,129961.0,-0.005106038791450714,16563.3,False
2023-06-15,TX202306,17250.0,17348.0,17230.0,17337.0,0.02174861238208455,2543.0,116927.0,-0.0037994786955839327,16626.65,False
2023-06-16,TX202306,17292.0,17322.0,17215.0,17268.0,-0.014175945580257948,-2284.0,161118.0,-0.0036075048831050336,16683.6,False
2023-06-19,TX202306,17194.0,17286.0,17160.0,17255.0,0.010448995475993579,2148.0,205570.0,-0.0025163154364204678,16740.55,False
2023-06-20,TX202306,17210.0,17238.0,17106.0,17189.0,-0.01368928635713406,-2890.0,211114.0,-0.0023960728253056996,16793.35,False
2023-06-21,TX202306,17157.0,17244.0,17140.0,17229.0,-0.0009415457041977246,-120.0,127450.0,-0.001969423739287212,16851.2,False
2023-06-26,TX202307,16851.0,16915.0,16822.0,16880.0,-0.021796291837226103,-2263.0,103825.0,-0.0031882792093297085,16884.85,False
2023-06-27,TX202307,16805.0,16855.0,16705.0,16743.0,-0.010049183553019871,-1277.0,127075.0,-0.005052573101578298,16900.25,False
2023-06-28,TX202307,16795.0,16810.0,16712.0,16776.0,-0.00898828854522204,-977.0,108697.0,-0.004450171127551162,16910.55,False
2023-06-29,TX202307,16851.0,16965.0,16733.0,16756.0,-0.02094826688872697,-3220.0,153712.0,-0.005260450264116672,16919.55,False
2023-06-30,TX202307,16718.0,16826.0,16671.0,16788.0,0.007407407407407408,825.0,111375.0,-0.004692216458548828,16934.5,False
2023-07-03,TX202307,16901.0,17038.0,16897.0,17035.0,0.03194971260502694,3563.0,111519.0,-0.0028671515970095512,16962.75,False
2023-07-04,TX202307,17025.0,17116.0,16983.0,17106.0,0.026045162268072485,2406.0,92378.0,-0.0019406046217558173,16982.55,False
2023-07-05,TX202307,17086.0,17098.0,16975.0,17005.0,-0.05843378592414369,-4833.0,82709.0,-0.003940533463429321,16998.75,False
2023-07-06,TX202307,16869.0,16898.0,16673.0,16686.0,-0.002325195150307258,-336.0,144504.0,-0.004057764339867908,16995.7,False
2023-07-07,TX202307,16566.0,16708.0,16536.0,16623.0,0.021329622629753475,3081.0,144447.0,-0.004285961671830608,16982.4,False
2023-07-10,TX202307,16675.0,16737.0,16545.0,16550.0,0.014979596867843496,2309.0,154143.0,-0.002752694603614729,16973.95,False
2023-07-11,TX202307,16750.0,16877.0,16737.0,16870.0,0.018197325062996705,2347.0,128975.0,-0.0010197674743033156,16973.05,False
2023-07-12,TX202307,16880.0,16929.0,16824.0,16925.0,-0.018426576405617047,-2379.0,129107.0,-0.002244694830167702,16972.2,False
2023-07-13,TX202307,17137.0,17255.0,17056.0,17084.0,0.0012212635554600657,216.0,176866.0,-0.002134650156515364,16965.4,False
2023-07-14,TX202307,17219.0,17305.0,17143.0,17292.0,-0.006324666198172874,-918.0,145146.0,-0.0011385666944693448,16969.85,False
2023-07-17,TX202307,17234.0,17345.0,17229.0,17291.0,-0.006342872457639737,-1491.0,235067.0,-0.002543140936455559,16967.55,False
2023-07-18,TX202307,17338.0,17386.0,17152.0,17225.0,-0.0006553853543762238,-161.0,245657.0,-0.0018671129251614728,16965.4,False
2023-07-19,TX202307,17287.0,17325.0,17092.0,17102.0,-0.01490477348703822,-2635.0,176789.0,-0.0031348013733130627,16957.75,False
2023-07-20,TX202308,17020.0,17150.0,17018.0,17126.0,0.01211056526335427,1558.0,128648.0,-0.001844808792288646,16954.6,False
2023-07-21,TX202308,16860.0,16984.0,16816.0,16944.0,-0.021187143229351713,-3578.0,168876.0,-0.0028570886685463457,16940.35,False
2023-07-24,TX202308,16947.0,17024.0,16866.0,16981.0,0.024941183368635527,3403.0,136441.0,-0.0005202149082532642,16945.4,False
2023-07-25,TX202308,17091.0,17225.0,17054.0,17180.0,0.015353727150338902,1973.0,128503.0,0.0007499306269146745,16967.25,True
2023-07-26,TX202308,17206.0,17208.0,17078.0,17102.0,-0.02518152325042484,-3097.0,122987.0,-5.97311083454656e-05,16983.55,False
2023-07-27,TX202308,17183.0,17263.0,17168.0,17221.0,0.013657730469862035,1967.0,144021.0,0.0016705687595839846,17006.8,True
2023-07-28,TX202308,17155.0,17299.0,17135.0,17262.0,-0.00023741987079360717,-38.0,160054.0,0.0012883273956739339,17030.5,True
2023-07-31,TX202308,17400.0,17425.0,17058.0,17100.0,-0.03347746623278206,-6008.0,179464.0,-0.001983031546216516,17033.75,False
2023-08-01,TX202308,17160.0,17218.0,17090.0,17182.0,0.03027653295442125,3878.0,128086.0,-0.0017714630118990777,17037.55,False
2023-08-02,TX202308,17093.0,17162.0,16806.0,16814.0,-0.027229858756590338,-4891.0,179619.0,-0.00021126665352141084,17028.0,False
2023-08-04,TX202308,16720.0,16863.0,16715.0,16824.0,0.030239056193728655,4870.0,161050.0,0.0014169459136803848,17034.9,False
2023-08-07,TX202308,16859.0,17027.0,16836.0,17002.0,0.020573495610233996,3276.0,159234.0,0.001379139562704411,17053.85,False
2023-08-08,TX202308,17020.0,17026.0,16757.0,16853.0,-0.005908718034073211,-994.0,168226.0,0.00033472381760857556,17069.0,False
2023-08-09,TX202308,16815.0,16935.0,16780.0,16852.0,0.010117425036695323,1544.0,152608.0,-6.927118370649351e-05,17068.1,False
2023-08-10,TX202308,16788.0,16797.0,16584.0,16660.0,-0.013780820392942617,-2476.0,179670.0,0.00016301661692722798,17054.85,False
2023-08-11,TX202308,16711.0,16754.0,16574.0,16625.0,0.0057457232612269475,1059.0,184311.0,0.0003892396022155721,17031.9,False
2023-08-14,TX202308,16567.0,16570.0,16306.0,16378.0,-0.020556437905764998,-5902.0,287112.0,-0.0003223489831640341,16986.2,False
2023-08-15,TX202308,16471.0,16540.0,16422.0,16422.0,0.015769397904495195,3266.0,207110.0,0.0007832645349427125,16942.75,False
2023-08-16,TX202308,16300.0,16413.0,16290.0,16364.0,0.0006197518562175694,102.0,164582.0,0.0008470213954724023,16899.7,False
2023-08-17,TX202309,16261.0,16493.0,16205.0,16454.0,0.02490758973296024,4326.0,173682.0,0.002837639556472325,16867.3,False
2023-08-18,TX202309,16422.0,16541.0,16320.0,16352.0,-0.010909005782241262,-1864.0,170868.0,0.0016866610041925488,16828.6,False
2023-08-21,TX202309,16424.0,16474.0,16325.0,16351.0,-0.03228010009549501,-4631.0,143463.0,0.0011320131608853839,16798.95,False
2023-08-22,TX202309,16495.0,16507.0,16380.0,16401.0,0.010378171219696787,1289.0,124203.0,0.00040386255343844693,16769.95,False
2023-08-23,TX202309,16419.0,16561.0,16405.0,16559.0,0.011699951010057347,1624.0,138804.0,0.00022117374642436922,16738.9,False
2023-08-24,TX202309,16788.0,16798.0,16670.0,16759.0,0.010232733440120607,1629.0,159195.0,0.001991886580951642,16721.75,True
2023-08-25,TX202309,16549.0,16586.0,16415.0,16421.0,-0.03965191115067258,-6771.0,170761.0,-0.0006735955000750889,16681.75,False
2023-08-28,TX202309,16468.0,16548.0,16461.0,16490.0,0.022296190627146405,3376.0,151416.0,0.00045308502482191166,16643.15,False
2023-08-29,TX202309,16578.0,16632.0,16453.0,16624.0,0.01974551774127346,2261.0,114507.0,0.003114234223524688,16619.35,True
2023-08-30,TX202309,16738.0,16778.0,16695.0,16724.0,-0.012551829636488064,-1559.0,124205.0,0.0009728160939792218,16596.45,True
2023-08-31,TX202309,16730.0,16731.0,16602.0,16628.0,-0.008341359102854997,-1022.0,122522.0,0.001917241076665989,16587.15,True
2023-09-01,TX202309,16608.0,16727.0,16600.0,16651.0,0.009765302306976583,1123.0,114999.0,0.0008935533823283854,16578.5,True
2023-09-04,TX202309,16646.0,16782.0,16607.0,16782.0,0.024141035258814704,3218.0,133300.0,0.0010719303647574207,16567.5,True
2023-09-05,TX202309,16736.0,16765.0,16707.0,16754.0,-0.020759258246266614,-1518.0,73124.0,0.00032940335414775054,16562.55,True
2023-09-06,TX202309,16758.0,16801.0,16702.0,16711.0,0.00400341624853208,450.0,112404.0,2.3702914739588385e-05,16555.5,True
2023-09-07,TX202309,16604.0,16660.0,16560.0,16564.0,0.012942191544434857,1590.0,122854.0,0.001359853511608462,16550.7,True
2023-09-08,TX202309,16490.0,16579.0,16467.0,16563.0,-0.007084413446030956,-839.0,118429.0,0.000718346676245567,16547.6,True
2023-09-11,TX202309,16560.0,16577.0,16366.0,16427.0,-0.015252519865607168,-2288.0,150008.0,0.0009835425782534584,16550.05,False
2023-09-12,TX202309,16459.0,16591.0,16413.0,16573.0,0.03141151309926929,4230.0,134664.0,0.001765648337992163,16557.6,True
2023-09-13,TX202309,16570.0,16645.0,16523.0,16577.0,0.012055094562149867,1431.0,118705.0,0.0023374154732887778,16568.25,True
2023-09-14,TX202309,16676.0,16842.0,16675.0,16838.0,0.01576412654660328,2036.0,129154.0,0.0018802423139709298,16587.45,True
2023-09-15,TX202309,16848.0,16918.0,16808.0,16906.0,-0.014998085024894676,-1958.0,130550.0,0.0016757883518382592,16615.15,True
2023-09-18,TX202309,16757.0,16796.0,16700.0,16709.0,-0.01131864510019066,-2713.0,239693.0,0.0027238611016034762,16633.05,True
2023-09-19,TX202309,16700.0,16741.0,16603.0,16609.0,-0.007909956171062528,-1525.0,192795.0,0.001809454732065511,16643.45,False
2023-09-20,TX202309,16611.0,16648.0,16531.0,16537.0,-2.723200304998434e-05,-4.0,146886.0,0.0012230955814101442,16642.35,False
2023-09-21,TX202310,16479.0,16483.0,16280.0,16309.0,-0.028971015471927573,-4288.0,148010.0,-0.0007370918641922648,16619.85,False
2023-09-22,TX202310,16200.0,16355.0,16188.0,16345.0,0.023257711101865676,2851.0,122583.0,0.0024083892484346478,16616.05,False
2023-09-25,TX202310,16352.0,16491.0,16340.0,16464.0,0.042834429360352984,4553.0,106293.0,0.003435301185094977,16614.75,False
2023-09-26,TX202310,16400.0,16408.0,16273.0,16308.0,0.0018657426798157103,245.0,131315.0,0.002541312432022089,16598.95,False
2023-09-27,TX202310,16246.0,16334.0,16230.0,16311.0,-0.015828219869536118,-1963.0,124019.0,0.0023774929203696864,16578.3,False
2023-09-28,TX202310,16342.0,16435.0,16295.0,16368.0,-0.008642595327151842,-1153.0,133409.0,0.0023624311091548444,16565.3,False
2023-10-02,TX202310,16531.0,16610.0,16504.0,16557.0,0.021086301667650072,2716.0,128804.0,0.0029284810771885187,16560.6,False
2023-10-03,TX202310,16497.0,16553.0,16408.0,16412.0,-0.009364225921847222,-1301.0,138933.0,0.0012532180181554226,16542.1,False
2023-10-04,TX202310,16285.0,16286.0,16164.0,16245.0,0.006249854519215102,1074.0,171844.0,0.0026036736564295083,16516.65,False
2023-10-05,TX202310,16300.0,16486.0,16288.0,16456.0,0.026445954864300344,3887.0,146979.0,0.0037258005872179215,16503.9,False
2023-10-06,TX202310,16476.0,16552.0,16473.0,16531.0,-0.00866450537696817,-1045.0,120607.0,0.0026454657411477704,16502.25,True
2023-10-11,TX202310,16829.0,16829.0,16662.0,16717.0,0.0035364623509167507,596.0,168530.0,0.003176509530995156,16509.95,True
2023-10-12,TX202310,16768.0,16857.0,16725.0,16848.0,0.00911656717536279,1095.0,120111.0,0.004394963883043654,16531.0,True
2023-10-13,TX202310,16750.0,16807.0,16730.0,16770.0,0.011863369793920582,1590.0,134026.0,0.003417556717776218,16540.85,True
2023-10-16,TX202310,16661.0,16683.0,16603.0,16648.0,-0.006866580459299756,-1678.0,244372.0,0.002471472966703737,16544.4,True
2023-10-17,TX202310,16764.0,16782.0,16634.0,16650.0,-0.005705595362034826,-1118.0,195948.0,0.0013979868712718322,16535.0,True
2023-10-18,TX202310,16616.0,16633.0,16411.0,16426.0,-0.028976827751416592,-5661.0,195363.0,0.0006990497349457361,16511.0,False
2023-10-19,TX202311,16365.0,16487.0,16357.0,16458.0,0.019105733201024898,2580.0,135038.0,0.002220268650006514,16498.45,False
2023-10-20,TX202311,16440.0,16465.0,16255.0,16413.0,0.0038986744506867665,780.0,200068.0,0.0028107001810939785,16488.65,False
2023-10-23,TX202311,16350.0,16366.0,16250.0,16254.0,-0.03132543687407188,-4451.0,142089.0,0.0012457899375428838,16474.5,False
2023-10-24,TX202311,16274.0,16343.0,16148.0,16335.0,-0.004909193336373636,-915.0,186385.0,0.0024488810443205806,16475.8,False
2023-10-25,TX202311,16370.0,16480.0,16350.0,16358.0,0.026672227654061003,3901.0,146257.0,0.0026196068719303465,16476.45,False
2023-10-26,TX202311,16144.0,16176.0,16039.0,16069.0,-0.02021516056073455,-3745.0,185257.0,-0.0005328726241240298,16456.7,False
2023-10-27,TX202311,16137.0,16217.0,16120.0,16151.0,0.02301806766834903,3571.0,155139.0,0.0005247436253026361,16448.85,False
2023-10-30,TX202311,16118.0,16238.0,16111.0,16157.0,-0.01952009141115978,-2870.0,147028.0,0.00034015004822145304,16441.15,False
2023-10-31,TX202311,16180.0,16197.0,15973.0,15994.0,-0.014306303383475065,-2293.0,160279.0,5.696464540529186e-05,16422.45,False
2023-11-01,TX202311,16099.0,16120.0,15978.0,16048.0,0.01622228151918827,2371.0,146157.0,-0.00018623636201779825,16397.0,False
2023-11-02,TX202311,16256.0,16399.0,16250.0,16390.0,0.045274647524008164,6143.0,135683.0,0.002545707310274971,16395.9,False
2023-11-03,TX202311,16488.0,16537.0,16441.0,16512.0,0.02711815423149174,3378.0,124566.0,0.003589122295888803,16409.25,True
2023-11-06,TX202311,16680.0,16750.0,16626.0,16670.0,0.027990464170523068,3992.0,142620.0,0.0036663477611999394,16419.95,True
2023-11-07,TX202311,16632.0,16712.0,16613.0,16709.0,0.020984916518519876,2290.0,109126.0,0.005148818855974341,16428.85,True
2023-11-08,TX202311,16725.0,16797.0,16687.0,16749.0,-0.006381315508192014,-800.0,125366.0,0.004652929963018903,16430.45,True
2023-11-09,TX202311,16711.0,16788.0,16692.0,16763.0,-0.004087615933245003,-435.0,106419.0,0.003992720807588513,16426.2,True
2023-11-10,TX202311,16664.0,16738.0,16627.0,16736.0,0.022855874847442583,3708.0,162234.0,0.004542346060264614,16424.5,True
2023-11-13,TX202311,16969.0,16985.0,16836.0,16876.0,-0.020716235747550986,-4902.0,236626.0,0.0038498632958520523,16435.9,True
2023-11-14,TX202311,16956.0,16976.0,16912.0,16949.0,-0.007274537972401399,-1271.0,174719.0,0.0037714161653337234,16450.85,True
2023-11-15,TX202311,17170.0,17192.0,17055.0,17123.0,-0.011424686972348311,-2084.0,182412.0,0.004649023204287138,16485.7,True
2023-11-16,TX202312,17196.0,17218.0,17109.0,17186.0,0.005192833282720923,684.0,131720.0,0.003953378208371939,16522.1,True
2023-11-17,TX202312,17152.0,17252.0,17151.0,17222.0,-0.0036760025461489497,-462.0,125680.0,0.003574644358530153,16562.55,True
2023-11-20,TX202312,17227.0,17288.0,17154.0,17200.0,-0.008578754855009616,-910.0,106076.0,0.004711978459483267,16609.85,True
2023-11-21,TX202312,17281.0,17425.0,17280.0,17415.0,0.012003022274931377,1255.0,104557.0,0.005557589240048517,16663.85,True
2023-11-22,TX202312,17298.0,17334.0,17256.0,17284.0,-0.047564406277761324,-5140.0,108064.0,0.0018457575434574006,16710.15,True
2023-11-23,TX202312,17275.0,17323.0,17214.0,17307.0,0.0360624672744953,4339.0,120319.0,0.0046596389352188934,16772.05,True
2023-11-24,TX202312,17330.0,17350.0,17265.0,17293.0,-0.008379689567357624,-589.0,70289.0,0.0030897510734335604,16829.15,True
2023-11-27,TX202312,17257.0,17361.0,17145.0,17173.0,0.008064887782847136,875.0,108495.0,0.004469000033133906,16879.95,True
2023-11-28,TX202312,17215.0,17402.0,17195.0,17364.0,0.014263129853001546,1633.0,114491.0,0.005897471694957737,16948.45,True
2023-11-29,TX202312,17339.0,17450.0,17314.0,17334.0,-0.02646110965943733,-3038.0,114810.0,0.003763302136026457,17012.75,True
2023-11-30,TX202312,17400.0,17416.0,17291.0,17393.0,0.009990348307567266,1180.0,118114.0,0.0019990871752044123,17062.9,True
2023-12-01,TX202312,17333.0,17434.0,17254.0,17421.0,0.0196319018404908,2560.0,130400.0,0.0016247745556543652,17108.35,True
2023-12-04,TX202312,17465.0,17491.0,17376.0,17419.0,-0.021270605899465108,-2720.0,127876.0,-0.0008382789478450437,17145.8,False
2023-12-05,TX202312,17285.0,17330.0,17231.0,17309.0,-0.012695766474840902,-1584.0,124766.0,-0.0025223130975130827,17175.8,False
2023-12-06,TX202312,17367.0,17453.0,17346.0,17381.0,-0.01091274830274076,-1302.0,119310.0,-0.00274888473724052,17207.4,False
2023-12-07,TX202312,17321.0,17371.0,17261.0,17270.0,-0.004521315385341329,-527.0,116559.0,-0.0027705697098453362,17232.75,False
2023-12-08,TX202312,17409.0,17470.0,17363.0,17377.0,0.00555390260835069,784.0,141162.0,-0.0036356683217999308,17264.8,False
2023-12-11,TX202312,17436.0,17457.0,17350.0,17418.0,-0.003963810234806875,-446.0,112518.0,-0.0027980470461627252,17291.9,False
2023-12-12,TX202312,17518.0,17545.0,17427.0,17464.0,-0.01209480412001077,-1213.0,100291.0,-0.003039060353543194,17317.65,False
2023-12-13,TX202312,17491.0,17519.0,17426.0,17453.0,-0.001085837311616587,-116.0,106830.0,-0.0025221178705066077,17334.15,False
2023-12-14,TX202312,17608.0,17691.0,17595.0,17666.0,0.010797788013831156,1730.0,160218.0,-0.002241870133951096,17358.15,False
2023-12-15,TX202312,17771.0,17775.0,17672.0,17674.0,-0.00644624662091911,-1147.0,177933.0,-0.002380382337689604,17380.75,False
2023-12-18,TX202312,17672.0,17673.0,17583.0,17655.0,-0.009383098507640523,-2205.0,234997.0,-0.0024205995203211493,17403.5,False
2023-12-19,TX202312,17596.0,17621.0,17505.0,17574.0,-0.011859260202998259,-2234.0,188376.0,-0.003613713644217631,17411.45,False
2023-12-20,TX202312,17605.0,17655.0,17596.0,17636.0,0.014878912266836557,1845.0,124001.0,-0.0004915477169877371,17429.05,False
2023-12-21,TX202401,17442.0,17544.0,17414.0,17529.0,-0.044100496484622304,-5294.0,120044.0,-0.004499695904943617,17440.15,False
2023-12-22,TX202401,17563.0,17597.0,17542.0,17558.0,0.021241480485344907,2085.0,98157.0,-0.0030186374023084906,17453.4,False
2023-12-25,TX202401,17644.0,17666.0,17607.0,17622.0,0.024628939743362308,1666.0,67644.0,-0.002190434804282732,17475.85,False
2023-12-26,TX202401,17651.0,17740.0,17634.0,17735.0,0.02094223294464549,1250.0,59688.0,-0.0018564796497005348,17494.4,False
2023-12-27,TX202401,17755.0,17874.0,17737.0,17857.0,0.02259217877094972,2022.0,89500.0,0.0005961847718188174,17520.55,True
2023-12-28,TX202401,17850.0,17887.0,17821.0,17865.0,-0.006166872229074302,-555.0,89997.0,-0.00021167625501326094,17544.15,False
2023-12-29,TX202401,17853.0,17900.0,17828.0,17868.0,-0.02099157215690355,-1614.0,76888.0,-0.0022428499548829786,17566.5,False
2024-01-02,TX202401,17838.0,17920.0,17751.0,17798.0,-0.0038231986852348414,-442.0,115610.0,-0.001370479594171465,17585.45,False
2024-01-03,TX202401,17658.0,17667.0,17507.0,17546.0,-0.04880453213107428,-7426.0,152158.0,-0.0031759178769831336,17597.3,False
2024-01-04,TX202401,17525.0,17583.0,17525.0,17546.0,0.01805937052280007,1979.0,109583.0,-0.0017273119357060925,17605.55,False
2024-01-05,TX202401,17577.0,17626.0,17491.0,17519.0,0.013487346706120019,1609.0,119297.0,-0.0008268788311330252,17618.0,False
2024-01-08,TX202401,17572.0,17706.0,17568.0,17595.0,0.0073397273439402815,1115.0,151913.0,-0.0007375875943535455,17628.9,False
2024-01-09,TX202401,17770.0,17782.0,17526.0,17545.0,-0.0329452262832844,-4881.0,148155.0,-0.002186658396777422,17635.25,False
2024-01-10,TX202401,17509.0,17521.0,17439.0,17458.0,-0.012179010518564508,-1687.0,138517.0,-0.002190868716705109,17634.95,False
2024-01-11,TX202401,17490.0,17606.0,17481.0,17575.0,0.004756010163528569,657.0,138141.0,-0.0018987763429478507,17641.05,False
2024-01-12,TX202401,17466.0,17570.0,17447.0,17489.0,-0.006822567189235391,-1333.0,195381.0,-0.002779794103101178,17632.2,False
2024-01-15,TX202401,17580.0,17655.0,17527.0,17559.0,0.009943336512472898,3013.0,303017.0,-0.001960314946431578,17626.45,False
2024-01-16,TX202401,17480.0,17499.0,17321.0,17333.0,-0.006846717701036384,-1643.0,239969.0,-0.0018334959061013707,17610.35,False
2024-01-17,TX202401,17313.0,17344.0,17159.0,17167.0,-0.0025743780292445248,-503.0,195387.0,-0.001369251797413684,17590.0,False
2024-01-18,TX202402,17240.0,17326.0,17215.0,17280.0,0.005926153261576459,811.0,136851.0,-0.001816889747676689,17572.2,False
2024-01-19,TX202402,17541.0,17684.0,17504.0,17678.0,0.053044373561594055,10510.0,198136.0,0.003040353754634129,17579.65,True
2024-01-22,TX202402,17816.0,17843.0,17747.0,17817.0,-0.012795163441624161,-1909.0,149197.0,0.0013385215582856758,17592.6,True
2024-01-23,TX202402,17799.0,17877.0,17790.0,17870.0,0.028068482438480608,3374.0,120206.0,0.0015104986930415906,17605.0,True
2024-01-24,TX202402,17903.0,17941.0,17876.0,17903.0,-0.002295057091916088,-242.0,105444.0,0.00034863419121351167,17613.4,True
2024-01-25,TX202402,18016.0,18030.0,17935.0,17995.0,0.032203864463735646,4140.0,128556.0,0.0008292184758528078,17620.3,True
2024-01-26,TX202402,17951.0,18023.0,17936.0,17999.0,5.295862166360683e-05,6.0,113296.0,0.0011402100183897034,17627.0,True
2024-01-29,TX202402,18011.0,18135.0,17970.0,18125.0,-0.003730178007564454,-430.0,115276.0,0.002003279725856658,17639.85,True
2024-01-30,TX202402,18129.0,18139.0,18064.0,18081.0,-0.021086932094835014,-2252.0,106796.0,0.0011400930553766492,17654.0,True
2024-01-31,TX202402,17990.0,18003.0,17904.0,17920.0,-0.02736359167622481,-3340.0,122060.0,0.0022121400781191227,17672.7,True
2024-02-01,TX202402,17956.0,17994.0,17882.0,17986.0,-0.011314915702266207,-1755.0,155105.0,0.0007434257668658093,17694.7,True
2024-02-02,TX202402,18100.0,18105.0,18023.0,18084.0,-0.010797835118209278,-1219.0,112893.0,-0.00047083332435065553,17722.95,False
2024-02-05,TX202402,18008.0,18102.0,17958.0,18086.0,0.010235930296398247,1361.0,132963.0,-0.0003260231767277572,17747.5,False
2024-02-15,TX202402,18590.0,18696.0,18531.0,18667.0,0.010784894314868804,1894.0,175616.0,0.001860482853179903,17803.6,True
2024-02-16,TX202402,18683.0,18726.0,18633.0,18634.0,-0.02359766681783352,-3018.0,127894.0,0.0012895500382164523,17862.4,True
2024-02-19,TX202402,18680.0,18692.0,18619.0,18671.0,0.012911403820813563,2577.0,199591.0,0.001697319721080702,17917.2,True
2024-02-20,TX202402,18634.0,18754.0,18596.0,18753.0,0.022931131139764544,4254.0,185512.0,0.0031850046375306988,17980.4,True
2024-02-21,TX202402,18738.0,18750.0,18659.0,18670.0,-0.03485390255354499,-4825.0,138435.0,0.0009451426842298046,18035.95,True
2024-02-22,TX202403,18887.0,18890.0,18751.0,18889.0,0.002392929504646126,274.0,114504.0,0.0014071250445139298,18113.75,True
2024-02-23,TX202403,18990.0,19000.0,18898.0,18913.0,0.017588754115700222,2062.0,117234.0,0.002415281651761167,18201.05,True
2024-02-26,TX202403,18907.0,18996.0,18853.0,18963.0,0.010153616342679505,1006.0,99078.0,0.00262665480581632,18285.2,True
2024-02-27,TX202403,18950.0,19020.0,18750.0,18867.0,-0.009595410030665743,-1358.0,141526.0,-0.0005053343737966702,18344.65,False
2024-02-29,TX202403,18808.0,18997.0,18805.0,18966.0,0.0024434446257742834,271.0,110909.0,0.00025659602957325194,18402.1,True
2024-03-01,TX202403,18968.0,19017.0,18924.0,18961.0,-0.029142285817311632,-3556.0,122022.0,-0.0026039423832163603,18456.65,False
2024-03-04,TX202403,19144.0,19340.0,19137.0,19314.0,0.031264776531557945,4959.0,158613.0,-0.0009259507020426584,18527.2,False
2024-03-05,TX202403,19362.0,19436.0,19305.0,19389.0,-0.0036082282483353794,-485.0,134415.0,-0.0027165553376462094,18596.9,False
2024-03-06,TX202403,19282.0,19523.0,19271.0,19509.0,0.003157924549677127,446.0,141232.0,-0.002561307041245534,18672.4,False
2024-03-07,TX202403,19688.0,19770.0,19584.0,19709.0,-0.00416158110671588,-849.0,204009.0,-0.002582877196203105,18751.6,False
2024-03-08,TX202403,19930.0,20009.0,19638.0,19791.0,-0.017245070824615637,-4591.0,266221.0,-0.002390784132692136,18837.1,False
2024-03-11,TX202403,19691.0,19825.0,19679.0,19715.0,-0.01327357046175694,-2991.0,225335.0,-0.0016862830719687426,18926.85,False
2024-03-12,TX202403,19714.0,19956.0,19698.0,19955.0,-0.005878339369128222,-896.0,152424.0,-0.0014144542553118434,19025.3,False
2024-03-13,TX202403,19994.0,20064.0,19886.0,19927.0,2.52605627042948e-05,5.0,197937.0,-0.0008732994712661648,19117.45,False
2024-03-14,TX202403,19897.0,19978.0,19799.0,19939.0,0.0015354864408195258,239.0,155651.0,-0.001308321664045101,19210.1,False
2024-03-15,TX202403,19828.0,19873.0,19723.0,19730.0,-0.011424994130996166,-2044.0,178906.0,-0.0024188160863383495,19263.25,False
2024-03-18,TX202403,19778.0,19920.0,19747.0,19919.0,0.0018993088368817982,410.0,215868.0,-0.0011439673036025837,19327.5,False
2024-03-19,TX202403,19816.0,19911.0,19739.0,19867.0,0.0004650931016726741,112.0,240812.0,-0.001766282839559628,19387.3,False
2024-03-20,TX202403,19860.0,19956.0,19731.0,19747.0,0.0029567631441796143,573.0,193793.0,-0.0027650012393388742,19437.0,False
2024-03-21,TX202404,20048.0,20264.0,20029.0,20264.0,0.04547145017727419,7336.0,161332.0,0.0012512663972020846,19516.7,True
2024-03-22,TX202404,20226.0,20285.0,20122.0,20242.0,-0.045835065391871585,-7167.0,156365.0,-0.0011601333476238009,19584.35,False
2024-03-25,TX202404,20256.0,20307.0,20188.0,20231.0,-0.004689990693731629,-509.0,108529.0,-0.0022740705880953936,19650.25,False
2024-03-26,TX202404,20280.0,20459.0,20038.0,20187.0,-0.009134817303653927,-1914.0,209528.0,-0.0032384922704120646,19711.45,False
2024-03-27,TX202404,20185.0,20288.0,20148.0,20261.0,0.018211376773515503,2218.0,121792.0,-0.001848152930203003,19781.15,False
2024-03-28,TX202404,20238.0,20250.0,20081.0,20203.0,-0.005021249044309595,-729.0,145183.0,-0.002221387613707197,19843.0,False
2024-03-29,TX202404,20226.0,20299.0,20192.0,20280.0,0.04140680740336593,4933.0,119135.0,0.0013060670473266812,19908.95,True
2024-04-01,TX202404,20393.0,20400.0,20259.0,20288.0,-0.01585352238472703,-1704.0,107484.0,-0.0010498478984875676,19957.65,False
2024-04-02,TX202404,20350.0,20524.0,20350.0,20523.0,0.03548032713512634,5232.0,147462.0,0.0009045798706855182,20014.35,True
2024-04-03,TX202404,20370.0,20419.0,20275.0,20349.0,-0.04492573129613317,-7395.0,164605.0,-0.0014996029216049966,20056.35,False
2024-04-08,TX202404,20404.0,20520.0,20375.0,20450.0,0.009737565380252309,1279.0,131347.0,-0.0008046455972565871,20093.4,False
2024-04-09,TX202404,20538.0,20877.0,20518.0,20874.0,0.04467055609575404,7718.0,172776.0,0.002291135748761897,20147.55,True
2024-04-10,TX202404,20822.0,20892.0,20804.0,20851.0,-0.03409440667058396,-4874.0,142956.0,0.0012500939383205457,20204.35,True
2024-04-11,TX202404,20706.0,20764.0,20651.0,20753.0,-0.045544243755544424,-7547.0,165707.0,-0.0007332012810002643,20244.25,False
2024-04-12,TX202404,20745.0,20809.0,20682.0,20755.0,0.011639774773225078,2030.0,174402.0,-0.00015247557047422516,20285.65,False
2024-04-15,TX202404,20544.0,20605.0,20460.0,20508.0,-0.015800519880620006,-4103.0,259675.0,-0.0010192758865462017,20314.1,False
2024-04-16,TX202404,20278.0,20286.0,19798.0,19953.0,0.0019125167242610545,699.0,365487.0,-0.00035240034378334077,20325.25,False
2024-04-17,TX202404,19942.0,20289.0,19927.0,20238.0,0.01109647243501696,2771.0,249719.0,0.00010745783612341733,20341.2,False
2024-04-18,TX202405,20070.0,20359.0,20025.0,20358.0,0.014692605276829262,2913.0,198263.0,0.0008188334448812467,20365.75,False
2024-04-19,TX202405,19840.0,19924.0,19265.0,19546.0,-0.003335026282408925,-1333.0,399697.0,0.0005042439735518198,20355.7,False
2024-04-22,TX202405,19620.0,19715.0,19445.0,19524.0,0.006379455217366476,1564.0,245162.0,-0.001450355774443566,20318.7,False
2024-04-23,TX202405,19651.0,19745.0,19554.0,19677.0,0.01464041095890411,2394.0,163520.0,0.0015734180430952188,20290.45,False
2024-04-24,TX202405,19930.0,20202.0,19916.0,20170.0,0.004344081906037699,681.0,156765.0,0.002025121673083685,20287.4,False
2024-04-25,TX202405,19940.0,19979.0,19834.0,19885.0,-0.020978204387148005,-3593.0,171273.0,0.0014329523189089814,20272.3,False
2024-04-26,TX202405,20126.0,20271.0,20070.0,20178.0,0.015253881294523305,3486.0,228532.0,0.0012850775449593714,20268.15,False
2024-04-29,TX202405,20350.0,20560.0,20310.0,20552.0,-0.0013840067608117874,-226.0,163294.0,0.001466939659134262,20285.6,True
2024-04-30,TX202405,20518.0,20576.0,20404.0,20413.0,0.007691826652492027,984.0,127928.0,-0.00021880937840943314,20292.25,False
2024-05-02,TX202405,20250.0,20380.0,20215.0,20291.0,-0.020348763635443294,-3216.0,158044.0,-0.0004435714409452464,20292.4,False
2024-05-03,TX202405,20548.0,20597.0,20306.0,20382.0,-0.005481921140698816,-955.0,174209.0,-0.002491683854736504,20285.35,False
2024-05-06,TX202405,20685.0,20714.0,20562.0,20602.0,0.008095638094542444,1330.0,164286.0,0.00015938461479727637,20298.0,True
2024-05-07,TX202405,20733.0,20756.0,20536.0,20650.0,-0.005880402164505666,-727.0,123631.0,-0.0006215137624406223,20308.0,False
2024-05-08,TX202405,20618.0,20738.0,20574.0,20725.0,0.020468856130560095,2230.0,108946.0,-0.0018315987607003196,20300.55,False
2024-05-09,TX202405,20707.0,20763.0,20605.0,20612.0,-0.011135857461024499,-1445.0,129761.0,-0.0006836713002223466,20288.6,False
2024-05-10,TX202405,20738.0,20828.0,20616.0,20809.0,0.008689807479955831,1448.0,166632.0,0.0020280312615526663,20291.4,True
2024-05-13,TX202405,20942.0,20965.0,20833.0,20883.0,0.0027463911233926407,648.0,235946.0,0.0015833620790610442,20297.8,True
2024-05-14,TX202405,20892.0,21015.0,20868.0,21013.0,0.011497891372496962,2252.0,195862.0,0.0029482826417168927,20323.05,True
2024-05-15,TX202405,21184.0,21361.0,21116.0,21143.0,0.0026926030202201177,526.0,195350.0,0.0029872869565148456,20382.55,True
2024-05-16,TX202406,21465.0,21556.0,21326.0,21370.0,-0.027551768257083588,-4436.0,161006.0,0.0010548749219098186,20439.15,True
2024-05-17,TX202406,21303.0,21407.0,21288.0,21336.0,-0.011768349334159182,-1368.0,116244.0,-0.00026817280863960374,20488.05,False
2024-05-20,TX202406,21435.0,21485.0,21153.0,21302.0,0.002101173485569299,318.0,151344.0,3.637179759307459e-06,20575.85,True
2024-05-21,TX202406,21324.0,21350.0,21165.0,21277.0,0.002589669508843633,294.0,113528.0,-0.00018585210566683473,20663.5,False
2024-05-22,TX202406,21293.0,21613.0,21283.0,21583.0,0.02816988896653467,3628.0,128790.0,0.0004906217947146931,20758.8,True
2024-05-23,TX202406,21630.0,21661.0,21492.0,21604.0,-0.017774095058935943,-2381.0,133959.0,-0.0006152870535339889,20830.5,False
2024-05-24,TX202406,21448.0,21617.0,21414.0,21565.0,0.001052262364082778,156.0,148252.0,0.0004862362840275502,20914.5,True
2024-05-27,TX202406,21670.0,21917.0,21655.0,21875.0,-0.0036543534634153633,-489.0,133813.0,-0.00045917545386938325,20999.35,False
2024-05-28,TX202406,21892.0,21994.0,21845.0,21954.0,-0.004849871941583565,-445.0,91755.0,-0.0006324687129079722,21069.45,False
2024-05-29,TX202406,21865.0,21907.0,21720.0,21722.0,-0.03238402508706599,-4296.0,132658.0,-0.002636261299885873,21134.9,False
2024-05-30,TX202406,21512.0,21553.0,21368.0,21391.0,0.008970600186288423,1435.0,159967.0,-0.001170293108799287,21189.9,False
2024-05-31,TX202406,21505.0,21583.0,21253.0,21285.0,0.005437737901033171,1120.0,205968.0,-0.0006243101567126877,21235.05,False
2024-06-03,TX202406,21469.0,21698.0,21424.0,21654.0,-0.005819971935313198,-1265.0,217355.0,-0.0013200906582054698,21287.65,False
2024-06-04,TX202406,21560.0,21574.0,21284.0,21320.0,-0.013525985805671365,-2550.0,188526.0,-0.0017023698402637549,21321.15,False
2024-06-05,TX202406,21350.0,21493.0,21226.0,21463.0,0.004181833053862828,818.0,195608.0,-0.002516720994098618,21358.05,False
2024-06-06,TX202406,21825.0,21962.0,21791.0,21875.0,0.01779771824125112,3471.0,195025.0,-0.001070042208984837,21421.2,False
2024-06-07,TX202406,21839.0,21908.0,21781.0,21897.0,0.004988608976565991,681.0,136511.0,-0.001255102134154329,21475.6,False
2024-06-11,TX202406,21920.0,21970.0,21783.0,21798.0,-0.017159534442139315,-2928.0,170634.0,-0.002250398412430927,21521.35,False
2024-06-12,TX202406,21829.0,22063.0,21790.0,22046.0,0.023739427658990543,3806.0,160324.0,-0.0016383215981062478,21573.0,False
2024-06-13,TX202406,22308.0,22473.0,22207.0,22323.0,-0.008943428618012497,-1865.0,208533.0,-0.0022201231800178787,21632.0,False
2024-06-14,TX202406,22274.0,22514.0,22270.0,22511.0,-0.000816712759306301,-145.0,177541.0,-0.0008833704051290144,21689.05,False
2024-06-17,TX202406,22430.0,22554.0,22420.0,22477.0,-0.0024522484552517237,-583.0,237741.0,-0.00041756536118364143,21746.1,False
2024-06-18,TX202406,22726.0,22812.0,22666.0,22786.0,0.000901213171577123,208.0,230800.0,-0.00047756337688325027,21820.3,False
2024-06-19,TX202406,22956.0,23291.0,22940.0,23225.0,0.009824122606393024,2341.0,238291.0,-0.00011584072200578073,21917.7,False
2024-06-20,TX202407,23153.0,23380.0,23106.0,23378.0,-0.03198405542637498,-4044.0,126438.0,-0.003123537941651263,22007.45,False
2024-06-21,TX202407,23034.0,23291.0,23025.0,23210.0,-0.010955091166070085,-2023.0,184663.0,-0.0027825877470079702,22087.75,False
2024-06-24,TX202407,23050.0,23073.0,22708.0,22746.0,0.0043646263282690785,994.0,227740.0,-0.002616969548798655,22146.8,False
2024-06-25,TX202407,22608.0,22776.0,22410.0,22743.0,0.0008447891866984103,176.0,208336.0,-0.002392012416292967,22190.2,False
2024-06-26,TX202407,22806.0,23005.0,22744.0,22872.0,-0.011306833696482008,-2029.0,179449.0,-0.0027148605040378886,22236.1,False
2024-06-27,TX202407,22614.0,22822.0,22555.0,22793.0,0.010200669951236129,1617.0,158519.0,-0.0005856257521227829,22289.65,False
2024-06-28,TX202407,22908.0,23117.0,22793.0,22983.0,-0.006325885113763902,-1116.0,176418.0,-0.0013504500171253992,22369.25,False
2024-07-01,TX202407,22960.0,23166.0,22938.0,22991.0,0.0057267592854372,871.0,152093.0,-0.0013359989479051978,22454.55,False
2024-07-02,TX202407,22838.0,22993.0,22717.0,22831.0,0.0043995566513605824,778.0,176836.0,-0.0008250225185715086,22513.4,False
2024-07-03,TX202407,23073.0,23188.0,22981.0,23185.0,0.0010357610117749673,152.0,146752.0,-9.693517769919205e-05,22606.65,False
2024-07-04,TX202407,23487.0,23626.0,23461.0,23624.0,-0.0055530561953171685,-827.0,148927.0,-0.0005836796401581919,22714.7,False
2024-07-05,TX202407,23659.0,23677.0,23526.0,23570.0,-0.015121399470696111,-1377.0,91063.0,-0.0022296355257555535,22799.45,False
2024-07-08,TX202407,23545.0,23994.0,23512.0,23913.0,0.002383894944619836,407.0,170729.0,-0.0023598712273528613,22900.25,False
2024-07-09,TX202407,23945.0,24092.0,23624.0,23878.0,-0.011477402056287495,-2380.0,207364.0,-0.0020757646080602704,23004.25,False
2024-07-10,TX202407,23759.0,24014.0,23702.0,24000.0,0.004936843707198295,811.0,164275.0,-0.003015893805649883,23101.95,False
2024-07-11,TX202407,24251.0,24405.0,24160.0,24367.0,-0.006114234798906197,-995.0,162735.0,-0.0028744341146945676,23204.15,False
2024-07-12,TX202407,24038.0,24070.0,23784.0,23808.0,-0.0051327913900577485,-1343.0,261651.0,-0.0030902380462321396,23269.0,False
2024-07-15,TX202407,24091.0,24112.0,23756.0,23853.0,0.003853434070806448,1195.0,310113.0,-0.002774953919929231,23337.8,False
2024-07-16,TX202407,23830.0,24182.0,23824.0,24002.0,-0.0023526363165216444,-690.0,293288.0,-0.0029376463943341694,23398.6,False
2024-07-17,TX202407,23980.0,24000.0,23647.0,23679.0,-0.006801539752829151,-1645.0,241857.0,-0.0037689295122952785,23421.3,False
2024-07-18,TX202408,23294.0,23444.0,23154.0,23383.0,-0.020871376819234223,-4949.0,237119.0,-0.0032132955819382408,23421.55,False
2024-07-19,TX202408,23148.0,23185.0,22853.0,22909.0,0.019184720548369852,6065.0,316137.0,-0.0017063049962162437,23406.5,False
2024-07-22,TX202408,22859.0,22906.0,22184.0,22379.0,-0.007916569107028724,-2502.0,316046.0,-0.002320364767981134,23388.15,False
2024-07-23,TX202408,22600.0,22871.0,22571.0,22830.0,0.02906830307054702,5078.0,174692.0,-0.0009091890737887035,23392.5,False
2024-07-26,TX202408,22028.0,22156.0,21918.0,22095.0,-0.015807051501005732,-3332.0,210792.0,-0.0011341999640148896,23353.65,False
2024-07-29,TX202408,22430.0,22519.0,22146.0,22261.0,0.002257712925684543,406.0,179828.0,-0.001531347815292469,23327.05,False
2024-07-30,TX202408,21933.0,22299.0,21809.0,22246.0,-0.012207264998180879,-2550.0,208892.0,-0.0018254168095133178,23290.2,False
2024-07-31,TX202408,22050.0,22348.0,22013.0,22290.0,0.0061828619812141486,1329.0,214949.0,-0.0018026116747244703,23255.15,False
2024-08-01,TX202408,22721.0,22728.0,22460.0,22653.0,-0.011892839258888333,-2280.0,191712.0,-0.0026172314702369156,23246.25,False
2024-08-02,TX202408,22000.0,22099.0,21508.0,21533.0,0.0026396555490150347,713.0,270111.0,-0.0025370367433749123,23163.65,False
2024-08-05,TX202408,20712.0,20742.0,19374.0,19374.0,0.013998748515458388,5481.0,391535.0,-0.0015594465078361348,22951.15,False
2024-08-06,TX202408,20395.0,20790.0,19589.0,20420.0,0.002960516064695067,1235.0,417157.0,-0.000655350731066576,22793.65,False
2024-08-07,TX202408,20500.0,21335.0,20494.0,21131.0,0.004849207323830604,1619.0,333869.0,-0.0005320851121060376,22654.55,False
2024-08-08,TX202408,20680.0,21082.0,20545.0,20696.0,0.0033594124934430074,903.0,268797.0,0.00020975561538048756,22495.45,False
2024-08-09,TX202408,21305.0,21593.0,21032.0,21481.0,0.0007221455588048134,202.0,279722.0,-9.7929203918657e-07,22369.5,False
2024-08-12,TX202408,21650.0,21895.0,21600.0,21677.0,-0.012276707119551184,-2615.0,213005.0,-0.000309102908071436,22235.0,False
2024-08-13,TX202408,21848.0,21898.0,21662.0,21769.0,-0.010021036527060623,-1572.0,156870.0,-0.0005535151649215797,22133.05,False
2024-08-14,TX202408,22104.0,22158.0,21908.0,21978.0,0.01718131055218823,2880.0,167624.0,0.00011287865914750943,22039.3,False
2024-08-15,TX202408,21993.0,22114.0,21836.0,21840.0,-0.003880282055569329,-673.0,173441.0,3.649637219512521e-05,21931.2,False
2024-08-16,TX202408,22324.0,22447.0,22277.0,22367.0,-0.012048914998201654,-2412.0,200184.0,-0.00022587239007349993,21865.6,False
2024-08-19,TX202408,22400.0,22521.0,22320.0,22361.0,0.00423400727448529,1121.0,264761.0,0.0010293968146124757,21814.5,True
2024-08-20,TX202408,22555.0,22574.0,22389.0,22436.0,-0.0030966489995964833,-683.0,220561.0,-8.467166278584107e-05,21790.85,False
2024-08-21,TX202408,22311.0,22344.0,22151.0,22200.0,-0.013203928784305595,-2038.0,154348.0,-0.0003490396466496846,21781.9,False
2024-08-22,TX202409,22229.0,22277.0,22026.0,22100.0,0.029441932361566576,4076.0,138442.0,-0.0003303581820987068,21745.4,False
2024-08-23,TX202409,21942.0,22170.0,21865.0,22129.0,-0.003442361727749328,-566.0,164422.0,0.00028787630656411346,21747.1,True
2024-08-26,TX202409,22230.0,22450.0,22131.0,22206.0,-0.006727576179906743,-1173.0,174357.0,-0.00016138814871545086,21744.35,False
2024-08-27,TX202409,22112.0,22210.0,21998.0,22146.0,-0.0008616204968136298,-106.0,123024.0,0.00040589407635291153,21739.35,True
2024-08-28,TX202409,22181.0,22414.0,22048.0,22401.0,-0.00028596718186151015,-42.0,146870.0,8.245261819912864e-05,21744.9,True
2024-08-29,TX202409,21938.0,22245.0,21900.0,22176.0,-0.004132059923761419,-697.0,168681.0,0.0004704915849554743,21721.05,True
2024-08-30,TX202409,22320.0,22366.0,22213.0,22323.0,-0.0229130431793652,-3333.0,145463.0,-0.0008071433514635375,21760.55,False
2024-09-02,TX202409,22318.0,22448.0,22172.0,22227.0,-0.00030151528962997764,-43.0,142613.0,-0.0015221565417179559,21903.2,False
2024-09-03,TX202409,22205.0,22314.0,22000.0,22070.0,0.022062168309325246,2328.0,105520.0,-0.0005670739294864468,21985.7,False
2024-09-04,TX202409,21246.0,21347.0,20828.0,20947.0,0.019905881347847446,5592.0,280922.0,0.00018575977171439542,21976.5,False
2024-09-05,TX202409,21310.0,21454.0,21056.0,21183.0,0.015537717692343802,2979.0,191727.0,0.0007946750316594351,22000.85,False
2024-09-06,TX202409,21211.0,21435.0,21013.0,21319.0,-0.01324981678028925,-2513.0,189663.0,9.60769147047319e-05,21992.75,False
2024-09-09,TX202409,20734.0,21125.0,20616.0,21073.0,0.0043958400343089956,1148.0,261156.0,0.0009297042723977409,21962.55,False
2024-09-10,TX202409,21233.0,21281.0,20905.0,21000.0,0.006052703069817984,1114.0,184050.0,0.0017333912522416715,21924.1,False
2024-09-11,TX202409,21100.0,21130.0,20950.0,21005.0,-0.001530997061836521,-272.0,177662.0,0.0007977758715404338,21875.45,False
2024-09-12,TX202409,21597.0,21780.0,21461.0,21711.0,-0.009679827272070568,-2412.0,249178.0,0.0005077986107153719,21869.0,False
2024-09-13,TX202409,21800.0,21833.0,21657.0,21820.0,-0.0040194797056559185,-898.0,223412.0,0.0009092703753426588,21841.65,False
2024-09-16,TX202409,21807.0,21871.0,21735.0,21813.0,-0.0046423908312781086,-1024.0,220576.0,0.0004654504700544887,21814.25,False
2024-09-18,TX202409,21730.0,21872.0,21560.0,21619.0,0.008417016021578759,1295.0,153855.0,0.0010411337211132508,21773.4,False
2024-09-19,TX202410,21763.0,22082.0,21661.0,22074.0,0.003482587064676617,588.0,168840.0,0.0018754595135623616,21767.1,True
2024-09-20,TX202410,22345.0,22425.0,22186.0,22220.0,-0.019036727130593397,-2630.0,138154.0,-0.0005484734610456373,21773.1,False
2024-09-23,TX202410,22291.0,22392.0,22258.0,22338.0,-0.03715005101228975,-3969.0,106837.0,-0.0022338579252726585,21783.55,False
2024-09-24,TX202410,22298.0,22508.0,22152.0,22491.0,0.02928799084073398,3786.0,129268.0,-0.00043307957424062234,21797.8,False
2024-09-25,TX202410,22835.0,22860.0,22739.0,22792.0,-0.01715771599894851,-2415.0,140753.0,-0.0012478843493473662,21830.1,False
2024-09-26,TX202410,23034.0,23078.0,22892.0,22957.0,-0.016403206971950753,-2093.0,127597.0,-0.0020537463388518285,21857.9,False
2024-09-27,TX202410,23190.0,23195.0,22878.0,22884.0,0.002933028220958665,505.0,172177.0,-0.0017004919316158241,21893.3,False
2024-09-30,TX202410,22699.0,22755.0,22316.0,22326.0,0.001459245361684386,273.0,187083.0,-0.0004818775045633449,21893.45,False
2024-10-01,TX202410,22246.0,22463.0,22228.0,22391.0,-0.00803383844376662,-1151.0,143269.0,-0.000868493662270177,21901.65,False
2024-10-04,TX202410,22331.0,22507.0,22250.0,22284.0,0.008877138122867072,1709.0,192517.0,-0.0015277451715930857,21912.35,False
2024-10-07,TX202410,22570.0,22808.0,22539.0,22779.0,-0.020546770080873696,-3473.0,169029.0,-0.003550377743029143,22003.95,False
2024-10-08,TX202410,22606.0,22634.0,22392.0,22575.0,0.010462551258203041,1513.0,144611.0,-0.0038041360647361805,22073.55,False
2024-10-09,TX202410,22770.0,22888.0,22666.0,22702.0,-0.0015866504647724898,-205.0,129203.0,-0.003220977748960343,22142.7,False
2024-10-11,TX202410,22829.0,23047.0,22794.0,22912.0,-0.01024631783895842,-1463.0,142783.0,-0.003953085642623714,22234.65,False
2024-10-14,TX202410,22987.0,23049.0,22818.0,23008.0,0.008890428357002655,2002.0,225186.0,-0.00381119937826448,22335.05,False
2024-10-15,TX202410,23168.0,23386.0,23101.0,23225.0,-0.0038051939654100407,-765.0,201041.0,-0.003924909223443156,22446.05,False
2024-10-16,TX202410,22897.0,23203.0,22855.0,22986.0,-0.003715078264315435,-750.0,201880.0,-0.003626671773055399,22509.8,False
2024-10-17,TX202411,23142.0,23277.0,23005.0,23256.0,-0.016537632692154202,-2072.0,125290.0,-0.004252579422380313,22581.6,False
2024-10-18,TX202411,23820.0,23840.0,23527.0,23657.0,0.020673750939715952,4070.0,196868.0,-0.002986772333830611,22673.8,False
2024-10-21,TX202411,23810.0,23836.0,23566.0,23567.0,-0.036712471799078925,-3938.0,107266.0,-0.005243246724863495,22771.2,False
2024-10-22,TX202411,23560.0,23637.0,23332.0,23633.0,0.00710117097782296,943.0,132795.0,-0.005062317529206177,22849.15,False
2024-10-23,TX202411,23498.0,23511.0,23336.0,23406.0,8.387502621094569e-06,1.0,119225.0,-0.004110061797545453,22908.45,False
2024-10-24,TX202411,23383.0,23449.0,23203.0,23304.0,0.004062195506882403,592.0,145734.0,-0.0020494494715868456,22956.75,False
2024-10-25,TX202411,23270.0,23487.0,23252.0,23481.0,-0.01950880980838185,-2024.0,103748.0,-0.004489289504042637,23006.25,False
2024-10-28,TX202411,23650.0,23657.0,23216.0,23326.0,-0.006393453990707995,-922.0,144210.0,-0.003951076403630611,23032.95,False
2024-10-29,TX202411,23137.0,23148.0,22693.0,22976.0,0.003195103461830025,569.0,178085.0,-0.0029711608819415723,23033.9,False
2024-10-30,TX202411,23072.0,23145.0,22845.0,22904.0,0.007077774818616888,877.0,123909.0,-0.002763923552058661,23034.9,False
2024-11-01,TX202411,22397.0,22822.0,22232.0,22753.0,0.00300354744940201,497.0,165471.0,-0.00268670844767278,23056.25,False
2024-11-04,TX202411,22767.0,23046.0,22700.0,23041.0,0.0032299792868650153,407.0,126007.0,-0.0021235175611411983,23088.75,False
2024-11-05,TX202411,22808.0,23239.0,22782.0,23135.0,-0.007513131357904302,-1017.0,135363.0,-0.002943031035179767,23131.3,False
2024-11-06,TX202411,23250.0,23448.0,23051.0,23324.0,-0.008702898423149827,-1483.0,170403.0,-0.0023508374522935734,23158.55,False
2024-11-07,TX202411,23183.0,23576.0,23085.0,23532.0,-0.008228761929357077,-1402.0,170378.0,-0.0032854031116715796,23206.4,False
2024-11-08,TX202411,23772.0,23794.0,23528.0,23781.0,0.002544529262086514,303.0,119079.0,-0.003078844125328629,23260.35,False
2024-11-11,TX202411,23555.0,23632.0,23309.0,23573.0,-0.02213814752368028,-3230.0,145902.0,-0.003673435609564722,23293.4,False
2024-11-12,TX202411,23013.0,23242.0,22863.0,22869.0,0.014734750260523956,2432.0,165052.0,-0.003381219514388657,23286.45,False
2024-11-13,TX202411,22755.0,23015.0,22730.0,22783.0,0.024521821410358028,3991.0,162753.0,-0.0019648687456002537,23264.35,False
2024-11-14,TX202411,22786.0,22880.0,22576.0,22684.0,-0.0054093721681408545,-973.0,179873.0,-0.0020495834407915246,23249.25,False
2024-11-15,TX202411,22710.0,22930.0,22684.0,22759.0,0.003105505831299159,458.0,147480.0,-0.0010674265146188564,23224.4,False
2024-11-18,TX202411,22654.0,22789.0,22544.0,22574.0,-0.0039047133990053953,-943.0,241503.0,-0.002296349731554924,23170.25,False
2024-11-19,TX202411,22641.0,22995.0,22592.0,22850.0,0.0017845362742942201,422.0,236476.0,-0.00037149932788626666,23134.4,False
2024-11-20,TX202411,22906.0,22956.0,22668.0,22686.0,-0.021634499687154064,-3596.0,166216.0,-0.001808282861135118,23087.05,False
2024-11-21,TX202412,22647.0,22733.0,22514.0,22573.0,0.0032807909688772237,440.0,134114.0,-0.0016446626878223116,23045.4,False
2024-11-22,TX202412,22811.0,23066.0,22780.0,23038.0,0.010880485911312052,1906.0,175176.0,-0.001303748167600829,23032.1,False
2024-11-25,TX202412,23254.0,23287.0,23014.0,23066.0,-0.053593086076314383,-6319.0,117907.0,-0.0030079619809974555,23011.35,False
2024-11-26,TX202412,22710.0,22845.0,22615.0,22636.0,0.0003540040941343061,46.0,129942.0,-0.00267058907675534,22976.85,False
2024-11-27,TX202412,22600.0,22690.0,22341.0,22347.0,0.028910481044918765,3630.0,125560.0,-0.0013848201976009032,22945.4,False
2024-11-28,TX202412,22302.0,22385.0,22117.0,22337.0,-0.008146429137084502,-1183.0,145217.0,-0.002146030395385973,22917.05,False
2024-11-29,TX202412,22210.0,22438.0,22004.0,22313.0,0.023579821771246814,2691.0,114123.0,-0.0011172166792937327,22895.05,False
2024-12-02,TX202412,22530.0,22828.0,22498.0,22827.0,0.03133500431441837,3813.0,121685.0,0.00028803457208393513,22884.35,False
2024-12-03,TX202412,23152.0,23191.0,22999.0,23112.0,-0.016164521214851263,-1866.0,115438.0,-0.00014453492076341298,22883.2,False
2024-12-04,TX202412,23200.0,23296.0,23071.0,23294.0,-0.0009109094806029863,-102.0,111976.0,0.00024506452636392903,22881.7,True
2024-12-05,TX202412,23260.0,23328.0,23211.0,23251.0,0.0084494803398086,739.0,87461.0,0.0010789766398222127,22867.65,True
2024-12-06,TX202412,23321.0,23360.0,23134.0,23179.0,0.012724714710020322,1221.0,95955.0,0.0015879859122189034,22837.55,True
2024-12-09,TX202412,23193.0,23287.0,23170.0,23249.0,-0.018775231705236824,-1651.0,87935.0,0.0017561317031410764,22821.35,True
2024-12-10,TX202412,23228.0,23337.0,23026.0,23090.0,0.007507791103975824,954.0,127068.0,0.0013947837453136699,22832.4,True
2024-12-11,TX202412,22887.0,23055.0,22824.0,22848.0,-0.010948586969786782,-1256.0,114718.0,-0.0003787366736935709,22835.65,False
2024-12-12,TX202412,23004.0,23211.0,23003.0,23107.0,0.0031453017055772937,336.0,106826.0,4.8997019992336513e-05,22856.8,True
2024-12-13,TX202412,22996.0,23092.0,22888.0,22986.0,-0.010167168043867332,-1335.0,131305.0,-0.0006146366737659881,22868.15,False
2024-12-16,TX202412,23220.0,23270.0,22946.0,22961.0,0.0020107705223498576,491.0,244185.0,-0.0003188624776982254,22887.5,False
2024-12-17,TX202412,23105.0,23215.0,23024.0,23031.0,-0.00017131249847042413,-35.0,204305.0,-0.00041665491633645764,22896.55,False
2024-12-18,TX202412,22937.0,23200.0,22902.0,23105.0,0.0049749984176213685,786.0,157990.0,0.0009138199889023139,22917.5,True
2024-12-19,TX202501,22747.0,22906.0,22718.0,22849.0,-0.01406942543068978,-2076.0,147554.0,4.630916892396381e-05,22931.3,False
2024-12-20,TX202501,22767.0,22793.0,22590.0,22635.0,0.015423255411130437,2137.0,138557.0,0.00027344764391488307,22911.15,False
2024-12-23,TX202501,22904.0,23245.0,22899.0,23242.0,0.0013028333196192985,190.0,145836.0,0.003018243613711567,22919.95,True
2024-12-24,TX202501,23430.0,23459.0,23187.0,23216.0,-0.014777841098905418,-1504.0,101774.0,0.002261651354059581,22948.95,True
2024-12-25,TX202501,23340.0,23349.0,23240.0,23329.0,-0.005987385626721151,-337.0,56285.0,0.0005167580204775852,22998.05,True
2024-12-26,TX202501,23358.0,23380.0,23285.0,23326.0,-0.031476461802290204,-1138.0,36154.0,-0.0006497436127826997,23047.5,False
2024-12-27,TX202501,23194.0,23378.0,23148.0,23372.0,0.018417803000446653,1402.0,76122.0,-0.000907844551322708,23100.45,False
2024-12-30,TX202501,23202.0,23324.0,23154.0,23177.0,-0.017954913217919446,-1620.0,90226.0,-0.0033723404279395993,23117.95,False
2024-12-31,TX202501,22998.0,23110.0,22955.0,23041.0,-0.005687704004847253,-582.0,102326.0,-0.0028484995674393984,23114.4,False
2025-01-02,TX202501,22935.0,22995.0,22689.0,22842.0,0.005342872364715732,702.0,131390.0,-0.0025358104751734625,23091.8,False
2025-01-03,TX202501,22935.0,23108.0,22905.0,22977.0,0.010694666157039968,1427.0,133431.0,-0.0024235511843118942,23078.1,False
2025-01-06,TX202501,23222.0,23620.0,23218.0,23609.0,0.020767928532256653,2613.0,125819.0,-0.0020213904932000776,23099.6,False
2025-01-07,TX202501,23965.0,23990.0,23723.0,23752.0,0.010474212901594502,1367.0,130511.0,-0.0005589182628585114,23124.75,False
2025-01-08,TX202501,23549.0,23649.0,23439.0,23450.0,-0.03595726949011289,-4746.0,131990.0,-0.002732171292562947,23142.75,False
2025-01-09,TX202501,23258.0,23410.0,23083.0,23105.0,-0.008979508673885202,-1234.0,137424.0,-0.002633717377767868,23155.6,False
2025-01-10,TX202501,23083.0,23141.0,22955.0,23049.0,-0.006175121023357283,-685.0,110929.0,-0.0030997385142145966,23152.7,False
2025-01-13,TX202501,22960.0,23008.0,22431.0,22535.0,0.002296181796024655,716.0,311822.0,-0.0024765710222199974,23130.15,False
2025-01-14,TX202501,22594.0,22767.0,22530.0,22750.0,0.005952509982268196,1373.0,230659.0,-0.0022794840492240806,23119.6,False
2025-01-15,TX202501,22728.0,22749.0,22493.0,22519.0,-0.000828379623186677,-125.0,150897.0,-0.0023123374054598933,23094.0,False
2025-01-16,TX202502,23080.0,23217.0,22990.0,23031.0,-0.0036311445999282384,-506.0,139350.0,-0.0027426445563373736,23090.3,False
2025-01-17,TX202502,23277.0,23318.0,22956.0,23190.0,0.013017282289407765,2167.0,166471.0,-0.001388309170332496,23107.35,False
2025-01-20,TX202502,23249.0,23417.0,23222.0,23346.0,-0.02003779928786977,-1919.0,95769.0,-0.0031613619052825066,23142.9,False
2025-01-21,TX202502,23426.0,23432.0,23203.0,23365.0,0.00497433402504046,501.0,100717.0,-0.0029777868700114484,23149.05,False
2025-01-22,TX202502,23600.0,23719.0,23573.0,23698.0,0.010278974658584678,1126.0,109544.0,-0.0017249460821369435,23173.15,False
2025-02-03,TX202502,22680.0,22817.0,22539.0,22598.0,-0.011495977089867722,-1686.0,146660.0,-0.002000375655294272,23136.6,False
2025-02-04,TX202502,22919.0,22945.0,22708.0,22822.0,0.012817449612701839,1663.0,129745.0,0.00021431991545533,23111.4,False
2025-02-05,TX202502,23077.0,23284.0,23063.0,23133.0,0.0008131734092295182,88.0,108218.0,-0.0006659115641055268,23099.45,False
2025-02-06,TX202502,23355.0,23379.0,23234.0,23290.0,-0.0025996750406199224,-208.0,80010.0,0.00010185034475944943,23105.1,True
2025-02-07,TX202502,23285.0,23465.0,23278.0,23431.0,-0.001103420603872003,-77.0,69783.0,0.00033106451480821185,23124.6,True
2025-02-10,TX202502,23324.0,23366.0,23167.0,23246.0,0.005682853687227662,686.0,120714.0,0.00034806358093380835,23144.8,True
2025-02-11,TX202502,23391.0,23503.0,23302.0,23335.0,-0.008759597707364552,-729.0,83223.0,-0.0006246496122864177,23162.7,False
2025-02-12,TX202502,23429.0,23536.0,23292.0,23315.0,0.010386140320634374,964.0,92816.0,-0.0011437390228675316,23148.0,False
2025-02-13,TX202502,23435.0,23460.0,23250.0,23399.0,-0.0064261651552754,-681.0,105973.0,-0.0019887579257110268,23130.35,False
2025-02-14,TX202502,23338.0,23349.0,23116.0,23179.0,-0.014913929188904758,-1984.0,133030.0,-0.0009365909106506202,23116.8,False
2025-02-17,TX202502,23286.0,23540.0,23283.0,23504.0,0.008624764217418642,1989.0,230615.0,-5.637726608542799e-05,23136.75,False
2025-02-18,TX202502,23570.0,23663.0,23466.0,23649.0,0.0013585579009266582,201.0,147951.0,0.0003203066801287691,23166.75,True
2025-02-19,TX202502,23568.0,23697.0,23560.0,23608.0,0.00817985730877717,986.0,120540.0,0.0006144904557663948,23220.4,True
2025-02-20,TX202503,23505.0,23564.0,23371.0,23538.0,0.021230618428087687,1906.0,89776.0,0.0013783958780573694,23259.8,True
2025-02-21,TX202503,23533.0,23761.0,23474.0,23745.0,-0.010774079386851225,-1029.0,95507.0,0.000881110889874142,23321.1,True
2025-02-24,TX202503,23549.0,23564.0,23444.0,23558.0,-0.029829092368320865,-2899.0,97187.0,-0.0004287864985454895,23347.45,False
2025-02-25,TX202503,23231.0,23345.0,23138.0,23299.0,-0.013808757376913871,-1673.0,121155.0,-0.0017700884818615714,23352.9,False
2025-02-26,TX202503,23150.0,23421.0,23104.0,23421.0,0.004950720588011967,652.0,131698.0,-0.0005206624880674844,23356.65,False
2025-02-27,TX202503,23374.0,23434.0,23127.0,23196.0,0.003347577248816007,434.0,129646.0,-0.000602000326878707,23348.2,False
2025-03-03,TX202503,22650.0,22797.0,22611.0,22718.0,-0.0224688416954766,-3867.0,172105.0,-0.0022393911445817713,23299.2,False
2025-03-04,TX202503,22242.0,22668.0,22194.0,22588.0,0.013172627608274819,2647.0,200947.0,-0.001005960909674644,23298.7,False
2025-03-05,TX202503,22659.0,22927.0,22637.0,22888.0,0.006864889913892511,1274.0,185582.0,-0.0013035888946151103,23302.0,False
2025-03-06,TX202503,22991.0,23017.0,22704.0,22763.0,0.010988394122682684,1566.0,142514.0,-0.0007948278589424519,23283.5,False
2025-03-07,TX202503,22499.0,22685.0,22480.0,22520.0,-2.833222365457353e-05,-4.0,141182.0,-0.0006662607180941845,23245.0,False
2025-03-10,TX202503,22456.0,22547.0,22315.0,22446.0,0.0023763333706785226,403.0,169589.0,-0.0004922730193666582,23195.75,False
2025-03-11,TX202503,21868.0,22085.0,21661.0,22031.0,-0.0058116272556315764,-1162.0,199944.0,-0.0010669970665096202,23135.0,False
2025-03-12,TX202503,22101.0,22345.0,22044.0,22232.0,0.010100303242360624,1732.0,171480.0,-0.00012400201902336132,23079.85,False
2025-03-13,TX202503,22445.0,22475.0,21917.0,21920.0,0.012264650469775517,1992.0,162418.0,-3.0076511566304137e-05,23010.1,False
2025-03-14,TX202503,22120.0,22131.0,21874.0,21961.0,0.002277228897085859,384.0,168626.0,0.0004050931910517588,22938.2,False
2025-03-17,TX202503,22161.0,22312.0,22111.0,22158.0,-0.0013416023288191367,-318.0,237030.0,0.0010837095340560398,22887.15,False
2025-03-18,TX202503,22373.0,22385.0,22191.0,22230.0,-0.004667241284454143,-1018.0,218116.0,0.00041910925896240065,22823.45,False
2025-03-19,TX202503,22238.0,22247.0,21935.0,21964.0,0.005704061453190373,848.0,148666.0,0.0006363844365755864,22739.2,False
2025-03-20,TX202504,22236.0,22417.0,22202.0,22365.0,0.009707054948864622,1120.0,115380.0,0.000712744318579959,22677.05,False
2025-03-21,TX202504,22323.0,22377.0,22173.0,22177.0,-0.008622523274268231,-1054.0,122238.0,-0.0007799127665378369,22609.0,False
2025-03-24,TX202504,22302.0,22399.0,22124.0,22160.0,-0.0027832319804792496,-292.0,104914.0,-0.00038037039621923813,22529.75,False
2025-03-25,TX202504,22330.0,22443.0,22202.0,22298.0,0.012876196333166775,1340.0,104068.0,0.001754894038855144,22466.75,False
2025-03-26,TX202504,22409.0,22429.0,22250.0,22305.0,-0.006272188006850636,-553.0,88167.0,0.002131722507358306,22417.05,False
2025-03-27,TX202504,22031.0,22052.0,21891.0,21968.0,-0.009756262237526164,-1156.0,118488.0,0.001396373366081399,22344.4,False
2025-03-28,TX202504,21750.0,21795.0,21485.0,21603.0,0.0021330516011260374,319.0,149551.0,0.0013356470836969007,22264.75,False
2025-03-31,TX202504,20856.0,21065.0,20724.0,20769.0,0.026862128665525547,5477.0,203893.0,0.0038021956017470085,22167.3,False
2025-04-01,TX202504,21000.0,21271.0,20888.0,21181.0,0.0035788625909603943,631.0,176313.0,0.003322507350881287,22096.95,False
2025-04-02,TX202504,21273.0,21360.0,21188.0,21304.0,0.01693402361582209,2656.0,156844.0,0.0038259640359777657,22017.75,False
2025-04-07,TX202504,19167.0,19167.0,19167.0,19167.0,-0.007075731342387334,-707.0,99919.0,0.0029227577627242646,21837.95,False
2025-04-08,TX202504,18596.0,18754.0,18004.0,18190.0,-0.008929690104714155,-4205.0,470901.0,0.002477689868671286,21621.45,False
2025-04-09,TX202504,17846.0,18286.0,17139.0,17204.0,0.00847614379387202,3666.0,432508.0,0.0027826803898309605,21359.35,False
2025-04-10,TX202504,18902.0,18902.0,18902.0,18902.0,0.009155933485447344,2203.0,240609.0,0.003531058426884907,21202.9,False
2025-04-11,TX202504,18560.0,19566.0,18441.0,19524.0,0.0005567174734054559,222.0,398766.0,0.0030538791384371487,21067.5,False
2025-04-14,TX202504,19800.0,19982.0,19450.0,19491.0,0.0010046385452226528,397.0,395167.0,0.002490878542209505,20946.05,False
2025-04-15,TX202504,19585.0,19833.0,19517.0,19798.0,0.004810971089696072,1298.0,269800.0,0.0026175656518400156,20837.9,False
2025-04-16,TX202504,19601.0,19672.0,19426.0,19548.0,-0.0005147857919121432,-90.0,174830.0,0.0026589064786853656,20707.4,False
2025-04-17,TX202505,19243.0,19406.0,19112.0,19369.0,-0.000612383760489907,-108.0,176360.0,0.0028616493548835773,20564.35,False
2025-04-18,TX202505,19380.0,19432.0,19288.0,19330.0,0.006367141960362299,852.0,133812.0,0.0028948033802421733,20432.65,False
2025-04-21,TX202505,19347.0,19368.0,19027.0,19099.0,0.01912848744984604,1435.0,75019.0,0.003365875005291244,20269.35,False
2025-04-22,TX202505,18945.0,19035.0,18773.0,18797.0,-0.018182355068986647,-2463.0,135461.0,0.002887883415555323,20100.35,False
2025-04-23,TX202505,19250.0,19596.0,19171.0,19554.0,0.008956338653909303,1391.0,155309.0,0.003474861947274752,19970.05,False
2025-04-24,TX202505,19636.0,19682.0,19413.0,19466.0,0.005138905989774031,793.0,154313.0,0.003087997430105114,19828.45,False
2025-04-25,TX202505,19980.0,20008.0,19848.0,19873.0,0.009925558312655087,1424.0,143468.0,0.0038978847460803996,19706.85,True
2025-04-28,TX202505,19965.0,20053.0,19933.0,19965.0,-0.007107794332810998,-821.0,115507.0,0.004030308141316158,19606.7,True
2025-04-29,TX202505,19980.0,20207.0,19963.0,20154.0,0.0008878684878433764,99.0,111503.0,0.003968048985652025,19534.25,True
2025-04-30,TX202505,20091.0,20268.0,20065.0,20149.0,0.014547025781362523,1616.0,111088.0,0.0033522938414438735,19503.25,True
2025-05-02,TX202505,20488.0,20710.0,20469.0,20677.0,-0.0045857957562425436,-665.0,145013.0,0.002944060924083727,19478.05,True
2025-05-05,TX202505,20757.0,20796.0,20206.0,20404.0,-0.008206851382521287,-1441.0,175585.0,0.0016870171741665582,19433.05,True
2025-05-06,TX202505,20150.0,20483.0,20150.0,20337.0,-0.009531878839228977,-1395.0,146351.0,0.0015642097993244762,19491.55,True
2025-05-07,TX202505,20440.0,20560.0,20265.0,20381.0,0.00324188189904619,484.0,149296.0,0.0021727883995124935,19601.1,True
2025-05-08,TX202505,20475.0,20695.0,20452.0,20575.0,0.006193301957574517,908.0,146610.0,0.002058646307697618,19769.65,True
2025-05-09,TX202505,20649.0,20872.0,20596.0,20848.0,-0.02008113885213244,-2762.0,137542.0,0.000596792690818629,19866.95,True
2025-05-12,TX202505,21015.0,21134.0,20978.0,21066.0,-0.01642826023816439,-1810.0,110176.0,-0.0002524561947598633,19944.05,False
2025-05-13,TX202505,21421.0,21520.0,21288.0,21360.0,-0.0014677382580939352,-206.0,140352.0,-0.00037607503492569273,20037.5,False
2025-05-14,TX202505,21677.0,21787.0,21579.0,21768.0,0.001727495445693825,220.0,127352.0,-0.000530248817125805,20136.0,False
2025-05-15,TX202505,21776.0,21810.0,21676.0,21694.0,-0.005980602388306349,-608.0,101662.0,-0.0008035396469455154,20243.3,False
2025-05-16,TX202505,21775.0,21878.0,21679.0,21821.0,0.001168110581135014,144.0,123276.0,-0.0007145149298642692,20365.9,False
2025-05-19,TX202505,21682.0,21748.0,21499.0,21538.0,-0.0024777083915866653,-638.0,257496.0,-0.0011567574474617174,20476.3,False
2025-05-20,TX202505,21753.0,21772.0,21505.0,21539.0,0.002815174307648466,652.0,231602.0,-0.0019724231045715962,20598.3,False
2025-05-21,TX202505,21564.0,21852.0,21549.0,21849.0,0.013838748495788207,1748.0,126312.0,-0.00037136792633285336,20750.9,False
2025-05-22,TX202506,21465.0,21550.0,21396.0,21503.0,-0.020234251103425874,-2118.0,104674.0,-0.0018308974141996123,20848.35,False
2025-05-23,TX202506,21558.0,21640.0,21372.0,21470.0,-0.000904293905456569,-91.0,100631.0,-0.0021330574089611426,20948.55,False
2025-05-26,TX202506,21450.0,21569.0,21357.0,21385.0,0.0005675761728753963,82.0,144474.0,-0.0026009565159501266,21024.15,False
2025-05-27,TX202506,21403.0,21438.0,21133.0,21233.0,-0.01454927253637318,-1261.0,86671.0,-0.0029730304261282358,21087.55,False
2025-05-28,TX202506,21420.0,21512.0,21150.0,21252.0,0.010802292515868894,1227.0,113587.0,-0.00247730922472696,21142.45,False
2025-05-29,TX202506,21513.0,21616.0,21275.0,21320.0,-0.03546006340052916,-4329.0,122081.0,-0.004977663683821544,21201.0,False
2025-06-02,TX202506,20976.0,21049.0,20790.0,20866.0,0.007437533862943912,1057.0,142117.0,-0.004376497202862222,21210.45,False
2025-06-03,TX202506,21034.0,21221.0,20955.0,20971.0,0.02775263436544669,3250.0,117106.0,-0.0025785229154638226,21238.8,False
2025-06-04,TX202506,21280.0,21533.0,21261.0,21482.0,0.014715150850848107,1611.0,109479.0,-0.0013661714309599682,21296.05,False
2025-06-05,TX202506,21589.0,21677.0,21512.0,21553.0,0.013550633857045984,1179.0,87007.0,-0.0008507338330599786,21354.65,False
2025-06-06,TX202506,21599.0,21630.0,21513.0,21578.0,-0.024400811390984108,-2478.0,101554.0,-0.00238043950048791,21404.8,False
2025-06-09,TX202506,21663.0,21788.0,21626.0,21727.0,0.006149578367231708,501.0,81469.0,-0.0010689036395197028,21448.75,False
2025-06-10,TX202506,21879.0,22236.0,21850.0,22113.0,0.002743194766828445,312.0,113736.0,-0.0001103308892700608,21501.1,False
2025-06-11,TX202506,22296.0,22355.0,22190.0,22351.0,0.012490336521893018,1341.0,107363.0,0.0005875728497292869,21550.65,True
2025-06-12,TX202506,22315.0,22329.0,22214.0,22252.0,-0.01840896009662109,-1951.0,105981.0,-0.000419249927386459,21574.85,False
2025-06-13,TX202506,21954.0,22139.0,21893.0,21940.0,-0.0029144690337665163,-536.0,183910.0,-0.00026594325965946736,21587.15,False
2025-06-16,TX202506,22030.0,22061.0,21868.0,22032.0,-0.004535324428293611,-1278.0,281788.0,-0.0005511150101308986,21597.7,False
2025-06-17,TX202506,22150.0,22260.0,22061.0,22159.0,0.004800168228305222,1187.0,247283.0,-0.00018722117913630432,21628.75,False
2025-06-18,TX202506,22109.0,22384.0,22080.0,22308.0,-0.008697408085849043,-1206.0,138662.0,-0.0007628502988111798,21667.2,False
2025-06-19,TX202507,21820.0,21857.0,21675.0,21704.0,-0.0034227999625923503,-366.0,106930.0,-0.0016259277217302074,21659.95,False
2025-06-20,TX202507,21635.0,21743.0,21470.0,21653.0,0.011000385622374216,1084.0,98542.0,-6.419588544020315e-05,21667.45,False
2025-06-23,TX202507,21350.0,21484.0,21205.0,21473.0,0.018593371059013743,2829.0,152151.0,0.0009106873627833124,21667.6,False
2025-06-24,TX202507,21770.0,21966.0,21764.0,21959.0,0.0014903129657228018,207.0,138897.0,0.0009568242024256827,21696.3,True
2025-06-25,TX202507,22138.0,22168.0,22017.0,22159.0,-0.0038966138727508886,-387.0,99317.0,0.001489457135606797,21742.6,True
2025-06-26,TX202507,22161.0,22263.0,22078.0,22117.0,-0.012374438769923045,-1243.0,100449.0,0.00033062057131720037,21785.85,True
2025-06-27,TX202507,22197.0,22221.0,21989.0,22121.0,0.0016868634370070484,185.0,109671.0,0.0021879669131940104,21825.9,True
2025-06-30,TX202507,22239.0,22254.0,22083.0,22145.0,0.01315469926333684,1300.0,98824.0,0.002473825183213657,21889.85,True
2025-07-01,TX202507,22197.0,22593.0,22191.0,22353.0,-0.006053845009668303,-814.0,134460.0,0.0007835012144579076,21958.95,True
2025-07-02,TX202507,22298.0,22401.0,22208.0,22396.0,-0.010217661958528313,-952.0,93172.0,-0.00046313942601091334,22004.65,False
2025-07-03,TX202507,22568.0,22716.0,22547.0,22675.0,0.02192042653790051,2179.0,99405.0,-4.4649791968187115e-05,22060.75,False
2025-07-04,TX202507,22739.0,22762.0,22431.0,22435.0,-0.030268876052583094,-2793.0,92273.0,-0.00033805302504813647,22103.6,False
2025-07-07,TX202507,22349.0,22506.0,22244.0,22336.0,-0.02414758217736828,-2364.0,97898.0,-0.0018529110522781359,22134.05,False
2025-07-08,TX202507,22353.0,22397.0,22141.0,22251.0,0.010759155306067896,1288.0,119712.0,-0.0014521130253161633,22140.95,False
2025-07-09,TX202507,22250.0,22473.0,22146.0,22434.0,-0.0019091907804217286,-179.0,93757.0,-0.0021720893904319002,22145.1,False
2025-07-10,TX202507,22470.0,22647.0,22410.0,22611.0,0.011172154419084842,1212.0,108484.0,-0.000693033664646604,22163.05,False
2025-07-11,TX202507,22519.0,22774.0,22488.0,22764.0,0.0015015868120094478,185.0,123203.0,-0.00047223087235780575,22204.25,False
2025-07-14,TX202507,22670.0,22695.0,22520.0,22551.0,-0.006924954359140045,-1779.0,256897.0,-0.0005917123689001274,22230.2,False
2025-07-15,TX202507,22529.0,22882.0,22512.0,22810.0,0.013218051423753867,3559.0,269253.0,-0.0001708182091276952,22262.75,False
2025-07-16,TX202507,22849.0,23116.0,22845.0,23047.0,0.0007615805035391094,102.0,133932.0,0.0003021312203417124,22299.7,True
2025-07-17,TX202508,22958.0,23150.0,22866.0,23148.0,-0.004179959172491803,-473.0,113159.0,0.00026427325984673976,22371.9,True
2025-07-18,TX202508,23350.0,23399.0,23230.0,23262.0,-0.00653511486511086,-718.0,109868.0,-0.0006125017645275141,22452.35,False
2025-07-21,TX202508,23234.0,23301.0,23172.0,23228.0,0.0062022135486285625,464.0,74812.0,-0.0012320596400467732,22540.1,False
2025-07-22,TX202508,23241.0,23406.0,22977.0,22990.0,-0.006547501566079994,-763.0,116533.0,-0.0016339503666369128,22591.65,False
2025-07-23,TX202508,23006.0,23258.0,23000.0,23186.0,-0.024301247901919287,-2664.0,109624.0,-0.002654182068095333,22643.0,False
2025-07-24,TX202508,23400.0,23408.0,23229.0,23310.0,0.002343630389466618,199.0,84911.0,-0.0019182786101258494,22702.65,False
2025-07-25,TX202508,23264.0,23328.0,23207.0,23238.0,-0.00637111760021237,-480.0,75340.0,-0.0023211776619868206,22758.5,False
2025-07-28,TX202508,23368.0,23483.0,23265.0,23392.0,0.010133310286714345,938.0,92566.0,-0.0024722471108179454,22820.85,False
2025-07-29,TX202508,23326.0,23359.0,23027.0,23163.0,0.0017898015729602285,208.0,116214.0,-0.002080064781686519,22861.35,False
2025-07-30,TX202508,23213.0,23421.0,23198.0,23361.0,0.010357807294596115,1197.0,115565.0,-0.0010512913190302974,22909.6,False
2025-07-31,TX202508,23497.0,23621.0,23355.0,23589.0,0.013006330514852362,1469.0,112945.0,-0.0014969961201827047,22955.3,False
2025-08-01,TX202508,23064.0,23442.0,23048.0,23344.0,-0.01614066466651281,-2238.0,138656.0,-0.0007905855508791905,23000.75,False
2025-08-04,TX202508,23108.0,23300.0,23032.0,23260.0,0.009815364609852965,1253.0,127657.0,0.0009075617884818719,23046.95,True
2025-08-05,TX202508,23446.0,23584.0,23421.0,23575.0,0.026463722547758563,2222.0,83964.0,0.0016927901505664055,23113.15,True
2025-08-06,TX202508,23423.0,23483.0,23381.0,23425.0,-0.011113982941328508,-1075.0,96725.0,0.0012325505425210663,23162.7,True
2025-08-07,TX202508,23660.0,24054.0,23653.0,23997.0,0.001682118086225834,219.0,130193.0,0.000758048725878116,23232.0,True
2025-08-08,TX202508,24091.0,24095.0,23947.0,23949.0,-0.02458840701009462,-2409.0,97973.0,-0.0005464509652270875,23291.25,False
2025-08-11,TX202508,23973.0,24223.0,23833.0,24162.0,0.004814724524622136,474.0,98448.0,4.0532978961021606e-05,23371.8,True
2025-08-12,TX202508,24155.0,24241.0,24088.0,24135.0,0.006430622427478082,589.0,91593.0,-0.00029883847085276764,23438.05,False
2025-08-13,TX202508,24298.0,24412.0,24154.0,24347.0,0.003447892336781226,403.0,116883.0,-0.0001645228791906618,23503.05,False
2025-08-14,TX202508,24337.0,24362.0,24207.0,24250.0,-0.005232737911186167,-440.0,84086.0,-0.00021716181612537995,23558.15,False
2025-08-15,TX202508,24282.0,24385.0,24188.0,24312.0,-0.020366268705094268,-2639.0,129577.0,-0.0009087195081245502,23610.65,False
2025-08-18,TX202508,24199.0,24462.0,24176.0,24426.0,0.01542556409170649,3570.0,231434.0,-0.00044755198097065396,23670.55,False
2025-08-19,TX202508,24380.0,24447.0,24313.0,24342.0,-0.013081924864488921,-2370.0,181166.0,-0.0007742731458911002,23738.15,False
2025-08-20,TX202508,24156.0,24201.0,23631.0,23637.0,-0.021041697581243506,-3545.0,168475.0,-0.0006112956298573111,23760.7,False
2025-08-21,TX202509,23729.0,23943.0,23691.0,23852.0,0.027472437729685585,3364.0,122450.0,0.0006451447371536372,23787.8,True
2025-08-22,TX202509,23877.0,23982.0,23732.0,23750.0,0.019160602133386502,1922.0,100310.0,0.001921730723833581,23813.4,False
2025-08-25,TX202509,24120.0,24314.0,24070.0,24251.0,0.000287765052167693,35.0,121627.0,0.0014294534621062482,23856.35,True
2025-08-26,TX202509,24143.0,24281.0,24090.0,24253.0,-0.009518075079317293,-822.0,86362.0,0.0008640596294923721,23910.85,True
2025-08-27,TX202509,24350.0,24496.0,24331.0,24463.0,0.006185567010309278,519.0,83905.0,0.0006554476152780302,23965.95,True
2025-08-28,TX202509,24358.0,24420.0,24203.0,24228.0,0.002555325201292127,265.0,103705.0,0.00013289734960001852,23997.9,True
2025-08-29,TX202509,24401.0,24453.0,24246.0,24267.0,-0.010450282754504344,-1033.0,98849.0,0.0004174164452004418,24044.05,True
2025-09-01,TX202509,24120.0,24245.0,23847.0,24008.0,-0.00551070651551586,-770.0,139728.0,-0.0003488871110679994,24081.45,False
2025-09-02,TX202509,24083.0,24249.0,23879.0,23965.0,0.011000865007886837,1081.0,98265.0,-0.0011220299880615858,24100.95,False
2025-09-03,TX202509,23966.0,24083.0,23888.0,23997.0,0.0034138361209259936,457.0,133867.0,-0.00039563903494886063,24129.55,False
2025-09-04,TX202509,24195.0,24365.0,24113.0,24132.0,0.006879939781708694,914.0,132850.0,-0.00013574795017471758,24136.3,False
2025-09-05,TX202509,24363.0,24429.0,24286.0,24419.0,0.015065760006514923,1480.0,98236.0,0.0018469604006557596,24159.8,True
2025-09-08,TX202509,24588.0,24674.0,24518.0,24551.0,-0.006118736563585249,-777.0,126987.0,0.0013002873462453902,24179.25,True
2025-09-09,TX202509,24725.0,24838.0,24660.0,24802.0,0.014197298076709776,1280.0,90158.0,0.0016886211287069747,24212.6,True
2025-09-10,TX202509,24970.0,25244.0,24961.0,25178.0,-0.0008544303797468354,-108.0,126400.0,0.0014735049928805719,24254.15,True
2025-09-11,TX202509,25386.0,25464.0,25176.0,25240.0,0.001853216654621951,259.0,139757.0,0.0018278027211709777,24303.65,True
2025-09-12,TX202509,25418.0,25466.0,25350.0,25459.0,-0.010997970117466973,-1322.0,120204.0,0.002296217650552342,24361.0,True
2025-09-15,TX202509,25404.0,25450.0,25269.0,25353.0,-0.0033064754711727546,-760.0,229852.0,0.00135961567240838,24407.35,True
2025-09-16,TX202509,25420.0,25663.0,25410.0,25629.0,0.004885881182462051,992.0,203034.0,0.0022580059747559287,24471.7,True
2025-09-17,TX202509,25556.0,25583.0,25402.0,25433.0,-0.023530719632401987,-2540.0,107944.0,0.002133554872198005,24561.5,True
2025-09-18,TX202510,25623.0,25747.0,25490.0,25709.0,0.0008239584268104651,101.0,122579.0,0.0008011309070542488,24654.35,True
2025-09-19,TX202510,25850.0,25853.0,25636.0,25671.0,0.0034517998670735455,483.0,139927.0,1.569079373860097e-05,24750.4,True
2025-09-22,TX202510,25756.0,25941.0,25689.0,25891.0,-0.002409794789224003,-223.0,92539.0,-0.00011918719833098382,24832.4,False
2025-09-23,TX202510,26058.0,26328.0,26023.0,26273.0,0.008226945835954859,1033.0,125563.0,0.0007680638474326238,24933.4,True
2025-09-24,TX202510,26376.0,26393.0,26072.0,26237.0,-0.01826611162933159,-2624.0,143654.0,-0.0004545200845494195,25022.1,False
2025-09-25,TX202510,26191.0,26283.0,26087.0,26097.0,-0.002816334741500704,-280.0,99420.0,-0.000723103081689061,25115.55,False
2025-09-26,TX202510,25944.0,25991.0,25500.0,25669.0,-0.015083485337449137,-2580.0,171048.0,-0.0009547632108363006,25185.65,False
2025-09-30,TX202510,25800.0,26046.0,25797.0,25954.0,0.01808435898103094,2085.0,115293.0,0.0002249900639910393,25282.95,True
2025-10-01,TX202510,26094.0,26375.0,26000.0,26045.0,-0.003997869922188576,-503.0,125817.0,-0.0005249466825127313,25386.95,False
2025-10-02,TX202510,26459.0,26527.0,26381.0,26431.0,-0.00597397775790202,-708.0,118514.0,-0.000994337376454132,25508.65,False
2025-10-03,TX202510,26480.0,26764.0,26388.0,26745.0,0.0101713894677906,1308.0,128596.0,-0.0008297648921500367,25639.3,False
2025-10-07,TX202510,27202.0,27356.0,26995.0,27322.0,-0.018661582459485224,-2447.0,131125.0,-0.002516132015450044,25784.45,False
2025-10-08,TX202510,27061.0,27127.0,26912.0,27093.0,-0.03207832150319687,-4099.0,127781.0,-0.003814111262430625,25911.55,False
2025-10-09,TX202510,27440.0,27455.0,27273.0,27335.0,0.003651864623070553,538.0,147322.0,-0.004341382935112587,26038.2,False
2025-10-13,TX202510,26450.0,26945.0,26390.0,26904.0,-0.006040156182706716,-1697.0,280953.0,-0.004600669225260581,26124.5,False
2025-10-14,TX202510,27269.0,27450.0,26716.0,26718.0,0.00874571386639271,2622.0,299804.0,-0.004256044364672042,26198.4,False
2025-10-15,TX202510,26850.0,27191.0,26775.0,27156.0,0.012785924839308273,2763.0,216097.0,-0.0030668496168332806,26283.25,False
2025-10-16,TX202511,27545.0,27877.0,27450.0,27822.0,-0.0002106327407532227,-40.0,189904.0,-0.002912057480312304,26406.7,False
2025-10-17,TX202511,27251.0,27545.0,27244.0,27328.0,-0.004001645120771873,-720.0,179926.0,-0.0033564337954740003,26491.65,False
2025-10-20,TX202511,27444.0,27824.0,27432.0,27783.0,-0.001715708684497846,-319.0,185929.0,-0.0022656832480787924,26609.15,False
2025-10-21,TX202511,27900.0,28036.0,27798.0,27833.0,0.00773319306289402,985.0,127373.0,-0.0019202215162746152,26715.35,False
2025-10-22,TX202511,27690.0,27797.0,27526.0,27704.0,-0.022513839282466846,-3095.0,137471.0,-0.003218503473751634,26817.0,False
2025-10-23,TX202511,27385.0,27629.0,27313.0,27556.0,0.012323890999371841,1648.0,133724.0,-0.0024818191843218426,26900.25,False
2025-10-27,TX202511,28284.0,28291.0,28079.0,28225.0,-0.008971321186371435,-1098.0,122390.0,-0.003341732535438157,26997.85,False
2025-10-28,TX202511,28233.0,28250.0,27984.0,28002.0,-0.020540354631611128,-2150.0,104672.0,-0.0034554446855521335,27086.1,False
2025-10-29,TX202511,28225.0,28446.0,28203.0,28412.0,0.022288670384502496,2430.0,109024.0,-0.002200194429251974,27201.85,False
2025-10-30,TX202511,28430.0,28552.0,28181.0,28398.0,-0.002144359086461391,-309.0,144099.0,-0.0015532381167025868,27338.3,False
2025-10-31,TX202511,28478.0,28588.0,28378.0,28431.0,0.01111750678398158,1352.0,121610.0,-0.0019015807265550546,27462.15,False
2025-11-03,TX202511,28380.0,28583.0,28229.0,28340.0,-0.01214800953731929,-1610.0,132532.0,-0.0023090877073115904,27576.9,False
2025-11-04,TX202511,28410.0,28594.0,28113.0,28117.0,-0.004530231553170802,-629.0,138845.0,-0.0022369003970750295,27661.2,False
2025-11-05,TX202511,27710.0,27850.0,27415.0,27805.0,-0.008615721104822144,-1749.0,203001.0,-0.0031762559257056664,27714.2,False
2025-11-06,TX202511,28010.0,28141.0,27903.0,28034.0,-0.0003068472974424278,-40.0,130358.0,-0.002258519167603527,27749.8,False
2025-11-07,TX202511,27777.0,27838.0,27596.0,27730.0,5.9846553436987566e-05,10.0,167094.0,-0.0006516107647718338,27781.65,False
2025-11-10,TX202511,27777.0,28039.0,27718.0,28016.0,5.998512368932505e-05,10.0,166708.0,-0.0008312047397408953,27815.7,False
2025-11-11,TX202511,28149.0,28180.0,27762.0,27780.0,-0.001450764199844729,-185.0,127519.0,-0.0006017351405977959,27859.5,False
2025-11-12,TX202511,27889.0,28078.0,27858.0,28054.0,0.0013862529911708888,168.0,121190.0,-0.000969708184358887,27926.3,False
2025-11-13,TX202511,28038.0,28044.0,27802.0,27980.0,0.00021686597682632133,28.0,129112.0,-0.0015981611274829845,27967.5,False
2025-11-14,TX202511,27510.0,27596.0,27366.0,27401.0,0.0007987358138198535,139.0,174025.0,-0.001547692699754331,27946.45,False
2025-11-17,TX202511,27570.0,27690.0,27465.0,27479.0,0.001827415986329979,616.0,337088.0,-0.001256239644399238,27954.0,False
2025-11-18,TX202511,27142.0,27298.0,26772.0,26805.0,-7.069112355125274e-05,-21.0,297067.0,-0.0011739887663519085,27905.1,False
2025-11-19,TX202511,26807.0,26915.0,26537.0,26615.0,0.0017167643563149502,338.0,196882.0,-0.001474810201680862,27844.2,False
2025-11-20,TX202512,27308.0,27492.0,27201.0,27482.0,0.027612670227973816,4404.0,159492.0,0.001031515273841171,27833.1,False
2025-11-21,TX202512,26750.0,26770.0,26397.0,26486.0,-0.02195286683680176,-4843.0,220609.0,-0.0006823226179675089,27779.6,False
2025-11-24,TX202512,26705.0,26730.0,26536.0,26615.0,0.00442489167436472,867.0,195937.0,-1.2511974930701263e-05,27699.1,False
2025-11-25,TX202512,27055.0,27105.0,26773.0,26933.0,-0.0070693709582598475,-962.0,136080.0,0.0006610372087368628,27645.65,False
2025-11-26,TX202512,27188.0,27384.0,27133.0,27329.0,0.00465336489685492,688.0,147850.0,-0.00022072806564551596,27591.5,False
2025-11-27,TX202512,27518.0,27649.0,27461.0,27583.0,0.0014535241802369984,177.0,121773.0,-4.083390231059648e-05,27550.75,False
2025-11-28,TX202512,27590.0,27854.0,27558.0,27744.0,0.018026283163897844,1454.0,80660.0,0.0003046049166852167,27516.4,True
2025-12-01,TX202512,27650.0,27674.0,27401.0,27404.0,-0.01586457502437295,-1611.0,101547.0,0.00011877664233253364,27469.6,False
2025-12-02,TX202512,27674.0,27789.0,27528.0,27561.0,-0.0006995515695067265,-78.0,111500.0,0.0003103106415157374,27441.8,True
2025-12-03,TX202512,27808.0,27888.0,27690.0,27758.0,-0.0024807582214871828,-273.0,110047.0,0.0006170587856824854,27439.45,True
2025-12-04,TX202512,27841.0,27880.0,27670.0,27799.0,9.995202302894611e-05,10.0,100048.0,0.0006373987517060541,27427.7,True
2025-12-05,TX202512,27792.0,28019.0,27763.0,28016.0,0.014763370207103053,1420.0,96184.0,0.0013725749343893574,27442.0,True
2025-12-08,TX202512,28054.0,28298.0,28019.0,28286.0,-0.0055612594113620805,-520.0,93504.0,0.001091512707636787,27455.5,True
2025-12-09,TX202512,28350.0,28360.0,28204.0,28220.0,-0.03204150887719471,-2606.0,81332.0,-0.000438024526230712,27477.5,False
2025-12-10,TX202512,28279.0,28434.0,28252.0,28398.0,0.01978006935572185,1734.0,87664.0,0.00048166629199683606,27494.7,True
2025-12-11,TX202512,28600.0,28602.0,28059.0,28110.0,-0.009146153371583688,-1186.0,129672.0,1.3515324576335568e-05,27501.2,True
2025-12-12,TX202512,28266.0,28342.0,28157.0,28292.0,0.008131796786236,1002.0,123220.0,0.00038016837319714296,27545.75,True
2025-12-15,TX202512,27834.0,27984.0,27755.0,27907.0,-0.0105618115619191,-2750.0,260372.0,-0.00023929300421531106,27567.15,False
2025-12-16,TX202512,27630.0,27689.0,27411.0,27624.0,0.0016092230094872102,402.0,249810.0,-0.0001552972975633879,27608.1,False
2025-12-17,TX202512,27625.0,27773.0,27474.0,27483.0,0.002925879990955125,427.0,145939.0,-9.484151583137919e-05,27651.5,False
2025-12-18,TX202601,27500.0,27679.0,27457.0,27591.0,0.004837907491974499,749.0,154819.0,-0.001233579652631345,27656.95,False
2025-12-19,TX202601,27800.0,27983.0,27795.0,27894.0,0.015645866213427218,2062.0,131792.0,0.0006463569998801039,27727.35,True
2025-12-22,TX202601,28256.0,28368.0,28170.0,28341.0,-0.00902475085927149,-940.0,104158.0,-2.6125126801706655e-05,27813.65,False
2025-12-23,TX202601,28392.0,28455.0,28359.0,28413.0,0.004119509127964963,285.0,69183.0,0.000533318877509534,27887.65,True
2025-12-24,TX202601,28565.0,28577.0,28400.0,28472.0,-0.00526987296832529,-380.0,72108.0,3.71569842505234e-05,27944.8,True
2025-12-26,TX202601,28595.0,28714.0,28536.0,28673.0,0.0044983190491974055,285.0,63357.0,0.00018939672769854374,27999.3,True
2025-12-29,TX202601,28749.0,28998.0,28713.0,28950.0,0.003123712299451024,235.0,75231.0,-0.0005557318155237972,28059.6,False
2025-12-30,TX202601,28777.0,28942.0,28705.0,28881.0,-0.022318959089925202,-1856.0,83158.0,-0.0008784510188014098,28133.45,False
2025-12-31,TX202601,28842.0,29053.0,28782.0,29016.0,0.01343297701258159,1136.0,84568.0,-0.00017182458969699395,28206.2,False
2026-01-02,TX202601,29047.0,29500.0,29026.0,29473.0,0.014614880783631334,1495.0,102293.0,0.0006829573605589319,28291.95,True
2026-01-05,TX202601,29888.0,30487.0,29850.0,30313.0,-0.012509699063865893,-2241.0,179141.0,5.247480621418995e-05,28417.65,True
2026-01-06,TX202601,30271.0,30672.0,30183.0,30617.0,-0.019823207915224152,-2256.0,113806.0,-0.0016768540999021705,28547.7,False
2026-01-07,TX202601,30609.0,30676.0,30448.0,30516.0,-0.0017360197801041613,-198.0,114054.0,-0.0014855921183392741,28659.2,False
2026-01-08,TX202601,30362.0,30663.0,30353.0,30458.0,0.016839506617772934,1869.0,110989.0,0.000958458656409108,28771.1,True
2026-01-09,TX202601,30450.0,30578.0,30005.0,30456.0,-0.004133401279655739,-584.0,141288.0,-0.00023721487535977135,28874.0,False
2026-01-12,TX202601,30717.0,30763.0,30555.0,30701.0,0.00232652672911099,269.0,115623.0,0.0003364191296749626,29003.55,True
2026-01-13,TX202601,31067.0,31252.0,30626.0,30874.0,-0.01646618365861268,-2375.0,144235.0,-0.0008934798925674715,29132.65,False
2026-01-14,TX202601,31000.0,31162.0,30937.0,30982.0,-0.023115868189002912,-2881.0,124633.0,-0.001521182723921662,29286.4,False
2026-01-15,TX202601,30831.0,31057.0,30744.0,31050.0,-0.0009512850019179133,-124.0,130350.0,-0.0016492081244919182,29457.7,False
2026-01-16,TX202601,31382.0,31536.0,31157.0,31474.0,0.01581285428429695,2837.0,179411.0,-0.001004859409824827,29657.25,False
2026-01-19,TX202601,31272.0,31774.0,31208.0,31669.0,4.474913634166861e-05,10.0,223468.0,-0.0012445173276064688,29861.15,False
2026-01-20,TX202601,31481.0,31742.0,31328.0,31672.0,0.005452552354468104,1149.0,210727.0,-0.0017541830205544244,30050.05,False
2026-01-21,TX202601,31296.0,31650.0,31200.0,31245.0,0.0047328955246576255,996.0,210442.0,-0.0010663007013579685,30195.25,False
2026-01-22,TX202602,31876.0,32057.0,31783.0,31857.0,0.000831706082302741,138.0,165924.0,-0.0012306908536410797,30367.45,False
2026-01-23,TX202602,31995.0,32166.0,31873.0,32153.0,0.009111342049931121,1131.0,124131.0,-0.0005116301027282592,30551.5,False
2026-01-26,TX202602,32128.0,32231.0,32086.0,32144.0,-0.01175249447532311,-1404.0,119464.0,-0.0013241707789542847,30725.05,False
2026-01-27,TX202602,32313.0,32532.0,32206.0,32509.0,0.011142232485446612,1269.0,113891.0,-0.0009232447696545054,30903.0,False
2026-01-28,TX202602,32758.0,32938.0,32668.0,32927.0,-0.015747501274614488,-1637.0,103953.0,-0.0005946718788889697,31105.3,False
2026-01-29,TX202602,33014.0,33014.0,32587.0,32777.0,-0.019595815905042186,-3003.0,153247.0,-0.0022461115247701586,31293.35,False
2026-01-30,TX202602,32456.0,32526.0,32092.0,32247.0,-0.0016819286114744907,-324.0,192636.0,-0.00306095199452545,31432.05,False
2026-02-02,TX202602,31888.0,31964.0,31392.0,31610.0,0.022969370000876215,5505.0,239667.0,-0.0012869985412883444,31496.9,False
2026-02-03,TX202602,32386.0,32446.0,32004.0,32261.0,0.005714069477030198,906.0,158556.0,-1.0134671675626978e-05,31579.1,False
2026-02-04,TX202602,32110.0,32475.0,32034.0,32423.0,0.009560521568466145,1627.0,170179.0,0.0005546923957528883,31674.45,True
2026-02-05,TX202602,31970.0,32166.0,31798.0,31907.0,0.007860113061230632,1567.0,199361.0,0.0001057227179257732,31746.9,True
2026-02-06,TX202602,31458.0,31883.0,31220.0,31807.0,0.0007618553609492393,188.0,246766.0,0.00035048554995602206,31814.45,False
2026-02-09,TX202602,32824.0,32836.0,32515.0,32651.0,-0.004635642943521297,-828.0,178616.0,2.3770663244077497e-06,31911.95,True
2026-02-10,TX202602,32906.0,33309.0,32879.0,33307.0,-0.007348475646787319,-1936.0,263456.0,0.0004582624669156758,32033.6,True
2026-02-11,TX202602,33349.0,33843.0,33272.0,33691.0,-0.004188110766153398,-1005.0,239965.0,0.0014046503380581513,32169.05,True
2026-02-23,TX202602,34269.0,34369.0,33836.0,33840.0,-0.022582064226909945,-4312.0,190948.0,0.00032311137680854986,32308.55,True
2026-02-24,TX202603,34125.0,34956.0,34100.0,34827.0,0.010696717402264706,1570.0,146774.0,6.730453270693774e-05,32476.2,True
2026-02-25,TX202603,35243.0,35777.0,35065.0,35490.0,-0.02823477234178998,-4711.0,166851.0,-0.0013466715411996446,32667.25,False
2026-02-26,TX202603,35522.0,35755.0,35348.0,35604.0,-0.005616016271268764,-740.0,131766.0,-0.0019000999724864882,32863.85,False
2026-03-02,TX202603,34744.0,35495.0,34722.0,35232.0,-0.006245765687355662,-1263.0,202217.0,-0.002449033033087152,33063.2,False
2026-03-03,TX202603,35018.0,35320.0,34314.0,34325.0,0.007583480821486908,2001.0,263863.0,-0.0021114442961279443,33186.6,False
2026-03-04,TX202603,33461.0,33666.0,32679.0,32834.0,0.008554483856544106,3482.0,407038.0,-0.002139287205797295,33220.65,False
2026-03-05,TX202603,33911.0,34294.0,33392.0,33639.0,0.0007760771382818031,205.0,264149.0,-0.0015128586251170492,33295.4,False
2026-03-06,TX202603,33360.0,33888.0,33296.0,33704.0,0.007404506255403738,2004.0,270646.0,-0.0016997449366191928,33355.15,False
2026-03-09,TX202603,31730.0,32111.0,31124.0,31786.0,0.00473578303833485,1478.0,312092.0,-0.000675580720971726,33298.1,False
2026-03-10,TX202603,33242.0,33329.0,32374.0,32696.0,0.0058576401392389866,1464.0,249930.0,0.0005970920812423325,33294.05,False
2026-03-11,TX202603,33341.0,34185.0,33277.0,33985.0,-0.015816266025992964,-3601.0,227677.0,-0.0001096247894835911,33380.95,False
2026-03-12,TX202603,33678.0,33939.0,33326.0,33530.0,0.00032444868303330024,66.0,203422.0,-0.0012418708553757368,33476.95,False
2026-03-13,TX202603,32664.0,33518.0,32663.0,33315.0,0.016181034222304706,3749.0,231691.0,-0.0007185226181120115,33529.65,False
2026-03-16,TX202603,33460.0,33723.0,33077.0,33250.0,0.0025488921237507263,886.0,347602.0,-0.0010691040903477824,33571.0,False
2026-03-17,TX202603,33616.0,34017.0,33593.0,33795.0,0.0020567940552016985,496.0,241152.0,-0.001359270040649229,33665.4,False
2026-03-18,TX202603,34266.0,34440.0,34100.0,34263.0,-0.004973593174851346,-808.0,162458.0,-0.0016460424674392584,33788.2,False
2026-03-19,TX202604,33898.0,34083.0,33537.0,33553.0,-0.0013970511828751543,-242.0,173222.0,-0.0014841128794069512,33833.3,False
2026-03-20,TX202604,33809.0,33888.0,33371.0,33559.0,0.014082417837111203,3038.0,215730.0,-0.0004125682052120251,33845.9,False
2026-03-23,TX202604,32501.0,32890.0,32213.0,32532.0,0.00044742307855336343,95.0,212327.0,-0.00018079151297668703,33787.95,False
2026-03-24,TX202604,33280.0,33393.0,32342.0,32771.0,0.011610507010045045,3026.0,260626.0,0.0015288370488710627,33734.5,False
2026-03-25,TX202604,33786.0,33880.0,33444.0,33638.0,-0.013112265238025023,-2401.0,183111.0,0.00033838791685657596,33675.05,False
2026-03-26,TX202604,33855.0,34024.0,33347.0,33440.0,-0.0062678408745824475,-1032.0,164650.0,0.0014367344902169526,33572.55,False
2026-03-27,TX202604,32793.0,33243.0,32652.0,33120.0,-0.01426810592761364,-2292.0,160638.0,0.0010041300073997087,33448.35,False
2026-03-30,TX202604,32048.0,32712.0,32027.0,32468.0,0.01845397729286533,3124.0,169286.0,0.002239117156410758,33310.15,False
2026-03-31,TX202604,32000.0,32451.0,31806.0,31979.0,0.0034291472374028964,667.0,194509.0,0.0020314004772065573,33192.85,False
2026-04-01,TX202604,33049.0,33411.0,32906.0,33402.0,0.007072423980825635,1319.0,186499.0,0.0019572974834206345,33221.25,True
2026-04-02,TX202604,33676.0,33687.0,32486.0,32487.0,-0.008838129477822029,-1711.0,193593.0,0.0014765871526154428,33163.65,False
2026-04-07,TX202604,33192.0,33377.0,32955.0,33159.0,0.01565931049626702,2282.0,145728.0,0.0018893273646586064,33136.4,True
2026-04-08,TX202604,34651.0,35060.0,34473.0,34996.0,-0.013517956065416113,-2755.0,203803.0,0.0009766404094710586,33296.9,True
2026-04-09,TX202604,35032.0,35100.0,34745.0,34932.0,0.0009022814831788952,126.0,139646.0,0.000728872476668054,33408.7,True
2026-04-10,TX202604,35249.0,35580.0,35215.0,35567.0,-0.016610041525103814,-2112.0,127152.0,0.0006891837017125116,33487.8,True
2026-04-13,TX202604,35280.0,35652.0,35225.0,35457.0,-0.012041893112354032,-3040.0,252452.0,7.086661194314493e-05,33584.15,True
2026-04-14,TX202604,36060.0,36430.0,35990.0,36381.0,-0.004813333210151421,-1042.0,216482.0,-0.0009788517596796614,33737.45,False
2026-04-15,TX202604,36725.0,37073.0,36618.0,36643.0,-0.001036315785549732,-139.0,134129.0,-0.0011581121551446842,33907.1,False
2026-04-16,TX202605,37321.0,37666.0,37086.0,37645.0,-0.009417862334871373,-1043.0,110747.0,-0.001731844974648338,34099.6,False
2026-04-17,TX202605,37145.0,37388.0,37033.0,37083.0,-0.003849951397233852,-503.0,130651.0,-0.0016756628857674631,34240.6,False
2026-04-20,TX202605,37324.0,37704.0,37209.0,37254.0,0.00273840206185567,340.0,124160.0,-0.001468890223530922,34425.65,False
2026-04-21,TX202605,37707.0,38159.0,37647.0,38048.0,0.009268842784978295,1200.0,129466.0,-0.0017095689761375671,34650.1,False
2026-04-22,TX202605,38150.0,38369.0,37925.0,38206.0,-0.01207626181453575,-1638.0,135638.0,-0.002335753220792023,34933.8,False
2026-04-23,TX202605,38686.0,39087.0,37408.0,37875.0,-0.0013332548015913387,-249.0,186761.0,-0.0029829413113738423,35189.0,False
2026-04-24,TX202605,38299.0,39244.0,38268.0,39224.0,0.00945841223896989,1843.0,194853.0,-0.0018544074375240968,35468.3,False
2026-04-27,TX202605,39999.0,40458.0,39837.0,39888.0,-0.009145043454567129,-1611.0,176161.0,-0.0019982675665233306,35790.7,False
2026-04-28,TX202605,39820.0,40347.0,39661.0,39749.0,-0.004407620252978271,-599.0,135901.0,-0.0015052432827915622,36122.15,False
2026-04-29,TX202605,39698.0,39790.0,39123.0,39490.0,0.007575918041699321,1073.0,141633.0,-0.0020491462453498628,36473.25,False
2026-04-30,TX202605,39698.0,39937.0,39265.0,39360.0,0.018942462854961935,2829.0,149347.0,-0.0012734804644719108,36842.3,False
2026-05-04,TX202605,40440.0,41074.0,40167.0,41031.0,0.0004723729316813777,70.0,148188.0,-0.0016034830169291236,37223.75,False
2026-05-05,TX202605,40936.0,41097.0,40798.0,41035.0,-0.02276385375948494,-2871.0,126121.0,-0.0022997692310122693,37651.15,False
2026-05-06,TX202605,41650.0,42005.0,41038.0,41503.0,-0.010699517254594117,-1731.0,161783.0,-0.003617710618555326,38068.35,False
2026-05-07,TX202605,42329.0,42468.0,42005.0,42340.0,0.00770138069798099,1110.0,144130.0,-0.002556743780385471,38435.55,False
2026-05-08,TX202605,42120.0,42343.0,41539.0,41937.0,-0.010346999772151559,-1544.0,149222.0,-0.0031192078431519937,38785.8,False
2026-05-11,TX202605,42230.0,42258.0,41802.0,41945.0,0.010729081155380769,1124.0,104762.0,-0.0017522517091277643,39104.7,False
2026-05-12,TX202605,42200.0,42363.0,41607.0,41695.0,-0.006301354652453919,-908.0,144096.0,-0.001465224786132759,39416.6,False
2026-05-13,TX202605,41238.0,41604.0,40984.0,41469.0,0.004742814885655348,853.0,179851.0,-0.0009874173813424203,39671.0,False
2026-05-14,TX202605,41948.0,42238.0,41497.0,41602.0,0.0033611941824502212,526.0,156492.0,-0.0007675418829424227,39918.95,False
2026-05-15,TX202605,42282.0,42454.0,40976.0,41012.0,-0.006349281503752279,-1341.0,211205.0,-0.0006141128413864681,40087.3,False
2026-05-18,TX202605,40200.0,40990.0,40169.0,40807.0,0.01577224743001271,4790.0,303698.0,0.00036699709997586004,40273.5,True
2026-05-19,TX202605,40890.0,40931.0,40188.0,40248.0,-0.0019483953572522058,-560.0,287416.0,0.00013265722902046622,40423.2,False
2026-05-20,TX202605,40051.0,40405.0,39881.0,40078.0,0.0005849956520593428,111.0,189745.0,-0.0003015351276254814,40524.7,False
2026-05-21,TX202606,40967.0,41666.0,40957.0,41473.0,-0.00970921394596185,-1188.0,122358.0,-0.00018318273419678645,40688.05,False
2026-05-22,TX202606,42196.0,42502.0,41790.0,42442.0,-0.007303141574867401,-1074.0,147060.0,-0.0004816770728605896,40916.4,False
2026-05-25,TX202606,43195.0,44050.0,43004.0,43877.0,-0.026323223930203574,-3168.0,120350.0,-0.0022707588813192627,41149.05,False
2026-05-26,TX202606,44274.0,44280.0,43619.0,43893.0,-0.022890596268723473,-2303.0,100609.0,-0.00295803652202708,41349.3,False
2026-05-27,TX202606,44490.0,45299.0,44336.0,44798.0,-0.002531283145818828,-389.0,153677.0,-0.002864219666669108,41601.75,False
2026-05-28,TX202606,45174.0,45348.0,43458.0,43842.0,0.006876076575125688,1473.0,214221.0,-0.0028992117399977897,41819.35,False
2026-05-29,TX202606,44655.0,45471.0,44655.0,45285.0,-0.020551371932400735,-3163.0,153907.0,-0.004873903479365923,42115.6,False
2026-06-01,TX202606,45483.0,46465.0,45405.0,46035.0,-0.013636716827682664,-2106.0,154436.0,-0.005579357967334125,42365.8,False
2026-06-02,TX202606,46145.0,46228.0,45333.0,46087.0,-0.005417052149778449,-890.0,164296.0,-0.0047120178868488,42618.4,False
2026-06-03,TX202606,46718.0,46994.0,46550.0,46868.0,0.014083096110661246,1687.0,119789.0,-0.003472887218586032,42886.65,False
2026-06-04,TX202606,46505.0,46587.0,46140.0,46294.0,-0.010707808124577873,-1411.0,131773.0,-0.0043933466597139755,43084.35,False
2026-06-05,TX202606,45668.0,45785.0,44655.0,45211.0,0.013449748324148953,2819.0,209595.0,-0.0032035092548989503,43248.05,False
2026-06-08,TX202606,42344.0,43655.0,42225.0,43080.0,0.021736700522366374,5834.0,268394.0,-0.0026531282865496697,43304.8,False
2026-06-09,TX202606,43661.0,44750.0,43552.0,44665.0,0.013165931095284376,2479.0,188289.0,-0.0016797639991627546,43453.3,False
2026-06-10,TX202606,43839.0,44481.0,43126.0,43422.0,-0.00035408567413166875,-97.0,273945.0,-0.0019346090271521055,43550.95,False
2026-06-11,TX202606,42643.0,43509.0,42050.0,43241.0,-0.002559589390804289,-762.0,297704.0,-0.0022306482058148313,43632.9,False
2026-06-12,TX202606,44929.0,44931.0,44045.0,44188.0,-0.002275555698756701,-565.0,248291.0,-0.002026961915565052,43791.7,False
2026-06-15,TX202606,45750.0,45905.0,45340.0,45580.0,-0.01039168157168227,-3271.0,314771.0,-0.003335158365649801,44030.35,False
2026-06-16,TX202606,46124.0,46198.0,45463.0,45772.0,-0.01918071143156813,-4517.0,235497.0,-0.004196774169365597,44306.55,False
2026-06-17,TX202606,45345.0,45745.0,45113.0,45668.0,0.008717277140627274,1318.0,151194.0,-0.003790160094937201,44586.05,False
2026-06-18,TX202607,46470.0,46778.0,46260.0,46769.0,0.01272134501054785,1791.0,140787.0,-0.0026686321471117154,44850.85,False
2026-06-22,TX202607,47460.0,48476.0,47371.0,48413.0,-0.0002739637723199897,-34.0,124104.0,-0.0023171732569843453,45149.4,False
2026-06-23,TX202607,48650.0,48711.0,47404.0,47436.0,-0.03673130875940312,-5669.0,154337.0,-0.0028375774984443227,45327.35,False
2026-06-24,TX202607,46858.0,47067.0,45898.0,46387.0,-0.008244446728362238,-1845.0,223787.0,-0.0021052700214262607,45452.05,False
2026-06-25,TX202607,46993.0,46997.0,46091.0,46544.0,0.011941663702423904,2350.0,196790.0,-0.0013816226790141245,45539.35,False
2026-06-26,TX202607,45709.0,45922.0,44264.0,44373.0,0.024664059803612946,6503.0,263663.0,-0.0004922235175897616,45565.9,False
2026-06-29,TX202607,44799.0,45637.0,44373.0,45550.0,-0.0038414527675921075,-704.0,183264.0,0.00034327244065066975,45579.15,False
2026-06-30,TX202607,46100.0,46883.0,45922.0,46730.0,-0.02291377351344527,-3630.0,158420.0,-0.00012058039363746064,45613.9,False
2026-07-01,TX202607,47516.0,47695.0,46895.0,47231.0,-0.0036220802009047154,-450.0,124238.0,-3.083179619377389e-05,45671.1,False
2026-07-02,TX202607,46200.0,46987.0,45780.0,46599.0,0.006249408797099164,991.0,158575.0,-0.000422516161871878,45657.65,False
2026-07-03,TX202607,45700.0,47084.0,45608.0,46966.0,0.019888693775769153,3613.0,181661.0,0.0011073089331454732,45691.25,True
2026-07-06,TX202607,47280.0,47547.0,46581.0,46886.0,0.0047627447521608746,513.0,107711.0,0.0006729587545460695,45775.0,True
2026-07-07,TX202607,47000.0,47187.0,45599.0,45775.0,0.01135302148451534,1896.0,167004.0,0.0001537748026535179,45909.75,False
2026-07-08,TX202607,45606.0,45960.0,45240.0,45564.0,0.0006242502212017088,115.0,184221.0,-0.00047330924105061544,45954.7,False
2026-07-09,TX202607,46008.0,46158.0,45331.0,45678.0,0.005980743965331294,1220.0,203988.0,-0.0001565677590774673,46067.5,False
2026-07-13,TX202607,46222.0,46378.0,45251.0,45617.0,-0.003820534392348076,-1267.0,331629.0,-0.00021961500915465673,46186.3,False
2026-07-14,TX202607,45046.0,45464.0,43852.0,44815.0,0.001940197258040652,695.0,358211.0,-8.827361314789057e-06,46217.65,False
2026-07-15,TX202607,45353.0,45842.0,45033.0,45830.0,0.006703221744149439,1022.0,152464.0,0.0008459178044767964,46230.15,False
2026-07-16,TX202608,45519.0,46248.0,45191.0,45700.0,-0.007974299391769203,-1256.0,157506.0,0.0014062384064667428,46226.55,False
2026-07-17,TX202608,44250.0,44512.0,42527.0,42725.0,0.009788979006767912,2158.0,220452.0,0.0014598234997737747,46079.4,False
2026-07-20,TX202608,43500.0,43500.0,42457.0,42641.0,0.010050371676835259,2097.0,208649.0,0.0013262748330881452,45873.0,False
2026-07-21,TX202608,43297.0,44404.0,43197.0,44377.0,0.00871208145271334,1162.0,133378.0,0.0017755770943398118,45671.2,False
2026-07-22,TX202608,45000.0,45364.0,44613.0,44631.0,0.0036483123535238833,453.0,124167.0,0.0037945581499861615,45530.95,False
2026-07-23,TX202608,45310.0,45339.0,44445.0,44930.0,0.008002230586923184,861.0,107595.0,0.004606892015750433,45458.1,False
2026-07-24,TX202608,44166.0,44499.0,43640.0,43905.0,-0.007497626720224218,-1161.0,154849.0,0.0036349274946180267,45326.15,False
2026-07-27,TX202608,43888.0,44083.0,43176.0,43907.0,-0.008945686900958467,-1316.0,147110.0,0.001954440159389456,45302.85,False
2026-07-28,TX202608,42569.0,42627.0,41516.0,41613.0,-0.005958883702453074,-1080.0,181242.0,0.001848568612646408,45106.0,False
2026-07-29,TX202608,41915.0,42070.0,39442.0,40392.0,-0.0011348485810424734,-286.0,252016.0,0.0029375148592665477,44789.1,False
2026-07-30,TX202608,40007.0,41266.0,39701.0,40270.0,0.009638279066030035,2279.0,236453.0,0.0036005328226132853,44441.05,False
2026-07-31,TX202608,42331.0,43951.0,42305.0,43678.0,0.004150581651423685,801.0,192985.0,0.0034955914653295116,44295.0,False
2026-08-03,TX202608,43186.0,43836.0,42989.0,43230.0,-0.024077291318341982,-4421.0,183617.0,0.0012972922106239545,44108.2,False
2026-08-04,TX202608,42750.0,43790.0,42553.0,43357.0,0.01482263487743408,2429.0,163871.0,0.0018002867168876147,43931.75,False
2026-08-05,TX202608,44653.0,44923.0,44219.0,44514.0,0.002922179891578933,428.0,146466.0,0.0013787446372407945,43868.7,True
2026-08-06,TX202608,44177.0,44494.0,43843.0,44280.0,-0.009443781185906266,-1234.0,130668.0,0.0008753430668853958,43804.5,True
2026-08-07,TX202608,44588.0,44744.0,43923.0,44349.0,0.0019871402558348634,263.0,132351.0,0.0006756628814105742,43738.05,True
2026-08-10,TX202608,44985.0,45219.0,44668.0,44987.0,-0.01273343923067016,-1483.0,116465.0,0.00023001763949447013,43706.55,True
2026-08-11,TX202608,44761.0,45200.0,44570.0,45090.0,0.001576082227013856,163.0,103421.0,0.00021181188794313025,43720.3,True
2026-08-12,TX202608,45350.0,45561.0,45156.0,45528.0,0.005324162971755752,610.0,114572.0,0.0001428589493234459,43705.2,True
2026-08-13,TX202608,46120.0,46250.0,45840.0,46005.0,-0.004100311184330954,-448.0,109260.0,0.0003365583596953583,43720.45,True
2026-08-14,TX202608,46466.0,46470.0,45676.0,45841.0,0.00022623410705397947,30.0,132606.0,-0.00014157888529033825,43876.25,False
2026-08-17,TX202608,45850.0,46140.0,45738.0,45888.0,-0.003463299239265474,-814.0,235036.0,-0.0008172624310953749,44038.6,False
2026-08-18,TX202608,45967.0,45977.0,45070.0,45085.0,-0.00011665278900728477,-29.0,248601.0,-0.0012586991431814062,44074.0,False
2026-08-19,TX202608,44411.0,44869.0,44208.0,44612.0,-0.0022579776893860096,-302.0,133748.0,-0.0015540136453269008,44073.05,False
2026-08-20,TX202609,44950.0,45122.0,44448.0,44868.0,-0.0036083159714526353,-407.0,112795.0,-0.002134540973245692,44069.95,False
2026-08-21,TX202609,44887.0,45294.0,44566.0,45148.0,-0.00030867560010168135,-34.0,110148.0,-0.0017750934172395649,44132.1,False
2026-08-24,TX202609,45032.0,45292.0,44609.0,44762.0,0.0024944876277868105,224.0,89798.0,-0.0012030846908023013,44174.85,False
2026-08-25,TX202609,44488.0,45095.0,44146.0,45027.0,-0.010147592864011052,-1087.0,107119.0,-0.0014125201488802,44345.55,False
2026-08-26,TX202609,45285.0,46027.0,44865.0,46011.0,0.0067345369658456155,727.0,107951.0,-0.0010190508715357956,44626.5,False
2026-08-27,TX202609,46175.0,46517.0,46006.0,46078.0,-0.016338946906262742,-1563.0,95661.0,-0.0023179121701504346,44916.9,False
2026-08-28,TX202609,46366.0,46580.0,46215.0,46357.0,0.015344745277228398,1350.0,87978.0,-0.001758203988860199,45050.85,False
2026-08-31,TX202609,45800.0,46060.0,45415.0,45983.0,0.007161717045946256,811.0,113241.0,-0.00019625357064578696,45188.5,False
2026-09-01,TX202609,46000.0,47220.0,45987.0,47209.0,0.018876493797723465,1995.0,105687.0,6.439375368682242e-06,45381.1,True
2026-09-02,TX202609,46701.0,46746.0,46131.0,46189.0,-0.03499944504051204,-3784.0,108116.0,-0.0018896418712358663,45464.85,False
2026-09-03,TX202609,46169.0,46472.0,45714.0,45837.0,0.029994916115912557,3127.0,104251.0,8.229299385507493e-05,45542.7,True
2026-09-04,TX202609,46406.0,46756.0,46057.0,46704.0,-0.008687708399945189,-951.0,109465.0,-0.00045144943893392776,45660.45,False
2026-09-07,TX202609,47280.0,47572.0,47093.0,47470.0,-0.00735961286420002,-730.0,99190.0,-0.00018275812061042084,45784.6,False
2026-09-08,TX202609,47480.0,47593.0,46934.0,46980.0,-0.02402904002209567,-1827.0,76033.0,-0.0014630142330658972,45879.1,False
2026-09-09,TX202609,47076.0,47592.0,47054.0,47187.0,0.011022494699841224,1201.0,108959.0,-0.0011780976466616235,45962.05,False
2026-09-10,TX202609,46940.0,46950.0,46506.0,46870.0,-0.006859699726351602,-742.0,108168.0,-0.001316067073762656,46005.3,False
2026-09-11,TX202609,45820.0,46340.0,45780.0,46218.0,0.008721847654568928,1216.0,139420.0,-0.0008912863963869084,46024.15,False
2026-09-14,TX202609,45589.0,46018.0,45302.0,45780.0,0.004351084574428409,1225.0,281539.0,-0.0005005672057022142,46018.75,False
2026-09-15,TX202609,45777.0,45964.0,45512.0,45607.0,-0.012279844047213105,-2989.0,243407.0,-0.0011087267686125052,46044.85,False
2026-09-16,TX202609,45534.0,46093.0,45518.0,45759.0,0.02018971873576074,2437.0,120705.0,1.3658052644832143e-05,46102.2,False
2026-09-17,TX202610,46495.0,47037.0,46376.0,46445.0,-0.016765057684145542,-1738.0,103668.0,-0.0006441790329898132,46181.05,False
2026-09-18,TX202610,47080.0,47464.0,46897.0,47418.0,0.013438262230199272,1168.0,86916.0,4.316785852523453e-05,46294.55,True
2026-09-21,TX202610,47607.0,48091.0,47496.0,48077.0,0.010813061641167541,805.0,74447.0,0.00045909655919427106,46460.3,True
2026-09-22,TX202610,48888.0,48946.0,48034.0,48243.0,-0.02168360559782898,-1630.0,75172.0,-0.00011770407749662534,46621.1,False
2026-09-23,TX202610,48529.0,48623.0,48223.0,48336.0,-0.006066399499981617,-495.0,81597.0,-0.0007577509007879869,46737.35,False
2026-09-24,TX202610,47850.0,48275.0,47797.0,48123.0,-0.0019038200024724934,-154.0,80890.0,-3.599455559847449e-05,46839.6,False
2026-09-29,TX202610,48098.0,48194.0,47630.0,47767.0,-0.0008511724901051198,-80.0,93988.0,-0.0008457904439651505,46910.1,False
2026-09-30,TX202610,48467.0,48646.0,48230.0,48330.0,0.014286782855860573,1337.0,93583.0,-0.0004895371534694346,47027.45,False
2026-10-01,TX202610,48398.0,48719.0,48168.0,48685.0,-0.012218828103304638,-968.0,79222.0,-0.0020443032485208397,47101.25,False
2026-10-02,TX202610,48552.0,48802.0,48472.0,48671.0,-0.003655805876707947,-320.0,87532.0,-0.00047712129033063513,47225.35,False
2026-10-05,TX202610,49470.0,50097.0,49461.0,49949.0,0.029250399061281015,2767.0,94597.0,-0.0005143471430622123,47430.95,False
