date,signal_date,target,position_before,position_after,contract_after,roll,gross_pnl,fee,tax,slippage_cost,cost,pnl,equity,capital_skip,daily_return,drawdown_pct,drawdown_amount
2018-08-31,2018-08-30,1,0,1,TX201809,False,9400.0,50.0,43.908,400.0,493.908,8906.092,10008906.092,False,0.0008906092000000001,0.0,0.0
2018-09-03,2018-08-31,1,1,1,TX201809,False,-17400.0,0.0,0.0,0.0,0.0,-17400.0,9991506.092,False,-0.001738451718905387,-0.0017384517189054094,-17400.0
2018-09-04,2018-09-03,1,1,1,TX201809,False,13400.0,0.0,0.0,0.0,0.0,13400.0,10004906.092,False,0.0013411391512565972,-0.00039964407331161134,-4000.0
2018-09-05,2018-09-04,1,1,1,TX201809,False,-10400.0,0.0,0.0,0.0,0.0,-10400.0,9994506.092,False,-0.001039490016634531,-0.0014387186639216454,-14400.0
2018-09-06,2018-09-05,1,1,1,TX201809,False,-9800.0,0.0,0.0,0.0,0.0,-9800.0,9984706.092,False,-0.0009805386989402418,-0.00241784664353506,-24200.0
2018-09-07,2018-09-06,1,1,1,TX201809,False,-11200.0,0.0,0.0,0.0,0.0,-11200.0,9973506.092,False,-0.001121715541429279,-0.0035368500488075494,-35400.0
2018-09-10,2018-09-07,0,1,0,,False,4000.0,50.0,43.452000000000005,400.0,493.452,3506.548,9977012.64,False,0.0003515862894807564,-0.0031865072673118444,-31893.451999999583
2018-09-11,2018-09-10,0,0,0,,False,0.0,0.0,0.0,0.0,0.0,0.0,9977012.64,False,0.0,-0.0031865072673118444,-31893.451999999583
2018-09-12,2018-09-11,0,0,0,,False,0.0,0.0,0.0,0.0,0.0,0.0,9977012.64,False,0.0,-0.0031865072673118444,-31893.451999999583
2018-09-13,2018-09-12,0,0,0,,False,0.0,0.0,0.0,0.0,0.0,0.0,9977012.64,False,0.0,-0.0031865072673118444,-31893.451999999583
2018-09-14,2018-09-13,0,0,0,,False,0.0,0.0,0.0,0.0,0.0,0.0,9977012.64,False,0.0,-0.0031865072673118444,-31893.451999999583
2018-09-17,2018-09-14,1,0,1,TX201809,False,-6800.0,50.0,43.43600000000001,400.0,493.43600000000004,-7293.436,9969719.204,False,-0.0007310240312575167,-0.003915201885181241,-39186.88800000027
2018-09-18,2018-09-17,0,1,0,,False,-7200.0,50.0,43.14,400.0,493.14,-7693.14,9962026.064,False,-0.0007716506194992331,-0.0046838313367203455,-46880.028000000864
2018-09-19,2018-09-18,0,0,0,,False,0.0,0.0,0.0,0.0,0.0,0.0,9962026.064,False,0.0,-0.0046838313367203455,-46880.028000000864
2018-09-20,2018-09-19,0,0,0,,False,0.0,0.0,0.0,0.0,0.0,0.0,9962026.064,False,0.0,-0.0046838313367203455,-46880.028000000864
2018-09-21,2018-09-20,0,0,0,,False,0.0,0.0,0.0,0.0,0.0,0.0,9962026.064,False,0.0,-0.0046838313367203455,-46880.028000000864
2018-09-25,2018-09-21,1,0,1,TX201810,False,4200.0,50.0,43.848000000000006,400.0,493.848,3706.152,9965732.216,False,0.0003720279365051057,-0.00431354591632227,-43173.876000000164
2018-09-26,2018-09-25,1,1,1,TX201810,False,-1800.0,0.0,0.0,0.0,0.0,-1800.0,9963932.216,False,-0.00018061894108594418,-0.004493385749312573,-44973.876000000164
2018-09-27,2018-09-26,1,1,1,TX201810,False,2000.0,0.0,0.0,0.0,0.0,2000.0,9965932.216,False,0.00020072396686806205,-0.004293563712656767,-42973.876000000164
2018-09-28,2018-09-27,1,1,1,TX201810,False,-5400.0,0.0,0.0,0.0,0.0,-5400.0,9960532.216,False,-0.0005418459490754377,-0.0048330832116273426,-48373.876000000164
2018-10-01,2018-09-28,1,1,1,TX201810,False,10200.0,0.0,0.0,0.0,0.0,10200.0,9970732.216,False,0.0010240416655261989,-0.0038139908246828114,-38173.876000000164
2018-10-02,2018-10-01,1,1,1,TX201810,False,-25400.0,0.0,0.0,0.0,0.0,-25400.0,9945332.216,False,-0.0025474558387237303,-0.006351730690211443,-63573.876000000164
2018-10-03,2018-10-02,1,1,1,TX201810,False,-4600.0,0.0,0.0,0.0,0.0,-4600.0,9940732.216,False,-0.00046252854103752747,-0.006811321374519674,-68173.87600000016
2018-10-04,2018-10-03,0,1,0,,False,-6600.0,50.0,43.284000000000006,400.0,493.284,-7093.284,9933638.932,False,-0.0007135574971613338,-0.0075200186022487125,-75267.16000000015
2018-10-05,2018-10-04,0,0,0,,False,0.0,0.0,0.0,0.0,0.0,0.0,9933638.932,False,0.0,-0.0075200186022487125,-75267.16000000015
2018-10-08,2018-10-05,0,0,0,,False,0.0,0.0,0.0,0.0,0.0,0.0,9933638.932,False,0.0,-0.0075200186022487125,-75267.16000000015
2018-10-09,2018-10-08,0,0,0,,False,0.0,0.0,0.0,0.0,0.0,0.0,9933638.932,False,0.0,-0.0075200186022487125,-75267.16000000015
2018-10-11,2018-10-09,0,0,0,,False,0.0,0.0,0.0,0.0,0.0,0.0,9933638.932,False,0.0,-0.0075200186022487125,-75267.16000000015
2018-10-12,2018-10-11,0,0,0,,False,0.0,0.0,0.0,0.0,0.0,0.0,9933638.932,False,0.0,-0.0075200186022487125,-75267.16000000015
2018-10-15,2018-10-12,0,0,0,,False,0.0,0.0,0.0,0.0,0.0,0.0,9933638.932,False,0.0,-0.0075200186022487125,-75267.16000000015
2018-10-16,2018-10-15,0,0,0,,False,0.0,0.0,0.0,0.0,0.0,0.0,9933638.932,False,0.0,-0.0075200186022487125,-75267.16000000015
2018-10-17,2018-10-16,0,0,0,,False,0.0,0.0,0.0,0.0,0.0,0.0,9933638.932,False,0.0,-0.0075200186022487125,-75267.16000000015
2018-10-18,2018-10-17,0,0,0,,False,0.0,0.0,0.0,0.0,0.0,0.0,9933638.932,False,0.0,-0.0075200186022487125,-75267.16000000015
2018-10-19,2018-10-18,0,0,0,,False,0.0,0.0,0.0,0.0,0.0,0.0,9933638.932,False,0.0,-0.0075200186022487125,-75267.16000000015
2018-10-22,2018-10-19,0,0,0,,False,0.0,0.0,0.0,0.0,0.0,0.0,9933638.932,False,0.0,-0.0075200186022487125,-75267.16000000015
2018-10-23,2018-10-22,0,0,0,,False,0.0,0.0,0.0,0.0,0.0,0.0,9933638.932,False,0.0,-0.0075200186022487125,-75267.16000000015
2018-10-24,2018-10-23,0,0,0,,False,0.0,0.0,0.0,0.0,0.0,0.0,9933638.932,False,0.0,-0.0075200186022487125,-75267.16000000015
2018-10-25,2018-10-24,0,0,0,,False,0.0,0.0,0.0,0.0,0.0,0.0,9933638.932,False,0.0,-0.0075200186022487125,-75267.16000000015
2018-10-26,2018-10-25,0,0,0,,False,0.0,0.0,0.0,0.0,0.0,0.0,9933638.932,False,0.0,-0.0075200186022487125,-75267.16000000015
2018-10-29,2018-10-26,0,0,0,,False,0.0,0.0,0.0,0.0,0.0,0.0,9933638.932,False,0.0,-0.0075200186022487125,-75267.16000000015
2018-10-30,2018-10-29,0,0,0,,False,0.0,0.0,0.0,0.0,0.0,0.0,9933638.932,False,0.0,-0.0075200186022487125,-75267.16000000015
2018-10-31,2018-10-30,0,0,0,,False,0.0,0.0,0.0,0.0,0.0,0.0,9933638.932,False,0.0,-0.0075200186022487125,-75267.16000000015
2018-11-01,2018-10-31,0,0,0,,False,0.0,0.0,0.0,0.0,0.0,0.0,9933638.932,False,0.0,-0.0075200186022487125,-75267.16000000015
2018-11-02,2018-11-01,0,0,0,,False,0.0,0.0,0.0,0.0,0.0,0.0,9933638.932,False,0.0,-0.0075200186022487125,-75267.16000000015
2018-11-05,2018-11-02,1,0,1,TX201811,False,2800.0,50.0,39.220000000000006,400.0,489.22,2310.78,9935949.712,False,0.00023262170246153257,-0.007289146219316978,-72956.38000000082
2018-11-06,2018-11-05,0,1,0,,False,6400.0,50.0,39.388000000000005,400.0,489.38800000000003,5910.612,9941860.324,False,0.0005948713682459105,-0.006698610955455986,-67045.76800000109
2018-11-07,2018-11-06,0,0,0,,False,0.0,0.0,0.0,0.0,0.0,0.0,9941860.324,False,0.0,-0.006698610955455986,-67045.76800000109
2018-11-08,2018-11-07,1,0,1,TX201811,False,-11200.0,50.0,39.928000000000004,400.0,489.928,-11689.928,9930170.396,False,-0.0011758290318945744,-0.007866563566115703,-78735.69600000046
2018-11-09,2018-11-08,1,1,1,TX201811,False,-27000.0,0.0,0.0,0.0,0.0,-27000.0,9903170.396,False,-0.002718986575585445,-0.010564161060968913,-105735.69600000046
2018-11-12,2018-11-09,1,1,1,TX201811,False,4600.0,0.0,0.0,0.0,0.0,4600.0,9907770.396,False,0.00046449771296048695,-0.010104570376660571,-101135.69600000046
2018-11-13,2018-11-12,1,1,1,TX201811,False,-16800.0,0.0,0.0,0.0,0.0,-16800.0,9890970.396,False,-0.0016956388095935848,-0.011783075484569139,-117935.69600000046
2018-11-14,2018-11-13,0,1,0,,False,8000.0,50.0,39.064,400.0,489.06399999999996,7510.936,9898481.332,False,0.0007593730138993735,-0.011032650220213491,-110424.75999999978
2018-11-15,2018-11-14,1,0,1,TX201811,False,7400.0,50.0,39.168000000000006,400.0,489.168,6910.832,9905392.164,False,0.0006981709383699629,-0.010342181957600394,-103513.92799999937
2018-11-16,2018-11-15,1,1,1,TX201811,False,-8800.0,0.0,0.0,0.0,0.0,-8800.0,9896592.164,False,-0.0008884050075253537,-0.01122139891888596,-112313.92799999937
2018-11-19,2018-11-16,1,1,1,TX201811,False,7200.0,0.0,0.0,0.0,0.0,7200.0,9903792.164,False,0.0007275231595569668,-0.010502039586925083,-105113.92799999937
2018-11-20,2018-11-19,1,1,1,TX201812,True,-17400.0,100.0,77.772,800.0,977.7719999999999,-18377.772,9885414.392,False,-0.0018556298128713437,-0.01233818150204291,-123491.69999999925
2018-11-21,2018-11-20,1,1,1,TX201812,False,3600.0,0.0,0.0,0.0,0.0,3600.0,9889014.392,False,0.0003641728972852552,-0.011978501836062527,-119891.69999999925
2018-11-22,2018-11-21,1,1,1,TX201812,False,-3000.0,0.0,0.0,0.0,0.0,-3000.0,9886014.392,False,-0.0003033669363882143,-0.01227823489104618,-122891.69999999925
2018-11-23,2018-11-22,0,1,0,,False,200.0,50.0,38.852000000000004,400.0,488.852,-288.852,9885725.540000001,False,-2.921824595296421e-05,-0.012307094388512296,-123180.55199999921
2018-11-26,2018-11-23,0,0,0,,False,0.0,0.0,0.0,0.0,0.0,0.0,9885725.540000001,False,0.0,-0.012307094388512296,-123180.55199999921
2018-11-27,2018-11-26,0,0,0,,False,0.0,0.0,0.0,0.0,0.0,0.0,9885725.540000001,False,0.0,-0.012307094388512296,-123180.55199999921
2018-11-28,2018-11-27,0,0,0,,False,0.0,0.0,0.0,0.0,0.0,0.0,9885725.540000001,False,0.0,-0.012307094388512296,-123180.55199999921
2018-11-29,2018-11-28,1,0,1,TX201812,False,-21400.0,50.0,39.944,400.0,489.944,-21889.944,9863835.596,False,-0.0022142981727975423,-0.014494140984692816,-145070.49599999934
2018-11-30,2018-11-29,1,1,1,TX201812,False,-4800.0,0.0,0.0,0.0,0.0,-4800.0,9859035.596,False,-0.00048662611549877253,-0.014973713872666772,-149870.49599999934
2018-12-03,2018-11-30,1,1,1,TX201812,False,53800.0,0.0,0.0,0.0,0.0,53800.0,9912835.596,False,0.005456923192551175,-0.009598501086625966,-96070.49599999934
2018-12-04,2018-12-03,1,1,1,TX201812,False,-16000.0,0.0,0.0,0.0,0.0,-16000.0,9896835.596,False,-0.0016140689356793402,-0.0111970773798723,-112070.49599999934
2018-12-05,2018-12-04,1,1,1,TX201812,False,-32800.0,0.0,0.0,0.0,0.0,-32800.0,9864035.596,False,-0.0033141906503182453,-0.014474158781027313,-144870.49599999934
2018-12-06,2018-12-05,1,1,1,TX201812,False,-40800.0,0.0,0.0,0.0,0.0,-40800.0,9823235.596,False,-0.004136238115010954,-0.018550528328805438,-185670.49599999934
2018-12-07,2018-12-06,0,1,0,,False,12200.0,50.0,38.932,400.0,488.932,11711.068,9834946.664,False,0.001192180304091324,-0.017380463599218188,-173959.42799999937
2018-12-10,2018-12-07,0,0,0,,False,0.0,0.0,0.0,0.0,0.0,0.0,9834946.664,False,0.0,-0.017380463599218188,-173959.42799999937
2018-12-11,2018-12-10,0,0,0,,False,0.0,0.0,0.0,0.0,0.0,0.0,9834946.664,False,0.0,-0.017380463599218188,-173959.42799999937
2018-12-12,2018-12-11,0,0,0,,False,0.0,0.0,0.0,0.0,0.0,0.0,9834946.664,False,0.0,-0.017380463599218188,-173959.42799999937
2018-12-13,2018-12-12,1,0,1,TX201812,False,5000.0,50.0,39.332,400.0,489.332,4510.668,9839457.332,False,0.00045863675260293197,-0.016929798165999155,-169448.75999999978
2018-12-14,2018-12-13,1,1,1,TX201812,False,-25200.0,0.0,0.0,0.0,0.0,-25200.0,9814257.332,False,-0.002561116853268346,-0.019447555827862173,-194648.75999999978
2018-12-17,2018-12-14,0,1,0,,False,4600.0,50.0,39.004000000000005,400.0,489.004,4110.996,9818368.328,False,0.0004188799886666758,-0.019036822031160305,-190537.76400000043
2018-12-18,2018-12-17,0,0,0,,False,0.0,0.0,0.0,0.0,0.0,0.0,9818368.328,False,0.0,-0.019036822031160305,-190537.76400000043
2018-12-19,2018-12-18,0,0,0,,False,0.0,0.0,0.0,0.0,0.0,0.0,9818368.328,False,0.0,-0.019036822031160305,-190537.76400000043
2018-12-20,2018-12-19,0,0,0,,False,0.0,0.0,0.0,0.0,0.0,0.0,9818368.328,False,0.0,-0.019036822031160305,-190537.76400000043
2018-12-21,2018-12-20,0,0,0,,False,0.0,0.0,0.0,0.0,0.0,0.0,9818368.328,False,0.0,-0.019036822031160305,-190537.76400000043
2018-12-22,2018-12-21,0,0,0,,False,0.0,0.0,0.0,0.0,0.0,0.0,9818368.328,False,0.0,-0.019036822031160305,-190537.76400000043
2018-12-24,2018-12-22,0,0,0,,False,0.0,0.0,0.0,0.0,0.0,0.0,9818368.328,False,0.0,-0.019036822031160305,-190537.76400000043
2018-12-25,2018-12-24,0,0,0,,False,0.0,0.0,0.0,0.0,0.0,0.0,9818368.328,False,0.0,-0.019036822031160305,-190537.76400000043
2018-12-26,2018-12-25,0,0,0,,False,0.0,0.0,0.0,0.0,0.0,0.0,9818368.328,False,0.0,-0.019036822031160305,-190537.76400000043
2018-12-27,2018-12-26,0,0,0,,False,0.0,0.0,0.0,0.0,0.0,0.0,9818368.328,False,0.0,-0.019036822031160305,-190537.76400000043
2018-12-28,2018-12-27,0,0,0,,False,0.0,0.0,0.0,0.0,0.0,0.0,9818368.328,False,0.0,-0.019036822031160305,-190537.76400000043
2019-01-02,2018-12-28,0,0,0,,False,0.0,0.0,0.0,0.0,0.0,0.0,9818368.328,False,0.0,-0.019036822031160305,-190537.76400000043
2019-01-03,2019-01-02,0,0,0,,False,0.0,0.0,0.0,0.0,0.0,0.0,9818368.328,False,0.0,-0.019036822031160305,-190537.76400000043
2019-01-04,2019-01-03,0,0,0,,False,0.0,0.0,0.0,0.0,0.0,0.0,9818368.328,False,0.0,-0.019036822031160305,-190537.76400000043
2019-01-07,2019-01-04,0,0,0,,False,0.0,0.0,0.0,0.0,0.0,0.0,9818368.328,False,0.0,-0.019036822031160305,-190537.76400000043
2019-01-08,2019-01-07,0,0,0,,False,0.0,0.0,0.0,0.0,0.0,0.0,9818368.328,False,0.0,-0.019036822031160305,-190537.76400000043
2019-01-09,2019-01-08,0,0,0,,False,0.0,0.0,0.0,0.0,0.0,0.0,9818368.328,False,0.0,-0.019036822031160305,-190537.76400000043
2019-01-10,2019-01-09,1,0,1,TX201901,False,-3200.0,50.0,38.848000000000006,400.0,488.848,-3688.848,9814679.48,False,-0.000375708862895289,-0.019405378591297096,-194226.61199999973
2019-01-11,2019-01-10,1,1,1,TX201901,False,11200.0,0.0,0.0,0.0,0.0,11200.0,9825879.48,False,0.001141147810565078,-0.018286375186024606,-183026.61199999973
2019-01-14,2019-01-11,1,1,1,TX201901,False,-11800.0,0.0,0.0,0.0,0.0,-11800.0,9814079.48,False,-0.0012009103128140545,-0.019465325202293826,-194826.61199999973
2019-01-15,2019-01-14,1,1,1,TX201902,True,20400.0,100.0,78.34800000000001,800.0,978.348,19421.652,9833501.132000001,False,0.0019789580917475916,-0.01752488817336373,-175404.95999999903
2019-01-16,2019-01-15,1,1,1,TX201902,False,-6000.0,0.0,0.0,0.0,0.0,-6000.0,9827501.132000001,False,-0.0006101590796054224,-0.018124354283331146,-181404.95999999903
2019-01-17,2019-01-16,1,1,1,TX201902,False,3000.0,0.0,0.0,0.0,0.0,3000.0,9830501.132000001,False,0.0003052658005025809,-0.01782462122834738,-178404.95999999903
2019-01-18,2019-01-17,1,1,1,TX201902,False,8200.0,0.0,0.0,0.0,0.0,8200.0,9838701.132000001,False,0.0008341385540669504,-0.017005350878058656,-170204.95999999903
2019-01-21,2019-01-18,1,1,1,TX201902,False,9200.0,0.0,0.0,0.0,0.0,9200.0,9847901.132000001,False,0.0009350827793800291,-0.016086169509442083,-161004.95999999903
2019-01-22,2019-01-21,1,1,1,TX201902,False,-3800.0,0.0,0.0,0.0,0.0,-3800.0,9844101.132000001,False,-0.0003858690241773641,-0.01646583137908808,-164804.95999999903
2019-01-23,2019-01-22,1,1,1,TX201902,False,-5800.0,0.0,0.0,0.0,0.0,-5800.0,9838301.132000001,False,-0.0005891853326400791,-0.017045315285389884,-170604.95999999903
2019-01-24,2019-01-23,1,1,1,TX201902,False,9000.0,0.0,0.0,0.0,0.0,9000.0,9847301.132000001,False,0.0009147920844511104,-0.016146116120438814,-161604.95999999903
2019-01-25,2019-01-24,1,1,1,TX201902,False,21000.0,0.0,0.0,0.0,0.0,21000.0,9868301.132000001,False,0.0021325640110423706,-0.01404798473555291,-140604.95999999903
2019-01-28,2019-01-25,1,1,1,TX201902,False,3400.0,0.0,0.0,0.0,0.0,3400.0,9871701.132000001,False,0.00034453752013857773,-0.01370828727323814,-137204.95999999903
2019-01-29,2019-01-28,1,1,1,TX201902,False,-12400.0,0.0,0.0,0.0,0.0,-12400.0,9859301.132000001,False,-0.001256115823827394,-0.01494718390050398,-149604.95999999903
2019-01-30,2019-01-29,1,1,1,TX201902,False,600.0,0.0,0.0,0.0,0.0,600.0,9859901.132000001,False,6.085624041369426e-05,-0.014887237289507249,-149004.95999999903
2019-02-11,2019-01-30,1,1,1,TX201902,False,14600.0,0.0,0.0,0.0,0.0,14600.0,9874501.132000001,False,0.0014807450708218723,-0.01342853642191999,-134404.95999999903
2019-02-12,2019-02-11,1,1,1,TX201902,False,17000.0,0.0,0.0,0.0,0.0,17000.0,9891501.132000001,False,0.0017216059599110894,-0.011730049110345808,-117404.95999999903
2019-02-13,2019-02-12,1,1,1,TX201902,False,0.0,0.0,0.0,0.0,0.0,0.0,9891501.132000001,False,0.0,-0.011730049110345808,-117404.95999999903
2019-02-14,2019-02-13,1,1,1,TX201902,False,-800.0,0.0,0.0,0.0,0.0,-800.0,9890701.132000001,False,-8.087751184821883e-05,-0.011809977925008042,-118204.95999999903
2019-02-15,2019-02-14,1,1,1,TX201902,False,-7600.0,0.0,0.0,0.0,0.0,-7600.0,9883101.132000001,False,-0.0007683985087175718,-0.012569301664300148,-125804.95999999903
2019-02-18,2019-02-15,1,1,1,TX201902,False,18600.0,0.0,0.0,0.0,0.0,18600.0,9901701.132000001,False,0.0018820003712980318,-0.010710956723401277,-107204.95999999903
2019-02-19,2019-02-18,1,1,1,TX201903,True,1400.0,100.0,81.148,800.0,981.148,418.8520000000001,9902119.984000001,False,4.230101418092368e-05,-0.01066910879355254,-106786.10799999908
2019-02-20,2019-02-19,1,1,1,TX201903,False,20800.0,0.0,0.0,0.0,0.0,20800.0,9922919.984000001,False,0.0021005602874545008,-0.00859095961233236,-85986.10799999908
2019-02-21,2019-02-20,1,1,1,TX201903,False,15000.0,0.0,0.0,0.0,0.0,15000.0,9937919.984000001,False,0.001511651814605623,-0.007092294337413874,-70986.10799999908
2019-02-22,2019-02-21,1,1,1,TX201903,False,-2800.0,0.0,0.0,0.0,0.0,-2800.0,9935119.984000001,False,-0.0002817490988564997,-0.007372045188732024,-73786.10799999908
2019-02-25,2019-02-22,1,1,1,TX201903,False,11600.0,0.0,0.0,0.0,0.0,11600.0,9946719.984000001,False,0.0011675752299601014,-0.0062130773761284175,-62186.107999999076
2019-02-26,2019-02-25,1,1,1,TX201903,False,-2600.0,0.0,0.0,0.0,0.0,-2600.0,9944119.984000001,False,-0.0002613927007277055,-0.006472846023780954,-64786.107999999076
2019-02-27,2019-02-26,1,1,1,TX201903,False,1400.0,0.0,0.0,0.0,0.0,1400.0,9945519.984000001,False,0.00014078671639648226,-0.006332970598121879,-63386.107999999076
2019-03-04,2019-02-27,1,1,1,TX201903,False,-10200.0,0.0,0.0,0.0,0.0,-10200.0,9935319.984000001,False,-0.0010255874018059788,-0.00735206298506641,-73586.10799999908
2019-03-05,2019-03-04,1,1,1,TX201903,False,-7400.0,0.0,0.0,0.0,0.0,-7400.0,9927919.984000001,False,-0.0007448174806565948,-0.008091404520692902,-80986.10799999908
2019-03-06,2019-03-05,1,1,1,TX201903,False,9600.0,0.0,0.0,0.0,0.0,9600.0,9937519.984000001,False,0.0009669699207358155,-0.007132258744745101,-71386.10799999908
2019-03-07,2019-03-06,1,1,1,TX201903,False,-12000.0,0.0,0.0,0.0,0.0,-12000.0,9925519.984000001,False,-0.0012075447414768186,-0.008331190964679824,-83386.10799999908
2019-03-08,2019-03-07,1,1,1,TX201903,False,-12400.0,0.0,0.0,0.0,0.0,-12400.0,9913119.984000001,False,-0.0012493048243305011,-0.009570087591945664,-95786.10799999908
2019-03-11,2019-03-08,1,1,1,TX201903,False,5800.0,0.0,0.0,0.0,0.0,5800.0,9918919.984000001,False,0.0005850832038108417,-0.008990603685643972,-89986.10799999908
2019-03-12,2019-03-11,1,1,1,TX201903,False,23800.0,0.0,0.0,0.0,0.0,23800.0,9942719.984000001,False,0.0023994547832214873,-0.006612721449440029,-66186.10799999908
2019-03-13,2019-03-12,1,1,1,TX201903,False,3400.0,0.0,0.0,0.0,0.0,3400.0,9946119.984000001,False,0.0003419587402110629,-0.006273023987125148,-62786.107999999076
2019-03-14,2019-03-13,1,1,1,TX201903,False,-5400.0,0.0,0.0,0.0,0.0,-5400.0,9940719.984000001,False,-0.000542925282289657,-0.0068125434860958345,-68186.10799999908
2019-03-15,2019-03-14,1,1,1,TX201903,False,15200.0,0.0,0.0,0.0,0.0,15200.0,9955919.984000001,False,0.0015290642955907647,-0.005293896007511734,-52986.107999999076
2019-03-18,2019-03-15,1,1,1,TX201903,False,12600.0,0.0,0.0,0.0,0.0,12600.0,9968519.984000001,False,0.001265578672814693,-0.00403501717658028,-40386.107999999076
2019-03-19,2019-03-18,1,1,1,TX201904,True,4800.0,100.0,83.98400000000001,800.0,983.984,3816.0159999999996,9972336.000000002,False,0.0003828066760286287,-0.0036537551320646733,-36570.091999998316
2019-03-20,2019-03-19,1,1,1,TX201904,False,3800.0,0.0,0.0,0.0,0.0,3800.0,9976136.000000002,False,0.00038105414819556815,-0.003274093262418676,-32770.091999998316
2019-03-21,2019-03-20,1,1,1,TX201904,False,15200.0,0.0,0.0,0.0,0.0,15200.0,9991336.000000002,False,0.0015236360049622416,-0.001755445783834686,-17570.091999998316
2019-03-22,2019-03-21,1,1,1,TX201904,False,4600.0,0.0,0.0,0.0,0.0,4600.0,9995936.000000002,False,0.0004603988895979476,-0.001295855099526344,-12970.091999998316
2019-03-25,2019-03-22,1,1,1,TX201904,False,-35000.0,0.0,0.0,0.0,0.0,-35000.0,9960936.000000002,False,-0.00350142297829838,-0.004792740741002666,-47970.091999998316
2019-03-26,2019-03-25,1,1,1,TX201904,False,16800.0,0.0,0.0,0.0,0.0,16800.0,9977736.000000002,False,0.0016865884892745017,-0.003114235633093987,-31170.091999998316
2019-03-27,2019-03-26,1,1,1,TX201904,False,-400.0,0.0,0.0,0.0,0.0,-400.0,9977336.000000002,False,-4.008925471670126e-05,-0.0031542000404252146,-31570.091999998316
2019-03-28,2019-03-27,1,1,1,TX201904,False,-5400.0,0.0,0.0,0.0,0.0,-5400.0,9971936.000000002,False,-0.0005412266360479389,-0.00369371953939579,-36970.091999998316
2019-03-29,2019-03-28,1,1,1,TX201904,False,21000.0,0.0,0.0,0.0,0.0,21000.0,9992936.000000002,False,0.002105910025896676,-0.001595588154509997,-15970.091999998316
2019-04-01,2019-03-29,1,1,1,TX201904,False,8000.0,0.0,0.0,0.0,0.0,8000.0,10000936.000000002,False,0.0008005655194829627,-0.0007963000078868854,-7970.091999998316
2019-04-02,2019-04-01,1,1,1,TX201904,False,7600.0,0.0,0.0,0.0,0.0,7600.0,10008536.000000002,False,0.0007599288706577063,-3.697626859489045e-05,-370.09199999831617
2019-04-03,2019-04-02,1,1,1,TX201904,False,3400.0,0.0,0.0,0.0,0.0,3400.0,10011936.000000002,False,0.0003397100235239199,0.0,0.0
2019-04-08,2019-04-03,1,1,1,TX201904,False,15400.0,0.0,0.0,0.0,0.0,15400.0,10027336.000000002,False,0.0015381640473930314,0.0,0.0
2019-04-09,2019-04-08,1,1,1,TX201904,False,14600.0,0.0,0.0,0.0,0.0,14600.0,10041936.000000002,False,0.0014560198242085432,0.0,0.0
2019-04-10,2019-04-09,1,1,1,TX201904,False,3800.0,0.0,0.0,0.0,0.0,3800.0,10045736.000000002,False,0.00037841308687886475,0.0,0.0
2019-04-11,2019-04-10,1,1,1,TX201904,False,-11200.0,0.0,0.0,0.0,0.0,-11200.0,10034536.000000002,False,-0.0011149008892927306,-0.0011149008892927803,-11200.0
2019-04-12,2019-04-11,1,1,1,TX201904,False,-800.0,0.0,0.0,0.0,0.0,-800.0,10033736.000000002,False,-7.972466290419406e-05,-0.001194536667099344,-12000.0
2019-04-15,2019-04-12,1,1,1,TX201904,False,14800.0,0.0,0.0,0.0,0.0,14800.0,10048536.000000002,False,0.001475023859507565,0.0,0.0
2019-04-16,2019-04-15,1,1,1,TX201905,True,11000.0,100.0,87.416,800.0,987.4159999999999,10012.584,10058548.584000003,False,0.0009964221653781205,0.0,0.0
2019-04-17,2019-04-16,1,1,1,TX201905,False,14200.0,0.0,0.0,0.0,0.0,14200.0,10072748.584000003,False,0.0014117344944366774,0.0,0.0
2019-04-18,2019-04-17,1,1,1,TX201905,False,-11000.0,0.0,0.0,0.0,0.0,-11000.0,10061748.584000003,False,-0.0010920554512273725,-0.0010920554512273695,-11000.0
2019-04-19,2019-04-18,1,1,1,TX201905,False,6600.0,0.0,0.0,0.0,0.0,6600.0,10068348.584000003,False,0.0006559496040772865,-0.0004368221804909034,-4400.0
2019-04-22,2019-04-19,1,1,1,TX201905,False,1200.0,0.0,0.0,0.0,0.0,1200.0,10069548.584000003,False,0.00011918538477173564,-0.0003176888585388893,-3200.0
2019-04-23,2019-04-22,1,1,1,TX201905,False,9200.0,0.0,0.0,0.0,0.0,9200.0,10078748.584000003,False,0.0009136457233662221,0.0,0.0
2019-04-24,2019-04-23,1,1,1,TX201905,False,-3000.0,0.0,0.0,0.0,0.0,-3000.0,10075748.584000003,False,-0.0002976560011391191,-0.0002976560011390683,-3000.0
2019-04-25,2019-04-24,1,1,1,TX201905,False,4400.0,0.0,0.0,0.0,0.0,4400.0,10080148.584000003,False,0.00043669211903392196,0.0,0.0
2019-04-26,2019-04-25,1,1,1,TX201905,False,-19600.0,0.0,0.0,0.0,0.0,-19600.0,10060548.584000003,False,-0.0019444157828298928,-0.0019444157828298891,-19600.0
2019-04-29,2019-04-26,1,1,1,TX201905,False,-200.0,0.0,0.0,0.0,0.0,-200.0,10060348.584000003,False,-1.9879631645343283e-05,-0.0019642567602057293,-19800.0
2019-04-30,2019-04-29,1,1,1,TX201905,False,4000.0,0.0,0.0,0.0,0.0,4000.0,10064348.584000003,False,0.0003976005370590844,-0.001567437212689371,-15800.0
2019-05-02,2019-04-30,1,1,1,TX201905,False,5200.0,0.0,0.0,0.0,0.0,5200.0,10069548.584000003,False,0.0005166752678128422,-0.001051571800918194,-10600.0
2019-05-03,2019-05-02,1,1,1,TX201905,False,22800.0,0.0,0.0,0.0,0.0,22800.0,10092348.584000003,False,0.0022642524448641156,0.0,0.0
2019-05-06,2019-05-03,1,1,1,TX201905,False,-47000.0,0.0,0.0,0.0,0.0,-47000.0,10045348.584000003,False,-0.004656993326064052,-0.004656993326064063,-47000.0
2019-05-07,2019-05-06,0,1,0,,False,8600.0,50.0,43.592000000000006,400.0,493.592,8106.407999999999,10053454.992000002,False,0.0008069812542803838,-0.0038537701780991807,-38893.59200000018
2019-05-08,2019-05-07,1,0,1,TX201905,False,8800.0,50.0,43.404,400.0,493.404,8306.596,10061761.588000003,False,0.0008262429191367486,-0.003030711409283904,-30586.995999999344
2019-05-09,2019-05-08,0,1,0,,False,-7800.0,50.0,43.408,400.0,493.408,-8293.408,10053468.180000003,False,-0.0008242501004884669,-0.0038524634455887607,-38880.403999999166
2019-05-10,2019-05-09,0,0,0,,False,0.0,0.0,0.0,0.0,0.0,0.0,10053468.180000003,False,0.0,-0.0038524634455887607,-38880.403999999166
2019-05-13,2019-05-10,0,0,0,,False,0.0,0.0,0.0,0.0,0.0,0.0,10053468.180000003,False,0.0,-0.0038524634455887607,-38880.403999999166
2019-05-14,2019-05-13,0,0,0,,False,0.0,0.0,0.0,0.0,0.0,0.0,10053468.180000003,False,0.0,-0.0038524634455887607,-38880.403999999166
2019-05-15,2019-05-14,0,0,0,,False,0.0,0.0,0.0,0.0,0.0,0.0,10053468.180000003,False,0.0,-0.0038524634455887607,-38880.403999999166
2019-05-16,2019-05-15,0,0,0,,False,0.0,0.0,0.0,0.0,0.0,0.0,10053468.180000003,False,0.0,-0.0038524634455887607,-38880.403999999166
2019-05-17,2019-05-16,0,0,0,,False,0.0,0.0,0.0,0.0,0.0,0.0,10053468.180000003,False,0.0,-0.0038524634455887607,-38880.403999999166
2019-05-20,2019-05-17,0,0,0,,False,0.0,0.0,0.0,0.0,0.0,0.0,10053468.180000003,False,0.0,-0.0038524634455887607,-38880.403999999166
2019-05-21,2019-05-20,0,0,0,,False,0.0,0.0,0.0,0.0,0.0,0.0,10053468.180000003,False,0.0,-0.0038524634455887607,-38880.403999999166
2019-05-22,2019-05-21,0,0,0,,False,0.0,0.0,0.0,0.0,0.0,0.0,10053468.180000003,False,0.0,-0.0038524634455887607,-38880.403999999166
2019-05-23,2019-05-22,0,0,0,,False,0.0,0.0,0.0,0.0,0.0,0.0,10053468.180000003,False,0.0,-0.0038524634455887607,-38880.403999999166
2019-05-24,2019-05-23,0,0,0,,False,0.0,0.0,0.0,0.0,0.0,0.0,10053468.180000003,False,0.0,-0.0038524634455887607,-38880.403999999166
2019-05-27,2019-05-24,0,0,0,,False,0.0,0.0,0.0,0.0,0.0,0.0,10053468.180000003,False,0.0,-0.0038524634455887607,-38880.403999999166
2019-05-28,2019-05-27,0,0,0,,False,0.0,0.0,0.0,0.0,0.0,0.0,10053468.180000003,False,0.0,-0.0038524634455887607,-38880.403999999166
2019-05-29,2019-05-28,0,0,0,,False,0.0,0.0,0.0,0.0,0.0,0.0,10053468.180000003,False,0.0,-0.0038524634455887607,-38880.403999999166
2019-05-30,2019-05-29,0,0,0,,False,0.0,0.0,0.0,0.0,0.0,0.0,10053468.180000003,False,0.0,-0.0038524634455887607,-38880.403999999166
2019-05-31,2019-05-30,0,0,0,,False,0.0,0.0,0.0,0.0,0.0,0.0,10053468.180000003,False,0.0,-0.0038524634455887607,-38880.403999999166
2019-06-03,2019-05-31,0,0,0,,False,0.0,0.0,0.0,0.0,0.0,0.0,10053468.180000003,False,0.0,-0.0038524634455887607,-38880.403999999166
2019-06-04,2019-06-03,0,0,0,,False,0.0,0.0,0.0,0.0,0.0,0.0,10053468.180000003,False,0.0,-0.0038524634455887607,-38880.403999999166
2019-06-05,2019-06-04,0,0,0,,False,0.0,0.0,0.0,0.0,0.0,0.0,10053468.180000003,False,0.0,-0.0038524634455887607,-38880.403999999166
2019-06-06,2019-06-05,0,0,0,,False,0.0,0.0,0.0,0.0,0.0,0.0,10053468.180000003,False,0.0,-0.0038524634455887607,-38880.403999999166
2019-06-10,2019-06-06,0,0,0,,False,0.0,0.0,0.0,0.0,0.0,0.0,10053468.180000003,False,0.0,-0.0038524634455887607,-38880.403999999166
2019-06-11,2019-06-10,1,0,1,TX201906,False,7400.0,50.0,42.228,400.0,492.228,6907.772,10060375.952000003,False,0.0006871033832625109,-0.0031680071029935863,-31972.631999999285
2019-06-12,2019-06-11,1,1,1,TX201906,False,0.0,0.0,0.0,0.0,0.0,0.0,10060375.952000003,False,0.0,-0.0031680071029935863,-31972.631999999285
2019-06-13,2019-06-12,1,1,1,TX201906,False,-12600.0,0.0,0.0,0.0,0.0,-12600.0,10047775.952000003,False,-0.0012524382846244547,-0.0044164776542362505,-44572.631999999285
2019-06-14,2019-06-13,1,1,1,TX201906,False,0.0,0.0,0.0,0.0,0.0,0.0,10047775.952000003,False,0.0,-0.0044164776542362505,-44572.631999999285
2019-06-17,2019-06-14,1,1,1,TX201906,False,3200.0,0.0,0.0,0.0,0.0,3200.0,10050975.952000003,False,0.00031847843893882227,-0.004099405768206443,-41372.631999999285
2019-06-18,2019-06-17,1,1,1,TX201907,True,1600.0,100.0,83.56400000000001,800.0,983.5640000000001,616.4359999999999,10051592.388000004,False,6.133095959475833e-05,-0.004038326229101052,-40756.1959999986
2019-06-19,2019-06-18,1,1,1,TX201907,False,49400.0,0.0,0.0,0.0,0.0,49400.0,10100992.388000004,False,0.004914644177073446,0.0,0.0
2019-06-20,2019-06-19,1,1,1,TX201907,False,1200.0,0.0,0.0,0.0,0.0,1200.0,10102192.388000004,False,0.00011880020832661967,0.0,0.0
2019-06-21,2019-06-20,1,1,1,TX201907,False,-1200.0,0.0,0.0,0.0,0.0,-1200.0,10100992.388000004,False,-0.00011878609651360756,-0.00011878609651361227,-1200.0
2019-06-24,2019-06-21,1,1,1,TX201907,False,7600.0,0.0,0.0,0.0,0.0,7600.0,10108592.388000004,False,0.0007524013194019246,0.0,0.0
2019-06-25,2019-06-24,1,1,1,TX201907,False,-16600.0,0.0,0.0,0.0,0.0,-16600.0,10091992.388000004,False,-0.0016421673129985933,-0.0016421673129985992,-16600.0
2019-06-26,2019-06-25,1,1,1,TX201907,False,-7400.0,0.0,0.0,0.0,0.0,-7400.0,10084592.388000004,False,-0.0007332546156890736,-0.0023742178019257043,-24000.0
2019-06-27,2019-06-26,0,1,0,,False,6400.0,50.0,42.132000000000005,400.0,492.132,5907.868,10090500.256000005,False,0.0005858311147042464,-0.0017897775778827896,-18092.131999999285
2019-06-28,2019-06-27,1,0,1,TX201907,False,-8200.0,50.0,42.492000000000004,400.0,492.492,-8692.492,10081807.764000004,False,-0.0008614530280430129,-0.002649688796611871,-26784.623999999836
2019-07-01,2019-06-28,1,1,1,TX201907,False,37400.0,0.0,0.0,0.0,0.0,37400.0,10119207.764000004,False,0.0037096521651154134,0.0,0.0
2019-07-02,2019-07-01,1,1,1,TX201907,False,-3600.0,0.0,0.0,0.0,0.0,-3600.0,10115607.764000004,False,-0.00035575907560741316,-0.00035575907560736475,-3600.0
2019-07-03,2019-07-02,1,1,1,TX201907,False,-21600.0,0.0,0.0,0.0,0.0,-21600.0,10094007.764000004,False,-0.0021353141110187464,-0.0024903135292518863,-25200.0
2019-07-04,2019-07-03,1,1,1,TX201907,False,13800.0,0.0,0.0,0.0,0.0,13800.0,10107807.764000004,False,0.001367147749699313,-0.0011265704060900994,-11400.0
2019-07-05,2019-07-04,1,1,1,TX201907,False,1600.0,0.0,0.0,0.0,0.0,1600.0,10109407.764000004,False,0.00015829347345707983,-0.0009684552613757891,-9800.0
2019-07-08,2019-07-05,1,1,1,TX201907,False,-10600.0,0.0,0.0,0.0,0.0,-10600.0,10098807.764000004,False,-0.0010485282864686708,-0.0020159680951086223,-20400.0
2019-07-09,2019-07-08,1,1,1,TX201907,False,-3000.0,0.0,0.0,0.0,0.0,-3000.0,10095807.764000004,False,-0.00029706476943687656,-0.002312433991448204,-23400.0
2019-07-10,2019-07-09,1,1,1,TX201907,False,16200.0,0.0,0.0,0.0,0.0,16200.0,10112007.764000004,False,0.0016046264329404672,-0.0007115181512148405,-7200.0
2019-07-11,2019-07-10,1,1,1,TX201907,False,16600.0,0.0,0.0,0.0,0.0,16600.0,10128607.764000004,False,0.00164161266361939,0.0,0.0
2019-07-12,2019-07-11,1,1,1,TX201907,False,-800.0,0.0,0.0,0.0,0.0,-800.0,10127807.764000004,False,-7.898420184099052e-05,-7.898420184093702e-05,-800.0
2019-07-15,2019-07-12,1,1,1,TX201907,False,7800.0,0.0,0.0,0.0,0.0,7800.0,10135607.764000004,False,0.0007701567981696534,0.0,0.0
2019-07-16,2019-07-15,1,1,1,TX201908,True,5400.0,100.0,86.412,800.0,986.412,4413.588,10140021.352000004,False,0.00043545370961140895,0.0,0.0
2019-07-17,2019-07-16,1,1,1,TX201908,False,-12200.0,0.0,0.0,0.0,0.0,-12200.0,10127821.352000004,False,-0.001203153285036593,-0.0012031532850366178,-12200.0
2019-07-18,2019-07-17,1,1,1,TX201908,False,-3000.0,0.0,0.0,0.0,0.0,-3000.0,10124821.352000004,False,-0.0002962137557262077,-0.0014990106502095202,-15200.0
2019-07-19,2019-07-18,0,1,0,,False,21200.0,50.0,43.02,400.0,493.02,20706.98,10145528.332000004,False,0.002045169912643412,0.0,0.0
2019-07-22,2019-07-19,1,0,1,TX201908,False,11800.0,50.0,42.948,400.0,492.948,11307.052,10156835.384000003,False,0.0011144862672490337,0.0,0.0
2019-07-23,2019-07-22,1,1,1,TX201908,False,1800.0,0.0,0.0,0.0,0.0,1800.0,10158635.384000003,False,0.00017722055462624986,0.0,0.0
2019-07-24,2019-07-23,1,1,1,TX201908,False,200.0,0.0,0.0,0.0,0.0,200.0,10158835.384000003,False,1.9687683674029966e-05,0.0,0.0
2019-07-25,2019-07-24,1,1,1,TX201908,False,3600.0,0.0,0.0,0.0,0.0,3600.0,10162435.384000003,False,0.0003543713293819034,0.0,0.0
2019-07-26,2019-07-25,1,1,1,TX201908,False,-7000.0,0.0,0.0,0.0,0.0,-7000.0,10155435.384000003,False,-0.0006888112677223983,-0.0006888112677223557,-7000.0
2019-07-29,2019-07-26,1,1,1,TX201908,False,-1000.0,0.0,0.0,0.0,0.0,-1000.0,10154435.384000003,False,-9.846943653203788e-05,-0.0007872128773970255,-8000.0
2019-07-30,2019-07-29,1,1,1,TX201908,False,-6000.0,0.0,0.0,0.0,0.0,-6000.0,10148435.384000003,False,-0.0005908748023010708,-0.0013776225354448224,-14000.0
2019-07-31,2019-07-30,0,1,0,,False,-6200.0,50.0,42.876000000000005,400.0,492.876,-6692.876,10141742.508000003,False,-0.0006594983114886824,-0.002036212307197527,-20692.876000000164
2019-08-01,2019-07-31,0,0,0,,False,0.0,0.0,0.0,0.0,0.0,0.0,10141742.508000003,False,0.0,-0.002036212307197527,-20692.876000000164
2019-08-02,2019-08-01,0,0,0,,False,0.0,0.0,0.0,0.0,0.0,0.0,10141742.508000003,False,0.0,-0.002036212307197527,-20692.876000000164
2019-08-05,2019-08-02,0,0,0,,False,0.0,0.0,0.0,0.0,0.0,0.0,10141742.508000003,False,0.0,-0.002036212307197527,-20692.876000000164
2019-08-06,2019-08-05,0,0,0,,False,0.0,0.0,0.0,0.0,0.0,0.0,10141742.508000003,False,0.0,-0.002036212307197527,-20692.876000000164
2019-08-07,2019-08-06,0,0,0,,False,0.0,0.0,0.0,0.0,0.0,0.0,10141742.508000003,False,0.0,-0.002036212307197527,-20692.876000000164
2019-08-08,2019-08-07,0,0,0,,False,0.0,0.0,0.0,0.0,0.0,0.0,10141742.508000003,False,0.0,-0.002036212307197527,-20692.876000000164
2019-08-12,2019-08-08,0,0,0,,False,0.0,0.0,0.0,0.0,0.0,0.0,10141742.508000003,False,0.0,-0.002036212307197527,-20692.876000000164
2019-08-13,2019-08-12,0,0,0,,False,0.0,0.0,0.0,0.0,0.0,0.0,10141742.508000003,False,0.0,-0.002036212307197527,-20692.876000000164
2019-08-14,2019-08-13,0,0,0,,False,0.0,0.0,0.0,0.0,0.0,0.0,10141742.508000003,False,0.0,-0.002036212307197527,-20692.876000000164
2019-08-15,2019-08-14,0,0,0,,False,0.0,0.0,0.0,0.0,0.0,0.0,10141742.508000003,False,0.0,-0.002036212307197527,-20692.876000000164
2019-08-16,2019-08-15,0,0,0,,False,0.0,0.0,0.0,0.0,0.0,0.0,10141742.508000003,False,0.0,-0.002036212307197527,-20692.876000000164
2019-08-19,2019-08-16,0,0,0,,False,0.0,0.0,0.0,0.0,0.0,0.0,10141742.508000003,False,0.0,-0.002036212307197527,-20692.876000000164
2019-08-20,2019-08-19,0,0,0,,False,0.0,0.0,0.0,0.0,0.0,0.0,10141742.508000003,False,0.0,-0.002036212307197527,-20692.876000000164
2019-08-21,2019-08-20,0,0,0,,False,0.0,0.0,0.0,0.0,0.0,0.0,10141742.508000003,False,0.0,-0.002036212307197527,-20692.876000000164
2019-08-22,2019-08-21,0,0,0,,False,0.0,0.0,0.0,0.0,0.0,0.0,10141742.508000003,False,0.0,-0.002036212307197527,-20692.876000000164
2019-08-23,2019-08-22,0,0,0,,False,0.0,0.0,0.0,0.0,0.0,0.0,10141742.508000003,False,0.0,-0.002036212307197527,-20692.876000000164
2019-08-26,2019-08-23,0,0,0,,False,0.0,0.0,0.0,0.0,0.0,0.0,10141742.508000003,False,0.0,-0.002036212307197527,-20692.876000000164
2019-08-27,2019-08-26,0,0,0,,False,0.0,0.0,0.0,0.0,0.0,0.0,10141742.508000003,False,0.0,-0.002036212307197527,-20692.876000000164
2019-08-28,2019-08-27,0,0,0,,False,0.0,0.0,0.0,0.0,0.0,0.0,10141742.508000003,False,0.0,-0.002036212307197527,-20692.876000000164
2019-08-29,2019-08-28,0,0,0,,False,0.0,0.0,0.0,0.0,0.0,0.0,10141742.508000003,False,0.0,-0.002036212307197527,-20692.876000000164
2019-08-30,2019-08-29,1,0,1,TX201909,False,11200.0,50.0,42.088,400.0,492.08799999999997,10707.912,10152450.420000004,False,0.0010558256622620217,-0.00098253653014313,-9984.963999999687
2019-09-02,2019-08-30,1,1,1,TX201909,False,5800.0,0.0,0.0,0.0,0.0,5800.0,10158250.420000004,False,0.0005712906500458436,-0.0004118071940303336,-4184.963999999687
2019-09-03,2019-09-02,1,1,1,TX201909,False,-12400.0,0.0,0.0,0.0,0.0,-12400.0,10145850.420000004,False,-0.0012206826458605847,-0.0016319871539957065,-16584.963999999687
2019-09-04,2019-09-03,1,1,1,TX201909,False,20200.0,0.0,0.0,0.0,0.0,20200.0,10166050.420000004,False,0.0019909617394103067,0.0,0.0
2019-09-05,2019-09-04,1,1,1,TX201909,False,18200.0,0.0,0.0,0.0,0.0,18200.0,10184250.420000004,False,0.0017902724507636264,0.0,0.0
2019-09-06,2019-09-05,1,1,1,TX201909,False,6600.0,0.0,0.0,0.0,0.0,6600.0,10190850.420000004,False,0.0006480594769192643,0.0,0.0
2019-09-09,2019-09-06,1,1,1,TX201909,False,4800.0,0.0,0.0,0.0,0.0,4800.0,10195650.420000004,False,0.00047101074024006706,0.0,0.0
2019-09-10,2019-09-09,1,1,1,TX201909,False,-9800.0,0.0,0.0,0.0,0.0,-9800.0,10185850.420000004,False,-0.000961194195200741,-0.0009611941952006875,-9800.0
2019-09-11,2019-09-10,1,1,1,TX201909,False,6000.0,0.0,0.0,0.0,0.0,6000.0,10191850.420000004,False,0.0005890524357415409,-0.0003727079532410693,-3800.0
2019-09-12,2019-09-11,1,1,1,TX201909,False,10200.0,0.0,0.0,0.0,0.0,10200.0,10202050.420000004,False,0.001000799617308355,0.0,0.0
2019-09-16,2019-09-12,1,1,1,TX201909,False,11400.0,0.0,0.0,0.0,0.0,11400.0,10213450.420000004,False,0.0011174224328132653,0.0,0.0
2019-09-17,2019-09-16,1,1,1,TX201910,True,-3600.0,100.0,86.808,800.0,986.808,-4586.808,10208863.612000003,False,-0.0004490948515320642,-0.0004490948515321058,-4586.808000000194
2019-09-18,2019-09-17,1,1,1,TX201910,False,11200.0,0.0,0.0,0.0,0.0,11200.0,10220063.612000003,False,0.0010970858682875307,0.0,0.0
2019-09-19,2019-09-18,1,1,1,TX201910,False,-5000.0,0.0,0.0,0.0,0.0,-5000.0,10215063.612000003,False,-0.0004892337454856145,-0.0004892337454855955,-5000.0
2019-09-20,2019-09-19,1,1,1,TX201910,False,6200.0,0.0,0.0,0.0,0.0,6200.0,10221263.612000003,False,0.0006069467832502419,0.0,0.0
2019-09-23,2019-09-20,1,1,1,TX201910,False,-1400.0,0.0,0.0,0.0,0.0,-1400.0,10219863.612000003,False,-0.00013696936632730684,-0.00013696936632734413,-1400.0
2019-09-24,2019-09-23,1,1,1,TX201910,False,2800.0,0.0,0.0,0.0,0.0,2800.0,10222663.612000003,False,0.0002739762590091989,0.0,0.0
2019-09-25,2019-09-24,1,1,1,TX201910,False,-13400.0,0.0,0.0,0.0,0.0,-13400.0,10209263.612000003,False,-0.001310812965054454,-0.0013108129650544198,-13400.0
2019-09-26,2019-09-25,1,1,1,TX201910,False,400.0,0.0,0.0,0.0,0.0,400.0,10209663.612000003,False,3.9180103012507054e-05,-0.001271684219828928,-13000.0
2019-09-27,2019-09-26,1,1,1,TX201910,False,-3800.0,0.0,0.0,0.0,0.0,-3800.0,10205863.612000003,False,-0.00037219639592568377,-0.0016434072994712112,-16800.0
2019-10-01,2019-09-27,1,1,1,TX201910,False,26000.0,0.0,0.0,0.0,0.0,26000.0,10231863.612000003,False,0.0025475551103220045,0.0,0.0
2019-10-02,2019-10-01,1,1,1,TX201910,False,-6400.0,0.0,0.0,0.0,0.0,-6400.0,10225463.612000003,False,-0.0006254970006142413,-0.0006254970006142058,-6400.0
2019-10-03,2019-10-02,1,1,1,TX201910,False,-14200.0,0.0,0.0,0.0,0.0,-14200.0,10211263.612000003,False,-0.0013886900915999266,-0.0020133184707270546,-20600.0
2019-10-04,2019-10-03,1,1,1,TX201910,False,5800.0,0.0,0.0,0.0,0.0,5800.0,10217063.612000003,False,0.0005680002221452784,-0.0014464618139203855,-14800.0
2019-10-07,2019-10-04,1,1,1,TX201910,False,7000.0,0.0,0.0,0.0,0.0,7000.0,10224063.612000003,False,0.0006851283564270322,-0.0007623244694986431,-7800.0
2019-10-08,2019-10-07,1,1,1,TX201910,False,17200.0,0.0,0.0,0.0,0.0,17200.0,10241263.612000003,False,0.0016823056519144038,0.0,0.0
2019-10-09,2019-10-08,1,1,1,TX201910,False,-24200.0,0.0,0.0,0.0,0.0,-24200.0,10217063.612000003,False,-0.0023629896579992447,-0.0023629896579991927,-24200.0
2019-10-14,2019-10-09,1,1,1,TX201910,False,39200.0,0.0,0.0,0.0,0.0,39200.0,10256263.612000003,False,0.0038367187959913807,0.0,0.0
2019-10-15,2019-10-14,1,1,1,TX201911,True,6400.0,100.0,88.78,800.0,988.78,5411.22,10261674.832000004,False,0.0005276014935564625,0.0,0.0
2019-10-16,2019-10-15,1,1,1,TX201911,False,8800.0,0.0,0.0,0.0,0.0,8800.0,10270474.832000004,False,0.0008575598178728177,0.0,0.0
2019-10-17,2019-10-16,1,1,1,TX201911,False,5200.0,0.0,0.0,0.0,0.0,5200.0,10275674.832000004,False,0.0005063057049512663,0.0,0.0
2019-10-18,2019-10-17,1,1,1,TX201911,False,-1400.0,0.0,0.0,0.0,0.0,-1400.0,10274274.832000004,False,-0.00013624409324827877,-0.00013624409324830555,-1400.0
2019-10-21,2019-10-18,1,1,1,TX201911,False,1000.0,0.0,0.0,0.0,0.0,1000.0,10275274.832000004,False,9.73304701647093e-05,-3.892688378526188e-05,-400.0
2019-10-22,2019-10-21,1,1,1,TX201911,False,17400.0,0.0,0.0,0.0,0.0,17400.0,10292674.832000004,False,0.0016933853628724033,0.0,0.0
2019-10-23,2019-10-22,1,1,1,TX201911,False,-8200.0,0.0,0.0,0.0,0.0,-8200.0,10284474.832000004,False,-0.000796683091017909,-0.0007966830910178802,-8200.0
2019-10-24,2019-10-23,1,1,1,TX201911,False,17800.0,0.0,0.0,0.0,0.0,17800.0,10302274.832000004,False,0.0017307641168623935,0.0,0.0
2019-10-25,2019-10-24,1,1,1,TX201911,False,-1200.0,0.0,0.0,0.0,0.0,-1200.0,10301074.832000004,False,-0.00011647912908250782,-0.00011647912908252511,-1200.0
2019-10-28,2019-10-25,1,1,1,TX201911,False,5400.0,0.0,0.0,0.0,0.0,5400.0,10306474.832000004,False,0.0005242171412273455,0.0,0.0
2019-10-29,2019-10-28,1,1,1,TX201911,False,3000.0,0.0,0.0,0.0,0.0,3000.0,10309474.832000004,False,0.0002910791564430416,0.0,0.0
2019-10-30,2019-10-29,1,1,1,TX201911,False,2400.0,0.0,0.0,0.0,0.0,2400.0,10311874.832000004,False,0.00023279556321826803,0.0,0.0
2019-10-31,2019-10-30,1,1,1,TX201911,False,1600.0,0.0,0.0,0.0,0.0,1600.0,10313474.832000004,False,0.0001551609213714319,0.0,0.0
2019-11-01,2019-10-31,1,1,1,TX201911,False,5000.0,0.0,0.0,0.0,0.0,5000.0,10318474.832000004,False,0.0004848026568588031,0.0,0.0
2019-11-04,2019-11-01,1,1,1,TX201911,False,34600.0,0.0,0.0,0.0,0.0,34600.0,10353074.832000004,False,0.0033532087409562997,0.0,0.0
2019-11-05,2019-11-04,1,1,1,TX201911,False,20200.0,0.0,0.0,0.0,0.0,20200.0,10373274.832000004,False,0.0019511111749684678,0.0,0.0
2019-11-06,2019-11-05,1,1,1,TX201911,False,1600.0,0.0,0.0,0.0,0.0,1600.0,10374874.832000004,False,0.00015424251510855945,0.0,0.0
2019-11-07,2019-11-06,1,1,1,TX201911,False,-11400.0,0.0,0.0,0.0,0.0,-11400.0,10363474.832000004,False,-0.0010988084371715142,-0.0010988084371714724,-11400.0
2019-11-08,2019-11-07,1,1,1,TX201911,False,-4600.0,0.0,0.0,0.0,0.0,-4600.0,10358874.832000004,False,-0.00044386656739844323,-0.0015421872802406922,-16000.0
2019-11-11,2019-11-08,1,1,1,TX201911,False,-27200.0,0.0,0.0,0.0,0.0,-27200.0,10331674.832000004,False,-0.0026257678021145135,-0.004163905656649924,-43200.0
2019-11-12,2019-11-11,1,1,1,TX201911,False,17200.0,0.0,0.0,0.0,0.0,17200.0,10348874.832000004,False,0.001664783326971047,-0.002506054330391194,-26000.0
2019-11-13,2019-11-12,1,1,1,TX201911,False,-11400.0,0.0,0.0,0.0,0.0,-11400.0,10337474.832000004,False,-0.0011015690290068817,-0.0036048627675626665,-37400.0
2019-11-14,2019-11-13,1,1,1,TX201911,False,-2000.0,0.0,0.0,0.0,0.0,-2000.0,10335474.832000004,False,-0.0001934708458790083,-0.003797636177592767,-39400.0
2019-11-15,2019-11-14,1,1,1,TX201911,False,15200.0,0.0,0.0,0.0,0.0,15200.0,10350674.832000004,False,0.0014706629590871606,-0.002332558261364137,-24200.0
2019-11-18,2019-11-15,1,1,1,TX201911,False,12200.0,0.0,0.0,0.0,0.0,12200.0,10362874.832000004,False,0.0011786671108904559,-0.0011566404601804914,-12000.0
2019-11-19,2019-11-18,1,1,1,TX201912,True,10200.0,100.0,93.13600000000001,800.0,993.136,9206.864,10372081.696000004,False,0.0008884468981107149,-0.00026922117569894155,-2793.1359999999404
2019-11-20,2019-11-19,1,1,1,TX201912,False,-7800.0,0.0,0.0,0.0,0.0,-7800.0,10364281.696000004,False,-0.0007520187584916606,-0.0010210374748162998,-10593.13599999994
2019-11-21,2019-11-20,1,1,1,TX201912,False,-11400.0,0.0,0.0,0.0,0.0,-11400.0,10352881.696000004,False,-0.0010999315084613845,-0.002119845911987772,-21993.13599999994
2019-11-22,2019-11-21,1,1,1,TX201912,False,2400.0,0.0,0.0,0.0,0.0,2400.0,10355281.696000004,False,0.00023181951368451135,-0.001888517819951696,-19593.13599999994
2019-11-25,2019-11-22,1,1,1,TX201912,False,1800.0,0.0,0.0,0.0,0.0,1800.0,10357081.696000004,False,0.0001738243393895597,-0.001715021750924528,-17793.13599999994
2019-11-26,2019-11-25,1,1,1,TX201912,False,10600.0,0.0,0.0,0.0,0.0,10600.0,10367681.696000004,False,0.0010234543195786331,-0.000693322677765118,-7193.13599999994
2019-11-27,2019-11-26,1,1,1,TX201912,False,5800.0,0.0,0.0,0.0,0.0,5800.0,10373481.696000004,False,0.000559430755116423,-0.00013427978867786017,-1393.1359999999404
2019-11-28,2019-11-27,1,1,1,TX201912,False,-6600.0,0.0,0.0,0.0,0.0,-6600.0,10366881.696000004,False,-0.0006362376869614517,-0.0007704320417771804,-7993.13599999994
2019-11-29,2019-11-28,1,1,1,TX201912,False,-29800.0,0.0,0.0,0.0,0.0,-29800.0,10337081.696000004,False,-0.0028745384459724415,-0.003642755851225421,-37793.13599999994
2019-12-02,2019-11-29,0,1,0,,False,12400.0,50.0,46.1,400.0,496.1,11903.9,10348985.596000005,False,0.001151572595639472,-0.0024953781533968433,-25889.235999999568
2019-12-03,2019-12-02,0,0,0,,False,0.0,0.0,0.0,0.0,0.0,0.0,10348985.596000005,False,0.0,-0.0024953781533968433,-25889.235999999568
2019-12-04,2019-12-03,0,0,0,,False,0.0,0.0,0.0,0.0,0.0,0.0,10348985.596000005,False,0.0,-0.0024953781533968433,-25889.235999999568
2019-12-05,2019-12-04,0,0,0,,False,0.0,0.0,0.0,0.0,0.0,0.0,10348985.596000005,False,0.0,-0.0024953781533968433,-25889.235999999568
2019-12-06,2019-12-05,1,0,1,TX201912,False,-6600.0,50.0,46.588,400.0,496.58799999999997,-7096.588,10341889.008000005,False,-0.000685727884551594,-0.0031793948875661338,-32985.82399999909
2019-12-09,2019-12-06,1,1,1,TX201912,False,11800.0,0.0,0.0,0.0,0.0,11800.0,10353689.008000005,False,0.001140990779428407,-0.0020420317683885747,-21185.82399999909
2019-12-10,2019-12-09,1,1,1,TX201912,False,-9200.0,0.0,0.0,0.0,0.0,-9200.0,10344489.008000005,False,-0.0008885721787559408,-0.0029287894545270143,-30385.82399999909
2019-12-11,2019-12-10,1,1,1,TX201912,False,16200.0,0.0,0.0,0.0,0.0,16200.0,10360689.008000005,False,0.001566051255646517,-0.0013673248332832788,-14185.823999999091
2019-12-12,2019-12-11,1,1,1,TX201912,False,29400.0,0.0,0.0,0.0,0.0,29400.0,10390089.008000005,False,0.0028376491155461567,0.0,0.0
2019-12-13,2019-12-12,1,1,1,TX201912,False,22400.0,0.0,0.0,0.0,0.0,22400.0,10412489.008000005,False,0.0021559006840800674,0.0,0.0
2019-12-16,2019-12-13,1,1,1,TX201912,False,-800.0,0.0,0.0,0.0,0.0,-800.0,10411689.008000005,False,-7.683081339969273e-05,-7.683081339970865e-05,-800.0
2019-12-17,2019-12-16,1,1,1,TX202001,True,27800.0,100.0,96.76,800.0,996.76,26803.24,10438492.248000005,False,0.002574341202412525,0.0,0.0
2019-12-18,2019-12-17,1,1,1,TX202001,False,800.0,0.0,0.0,0.0,0.0,800.0,10439292.248000005,False,7.663942080842934e-05,0.0,0.0
2019-12-19,2019-12-18,1,1,1,TX202001,False,-12800.0,0.0,0.0,0.0,0.0,-12800.0,10426492.248000005,False,-0.0012261367625235578,-0.0012261367625235886,-12800.0
2019-12-20,2019-12-19,1,1,1,TX202001,False,-10200.0,0.0,0.0,0.0,0.0,-10200.0,10416292.248000005,False,-0.000978277234316896,-0.002203214495159478,-23000.0
2019-12-23,2019-12-20,1,1,1,TX202001,False,8200.0,0.0,0.0,0.0,0.0,8200.0,10424492.248000005,False,0.0007872282962850291,-0.0014177206316678959,-14800.0
2019-12-24,2019-12-23,1,1,1,TX202001,False,-7400.0,0.0,0.0,0.0,0.0,-7400.0,10417092.248000005,False,-0.0007098667085123239,-0.002126580947501844,-22200.0
2019-12-25,2019-12-24,1,1,1,TX202001,False,7400.0,0.0,0.0,0.0,0.0,7400.0,10424492.248000005,False,0.0007103709772197455,-0.0014177206316678959,-14800.0
2019-12-26,2019-12-25,1,1,1,TX202001,False,-2200.0,0.0,0.0,0.0,0.0,-2200.0,10422292.248000005,False,-0.00021104145388204225,-0.0016284628877265561,-17000.0
2019-12-27,2019-12-26,1,1,1,TX202001,False,17600.0,0.0,0.0,0.0,0.0,17600.0,10439892.248000005,False,0.0016886880142300143,0.0,0.0
2019-12-30,2019-12-27,1,1,1,TX202001,False,-5600.0,0.0,0.0,0.0,0.0,-5600.0,10434292.248000005,False,-0.0005364040036977206,-0.0005364040036976991,-5600.0
2019-12-31,2019-12-30,1,1,1,TX202001,False,-14800.0,0.0,0.0,0.0,0.0,-14800.0,10419492.248000005,False,-0.0014183999880621316,-0.001954043156327412,-20400.0
2020-01-02,2019-12-31,1,1,1,TX202001,False,21400.0,0.0,0.0,0.0,0.0,21400.0,10440892.248000005,False,0.0020538428831892146,0.0,0.0
2020-01-03,2020-01-02,1,1,1,TX202001,False,-3200.0,0.0,0.0,0.0,0.0,-3200.0,10437692.248000005,False,-0.00030648721622550726,-0.0003064872162255039,-3200.0
2020-01-06,2020-01-03,1,1,1,TX202001,False,-27200.0,0.0,0.0,0.0,0.0,-27200.0,10410492.248000005,False,-0.002605940025220792,-0.002911628554142287,-30400.0
2020-01-07,2020-01-06,0,1,0,,False,9000.0,50.0,47.972,400.0,497.972,8502.028,10418994.276000006,False,0.0008166787695974082,-0.0020973276497699977,-21897.971999999136
2020-01-08,2020-01-07,0,0,0,,False,0.0,0.0,0.0,0.0,0.0,0.0,10418994.276000006,False,0.0,-0.0020973276497699977,-21897.971999999136
2020-01-09,2020-01-08,0,0,0,,False,0.0,0.0,0.0,0.0,0.0,0.0,10418994.276000006,False,0.0,-0.0020973276497699977,-21897.971999999136
2020-01-10,2020-01-09,0,0,0,,False,0.0,0.0,0.0,0.0,0.0,0.0,10418994.276000006,False,0.0,-0.0020973276497699977,-21897.971999999136
2020-01-13,2020-01-10,1,0,1,TX202001,False,6400.0,50.0,48.348000000000006,400.0,498.348,5901.652,10424895.928000007,False,0.0005664320224836254,-0.0015320836208286837,-15996.319999998435
2020-01-14,2020-01-13,1,1,1,TX202002,True,12800.0,100.0,97.34400000000001,800.0,997.344,11802.656,10436698.584000006,False,0.0011321605588694174,-0.00040165762660770987,-4193.663999998942
2020-01-15,2020-01-14,1,1,1,TX202002,False,-19800.0,0.0,0.0,0.0,0.0,-19800.0,10416898.584000006,False,-0.0018971516558267203,-0.0022980472770031124,-23993.663999998942
2020-01-16,2020-01-15,1,1,1,TX202002,False,0.0,0.0,0.0,0.0,0.0,0.0,10416898.584000006,False,0.0,-0.0022980472770031124,-23993.663999998942
2020-01-17,2020-01-16,1,1,1,TX202002,False,3200.0,0.0,0.0,0.0,0.0,3200.0,10420098.584000006,False,0.00030719316063181117,-0.0019915600607776085,-20793.663999998942
2020-01-20,2020-01-17,1,1,1,TX202002,False,7800.0,0.0,0.0,0.0,0.0,7800.0,10427898.584000006,False,0.0007485533785617776,-0.0012444974712279011,-12993.663999998942
2020-01-30,2020-01-20,1,1,1,TX202002,False,-148200.0,0.0,0.0,0.0,0.0,-148200.0,10279698.584000006,False,-0.014211875844994304,-0.015438686672671675,-161193.66399999894
2020-01-31,2020-01-30,0,1,0,,False,18000.0,50.0,45.832,400.0,495.832,17504.168,10297202.752000006,False,0.001702790004684051,-0.013762185509339386,-143689.49599999934
2020-02-03,2020-01-31,0,0,0,,False,0.0,0.0,0.0,0.0,0.0,0.0,10297202.752000006,False,0.0,-0.013762185509339386,-143689.49599999934
2020-02-04,2020-02-03,0,0,0,,False,0.0,0.0,0.0,0.0,0.0,0.0,10297202.752000006,False,0.0,-0.013762185509339386,-143689.49599999934
2020-02-05,2020-02-04,0,0,0,,False,0.0,0.0,0.0,0.0,0.0,0.0,10297202.752000006,False,0.0,-0.013762185509339386,-143689.49599999934
2020-02-06,2020-02-05,0,0,0,,False,0.0,0.0,0.0,0.0,0.0,0.0,10297202.752000006,False,0.0,-0.013762185509339386,-143689.49599999934
2020-02-07,2020-02-06,0,0,0,,False,0.0,0.0,0.0,0.0,0.0,0.0,10297202.752000006,False,0.0,-0.013762185509339386,-143689.49599999934
2020-02-10,2020-02-07,0,0,0,,False,0.0,0.0,0.0,0.0,0.0,0.0,10297202.752000006,False,0.0,-0.013762185509339386,-143689.49599999934
2020-02-11,2020-02-10,0,0,0,,False,0.0,0.0,0.0,0.0,0.0,0.0,10297202.752000006,False,0.0,-0.013762185509339386,-143689.49599999934
2020-02-12,2020-02-11,0,0,0,,False,0.0,0.0,0.0,0.0,0.0,0.0,10297202.752000006,False,0.0,-0.013762185509339386,-143689.49599999934
2020-02-13,2020-02-12,0,0,0,,False,0.0,0.0,0.0,0.0,0.0,0.0,10297202.752000006,False,0.0,-0.013762185509339386,-143689.49599999934
2020-02-14,2020-02-13,0,0,0,,False,0.0,0.0,0.0,0.0,0.0,0.0,10297202.752000006,False,0.0,-0.013762185509339386,-143689.49599999934
2020-02-17,2020-02-14,1,0,1,TX202002,False,12000.0,50.0,46.848000000000006,400.0,496.848,11503.152,10308705.904000007,False,0.001117114256856384,-0.012660445186120861,-132186.34399999864
2020-02-18,2020-02-17,0,1,0,,False,-11000.0,50.0,46.852000000000004,400.0,496.852,-11496.852,10297209.052000007,False,-0.0011152565711995885,-0.013761582112632342,-143683.1959999986
2020-02-19,2020-02-18,0,0,0,,False,0.0,0.0,0.0,0.0,0.0,0.0,10297209.052000007,False,0.0,-0.013761582112632342,-143683.1959999986
2020-02-20,2020-02-19,1,0,1,TX202003,False,-21000.0,50.0,47.288000000000004,400.0,497.288,-21497.288,10275711.764000006,False,-0.0020876810300189666,-0.01582053334873179,-165180.48399999924
2020-02-21,2020-02-20,0,1,0,,False,-10000.0,50.0,46.652,400.0,496.652,-10496.652,10265215.112000005,False,-0.0010215012099477174,-0.016825873864721785,-175677.13599999994
2020-02-24,2020-02-21,0,0,0,,False,0.0,0.0,0.0,0.0,0.0,0.0,10265215.112000005,False,0.0,-0.016825873864721785,-175677.13599999994
2020-02-25,2020-02-24,0,0,0,,False,0.0,0.0,0.0,0.0,0.0,0.0,10265215.112000005,False,0.0,-0.016825873864721785,-175677.13599999994
2020-02-26,2020-02-25,0,0,0,,False,0.0,0.0,0.0,0.0,0.0,0.0,10265215.112000005,False,0.0,-0.016825873864721785,-175677.13599999994
2020-02-27,2020-02-26,0,0,0,,False,0.0,0.0,0.0,0.0,0.0,0.0,10265215.112000005,False,0.0,-0.016825873864721785,-175677.13599999994
2020-03-02,2020-02-27,0,0,0,,False,0.0,0.0,0.0,0.0,0.0,0.0,10265215.112000005,False,0.0,-0.016825873864721785,-175677.13599999994
2020-03-03,2020-03-02,0,0,0,,False,0.0,0.0,0.0,0.0,0.0,0.0,10265215.112000005,False,0.0,-0.016825873864721785,-175677.13599999994
2020-03-04,2020-03-03,0,0,0,,False,0.0,0.0,0.0,0.0,0.0,0.0,10265215.112000005,False,0.0,-0.016825873864721785,-175677.13599999994
2020-03-05,2020-03-04,0,0,0,,False,0.0,0.0,0.0,0.0,0.0,0.0,10265215.112000005,False,0.0,-0.016825873864721785,-175677.13599999994
2020-03-06,2020-03-05,0,0,0,,False,0.0,0.0,0.0,0.0,0.0,0.0,10265215.112000005,False,0.0,-0.016825873864721785,-175677.13599999994
2020-03-09,2020-03-06,0,0,0,,False,0.0,0.0,0.0,0.0,0.0,0.0,10265215.112000005,False,0.0,-0.016825873864721785,-175677.13599999994
2020-03-10,2020-03-09,0,0,0,,False,0.0,0.0,0.0,0.0,0.0,0.0,10265215.112000005,False,0.0,-0.016825873864721785,-175677.13599999994
2020-03-11,2020-03-10,0,0,0,,False,0.0,0.0,0.0,0.0,0.0,0.0,10265215.112000005,False,0.0,-0.016825873864721785,-175677.13599999994
2020-03-12,2020-03-11,0,0,0,,False,0.0,0.0,0.0,0.0,0.0,0.0,10265215.112000005,False,0.0,-0.016825873864721785,-175677.13599999994
2020-03-13,2020-03-12,0,0,0,,False,0.0,0.0,0.0,0.0,0.0,0.0,10265215.112000005,False,0.0,-0.016825873864721785,-175677.13599999994
2020-03-16,2020-03-13,0,0,0,,False,0.0,0.0,0.0,0.0,0.0,0.0,10265215.112000005,False,0.0,-0.016825873864721785,-175677.13599999994
2020-03-17,2020-03-16,0,0,0,,False,0.0,0.0,0.0,0.0,0.0,0.0,10265215.112000005,False,0.0,-0.016825873864721785,-175677.13599999994
2020-03-18,2020-03-17,0,0,0,,False,0.0,0.0,0.0,0.0,0.0,0.0,10265215.112000005,False,0.0,-0.016825873864721785,-175677.13599999994
2020-03-19,2020-03-18,0,0,0,,False,0.0,0.0,0.0,0.0,0.0,0.0,10265215.112000005,False,0.0,-0.016825873864721785,-175677.13599999994
2020-03-20,2020-03-19,0,0,0,,False,0.0,0.0,0.0,0.0,0.0,0.0,10265215.112000005,False,0.0,-0.016825873864721785,-175677.13599999994
2020-03-23,2020-03-20,0,0,0,,False,0.0,0.0,0.0,0.0,0.0,0.0,10265215.112000005,False,0.0,-0.016825873864721785,-175677.13599999994
2020-03-24,2020-03-23,0,0,0,,False,0.0,0.0,0.0,0.0,0.0,0.0,10265215.112000005,False,0.0,-0.016825873864721785,-175677.13599999994
2020-03-25,2020-03-24,0,0,0,,False,0.0,0.0,0.0,0.0,0.0,0.0,10265215.112000005,False,0.0,-0.016825873864721785,-175677.13599999994
2020-03-26,2020-03-25,0,0,0,,False,0.0,0.0,0.0,0.0,0.0,0.0,10265215.112000005,False,0.0,-0.016825873864721785,-175677.13599999994
2020-03-27,2020-03-26,0,0,0,,False,0.0,0.0,0.0,0.0,0.0,0.0,10265215.112000005,False,0.0,-0.016825873864721785,-175677.13599999994
2020-03-30,2020-03-27,0,0,0,,False,0.0,0.0,0.0,0.0,0.0,0.0,10265215.112000005,False,0.0,-0.016825873864721785,-175677.13599999994
2020-03-31,2020-03-30,0,0,0,,False,0.0,0.0,0.0,0.0,0.0,0.0,10265215.112000005,False,0.0,-0.016825873864721785,-175677.13599999994
2020-04-01,2020-03-31,0,0,0,,False,0.0,0.0,0.0,0.0,0.0,0.0,10265215.112000005,False,0.0,-0.016825873864721785,-175677.13599999994
2020-04-06,2020-04-01,0,0,0,,False,0.0,0.0,0.0,0.0,0.0,0.0,10265215.112000005,False,0.0,-0.016825873864721785,-175677.13599999994
2020-04-07,2020-04-06,1,0,1,TX202004,False,8400.0,50.0,39.828,400.0,489.828,7910.1720000000005,10273125.284000006,False,0.0007705802473396815,-0.01606825930342648,-167766.9639999997
2020-04-08,2020-04-07,1,1,1,TX202004,False,26000.0,0.0,0.0,0.0,0.0,26000.0,10299125.284000006,False,0.002530875393926519,-0.013578050671594233,-141766.9639999997
2020-04-09,2020-04-08,1,1,1,TX202004,False,-5200.0,0.0,0.0,0.0,0.0,-5200.0,10293925.284000006,False,-0.000504897246767,-0.014076092397960704,-146966.9639999997
2020-04-10,2020-04-09,1,1,1,TX202004,False,6400.0,0.0,0.0,0.0,0.0,6400.0,10300325.284000006,False,0.000621725903717954,-0.013463117965509697,-140566.9639999997
2020-04-13,2020-04-10,1,1,1,TX202004,False,-12000.0,0.0,0.0,0.0,0.0,-12000.0,10288325.284000006,False,-0.0011650117514871285,-0.014612445026355392,-152566.9639999997
2020-04-14,2020-04-13,1,1,1,TX202005,True,54600.0,100.0,82.42800000000001,800.0,982.428,53617.572,10341942.856000006,False,0.005211496576938903,-0.009477101156651901,-98949.39199999906
2020-04-15,2020-04-14,1,1,1,TX202005,False,12200.0,0.0,0.0,0.0,0.0,12200.0,10354142.856000006,False,0.0011796622907195835,-0.008308618644792154,-86749.39199999906
2020-04-16,2020-04-15,1,1,1,TX202005,False,-4000.0,0.0,0.0,0.0,0.0,-4000.0,10350142.856000006,False,-0.00038631879583176553,-0.00869172766507409,-90749.39199999906
2020-04-17,2020-04-16,1,1,1,TX202005,False,51800.0,0.0,0.0,0.0,0.0,51800.0,10401942.856000006,False,0.005004761839588658,-0.003730465852423648,-38949.39199999906
2020-04-20,2020-04-17,1,1,1,TX202005,False,-17000.0,0.0,0.0,0.0,0.0,-17000.0,10384942.856000006,False,-0.0016343100741217907,-0.005358679188621651,-55949.39199999906
2020-04-21,2020-04-20,1,1,1,TX202005,False,-55600.0,0.0,0.0,0.0,0.0,-55600.0,10329342.856000006,False,-0.005353905242519128,-0.010683894570539865,-111549.39199999906
2020-04-22,2020-04-21,1,1,1,TX202005,False,5400.0,0.0,0.0,0.0,0.0,5400.0,10334742.856000006,False,0.0005227825308231783,-0.01016669739315934,-106149.39199999906
2020-04-23,2020-04-22,1,1,1,TX202005,False,13400.0,0.0,0.0,0.0,0.0,13400.0,10348142.856000006,False,0.0012965973306457651,-0.008883282175215057,-92749.39199999906
2020-04-24,2020-04-23,1,1,1,TX202005,False,-4400.0,0.0,0.0,0.0,0.0,-4400.0,10343742.856000006,False,-0.000425197067843803,-0.009304702097525097,-97149.39199999906
2020-04-27,2020-04-24,1,1,1,TX202005,False,55400.0,0.0,0.0,0.0,0.0,55400.0,10399142.856000006,False,0.005355894937765646,-0.003998642166621047,-41749.39199999906
2020-04-28,2020-04-27,1,1,1,TX202005,False,7000.0,0.0,0.0,0.0,0.0,7000.0,10406142.856000006,False,0.0006731324010960385,-0.00332820138112766,-34749.39199999906
2020-04-29,2020-04-28,1,1,1,TX202005,False,25000.0,0.0,0.0,0.0,0.0,25000.0,10431142.856000006,False,0.0024024271380807946,-0.000933770004365897,-9749.391999999061
2020-04-30,2020-04-29,1,1,1,TX202005,False,47400.0,0.0,0.0,0.0,0.0,47400.0,10478542.856000006,False,0.004544085020629879,0.0,0.0
2020-05-04,2020-04-30,1,1,1,TX202005,False,-65800.0,0.0,0.0,0.0,0.0,-65800.0,10412742.856000006,False,-0.006279499058623687,-0.006279499058623683,-65800.0
2020-05-05,2020-05-04,1,1,1,TX202005,False,22000.0,0.0,0.0,0.0,0.0,22000.0,10434742.856000006,False,0.0021127958602495606,-0.004179970497989682,-43800.0
2020-05-06,2020-05-05,1,1,1,TX202005,False,5000.0,0.0,0.0,0.0,0.0,5000.0,10439742.856000006,False,0.00047916849212292626,-0.003702804916027369,-38800.0
2020-05-07,2020-05-06,1,1,1,TX202005,False,16600.0,0.0,0.0,0.0,0.0,16600.0,10456342.856000006,False,0.0015900774788202303,-0.0021186151839125422,-22200.0
2020-05-08,2020-05-07,1,1,1,TX202005,False,12600.0,0.0,0.0,0.0,0.0,12600.0,10468942.856000006,False,0.0012050102194927485,-0.0009161579173675438,-9600.0
2020-05-11,2020-05-08,1,1,1,TX202005,False,17400.0,0.0,0.0,0.0,0.0,17400.0,10486342.856000006,False,0.0016620589336799785,0.0,0.0
2020-05-12,2020-05-11,1,1,1,TX202005,False,-23600.0,0.0,0.0,0.0,0.0,-23600.0,10462742.856000006,False,-0.0022505462890236045,-0.0022505462890236583,-23600.0
2020-05-13,2020-05-12,1,1,1,TX202005,False,10000.0,0.0,0.0,0.0,0.0,10000.0,10472742.856000006,False,0.000955772318753429,-0.0012969249801152438,-13600.0
2020-05-14,2020-05-13,1,1,1,TX202005,False,-33000.0,0.0,0.0,0.0,0.0,-33000.0,10439742.856000006,False,-0.003151036977967406,-0.004443875299512734,-46600.0
2020-05-15,2020-05-14,1,1,1,TX202005,False,13600.0,0.0,0.0,0.0,0.0,13600.0,10453342.856000006,False,0.0013027140790334416,-0.003146950319397379,-33000.0
2020-05-18,2020-05-15,1,1,1,TX202005,False,-11000.0,0.0,0.0,0.0,0.0,-11000.0,10442342.856000006,False,-0.001052294959758851,-0.0041959337591965795,-44000.0
2020-05-19,2020-05-18,1,1,1,TX202006,True,21800.0,100.0,86.72400000000002,800.0,986.724,20813.276,10463156.132000007,False,0.0019931615239046686,-0.0022111354090175173,-23186.723999999464
2020-05-20,2020-05-19,1,1,1,TX202006,False,8800.0,0.0,0.0,0.0,0.0,8800.0,10471956.132000007,False,0.0008410464193577795,-0.001371948657178157,-14386.723999999464
2020-05-21,2020-05-20,1,1,1,TX202006,False,19800.0,0.0,0.0,0.0,0.0,19800.0,10491756.132000007,False,0.0018907642230753367,0.0,0.0
2020-05-22,2020-05-21,1,1,1,TX202006,False,-41800.0,0.0,0.0,0.0,0.0,-41800.0,10449956.132000007,False,-0.003984080403137602,-0.00398408040313758,-41800.0
2020-05-25,2020-05-22,0,1,0,,False,11400.0,50.0,43.192,400.0,493.192,10906.808,10460862.940000007,False,0.0010437180656291001,-0.0029445205942001396,-30893.191999999806
2020-05-26,2020-05-25,1,0,1,TX202006,False,17600.0,50.0,43.592000000000006,400.0,493.592,17106.408,10477969.348000007,False,0.001635276945899837,-0.0013140587549447247,-13786.783999999985
2020-05-27,2020-05-26,1,1,1,TX202006,False,-2400.0,0.0,0.0,0.0,0.0,-2400.0,10475569.348000007,False,-0.00022905201573796382,-0.0015428097828761311,-16186.783999999985
2020-05-28,2020-05-27,1,1,1,TX202006,False,-13000.0,0.0,0.0,0.0,0.0,-13000.0,10462569.348000007,False,-0.0012409826681622758,-0.0027818778508376107,-29186.783999999985
2020-05-29,2020-05-28,1,1,1,TX202006,False,3000.0,0.0,0.0,0.0,0.0,3000.0,10465569.348000007,False,0.0002867364506953993,-0.0024959390659233804,-26186.783999999985
2020-06-01,2020-05-29,1,1,1,TX202006,False,27000.0,0.0,0.0,0.0,0.0,27000.0,10492569.348000007,False,0.002579888308241898,0.0,0.0
2020-06-02,2020-06-01,1,1,1,TX202006,False,9800.0,0.0,0.0,0.0,0.0,9800.0,10502369.348000007,False,0.0009339943034894483,0.0,0.0
2020-06-03,2020-06-02,1,1,1,TX202006,False,35400.0,0.0,0.0,0.0,0.0,35400.0,10537769.348000007,False,0.003370667972817135,0.0,0.0
2020-06-04,2020-06-03,1,1,1,TX202006,False,14800.0,0.0,0.0,0.0,0.0,14800.0,10552569.348000007,False,0.0014044718109918523,0.0,0.0
2020-06-05,2020-06-04,1,1,1,TX202006,False,20000.0,0.0,0.0,0.0,0.0,20000.0,10572569.348000007,False,0.0018952730221849273,0.0,0.0
2020-06-08,2020-06-05,1,1,1,TX202006,False,22600.0,0.0,0.0,0.0,0.0,22600.0,10595169.348000007,False,0.002137607165875455,0.0,0.0
2020-06-09,2020-06-08,1,1,1,TX202006,False,7800.0,0.0,0.0,0.0,0.0,7800.0,10602969.348000007,False,0.0007361845520168457,0.0,0.0
2020-06-10,2020-06-09,1,1,1,TX202006,False,19400.0,0.0,0.0,0.0,0.0,19400.0,10622369.348000007,False,0.0018296761372472835,0.0,0.0
2020-06-11,2020-06-10,1,1,1,TX202006,False,-43000.0,0.0,0.0,0.0,0.0,-43000.0,10579369.348000007,False,-0.004048061086116921,-0.004048061086116883,-43000.0
2020-06-12,2020-06-11,1,1,1,TX202006,False,-19200.0,0.0,0.0,0.0,0.0,-19200.0,10560169.348000007,False,-0.001814852981159004,-0.005855567431545916,-62200.0
2020-06-15,2020-06-12,1,1,1,TX202006,False,-33200.0,0.0,0.0,0.0,0.0,-33200.0,10526969.348000007,False,-0.0031438889762016703,-0.008981047153850064,-95400.0
2020-06-16,2020-06-15,1,1,1,TX202007,True,59400.0,100.0,91.42000000000002,800.0,991.4200000000001,58408.58,10585377.928000007,False,0.005548470606224089,-0.0034824076237722768,-36991.419999999925
2020-06-17,2020-06-16,1,1,1,TX202007,False,5800.0,0.0,0.0,0.0,0.0,5800.0,10591177.928000007,False,0.000547925642282273,-0.002936390081923923,-31191.419999999925
2020-06-18,2020-06-17,1,1,1,TX202007,False,7200.0,0.0,0.0,0.0,0.0,7200.0,10598377.928000007,False,0.0006798110700194438,-0.0022585752023880357,-23991.419999999925
2020-06-19,2020-06-18,1,1,1,TX202007,False,3200.0,0.0,0.0,0.0,0.0,3200.0,10601577.928000007,False,0.00030193299594892477,-0.00195732414481653,-20791.419999999925
2020-06-22,2020-06-19,1,1,1,TX202007,False,2600.0,0.0,0.0,0.0,0.0,2600.0,10604177.928000007,False,0.00024524651119463037,-0.001712557660539793,-18191.419999999925
2020-06-23,2020-06-22,1,1,1,TX202007,False,6400.0,0.0,0.0,0.0,0.0,6400.0,10610577.928000007,False,0.0006035357048377127,-0.001110055545396782,-11791.419999999925
2020-06-24,2020-06-23,1,1,1,TX202007,False,13600.0,0.0,0.0,0.0,0.0,13600.0,10624177.928000007,False,0.0012817397970483094,0.0,0.0
2020-06-29,2020-06-24,1,1,1,TX202007,False,-32400.0,0.0,0.0,0.0,0.0,-32400.0,10591777.928000007,False,-0.0030496477204706674,-0.003049647720470672,-32400.0
2020-06-30,2020-06-29,0,1,0,,False,19800.0,50.0,45.832,400.0,495.832,19304.168,10611082.096000006,False,0.0018225616257463502,-0.0012326442656317438,-13095.832000000402
2020-07-01,2020-06-30,1,0,1,TX202007,False,12800.0,50.0,45.93600000000001,400.0,495.93600000000004,12304.064,10623386.160000006,False,0.0011595484691083661,-7.452510729455408e-05,-791.7680000010878
2020-07-02,2020-07-01,1,1,1,TX202007,False,29800.0,0.0,0.0,0.0,0.0,29800.0,10653186.160000006,False,0.0028051319561558687,0.0,0.0
2020-07-03,2020-07-02,1,1,1,TX202007,False,28600.0,0.0,0.0,0.0,0.0,28600.0,10681786.160000006,False,0.002684642844915796,0.0,0.0
2020-07-06,2020-07-03,1,1,1,TX202007,False,45400.0,0.0,0.0,0.0,0.0,45400.0,10727186.160000006,False,0.004250225507229212,0.0,0.0
2020-07-07,2020-07-06,1,1,1,TX202007,False,-7600.0,0.0,0.0,0.0,0.0,-7600.0,10719586.160000006,False,-0.0007084802935870739,-0.0007084802935870549,-7600.0
2020-07-08,2020-07-07,1,1,1,TX202007,False,19600.0,0.0,0.0,0.0,0.0,19600.0,10739186.160000006,False,0.001828428794493685,0.0,0.0
2020-07-09,2020-07-08,1,1,1,TX202007,False,4400.0,0.0,0.0,0.0,0.0,4400.0,10743586.160000006,False,0.0004097144731868581,0.0,0.0
2020-07-10,2020-07-09,1,1,1,TX202007,False,-29600.0,0.0,0.0,0.0,0.0,-29600.0,10713986.160000006,False,-0.0027551321839075736,-0.0027551321839075493,-29600.0
2020-07-13,2020-07-10,1,1,1,TX202007,False,41200.0,0.0,0.0,0.0,0.0,41200.0,10755186.160000006,False,0.0038454408457066717,0.0,0.0
2020-07-14,2020-07-13,1,1,1,TX202008,True,-3400.0,100.0,96.88400000000001,800.0,996.884,-4396.884,10750789.276000006,False,-0.0004088152389544504,-0.0004088152389544186,-4396.883999999613
2020-07-15,2020-07-14,1,1,1,TX202008,False,9600.0,0.0,0.0,0.0,0.0,9600.0,10760389.276000006,False,0.0008929576939463393,0.0,0.0
2020-07-16,2020-07-15,1,1,1,TX202008,False,-9800.0,0.0,0.0,0.0,0.0,-9800.0,10750589.276000006,False,-0.0009107477200530226,-0.0009107477200530623,-9800.0
2020-07-17,2020-07-16,1,1,1,TX202008,False,1400.0,0.0,0.0,0.0,0.0,1400.0,10751989.276000006,False,0.00013022541965447505,-0.0007806409029026407,-8400.0
2020-07-20,2020-07-17,1,1,1,TX202008,False,-1600.0,0.0,0.0,0.0,0.0,-1600.0,10750389.276000006,False,-0.00014880967223167076,-0.0009293344082174082,-10000.0
2020-07-21,2020-07-20,1,1,1,TX202008,False,51600.0,0.0,0.0,0.0,0.0,51600.0,10801989.276000006,False,0.00479982619003349,0.0,0.0
2020-07-22,2020-07-21,1,1,1,TX202008,False,8400.0,0.0,0.0,0.0,0.0,8400.0,10810389.276000006,False,0.0007776345435431254,0.0,0.0
2020-07-23,2020-07-22,1,1,1,TX202008,False,-8600.0,0.0,0.0,0.0,0.0,-8600.0,10801789.276000006,False,-0.000795531019321639,-0.0007955310193216159,-8600.0
2020-07-24,2020-07-23,1,1,1,TX202008,False,-27600.0,0.0,0.0,0.0,0.0,-27600.0,10774189.276000006,False,-0.002555132237334342,-0.003348630569702693,-36200.0
2020-07-27,2020-07-24,1,1,1,TX202008,False,70600.0,0.0,0.0,0.0,0.0,70600.0,10844789.276000006,False,0.006552697209177928,0.0,0.0
2020-07-28,2020-07-27,1,1,1,TX202008,False,-9200.0,0.0,0.0,0.0,0.0,-9200.0,10835589.276000006,False,-0.0008483336804302877,-0.0008483336804302466,-9200.0
2020-07-29,2020-07-28,1,1,1,TX202008,False,-6800.0,0.0,0.0,0.0,0.0,-6800.0,10828789.276000006,False,-0.0006275616237191156,-0.0014753629224875109,-16000.0
2020-07-30,2020-07-29,1,1,1,TX202008,False,34600.0,0.0,0.0,0.0,0.0,34600.0,10863389.276000006,False,0.0031951863793937196,0.0,0.0
2020-07-31,2020-07-30,1,1,1,TX202008,False,-3800.0,0.0,0.0,0.0,0.0,-3800.0,10859589.276000006,False,-0.0003497987509657937,-0.0003497987509657463,-3800.0
2020-08-03,2020-07-31,1,1,1,TX202008,False,-26800.0,0.0,0.0,0.0,0.0,-26800.0,10832789.276000006,False,-0.0024678649734229583,-0.0028168004683034598,-30600.0
2020-08-04,2020-08-03,1,1,1,TX202008,False,37200.0,0.0,0.0,0.0,0.0,37200.0,10869989.276000006,False,0.0034340186125854425,0.0,0.0
2020-08-05,2020-08-04,1,1,1,TX202008,False,23000.0,0.0,0.0,0.0,0.0,23000.0,10892989.276000006,False,0.002115917450883048,0.0,0.0
2020-08-06,2020-08-05,1,1,1,TX202008,False,18200.0,0.0,0.0,0.0,0.0,18200.0,10911189.276000006,False,0.0016707994049070787,0.0,0.0
2020-08-07,2020-08-06,1,1,1,TX202008,False,-14400.0,0.0,0.0,0.0,0.0,-14400.0,10896789.276000006,False,-0.0013197461464328091,-0.0013197461464328208,-14400.0
2020-08-10,2020-08-07,1,1,1,TX202008,False,18400.0,0.0,0.0,0.0,0.0,18400.0,10915189.276000006,False,0.0016885707830035484,0.0,0.0
2020-08-11,2020-08-10,1,1,1,TX202008,False,-23600.0,0.0,0.0,0.0,0.0,-23600.0,10891589.276000006,False,-0.0021621246689593355,-0.0021621246689593754,-23600.0
2020-08-12,2020-08-11,1,1,1,TX202008,False,-16400.0,0.0,0.0,0.0,0.0,-16400.0,10875189.276000006,False,-0.0015057490311480958,-0.0036646180829819075,-40000.0
2020-08-13,2020-08-12,1,1,1,TX202008,False,13600.0,0.0,0.0,0.0,0.0,13600.0,10888789.276000006,False,0.0012505529471577349,-0.0024186479347680923,-26400.0
2020-08-14,2020-08-13,1,1,1,TX202008,False,13000.0,0.0,0.0,0.0,0.0,13000.0,10901789.276000006,False,0.0011938884728583477,-0.0012276470577989862,-13400.0
2020-08-17,2020-08-14,1,1,1,TX202008,False,33400.0,0.0,0.0,0.0,0.0,33400.0,10935189.276000006,False,0.0030637172627734784,0.0,0.0
2020-08-18,2020-08-17,1,1,1,TX202009,True,-16000.0,100.0,102.82400000000001,800.0,1002.8240000000001,-17002.824,10918186.452000007,False,-0.001554872400546091,-0.0015548724005459702,-17002.82399999909
2020-08-19,2020-08-18,1,1,1,TX202009,False,-16200.0,0.0,0.0,0.0,0.0,-16200.0,10901986.452000007,False,-0.0014837629006630916,-0.0030363282392259494,-33202.82399999909
2020-08-20,2020-08-19,1,1,1,TX202009,False,-89000.0,0.0,0.0,0.0,0.0,-89000.0,10812986.452000007,False,-0.008163649844168779,-0.011175190562837667,-122202.82399999909
2020-08-21,2020-08-20,0,1,0,,False,32200.0,50.0,49.856,400.0,499.856,31700.144,10844686.596000006,False,0.0029316733300943547,-0.00827627924087515,-90502.6799999997
2020-08-24,2020-08-21,0,0,0,,False,0.0,0.0,0.0,0.0,0.0,0.0,10844686.596000006,False,0.0,-0.00827627924087515,-90502.6799999997
2020-08-25,2020-08-24,0,0,0,,False,0.0,0.0,0.0,0.0,0.0,0.0,10844686.596000006,False,0.0,-0.00827627924087515,-90502.6799999997
2020-08-26,2020-08-25,1,0,1,TX202009,False,12400.0,50.0,50.928000000000004,400.0,500.928,11899.072,10856585.668000007,False,0.0010972259912415446,-0.007188134198327423,-78603.60799999908
2020-08-27,2020-08-26,1,1,1,TX202009,False,-6400.0,0.0,0.0,0.0,0.0,-6400.0,10850185.668000007,False,-0.0005895039375836292,-0.007773400702497324,-85003.60799999908
2020-08-28,2020-08-27,1,1,1,TX202009,False,-13800.0,0.0,0.0,0.0,0.0,-13800.0,10836385.668000007,False,-0.0012718676363944403,-0.00903538160211348,-98803.60799999908
2020-08-31,2020-08-28,0,1,0,,False,21800.0,50.0,51.19200000000001,400.0,501.192,21298.808,10857684.476000007,False,0.001965490030766962,-0.007087650523809663,-77504.79999999888
2020-09-01,2020-08-31,0,0,0,,False,0.0,0.0,0.0,0.0,0.0,0.0,10857684.476000007,False,0.0,-0.007087650523809663,-77504.79999999888
2020-09-02,2020-09-01,0,0,0,,False,0.0,0.0,0.0,0.0,0.0,0.0,10857684.476000007,False,0.0,-0.007087650523809663,-77504.79999999888
2020-09-03,2020-09-02,0,0,0,,False,0.0,0.0,0.0,0.0,0.0,0.0,10857684.476000007,False,0.0,-0.007087650523809663,-77504.79999999888
2020-09-04,2020-09-03,1,0,1,TX202009,False,9600.0,50.0,50.24,400.0,500.24,9099.76,10866784.236000007,False,0.0008380939803614896,-0.006255496660687032,-68405.0399999991
2020-09-07,2020-09-04,0,1,0,,False,400.0,50.0,50.42400000000001,400.0,500.424,-100.42399999999998,10866683.812000006,False,-9.241372407792042e-06,-0.006264680223720731,-68505.46399999969
2020-09-08,2020-09-07,0,0,0,,False,0.0,0.0,0.0,0.0,0.0,0.0,10866683.812000006,False,0.0,-0.006264680223720731,-68505.46399999969
2020-09-09,2020-09-08,0,0,0,,False,0.0,0.0,0.0,0.0,0.0,0.0,10866683.812000006,False,0.0,-0.006264680223720731,-68505.46399999969
2020-09-10,2020-09-09,0,0,0,,False,0.0,0.0,0.0,0.0,0.0,0.0,10866683.812000006,False,0.0,-0.006264680223720731,-68505.46399999969
2020-09-11,2020-09-10,1,0,1,TX202009,False,600.0,50.0,50.64000000000001,400.0,500.64,99.36000000000001,10866783.172000006,False,9.143543855603622e-06,-0.006255593961243533,-68406.10400000028
2020-09-14,2020-09-11,0,1,0,,False,6600.0,50.0,50.768,400.0,500.76800000000003,6099.232,10872882.404000007,False,0.0005612730008007927,-0.0056978320564370355,-62306.87199999951
2020-09-15,2020-09-14,1,0,1,TX202010,True,14400.0,150.0,153.556,1200.0,1503.556,12896.444,10885778.848000007,False,0.0011861108692995288,-0.004518479447671142,-49410.427999999374
2020-09-16,2020-09-15,1,1,1,TX202010,False,25200.0,0.0,0.0,0.0,0.0,25200.0,10910978.848000007,False,0.002314946900159549,-0.0022139925875023225,-24210.427999999374
2020-09-17,2020-09-16,1,1,1,TX202010,False,-17800.0,0.0,0.0,0.0,0.0,-17800.0,10893178.848000007,False,-0.0016313843375530654,-0.003841765052224666,-42010.427999999374
2020-09-18,2020-09-17,1,1,1,TX202010,False,3800.0,0.0,0.0,0.0,0.0,3800.0,10896978.848000007,False,0.0003488421564562563,-0.003494263065373926,-38210.427999999374
2020-09-21,2020-09-18,1,1,1,TX202010,False,-35200.0,0.0,0.0,0.0,0.0,-35200.0,10861778.848000007,False,-0.0032302531271280284,-0.006713228838307939,-73410.42799999937
2020-09-22,2020-09-21,0,1,0,,False,-6400.0,50.0,50.50000000000001,400.0,500.5,-6900.5,10854878.348000007,False,-0.0006353010953883118,-0.007344265012061757,-80310.92799999937
2020-09-23,2020-09-22,0,0,0,,False,0.0,0.0,0.0,0.0,0.0,0.0,10854878.348000007,False,0.0,-0.007344265012061757,-80310.92799999937
2020-09-24,2020-09-23,0,0,0,,False,0.0,0.0,0.0,0.0,0.0,0.0,10854878.348000007,False,0.0,-0.007344265012061757,-80310.92799999937
2020-09-25,2020-09-24,0,0,0,,False,0.0,0.0,0.0,0.0,0.0,0.0,10854878.348000007,False,0.0,-0.007344265012061757,-80310.92799999937
2020-09-28,2020-09-25,0,0,0,,False,0.0,0.0,0.0,0.0,0.0,0.0,10854878.348000007,False,0.0,-0.007344265012061757,-80310.92799999937
2020-09-29,2020-09-28,0,0,0,,False,0.0,0.0,0.0,0.0,0.0,0.0,10854878.348000007,False,0.0,-0.007344265012061757,-80310.92799999937
2020-09-30,2020-09-29,0,0,0,,False,0.0,0.0,0.0,0.0,0.0,0.0,10854878.348000007,False,0.0,-0.007344265012061757,-80310.92799999937
2020-10-05,2020-09-30,0,0,0,,False,0.0,0.0,0.0,0.0,0.0,0.0,10854878.348000007,False,0.0,-0.007344265012061757,-80310.92799999937
2020-10-06,2020-10-05,0,0,0,,False,0.0,0.0,0.0,0.0,0.0,0.0,10854878.348000007,False,0.0,-0.007344265012061757,-80310.92799999937
2020-10-07,2020-10-06,1,0,1,TX202010,False,27000.0,50.0,50.48800000000001,400.0,500.488,26499.512,10881377.860000007,False,0.002441253706439049,-0.0049209405198044065,-53811.41599999927
2020-10-08,2020-10-07,1,1,1,TX202010,False,23600.0,0.0,0.0,0.0,0.0,23600.0,10904977.860000007,False,0.0021688429814347046,-0.0027627702856781733,-30211.41599999927
2020-10-12,2020-10-08,1,1,1,TX202010,False,9400.0,0.0,0.0,0.0,0.0,9400.0,10914377.860000007,False,0.0008619916629523533,-0.0019031601076786586,-20811.41599999927
2020-10-13,2020-10-12,1,1,1,TX202010,False,-200.0,0.0,0.0,0.0,0.0,-200.0,10914177.860000007,False,-1.832445262253362e-05,-0.0019214496859339958,-21011.41599999927
2020-10-14,2020-10-13,1,1,1,TX202010,False,-6200.0,0.0,0.0,0.0,0.0,-6200.0,10907977.860000007,False,-0.0005680684408417727,-0.00248842661184856,-27211.41599999927
2020-10-15,2020-10-14,1,1,1,TX202010,False,-9600.0,0.0,0.0,0.0,0.0,-9600.0,10898377.860000007,False,-0.0008800897951217508,-0.0033663263681033007,-36811.41599999927
2020-10-16,2020-10-15,1,1,1,TX202010,False,-19000.0,0.0,0.0,0.0,0.0,-19000.0,10879377.860000007,False,-0.0017433787159954453,-0.005103836302357556,-55811.41599999927
2020-10-19,2020-10-16,1,1,1,TX202010,False,30200.0,0.0,0.0,0.0,0.0,30200.0,10909577.860000007,False,0.0027758940252489753,-0.0023421099858060845,-25611.41599999927
2020-10-20,2020-10-19,1,1,1,TX202011,True,-8000.0,100.0,102.536,800.0,1002.5360000000001,-9002.536,10900575.324000007,False,-0.0008251956322716959,-0.0031653729191472024,-34613.95199999958
2020-10-21,2020-10-20,1,1,1,TX202011,False,5600.0,0.0,0.0,0.0,0.0,5600.0,10906175.324000007,False,0.0005137343519539168,-0.00265326472799865,-29013.951999999583
2020-10-22,2020-10-21,1,1,1,TX202011,False,6200.0,0.0,0.0,0.0,0.0,6200.0,10912375.324000007,False,0.0005684852678240327,-0.002086287802084086,-22813.951999999583
2020-10-23,2020-10-22,1,1,1,TX202011,False,400.0,0.0,0.0,0.0,0.0,400.0,10912775.324000007,False,3.665563070583401e-05,-0.0020497086455735225,-22413.951999999583
2020-10-26,2020-10-23,1,1,1,TX202011,False,3800.0,0.0,0.0,0.0,0.0,3800.0,10916575.324000007,False,0.00034821572763830483,-0.0017022066587226714,-18613.951999999583
2020-10-27,2020-10-26,1,1,1,TX202011,False,-10200.0,0.0,0.0,0.0,0.0,-10200.0,10906375.324000007,False,-0.0009343589630692493,-0.0026349751497433127,-28813.951999999583
2020-10-28,2020-10-27,1,1,1,TX202011,False,-13600.0,0.0,0.0,0.0,0.0,-13600.0,10892775.324000007,False,-0.001246977074965735,-0.003878666471104242,-42413.95199999958
2020-10-29,2020-10-28,0,1,0,,False,-28200.0,50.0,50.38400000000001,400.0,500.384,-28700.384,10864074.940000007,False,-0.0026348091415017588,-0.006503256066731078,-71114.3359999992
2020-10-30,2020-10-29,0,0,0,,False,0.0,0.0,0.0,0.0,0.0,0.0,10864074.940000007,False,0.0,-0.006503256066731078,-71114.3359999992
2020-11-02,2020-10-30,0,0,0,,False,0.0,0.0,0.0,0.0,0.0,0.0,10864074.940000007,False,0.0,-0.006503256066731078,-71114.3359999992
2020-11-03,2020-11-02,0,0,0,,False,0.0,0.0,0.0,0.0,0.0,0.0,10864074.940000007,False,0.0,-0.006503256066731078,-71114.3359999992
2020-11-04,2020-11-03,0,0,0,,False,0.0,0.0,0.0,0.0,0.0,0.0,10864074.940000007,False,0.0,-0.006503256066731078,-71114.3359999992
2020-11-05,2020-11-04,1,0,1,TX202011,False,-6800.0,50.0,51.70400000000001,400.0,501.704,-7301.704,10856773.236000007,False,-0.0006720962475245955,-0.007170981500256524,-78416.0399999991
2020-11-06,2020-11-05,1,1,1,TX202011,False,9200.0,0.0,0.0,0.0,0.0,9200.0,10865973.236000007,False,0.000847397269889887,-0.006329660900512346,-69216.0399999991
2020-11-09,2020-11-06,1,1,1,TX202011,False,37000.0,0.0,0.0,0.0,0.0,37000.0,10902973.236000007,False,0.003405125265486157,-0.002946088923280521,-32216.039999999106
2020-11-10,2020-11-09,1,1,1,TX202011,False,-10000.0,0.0,0.0,0.0,0.0,-10000.0,10892973.236000007,False,-0.0009171810095783302,-0.003860567836045825,-42216.039999999106
2020-11-11,2020-11-10,1,1,1,TX202011,False,38400.0,0.0,0.0,0.0,0.0,38400.0,10931373.236000007,False,0.003525208330916712,-0.00034896881102686184,-3816.039999999106
2020-11-12,2020-11-11,1,1,1,TX202011,False,-6600.0,0.0,0.0,0.0,0.0,-6600.0,10924773.236000007,False,-0.000603766778199869,-0.0009525248934519892,-10416.039999999106
2020-11-13,2020-11-12,1,1,1,TX202011,False,10800.0,0.0,0.0,0.0,0.0,10800.0,10935573.236000007,False,0.0009885788717711003,0.0,0.0
2020-11-16,2020-11-13,1,1,1,TX202011,False,59400.0,0.0,0.0,0.0,0.0,59400.0,10994973.236000007,False,0.005431814018167302,0.0,0.0
2020-11-17,2020-11-16,1,1,1,TX202012,True,8800.0,100.0,108.82400000000001,800.0,1008.8240000000001,7791.1759999999995,11002764.412000008,False,0.0007086125480042046,0.0,0.0
2020-11-18,2020-11-17,1,1,1,TX202012,False,27200.0,0.0,0.0,0.0,0.0,27200.0,11029964.412000008,False,0.0024721060073170983,0.0,0.0
2020-11-19,2020-11-18,1,1,1,TX202012,False,4600.0,0.0,0.0,0.0,0.0,4600.0,11034564.412000008,False,0.00041704576988439306,0.0,0.0
2020-11-20,2020-11-19,1,1,1,TX202012,False,-800.0,0.0,0.0,0.0,0.0,-800.0,11033764.412000008,False,-7.249946351575109e-05,-7.249946351572945e-05,-800.0
2020-11-23,2020-11-20,1,1,1,TX202012,False,27800.0,0.0,0.0,0.0,0.0,27800.0,11061564.412000008,False,0.0025195390223997816,0.0,0.0
2020-11-24,2020-11-23,1,1,1,TX202012,False,-14200.0,0.0,0.0,0.0,0.0,-14200.0,11047364.412000008,False,-0.001283724387537381,-0.0012837243875374327,-14200.0
2020-11-25,2020-11-24,1,1,1,TX202012,False,-19000.0,0.0,0.0,0.0,0.0,-19000.0,11028364.412000008,False,-0.0017198672272783525,-0.003001383779312805,-33200.0
2020-11-26,2020-11-25,1,1,1,TX202012,False,26400.0,0.0,0.0,0.0,0.0,26400.0,11054764.412000008,False,0.0023938273177910273,-0.0006147412560038035,-6800.0
2020-11-27,2020-11-26,1,1,1,TX202012,False,7400.0,0.0,0.0,0.0,0.0,7400.0,11062164.412000008,False,0.0006693946360328818,0.0,0.0
2020-11-30,2020-11-27,1,1,1,TX202012,False,-31200.0,0.0,0.0,0.0,0.0,-31200.0,11030964.412000008,False,-0.00282042454242995,-0.0028204245424299224,-31200.0
2020-12-01,2020-11-30,1,1,1,TX202012,False,31000.0,0.0,0.0,0.0,0.0,31000.0,11061964.412000008,False,0.002810271055382676,-1.807964450273314e-05,-200.0
2020-12-02,2020-12-01,1,1,1,TX202012,False,15800.0,0.0,0.0,0.0,0.0,15800.0,11077764.412000008,False,0.0014283177391946928,0.0,0.0
2020-12-03,2020-12-02,1,1,1,TX202012,False,6000.0,0.0,0.0,0.0,0.0,6000.0,11083764.412000008,False,0.0005416255281165295,0.0,0.0
2020-12-04,2020-12-03,1,1,1,TX202012,False,30400.0,0.0,0.0,0.0,0.0,30400.0,11114164.412000008,False,0.002742750465454406,0.0,0.0
2020-12-07,2020-12-04,1,1,1,TX202012,False,17400.0,0.0,0.0,0.0,0.0,17400.0,11131564.412000008,False,0.0015655697859942713,0.0,0.0
2020-12-08,2020-12-07,1,1,1,TX202012,False,23400.0,0.0,0.0,0.0,0.0,23400.0,11154964.412000008,False,0.0021021304044896347,0.0,0.0
2020-12-09,2020-12-08,1,1,1,TX202012,False,11000.0,0.0,0.0,0.0,0.0,11000.0,11165964.412000008,False,0.0009861080316999214,0.0,0.0
2020-12-10,2020-12-09,1,1,1,TX202012,False,-31200.0,0.0,0.0,0.0,0.0,-31200.0,11134764.412000008,False,-0.002794205574080955,-0.0027942055740809435,-31200.0
2020-12-11,2020-12-10,1,1,1,TX202012,False,-1000.0,0.0,0.0,0.0,0.0,-1000.0,11133764.412000008,False,-8.980881525632402e-05,-0.00288376344504504,-32200.0
2020-12-14,2020-12-11,1,1,1,TX202012,False,-7200.0,0.0,0.0,0.0,0.0,-7200.0,11126564.412000008,False,-0.0006466815475491665,-0.00352858011598689,-39400.0
2020-12-15,2020-12-14,1,1,1,TX202101,True,-23000.0,100.0,112.24800000000002,800.0,1012.248,-24012.248,11102552.164000008,False,-0.002158100839653862,-0.005679065923929638,-63412.24799999967
2020-12-16,2020-12-15,1,1,1,TX202101,False,43000.0,0.0,0.0,0.0,0.0,43000.0,11145552.164000008,False,0.0038729833793915754,-0.001828077472471823,-20412.247999999672
2020-12-17,2020-12-16,1,1,1,TX202101,False,-1200.0,0.0,0.0,0.0,0.0,-1200.0,11144352.164000008,False,-0.00010766626743500288,-0.001935546917628761,-21612.247999999672
2020-12-18,2020-12-17,1,1,1,TX202101,False,-9800.0,0.0,0.0,0.0,0.0,-9800.0,11134552.164000008,False,-0.0008793691957848643,-0.0028132140530773286,-31412.247999999672
2020-12-21,2020-12-18,1,1,1,TX202101,False,35000.0,0.0,0.0,0.0,0.0,35000.0,11169552.164000008,False,0.003143368452047963,0.0,0.0
2020-12-22,2020-12-21,1,1,1,TX202101,False,-53200.0,0.0,0.0,0.0,0.0,-53200.0,11116352.164000008,False,-0.004762948345544784,-0.004762948345544804,-53200.0
2020-12-23,2020-12-22,0,1,0,,False,11600.0,50.0,56.408,400.0,506.408,11093.592,11127445.756000008,False,0.0009979525510109587,-0.0037697489909855886,-42106.40799999982
2020-12-24,2020-12-23,1,0,1,TX202101,False,11400.0,50.0,56.748000000000005,400.0,506.748,10893.252,11138339.008000009,False,0.000978953502795219,-0.002794485897169685,-31213.155999999493
2020-12-25,2020-12-24,1,1,1,TX202101,False,12600.0,0.0,0.0,0.0,0.0,12600.0,11150939.008000009,False,0.0011312279138702968,-0.001666419183751211,-18613.155999999493
2020-12-28,2020-12-25,1,1,1,TX202101,False,26400.0,0.0,0.0,0.0,0.0,26400.0,11177339.008000009,False,0.0023675136220420424,0.0,0.0
2020-12-29,2020-12-28,1,1,1,TX202101,False,4400.0,0.0,0.0,0.0,0.0,4400.0,11181739.008000009,False,0.00039365362335800746,0.0,0.0
2020-12-30,2020-12-29,1,1,1,TX202101,False,35800.0,0.0,0.0,0.0,0.0,35800.0,11217539.008000009,False,0.0032016486858069916,0.0,0.0
2020-12-31,2020-12-30,1,1,1,TX202101,False,8000.0,0.0,0.0,0.0,0.0,8000.0,11225539.008000009,False,0.0007131689040077902,0.0,0.0
2021-01-04,2020-12-31,1,1,1,TX202101,False,39200.0,0.0,0.0,0.0,0.0,39200.0,11264739.008000009,False,0.0034920372172831675,0.0,0.0
2021-01-05,2021-01-04,1,1,1,TX202101,False,20600.0,0.0,0.0,0.0,0.0,20600.0,11285339.008000009,False,0.0018287152490057924,0.0,0.0
2021-01-06,2021-01-05,1,1,1,TX202101,False,-13200.0,0.0,0.0,0.0,0.0,-13200.0,11272139.008000009,False,-0.001169659147203528,-0.0011696591472035722,-13200.0
2021-01-07,2021-01-06,1,1,1,TX202101,False,63800.0,0.0,0.0,0.0,0.0,63800.0,11335939.008000009,False,0.005659972783756496,0.0,0.0
2021-01-08,2021-01-07,1,1,1,TX202101,False,44800.0,0.0,0.0,0.0,0.0,44800.0,11380739.008000009,False,0.003952032554902042,0.0,0.0
2021-01-11,2021-01-08,1,1,1,TX202101,False,16000.0,0.0,0.0,0.0,0.0,16000.0,11396739.008000009,False,0.0014058840984537925,0.0,0.0
2021-01-12,2021-01-11,1,1,1,TX202101,False,-8200.0,0.0,0.0,0.0,0.0,-8200.0,11388539.008000009,False,-0.00071950406113924,-0.0007195040611391867,-8200.0
2021-01-13,2021-01-12,1,1,1,TX202101,False,54200.0,0.0,0.0,0.0,0.0,54200.0,11442739.008000009,False,0.004759170597907826,0.0,0.0
2021-01-14,2021-01-13,1,1,1,TX202101,False,-7000.0,0.0,0.0,0.0,0.0,-7000.0,11435739.008000009,False,-0.0006117416463930586,-0.0006117416463931047,-7000.0
2021-01-15,2021-01-14,1,1,1,TX202101,False,-19000.0,0.0,0.0,0.0,0.0,-19000.0,11416739.008000009,False,-0.001661457994687385,-0.0022721832580313572,-26000.0
2021-01-18,2021-01-15,1,1,1,TX202101,False,-5600.0,0.0,0.0,0.0,0.0,-5600.0,11411139.008000009,False,-0.0004905078408182873,-0.002761576575145752,-31600.0
2021-01-19,2021-01-18,1,1,1,TX202102,True,56400.0,100.0,126.94000000000001,800.0,1026.94,55373.06,11466512.06800001,False,0.00485254451472194,0.0,0.0
2021-01-20,2021-01-19,1,1,1,TX202102,False,-22200.0,0.0,0.0,0.0,0.0,-22200.0,11444312.06800001,False,-0.0019360726146143697,-0.0019360726146143703,-22200.0
2021-01-21,2021-01-20,1,1,1,TX202102,False,78600.0,0.0,0.0,0.0,0.0,78600.0,11522912.06800001,False,0.006868040606807397,0.0,0.0
2021-01-22,2021-01-21,1,1,1,TX202102,False,-29000.0,0.0,0.0,0.0,0.0,-29000.0,11493912.06800001,False,-0.002516724924121844,-0.002516724924121805,-29000.0
2021-01-25,2021-01-22,1,1,1,TX202102,False,-14400.0,0.0,0.0,0.0,0.0,-14400.0,11479512.06800001,False,-0.0012528371467266377,-0.0037664090243754167,-43400.0
2021-01-26,2021-01-25,1,1,1,TX202102,False,-57200.0,0.0,0.0,0.0,0.0,-57200.0,11422312.06800001,False,-0.004982790179684487,-0.008730431978160591,-100600.0
2021-01-27,2021-01-26,1,1,1,TX202102,False,6800.0,0.0,0.0,0.0,0.0,6800.0,11429112.06800001,False,0.0005953260565389758,-0.008140303375263058,-93800.0
2021-01-28,2021-01-27,1,1,1,TX202102,False,-55400.0,0.0,0.0,0.0,0.0,-55400.0,11373712.06800001,False,-0.00484727069525485,-0.012948115816516559,-149200.0
2021-01-29,2021-01-28,0,1,0,,False,23000.0,50.0,61.984,400.0,511.98400000000004,22488.016,11396200.08400001,False,0.0019771923067465487,-0.010996524424749188,-126711.98399999924
2021-02-01,2021-01-29,0,0,0,,False,0.0,0.0,0.0,0.0,0.0,0.0,11396200.08400001,False,0.0,-0.010996524424749188,-126711.98399999924
2021-02-02,2021-02-01,0,0,0,,False,0.0,0.0,0.0,0.0,0.0,0.0,11396200.08400001,False,0.0,-0.010996524424749188,-126711.98399999924
2021-02-03,2021-02-02,1,0,1,TX202102,False,-18400.0,50.0,63.464000000000006,400.0,513.4639999999999,-18913.464,11377286.62000001,False,-0.00165962898690714,-0.0126379032609657,-145625.44799999893
2021-02-04,2021-02-03,1,1,1,TX202102,False,-14200.0,0.0,0.0,0.0,0.0,-14200.0,11363086.62000001,False,-0.0012481007532180804,-0.01387023063760473,-159825.44799999893
2021-02-05,2021-02-04,1,1,1,TX202103,True,20600.0,100.0,126.08000000000001,800.0,1026.08,19573.92,11382660.54000001,False,0.001722588294411856,-0.012171535040130022,-140251.527999999
2021-02-17,2021-02-05,1,1,1,TX202103,False,124600.0,0.0,0.0,0.0,0.0,124600.0,11507260.54000001,False,0.010946474206284279,-0.0013582962282133737,-15651.527999999002
2021-02-18,2021-02-17,1,1,1,TX202103,False,8200.0,0.0,0.0,0.0,0.0,8200.0,11515460.54000001,False,0.0007125935813737987,-0.0006466705600134404,-7451.527999999002
2021-02-19,2021-02-18,1,1,1,TX202103,False,-13200.0,0.0,0.0,0.0,0.0,-13200.0,11502260.54000001,False,-0.0011462850273463738,-0.0017922143185792327,-20651.527999999
2021-02-22,2021-02-19,1,1,1,TX202103,False,14200.0,0.0,0.0,0.0,0.0,14200.0,11516460.54000001,False,0.0012345399367905457,-0.0005598869419402019,-6451.527999999002
2021-02-23,2021-02-22,1,1,1,TX202103,False,10400.0,0.0,0.0,0.0,0.0,10400.0,11526860.54000001,False,0.0009030552367958699,0.0,0.0
2021-02-24,2021-02-23,1,1,1,TX202103,False,-51000.0,0.0,0.0,0.0,0.0,-51000.0,11475860.54000001,False,-0.0044244484283489,-0.004424448428348882,-51000.0
2021-02-25,2021-02-24,1,1,1,TX202103,False,41200.0,0.0,0.0,0.0,0.0,41200.0,11517060.54000001,False,0.003590144709095599,-0.0008501881293689895,-9800.0
2021-02-26,2021-02-25,1,1,1,TX202103,False,-90600.0,0.0,0.0,0.0,0.0,-90600.0,11426460.54000001,False,-0.007866590584058865,-0.008710090631494749,-100400.0
2021-03-02,2021-02-26,1,1,1,TX202103,False,-5600.0,0.0,0.0,0.0,0.0,-5600.0,11420860.54000001,False,-0.0004900905210669896,-0.009195912419705521,-106000.0
2021-03-03,2021-03-02,0,1,0,,False,18600.0,50.0,63.992000000000004,400.0,513.992,18086.008,11438946.54800001,False,0.0015835941553314849,-0.0076268808575349345,-87913.99200000055
2021-03-04,2021-03-03,1,0,1,TX202103,False,-20000.0,50.0,64.108,400.0,514.108,-20514.108,11418432.44000001,False,-0.0017933563999026376,-0.009406559541840331,-108428.09999999963
2021-03-05,2021-03-04,1,1,1,TX202103,False,-14000.0,0.0,0.0,0.0,0.0,-14000.0,11404432.44000001,False,-0.0012260877378366295,-0.010621114012367427,-122428.09999999963
2021-03-08,2021-03-05,0,1,0,,False,19000.0,50.0,63.79200000000001,400.0,513.792,18486.208,11422918.648000011,False,0.0016209669439718284,-0.009017363543117773,-103941.89199999906
2021-03-09,2021-03-08,0,0,0,,False,0.0,0.0,0.0,0.0,0.0,0.0,11422918.648000011,False,0.0,-0.009017363543117773,-103941.89199999906
2021-03-10,2021-03-09,0,0,0,,False,0.0,0.0,0.0,0.0,0.0,0.0,11422918.648000011,False,0.0,-0.009017363543117773,-103941.89199999906
2021-03-11,2021-03-10,0,0,0,,False,0.0,0.0,0.0,0.0,0.0,0.0,11422918.648000011,False,0.0,-0.009017363543117773,-103941.89199999906
2021-03-12,2021-03-11,1,0,1,TX202103,False,-10800.0,50.0,65.11200000000001,400.0,515.112,-11315.112,11411603.536000011,False,-0.000990562250216245,-0.009998993533411715,-115257.0039999988
2021-03-15,2021-03-12,1,1,1,TX202103,False,-4400.0,0.0,0.0,0.0,0.0,-4400.0,11407203.536000011,False,-0.0003855724558007459,-0.010380710652720282,-119657.0039999988
2021-03-16,2021-03-15,1,1,1,TX202104,True,21000.0,100.0,130.18,800.0,1030.18,19969.82,11427173.356000012,False,0.001750632390925367,-0.008648251070104362,-99687.1839999985
2021-03-17,2021-03-16,1,1,1,TX202104,False,-16000.0,0.0,0.0,0.0,0.0,-16000.0,11411173.356000012,False,-0.0014001712848435047,-0.010036313322135393,-115687.1839999985
2021-03-18,2021-03-17,1,1,1,TX202104,False,15800.0,0.0,0.0,0.0,0.0,15800.0,11426973.356000012,False,0.0013846078319099708,-0.008665601848254711,-99887.1839999985
2021-03-19,2021-03-18,1,1,1,TX202104,False,-45400.0,0.0,0.0,0.0,0.0,-45400.0,11381573.356000012,False,-0.003973055557722257,-0.01260422848839271,-145287.1839999985
2021-03-22,2021-03-19,0,1,0,,False,1200.0,50.0,64.06400000000001,400.0,514.064,685.9359999999999,11382259.292000012,False,6.0267238855724266e-05,-0.012544720871585868,-144601.2479999978
2021-03-23,2021-03-22,1,0,1,TX202104,False,-20600.0,50.0,64.9,400.0,514.9,-21114.9,11361144.392000012,False,-0.0018550710766921772,-0.01437652059942407,-165716.14799999818
2021-03-24,2021-03-23,1,1,1,TX202104,False,-27400.0,0.0,0.0,0.0,0.0,-27400.0,11333744.392000012,False,-0.0024117288764760178,-0.016753577206027215,-193116.14799999818
2021-03-25,2021-03-24,0,1,0,,False,-18600.0,50.0,63.55200000000001,400.0,513.552,-19113.552,11314630.840000013,False,-0.0016864287157818214,-0.01841175220811664,-212229.6999999974
2021-03-26,2021-03-25,0,0,0,,False,0.0,0.0,0.0,0.0,0.0,0.0,11314630.840000013,False,0.0,-0.01841175220811664,-212229.6999999974
2021-03-29,2021-03-26,1,0,1,TX202104,False,8200.0,50.0,65.488,400.0,515.488,7684.512,11322315.352000013,False,0.0006791659497041081,-0.017745090893586668,-204545.1879999973
2021-03-30,2021-03-29,1,1,1,TX202104,False,21600.0,0.0,0.0,0.0,0.0,21600.0,11343915.352000013,False,0.001907737006829129,-0.015871206853344755,-182945.1879999973
2021-03-31,2021-03-30,1,1,1,TX202104,False,-19400.0,0.0,0.0,0.0,0.0,-19400.0,11324515.352000013,False,-0.0017101679092289455,-0.017554232333932385,-202345.1879999973
2021-04-01,2021-03-31,1,1,1,TX202104,False,25800.0,0.0,0.0,0.0,0.0,25800.0,11350315.352000013,False,0.0022782431917003393,-0.015315981952532365,-176545.1879999973
2021-04-06,2021-04-01,1,1,1,TX202104,False,36000.0,0.0,0.0,0.0,0.0,36000.0,11386315.352000013,False,0.0031717180433807526,-0.012192841885462546,-140545.1879999973
2021-04-07,2021-04-06,1,1,1,TX202104,False,7400.0,0.0,0.0,0.0,0.0,7400.0,11393715.352000013,False,0.0006499029555421707,-0.01155086309389819,-133145.1879999973
2021-04-08,2021-04-07,1,1,1,TX202104,False,32400.0,0.0,0.0,0.0,0.0,32400.0,11426115.352000013,False,0.0028436729371436,-0.00874003703353532,-100745.18799999729
2021-04-09,2021-04-08,1,1,1,TX202104,False,-17800.0,0.0,0.0,0.0,0.0,-17800.0,11408315.352000013,False,-0.001557834789133676,-0.010284256288919824,-118545.18799999729
2021-04-12,2021-04-09,1,1,1,TX202104,False,-1400.0,0.0,0.0,0.0,0.0,-1400.0,11406915.352000013,False,-0.00012271750532865164,-0.0104057117359726,-119945.18799999729
2021-04-13,2021-04-12,1,1,1,TX202104,False,-7800.0,0.0,0.0,0.0,0.0,-7800.0,11399115.352000013,False,-0.0006837957291085183,-0.011082392083837656,-127745.18799999729
2021-04-14,2021-04-13,1,1,1,TX202104,False,12200.0,0.0,0.0,0.0,0.0,12200.0,11411315.352000013,False,0.0010702584914064818,-0.010023994616664034,-115545.18799999729
2021-04-15,2021-04-14,1,1,1,TX202104,False,43000.0,0.0,0.0,0.0,0.0,43000.0,11454315.352000013,False,0.0037681896147461714,-0.006293577314330667,-72545.18799999729
2021-04-16,2021-04-15,1,1,1,TX202104,False,17400.0,0.0,0.0,0.0,0.0,17400.0,11471715.352000013,False,0.0015190781347714356,-0.004784059615246861,-55145.18799999729
2021-04-19,2021-04-16,1,1,1,TX202104,False,22600.0,0.0,0.0,0.0,0.0,22600.0,11494315.352000013,False,0.0019700628290136094,-0.0028234216842530913,-32545.187999997288
2021-04-20,2021-04-19,1,1,1,TX202105,True,9600.0,100.0,138.3,800.0,1038.3,8561.7,11502877.052000012,False,0.0007448638512001729,-0.0020806608978022334,-23983.487999998033
2021-04-21,2021-04-20,1,1,1,TX202105,False,-23600.0,0.0,0.0,0.0,0.0,-23600.0,11479277.052000012,False,-0.0020516606317979077,-0.004128052719548081,-47583.48799999803
2021-04-22,2021-04-21,1,1,1,TX202105,False,-5800.0,0.0,0.0,0.0,0.0,-5800.0,11473477.052000012,False,-0.0005052582992575719,-0.004631225285909313,-53383.48799999803
2021-04-23,2021-04-22,1,1,1,TX202105,False,29600.0,0.0,0.0,0.0,0.0,29600.0,11503077.052000012,False,0.0025798630934499704,-0.0020633101196518844,-23783.487999998033
2021-04-26,2021-04-23,1,1,1,TX202105,False,54600.0,0.0,0.0,0.0,0.0,54600.0,11557677.052000012,False,0.0047465560521918635,0.0,0.0
2021-04-27,2021-04-26,1,1,1,TX202105,False,8200.0,0.0,0.0,0.0,0.0,8200.0,11565877.052000012,False,0.0007094851295036853,0.0,0.0
2021-04-28,2021-04-27,1,1,1,TX202105,False,-7600.0,0.0,0.0,0.0,0.0,-7600.0,11558277.052000012,False,-0.0006571053769489777,-0.0006571053769489632,-7600.0
2021-04-29,2021-04-28,1,1,1,TX202105,False,7600.0,0.0,0.0,0.0,0.0,7600.0,11565877.052000012,False,0.0006575374483418285,0.0,0.0
2021-05-03,2021-04-29,1,1,1,TX202105,False,-63600.0,0.0,0.0,0.0,0.0,-63600.0,11502277.052000012,False,-0.0054989344702572355,-0.005498934470257288,-63600.0
2021-05-04,2021-05-03,1,1,1,TX202105,False,-64000.0,0.0,0.0,0.0,0.0,-64000.0,11438277.052000012,False,-0.005564115671241957,-0.011032453434038136,-127600.0
2021-05-05,2021-05-04,0,1,0,,False,-17200.0,50.0,67.38000000000001,400.0,517.38,-17717.38,11420559.672000011,False,-0.0015489553120154641,-0.012564319968702442,-145317.38000000082
2021-05-06,2021-05-05,0,0,0,,False,0.0,0.0,0.0,0.0,0.0,0.0,11420559.672000011,False,0.0,-0.012564319968702442,-145317.38000000082
2021-05-07,2021-05-06,0,0,0,,False,0.0,0.0,0.0,0.0,0.0,0.0,11420559.672000011,False,0.0,-0.012564319968702442,-145317.38000000082
2021-05-10,2021-05-07,1,0,1,TX202105,False,-28200.0,50.0,69.48400000000001,400.0,519.484,-28719.484,11391840.188000012,False,-0.002514717739307651,-0.015047441989702426,-174036.86400000006
2021-05-11,2021-05-10,1,1,1,TX202105,False,-134400.0,0.0,0.0,0.0,0.0,-134400.0,11257440.188000012,False,-0.011797918315389894,-0.026667831813642184,-308436.86400000006
2021-05-12,2021-05-11,0,1,0,,False,-10600.0,50.0,66.004,400.0,516.004,-11116.004,11246324.184000012,False,-0.0009874362034673941,-0.027628935234508822,-319552.8680000007
2021-05-13,2021-05-12,0,0,0,,False,0.0,0.0,0.0,0.0,0.0,0.0,11246324.184000012,False,0.0,-0.027628935234508822,-319552.8680000007
2021-05-14,2021-05-13,0,0,0,,False,0.0,0.0,0.0,0.0,0.0,0.0,11246324.184000012,False,0.0,-0.027628935234508822,-319552.8680000007
2021-05-17,2021-05-14,0,0,0,,False,0.0,0.0,0.0,0.0,0.0,0.0,11246324.184000012,False,0.0,-0.027628935234508822,-319552.8680000007
2021-05-18,2021-05-17,0,0,0,,False,0.0,0.0,0.0,0.0,0.0,0.0,11246324.184000012,False,0.0,-0.027628935234508822,-319552.8680000007
2021-05-19,2021-05-18,0,0,0,,False,0.0,0.0,0.0,0.0,0.0,0.0,11246324.184000012,False,0.0,-0.027628935234508822,-319552.8680000007
2021-05-20,2021-05-19,0,0,0,,False,0.0,0.0,0.0,0.0,0.0,0.0,11246324.184000012,False,0.0,-0.027628935234508822,-319552.8680000007
2021-05-21,2021-05-20,0,0,0,,False,0.0,0.0,0.0,0.0,0.0,0.0,11246324.184000012,False,0.0,-0.027628935234508822,-319552.8680000007
2021-05-24,2021-05-21,0,0,0,,False,0.0,0.0,0.0,0.0,0.0,0.0,11246324.184000012,False,0.0,-0.027628935234508822,-319552.8680000007
2021-05-25,2021-05-24,0,0,0,,False,0.0,0.0,0.0,0.0,0.0,0.0,11246324.184000012,False,0.0,-0.027628935234508822,-319552.8680000007
2021-05-26,2021-05-25,1,0,1,TX202106,False,0.0,50.0,66.47200000000001,400.0,516.472,-516.472,11245807.712000012,False,-4.592362727145795e-05,-0.027673590040856677,-320069.33999999985
2021-05-27,2021-05-26,1,1,1,TX202106,False,-16400.0,0.0,0.0,0.0,0.0,-16400.0,11229407.712000012,False,-0.0014583212180037657,-0.029091554275325504,-336469.33999999985
2021-05-28,2021-05-27,1,1,1,TX202106,False,65800.0,0.0,0.0,0.0,0.0,65800.0,11295207.712000012,False,0.005859614477234143,-0.02340240509068825,-270669.33999999985
2021-05-31,2021-05-28,1,1,1,TX202106,False,30000.0,0.0,0.0,0.0,0.0,30000.0,11325207.712000012,False,0.0026559936536738535,-0.020808568076415956,-240669.33999999985
2021-06-01,2021-05-31,1,1,1,TX202106,False,23400.0,0.0,0.0,0.0,0.0,23400.0,11348607.712000012,False,0.002066187269590272,-0.018785375205283672,-217269.33999999985
2021-06-02,2021-06-01,1,1,1,TX202106,False,-6400.0,0.0,0.0,0.0,0.0,-6400.0,11342207.712000012,False,-0.00056394583039756,-0.019338727101661735,-223669.33999999985
2021-06-03,2021-06-02,1,1,1,TX202106,False,26400.0,0.0,0.0,0.0,0.0,26400.0,11368607.712000012,False,0.0023275891846054717,-0.017056150529102143,-197269.33999999985
2021-06-04,2021-06-03,1,1,1,TX202106,False,-26000.0,0.0,0.0,0.0,0.0,-26000.0,11342607.712000012,False,-0.002286999486538354,-0.019304142608138064,-223269.33999999985
2021-06-07,2021-06-04,1,1,1,TX202106,False,-2000.0,0.0,0.0,0.0,0.0,-2000.0,11340607.712000012,False,-0.00017632629557346697,-0.019477065075756195,-225269.33999999985
2021-06-08,2021-06-07,1,1,1,TX202106,False,0.0,0.0,0.0,0.0,0.0,0.0,11340607.712000012,False,0.0,-0.019477065075756195,-225269.33999999985
2021-06-09,2021-06-08,1,1,1,TX202106,False,-25400.0,0.0,0.0,0.0,0.0,-25400.0,11315207.712000012,False,-0.0022397388786425535,-0.02167318041450672,-250669.33999999985
2021-06-10,2021-06-09,1,1,1,TX202106,False,39200.0,0.0,0.0,0.0,0.0,39200.0,11354407.712000012,False,0.0034643641546613048,-0.018283900049191004,-211469.33999999985
2021-06-11,2021-06-10,1,1,1,TX202106,False,12000.0,0.0,0.0,0.0,0.0,12000.0,11366407.712000012,False,0.0010568582971807229,-0.01724636524348211,-199469.33999999985
2021-06-15,2021-06-11,1,1,1,TX202107,True,35800.0,100.0,138.68,800.0,1038.68,34761.32,11401169.032000013,False,0.0030582503180227255,-0.014240858627449948,-164708.01999999955
2021-06-16,2021-06-15,1,1,1,TX202107,False,-6000.0,0.0,0.0,0.0,0.0,-6000.0,11395169.032000013,False,-0.000526261823077933,-0.01475962603030434,-170708.01999999955
2021-06-17,2021-06-16,1,1,1,TX202107,False,11000.0,0.0,0.0,0.0,0.0,11000.0,11406169.032000013,False,0.0009653213540852008,-0.01380855245840451,-159708.01999999955
2021-06-18,2021-06-17,1,1,1,TX202107,False,-9000.0,0.0,0.0,0.0,0.0,-9000.0,11397169.032000013,False,-0.0007890466969891903,-0.01458670356268621,-168708.01999999955
2021-06-21,2021-06-18,1,1,1,TX202107,False,-58000.0,0.0,0.0,0.0,0.0,-58000.0,11339169.032000013,False,-0.005088983048084352,-0.019601455123612666,-226708.01999999955
2021-06-22,2021-06-21,0,1,0,,False,38600.0,50.0,68.61200000000001,400.0,518.612,38081.388,11377250.420000013,False,0.0033583931849442738,-0.016308891331970443,-188626.63199999928
2021-06-23,2021-06-22,0,0,0,,False,0.0,0.0,0.0,0.0,0.0,0.0,11377250.420000013,False,0.0,-0.016308891331970443,-188626.63199999928
2021-06-24,2021-06-23,1,0,1,TX202107,False,7600.0,50.0,69.2,400.0,519.2,7080.8,11384331.220000014,False,0.0006223647839861815,-0.01569667662761509,-181545.83199999854
2021-06-25,2021-06-24,1,1,1,TX202107,False,16600.0,0.0,0.0,0.0,0.0,16600.0,11400931.220000014,False,0.0014581445039860655,-0.01426142014638443,-164945.83199999854
2021-06-28,2021-06-25,1,1,1,TX202107,False,23200.0,0.0,0.0,0.0,0.0,23200.0,11424131.220000014,False,0.002034921494772422,-0.012255519522013869,-141745.83199999854
2021-06-29,2021-06-28,1,1,1,TX202107,False,-1200.0,0.0,0.0,0.0,0.0,-1200.0,11422931.220000014,False,-0.00010504081027178525,-0.01235927300258477,-142945.83199999854
2021-06-30,2021-06-29,1,1,1,TX202107,False,37200.0,0.0,0.0,0.0,0.0,37200.0,11460131.220000014,False,0.0032566071950838513,-0.009142915104887184,-105745.83199999854
2021-07-01,2021-06-30,1,1,1,TX202107,False,-13800.0,0.0,0.0,0.0,0.0,-13800.0,11446331.220000014,False,-0.001204174693559921,-0.010336080131452374,-119545.83199999854
2021-07-02,2021-07-01,1,1,1,TX202107,False,1400.0,0.0,0.0,0.0,0.0,1400.0,11447731.220000014,False,0.00012230993259690053,-0.010215034404119638,-118145.83199999854
2021-07-05,2021-07-02,1,1,1,TX202107,False,49000.0,0.0,0.0,0.0,0.0,49000.0,11496731.220000014,False,0.004280324114737552,-0.005978433947474993,-69145.83199999854
2021-07-06,2021-07-05,1,1,1,TX202107,False,-4000.0,0.0,0.0,0.0,0.0,-4000.0,11492731.220000014,False,-0.00034792498175842325,-0.006324278882711254,-73145.83199999854
2021-07-07,2021-07-06,1,1,1,TX202107,False,-9600.0,0.0,0.0,0.0,0.0,-9600.0,11483131.220000014,False,-0.0008353105816390952,-0.007154306727278348,-82745.83199999854
2021-07-08,2021-07-07,1,1,1,TX202107,False,-1000.0,0.0,0.0,0.0,0.0,-1000.0,11482131.220000014,False,-8.708426132571868e-05,-0.007240767961087524,-83745.83199999854
2021-07-09,2021-07-08,1,1,1,TX202107,False,-33400.0,0.0,0.0,0.0,0.0,-33400.0,11448731.220000014,False,-0.002908867644869152,-0.010128573170310573,-117145.83199999854
2021-07-12,2021-07-09,1,1,1,TX202107,False,33200.0,0.0,0.0,0.0,0.0,33200.0,11481931.220000014,False,0.0028998846563890214,-0.0072580602078492484,-83945.83199999854
2021-07-13,2021-07-12,1,1,1,TX202107,False,9000.0,0.0,0.0,0.0,0.0,9000.0,11490931.220000014,False,0.0007838402641119452,-0.00647990910356766,-74945.83199999854
2021-07-14,2021-07-13,1,1,1,TX202107,False,1000.0,0.0,0.0,0.0,0.0,1000.0,11491931.220000014,False,8.702514886343552e-05,-0.006393447869758484,-73945.83199999854
2021-07-15,2021-07-14,1,1,1,TX202107,False,29600.0,0.0,0.0,0.0,0.0,29600.0,11521531.220000014,False,0.0025757202539191636,-0.0038341953490098613,-44345.83199999854
2021-07-16,2021-07-15,1,1,1,TX202107,False,-19400.0,0.0,0.0,0.0,0.0,-19400.0,11502131.220000014,False,-0.001683803969243593,-0.005511543284905995,-63745.83199999854
2021-07-19,2021-07-16,1,1,1,TX202107,False,-26200.0,0.0,0.0,0.0,0.0,-26200.0,11475931.220000014,False,-0.002277838732568378,-0.0077768276107037515,-89945.83199999854
2021-07-20,2021-07-19,1,1,1,TX202108,True,-47200.0,100.0,139.596,800.0,1039.596,-48239.596,11427691.624000013,False,-0.004203545235259779,-0.011947682599315224,-138185.42799999937
2021-07-21,2021-07-20,0,1,0,,False,12800.0,50.0,69.61200000000001,400.0,519.612,12280.388,11439972.012000013,False,0.001074616677108191,-0.010885905101181037,-125905.0399999991
2021-07-22,2021-07-21,0,0,0,,False,0.0,0.0,0.0,0.0,0.0,0.0,11439972.012000013,False,0.0,-0.010885905101181037,-125905.0399999991
2021-07-23,2021-07-22,0,0,0,,False,0.0,0.0,0.0,0.0,0.0,0.0,11439972.012000013,False,0.0,-0.010885905101181037,-125905.0399999991
2021-07-26,2021-07-23,0,0,0,,False,0.0,0.0,0.0,0.0,0.0,0.0,11439972.012000013,False,0.0,-0.010885905101181037,-125905.0399999991
2021-07-27,2021-07-26,0,0,0,,False,0.0,0.0,0.0,0.0,0.0,0.0,11439972.012000013,False,0.0,-0.010885905101181037,-125905.0399999991
2021-07-28,2021-07-27,0,0,0,,False,0.0,0.0,0.0,0.0,0.0,0.0,11439972.012000013,False,0.0,-0.010885905101181037,-125905.0399999991
2021-07-29,2021-07-28,0,0,0,,False,0.0,0.0,0.0,0.0,0.0,0.0,11439972.012000013,False,0.0,-0.010885905101181037,-125905.0399999991
2021-07-30,2021-07-29,0,0,0,,False,0.0,0.0,0.0,0.0,0.0,0.0,11439972.012000013,False,0.0,-0.010885905101181037,-125905.0399999991
2021-08-02,2021-07-30,0,0,0,,False,0.0,0.0,0.0,0.0,0.0,0.0,11439972.012000013,False,0.0,-0.010885905101181037,-125905.0399999991
2021-08-03,2021-08-02,0,0,0,,False,0.0,0.0,0.0,0.0,0.0,0.0,11439972.012000013,False,0.0,-0.010885905101181037,-125905.0399999991
2021-08-04,2021-08-03,0,0,0,,False,0.0,0.0,0.0,0.0,0.0,0.0,11439972.012000013,False,0.0,-0.010885905101181037,-125905.0399999991
2021-08-05,2021-08-04,1,0,1,TX202108,False,-5600.0,50.0,70.28800000000001,400.0,520.288,-6120.2880000000005,11433851.724000013,False,-0.0005349915186488302,-0.011415072752927968,-132025.32799999975
2021-08-06,2021-08-05,1,1,1,TX202108,False,-21000.0,0.0,0.0,0.0,0.0,-21000.0,11412851.724000013,False,-0.001836651419566719,-0.013230758662918563,-153025.32799999975
2021-08-09,2021-08-06,0,1,0,,False,200.0,50.0,69.744,400.0,519.744,-319.744,11412531.980000012,False,-2.8016135470122022e-05,-0.013258404123661638,-153345.07200000063
2021-08-10,2021-08-09,0,0,0,,False,0.0,0.0,0.0,0.0,0.0,0.0,11412531.980000012,False,0.0,-0.013258404123661638,-153345.07200000063
2021-08-11,2021-08-10,0,0,0,,False,0.0,0.0,0.0,0.0,0.0,0.0,11412531.980000012,False,0.0,-0.013258404123661638,-153345.07200000063
2021-08-12,2021-08-11,0,0,0,,False,0.0,0.0,0.0,0.0,0.0,0.0,11412531.980000012,False,0.0,-0.013258404123661638,-153345.07200000063
2021-08-13,2021-08-12,0,0,0,,False,0.0,0.0,0.0,0.0,0.0,0.0,11412531.980000012,False,0.0,-0.013258404123661638,-153345.07200000063
2021-08-16,2021-08-13,0,0,0,,False,0.0,0.0,0.0,0.0,0.0,0.0,11412531.980000012,False,0.0,-0.013258404123661638,-153345.07200000063
2021-08-17,2021-08-16,0,0,0,,False,0.0,0.0,0.0,0.0,0.0,0.0,11412531.980000012,False,0.0,-0.013258404123661638,-153345.07200000063
2021-08-18,2021-08-17,0,0,0,,False,0.0,0.0,0.0,0.0,0.0,0.0,11412531.980000012,False,0.0,-0.013258404123661638,-153345.07200000063
2021-08-19,2021-08-18,0,0,0,,False,0.0,0.0,0.0,0.0,0.0,0.0,11412531.980000012,False,0.0,-0.013258404123661638,-153345.07200000063
2021-08-20,2021-08-19,0,0,0,,False,0.0,0.0,0.0,0.0,0.0,0.0,11412531.980000012,False,0.0,-0.013258404123661638,-153345.07200000063
2021-08-23,2021-08-20,0,0,0,,False,0.0,0.0,0.0,0.0,0.0,0.0,11412531.980000012,False,0.0,-0.013258404123661638,-153345.07200000063
2021-08-24,2021-08-23,0,0,0,,False,0.0,0.0,0.0,0.0,0.0,0.0,11412531.980000012,False,0.0,-0.013258404123661638,-153345.07200000063
2021-08-25,2021-08-24,0,0,0,,False,0.0,0.0,0.0,0.0,0.0,0.0,11412531.980000012,False,0.0,-0.013258404123661638,-153345.07200000063
2021-08-26,2021-08-25,0,0,0,,False,0.0,0.0,0.0,0.0,0.0,0.0,11412531.980000012,False,0.0,-0.013258404123661638,-153345.07200000063
2021-08-27,2021-08-26,0,0,0,,False,0.0,0.0,0.0,0.0,0.0,0.0,11412531.980000012,False,0.0,-0.013258404123661638,-153345.07200000063
2021-08-30,2021-08-27,1,0,1,TX202109,False,18000.0,50.0,69.004,400.0,519.004,17480.996,11430012.976000011,False,0.00153173686878904,-0.011746975641290236,-135864.07600000128
2021-08-31,2021-08-30,1,1,1,TX202109,False,23600.0,0.0,0.0,0.0,0.0,23600.0,11453612.976000011,False,0.0020647395632492917,-0.009706490523396005,-112264.07600000128
2021-09-01,2021-08-31,1,1,1,TX202109,False,3800.0,0.0,0.0,0.0,0.0,3800.0,11457412.976000011,False,0.00033177304034653075,-0.009377937834921468,-108464.07600000128
2021-09-02,2021-09-01,1,1,1,TX202109,False,-31200.0,0.0,0.0,0.0,0.0,-31200.0,11426212.976000011,False,-0.0027231278182391645,-0.012075528329764662,-139664.07600000128
2021-09-03,2021-09-02,1,1,1,TX202109,False,37800.0,0.0,0.0,0.0,0.0,37800.0,11464012.976000011,False,0.0033081826917979165,-0.00880729369178157,-101864.07600000128
2021-09-06,2021-09-03,1,1,1,TX202109,False,-2600.0,0.0,0.0,0.0,0.0,-2600.0,11461412.976000011,False,-0.0002267966728093485,-0.009032092899685207,-104464.07600000128
2021-09-07,2021-09-06,1,1,1,TX202109,False,-14800.0,0.0,0.0,0.0,0.0,-14800.0,11446612.976000011,False,-0.0012912893053405308,-0.010311719160059574,-119264.07600000128
2021-09-08,2021-09-07,1,1,1,TX202109,False,-32000.0,0.0,0.0,0.0,0.0,-32000.0,11414612.976000011,False,-0.0027955867877331097,-0.013078478641949998,-151264.07600000128
2021-09-09,2021-09-08,1,1,1,TX202109,False,-5400.0,0.0,0.0,0.0,0.0,-5400.0,11409212.976000011,False,-0.0004730778004785499,-0.013545369304518995,-156664.07600000128
2021-09-10,2021-09-09,1,1,1,TX202109,False,47600.0,0.0,0.0,0.0,0.0,47600.0,11456812.976000011,False,0.004172066916458617,-0.009429814575206974,-109064.07600000128
2021-09-13,2021-09-10,1,1,1,TX202109,False,-6200.0,0.0,0.0,0.0,0.0,-6200.0,11450612.976000011,False,-0.0005411627136611114,-0.009965874224823201,-115264.07600000128
2021-09-14,2021-09-13,1,1,1,TX202110,True,3800.0,100.0,139.44800000000004,800.0,1039.448,2760.552,11453373.52800001,False,0.00024108333813971337,-0.00972719349290918,-112503.52400000207
2021-09-15,2021-09-14,1,1,1,TX202110,False,-15600.0,0.0,0.0,0.0,0.0,-15600.0,11437773.52800001,False,-0.001362044114064974,-0.011075988740330778,-128103.52400000207
2021-09-16,2021-09-15,1,1,1,TX202110,False,-15000.0,0.0,0.0,0.0,0.0,-15000.0,11422773.52800001,False,-0.00131144404663019,-0.012372907247466869,-143103.52400000207
2021-09-17,2021-09-16,1,1,1,TX202110,False,10000.0,0.0,0.0,0.0,0.0,10000.0,11432773.52800001,False,0.0008754441270754039,-0.011508294909376104,-133103.52400000207
2021-09-22,2021-09-17,1,1,1,TX202110,False,-79600.0,0.0,0.0,0.0,0.0,-79600.0,11353173.52800001,False,-0.006962440024290834,-0.01839060912057855,-212703.52400000207
2021-09-23,2021-09-22,0,1,0,,False,24000.0,50.0,68.072,400.0,518.072,23481.928,11376655.45600001,False,0.0020683140218096014,-0.0163603326534828,-189221.5960000027
2021-09-24,2021-09-23,0,0,0,,False,0.0,0.0,0.0,0.0,0.0,0.0,11376655.45600001,False,0.0,-0.0163603326534828,-189221.5960000027
2021-09-27,2021-09-24,0,0,0,,False,0.0,0.0,0.0,0.0,0.0,0.0,11376655.45600001,False,0.0,-0.0163603326534828,-189221.5960000027
2021-09-28,2021-09-27,0,0,0,,False,0.0,0.0,0.0,0.0,0.0,0.0,11376655.45600001,False,0.0,-0.0163603326534828,-189221.5960000027
2021-09-29,2021-09-28,0,0,0,,False,0.0,0.0,0.0,0.0,0.0,0.0,11376655.45600001,False,0.0,-0.0163603326534828,-189221.5960000027
2021-09-30,2021-09-29,0,0,0,,False,0.0,0.0,0.0,0.0,0.0,0.0,11376655.45600001,False,0.0,-0.0163603326534828,-189221.5960000027
2021-10-01,2021-09-30,0,0,0,,False,0.0,0.0,0.0,0.0,0.0,0.0,11376655.45600001,False,0.0,-0.0163603326534828,-189221.5960000027
2021-10-04,2021-10-01,0,0,0,,False,0.0,0.0,0.0,0.0,0.0,0.0,11376655.45600001,False,0.0,-0.0163603326534828,-189221.5960000027
2021-10-05,2021-10-04,0,0,0,,False,0.0,0.0,0.0,0.0,0.0,0.0,11376655.45600001,False,0.0,-0.0163603326534828,-189221.5960000027
2021-10-06,2021-10-05,0,0,0,,False,0.0,0.0,0.0,0.0,0.0,0.0,11376655.45600001,False,0.0,-0.0163603326534828,-189221.5960000027
2021-10-07,2021-10-06,0,0,0,,False,0.0,0.0,0.0,0.0,0.0,0.0,11376655.45600001,False,0.0,-0.0163603326534828,-189221.5960000027
2021-10-08,2021-10-07,0,0,0,,False,0.0,0.0,0.0,0.0,0.0,0.0,11376655.45600001,False,0.0,-0.0163603326534828,-189221.5960000027
2021-10-12,2021-10-08,0,0,0,,False,0.0,0.0,0.0,0.0,0.0,0.0,11376655.45600001,False,0.0,-0.0163603326534828,-189221.5960000027
2021-10-13,2021-10-12,0,0,0,,False,0.0,0.0,0.0,0.0,0.0,0.0,11376655.45600001,False,0.0,-0.0163603326534828,-189221.5960000027
2021-10-14,2021-10-13,0,0,0,,False,0.0,0.0,0.0,0.0,0.0,0.0,11376655.45600001,False,0.0,-0.0163603326534828,-189221.5960000027
2021-10-15,2021-10-14,0,0,0,,False,0.0,0.0,0.0,0.0,0.0,0.0,11376655.45600001,False,0.0,-0.0163603326534828,-189221.5960000027
2021-10-18,2021-10-15,0,0,0,,False,0.0,0.0,0.0,0.0,0.0,0.0,11376655.45600001,False,0.0,-0.0163603326534828,-189221.5960000027
2021-10-19,2021-10-18,0,0,0,,False,0.0,0.0,0.0,0.0,0.0,0.0,11376655.45600001,False,0.0,-0.0163603326534828,-189221.5960000027
2021-10-20,2021-10-19,1,0,1,TX202111,False,-6400.0,50.0,67.69200000000001,400.0,517.692,-6917.692,11369737.76400001,False,-0.000608060253450994,-0.016958444838913955,-196139.2880000025
2021-10-21,2021-10-20,1,1,1,TX202111,False,-15200.0,0.0,0.0,0.0,0.0,-15200.0,11354537.76400001,False,-0.0013368821968900413,-0.01827265559281188,-211339.2880000025
2021-10-22,2021-10-21,1,1,1,TX202111,False,8200.0,0.0,0.0,0.0,0.0,8200.0,11362737.76400001,False,0.0007221782313321824,-0.017563673475577413,-203139.2880000025
2021-10-25,2021-10-22,1,1,1,TX202111,False,6800.0,0.0,0.0,0.0,0.0,6800.0,11369537.76400001,False,0.0005984473232801428,-0.01697573708567568,-196339.2880000025
2021-10-26,2021-10-25,1,1,1,TX202111,False,32000.0,0.0,0.0,0.0,0.0,32000.0,11401537.76400001,False,0.002814538344850162,-0.014208977603785256,-164339.2880000025
2021-10-27,2021-10-26,1,1,1,TX202111,False,4600.0,0.0,0.0,0.0,0.0,4600.0,11406137.76400001,False,0.00040345434933560914,-0.0138112559282636,-159739.2880000025
2021-10-28,2021-10-27,1,1,1,TX202111,False,-6600.0,0.0,0.0,0.0,0.0,-6600.0,11399537.76400001,False,-0.0005786358306867803,-0.014381900071403497,-166339.2880000025
2021-10-29,2021-10-28,1,1,1,TX202111,False,-18600.0,0.0,0.0,0.0,0.0,-18600.0,11380937.76400001,False,-0.0016316451057111464,-0.01599007902025229,-184939.2880000025
2021-11-01,2021-10-29,1,1,1,TX202111,False,26800.0,0.0,0.0,0.0,0.0,26800.0,11407737.76400001,False,0.002354814739851518,-0.013672917954169028,-158139.2880000025
2021-11-02,2021-11-01,1,1,1,TX202111,False,-6400.0,0.0,0.0,0.0,0.0,-6400.0,11401337.76400001,False,-0.0005610227139158837,-0.01422626985054709,-164539.2880000025
2021-11-03,2021-11-02,1,1,1,TX202111,False,9000.0,0.0,0.0,0.0,0.0,9000.0,11410337.76400001,False,0.0007893810521443993,-0.013448118746265392,-155539.2880000025
2021-11-04,2021-11-03,1,1,1,TX202111,False,-3400.0,0.0,0.0,0.0,0.0,-3400.0,11406937.76400001,False,-0.0002979754035614188,-0.013742086941216258,-158939.2880000025
2021-11-05,2021-11-04,1,1,1,TX202111,False,38400.0,0.0,0.0,0.0,0.0,38400.0,11445337.76400001,False,0.0033663723599149783,-0.010421975562947772,-120539.2880000025
2021-11-08,2021-11-05,1,1,1,TX202111,False,31400.0,0.0,0.0,0.0,0.0,31400.0,11476737.76400001,False,0.0027434751728136046,-0.0077070928213427425,-89139.2880000025
2021-11-09,2021-11-08,1,1,1,TX202111,False,26200.0,0.0,0.0,0.0,0.0,26200.0,11502937.76400001,False,0.002282878683713033,-0.005441808495544986,-62939.2880000025
2021-11-10,2021-11-09,1,1,1,TX202111,False,0.0,0.0,0.0,0.0,0.0,0.0,11502937.76400001,False,0.0,-0.005441808495544986,-62939.2880000025
2021-11-11,2021-11-10,1,1,1,TX202111,False,-17000.0,0.0,0.0,0.0,0.0,-17000.0,11485937.76400001,False,-0.0014778833328303127,-0.006911649470299319,-79939.2880000025
2021-11-12,2021-11-11,1,1,1,TX202111,False,15400.0,0.0,0.0,0.0,0.0,15400.0,11501337.76400001,False,0.0013407699324532042,-0.0055801464696395575,-64539.2880000025
2021-11-15,2021-11-12,1,1,1,TX202111,False,23400.0,0.0,0.0,0.0,0.0,23400.0,11524737.76400001,False,0.0020345459354514078,-0.003556953598507162,-41139.2880000025
2021-11-16,2021-11-15,1,1,1,TX202112,True,7400.0,100.0,141.524,800.0,1041.524,6358.476,11531096.24000001,False,0.0005517241372608115,-0.003007191918401708,-34780.81200000271
2021-11-17,2021-11-16,1,1,1,TX202112,False,16800.0,0.0,0.0,0.0,0.0,16800.0,11547896.24000001,False,0.0014569299961024336,-0.0015546431904093216,-17980.812000002712
2021-11-18,2021-11-17,1,1,1,TX202112,False,19200.0,0.0,0.0,0.0,0.0,19200.0,11567096.24000001,False,0.0016626405018685883,0.0,0.0
2021-11-19,2021-11-18,1,1,1,TX202112,False,-1800.0,0.0,0.0,0.0,0.0,-1800.0,11565296.24000001,False,-0.00015561381721502807,-0.00015561381721507228,-1800.0
2021-11-22,2021-11-19,1,1,1,TX202112,False,-3000.0,0.0,0.0,0.0,0.0,-3000.0,11562296.24000001,False,-0.0002593967277400235,-0.0004149701792400817,-4800.0
2021-11-23,2021-11-22,1,1,1,TX202112,False,-35400.0,0.0,0.0,0.0,0.0,-35400.0,11526896.24000001,False,-0.0030616755759580823,-0.003475375251135615,-40200.0
2021-11-24,2021-11-23,1,1,1,TX202112,False,4000.0,0.0,0.0,0.0,0.0,4000.0,11530896.24000001,False,0.00034701448826436187,-0.0031295667684355655,-36200.0
2021-11-25,2021-11-24,1,1,1,TX202112,False,-600.0,0.0,0.0,0.0,0.0,-600.0,11530296.24000001,False,-5.203411664729363e-05,-0.0031814380408405896,-36800.0
2021-11-26,2021-11-25,1,1,1,TX202112,False,-66800.0,0.0,0.0,0.0,0.0,-66800.0,11463496.24000001,False,-0.005793433109572903,-0.008956439701931607,-103600.0
2021-11-29,2021-11-26,0,1,0,,False,-19800.0,50.0,68.964,400.0,518.9639999999999,-20318.964,11443177.27600001,False,-0.0017724927521762753,-0.01071305722965088,-123918.96399999969
2021-11-30,2021-11-29,0,0,0,,False,0.0,0.0,0.0,0.0,0.0,0.0,11443177.27600001,False,0.0,-0.01071305722965088,-123918.96399999969
2021-12-01,2021-11-30,0,0,0,,False,0.0,0.0,0.0,0.0,0.0,0.0,11443177.27600001,False,0.0,-0.01071305722965088,-123918.96399999969
2021-12-02,2021-12-01,1,0,1,TX202112,False,27000.0,50.0,70.28800000000001,400.0,520.288,26479.712,11469656.98800001,False,0.0023140174587294384,-0.008423829972387331,-97439.25200000033
2021-12-03,2021-12-02,1,1,1,TX202112,False,200.0,0.0,0.0,0.0,0.0,200.0,11469856.98800001,False,1.7437313095696548e-05,-0.008406539548252323,-97239.25200000033
2021-12-06,2021-12-03,1,1,1,TX202112,False,-2600.0,0.0,0.0,0.0,0.0,-2600.0,11467256.98800001,False,-0.0002266811175344358,-0.008631315062007316,-99839.25200000033
2021-12-07,2021-12-06,1,1,1,TX202112,False,20400.0,0.0,0.0,0.0,0.0,20400.0,11487656.98800001,False,0.0017789781829558474,-0.006867691800237052,-79439.25200000033
2021-12-08,2021-12-07,1,1,1,TX202112,False,11200.0,0.0,0.0,0.0,0.0,11200.0,11498856.98800001,False,0.0009749594727366515,-0.005899428048676825,-68239.25200000033
2021-12-09,2021-12-08,1,1,1,TX202112,False,12000.0,0.0,0.0,0.0,0.0,12000.0,11510856.98800001,False,0.001043581984933196,-0.004862002600576676,-56239.25200000033
2021-12-10,2021-12-09,1,1,1,TX202112,False,-18600.0,0.0,0.0,0.0,0.0,-18600.0,11492256.98800001,False,-0.0016158657882197976,-0.006470012045131979,-74839.25200000033
2021-12-13,2021-12-10,1,1,1,TX202112,False,-13200.0,0.0,0.0,0.0,0.0,-13200.0,11479056.98800001,False,-0.0011485994451553932,-0.007611180038042176,-88039.25200000033
2021-12-14,2021-12-13,1,1,1,TX202201,True,-29400.0,100.0,140.592,800.0,1040.592,-30440.592,11448616.396000009,False,-0.0026518373444632277,-0.010242833771045068,-118479.8440000005
2021-12-15,2021-12-14,0,1,0,,False,-10400.0,50.0,69.956,400.0,519.956,-10919.956,11437696.440000009,False,-0.0009538232064282707,-0.011186887124922995,-129399.80000000075
2021-12-16,2021-12-15,0,0,0,,False,0.0,0.0,0.0,0.0,0.0,0.0,11437696.440000009,False,0.0,-0.011186887124922995,-129399.80000000075
2021-12-17,2021-12-16,1,0,1,TX202201,False,14000.0,50.0,70.872,400.0,520.872,13479.128,11451175.56800001,False,0.0011784827539976215,-0.010021587924472941,-115920.67200000025
2021-12-20,2021-12-17,1,1,1,TX202201,False,-41200.0,0.0,0.0,0.0,0.0,-41200.0,11409975.56800001,False,-0.0035978838814708465,-0.013583415296283596,-157120.67200000025
2021-12-21,2021-12-20,0,1,0,,False,16000.0,50.0,70.632,400.0,520.6320000000001,15479.368,11425454.93600001,False,0.0013566521600110045,-0.012245191105974551,-141641.30399999954
2021-12-22,2021-12-21,1,0,1,TX202201,False,-2800.0,50.0,71.396,400.0,521.396,-3321.396,11422133.54000001,False,-0.0002907014222720135,-0.012532332833775972,-144962.69999999925
2021-12-23,2021-12-22,1,1,1,TX202201,False,24200.0,0.0,0.0,0.0,0.0,24200.0,11446333.54000001,False,0.002118693492354317,-0.010440191513440666,-120762.69999999925
2021-12-24,2021-12-23,1,1,1,TX202201,False,800.0,0.0,0.0,0.0,0.0,800.0,11447133.54000001,False,6.989137588943606e-05,-0.010371029816900634,-119962.69999999925
2021-12-27,2021-12-24,1,1,1,TX202201,False,22000.0,0.0,0.0,0.0,0.0,22000.0,11469133.54000001,False,0.00192187851422584,-0.008469083162050306,-97962.69999999925
2021-12-28,2021-12-27,1,1,1,TX202201,False,27800.0,0.0,0.0,0.0,0.0,27800.0,11496933.54000001,False,0.002423897141230773,-0.006065714207284856,-70162.69999999925
2021-12-29,2021-12-28,1,1,1,TX202201,False,13800.0,0.0,0.0,0.0,0.0,13800.0,11510733.54000001,False,0.0012003200637793708,-0.004872674941969635,-56362.699999999255
2021-12-30,2021-12-29,1,1,1,TX202201,False,-12800.0,0.0,0.0,0.0,0.0,-12800.0,11497933.54000001,False,-0.0011120055863963634,-0.005979262086609816,-69162.69999999925
2022-01-03,2021-12-30,1,1,1,TX202201,False,12200.0,0.0,0.0,0.0,0.0,12200.0,11510133.54000001,False,0.0010610602294366706,-0.004924546214374659,-56962.699999999255
2022-01-04,2022-01-03,1,1,1,TX202201,False,48600.0,0.0,0.0,0.0,0.0,48600.0,11558733.54000001,False,0.004222366302797905,-0.0007229731495689284,-8362.699999999255
2022-01-05,2022-01-04,1,1,1,TX202201,False,-7200.0,0.0,0.0,0.0,0.0,-7200.0,11551533.54000001,False,-0.0006229056128929497,-0.0013454284184289955,-15562.699999999255
2022-01-06,2022-01-05,1,1,1,TX202201,False,-29000.0,0.0,0.0,0.0,0.0,-29000.0,11522533.54000001,False,-0.0025104891830665084,-0.003852539918004494,-44562.699999999255
2022-01-07,2022-01-06,1,1,1,TX202201,False,-38400.0,0.0,0.0,0.0,0.0,-38400.0,11484133.54000001,False,-0.0033326004100310016,-0.007172301351925037,-82962.69999999925
2022-01-10,2022-01-07,1,1,1,TX202201,False,23000.0,0.0,0.0,0.0,0.0,23000.0,11507133.54000001,False,0.0020027631967086982,-0.005183902576399668,-59962.699999999255
2022-01-11,2022-01-10,1,1,1,TX202201,False,4400.0,0.0,0.0,0.0,0.0,4400.0,11511533.54000001,False,0.00038237150761352825,-0.0048035132454296026,-55562.699999999255
2022-01-12,2022-01-11,1,1,1,TX202201,False,19000.0,0.0,0.0,0.0,0.0,19000.0,11530533.54000001,False,0.0016505185806894658,-0.0031609229526042837,-36562.699999999255
2022-01-13,2022-01-12,1,1,1,TX202201,False,10000.0,0.0,0.0,0.0,0.0,10000.0,11540533.54000001,False,0.0008672625568721073,-0.002296401745854215,-26562.699999999255
2022-01-14,2022-01-13,1,1,1,TX202201,False,-13600.0,0.0,0.0,0.0,0.0,-13600.0,11526933.54000001,False,-0.0011784550474084915,-0.0034721505870344282,-40162.699999999255
2022-01-17,2022-01-14,1,1,1,TX202201,False,30400.0,0.0,0.0,0.0,0.0,30400.0,11557333.54000001,False,0.0026373015767383328,-0.0008440061185138736,-9762.699999999255
2022-01-18,2022-01-17,1,1,1,TX202202,True,-32000.0,100.0,146.65200000000002,800.0,1046.652,-33046.652,11524286.88800001,False,-0.0028593664694044965,-0.0037009592651232603,-42809.351999999955
2022-01-19,2022-01-18,1,1,1,TX202202,False,-34200.0,0.0,0.0,0.0,0.0,-34200.0,11490086.88800001,False,-0.0029676456627968644,-0.0066576217922087455,-77009.35199999996
2022-01-20,2022-01-19,0,1,0,,False,12000.0,50.0,72.804,400.0,522.804,11477.196,11501564.08400001,False,0.0009988780861166966,-0.005665393858605872,-65532.15599999949
2022-01-21,2022-01-20,0,0,0,,False,0.0,0.0,0.0,0.0,0.0,0.0,11501564.08400001,False,0.0,-0.005665393858605872,-65532.15599999949
2022-01-24,2022-01-21,0,0,0,,False,0.0,0.0,0.0,0.0,0.0,0.0,11501564.08400001,False,0.0,-0.005665393858605872,-65532.15599999949
2022-01-25,2022-01-24,0,0,0,,False,0.0,0.0,0.0,0.0,0.0,0.0,11501564.08400001,False,0.0,-0.005665393858605872,-65532.15599999949
2022-01-26,2022-01-25,0,0,0,,False,0.0,0.0,0.0,0.0,0.0,0.0,11501564.08400001,False,0.0,-0.005665393858605872,-65532.15599999949
2022-02-07,2022-01-26,0,0,0,,False,0.0,0.0,0.0,0.0,0.0,0.0,11501564.08400001,False,0.0,-0.005665393858605872,-65532.15599999949
2022-02-08,2022-02-07,0,0,0,,False,0.0,0.0,0.0,0.0,0.0,0.0,11501564.08400001,False,0.0,-0.005665393858605872,-65532.15599999949
2022-02-09,2022-02-08,0,0,0,,False,0.0,0.0,0.0,0.0,0.0,0.0,11501564.08400001,False,0.0,-0.005665393858605872,-65532.15599999949
2022-02-10,2022-02-09,0,0,0,,False,0.0,0.0,0.0,0.0,0.0,0.0,11501564.08400001,False,0.0,-0.005665393858605872,-65532.15599999949
2022-02-11,2022-02-10,1,0,1,TX202202,False,14600.0,50.0,72.816,400.0,522.816,14077.184,11515641.26800001,False,0.0012239364922187383,-0.004448391448673483,-51454.971999999136
2022-02-14,2022-02-11,1,1,1,TX202202,False,-59600.0,0.0,0.0,0.0,0.0,-59600.0,11456041.26800001,False,-0.005175569350672478,-0.009600937840904433,-111054.97199999914
2022-02-15,2022-02-14,0,1,0,,False,-11000.0,50.0,71.68,400.0,521.6800000000001,-11521.68,11444519.58800001,False,-0.0010057296172791676,-0.010597011510643295,-122576.65199999884
2022-02-16,2022-02-15,0,0,0,,False,0.0,0.0,0.0,0.0,0.0,0.0,11444519.58800001,False,0.0,-0.010597011510643295,-122576.65199999884
2022-02-17,2022-02-16,1,0,1,TX202203,False,-5200.0,50.0,73.084,400.0,523.0840000000001,-5723.084,11438796.50400001,False,-0.0005000720175271366,-0.01109178425924462,-128299.73599999957
2022-02-18,2022-02-17,1,1,1,TX202203,False,-3400.0,0.0,0.0,0.0,0.0,-3400.0,11435396.50400001,False,-0.00029723406643444183,-0.011385721469539645,-131699.73599999957
2022-02-21,2022-02-18,1,1,1,TX202203,False,-3200.0,0.0,0.0,0.0,0.0,-3200.0,11432196.50400001,False,-0.00027983288545182193,-0.011662368255699662,-134899.73599999957
2022-02-22,2022-02-21,1,1,1,TX202203,False,-66400.0,0.0,0.0,0.0,0.0,-66400.0,11365796.50400001,False,-0.00580815768664992,-0.017402789068520774,-201299.73599999957
2022-02-23,2022-02-22,0,1,0,,False,15200.0,50.0,71.808,400.0,521.808,14678.192,11380474.69600001,False,0.0012914354040065952,-0.01613382824244569,-186621.54399999976
2022-02-24,2022-02-23,0,0,0,,False,0.0,0.0,0.0,0.0,0.0,0.0,11380474.69600001,False,0.0,-0.01613382824244569,-186621.54399999976
2022-02-25,2022-02-24,0,0,0,,False,0.0,0.0,0.0,0.0,0.0,0.0,11380474.69600001,False,0.0,-0.01613382824244569,-186621.54399999976
2022-03-01,2022-02-25,0,0,0,,False,0.0,0.0,0.0,0.0,0.0,0.0,11380474.69600001,False,0.0,-0.01613382824244569,-186621.54399999976
2022-03-02,2022-03-01,0,0,0,,False,0.0,0.0,0.0,0.0,0.0,0.0,11380474.69600001,False,0.0,-0.01613382824244569,-186621.54399999976
2022-03-03,2022-03-02,0,0,0,,False,0.0,0.0,0.0,0.0,0.0,0.0,11380474.69600001,False,0.0,-0.01613382824244569,-186621.54399999976
2022-03-04,2022-03-03,0,0,0,,False,0.0,0.0,0.0,0.0,0.0,0.0,11380474.69600001,False,0.0,-0.01613382824244569,-186621.54399999976
2022-03-07,2022-03-04,0,0,0,,False,0.0,0.0,0.0,0.0,0.0,0.0,11380474.69600001,False,0.0,-0.01613382824244569,-186621.54399999976
2022-03-08,2022-03-07,0,0,0,,False,0.0,0.0,0.0,0.0,0.0,0.0,11380474.69600001,False,0.0,-0.01613382824244569,-186621.54399999976
2022-03-09,2022-03-08,0,0,0,,False,0.0,0.0,0.0,0.0,0.0,0.0,11380474.69600001,False,0.0,-0.01613382824244569,-186621.54399999976
2022-03-10,2022-03-09,0,0,0,,False,0.0,0.0,0.0,0.0,0.0,0.0,11380474.69600001,False,0.0,-0.01613382824244569,-186621.54399999976
2022-03-11,2022-03-10,0,0,0,,False,0.0,0.0,0.0,0.0,0.0,0.0,11380474.69600001,False,0.0,-0.01613382824244569,-186621.54399999976
2022-03-14,2022-03-11,0,0,0,,False,0.0,0.0,0.0,0.0,0.0,0.0,11380474.69600001,False,0.0,-0.01613382824244569,-186621.54399999976
2022-03-15,2022-03-14,0,0,0,,False,0.0,0.0,0.0,0.0,0.0,0.0,11380474.69600001,False,0.0,-0.01613382824244569,-186621.54399999976
2022-03-16,2022-03-15,0,0,0,,False,0.0,0.0,0.0,0.0,0.0,0.0,11380474.69600001,False,0.0,-0.01613382824244569,-186621.54399999976
2022-03-17,2022-03-16,0,0,0,,False,0.0,0.0,0.0,0.0,0.0,0.0,11380474.69600001,False,0.0,-0.01613382824244569,-186621.54399999976
2022-03-18,2022-03-17,0,0,0,,False,0.0,0.0,0.0,0.0,0.0,0.0,11380474.69600001,False,0.0,-0.01613382824244569,-186621.54399999976
2022-03-21,2022-03-18,0,0,0,,False,0.0,0.0,0.0,0.0,0.0,0.0,11380474.69600001,False,0.0,-0.01613382824244569,-186621.54399999976
2022-03-22,2022-03-21,1,0,1,TX202204,False,-3200.0,50.0,70.152,400.0,520.152,-3720.152,11376754.54400001,False,-0.0003268890006238099,-0.01645544327207915,-190341.69600000046
2022-03-23,2022-03-22,1,1,1,TX202204,False,36400.0,0.0,0.0,0.0,0.0,36400.0,11413154.54400001,False,0.003199506490117343,-0.013308586079508578,-153941.69600000046
2022-03-24,2022-03-23,1,1,1,TX202204,False,-6200.0,0.0,0.0,0.0,0.0,-6200.0,11406954.54400001,False,-0.000543232808781985,-0.013844589227693715,-160141.69600000046
2022-03-25,2022-03-24,1,1,1,TX202204,False,-10000.0,0.0,0.0,0.0,0.0,-10000.0,11396954.54400001,False,-0.0008766581791333552,-0.014709110434443895,-170141.69600000046
2022-03-28,2022-03-25,1,1,1,TX202204,False,-36600.0,0.0,0.0,0.0,0.0,-36600.0,11360354.54400001,False,-0.0032113842218725245,-0.017873258051149477,-206741.69600000046
2022-03-29,2022-03-28,1,1,1,TX202204,False,21400.0,0.0,0.0,0.0,0.0,21400.0,11381754.54400001,False,0.0018837440255156867,-0.01602318266870406,-185341.69600000046
2022-03-30,2022-03-29,1,1,1,TX202204,False,39200.0,0.0,0.0,0.0,0.0,39200.0,11420954.54400001,False,0.003444108713508026,-0.012634259538243486,-146141.69600000046
2022-03-31,2022-03-30,1,1,1,TX202204,False,-20400.0,0.0,0.0,0.0,0.0,-20400.0,11400554.54400001,False,-0.0017861904555707322,-0.01439788280001375,-166541.69600000046
2022-04-01,2022-03-31,1,1,1,TX202204,False,-17000.0,0.0,0.0,0.0,0.0,-17000.0,11383554.54400001,False,-0.0014911555340917095,-0.0158675688514891,-183541.69600000046
2022-04-06,2022-04-01,1,1,1,TX202204,False,-9600.0,0.0,0.0,0.0,0.0,-9600.0,11373954.54400001,False,-0.0008433218256120118,-0.016697509209969263,-193141.69600000046
2022-04-07,2022-04-06,1,1,1,TX202204,False,-72600.0,0.0,0.0,0.0,0.0,-72600.0,11301354.54400001,False,-0.006383004232973479,-0.022973933170975402,-265741.69600000046
2022-04-08,2022-04-07,0,1,0,,False,11400.0,50.0,68.792,400.0,518.792,10881.208,11312235.75200001,False,0.0009628233463197499,-0.022033229663869336,-254860.4879999999
2022-04-11,2022-04-08,0,0,0,,False,0.0,0.0,0.0,0.0,0.0,0.0,11312235.75200001,False,0.0,-0.022033229663869336,-254860.4879999999
2022-04-12,2022-04-11,0,0,0,,False,0.0,0.0,0.0,0.0,0.0,0.0,11312235.75200001,False,0.0,-0.022033229663869336,-254860.4879999999
2022-04-13,2022-04-12,0,0,0,,False,0.0,0.0,0.0,0.0,0.0,0.0,11312235.75200001,False,0.0,-0.022033229663869336,-254860.4879999999
2022-04-14,2022-04-13,0,0,0,,False,0.0,0.0,0.0,0.0,0.0,0.0,11312235.75200001,False,0.0,-0.022033229663869336,-254860.4879999999
2022-04-15,2022-04-14,0,0,0,,False,0.0,0.0,0.0,0.0,0.0,0.0,11312235.75200001,False,0.0,-0.022033229663869336,-254860.4879999999
2022-04-18,2022-04-15,0,0,0,,False,0.0,0.0,0.0,0.0,0.0,0.0,11312235.75200001,False,0.0,-0.022033229663869336,-254860.4879999999
2022-04-19,2022-04-18,0,0,0,,False,0.0,0.0,0.0,0.0,0.0,0.0,11312235.75200001,False,0.0,-0.022033229663869336,-254860.4879999999
2022-04-20,2022-04-19,0,0,0,,False,0.0,0.0,0.0,0.0,0.0,0.0,11312235.75200001,False,0.0,-0.022033229663869336,-254860.4879999999
2022-04-21,2022-04-20,0,0,0,,False,0.0,0.0,0.0,0.0,0.0,0.0,11312235.75200001,False,0.0,-0.022033229663869336,-254860.4879999999
2022-04-22,2022-04-21,0,0,0,,False,0.0,0.0,0.0,0.0,0.0,0.0,11312235.75200001,False,0.0,-0.022033229663869336,-254860.4879999999
2022-04-25,2022-04-22,0,0,0,,False,0.0,0.0,0.0,0.0,0.0,0.0,11312235.75200001,False,0.0,-0.022033229663869336,-254860.4879999999
2022-04-26,2022-04-25,0,0,0,,False,0.0,0.0,0.0,0.0,0.0,0.0,11312235.75200001,False,0.0,-0.022033229663869336,-254860.4879999999
2022-04-27,2022-04-26,0,0,0,,False,0.0,0.0,0.0,0.0,0.0,0.0,11312235.75200001,False,0.0,-0.022033229663869336,-254860.4879999999
2022-04-28,2022-04-27,0,0,0,,False,0.0,0.0,0.0,0.0,0.0,0.0,11312235.75200001,False,0.0,-0.022033229663869336,-254860.4879999999
2022-04-29,2022-04-28,0,0,0,,False,0.0,0.0,0.0,0.0,0.0,0.0,11312235.75200001,False,0.0,-0.022033229663869336,-254860.4879999999
2022-05-03,2022-04-29,0,0,0,,False,0.0,0.0,0.0,0.0,0.0,0.0,11312235.75200001,False,0.0,-0.022033229663869336,-254860.4879999999
2022-05-04,2022-05-03,0,0,0,,False,0.0,0.0,0.0,0.0,0.0,0.0,11312235.75200001,False,0.0,-0.022033229663869336,-254860.4879999999
2022-05-05,2022-05-04,0,0,0,,False,0.0,0.0,0.0,0.0,0.0,0.0,11312235.75200001,False,0.0,-0.022033229663869336,-254860.4879999999
2022-05-06,2022-05-05,0,0,0,,False,0.0,0.0,0.0,0.0,0.0,0.0,11312235.75200001,False,0.0,-0.022033229663869336,-254860.4879999999
2022-05-09,2022-05-06,0,0,0,,False,0.0,0.0,0.0,0.0,0.0,0.0,11312235.75200001,False,0.0,-0.022033229663869336,-254860.4879999999
2022-05-10,2022-05-09,0,0,0,,False,0.0,0.0,0.0,0.0,0.0,0.0,11312235.75200001,False,0.0,-0.022033229663869336,-254860.4879999999
2022-05-11,2022-05-10,0,0,0,,False,0.0,0.0,0.0,0.0,0.0,0.0,11312235.75200001,False,0.0,-0.022033229663869336,-254860.4879999999
2022-05-12,2022-05-11,0,0,0,,False,0.0,0.0,0.0,0.0,0.0,0.0,11312235.75200001,False,0.0,-0.022033229663869336,-254860.4879999999
2022-05-13,2022-05-12,0,0,0,,False,0.0,0.0,0.0,0.0,0.0,0.0,11312235.75200001,False,0.0,-0.022033229663869336,-254860.4879999999
2022-05-16,2022-05-13,0,0,0,,False,0.0,0.0,0.0,0.0,0.0,0.0,11312235.75200001,False,0.0,-0.022033229663869336,-254860.4879999999
2022-05-17,2022-05-16,0,0,0,,False,0.0,0.0,0.0,0.0,0.0,0.0,11312235.75200001,False,0.0,-0.022033229663869336,-254860.4879999999
2022-05-18,2022-05-17,0,0,0,,False,0.0,0.0,0.0,0.0,0.0,0.0,11312235.75200001,False,0.0,-0.022033229663869336,-254860.4879999999
2022-05-19,2022-05-18,0,0,0,,False,0.0,0.0,0.0,0.0,0.0,0.0,11312235.75200001,False,0.0,-0.022033229663869336,-254860.4879999999
2022-05-20,2022-05-19,0,0,0,,False,0.0,0.0,0.0,0.0,0.0,0.0,11312235.75200001,False,0.0,-0.022033229663869336,-254860.4879999999
2022-05-23,2022-05-20,0,0,0,,False,0.0,0.0,0.0,0.0,0.0,0.0,11312235.75200001,False,0.0,-0.022033229663869336,-254860.4879999999
2022-05-24,2022-05-23,0,0,0,,False,0.0,0.0,0.0,0.0,0.0,0.0,11312235.75200001,False,0.0,-0.022033229663869336,-254860.4879999999
2022-05-25,2022-05-24,0,0,0,,False,0.0,0.0,0.0,0.0,0.0,0.0,11312235.75200001,False,0.0,-0.022033229663869336,-254860.4879999999
2022-05-26,2022-05-25,0,0,0,,False,0.0,0.0,0.0,0.0,0.0,0.0,11312235.75200001,False,0.0,-0.022033229663869336,-254860.4879999999
2022-05-27,2022-05-26,0,0,0,,False,0.0,0.0,0.0,0.0,0.0,0.0,11312235.75200001,False,0.0,-0.022033229663869336,-254860.4879999999
2022-05-30,2022-05-27,1,0,1,TX202206,False,32000.0,50.0,65.608,400.0,515.608,31484.392,11343720.14400001,False,0.002783215686999234,-0.019311337207305823,-223376.09599999897
2022-05-31,2022-05-30,1,1,1,TX202206,False,24400.0,0.0,0.0,0.0,0.0,24400.0,11368120.14400001,False,0.00215096984853825,-0.0172019054628354,-198976.09599999897
2022-06-01,2022-05-31,1,1,1,TX202206,False,-14400.0,0.0,0.0,0.0,0.0,-14400.0,11353720.14400001,False,-0.0012667001947195453,-0.018446816000555644,-213376.09599999897
2022-06-02,2022-06-01,1,1,1,TX202206,False,-15600.0,0.0,0.0,0.0,0.0,-15600.0,11338120.14400001,False,-0.0013739989890665025,-0.019795469083085826,-228976.09599999897
2022-06-06,2022-06-02,1,1,1,TX202206,False,13600.0,0.0,0.0,0.0,0.0,13600.0,11351720.14400001,False,0.0011994933752044379,-0.018619720241905613,-215376.09599999897
2022-06-07,2022-06-06,1,1,1,TX202206,False,-27600.0,0.0,0.0,0.0,0.0,-27600.0,11324120.14400001,False,-0.002431349579613101,-0.021005798772536055,-242976.09599999897
2022-06-08,2022-06-07,1,1,1,TX202206,False,36400.0,0.0,0.0,0.0,0.0,36400.0,11360520.14400001,False,0.0032143777650828114,-0.01785894157996548,-206576.09599999897
2022-06-09,2022-06-08,1,1,1,TX202206,False,-12400.0,0.0,0.0,0.0,0.0,-12400.0,11348120.14400001,False,-0.0010914993189417462,-0.018930947876335757,-218976.09599999897
2022-06-10,2022-06-09,1,1,1,TX202206,False,-22200.0,0.0,0.0,0.0,0.0,-22200.0,11325920.14400001,False,-0.001956271146083839,-0.020850184955321094,-241176.09599999897
2022-06-13,2022-06-10,1,1,1,TX202206,False,-83600.0,0.0,0.0,0.0,0.0,-83600.0,11242320.14400001,False,-0.007381298732208324,-0.02807758224375234,-324776.095999999
2022-06-14,2022-06-13,0,1,0,,False,-20600.0,50.0,63.79200000000001,400.0,513.792,-21113.792,11221206.352000011,False,-0.0018780635784748012,-0.02990291433764347,-345889.8879999984
2022-06-15,2022-06-14,0,0,0,,False,0.0,0.0,0.0,0.0,0.0,0.0,11221206.352000011,False,0.0,-0.02990291433764347,-345889.8879999984
2022-06-16,2022-06-15,0,0,0,,False,0.0,0.0,0.0,0.0,0.0,0.0,11221206.352000011,False,0.0,-0.02990291433764347,-345889.8879999984
2022-06-17,2022-06-16,0,0,0,,False,0.0,0.0,0.0,0.0,0.0,0.0,11221206.352000011,False,0.0,-0.02990291433764347,-345889.8879999984
2022-06-20,2022-06-17,0,0,0,,False,0.0,0.0,0.0,0.0,0.0,0.0,11221206.352000011,False,0.0,-0.02990291433764347,-345889.8879999984
2022-06-21,2022-06-20,0,0,0,,False,0.0,0.0,0.0,0.0,0.0,0.0,11221206.352000011,False,0.0,-0.02990291433764347,-345889.8879999984
2022-06-22,2022-06-21,0,0,0,,False,0.0,0.0,0.0,0.0,0.0,0.0,11221206.352000011,False,0.0,-0.02990291433764347,-345889.8879999984
2022-06-23,2022-06-22,0,0,0,,False,0.0,0.0,0.0,0.0,0.0,0.0,11221206.352000011,False,0.0,-0.02990291433764347,-345889.8879999984
2022-06-24,2022-06-23,0,0,0,,False,0.0,0.0,0.0,0.0,0.0,0.0,11221206.352000011,False,0.0,-0.02990291433764347,-345889.8879999984
2022-06-27,2022-06-24,0,0,0,,False,0.0,0.0,0.0,0.0,0.0,0.0,11221206.352000011,False,0.0,-0.02990291433764347,-345889.8879999984
2022-06-28,2022-06-27,0,0,0,,False,0.0,0.0,0.0,0.0,0.0,0.0,11221206.352000011,False,0.0,-0.02990291433764347,-345889.8879999984
2022-06-29,2022-06-28,0,0,0,,False,0.0,0.0,0.0,0.0,0.0,0.0,11221206.352000011,False,0.0,-0.02990291433764347,-345889.8879999984
2022-06-30,2022-06-29,0,0,0,,False,0.0,0.0,0.0,0.0,0.0,0.0,11221206.352000011,False,0.0,-0.02990291433764347,-345889.8879999984
2022-07-01,2022-06-30,0,0,0,,False,0.0,0.0,0.0,0.0,0.0,0.0,11221206.352000011,False,0.0,-0.02990291433764347,-345889.8879999984
2022-07-04,2022-07-01,0,0,0,,False,0.0,0.0,0.0,0.0,0.0,0.0,11221206.352000011,False,0.0,-0.02990291433764347,-345889.8879999984
2022-07-05,2022-07-04,0,0,0,,False,0.0,0.0,0.0,0.0,0.0,0.0,11221206.352000011,False,0.0,-0.02990291433764347,-345889.8879999984
2022-07-06,2022-07-05,0,0,0,,False,0.0,0.0,0.0,0.0,0.0,0.0,11221206.352000011,False,0.0,-0.02990291433764347,-345889.8879999984
2022-07-07,2022-07-06,0,0,0,,False,0.0,0.0,0.0,0.0,0.0,0.0,11221206.352000011,False,0.0,-0.02990291433764347,-345889.8879999984
2022-07-08,2022-07-07,0,0,0,,False,0.0,0.0,0.0,0.0,0.0,0.0,11221206.352000011,False,0.0,-0.02990291433764347,-345889.8879999984
2022-07-11,2022-07-08,0,0,0,,False,0.0,0.0,0.0,0.0,0.0,0.0,11221206.352000011,False,0.0,-0.02990291433764347,-345889.8879999984
2022-07-12,2022-07-11,0,0,0,,False,0.0,0.0,0.0,0.0,0.0,0.0,11221206.352000011,False,0.0,-0.02990291433764347,-345889.8879999984
2022-07-13,2022-07-12,0,0,0,,False,0.0,0.0,0.0,0.0,0.0,0.0,11221206.352000011,False,0.0,-0.02990291433764347,-345889.8879999984
2022-07-14,2022-07-13,0,0,0,,False,0.0,0.0,0.0,0.0,0.0,0.0,11221206.352000011,False,0.0,-0.02990291433764347,-345889.8879999984
2022-07-15,2022-07-14,0,0,0,,False,0.0,0.0,0.0,0.0,0.0,0.0,11221206.352000011,False,0.0,-0.02990291433764347,-345889.8879999984
2022-07-18,2022-07-15,0,0,0,,False,0.0,0.0,0.0,0.0,0.0,0.0,11221206.352000011,False,0.0,-0.02990291433764347,-345889.8879999984
2022-07-19,2022-07-18,1,0,1,TX202208,True,23200.0,150.0,175.08,1200.0,1525.08,21674.92,11242881.272000011,False,0.0019316033695554284,-0.028029071538182238,-324214.9679999985
2022-07-20,2022-07-19,1,1,1,TX202208,False,17600.0,0.0,0.0,0.0,0.0,17600.0,11260481.272000011,False,0.0015654350138724815,-0.026507514214301864,-306614.9679999985
2022-07-21,2022-07-20,1,1,1,TX202208,False,26400.0,0.0,0.0,0.0,0.0,26400.0,11286881.272000011,False,0.0023444823859922826,-0.02422517822848147,-280214.9679999985
2022-07-22,2022-07-21,1,1,1,TX202208,False,600.0,0.0,0.0,0.0,0.0,600.0,11287481.272000011,False,5.3159060110648376e-05,-0.024173306956076446,-279614.9679999985
2022-07-25,2022-07-22,1,1,1,TX202208,False,8600.0,0.0,0.0,0.0,0.0,8600.0,11296081.272000011,False,0.0007619060260443895,-0.023429818718271322,-271014.9679999985
2022-07-26,2022-07-25,1,1,1,TX202208,False,-17800.0,0.0,0.0,0.0,0.0,-17800.0,11278281.272000011,False,-0.0015757676995580298,-0.024968666466286593,-288814.9679999985
2022-07-27,2022-07-26,1,1,1,TX202208,False,17800.0,0.0,0.0,0.0,0.0,17800.0,11296081.272000011,False,0.0015782546622765219,-0.023429818718271322,-271014.9679999985
2022-07-28,2022-07-27,1,1,1,TX202208,False,7400.0,0.0,0.0,0.0,0.0,7400.0,11303481.272000011,False,0.0006550944368949113,-0.022790073025276247,-263614.9679999985
2022-07-29,2022-07-28,1,1,1,TX202208,False,21400.0,0.0,0.0,0.0,0.0,21400.0,11324881.272000011,False,0.0018932220512463003,-0.020939997642830943,-242214.96799999848
2022-08-01,2022-07-29,1,1,1,TX202208,False,-13600.0,0.0,0.0,0.0,0.0,-13600.0,11311281.272000011,False,-0.0012008955920469616,-0.022115746484011156,-255814.96799999848
2022-08-02,2022-08-01,1,1,1,TX202208,False,-45400.0,0.0,0.0,0.0,0.0,-45400.0,11265881.272000011,False,-0.004013692075042227,-0.02604067276265687,-301214.9679999985
2022-08-03,2022-08-02,1,1,1,TX202208,False,5200.0,0.0,0.0,0.0,0.0,5200.0,11271081.272000011,False,0.00046157063743641367,-0.02559112173514677,-296014.9679999985
2022-08-04,2022-08-03,1,1,1,TX202208,False,-2200.0,0.0,0.0,0.0,0.0,-2200.0,11268881.272000011,False,-0.00019518979119290995,-0.02578131640063175,-298214.9679999985
2022-08-05,2022-08-04,1,1,1,TX202208,False,70200.0,0.0,0.0,0.0,0.0,70200.0,11339081.272000011,False,0.006229544735237133,-0.019712377529245706,-228014.96799999848
2022-08-08,2022-08-05,1,1,1,TX202208,False,-9600.0,0.0,0.0,0.0,0.0,-9600.0,11329481.272000011,False,-0.0008466294375811217,-0.02054231788772587,-237614.96799999848
2022-08-09,2022-08-08,1,1,1,TX202208,False,11000.0,0.0,0.0,0.0,0.0,11000.0,11340481.272000011,False,0.0009709182385239208,-0.01959134456030065,-226614.96799999848
2022-08-10,2022-08-09,1,1,1,TX202208,False,-28000.0,0.0,0.0,0.0,0.0,-28000.0,11312481.272000011,False,-0.002469031016270257,-0.022012003939201108,-254614.96799999848
2022-08-11,2022-08-10,1,1,1,TX202208,False,61400.0,0.0,0.0,0.0,0.0,61400.0,11373881.272000011,False,0.005427633294914147,-0.016703843729755197,-193214.96799999848
2022-08-12,2022-08-11,1,1,1,TX202208,False,17800.0,0.0,0.0,0.0,0.0,17800.0,11391681.272000011,False,0.0015649890810641462,-0.015164995981739815,-175414.96799999848
2022-08-15,2022-08-12,1,1,1,TX202208,False,23000.0,0.0,0.0,0.0,0.0,23000.0,11414681.272000011,False,0.0020190171626845335,-0.013176597206214558,-152414.96799999848
2022-08-16,2022-08-15,1,1,1,TX202209,True,7000.0,100.0,123.15200000000002,800.0,1023.152,5976.848,11420658.12000001,False,0.0005236105903947656,-0.012659886021662348,-146438.11999999918
2022-08-17,2022-08-16,1,1,1,TX202209,False,2600.0,0.0,0.0,0.0,0.0,2600.0,11423258.12000001,False,0.0002276576334464338,-0.012435110507907354,-143838.11999999918
2022-08-18,2022-08-17,1,1,1,TX202209,False,-12800.0,0.0,0.0,0.0,0.0,-12800.0,11410458.12000001,False,-0.0011205209464355507,-0.013541697652547535,-156638.11999999918
2022-08-19,2022-08-18,1,1,1,TX202209,False,7600.0,0.0,0.0,0.0,0.0,7600.0,11418058.12000001,False,0.0006660556412436131,-0.012884661535417341,-149038.11999999918
2022-08-22,2022-08-19,1,1,1,TX202209,False,-35600.0,0.0,0.0,0.0,0.0,-35600.0,11382458.12000001,False,-0.003117868172140638,-0.015962357031447993,-184638.11999999918
2022-08-23,2022-08-22,1,1,1,TX202209,False,-29400.0,0.0,0.0,0.0,0.0,-29400.0,11353058.12000001,False,-0.0025829218689011942,-0.018504049379293397,-214038.11999999918
2022-08-24,2022-08-23,0,1,0,,False,10400.0,50.0,60.312000000000005,400.0,510.312,9889.688,11362947.80800001,False,0.0008711034415104352,-0.017649064878879184,-204148.43200000003
2022-08-25,2022-08-24,0,0,0,,False,0.0,0.0,0.0,0.0,0.0,0.0,11362947.80800001,False,0.0,-0.017649064878879184,-204148.43200000003
2022-08-26,2022-08-25,1,0,1,TX202209,False,-6000.0,50.0,61.092000000000006,400.0,511.092,-6511.092,11356436.71600001,False,-0.0005730108163848036,-0.018211962590189312,-210659.5240000002
2022-08-29,2022-08-26,1,1,1,TX202209,False,-84600.0,0.0,0.0,0.0,0.0,-84600.0,11271836.71600001,False,-0.007449519784740896,-0.02552581199929571,-295259.5240000002
2022-08-30,2022-08-29,0,1,0,,False,6400.0,50.0,59.392,400.0,509.392,5890.608,11277727.324000008,False,0.0005225952210289271,-0.0250165564456305,-289368.91600000113
2022-08-31,2022-08-30,0,0,0,,False,0.0,0.0,0.0,0.0,0.0,0.0,11277727.324000008,False,0.0,-0.0250165564456305,-289368.91600000113
2022-09-01,2022-08-31,0,0,0,,False,0.0,0.0,0.0,0.0,0.0,0.0,11277727.324000008,False,0.0,-0.0250165564456305,-289368.91600000113
2022-09-02,2022-09-01,0,0,0,,False,0.0,0.0,0.0,0.0,0.0,0.0,11277727.324000008,False,0.0,-0.0250165564456305,-289368.91600000113
2022-09-05,2022-09-02,0,0,0,,False,0.0,0.0,0.0,0.0,0.0,0.0,11277727.324000008,False,0.0,-0.0250165564456305,-289368.91600000113
2022-09-06,2022-09-05,0,0,0,,False,0.0,0.0,0.0,0.0,0.0,0.0,11277727.324000008,False,0.0,-0.0250165564456305,-289368.91600000113
2022-09-07,2022-09-06,0,0,0,,False,0.0,0.0,0.0,0.0,0.0,0.0,11277727.324000008,False,0.0,-0.0250165564456305,-289368.91600000113
2022-09-08,2022-09-07,0,0,0,,False,0.0,0.0,0.0,0.0,0.0,0.0,11277727.324000008,False,0.0,-0.0250165564456305,-289368.91600000113
2022-09-12,2022-09-08,0,0,0,,False,0.0,0.0,0.0,0.0,0.0,0.0,11277727.324000008,False,0.0,-0.0250165564456305,-289368.91600000113
2022-09-13,2022-09-12,0,0,0,,False,0.0,0.0,0.0,0.0,0.0,0.0,11277727.324000008,False,0.0,-0.0250165564456305,-289368.91600000113
2022-09-14,2022-09-13,0,0,0,,False,0.0,0.0,0.0,0.0,0.0,0.0,11277727.324000008,False,0.0,-0.0250165564456305,-289368.91600000113
2022-09-15,2022-09-14,0,0,0,,False,0.0,0.0,0.0,0.0,0.0,0.0,11277727.324000008,False,0.0,-0.0250165564456305,-289368.91600000113
2022-09-16,2022-09-15,0,0,0,,False,0.0,0.0,0.0,0.0,0.0,0.0,11277727.324000008,False,0.0,-0.0250165564456305,-289368.91600000113
2022-09-19,2022-09-16,0,0,0,,False,0.0,0.0,0.0,0.0,0.0,0.0,11277727.324000008,False,0.0,-0.0250165564456305,-289368.91600000113
2022-09-20,2022-09-19,0,0,0,,False,0.0,0.0,0.0,0.0,0.0,0.0,11277727.324000008,False,0.0,-0.0250165564456305,-289368.91600000113
2022-09-21,2022-09-20,0,0,0,,False,0.0,0.0,0.0,0.0,0.0,0.0,11277727.324000008,False,0.0,-0.0250165564456305,-289368.91600000113
2022-09-22,2022-09-21,0,0,0,,False,0.0,0.0,0.0,0.0,0.0,0.0,11277727.324000008,False,0.0,-0.0250165564456305,-289368.91600000113
2022-09-23,2022-09-22,0,0,0,,False,0.0,0.0,0.0,0.0,0.0,0.0,11277727.324000008,False,0.0,-0.0250165564456305,-289368.91600000113
2022-09-26,2022-09-23,0,0,0,,False,0.0,0.0,0.0,0.0,0.0,0.0,11277727.324000008,False,0.0,-0.0250165564456305,-289368.91600000113
2022-09-27,2022-09-26,0,0,0,,False,0.0,0.0,0.0,0.0,0.0,0.0,11277727.324000008,False,0.0,-0.0250165564456305,-289368.91600000113
2022-09-28,2022-09-27,0,0,0,,False,0.0,0.0,0.0,0.0,0.0,0.0,11277727.324000008,False,0.0,-0.0250165564456305,-289368.91600000113
2022-09-29,2022-09-28,0,0,0,,False,0.0,0.0,0.0,0.0,0.0,0.0,11277727.324000008,False,0.0,-0.0250165564456305,-289368.91600000113
2022-09-30,2022-09-29,0,0,0,,False,0.0,0.0,0.0,0.0,0.0,0.0,11277727.324000008,False,0.0,-0.0250165564456305,-289368.91600000113
2022-10-03,2022-09-30,0,0,0,,False,0.0,0.0,0.0,0.0,0.0,0.0,11277727.324000008,False,0.0,-0.0250165564456305,-289368.91600000113
2022-10-04,2022-10-03,0,0,0,,False,0.0,0.0,0.0,0.0,0.0,0.0,11277727.324000008,False,0.0,-0.0250165564456305,-289368.91600000113
2022-10-05,2022-10-04,0,0,0,,False,0.0,0.0,0.0,0.0,0.0,0.0,11277727.324000008,False,0.0,-0.0250165564456305,-289368.91600000113
2022-10-06,2022-10-05,0,0,0,,False,0.0,0.0,0.0,0.0,0.0,0.0,11277727.324000008,False,0.0,-0.0250165564456305,-289368.91600000113
2022-10-07,2022-10-06,0,0,0,,False,0.0,0.0,0.0,0.0,0.0,0.0,11277727.324000008,False,0.0,-0.0250165564456305,-289368.91600000113
2022-10-11,2022-10-07,0,0,0,,False,0.0,0.0,0.0,0.0,0.0,0.0,11277727.324000008,False,0.0,-0.0250165564456305,-289368.91600000113
2022-10-12,2022-10-11,0,0,0,,False,0.0,0.0,0.0,0.0,0.0,0.0,11277727.324000008,False,0.0,-0.0250165564456305,-289368.91600000113
2022-10-13,2022-10-12,0,0,0,,False,0.0,0.0,0.0,0.0,0.0,0.0,11277727.324000008,False,0.0,-0.0250165564456305,-289368.91600000113
2022-10-14,2022-10-13,0,0,0,,False,0.0,0.0,0.0,0.0,0.0,0.0,11277727.324000008,False,0.0,-0.0250165564456305,-289368.91600000113
2022-10-17,2022-10-14,0,0,0,,False,0.0,0.0,0.0,0.0,0.0,0.0,11277727.324000008,False,0.0,-0.0250165564456305,-289368.91600000113
2022-10-18,2022-10-17,0,0,0,,False,0.0,0.0,0.0,0.0,0.0,0.0,11277727.324000008,False,0.0,-0.0250165564456305,-289368.91600000113
2022-10-19,2022-10-18,0,0,0,,False,0.0,0.0,0.0,0.0,0.0,0.0,11277727.324000008,False,0.0,-0.0250165564456305,-289368.91600000113
2022-10-20,2022-10-19,0,0,0,,False,0.0,0.0,0.0,0.0,0.0,0.0,11277727.324000008,False,0.0,-0.0250165564456305,-289368.91600000113
2022-10-21,2022-10-20,0,0,0,,False,0.0,0.0,0.0,0.0,0.0,0.0,11277727.324000008,False,0.0,-0.0250165564456305,-289368.91600000113
2022-10-24,2022-10-21,0,0,0,,False,0.0,0.0,0.0,0.0,0.0,0.0,11277727.324000008,False,0.0,-0.0250165564456305,-289368.91600000113
2022-10-25,2022-10-24,0,0,0,,False,0.0,0.0,0.0,0.0,0.0,0.0,11277727.324000008,False,0.0,-0.0250165564456305,-289368.91600000113
2022-10-26,2022-10-25,0,0,0,,False,0.0,0.0,0.0,0.0,0.0,0.0,11277727.324000008,False,0.0,-0.0250165564456305,-289368.91600000113
2022-10-27,2022-10-26,0,0,0,,False,0.0,0.0,0.0,0.0,0.0,0.0,11277727.324000008,False,0.0,-0.0250165564456305,-289368.91600000113
2022-10-28,2022-10-27,0,0,0,,False,0.0,0.0,0.0,0.0,0.0,0.0,11277727.324000008,False,0.0,-0.0250165564456305,-289368.91600000113
2022-10-31,2022-10-28,0,0,0,,False,0.0,0.0,0.0,0.0,0.0,0.0,11277727.324000008,False,0.0,-0.0250165564456305,-289368.91600000113
2022-11-01,2022-10-31,0,0,0,,False,0.0,0.0,0.0,0.0,0.0,0.0,11277727.324000008,False,0.0,-0.0250165564456305,-289368.91600000113
2022-11-02,2022-11-01,0,0,0,,False,0.0,0.0,0.0,0.0,0.0,0.0,11277727.324000008,False,0.0,-0.0250165564456305,-289368.91600000113
2022-11-03,2022-11-02,1,0,1,TX202211,False,15000.0,50.0,51.540000000000006,400.0,501.54,14498.46,11292225.78400001,False,0.0012855834853486823,-0.023763133832108596,-274870.45600000024
2022-11-04,2022-11-03,0,1,0,,False,-15600.0,50.0,51.51200000000001,400.0,501.512,-16101.512,11276124.27200001,False,-0.0014258935579214405,-0.025155143690582804,-290971.96800000034
2022-11-07,2022-11-04,1,0,1,TX202211,False,13600.0,50.0,52.632000000000005,400.0,502.632,13097.368,11289221.64000001,False,0.0011615132721197797,-0.024022848451721646,-277874.5999999996
2022-11-08,2022-11-07,1,1,1,TX202211,False,22000.0,0.0,0.0,0.0,0.0,22000.0,11311221.64000001,False,0.0019487614559758064,-0.022120901796871317,-255874.59999999963
2022-11-09,2022-11-08,1,1,1,TX202211,False,52200.0,0.0,0.0,0.0,0.0,52200.0,11363421.64000001,False,0.004614886142395487,-0.017608101097635553,-203674.59999999963
2022-11-10,2022-11-09,1,1,1,TX202211,False,-23600.0,0.0,0.0,0.0,0.0,-23600.0,11339821.64000001,False,-0.002076839243289751,-0.019648371145565835,-227274.59999999963
2022-11-11,2022-11-10,1,1,1,TX202211,False,116200.0,0.0,0.0,0.0,0.0,116200.0,11456021.64000001,False,0.010247074750286805,-0.009602634723129055,-111074.59999999963
2022-11-14,2022-11-11,1,1,1,TX202211,False,13800.0,0.0,0.0,0.0,0.0,13800.0,11469821.64000001,False,0.0012046066630858763,-0.008409595457813834,-97274.59999999963
2022-11-15,2022-11-14,1,1,1,TX202212,True,80600.0,100.0,115.98,800.0,1015.98,79584.02,11549405.66000001,False,0.006938557764704695,-0.0015293881569710122,-17690.580000000075
2022-11-16,2022-11-15,1,1,1,TX202212,False,6400.0,0.0,0.0,0.0,0.0,6400.0,11555805.66000001,False,0.0005541410691084856,-0.0009760945846509772,-11290.580000000075
2022-11-17,2022-11-16,1,1,1,TX202212,False,3200.0,0.0,0.0,0.0,0.0,3200.0,11559005.66000001,False,0.00027691708342557895,-0.0006994477984908487,-8090.5800000000745
2022-11-18,2022-11-17,1,1,1,TX202212,False,-10600.0,0.0,0.0,0.0,0.0,-10600.0,11548405.66000001,False,-0.0009170338964952105,-0.0016158402776460523,-18690.580000000075
2022-11-21,2022-11-18,1,1,1,TX202212,False,-6400.0,0.0,0.0,0.0,0.0,-6400.0,11542005.66000001,False,-0.0005541890533138749,-0.0021691338499660873,-25090.580000000075
2022-11-22,2022-11-21,1,1,1,TX202212,False,15400.0,0.0,0.0,0.0,0.0,15400.0,11557405.66000001,False,0.0013342568400715883,-0.000837771191570913,-9690.580000000075
2022-11-23,2022-11-22,1,1,1,TX202212,False,19000.0,0.0,0.0,0.0,0.0,19000.0,11576405.66000001,False,0.0016439675614881883,0.0,0.0
2022-11-24,2022-11-23,1,1,1,TX202212,False,35000.0,0.0,0.0,0.0,0.0,35000.0,11611405.66000001,False,0.0030233909408457936,0.0,0.0
2022-11-25,2022-11-24,1,1,1,TX202212,False,-14400.0,0.0,0.0,0.0,0.0,-14400.0,11597005.66000001,False,-0.001240159927372651,-0.001240159927372697,-14400.0
2022-11-28,2022-11-25,1,1,1,TX202212,False,-45600.0,0.0,0.0,0.0,0.0,-45600.0,11551405.66000001,False,-0.0039320494735362544,-0.005167333030719368,-60000.0
2022-11-29,2022-11-28,1,1,1,TX202212,False,36600.0,0.0,0.0,0.0,0.0,36600.0,11588005.66000001,False,0.0031684455621481455,-0.002015259881980591,-23400.0
2022-11-30,2022-11-29,1,1,1,TX202212,False,28400.0,0.0,0.0,0.0,0.0,28400.0,11616405.66000001,False,0.0024508099869188344,0.0,0.0
2022-12-01,2022-11-30,1,1,1,TX202212,False,35400.0,0.0,0.0,0.0,0.0,35400.0,11651805.66000001,False,0.0030474142377703408,0.0,0.0
2022-12-02,2022-12-01,1,1,1,TX202212,False,-18200.0,0.0,0.0,0.0,0.0,-18200.0,11633605.66000001,False,-0.0015619896633257086,-0.001561989663325658,-18200.0
2022-12-05,2022-12-02,1,1,1,TX202212,False,9800.0,0.0,0.0,0.0,0.0,9800.0,11643405.66000001,False,0.0008423871572074579,-0.0007209183061502866,-8400.0
2022-12-06,2022-12-05,1,1,1,TX202212,False,-52000.0,0.0,0.0,0.0,0.0,-52000.0,11591405.66000001,False,-0.004466047264731302,-0.005183745915652405,-60400.0
2022-12-07,2022-12-06,1,1,1,TX202212,False,-10400.0,0.0,0.0,0.0,0.0,-10400.0,11581005.66000001,False,-0.0008972164640815436,-0.006076311437552717,-70800.0
2022-12-08,2022-12-07,1,1,1,TX202212,False,-25400.0,0.0,0.0,0.0,0.0,-25400.0,11555605.66000001,False,-0.002193246488750959,-0.00825623107757878,-96200.0
2022-12-09,2022-12-08,0,1,0,,False,28000.0,50.0,58.536,400.0,508.536,27491.464,11583097.12400001,False,0.002379058684493044,-0.005896814451332055,-68708.53600000031
2022-12-12,2022-12-09,1,0,1,TX202212,False,-13600.0,50.0,58.604000000000006,400.0,508.60400000000004,-14108.604,11568988.520000009,False,-0.0012180338167731648,-0.00710766574869226,-82817.1400000006
2022-12-13,2022-12-12,0,1,0,,False,15800.0,50.0,58.632000000000005,400.0,508.632,15291.368,11584279.88800001,False,0.0013217549635877752,-0.005795305377587323,-67525.77199999988
2022-12-14,2022-12-13,0,0,0,,False,0.0,0.0,0.0,0.0,0.0,0.0,11584279.88800001,False,0.0,-0.005795305377587323,-67525.77199999988
2022-12-15,2022-12-14,1,0,1,TX202212,False,10000.0,50.0,58.64000000000001,400.0,508.64,9491.36,11593771.248000009,False,0.0008193310323787985,-0.0049807226187464915,-58034.41200000048
2022-12-16,2022-12-15,1,1,1,TX202212,False,-49400.0,0.0,0.0,0.0,0.0,-49400.0,11544371.248000009,False,-0.004260908633031878,-0.00922040884777342,-107434.41200000048
2022-12-19,2022-12-16,0,1,0,,False,-11200.0,50.0,57.612,400.0,507.61199999999997,-11707.612,11532663.63600001,False,-0.0010141402895396552,-0.010225198349214537,-119142.02400000021
2022-12-20,2022-12-19,0,0,0,,False,0.0,0.0,0.0,0.0,0.0,0.0,11532663.63600001,False,0.0,-0.010225198349214537,-119142.02400000021
2022-12-21,2022-12-20,0,0,0,,False,0.0,0.0,0.0,0.0,0.0,0.0,11532663.63600001,False,0.0,-0.010225198349214537,-119142.02400000021
2022-12-22,2022-12-21,0,0,0,,False,0.0,0.0,0.0,0.0,0.0,0.0,11532663.63600001,False,0.0,-0.010225198349214537,-119142.02400000021
2022-12-23,2022-12-22,0,0,0,,False,0.0,0.0,0.0,0.0,0.0,0.0,11532663.63600001,False,0.0,-0.010225198349214537,-119142.02400000021
2022-12-26,2022-12-23,0,0,0,,False,0.0,0.0,0.0,0.0,0.0,0.0,11532663.63600001,False,0.0,-0.010225198349214537,-119142.02400000021
2022-12-27,2022-12-26,0,0,0,,False,0.0,0.0,0.0,0.0,0.0,0.0,11532663.63600001,False,0.0,-0.010225198349214537,-119142.02400000021
2022-12-28,2022-12-27,0,0,0,,False,0.0,0.0,0.0,0.0,0.0,0.0,11532663.63600001,False,0.0,-0.010225198349214537,-119142.02400000021
2022-12-29,2022-12-28,0,0,0,,False,0.0,0.0,0.0,0.0,0.0,0.0,11532663.63600001,False,0.0,-0.010225198349214537,-119142.02400000021
2022-12-30,2022-12-29,0,0,0,,False,0.0,0.0,0.0,0.0,0.0,0.0,11532663.63600001,False,0.0,-0.010225198349214537,-119142.02400000021
2023-01-03,2022-12-30,0,0,0,,False,0.0,0.0,0.0,0.0,0.0,0.0,11532663.63600001,False,0.0,-0.010225198349214537,-119142.02400000021
2023-01-04,2023-01-03,0,0,0,,False,0.0,0.0,0.0,0.0,0.0,0.0,11532663.63600001,False,0.0,-0.010225198349214537,-119142.02400000021
2023-01-05,2023-01-04,0,0,0,,False,0.0,0.0,0.0,0.0,0.0,0.0,11532663.63600001,False,0.0,-0.010225198349214537,-119142.02400000021
2023-01-06,2023-01-05,0,0,0,,False,0.0,0.0,0.0,0.0,0.0,0.0,11532663.63600001,False,0.0,-0.010225198349214537,-119142.02400000021
2023-01-09,2023-01-06,1,0,1,TX202301,False,30200.0,50.0,58.480000000000004,400.0,508.48,29691.52,11562355.156000009,False,0.002574558743507949,-0.00767696497952064,-89450.50400000066
2023-01-10,2023-01-09,1,1,1,TX202301,False,7800.0,0.0,0.0,0.0,0.0,7800.0,11570155.156000009,False,0.0006746030453797621,-0.007007540838095405,-81650.50400000066
2023-01-11,2023-01-10,1,1,1,TX202301,False,-3200.0,0.0,0.0,0.0,0.0,-3200.0,11566955.156000009,False,-0.00027657364632146316,-0.0072821763832954245,-84850.50400000066
2023-01-12,2023-01-11,1,1,1,TX202301,False,-4800.0,0.0,0.0,0.0,0.0,-4800.0,11562155.156000009,False,-0.0004149752406976476,-0.00769412970109562,-89650.50400000066
2023-01-13,2023-01-12,1,1,1,TX202301,False,13000.0,0.0,0.0,0.0,0.0,13000.0,11575155.156000009,False,0.0011243578575620345,-0.006578422798720118,-76650.50400000066
2023-01-16,2023-01-13,1,1,1,TX202301,False,20600.0,0.0,0.0,0.0,0.0,20600.0,11595755.156000009,False,0.0017796737687202353,-0.0048104564764943625,-56050.504000000656
2023-01-17,2023-01-16,1,1,1,TX202302,True,-2200.0,100.0,119.34,800.0,1019.34,-3219.34,11592535.816000009,False,-0.0002776309051622405,-0.005086751850270743,-59269.84400000051
2023-01-30,2023-01-17,1,1,1,TX202302,False,109600.0,0.0,0.0,0.0,0.0,109600.0,11702135.816000009,False,0.009454359403292088,0.0,0.0
2023-01-31,2023-01-30,1,1,1,TX202302,False,-38000.0,0.0,0.0,0.0,0.0,-38000.0,11664135.816000009,False,-0.0032472704639134034,-0.0032472704639133765,-38000.0
2023-02-01,2023-01-31,1,1,1,TX202302,False,23000.0,0.0,0.0,0.0,0.0,23000.0,11687135.816000009,False,0.001971856326334119,-0.0012818172883868328,-15000.0
2023-02-02,2023-02-01,1,1,1,TX202302,False,39400.0,0.0,0.0,0.0,0.0,39400.0,11726535.816000009,False,0.0033712280425508808,0.0,0.0
2023-02-03,2023-02-02,1,1,1,TX202302,False,-200.0,0.0,0.0,0.0,0.0,-200.0,11726335.816000009,False,-1.7055335278737176e-05,-1.705533527873726e-05,-200.0
2023-02-06,2023-02-03,1,1,1,TX202302,False,-34800.0,0.0,0.0,0.0,0.0,-34800.0,11691535.816000009,False,-0.002967678953259816,-0.0029846836737790206,-35000.0
2023-02-07,2023-02-06,1,1,1,TX202302,False,-1800.0,0.0,0.0,0.0,0.0,-1800.0,11689735.816000009,False,-0.0001539575320409726,-0.003138181691287656,-36800.0
2023-02-08,2023-02-07,1,1,1,TX202302,False,41600.0,0.0,0.0,0.0,0.0,41600.0,11731335.816000009,False,0.0035586775145988437,0.0,0.0
2023-02-09,2023-02-08,1,1,1,TX202302,False,-600.0,0.0,0.0,0.0,0.0,-600.0,11730735.816000009,False,-5.114507072431414e-05,-5.114507072434549e-05,-600.0
2023-02-10,2023-02-09,1,1,1,TX202302,False,-5200.0,0.0,0.0,0.0,0.0,-5200.0,11725535.816000009,False,-0.0004432799511951771,-0.0004944023503350436,-5800.0
2023-02-13,2023-02-10,1,1,1,TX202302,False,-8400.0,0.0,0.0,0.0,0.0,-8400.0,11717135.816000009,False,-0.0007163851726535031,-0.0012104333404754364,-14200.0
2023-02-14,2023-02-13,1,1,1,TX202303,True,25600.0,100.0,125.22400000000002,800.0,1025.224,24574.776,11741710.59200001,False,0.002097336446885134,0.0,0.0
2023-02-15,2023-02-14,1,1,1,TX202303,False,-56800.0,0.0,0.0,0.0,0.0,-56800.0,11684910.59200001,False,-0.004837455288559028,-0.004837455288559056,-56800.0
2023-02-16,2023-02-15,1,1,1,TX202303,False,37000.0,0.0,0.0,0.0,0.0,37000.0,11721910.59200001,False,0.003166476945517391,-0.0016862960336878619,-19800.0
2023-02-17,2023-02-16,1,1,1,TX202303,False,-22600.0,0.0,0.0,0.0,0.0,-22600.0,11699310.59200001,False,-0.0019280133407112052,-0.0036110581731496616,-42400.0
2023-02-20,2023-02-17,1,1,1,TX202303,False,17800.0,0.0,0.0,0.0,0.0,17800.0,11717110.59200001,False,0.0015214571713457752,-0.00209509507215766,-24600.0
2023-02-21,2023-02-20,1,1,1,TX202303,False,1200.0,0.0,0.0,0.0,0.0,1200.0,11718310.59200001,False,0.00010241432737003555,-0.0019928953125402105,-23400.0
2023-02-22,2023-02-21,1,1,1,TX202303,False,-30400.0,0.0,0.0,0.0,0.0,-30400.0,11687910.59200001,False,-0.0025942306069915762,-0.004581955889515377,-53800.0
2023-02-23,2023-02-22,0,1,0,,False,11800.0,50.0,61.732000000000006,400.0,511.73199999999997,11288.268,11699198.860000009,False,0.0009658071826564492,-0.003620573992767717,-42511.732000000775
2023-02-24,2023-02-23,1,0,1,TX202303,False,-20000.0,50.0,62.57600000000001,400.0,512.576,-20512.576,11678686.28400001,False,-0.0017533316806959537,-0.005367557606379858,-63024.308000000194
2023-03-01,2023-02-24,1,1,1,TX202303,False,400.0,0.0,0.0,0.0,0.0,400.0,11679086.28400001,False,3.425042768277854e-05,-0.005333491019840708,-62624.308000000194
2023-03-02,2023-03-01,1,1,1,TX202303,False,-400.0,0.0,0.0,0.0,0.0,-400.0,11678686.28400001,False,-3.424925463115961e-05,-0.005367557606379858,-63024.308000000194
2023-03-03,2023-03-02,1,1,1,TX202303,False,15400.0,0.0,0.0,0.0,0.0,15400.0,11694086.28400001,False,0.0013186414657869738,-0.0040559940246226445,-47624.308000000194
2023-03-06,2023-03-03,1,1,1,TX202303,False,31000.0,0.0,0.0,0.0,0.0,31000.0,11725086.28400001,False,0.002650912542214998,-0.001415833567838698,-16624.308000000194
2023-03-07,2023-03-06,1,1,1,TX202303,False,20000.0,0.0,0.0,0.0,0.0,20000.0,11745086.28400001,False,0.001705744377104661,0.0,0.0
2023-03-08,2023-03-07,1,1,1,TX202303,False,-17800.0,0.0,0.0,0.0,0.0,-17800.0,11727286.28400001,False,-0.0015155273932936895,-0.0015155273932936364,-17800.0
2023-03-09,2023-03-08,1,1,1,TX202303,False,-3600.0,0.0,0.0,0.0,0.0,-3600.0,11723686.28400001,False,-0.00030697638932134023,-0.0018220385514878812,-21400.0
2023-03-10,2023-03-09,1,1,1,TX202303,False,-56600.0,0.0,0.0,0.0,0.0,-56600.0,11667086.28400001,False,-0.004827833040640578,-0.006641075094208304,-78000.0
2023-03-13,2023-03-10,0,1,0,,False,-6800.0,50.0,61.792,400.0,511.79200000000003,-7311.792,11659774.49200001,False,-0.0006267024878377075,-0.007263615603762541,-85311.79199999943
2023-03-14,2023-03-13,0,0,0,,False,0.0,0.0,0.0,0.0,0.0,0.0,11659774.49200001,False,0.0,-0.007263615603762541,-85311.79199999943
2023-03-15,2023-03-14,0,0,0,,False,0.0,0.0,0.0,0.0,0.0,0.0,11659774.49200001,False,0.0,-0.007263615603762541,-85311.79199999943
2023-03-16,2023-03-15,0,0,0,,False,0.0,0.0,0.0,0.0,0.0,0.0,11659774.49200001,False,0.0,-0.007263615603762541,-85311.79199999943
2023-03-17,2023-03-16,0,0,0,,False,0.0,0.0,0.0,0.0,0.0,0.0,11659774.49200001,False,0.0,-0.007263615603762541,-85311.79199999943
2023-03-20,2023-03-17,0,0,0,,False,0.0,0.0,0.0,0.0,0.0,0.0,11659774.49200001,False,0.0,-0.007263615603762541,-85311.79199999943
2023-03-21,2023-03-20,0,0,0,,False,0.0,0.0,0.0,0.0,0.0,0.0,11659774.49200001,False,0.0,-0.007263615603762541,-85311.79199999943
2023-03-22,2023-03-21,0,0,0,,False,0.0,0.0,0.0,0.0,0.0,0.0,11659774.49200001,False,0.0,-0.007263615603762541,-85311.79199999943
2023-03-23,2023-03-22,1,0,1,TX202304,False,28400.0,50.0,62.788000000000004,400.0,512.788,27887.212,11687661.70400001,False,0.0023917453994615366,-0.0048892429235047885,-57424.580000000075
2023-03-24,2023-03-23,1,1,1,TX202304,False,15000.0,0.0,0.0,0.0,0.0,15000.0,11702661.70400001,False,0.0012834047031722666,-0.0036121130976954907,-42424.580000000075
2023-03-27,2023-03-24,1,1,1,TX202304,False,-16200.0,0.0,0.0,0.0,0.0,-16200.0,11686461.70400001,False,-0.0013843004617028949,-0.004991413309569537,-58624.580000000075
2023-03-28,2023-03-27,1,1,1,TX202304,False,-28200.0,0.0,0.0,0.0,0.0,-28200.0,11658261.70400001,False,-0.0024130485953971666,-0.0073924173820909544,-86824.58000000007
2023-03-29,2023-03-28,1,1,1,TX202304,False,10000.0,0.0,0.0,0.0,0.0,10000.0,11668261.70400001,False,0.0008577608097928484,-0.006540997498218126,-76824.58000000007
2023-03-30,2023-03-29,1,1,1,TX202304,False,16200.0,0.0,0.0,0.0,0.0,16200.0,11684461.70400001,False,0.0013883816125281508,-0.00516169728634408,-60624.580000000075
2023-03-31,2023-03-30,1,1,1,TX202304,False,8600.0,0.0,0.0,0.0,0.0,8600.0,11693061.70400001,False,0.0007360202136702551,-0.004429476186213477,-52024.580000000075
2023-04-06,2023-03-31,1,1,1,TX202304,False,-20800.0,0.0,0.0,0.0,0.0,-20800.0,11672261.70400001,False,-0.0017788326553416418,-0.006200429544668928,-72824.58000000007
2023-04-07,2023-04-06,1,1,1,TX202304,False,11600.0,0.0,0.0,0.0,0.0,11600.0,11683861.70400001,False,0.000993809108651561,-0.00521278247937651,-61224.580000000075
2023-04-10,2023-04-07,1,1,1,TX202304,False,6200.0,0.0,0.0,0.0,0.0,6200.0,11690061.70400001,False,0.0005306464726364751,-0.004684902151375292,-55024.580000000075
2023-04-11,2023-04-10,1,1,1,TX202304,False,14400.0,0.0,0.0,0.0,0.0,14400.0,11704461.70400001,False,0.0012318155681823927,-0.003458857518598424,-40624.580000000075
2023-04-12,2023-04-11,1,1,1,TX202304,False,1000.0,0.0,0.0,0.0,0.0,1000.0,11705461.70400001,False,8.543750454224215e-05,-0.003373715530211041,-39624.580000000075
2023-04-13,2023-04-12,1,1,1,TX202304,False,-22000.0,0.0,0.0,0.0,0.0,-22000.0,11683461.70400001,False,-0.0018794645231705919,-0.005246839274731352,-61624.580000000075
2023-04-14,2023-04-13,1,1,1,TX202304,False,26200.0,0.0,0.0,0.0,0.0,26200.0,11709661.70400001,False,0.0022424860596778466,-0.0030161191789844777,-35424.580000000075
2023-04-17,2023-04-14,1,1,1,TX202304,False,4600.0,0.0,0.0,0.0,0.0,4600.0,11714261.70400001,False,0.00039283799278579026,-0.002624466032402961,-30824.580000000075
2023-04-18,2023-04-17,1,1,1,TX202305,True,-16000.0,100.0,127.04400000000001,800.0,1027.044,-17027.044,11697234.66000001,False,-0.0014535311255839422,-0.004074182414920746,-47851.623999999836
2023-04-19,2023-04-18,1,1,1,TX202305,False,-18600.0,0.0,0.0,0.0,0.0,-18600.0,11678634.66000001,False,-0.0015901194205844875,-0.005657823398924289,-66451.62399999984
2023-04-20,2023-04-19,0,1,0,,False,-9600.0,50.0,62.912000000000006,400.0,512.912,-10112.912,11668521.748000009,False,-0.0008659327305303334,-0.006518856834989983,-76564.53600000031
2023-04-21,2023-04-20,0,0,0,,False,0.0,0.0,0.0,0.0,0.0,0.0,11668521.748000009,False,0.0,-0.006518856834989983,-76564.53600000031
2023-04-24,2023-04-21,0,0,0,,False,0.0,0.0,0.0,0.0,0.0,0.0,11668521.748000009,False,0.0,-0.006518856834989983,-76564.53600000031
2023-04-25,2023-04-24,0,0,0,,False,0.0,0.0,0.0,0.0,0.0,0.0,11668521.748000009,False,0.0,-0.006518856834989983,-76564.53600000031
2023-04-26,2023-04-25,0,0,0,,False,0.0,0.0,0.0,0.0,0.0,0.0,11668521.748000009,False,0.0,-0.006518856834989983,-76564.53600000031
2023-04-27,2023-04-26,0,0,0,,False,0.0,0.0,0.0,0.0,0.0,0.0,11668521.748000009,False,0.0,-0.006518856834989983,-76564.53600000031
2023-04-28,2023-04-27,0,0,0,,False,0.0,0.0,0.0,0.0,0.0,0.0,11668521.748000009,False,0.0,-0.006518856834989983,-76564.53600000031
2023-05-02,2023-04-28,0,0,0,,False,0.0,0.0,0.0,0.0,0.0,0.0,11668521.748000009,False,0.0,-0.006518856834989983,-76564.53600000031
2023-05-03,2023-05-02,0,0,0,,False,0.0,0.0,0.0,0.0,0.0,0.0,11668521.748000009,False,0.0,-0.006518856834989983,-76564.53600000031
2023-05-04,2023-05-03,0,0,0,,False,0.0,0.0,0.0,0.0,0.0,0.0,11668521.748000009,False,0.0,-0.006518856834989983,-76564.53600000031
2023-05-05,2023-05-04,0,0,0,,False,0.0,0.0,0.0,0.0,0.0,0.0,11668521.748000009,False,0.0,-0.006518856834989983,-76564.53600000031
2023-05-08,2023-05-05,0,0,0,,False,0.0,0.0,0.0,0.0,0.0,0.0,11668521.748000009,False,0.0,-0.006518856834989983,-76564.53600000031
2023-05-09,2023-05-08,1,0,1,TX202305,False,6600.0,50.0,62.83200000000001,400.0,512.832,6087.168,11674608.916000009,False,0.0005216743072911823,-0.0060005832478224885,-70477.36800000072
2023-05-10,2023-05-09,1,1,1,TX202305,False,-26000.0,0.0,0.0,0.0,0.0,-26000.0,11648608.916000009,False,-0.002227055328968416,-0.008214274945891997,-96477.36800000072
2023-05-11,2023-05-10,0,1,0,,False,10200.0,50.0,62.632000000000005,400.0,512.6320000000001,9687.368,11658296.28400001,False,0.0008316330361725738,-0.007389473172132566,-86790.0
2023-05-12,2023-05-11,0,0,0,,False,0.0,0.0,0.0,0.0,0.0,0.0,11658296.28400001,False,0.0,-0.007389473172132566,-86790.0
2023-05-15,2023-05-12,0,0,0,,False,0.0,0.0,0.0,0.0,0.0,0.0,11658296.28400001,False,0.0,-0.007389473172132566,-86790.0
2023-05-16,2023-05-15,0,0,0,,False,0.0,0.0,0.0,0.0,0.0,0.0,11658296.28400001,False,0.0,-0.007389473172132566,-86790.0
2023-05-17,2023-05-16,1,0,1,TX202306,False,43000.0,50.0,62.65200000000001,400.0,512.652,42487.348,11700783.632000009,False,0.0036443873928912033,-0.003772015882110069,-44302.6520000007
2023-05-18,2023-05-17,1,1,1,TX202306,False,38800.0,0.0,0.0,0.0,0.0,38800.0,11739583.632000009,False,0.003316017219042272,-0.0004685067326832826,-5502.6520000007
2023-05-19,2023-05-18,1,1,1,TX202306,False,11800.0,0.0,0.0,0.0,0.0,11800.0,11751383.632000009,False,0.0010051463808167188,0.0,0.0
2023-05-22,2023-05-19,1,1,1,TX202306,False,-2600.0,0.0,0.0,0.0,0.0,-2600.0,11748783.632000009,False,-0.00022125054218466501,-0.0002212505421846922,-2600.0
2023-05-23,2023-05-22,1,1,1,TX202306,False,3400.0,0.0,0.0,0.0,0.0,3400.0,11752183.632000009,False,0.00028939166014935067,0.0,0.0
2023-05-24,2023-05-23,1,1,1,TX202306,False,-12200.0,0.0,0.0,0.0,0.0,-12200.0,11739983.632000009,False,-0.001038104949856351,-0.0010381049498563444,-12200.0
2023-05-25,2023-05-24,1,1,1,TX202306,False,27000.0,0.0,0.0,0.0,0.0,27000.0,11766983.632000009,False,0.0022998328486937007,0.0,0.0
2023-05-26,2023-05-25,1,1,1,TX202306,False,45600.0,0.0,0.0,0.0,0.0,45600.0,11812583.632000009,False,0.0038752497178624412,0.0,0.0
2023-05-29,2023-05-26,1,1,1,TX202306,False,27000.0,0.0,0.0,0.0,0.0,27000.0,11839583.632000009,False,0.0022856981030684636,0.0,0.0
2023-05-30,2023-05-29,1,1,1,TX202306,False,1200.0,0.0,0.0,0.0,0.0,1200.0,11840783.632000009,False,0.00010135491562022855,0.0,0.0
2023-05-31,2023-05-30,1,1,1,TX202306,False,-17400.0,0.0,0.0,0.0,0.0,-17400.0,11823383.632000009,False,-0.0014694973357148484,-0.0014694973357148866,-17400.0
2023-06-01,2023-05-31,1,1,1,TX202306,False,-3800.0,0.0,0.0,0.0,0.0,-3800.0,11819583.632000009,False,-0.00032139699753252473,-0.0017904220412158223,-21200.0
2023-06-02,2023-06-01,1,1,1,TX202306,False,48000.0,0.0,0.0,0.0,0.0,48000.0,11867583.632000009,False,0.004061056759228485,0.0,0.0
2023-06-05,2023-06-02,1,1,1,TX202306,False,-5800.0,0.0,0.0,0.0,0.0,-5800.0,11861783.632000009,False,-0.0004887262799109968,-0.0004887262799110337,-5800.0
2023-06-06,2023-06-05,1,1,1,TX202306,False,13200.0,0.0,0.0,0.0,0.0,13200.0,11874983.632000009,False,0.0011128174656962913,0.0,0.0
2023-06-07,2023-06-06,1,1,1,TX202306,False,28400.0,0.0,0.0,0.0,0.0,28400.0,11903383.632000009,False,0.002391582243824686,0.0,0.0
2023-06-08,2023-06-07,1,1,1,TX202306,False,-34000.0,0.0,0.0,0.0,0.0,-34000.0,11869383.632000009,False,-0.0028563306914344416,-0.0028563306914344277,-34000.0
2023-06-09,2023-06-08,1,1,1,TX202306,False,33800.0,0.0,0.0,0.0,0.0,33800.0,11903183.632000009,False,0.0028476626123090983,-1.6801945243782868e-05,-200.0
2023-06-12,2023-06-09,1,1,1,TX202306,False,10800.0,0.0,0.0,0.0,0.0,10800.0,11913983.632000009,False,0.0009073202879073245,0.0,0.0
2023-06-13,2023-06-12,1,1,1,TX202306,False,55600.0,0.0,0.0,0.0,0.0,55600.0,11969583.632000009,False,0.0046667849912654605,0.0,0.0
2023-06-14,2023-06-13,1,1,1,TX202306,False,-3400.0,0.0,0.0,0.0,0.0,-3400.0,11966183.632000009,False,-0.0002840533225324807,-0.0002840533225324515,-3400.0
2023-06-15,2023-06-14,1,1,1,TX202306,False,26800.0,0.0,0.0,0.0,0.0,26800.0,11992983.632000009,False,0.0022396447208390944,0.0,0.0
2023-06-16,2023-06-15,1,1,1,TX202306,False,-13800.0,0.0,0.0,0.0,0.0,-13800.0,11979183.632000009,False,-0.001150672795314959,-0.0011506727953149998,-13800.0
2023-06-19,2023-06-16,1,1,1,TX202306,False,-2600.0,0.0,0.0,0.0,0.0,-2600.0,11976583.632000009,False,-0.00021704317087640403,-0.0013674662205191979,-16400.0
2023-06-20,2023-06-19,1,1,1,TX202307,True,-13200.0,100.0,136.79200000000003,800.0,1036.792,-14236.792,11962346.84000001,False,-0.001188718956711577,-0.002554559644211807,-30636.791999999434
2023-06-21,2023-06-20,1,1,1,TX202307,False,-1600.0,0.0,0.0,0.0,0.0,-1600.0,11960746.84000001,False,-0.00013375301865097892,-0.0026879709827990483,-32236.791999999434
2023-06-26,2023-06-21,1,1,1,TX202307,False,-24200.0,0.0,0.0,0.0,0.0,-24200.0,11936546.84000001,False,-0.002023285027576086,-0.0047058174789310625,-56436.791999999434
2023-06-27,2023-06-26,0,1,0,,False,-15000.0,50.0,67.212,400.0,517.212,-15517.212,11921029.62800001,False,-0.0012999749599273544,-0.005999674993969695,-71954.0039999988
2023-06-28,2023-06-27,0,0,0,,False,0.0,0.0,0.0,0.0,0.0,0.0,11921029.62800001,False,0.0,-0.005999674993969695,-71954.0039999988
2023-06-29,2023-06-28,0,0,0,,False,0.0,0.0,0.0,0.0,0.0,0.0,11921029.62800001,False,0.0,-0.005999674993969695,-71954.0039999988
2023-06-30,2023-06-29,0,0,0,,False,0.0,0.0,0.0,0.0,0.0,0.0,11921029.62800001,False,0.0,-0.005999674993969695,-71954.0039999988
2023-07-03,2023-06-30,0,0,0,,False,0.0,0.0,0.0,0.0,0.0,0.0,11921029.62800001,False,0.0,-0.005999674993969695,-71954.0039999988
2023-07-04,2023-07-03,1,0,1,TX202307,False,16200.0,50.0,68.108,400.0,518.108,15681.892,11936711.52000001,False,0.0013154813375487726,-0.004692086116906857,-56272.11199999787
2023-07-05,2023-07-04,1,1,1,TX202307,False,-20200.0,0.0,0.0,0.0,0.0,-20200.0,11916511.52000001,False,-0.0016922583716758853,-0.006376404266570712,-76472.11199999787
2023-07-06,2023-07-05,1,1,1,TX202307,False,-63800.0,0.0,0.0,0.0,0.0,-63800.0,11852711.52000001,False,-0.005353915858086624,-0.011696181392736982,-140272.11199999787
2023-07-07,2023-07-06,0,1,0,,False,-24000.0,50.0,66.256,400.0,516.256,-24516.256,11828195.264000012,False,-0.0020684090689823843,-0.01374039797405413,-164788.367999997
2023-07-10,2023-07-07,0,0,0,,False,0.0,0.0,0.0,0.0,0.0,0.0,11828195.264000012,False,0.0,-0.01374039797405413,-164788.367999997
2023-07-11,2023-07-10,0,0,0,,False,0.0,0.0,0.0,0.0,0.0,0.0,11828195.264000012,False,0.0,-0.01374039797405413,-164788.367999997
2023-07-12,2023-07-11,0,0,0,,False,0.0,0.0,0.0,0.0,0.0,0.0,11828195.264000012,False,0.0,-0.01374039797405413,-164788.367999997
2023-07-13,2023-07-12,0,0,0,,False,0.0,0.0,0.0,0.0,0.0,0.0,11828195.264000012,False,0.0,-0.01374039797405413,-164788.367999997
2023-07-14,2023-07-13,1,0,1,TX202307,False,14600.0,50.0,68.884,400.0,518.884,14081.116,11842276.380000012,False,0.0011904703706453782,-0.012566285140077738,-150707.2519999966
2023-07-17,2023-07-14,1,1,1,TX202307,False,-200.0,0.0,0.0,0.0,0.0,-200.0,11842076.380000012,False,-1.6888644850222606e-05,-0.012582961557401129,-150907.2519999966
2023-07-18,2023-07-17,1,1,1,TX202308,True,-13200.0,100.0,137.58800000000002,800.0,1037.588,-14237.588,11827838.792000012,False,-0.0012022881412963819,-0.013770121353234632,-165144.83999999613
2023-07-19,2023-07-18,1,1,1,TX202308,False,-17400.0,0.0,0.0,0.0,0.0,-17400.0,11810438.792000012,False,-0.0014711056099081115,-0.015220969660370787,-182544.83999999613
2023-07-20,2023-07-19,1,1,1,TX202308,False,8200.0,0.0,0.0,0.0,0.0,8200.0,11818638.792000012,False,0.0006943010454069158,-0.014537236550111188,-174344.83999999613
2023-07-21,2023-07-20,1,1,1,TX202308,False,-36400.0,0.0,0.0,0.0,0.0,-36400.0,11782238.792000012,False,-0.003079880910197459,-0.01757234450297096,-210744.83999999613
2023-07-24,2023-07-21,1,1,1,TX202308,False,7400.0,0.0,0.0,0.0,0.0,7400.0,11789638.792000012,False,0.0006280639979071299,-0.016955317062004926,-203344.83999999613
2023-07-25,2023-07-24,1,1,1,TX202308,False,39800.0,0.0,0.0,0.0,0.0,39800.0,11829438.792000012,False,0.003375845579510606,-0.01363671001464739,-163544.83999999613
2023-07-26,2023-07-25,1,1,1,TX202308,False,-15600.0,0.0,0.0,0.0,0.0,-15600.0,11813838.792000012,False,-0.0013187438790883245,-0.014937470565872912,-179144.83999999613
2023-07-27,2023-07-26,1,1,1,TX202308,False,23800.0,0.0,0.0,0.0,0.0,23800.0,11837638.792000012,False,0.002014586487849882,-0.01295297690438768,-155344.83999999613
2023-07-28,2023-07-27,1,1,1,TX202308,False,8200.0,0.0,0.0,0.0,0.0,8200.0,11845838.792000012,False,0.0006927057113401396,-0.012269243794128082,-147144.83999999613
2023-07-31,2023-07-28,1,1,1,TX202308,False,-32400.0,0.0,0.0,0.0,0.0,-32400.0,11813438.792000012,False,-0.0027351376773657485,-0.014970823400519806,-179544.83999999613
2023-08-01,2023-07-31,1,1,1,TX202308,False,16400.0,0.0,0.0,0.0,0.0,16400.0,11829838.792000012,False,0.0013882494579906723,-0.013603357180000497,-163144.83999999613
2023-08-02,2023-08-01,1,1,1,TX202308,False,-73600.0,0.0,0.0,0.0,0.0,-73600.0,11756238.792000012,False,-0.006221555618304145,-0.019740278755013607,-236744.83999999613
2023-08-04,2023-08-02,0,1,0,,False,-18800.0,50.0,66.872,400.0,516.872,-19316.872,11736921.920000013,False,-0.0016431166754748902,-0.021350959849287587,-256061.71199999563
2023-08-07,2023-08-04,0,0,0,,False,0.0,0.0,0.0,0.0,0.0,0.0,11736921.920000013,False,0.0,-0.021350959849287587,-256061.71199999563
2023-08-08,2023-08-07,0,0,0,,False,0.0,0.0,0.0,0.0,0.0,0.0,11736921.920000013,False,0.0,-0.021350959849287587,-256061.71199999563
2023-08-09,2023-08-08,0,0,0,,False,0.0,0.0,0.0,0.0,0.0,0.0,11736921.920000013,False,0.0,-0.021350959849287587,-256061.71199999563
2023-08-10,2023-08-09,0,0,0,,False,0.0,0.0,0.0,0.0,0.0,0.0,11736921.920000013,False,0.0,-0.021350959849287587,-256061.71199999563
2023-08-11,2023-08-10,0,0,0,,False,0.0,0.0,0.0,0.0,0.0,0.0,11736921.920000013,False,0.0,-0.021350959849287587,-256061.71199999563
2023-08-14,2023-08-11,0,0,0,,False,0.0,0.0,0.0,0.0,0.0,0.0,11736921.920000013,False,0.0,-0.021350959849287587,-256061.71199999563
2023-08-15,2023-08-14,0,0,0,,False,0.0,0.0,0.0,0.0,0.0,0.0,11736921.920000013,False,0.0,-0.021350959849287587,-256061.71199999563
2023-08-16,2023-08-15,0,0,0,,False,0.0,0.0,0.0,0.0,0.0,0.0,11736921.920000013,False,0.0,-0.021350959849287587,-256061.71199999563
2023-08-17,2023-08-16,0,0,0,,False,0.0,0.0,0.0,0.0,0.0,0.0,11736921.920000013,False,0.0,-0.021350959849287587,-256061.71199999563
2023-08-18,2023-08-17,0,0,0,,False,0.0,0.0,0.0,0.0,0.0,0.0,11736921.920000013,False,0.0,-0.021350959849287587,-256061.71199999563
2023-08-21,2023-08-18,0,0,0,,False,0.0,0.0,0.0,0.0,0.0,0.0,11736921.920000013,False,0.0,-0.021350959849287587,-256061.71199999563
2023-08-22,2023-08-21,0,0,0,,False,0.0,0.0,0.0,0.0,0.0,0.0,11736921.920000013,False,0.0,-0.021350959849287587,-256061.71199999563
2023-08-23,2023-08-22,0,0,0,,False,0.0,0.0,0.0,0.0,0.0,0.0,11736921.920000013,False,0.0,-0.021350959849287587,-256061.71199999563
2023-08-24,2023-08-23,0,0,0,,False,0.0,0.0,0.0,0.0,0.0,0.0,11736921.920000013,False,0.0,-0.021350959849287587,-256061.71199999563
2023-08-25,2023-08-24,1,0,1,TX202309,False,-25600.0,50.0,66.20400000000001,400.0,516.204,-26116.204,11710805.716000013,False,-0.0022251322943111114,-0.023528583433323536,-282177.91599999554
2023-08-28,2023-08-25,0,1,0,,False,9400.0,50.0,65.864,400.0,515.864,8884.136,11719689.852000013,False,0.0007586272213415644,-0.02278780563585414,-273293.7799999956
2023-08-29,2023-08-28,0,0,0,,False,0.0,0.0,0.0,0.0,0.0,0.0,11719689.852000013,False,0.0,-0.02278780563585414,-273293.7799999956
2023-08-30,2023-08-29,1,0,1,TX202309,False,-2800.0,50.0,66.96000000000001,400.0,516.96,-3316.96,11716372.892000012,False,-0.00028302455456480764,-0.023064380681879326,-276610.7399999965
2023-08-31,2023-08-30,1,1,1,TX202309,False,-19200.0,0.0,0.0,0.0,0.0,-19200.0,11697172.892000012,False,-0.001638732411214894,-0.024665316744926225,-295810.7399999965
2023-09-01,2023-08-31,1,1,1,TX202309,False,4600.0,0.0,0.0,0.0,0.0,4600.0,11701772.892000012,False,0.0003932574171957443,-0.024281759146488002,-291210.7399999965
2023-09-04,2023-09-01,1,1,1,TX202309,False,26200.0,0.0,0.0,0.0,0.0,26200.0,11727972.892000012,False,0.002238976968858436,-0.022097148477121853,-265010.7399999965
2023-09-05,2023-09-04,1,1,1,TX202309,False,-5600.0,0.0,0.0,0.0,0.0,-5600.0,11722372.892000012,False,-0.00047749087174476,-0.022564088162177254,-270610.7399999965
2023-09-06,2023-09-05,1,1,1,TX202309,False,-8600.0,0.0,0.0,0.0,0.0,-8600.0,11713772.892000012,False,-0.0007336398593725943,-0.023281174107083635,-279210.7399999965
2023-09-07,2023-09-06,1,1,1,TX202309,False,-29400.0,0.0,0.0,0.0,0.0,-29400.0,11684372.892000012,False,-0.002509865973249225,-0.025732607453624157,-308610.7399999965
2023-09-08,2023-09-07,1,1,1,TX202309,False,-200.0,0.0,0.0,0.0,0.0,-200.0,11684172.892000012,False,-1.7116879258187217e-05,-0.02574928387094766,-308810.7399999965
2023-09-11,2023-09-08,1,1,1,TX202309,False,-27200.0,0.0,0.0,0.0,0.0,-27200.0,11656972.892000012,False,-0.002327935426103071,-0.028017276626930765,-336010.7399999965
2023-09-12,2023-09-11,0,1,0,,False,6400.0,50.0,65.828,400.0,515.828,5884.172,11662857.064000012,False,0.0005047770166848556,-0.027526642087557174,-330126.56799999624
2023-09-13,2023-09-12,1,0,1,TX202309,False,1400.0,50.0,66.28800000000001,400.0,516.288,883.712,11663740.776000012,False,7.577148507870961e-05,-0.02745295633702871,-329242.8559999969
2023-09-14,2023-09-13,1,1,1,TX202309,False,52200.0,0.0,0.0,0.0,0.0,52200.0,11715940.776000012,False,0.0044754081046974,-0.023100411415620026,-277042.8559999969
2023-09-15,2023-09-14,1,1,1,TX202309,False,13600.0,0.0,0.0,0.0,0.0,13600.0,11729540.776000012,False,0.0011608116036109933,-0.021966415037628417,-263442.8559999969
2023-09-18,2023-09-15,1,1,1,TX202309,False,-39400.0,0.0,0.0,0.0,0.0,-39400.0,11690140.776000012,False,-0.0033590402857558523,-0.02525166925033928,-302842.8559999969
2023-09-19,2023-09-18,1,1,1,TX202310,True,-20000.0,100.0,132.93600000000004,800.0,1032.9360000000001,-21032.936,11669107.840000011,False,-0.0017992029696666143,-0.027005439341701742,-323875.7919999976
2023-09-20,2023-09-19,0,1,0,,False,-1000.0,50.0,66.47200000000001,400.0,516.472,-1516.472,11667591.368000012,False,-0.00012995612182122043,-0.02713188594135796,-325392.2639999967
2023-09-21,2023-09-20,0,0,0,,False,0.0,0.0,0.0,0.0,0.0,0.0,11667591.368000012,False,0.0,-0.02713188594135796,-325392.2639999967
2023-09-22,2023-09-21,0,0,0,,False,0.0,0.0,0.0,0.0,0.0,0.0,11667591.368000012,False,0.0,-0.02713188594135796,-325392.2639999967
2023-09-25,2023-09-22,0,0,0,,False,0.0,0.0,0.0,0.0,0.0,0.0,11667591.368000012,False,0.0,-0.02713188594135796,-325392.2639999967
2023-09-26,2023-09-25,0,0,0,,False,0.0,0.0,0.0,0.0,0.0,0.0,11667591.368000012,False,0.0,-0.02713188594135796,-325392.2639999967
2023-09-27,2023-09-26,0,0,0,,False,0.0,0.0,0.0,0.0,0.0,0.0,11667591.368000012,False,0.0,-0.02713188594135796,-325392.2639999967
2023-09-28,2023-09-27,0,0,0,,False,0.0,0.0,0.0,0.0,0.0,0.0,11667591.368000012,False,0.0,-0.02713188594135796,-325392.2639999967
2023-10-02,2023-09-28,0,0,0,,False,0.0,0.0,0.0,0.0,0.0,0.0,11667591.368000012,False,0.0,-0.02713188594135796,-325392.2639999967
2023-10-03,2023-10-02,0,0,0,,False,0.0,0.0,0.0,0.0,0.0,0.0,11667591.368000012,False,0.0,-0.02713188594135796,-325392.2639999967
2023-10-04,2023-10-03,0,0,0,,False,0.0,0.0,0.0,0.0,0.0,0.0,11667591.368000012,False,0.0,-0.02713188594135796,-325392.2639999967
2023-10-05,2023-10-04,0,0,0,,False,0.0,0.0,0.0,0.0,0.0,0.0,11667591.368000012,False,0.0,-0.02713188594135796,-325392.2639999967
2023-10-06,2023-10-05,0,0,0,,False,0.0,0.0,0.0,0.0,0.0,0.0,11667591.368000012,False,0.0,-0.02713188594135796,-325392.2639999967
2023-10-11,2023-10-06,1,0,1,TX202310,False,-22400.0,50.0,67.32400000000001,400.0,517.3240000000001,-22917.324,11644674.044000013,False,-0.0019641863755062543,-0.02904278023615625,-348309.5879999958
2023-10-12,2023-10-11,1,1,1,TX202310,False,26200.0,0.0,0.0,0.0,0.0,26200.0,11670874.044000013,False,0.0022499556364567975,-0.026858169566790213,-322109.5879999958
2023-10-13,2023-10-12,1,1,1,TX202310,False,-15600.0,0.0,0.0,0.0,0.0,-15600.0,11655274.044000013,False,-0.0013366608140218895,-0.028158930118015846,-337709.5879999958
2023-10-16,2023-10-13,1,1,1,TX202310,False,-24400.0,0.0,0.0,0.0,0.0,-24400.0,11630874.044000013,False,-0.0020934728696972004,-0.03019345303147125,-362109.5879999958
2023-10-17,2023-10-16,1,1,1,TX202311,True,400.0,100.0,133.288,800.0,1033.288,-633.288,11630240.756000012,False,-5.444887440137765e-05,-0.030246257906340834,-362742.87599999644
2023-10-18,2023-10-17,1,1,1,TX202311,False,-40800.0,0.0,0.0,0.0,0.0,-40800.0,11589440.756000012,False,-0.003508095907554741,-0.03364824704031544,-403542.87599999644
2023-10-19,2023-10-18,0,1,0,,False,-20600.0,50.0,65.45200000000001,400.0,515.452,-21115.452,11568325.304000013,False,-0.0018219560757552725,-0.035408897487937074,-424658.327999996
2023-10-20,2023-10-19,0,0,0,,False,0.0,0.0,0.0,0.0,0.0,0.0,11568325.304000013,False,0.0,-0.035408897487937074,-424658.327999996
2023-10-23,2023-10-20,0,0,0,,False,0.0,0.0,0.0,0.0,0.0,0.0,11568325.304000013,False,0.0,-0.035408897487937074,-424658.327999996
2023-10-24,2023-10-23,0,0,0,,False,0.0,0.0,0.0,0.0,0.0,0.0,11568325.304000013,False,0.0,-0.035408897487937074,-424658.327999996
2023-10-25,2023-10-24,0,0,0,,False,0.0,0.0,0.0,0.0,0.0,0.0,11568325.304000013,False,0.0,-0.035408897487937074,-424658.327999996
2023-10-26,2023-10-25,0,0,0,,False,0.0,0.0,0.0,0.0,0.0,0.0,11568325.304000013,False,0.0,-0.035408897487937074,-424658.327999996
2023-10-27,2023-10-26,0,0,0,,False,0.0,0.0,0.0,0.0,0.0,0.0,11568325.304000013,False,0.0,-0.035408897487937074,-424658.327999996
2023-10-30,2023-10-27,0,0,0,,False,0.0,0.0,0.0,0.0,0.0,0.0,11568325.304000013,False,0.0,-0.035408897487937074,-424658.327999996
2023-10-31,2023-10-30,0,0,0,,False,0.0,0.0,0.0,0.0,0.0,0.0,11568325.304000013,False,0.0,-0.035408897487937074,-424658.327999996
2023-11-01,2023-10-31,0,0,0,,False,0.0,0.0,0.0,0.0,0.0,0.0,11568325.304000013,False,0.0,-0.035408897487937074,-424658.327999996
2023-11-02,2023-11-01,0,0,0,,False,0.0,0.0,0.0,0.0,0.0,0.0,11568325.304000013,False,0.0,-0.035408897487937074,-424658.327999996
2023-11-03,2023-11-02,0,0,0,,False,0.0,0.0,0.0,0.0,0.0,0.0,11568325.304000013,False,0.0,-0.035408897487937074,-424658.327999996
2023-11-06,2023-11-03,1,0,1,TX202311,False,-2000.0,50.0,66.72800000000001,400.0,516.7280000000001,-2516.728,11565808.576000012,False,-0.00021755335658911527,-0.035618747520024585,-427175.05599999614
2023-11-07,2023-11-06,1,1,1,TX202311,False,7800.0,0.0,0.0,0.0,0.0,7800.0,11573608.576000012,False,0.0006744016165186782,-0.03496836724441177,-419375.05599999614
2023-11-08,2023-11-07,1,1,1,TX202311,False,8000.0,0.0,0.0,0.0,0.0,8000.0,11581608.576000012,False,0.0006912278005141334,-0.03430131055147556,-411375.05599999614
2023-11-09,2023-11-08,1,1,1,TX202311,False,2800.0,0.0,0.0,0.0,0.0,2800.0,11584408.576000012,False,0.00024176261713785595,-0.03406784070894797,-408575.05599999614
2023-11-10,2023-11-09,1,1,1,TX202311,False,-5400.0,0.0,0.0,0.0,0.0,-5400.0,11579008.576000012,False,-0.0004661437797685628,-0.03451810397667987,-413975.05599999614
2023-11-13,2023-11-10,1,1,1,TX202311,False,28000.0,0.0,0.0,0.0,0.0,28000.0,11607008.576000012,False,0.0024181690354764937,-0.0321834055514032,-385975.05599999614
2023-11-14,2023-11-13,1,1,1,TX202312,True,14600.0,100.0,135.668,800.0,1035.6680000000001,13564.332,11620572.908000013,False,0.0011686328920310419,-0.03105238324567705,-372410.72399999574
2023-11-15,2023-11-14,1,1,1,TX202312,False,38800.0,0.0,0.0,0.0,0.0,38800.0,11659372.908000013,False,0.003338905947854663,-0.02781715828493636,-333610.72399999574
2023-11-16,2023-11-15,1,1,1,TX202312,False,4800.0,0.0,0.0,0.0,0.0,4800.0,11664172.908000013,False,0.0004116859489678478,-0.027416924269174636,-328810.72399999574
2023-11-17,2023-11-16,1,1,1,TX202312,False,7200.0,0.0,0.0,0.0,0.0,7200.0,11671372.908000013,False,0.0006172748000899227,-0.026816573245532105,-321610.72399999574
2023-11-20,2023-11-17,1,1,1,TX202312,False,-4400.0,0.0,0.0,0.0,0.0,-4400.0,11666972.908000013,False,-0.00037699078203422574,-0.027183454426647047,-326010.72399999574
2023-11-21,2023-11-20,1,1,1,TX202312,False,43000.0,0.0,0.0,0.0,0.0,43000.0,11709972.908000013,False,0.003685617540991718,-0.023598024702114917,-283010.72399999574
2023-11-22,2023-11-21,1,1,1,TX202312,False,-26200.0,0.0,0.0,0.0,0.0,-26200.0,11683772.908000013,False,-0.0022374091046872277,-0.025782635371480955,-309210.72399999574
2023-11-23,2023-11-22,1,1,1,TX202312,False,4600.0,0.0,0.0,0.0,0.0,4600.0,11688372.908000013,False,0.00039370843957865076,-0.025399077773042622,-304610.72399999574
2023-11-24,2023-11-23,1,1,1,TX202312,False,-2800.0,0.0,0.0,0.0,0.0,-2800.0,11685572.908000013,False,-0.00023955430084572017,-0.025632547615570322,-307410.72399999574
2023-11-27,2023-11-24,1,1,1,TX202312,False,-24000.0,0.0,0.0,0.0,0.0,-24000.0,11661572.908000013,False,-0.002053814578793091,-0.027633717694378945,-331410.72399999574
2023-11-28,2023-11-27,1,1,1,TX202312,False,38200.0,0.0,0.0,0.0,0.0,38200.0,11699772.908000013,False,0.0032757159176867324,-0.02444852198560854,-293210.72399999574
2023-11-29,2023-11-28,1,1,1,TX202312,False,-6000.0,0.0,0.0,0.0,0.0,-6000.0,11693772.908000013,False,-0.0005128304666407115,-0.024948814505310724,-299210.72399999574
2023-11-30,2023-11-29,1,1,1,TX202312,False,11800.0,0.0,0.0,0.0,0.0,11800.0,11705572.908000013,False,0.001009084073449666,-0.023964905883229748,-287410.72399999574
2023-12-01,2023-11-30,1,1,1,TX202312,False,5600.0,0.0,0.0,0.0,0.0,5600.0,11711172.908000013,False,0.0004784046064223612,-0.023497966198174458,-281810.72399999574
2023-12-04,2023-12-01,1,1,1,TX202312,False,-400.0,0.0,0.0,0.0,0.0,-400.0,11710772.908000013,False,-3.415541749253452e-05,-0.02353131903282124,-282210.72399999574
2023-12-05,2023-12-04,1,1,1,TX202312,False,-22000.0,0.0,0.0,0.0,0.0,-22000.0,11688772.908000013,False,-0.0018786121268708983,-0.02536572493839584,-304210.72399999574
2023-12-06,2023-12-05,1,1,1,TX202312,False,14400.0,0.0,0.0,0.0,0.0,14400.0,11703172.908000013,False,0.0012319513873132375,-0.024165022891110666,-289810.72399999574
2023-12-07,2023-12-06,1,1,1,TX202312,False,-22200.0,0.0,0.0,0.0,0.0,-22200.0,11680972.908000013,False,-0.001896921473733384,-0.026016105214008656,-312010.72399999574
2023-12-08,2023-12-07,1,1,1,TX202312,False,21400.0,0.0,0.0,0.0,0.0,21400.0,11702372.908000013,False,0.0018320391776051174,-0.02423172856040423,-290610.72399999574
2023-12-11,2023-12-08,1,1,1,TX202312,False,8200.0,0.0,0.0,0.0,0.0,8200.0,11710572.908000013,False,0.0007007125874782447,-0.023547995450144632,-282410.72399999574
2023-12-12,2023-12-11,1,1,1,TX202312,False,9200.0,0.0,0.0,0.0,0.0,9200.0,11719772.908000013,False,0.000785614851833173,-0.022780880253268077,-273210.72399999574
2023-12-13,2023-12-12,1,1,1,TX202312,False,-2200.0,0.0,0.0,0.0,0.0,-2200.0,11717572.908000013,False,-0.0001877169478683552,-0.022964320843825492,-275410.72399999574
2023-12-14,2023-12-13,1,1,1,TX202312,False,42600.0,0.0,0.0,0.0,0.0,42600.0,11760172.908000013,False,0.003635565175012944,-0.019412243953940145,-232810.72399999574
2023-12-15,2023-12-14,1,1,1,TX202312,False,1600.0,0.0,0.0,0.0,0.0,1600.0,11761772.908000013,False,0.00013605242138162602,-0.019278832615352903,-231210.72399999574
2023-12-18,2023-12-15,1,1,1,TX202312,False,-3800.0,0.0,0.0,0.0,0.0,-3800.0,11757972.908000013,False,-0.0003230805448909281,-0.01959568454449767,-235010.72399999574
2023-12-19,2023-12-18,1,1,1,TX202401,True,-16200.0,100.0,140.544,800.0,1040.544,-17240.544,11740732.364000013,False,-0.001466285399268925,-0.021033237077630274,-252251.2679999955
2023-12-20,2023-12-19,1,1,1,TX202401,False,19600.0,0.0,0.0,0.0,0.0,19600.0,11760332.364000013,False,0.0016694018219935278,-0.019398948179936593,-232651.2679999955
2023-12-21,2023-12-20,1,1,1,TX202401,False,-26200.0,0.0,0.0,0.0,0.0,-26200.0,11734132.364000013,False,-0.0022278281930366004,-0.02158355884930263,-258851.2679999955
2023-12-22,2023-12-21,1,1,1,TX202401,False,5800.0,0.0,0.0,0.0,0.0,5800.0,11739932.364000013,False,0.0004942845214354524,-0.02109994274692384,-253051.2679999955
2023-12-25,2023-12-22,1,1,1,TX202401,False,12800.0,0.0,0.0,0.0,0.0,12800.0,11752732.364000013,False,0.001090295889544529,-0.020032652038225907,-240251.2679999955
2023-12-26,2023-12-25,1,1,1,TX202401,False,22600.0,0.0,0.0,0.0,0.0,22600.0,11775332.364000013,False,0.0019229570877684946,-0.018148216880681134,-217651.2679999955
2023-12-27,2023-12-26,1,1,1,TX202401,False,24400.0,0.0,0.0,0.0,0.0,24400.0,11799732.364000013,False,0.002072128348121756,-0.01611369396722573,-193251.2679999955
2023-12-28,2023-12-27,1,1,1,TX202401,False,1600.0,0.0,0.0,0.0,0.0,1600.0,11801332.364000013,False,0.0001355962958008662,-0.015980282628638487,-191651.2679999955
2023-12-29,2023-12-28,1,1,1,TX202401,False,600.0,0.0,0.0,0.0,0.0,600.0,11801932.364000013,False,5.084171697683061e-05,-0.015930253376668313,-191051.2679999955
2024-01-02,2023-12-29,1,1,1,TX202401,False,-14000.0,0.0,0.0,0.0,0.0,-14000.0,11787932.364000013,False,-0.001186246418654699,-0.017097602589306593,-205051.2679999955
2024-01-03,2024-01-02,1,1,1,TX202401,False,-50400.0,0.0,0.0,0.0,0.0,-50400.0,11737532.364000013,False,-0.004275558973677188,-0.021300059754804757,-255451.2679999955
2024-01-04,2024-01-03,0,1,0,,False,-4200.0,50.0,70.092,400.0,520.092,-4720.092,11732812.272000013,False,-0.00040213665476032375,-0.02169363087478915,-260171.35999999568
2024-01-05,2024-01-04,0,0,0,,False,0.0,0.0,0.0,0.0,0.0,0.0,11732812.272000013,False,0.0,-0.02169363087478915,-260171.35999999568
2024-01-08,2024-01-05,0,0,0,,False,0.0,0.0,0.0,0.0,0.0,0.0,11732812.272000013,False,0.0,-0.02169363087478915,-260171.35999999568
2024-01-09,2024-01-08,0,0,0,,False,0.0,0.0,0.0,0.0,0.0,0.0,11732812.272000013,False,0.0,-0.02169363087478915,-260171.35999999568
2024-01-10,2024-01-09,0,0,0,,False,0.0,0.0,0.0,0.0,0.0,0.0,11732812.272000013,False,0.0,-0.02169363087478915,-260171.35999999568
2024-01-11,2024-01-10,0,0,0,,False,0.0,0.0,0.0,0.0,0.0,0.0,11732812.272000013,False,0.0,-0.02169363087478915,-260171.35999999568
2024-01-12,2024-01-11,0,0,0,,False,0.0,0.0,0.0,0.0,0.0,0.0,11732812.272000013,False,0.0,-0.02169363087478915,-260171.35999999568
2024-01-15,2024-01-12,0,0,0,,False,0.0,0.0,0.0,0.0,0.0,0.0,11732812.272000013,False,0.0,-0.02169363087478915,-260171.35999999568
2024-01-16,2024-01-15,0,0,0,,False,0.0,0.0,0.0,0.0,0.0,0.0,11732812.272000013,False,0.0,-0.02169363087478915,-260171.35999999568
2024-01-17,2024-01-16,0,0,0,,False,0.0,0.0,0.0,0.0,0.0,0.0,11732812.272000013,False,0.0,-0.02169363087478915,-260171.35999999568
2024-01-18,2024-01-17,0,0,0,,False,0.0,0.0,0.0,0.0,0.0,0.0,11732812.272000013,False,0.0,-0.02169363087478915,-260171.35999999568
2024-01-19,2024-01-18,0,0,0,,False,0.0,0.0,0.0,0.0,0.0,0.0,11732812.272000013,False,0.0,-0.02169363087478915,-260171.35999999568
2024-01-22,2024-01-19,1,0,1,TX202402,False,200.0,50.0,71.272,400.0,521.272,-321.272,11732491.000000013,False,-2.7382352376565806e-05,-0.021720419204520724,-260492.63199999556
2024-01-23,2024-01-22,1,1,1,TX202402,False,10600.0,0.0,0.0,0.0,0.0,10600.0,11743091.000000013,False,0.0009034739510987043,-0.020836569086380208,-249892.63199999556
2024-01-24,2024-01-23,1,1,1,TX202402,False,6600.0,0.0,0.0,0.0,0.0,6600.0,11749691.000000013,False,0.0005620326028300379,-0.02028624731470785,-243292.63199999556
2024-01-25,2024-01-24,1,1,1,TX202402,False,18400.0,0.0,0.0,0.0,0.0,18400.0,11768091.000000013,False,0.001565998629240546,-0.01875201692095463,-224892.63199999556
2024-01-26,2024-01-25,1,1,1,TX202402,False,800.0,0.0,0.0,0.0,0.0,800.0,11768891.000000013,False,6.798043964819775e-05,-0.018685311251660952,-224092.63199999556
2024-01-29,2024-01-26,1,1,1,TX202402,False,25200.0,0.0,0.0,0.0,0.0,25200.0,11794091.000000013,False,0.0021412382865981148,-0.01658408266891187,-198892.63199999556
2024-01-30,2024-01-29,1,1,1,TX202402,False,-8800.0,0.0,0.0,0.0,0.0,-8800.0,11785291.000000013,False,-0.0007461363491260149,-0.017317845031141754,-207692.63199999556
2024-01-31,2024-01-30,1,1,1,TX202402,False,-32200.0,0.0,0.0,0.0,0.0,-32200.0,11753091.000000013,False,-0.0027322193401927847,-0.020002748220209976,-239892.63199999556
2024-02-01,2024-01-31,1,1,1,TX202402,False,13200.0,0.0,0.0,0.0,0.0,13200.0,11766291.000000013,False,0.0011231088060153695,-0.01890210467686526,-226692.63199999556
2024-02-02,2024-02-01,1,1,1,TX202402,False,19600.0,0.0,0.0,0.0,0.0,19600.0,11785891.000000013,False,0.0016657755617296886,-0.01726781577917147,-207092.63199999556
2024-02-05,2024-02-02,1,1,1,TX202402,False,400.0,0.0,0.0,0.0,0.0,400.0,11786291.000000013,False,3.3938885061808184e-05,-0.017234462944524687,-206692.63199999556
2024-02-15,2024-02-05,1,1,1,TX202402,False,116200.0,0.0,0.0,0.0,0.0,116200.0,11902491.000000013,False,0.009858911509990706,-0.00754546447962634,-90492.63199999556
2024-02-16,2024-02-15,1,1,1,TX202402,False,-6600.0,0.0,0.0,0.0,0.0,-6600.0,11895891.000000013,False,-0.0005545057753036732,-0.008095786251298698,-97092.63199999556
2024-02-19,2024-02-16,1,1,1,TX202402,False,7400.0,0.0,0.0,0.0,0.0,7400.0,11903291.000000013,False,0.0006220635343750201,-0.007478758810332664,-89692.63199999556
2024-02-20,2024-02-19,1,1,1,TX202403,True,16400.0,100.0,150.06,800.0,1050.06,15349.94,11918640.940000013,False,0.001289554292170122,-0.006198848783686595,-74342.69199999608
2024-02-21,2024-02-20,1,1,1,TX202403,False,-14000.0,0.0,0.0,0.0,0.0,-14000.0,11904640.940000013,False,-0.0011746305699179814,-0.007366197996324875,-88342.69199999608
2024-02-22,2024-02-21,1,1,1,TX202403,False,39400.0,0.0,0.0,0.0,0.0,39400.0,11944040.940000013,False,0.0033096336293196894,-0.004080943783614122,-48942.69199999608
2024-02-23,2024-02-22,1,1,1,TX202403,False,4800.0,0.0,0.0,0.0,0.0,4800.0,11948840.940000013,False,0.0004018740411316771,-0.003680709767852397,-44142.69199999608
2024-02-26,2024-02-23,1,1,1,TX202403,False,10000.0,0.0,0.0,0.0,0.0,10000.0,11958840.940000013,False,0.0008369012568008951,-0.0028468889016821652,-34142.69199999608
2024-02-27,2024-02-26,1,1,1,TX202403,False,-19200.0,0.0,0.0,0.0,0.0,-19200.0,11939640.940000013,False,-0.0016055067624304383,-0.0044478249647290635,-53342.69199999608
2024-02-29,2024-02-27,1,1,1,TX202403,False,19800.0,0.0,0.0,0.0,0.0,19800.0,11959440.940000013,False,0.0016583413269712598,-0.0027968596497118803,-33542.69199999608
2024-03-01,2024-02-29,1,1,1,TX202403,False,-1000.0,0.0,0.0,0.0,0.0,-1000.0,11958440.940000013,False,-8.361594868998943e-05,-0.002880241736328948,-34542.69199999608
2024-03-04,2024-03-01,1,1,1,TX202403,False,70600.0,0.0,0.0,0.0,0.0,70600.0,12029040.940000013,False,0.0059037796276476765,0.0,0.0
2024-03-05,2024-03-04,1,1,1,TX202403,False,15000.0,0.0,0.0,0.0,0.0,15000.0,12044040.940000013,False,0.0012469822053826998,0.0,0.0
2024-03-06,2024-03-05,1,1,1,TX202403,False,24000.0,0.0,0.0,0.0,0.0,24000.0,12068040.940000013,False,0.001992686683776747,0.0,0.0
2024-03-07,2024-03-06,1,1,1,TX202403,False,40000.0,0.0,0.0,0.0,0.0,40000.0,12108040.940000013,False,0.0033145396339697834,0.0,0.0
2024-03-08,2024-03-07,1,1,1,TX202403,False,16400.0,0.0,0.0,0.0,0.0,16400.0,12124440.940000013,False,0.0013544717994651895,0.0,0.0
2024-03-11,2024-03-08,1,1,1,TX202403,False,-15200.0,0.0,0.0,0.0,0.0,-15200.0,12109240.940000013,False,-0.0012536660515086796,-0.0012536660515086728,-15200.0
2024-03-12,2024-03-11,1,1,1,TX202403,False,48000.0,0.0,0.0,0.0,0.0,48000.0,12157240.940000013,False,0.003963914851297025,0.0,0.0
2024-03-13,2024-03-12,1,1,1,TX202403,False,-5600.0,0.0,0.0,0.0,0.0,-5600.0,12151640.940000013,False,-0.00046063083125832944,-0.00046063083125835735,-5600.0
2024-03-14,2024-03-13,1,1,1,TX202403,False,2400.0,0.0,0.0,0.0,0.0,2400.0,12154040.940000013,False,0.00019750418991560474,-0.00026321761786185505,-3200.0
2024-03-15,2024-03-14,1,1,1,TX202403,False,-41800.0,0.0,0.0,0.0,0.0,-41800.0,12112240.940000013,False,-0.003439185387506187,-0.0037014977511830027,-45000.0
2024-03-18,2024-03-15,1,1,1,TX202403,False,37800.0,0.0,0.0,0.0,0.0,37800.0,12150040.940000013,False,0.0031208097813813767,-0.0005922396401892849,-7200.0
2024-03-19,2024-03-18,1,1,1,TX202404,True,-10400.0,100.0,159.00400000000002,800.0,1059.004,-11459.004,12138581.936000012,False,-0.0009431247233311783,-0.0015348058076737336,-18659.004000000656
2024-03-20,2024-03-19,1,1,1,TX202404,False,-10200.0,0.0,0.0,0.0,0.0,-10200.0,12128381.936000012,False,-0.0008402958478823082,-0.0023738119646085076,-28859.004000000656
2024-03-21,2024-03-20,1,1,1,TX202404,False,86200.0,0.0,0.0,0.0,0.0,86200.0,12214581.936000012,False,0.007107295965353569,0.0,0.0
2024-03-22,2024-03-21,1,1,1,TX202404,False,-4400.0,0.0,0.0,0.0,0.0,-4400.0,12210181.936000012,False,-0.0003602251819222637,-0.00036022518192224684,-4400.0
2024-03-25,2024-03-22,1,1,1,TX202404,False,-2200.0,0.0,0.0,0.0,0.0,-2200.0,12207981.936000012,False,-0.00018017749543220221,-0.0005403377728834258,-6600.0
2024-03-26,2024-03-25,1,1,1,TX202404,False,-8800.0,0.0,0.0,0.0,0.0,-8800.0,12199181.936000012,False,-0.0007208398608495443,-0.0012607881367279195,-15400.0
2024-03-27,2024-03-26,1,1,1,TX202404,False,14800.0,0.0,0.0,0.0,0.0,14800.0,12213981.936000012,False,0.001213196104267035,-4.912161571668516e-05,-600.0
2024-03-28,2024-03-27,1,1,1,TX202404,False,-11600.0,0.0,0.0,0.0,0.0,-11600.0,12202381.936000012,False,-0.0009497312228544947,-0.000998806186239043,-12200.0
2024-03-29,2024-03-28,1,1,1,TX202404,False,15400.0,0.0,0.0,0.0,0.0,15400.0,12217781.936000012,False,0.0012620486787555988,0.0,0.0
2024-04-01,2024-03-29,1,1,1,TX202404,False,1600.0,0.0,0.0,0.0,0.0,1600.0,12219381.936000012,False,0.00013095666696141944,0.0,0.0
2024-04-02,2024-04-01,1,1,1,TX202404,False,47000.0,0.0,0.0,0.0,0.0,47000.0,12266381.936000012,False,0.0038463483870269585,0.0,0.0
2024-04-03,2024-04-02,1,1,1,TX202404,False,-34800.0,0.0,0.0,0.0,0.0,-34800.0,12231581.936000012,False,-0.002837022373962379,-0.002837022373962328,-34800.0
2024-04-08,2024-04-03,1,1,1,TX202404,False,20200.0,0.0,0.0,0.0,0.0,20200.0,12251781.936000012,False,0.0016514625913224951,-0.0011902450189612557,-14600.0
2024-04-09,2024-04-08,1,1,1,TX202404,False,84800.0,0.0,0.0,0.0,0.0,84800.0,12336581.936000012,False,0.006921442157799757,0.0,0.0
2024-04-10,2024-04-09,1,1,1,TX202404,False,-4600.0,0.0,0.0,0.0,0.0,-4600.0,12331981.936000012,False,-0.0003728747576811778,-0.0003728747576812186,-4600.0
2024-04-11,2024-04-10,1,1,1,TX202404,False,-19600.0,0.0,0.0,0.0,0.0,-19600.0,12312381.936000012,False,-0.0015893633401118518,-0.0019616454643227588,-24200.0
2024-04-12,2024-04-11,1,1,1,TX202404,False,400.0,0.0,0.0,0.0,0.0,400.0,12312781.936000012,False,3.248762116698518e-05,-0.0019292215723504258,-23800.0
2024-04-15,2024-04-12,1,1,1,TX202404,False,-49400.0,0.0,0.0,0.0,0.0,-49400.0,12263381.936000012,False,-0.004012090870834371,-0.005933572230926609,-73200.0
2024-04-16,2024-04-15,1,1,1,TX202405,True,-111000.0,100.0,159.736,800.0,1059.7359999999999,-112059.736,12151322.200000012,False,-0.00913775144448864,-0.015017104167191042,-185259.73599999957
2024-04-17,2024-04-16,0,1,0,,False,-400.0,50.0,79.908,400.0,529.908,-929.908,12150392.292000012,False,-7.652730992517005e-05,-0.015092482258531437,-186189.6439999994
2024-04-18,2024-04-17,0,0,0,,False,0.0,0.0,0.0,0.0,0.0,0.0,12150392.292000012,False,0.0,-0.015092482258531437,-186189.6439999994
2024-04-19,2024-04-18,0,0,0,,False,0.0,0.0,0.0,0.0,0.0,0.0,12150392.292000012,False,0.0,-0.015092482258531437,-186189.6439999994
2024-04-22,2024-04-19,0,0,0,,False,0.0,0.0,0.0,0.0,0.0,0.0,12150392.292000012,False,0.0,-0.015092482258531437,-186189.6439999994
2024-04-23,2024-04-22,0,0,0,,False,0.0,0.0,0.0,0.0,0.0,0.0,12150392.292000012,False,0.0,-0.015092482258531437,-186189.6439999994
2024-04-24,2024-04-23,0,0,0,,False,0.0,0.0,0.0,0.0,0.0,0.0,12150392.292000012,False,0.0,-0.015092482258531437,-186189.6439999994
2024-04-25,2024-04-24,0,0,0,,False,0.0,0.0,0.0,0.0,0.0,0.0,12150392.292000012,False,0.0,-0.015092482258531437,-186189.6439999994
2024-04-26,2024-04-25,0,0,0,,False,0.0,0.0,0.0,0.0,0.0,0.0,12150392.292000012,False,0.0,-0.015092482258531437,-186189.6439999994
2024-04-29,2024-04-26,0,0,0,,False,0.0,0.0,0.0,0.0,0.0,0.0,12150392.292000012,False,0.0,-0.015092482258531437,-186189.6439999994
2024-04-30,2024-04-29,1,0,1,TX202405,False,-21000.0,50.0,82.08000000000001,400.0,532.08,-21532.08,12128860.212000012,False,-0.0017721304368235932,-0.016837866848177452,-207721.72399999946
2024-05-02,2024-04-30,1,1,1,TX202405,False,-24400.0,0.0,0.0,0.0,0.0,-24400.0,12104460.212000012,False,-0.002011730663352786,-0.01881572425848632,-232121.72399999946
2024-05-03,2024-05-02,0,1,0,,False,51400.0,50.0,82.18400000000001,400.0,532.184,50867.816,12155328.028000012,False,0.004202402677119886,-0.014692392831362255,-181253.90799999982
2024-05-06,2024-05-03,1,0,1,TX202405,False,-16600.0,50.0,82.748,400.0,532.748,-17132.748,12138195.280000012,False,-0.0014094846276903768,-0.01608116875721277,-198386.6559999995
2024-05-07,2024-05-06,1,1,1,TX202405,False,9600.0,0.0,0.0,0.0,0.0,9600.0,12147795.280000012,False,0.0007908918730132664,-0.015302995349878223,-188786.6559999995
2024-05-08,2024-05-07,1,1,1,TX202405,False,15000.0,0.0,0.0,0.0,0.0,15000.0,12162795.280000012,False,0.0012347919646535223,-0.01408709940091779,-173786.6559999995
2024-05-09,2024-05-08,1,1,1,TX202405,False,-22600.0,0.0,0.0,0.0,0.0,-22600.0,12140195.280000012,False,-0.0018581254949807868,-0.01591904929735144,-196386.6559999995
2024-05-10,2024-05-09,1,1,1,TX202405,False,39400.0,0.0,0.0,0.0,0.0,39400.0,12179595.280000012,False,0.0032454173175375774,-0.012725295938082248,-156986.6559999995
2024-05-13,2024-05-10,1,1,1,TX202405,False,14800.0,0.0,0.0,0.0,0.0,14800.0,12194395.280000012,False,0.0012151471095515733,-0.011525611935108038,-142186.6559999995
2024-05-14,2024-05-13,1,1,1,TX202406,True,26000.0,100.0,168.108,800.0,1068.108,24931.892,12219327.172000013,False,0.0020445369719063245,-0.009504639502926793,-117254.76399999857
2024-05-15,2024-05-14,1,1,1,TX202406,False,46600.0,0.0,0.0,0.0,0.0,46600.0,12265927.172000013,False,0.003813630598809205,-0.005727256088156607,-70654.76399999857
2024-05-16,2024-05-15,1,1,1,TX202406,False,24600.0,0.0,0.0,0.0,0.0,24600.0,12290527.172000013,False,0.002005555687315308,-0.0037331867318616263,-46054.76399999857
2024-05-17,2024-05-16,1,1,1,TX202406,False,-6800.0,0.0,0.0,0.0,0.0,-6800.0,12283727.172000013,False,-0.000553271629836318,-0.004284392895390288,-52854.76399999857
2024-05-20,2024-05-17,1,1,1,TX202406,False,-6800.0,0.0,0.0,0.0,0.0,-6800.0,12276927.172000013,False,-0.0005535779087881546,-0.004835599058918949,-59654.76399999857
2024-05-21,2024-05-20,1,1,1,TX202406,False,-5000.0,0.0,0.0,0.0,0.0,-5000.0,12271927.172000013,False,-0.0004072680345781882,-0.00524089770857239,-64654.76399999857
2024-05-22,2024-05-21,1,1,1,TX202406,False,61200.0,0.0,0.0,0.0,0.0,61200.0,12333127.172000013,False,0.004986991785579995,-0.00028004223681410423,-3454.7639999985695
2024-05-23,2024-05-22,1,1,1,TX202406,False,4200.0,0.0,0.0,0.0,0.0,4200.0,12337327.172000013,False,0.00034054623303774004,0.0,0.0
2024-05-24,2024-05-23,1,1,1,TX202406,False,-7800.0,0.0,0.0,0.0,0.0,-7800.0,12329527.172000013,False,-0.0006322277014507945,-0.0006322277014507716,-7800.0
2024-05-27,2024-05-24,1,1,1,TX202406,False,62000.0,0.0,0.0,0.0,0.0,62000.0,12391527.172000013,False,0.005028578885068694,0.0,0.0
2024-05-28,2024-05-27,1,1,1,TX202406,False,15800.0,0.0,0.0,0.0,0.0,15800.0,12407327.172000013,False,0.0012750647906984215,0.0,0.0
2024-05-29,2024-05-28,1,1,1,TX202406,False,-46400.0,0.0,0.0,0.0,0.0,-46400.0,12360927.172000013,False,-0.0037397256763497195,-0.0037397256763497255,-46400.0
2024-05-30,2024-05-29,1,1,1,TX202406,False,-66200.0,0.0,0.0,0.0,0.0,-66200.0,12294727.172000013,False,-0.005355585311590244,-0.009075282568038356,-112600.0
2024-05-31,2024-05-30,1,1,1,TX202406,False,-21200.0,0.0,0.0,0.0,0.0,-21200.0,12273527.172000013,False,-0.0017243164247093532,-0.010783950333956738,-133800.0
2024-06-03,2024-05-31,1,1,1,TX202406,False,73800.0,0.0,0.0,0.0,0.0,73800.0,12347327.172000013,False,0.006012941427983496,-0.004835852167693555,-60000.0
2024-06-04,2024-06-03,1,1,1,TX202406,False,-66800.0,0.0,0.0,0.0,0.0,-66800.0,12280527.172000013,False,-0.005410077749578233,-0.010219767581059136,-126800.0
2024-06-05,2024-06-04,0,1,0,,False,6000.0,50.0,85.39200000000001,400.0,535.392,5464.608,12285991.780000012,False,0.00044498154871229614,-0.009779333640352661,-121335.39200000092
2024-06-06,2024-06-05,1,0,1,TX202406,False,10000.0,50.0,87.308,400.0,537.308,9462.692,12295454.472000012,False,0.0007702017199298492,-0.00901666398001233,-111872.70000000112
2024-06-07,2024-06-06,1,1,1,TX202406,False,4400.0,0.0,0.0,0.0,0.0,4400.0,12299854.472000012,False,0.0003578558246887058,-0.008662034821048215,-107472.70000000112
2024-06-11,2024-06-07,1,1,1,TX202406,False,-19800.0,0.0,0.0,0.0,0.0,-19800.0,12280054.472000012,False,-0.0016097751436875683,-0.010257866036387009,-127272.70000000112
2024-06-12,2024-06-11,1,1,1,TX202406,False,49600.0,0.0,0.0,0.0,0.0,49600.0,12329654.472000012,False,0.004039070031252216,-0.0062602282444269575,-77672.70000000112
2024-06-13,2024-06-12,1,1,1,TX202406,False,55400.0,0.0,0.0,0.0,0.0,55400.0,12385054.472000012,False,0.004493232160382957,-0.0017951247429232042,-22272.700000001118
2024-06-14,2024-06-13,1,1,1,TX202406,False,37600.0,0.0,0.0,0.0,0.0,37600.0,12422654.472000012,False,0.0030359172085198047,0.0,0.0
2024-06-17,2024-06-14,1,1,1,TX202406,False,-6800.0,0.0,0.0,0.0,0.0,-6800.0,12415854.472000012,False,-0.0005473870351402617,-0.0005473870351402343,-6800.0
2024-06-18,2024-06-17,1,1,1,TX202407,True,61800.0,100.0,181.81600000000003,800.0,1081.816,60718.184,12476572.656000013,False,0.004890374974749458,0.0,0.0
2024-06-19,2024-06-18,1,1,1,TX202407,False,92200.0,0.0,0.0,0.0,0.0,92200.0,12568772.656000013,False,0.007389849964578278,0.0,0.0
2024-06-20,2024-06-19,1,1,1,TX202407,False,49800.0,0.0,0.0,0.0,0.0,49800.0,12618572.656000013,False,0.003962200714659816,0.0,0.0
2024-06-21,2024-06-20,1,1,1,TX202407,False,-33600.0,0.0,0.0,0.0,0.0,-33600.0,12584972.656000013,False,-0.002662741731254645,-0.002662741731254692,-33600.0
2024-06-24,2024-06-21,1,1,1,TX202407,False,-92800.0,0.0,0.0,0.0,0.0,-92800.0,12492172.656000013,False,-0.007373873788732999,-0.010016980798529418,-126400.0
2024-06-25,2024-06-24,1,1,1,TX202407,False,-600.0,0.0,0.0,0.0,0.0,-600.0,12491572.656000013,False,-4.8030075834071904e-05,-0.010064529758016083,-127000.0
2024-06-26,2024-06-25,1,1,1,TX202407,False,25800.0,0.0,0.0,0.0,0.0,25800.0,12517372.656000013,False,0.00206539246182166,-0.008019924500088371,-101200.0
2024-06-27,2024-06-26,1,1,1,TX202407,False,-15800.0,0.0,0.0,0.0,0.0,-15800.0,12501572.656000013,False,-0.0012622457151522536,-0.00927204709990459,-117000.0
2024-06-28,2024-06-27,1,1,1,TX202407,False,38000.0,0.0,0.0,0.0,0.0,38000.0,12539572.656000013,False,0.003039617578174235,-0.006260612999080872,-79000.0
2024-07-01,2024-06-28,1,1,1,TX202407,False,1600.0,0.0,0.0,0.0,0.0,1600.0,12541172.656000013,False,0.00012759605481726062,-0.0061338157737830246,-77400.0
2024-07-02,2024-07-01,1,1,1,TX202407,False,-32000.0,0.0,0.0,0.0,0.0,-32000.0,12509172.656000013,False,-0.002551595522823011,-0.008669760279739869,-109400.0
2024-07-03,2024-07-02,1,1,1,TX202407,False,70800.0,0.0,0.0,0.0,0.0,70800.0,12579972.656000013,False,0.005659846733831821,-0.003058983060310383,-38600.0
2024-07-04,2024-07-03,1,1,1,TX202407,False,87800.0,0.0,0.0,0.0,0.0,87800.0,12667772.656000013,False,0.006979347443821655,0.0,0.0
2024-07-05,2024-07-04,1,1,1,TX202407,False,-10800.0,0.0,0.0,0.0,0.0,-10800.0,12656972.656000013,False,-0.0008525571379657376,-0.000852557137965726,-10800.0
2024-07-08,2024-07-05,1,1,1,TX202407,False,68600.0,0.0,0.0,0.0,0.0,68600.0,12725572.656000013,False,0.005419937441950648,0.0,0.0
2024-07-09,2024-07-08,1,1,1,TX202407,False,-7000.0,0.0,0.0,0.0,0.0,-7000.0,12718572.656000013,False,-0.0005500734771805772,-0.0005500734771806126,-7000.0
2024-07-10,2024-07-09,1,1,1,TX202407,False,24400.0,0.0,0.0,0.0,0.0,24400.0,12742972.656000013,False,0.0019184542684111058,0.0,0.0
2024-07-11,2024-07-10,1,1,1,TX202407,False,73400.0,0.0,0.0,0.0,0.0,73400.0,12816372.656000013,False,0.0057600374717464145,0.0,0.0
2024-07-12,2024-07-11,1,1,1,TX202407,False,-111800.0,0.0,0.0,0.0,0.0,-111800.0,12704572.656000013,False,-0.008723217013174207,-0.008723217013174245,-111800.0
2024-07-15,2024-07-12,1,1,1,TX202407,False,9000.0,0.0,0.0,0.0,0.0,9000.0,12713572.656000013,False,0.000708406354443536,-0.00802099024109404,-102800.0
2024-07-16,2024-07-15,1,1,1,TX202408,True,29800.0,100.0,192.00800000000004,800.0,1092.008,28707.992,12742280.648000013,False,0.0022580585942891212,-0.0057810435127534365,-74092.00799999945
2024-07-17,2024-07-16,1,1,1,TX202408,False,-45600.0,0.0,0.0,0.0,0.0,-45600.0,12696680.648000013,False,-0.0035786372361181064,-0.009338992491293219,-119692.00799999945
2024-07-18,2024-07-17,1,1,1,TX202408,False,-77800.0,0.0,0.0,0.0,0.0,-77800.0,12618880.648000013,False,-0.006127585796391208,-0.015409352809942156,-197492.00799999945
2024-07-19,2024-07-18,0,1,0,,False,-47000.0,50.0,92.584,400.0,542.5840000000001,-47542.584,12571338.064000012,False,-0.003767575375834552,-0.019118872287572475,-245034.59200000018
2024-07-22,2024-07-19,0,0,0,,False,0.0,0.0,0.0,0.0,0.0,0.0,12571338.064000012,False,0.0,-0.019118872287572475,-245034.59200000018
2024-07-23,2024-07-22,0,0,0,,False,0.0,0.0,0.0,0.0,0.0,0.0,12571338.064000012,False,0.0,-0.019118872287572475,-245034.59200000018
2024-07-26,2024-07-23,0,0,0,,False,0.0,0.0,0.0,0.0,0.0,0.0,12571338.064000012,False,0.0,-0.019118872287572475,-245034.59200000018
2024-07-29,2024-07-26,0,0,0,,False,0.0,0.0,0.0,0.0,0.0,0.0,12571338.064000012,False,0.0,-0.019118872287572475,-245034.59200000018
2024-07-30,2024-07-29,0,0,0,,False,0.0,0.0,0.0,0.0,0.0,0.0,12571338.064000012,False,0.0,-0.019118872287572475,-245034.59200000018
2024-07-31,2024-07-30,0,0,0,,False,0.0,0.0,0.0,0.0,0.0,0.0,12571338.064000012,False,0.0,-0.019118872287572475,-245034.59200000018
2024-08-01,2024-07-31,0,0,0,,False,0.0,0.0,0.0,0.0,0.0,0.0,12571338.064000012,False,0.0,-0.019118872287572475,-245034.59200000018
2024-08-02,2024-08-01,0,0,0,,False,0.0,0.0,0.0,0.0,0.0,0.0,12571338.064000012,False,0.0,-0.019118872287572475,-245034.59200000018
2024-08-05,2024-08-02,0,0,0,,False,0.0,0.0,0.0,0.0,0.0,0.0,12571338.064000012,False,0.0,-0.019118872287572475,-245034.59200000018
2024-08-06,2024-08-05,0,0,0,,False,0.0,0.0,0.0,0.0,0.0,0.0,12571338.064000012,False,0.0,-0.019118872287572475,-245034.59200000018
2024-08-07,2024-08-06,0,0,0,,False,0.0,0.0,0.0,0.0,0.0,0.0,12571338.064000012,False,0.0,-0.019118872287572475,-245034.59200000018
2024-08-08,2024-08-07,0,0,0,,False,0.0,0.0,0.0,0.0,0.0,0.0,12571338.064000012,False,0.0,-0.019118872287572475,-245034.59200000018
2024-08-09,2024-08-08,0,0,0,,False,0.0,0.0,0.0,0.0,0.0,0.0,12571338.064000012,False,0.0,-0.019118872287572475,-245034.59200000018
2024-08-12,2024-08-09,0,0,0,,False,0.0,0.0,0.0,0.0,0.0,0.0,12571338.064000012,False,0.0,-0.019118872287572475,-245034.59200000018
2024-08-13,2024-08-12,0,0,0,,False,0.0,0.0,0.0,0.0,0.0,0.0,12571338.064000012,False,0.0,-0.019118872287572475,-245034.59200000018
2024-08-14,2024-08-13,0,0,0,,False,0.0,0.0,0.0,0.0,0.0,0.0,12571338.064000012,False,0.0,-0.019118872287572475,-245034.59200000018
2024-08-15,2024-08-14,0,0,0,,False,0.0,0.0,0.0,0.0,0.0,0.0,12571338.064000012,False,0.0,-0.019118872287572475,-245034.59200000018
2024-08-16,2024-08-15,0,0,0,,False,0.0,0.0,0.0,0.0,0.0,0.0,12571338.064000012,False,0.0,-0.019118872287572475,-245034.59200000018
2024-08-19,2024-08-16,1,0,1,TX202408,False,-7800.0,50.0,89.608,400.0,539.608,-8339.608,12562998.456000013,False,-0.0006633826850843959,-0.019769571843822886,-253374.19999999925
2024-08-20,2024-08-19,1,1,1,TX202409,True,15000.0,100.0,179.356,800.0,1079.356,13920.644,12576919.100000013,False,0.0011080669991925043,-0.01868341085477876,-239453.55599999987
2024-08-21,2024-08-20,1,1,1,TX202409,False,-40000.0,0.0,0.0,0.0,0.0,-40000.0,12536919.100000013,False,-0.0031804291402335537,-0.021804418730690833,-279453.55599999987
2024-08-22,2024-08-21,1,1,1,TX202409,False,-20600.0,0.0,0.0,0.0,0.0,-20600.0,12516319.100000013,False,-0.0016431469195649494,-0.023411737786785514,-300053.55599999987
2024-08-23,2024-08-22,1,1,1,TX202409,False,5800.0,0.0,0.0,0.0,0.0,5800.0,12522119.100000013,False,0.0004633950248200363,-0.02295919164477822,-294253.55599999987
2024-08-26,2024-08-23,1,1,1,TX202409,False,15400.0,0.0,0.0,0.0,0.0,15400.0,12537519.100000013,False,0.001229823792364344,-0.02175760361255208,-278853.55599999987
2024-08-27,2024-08-26,1,1,1,TX202409,False,-12000.0,0.0,0.0,0.0,0.0,-12000.0,12525519.100000013,False,-0.0009571271560415798,-0.022693905975325723,-290853.55599999987
2024-08-28,2024-08-27,1,1,1,TX202409,False,51000.0,0.0,0.0,0.0,0.0,51000.0,12576519.100000013,False,0.004071687535888229,-0.018714620933537818,-239853.55599999987
2024-08-29,2024-08-28,1,1,1,TX202409,False,-45000.0,0.0,0.0,0.0,0.0,-45000.0,12531519.100000013,False,-0.0035780965815890944,-0.022225754793938957,-284853.55599999987
2024-08-30,2024-08-29,1,1,1,TX202409,False,29400.0,0.0,0.0,0.0,0.0,29400.0,12560919.100000013,False,0.0023460842827905813,-0.019931814005143544,-255453.55599999987
2024-09-02,2024-08-30,1,1,1,TX202409,False,-19200.0,0.0,0.0,0.0,0.0,-19200.0,12541719.100000013,False,-0.0015285505660170983,-0.021429897785581353,-274653.55599999987
2024-09-03,2024-09-02,1,1,1,TX202409,False,-31400.0,0.0,0.0,0.0,0.0,-31400.0,12510319.100000013,False,-0.0025036440179879303,-0.02387988896817228,-306053.55599999987
2024-09-04,2024-09-03,1,1,1,TX202409,False,-224600.0,0.0,0.0,0.0,0.0,-224600.0,12285719.100000013,False,-0.017953179147924353,-0.04140434819141847,-530653.5559999999
2024-09-05,2024-09-04,0,1,0,,False,72600.0,50.0,85.23200000000001,400.0,535.232,72064.768,12357783.868000012,False,0.0058657346316830505,-0.035781480478824235,-458588.78800000064
2024-09-06,2024-09-05,0,0,0,,False,0.0,0.0,0.0,0.0,0.0,0.0,12357783.868000012,False,0.0,-0.035781480478824235,-458588.78800000064
2024-09-09,2024-09-06,0,0,0,,False,0.0,0.0,0.0,0.0,0.0,0.0,12357783.868000012,False,0.0,-0.035781480478824235,-458588.78800000064
2024-09-10,2024-09-09,0,0,0,,False,0.0,0.0,0.0,0.0,0.0,0.0,12357783.868000012,False,0.0,-0.035781480478824235,-458588.78800000064
2024-09-11,2024-09-10,0,0,0,,False,0.0,0.0,0.0,0.0,0.0,0.0,12357783.868000012,False,0.0,-0.035781480478824235,-458588.78800000064
2024-09-12,2024-09-11,0,0,0,,False,0.0,0.0,0.0,0.0,0.0,0.0,12357783.868000012,False,0.0,-0.035781480478824235,-458588.78800000064
2024-09-13,2024-09-12,0,0,0,,False,0.0,0.0,0.0,0.0,0.0,0.0,12357783.868000012,False,0.0,-0.035781480478824235,-458588.78800000064
2024-09-16,2024-09-13,0,0,0,,False,0.0,0.0,0.0,0.0,0.0,0.0,12357783.868000012,False,0.0,-0.035781480478824235,-458588.78800000064
2024-09-18,2024-09-16,0,0,0,,False,0.0,0.0,0.0,0.0,0.0,0.0,12357783.868000012,False,0.0,-0.035781480478824235,-458588.78800000064
2024-09-19,2024-09-18,0,0,0,,False,0.0,0.0,0.0,0.0,0.0,0.0,12357783.868000012,False,0.0,-0.035781480478824235,-458588.78800000064
2024-09-20,2024-09-19,1,0,1,TX202410,False,-25000.0,50.0,89.388,400.0,539.388,-25539.388,12332244.480000012,False,-0.002066664077701927,-0.03777419625617351,-484128.1760000009
2024-09-23,2024-09-20,1,1,1,TX202410,False,23600.0,0.0,0.0,0.0,0.0,23600.0,12355844.480000012,False,0.0019136824637456407,-0.0359328016093855,-460528.1760000009
2024-09-24,2024-09-23,1,1,1,TX202410,False,30600.0,0.0,0.0,0.0,0.0,30600.0,12386444.480000012,False,0.0024765607927107846,-0.03354523058431269,-429928.1760000009
2024-09-25,2024-09-24,1,1,1,TX202410,False,60200.0,0.0,0.0,0.0,0.0,60200.0,12446644.480000012,False,0.004860151764875141,-0.028848113731065106,-369728.1760000009
2024-09-26,2024-09-25,1,1,1,TX202410,False,33000.0,0.0,0.0,0.0,0.0,33000.0,12479644.480000012,False,0.0026513169917423375,-0.02627328223343761,-336728.1760000009
2024-09-27,2024-09-26,1,1,1,TX202410,False,-14600.0,0.0,0.0,0.0,0.0,-14600.0,12465044.480000012,False,-0.0011699051221689919,-0.027412450108145525,-351328.1760000009
2024-09-30,2024-09-27,1,1,1,TX202410,False,-111600.0,0.0,0.0,0.0,0.0,-111600.0,12353444.480000012,False,-0.008953036644117927,-0.036120062081940185,-462928.1760000009
2024-10-01,2024-09-30,1,1,1,TX202410,False,13000.0,0.0,0.0,0.0,0.0,13000.0,12366444.480000012,False,0.0010523380763192605,-0.03510573452226873,-449928.1760000009
2024-10-04,2024-10-01,1,1,1,TX202410,False,-21400.0,0.0,0.0,0.0,0.0,-21400.0,12345044.480000012,False,-0.0017304893119934163,-0.03677547373588175,-471328.1760000009
2024-10-07,2024-10-04,1,1,1,TX202410,False,99000.0,0.0,0.0,0.0,0.0,99000.0,12444044.480000012,False,0.008019412174689865,-0.029050979242999375,-372328.1760000009
2024-10-08,2024-10-07,1,1,1,TX202410,False,-40800.0,0.0,0.0,0.0,0.0,-40800.0,12403244.480000012,False,-0.003278676805243946,-0.03223440727642968,-413128.1760000009
2024-10-09,2024-10-08,1,1,1,TX202410,False,25400.0,0.0,0.0,0.0,0.0,25400.0,12428644.480000012,False,0.002047851273185577,-0.030252567275225517,-387728.1760000009
2024-10-11,2024-10-09,1,1,1,TX202410,False,42000.0,0.0,0.0,0.0,0.0,42000.0,12470644.480000012,False,0.0033792904823680306,-0.026975509005517817,-345728.1760000009
2024-10-14,2024-10-11,1,1,1,TX202410,False,19200.0,0.0,0.0,0.0,0.0,19200.0,12489844.480000012,False,0.001539615697552143,-0.025477425225080008,-326528.1760000009
2024-10-15,2024-10-14,1,1,1,TX202411,True,43400.0,100.0,186.04000000000002,800.0,1086.04,42313.96,12532158.440000013,False,0.0033878692459107353,-0.022175870164554246,-284214.216
2024-10-16,2024-10-15,1,1,1,TX202411,False,-44400.0,0.0,0.0,0.0,0.0,-44400.0,12487758.440000013,False,-0.0035428853068346583,-0.02564018890681663,-328614.216
2024-10-17,2024-10-16,1,1,1,TX202411,False,38600.0,0.0,0.0,0.0,0.0,38600.0,12526358.440000013,False,0.003091027119515611,-0.02262841630656154,-290014.216
2024-10-18,2024-10-17,1,1,1,TX202411,False,80200.0,0.0,0.0,0.0,0.0,80200.0,12606558.440000013,False,0.006402499208700587,-0.016370795515357806,-209814.21600000001
2024-10-21,2024-10-18,1,1,1,TX202411,False,-18000.0,0.0,0.0,0.0,0.0,-18000.0,12588558.440000013,False,-0.0014278282281139359,-0.017775249059518328,-227814.21600000001
2024-10-22,2024-10-21,1,1,1,TX202411,False,13200.0,0.0,0.0,0.0,0.0,13200.0,12601758.440000013,False,0.0010485712135280827,-0.016745316460467286,-214614.21600000001
2024-10-23,2024-10-22,1,1,1,TX202411,False,-45400.0,0.0,0.0,0.0,0.0,-45400.0,12556358.440000013,False,-0.0036026718188703795,-0.020287660399627483,-260014.21600000001
2024-10-24,2024-10-23,1,1,1,TX202411,False,-20400.0,0.0,0.0,0.0,0.0,-20400.0,12535958.440000013,False,-0.001624674868711376,-0.02187937441634269,-280414.216
2024-10-25,2024-10-24,1,1,1,TX202411,False,35400.0,0.0,0.0,0.0,0.0,35400.0,12571358.440000013,False,0.0028238766241474524,-0.01911728244616051,-245014.21600000001
2024-10-28,2024-10-25,1,1,1,TX202411,False,-31000.0,0.0,0.0,0.0,0.0,-31000.0,12540358.440000013,False,-0.002465922847395955,-0.021536063549992268,-276014.216
2024-10-29,2024-10-28,1,1,1,TX202411,False,-70000.0,0.0,0.0,0.0,0.0,-70000.0,12470358.440000013,False,-0.005581977607332245,-0.026997827332838398,-346014.216
2024-10-30,2024-10-29,0,1,0,,False,19200.0,50.0,92.28,400.0,542.28,18657.72,12489016.160000013,False,0.0014961654943416352,-0.02554205505617435,-327356.49599999934
2024-11-01,2024-10-30,0,0,0,,False,0.0,0.0,0.0,0.0,0.0,0.0,12489016.160000013,False,0.0,-0.02554205505617435,-327356.49599999934
2024-11-04,2024-11-01,0,0,0,,False,0.0,0.0,0.0,0.0,0.0,0.0,12489016.160000013,False,0.0,-0.02554205505617435,-327356.49599999934
2024-11-05,2024-11-04,0,0,0,,False,0.0,0.0,0.0,0.0,0.0,0.0,12489016.160000013,False,0.0,-0.02554205505617435,-327356.49599999934
2024-11-06,2024-11-05,1,0,1,TX202411,False,14800.0,50.0,93.00800000000001,400.0,543.008,14256.992,12503273.152000014,False,0.0011415624591521055,-0.024429650448203888,-313099.5039999988
2024-11-07,2024-11-06,1,1,1,TX202411,False,41600.0,0.0,0.0,0.0,0.0,41600.0,12544873.152000014,False,0.003327128784141271,-0.021183802257255357,-271499.5039999988
2024-11-08,2024-11-07,1,1,1,TX202411,False,49800.0,0.0,0.0,0.0,0.0,49800.0,12594673.152000014,False,0.003969749187305289,-0.01729814745174485,-221699.5039999988
2024-11-11,2024-11-08,1,1,1,TX202411,False,-41600.0,0.0,0.0,0.0,0.0,-41600.0,12553073.152000014,False,-0.00330298368984621,-0.02054399564269338,-263299.5039999988
2024-11-12,2024-11-11,1,1,1,TX202411,False,-140800.0,0.0,0.0,0.0,0.0,-140800.0,12412273.152000014,False,-0.011216376921819107,-0.03152994336590387,-404099.5039999988
2024-11-13,2024-11-12,0,1,0,,False,-22800.0,50.0,91.012,400.0,541.012,-23341.012,12388932.140000014,False,-0.001880478435671472,-0.033351130422997755,-427440.5159999989
2024-11-14,2024-11-13,0,0,0,,False,0.0,0.0,0.0,0.0,0.0,0.0,12388932.140000014,False,0.0,-0.033351130422997755,-427440.5159999989
2024-11-15,2024-11-14,0,0,0,,False,0.0,0.0,0.0,0.0,0.0,0.0,12388932.140000014,False,0.0,-0.033351130422997755,-427440.5159999989
2024-11-18,2024-11-15,0,0,0,,False,0.0,0.0,0.0,0.0,0.0,0.0,12388932.140000014,False,0.0,-0.033351130422997755,-427440.5159999989
2024-11-19,2024-11-18,0,0,0,,False,0.0,0.0,0.0,0.0,0.0,0.0,12388932.140000014,False,0.0,-0.033351130422997755,-427440.5159999989
2024-11-20,2024-11-19,0,0,0,,False,0.0,0.0,0.0,0.0,0.0,0.0,12388932.140000014,False,0.0,-0.033351130422997755,-427440.5159999989
2024-11-21,2024-11-20,0,0,0,,False,0.0,0.0,0.0,0.0,0.0,0.0,12388932.140000014,False,0.0,-0.033351130422997755,-427440.5159999989
2024-11-22,2024-11-21,0,0,0,,False,0.0,0.0,0.0,0.0,0.0,0.0,12388932.140000014,False,0.0,-0.033351130422997755,-427440.5159999989
2024-11-25,2024-11-22,1,0,1,TX202412,False,-37600.0,50.0,93.024,400.0,543.024,-38143.024,12350789.116000013,False,-0.003078798363649763,-0.03632724738087534,-465583.5399999991
2024-11-26,2024-11-25,1,1,1,TX202412,False,-86000.0,0.0,0.0,0.0,0.0,-86000.0,12264789.116000013,False,-0.006963117837433563,-0.04303741431408625,-551583.5399999991
2024-11-27,2024-11-26,0,1,0,,False,-7200.0,50.0,90.39200000000001,400.0,540.392,-7740.392,12257048.724000013,False,-0.0006311068153550462,-0.04364135992395257,-559323.932
2024-11-28,2024-11-27,0,0,0,,False,0.0,0.0,0.0,0.0,0.0,0.0,12257048.724000013,False,0.0,-0.04364135992395257,-559323.932
2024-11-29,2024-11-28,0,0,0,,False,0.0,0.0,0.0,0.0,0.0,0.0,12257048.724000013,False,0.0,-0.04364135992395257,-559323.932
2024-12-02,2024-11-29,0,0,0,,False,0.0,0.0,0.0,0.0,0.0,0.0,12257048.724000013,False,0.0,-0.04364135992395257,-559323.932
2024-12-03,2024-12-02,0,0,0,,False,0.0,0.0,0.0,0.0,0.0,0.0,12257048.724000013,False,0.0,-0.04364135992395257,-559323.932
2024-12-04,2024-12-03,1,0,1,TX202412,False,18800.0,50.0,92.808,400.0,542.808,18257.192,12275305.916000012,False,0.0014895259381853773,-0.042216838923351596,-541066.7400000002
2024-12-05,2024-12-04,1,1,1,TX202412,False,-8600.0,0.0,0.0,0.0,0.0,-8600.0,12266705.916000012,False,-0.0007005935378596548,-0.04288785561667263,-549666.7400000002
2024-12-06,2024-12-05,1,1,1,TX202412,False,-14400.0,0.0,0.0,0.0,0.0,-14400.0,12252305.916000012,False,-0.0011739092873513366,-0.04401141845200096,-564066.7400000002
2024-12-09,2024-12-06,1,1,1,TX202412,False,14000.0,0.0,0.0,0.0,0.0,14000.0,12266305.916000012,False,0.0011426420541555131,-0.0429190656954318,-550066.7400000002
2024-12-10,2024-12-09,1,1,1,TX202412,False,-31800.0,0.0,0.0,0.0,0.0,-31800.0,12234505.916000012,False,-0.00259246754628225,-0.0454002669567819,-581866.7400000002
2024-12-11,2024-12-10,1,1,1,TX202412,False,-48400.0,0.0,0.0,0.0,0.0,-48400.0,12186105.916000012,False,-0.00395602407913372,-0.049176686486635424,-630266.7400000002
2024-12-12,2024-12-11,1,1,1,TX202412,False,51800.0,0.0,0.0,0.0,0.0,51800.0,12237905.916000012,False,0.00425074263731682,-0.0451349812873294,-578466.7400000002
2024-12-13,2024-12-12,1,1,1,TX202412,False,-24200.0,0.0,0.0,0.0,0.0,-24200.0,12213705.916000012,False,-0.00197746249775957,-0.047023191052256164,-602666.7400000002
2024-12-16,2024-12-13,1,1,1,TX202412,False,-5000.0,0.0,0.0,0.0,0.0,-5000.0,12208705.916000012,False,-0.00040937615776796924,-0.04741331703674512,-607666.7400000002
2024-12-17,2024-12-16,1,1,1,TX202501,True,14000.0,100.0,184.50400000000002,800.0,1084.504,12915.496,12221621.412000012,False,0.0010578923015152415,-0.04640558291831243,-594751.2440000009
2024-12-18,2024-12-17,1,1,1,TX202501,False,17600.0,0.0,0.0,0.0,0.0,17600.0,12239221.412000012,False,0.0014400707898478294,-0.045032339452911185,-577151.2440000009
2024-12-19,2024-12-18,1,1,1,TX202501,False,-66800.0,0.0,0.0,0.0,0.0,-66800.0,12172421.412000012,False,-0.005457863515280929,-0.05024442260568429,-643951.2440000009
2024-12-20,2024-12-19,0,1,0,,False,-16400.0,50.0,91.06,400.0,541.06,-16941.06,12155480.352000011,False,-0.0013917575991329789,-0.05156625214784183,-660892.3040000014
2024-12-23,2024-12-20,0,0,0,,False,0.0,0.0,0.0,0.0,0.0,0.0,12155480.352000011,False,0.0,-0.05156625214784183,-660892.3040000014
2024-12-24,2024-12-23,1,0,1,TX202501,False,-42800.0,50.0,93.72800000000001,400.0,543.7280000000001,-43343.728,12112136.624000011,False,-0.0035657766492846505,-0.0549481550593266,-704236.0320000015
2024-12-25,2024-12-24,1,1,1,TX202501,False,22600.0,0.0,0.0,0.0,0.0,22600.0,12134736.624000011,False,0.0018658970503369694,-0.05318478560943618,-681636.0320000015
2024-12-26,2024-12-25,1,1,1,TX202501,False,-600.0,0.0,0.0,0.0,0.0,-600.0,12134136.624000011,False,-4.944483086788415e-05,-0.053231600727574935,-682236.0320000015
2024-12-27,2024-12-26,1,1,1,TX202501,False,9200.0,0.0,0.0,0.0,0.0,9200.0,12143336.624000011,False,0.0007581915619611035,-0.052513768916115144,-673036.0320000015
2024-12-30,2024-12-27,1,1,1,TX202501,False,-39000.0,0.0,0.0,0.0,0.0,-39000.0,12104336.624000011,False,-0.0032116378889571963,-0.055556751595129406,-712036.0320000015
2024-12-31,2024-12-30,1,1,1,TX202501,False,-27200.0,0.0,0.0,0.0,0.0,-27200.0,12077136.624000011,False,-0.0022471285164086473,-0.05767903695074961,-739236.0320000015
2025-01-02,2024-12-31,0,1,0,,False,-21200.0,50.0,91.73200000000001,400.0,541.732,-21741.732,12055394.89200001,False,-0.0018002389702865699,-0.05937543987094884,-760977.7640000023
2025-01-03,2025-01-02,0,0,0,,False,0.0,0.0,0.0,0.0,0.0,0.0,12055394.89200001,False,0.0,-0.05937543987094884,-760977.7640000023
2025-01-06,2025-01-03,0,0,0,,False,0.0,0.0,0.0,0.0,0.0,0.0,12055394.89200001,False,0.0,-0.05937543987094884,-760977.7640000023
2025-01-07,2025-01-06,1,0,1,TX202501,False,-42600.0,50.0,95.86800000000001,400.0,545.8679999999999,-43145.868,12012249.02400001,False,-0.0035789676229213948,-0.0627419047169755,-804123.632000003
2025-01-08,2025-01-07,1,1,1,TX202501,False,-60400.0,0.0,0.0,0.0,0.0,-60400.0,11951849.02400001,False,-0.005028200787323267,-0.06745462660960266,-864523.632000003
2025-01-09,2025-01-08,1,1,1,TX202501,False,-69000.0,0.0,0.0,0.0,0.0,-69000.0,11882849.02400001,False,-0.005773165295298157,-0.07283836519555098,-933523.632000003
2025-01-10,2025-01-09,0,1,0,,False,-4400.0,50.0,92.32400000000001,400.0,542.3240000000001,-4942.324,11877906.70000001,False,-0.00041592079391212464,-0.07322399099878363,-938465.9560000021
2025-01-13,2025-01-10,0,0,0,,False,0.0,0.0,0.0,0.0,0.0,0.0,11877906.70000001,False,0.0,-0.07322399099878363,-938465.9560000021
2025-01-14,2025-01-13,0,0,0,,False,0.0,0.0,0.0,0.0,0.0,0.0,11877906.70000001,False,0.0,-0.07322399099878363,-938465.9560000021
2025-01-15,2025-01-14,0,0,0,,False,0.0,0.0,0.0,0.0,0.0,0.0,11877906.70000001,False,0.0,-0.07322399099878363,-938465.9560000021
2025-01-16,2025-01-15,0,0,0,,False,0.0,0.0,0.0,0.0,0.0,0.0,11877906.70000001,False,0.0,-0.07322399099878363,-938465.9560000021
2025-01-17,2025-01-16,0,0,0,,False,0.0,0.0,0.0,0.0,0.0,0.0,11877906.70000001,False,0.0,-0.07322399099878363,-938465.9560000021
2025-01-20,2025-01-17,1,0,1,TX202502,False,19400.0,50.0,93.004,400.0,543.004,18856.996,11896763.69600001,False,0.0015875689611200585,-0.0717526701729827,-919608.9600000028
2025-01-21,2025-01-20,1,1,1,TX202502,False,3800.0,0.0,0.0,0.0,0.0,3800.0,11900563.69600001,False,0.00031941459854982707,-0.07145617442477104,-915808.9600000028
2025-01-22,2025-01-21,1,1,1,TX202502,False,66600.0,0.0,0.0,0.0,0.0,66600.0,11967163.69600001,False,0.005596373558538697,-0.0662596963113774,-849208.9600000028
2025-02-03,2025-01-22,1,1,1,TX202502,False,-220000.0,0.0,0.0,0.0,0.0,-220000.0,11747163.69600001,False,-0.01838363755929355,-0.08342523962889381,-1069208.9600000028
2025-02-04,2025-02-03,0,1,0,,False,64200.0,50.0,91.668,400.0,541.668,63658.332,11810822.02800001,False,0.0054190384715313115,-0.07845828574040814,-1005550.6280000024
2025-02-05,2025-02-04,0,0,0,,False,0.0,0.0,0.0,0.0,0.0,0.0,11810822.02800001,False,0.0,-0.07845828574040814,-1005550.6280000024
2025-02-06,2025-02-05,1,0,1,TX202502,False,-13000.0,50.0,93.42800000000001,400.0,543.428,-13543.428,11797278.60000001,False,-0.0011466964761548762,-0.07951501437677932,-1019094.0560000017
2025-02-07,2025-02-06,1,1,1,TX202502,False,28200.0,0.0,0.0,0.0,0.0,28200.0,11825478.60000001,False,0.0023903817953404927,-0.07731470382426131,-990894.0560000017
2025-02-10,2025-02-07,1,1,1,TX202502,False,-37000.0,0.0,0.0,0.0,0.0,-37000.0,11788478.60000001,False,-0.003128837423966922,-0.08020163610947995,-1027894.0560000017
2025-02-11,2025-02-10,1,1,1,TX202502,False,17800.0,0.0,0.0,0.0,0.0,17800.0,11806278.60000001,False,0.0015099488749973201,-0.07881278760469901,-1010094.0560000017
2025-02-12,2025-02-11,1,1,1,TX202502,False,-4000.0,0.0,0.0,0.0,0.0,-4000.0,11802278.60000001,False,-0.00033880277905689915,-0.07912488839229026,-1014094.0560000017
2025-02-13,2025-02-12,1,1,1,TX202502,False,16800.0,0.0,0.0,0.0,0.0,16800.0,11819078.60000001,False,0.0014234539421904499,-0.07781406508440725,-997294.0560000017
2025-02-14,2025-02-13,1,1,1,TX202502,False,-44000.0,0.0,0.0,0.0,0.0,-44000.0,11775078.60000001,False,-0.0037227944317080658,-0.08124717374791046,-1041294.0560000017
2025-02-17,2025-02-14,1,1,1,TX202502,False,65000.0,0.0,0.0,0.0,0.0,65000.0,11840078.60000001,False,0.005520133003613236,-0.0761755359495534,-976294.0560000017
2025-02-18,2025-02-17,1,1,1,TX202503,True,29000.0,100.0,189.204,800.0,1089.204,27910.796,11867989.39600001,False,0.0023573150941751326,-0.07399779059607903,-948383.2600000016
2025-02-19,2025-02-18,1,1,1,TX202503,False,-8600.0,0.0,0.0,0.0,0.0,-8600.0,11859389.39600001,False,-0.0007246383286202249,-0.07466880728940006,-956983.2600000016
2025-02-20,2025-02-19,1,1,1,TX202503,False,-14200.0,0.0,0.0,0.0,0.0,-14200.0,11845189.39600001,False,-0.0011973635004167617,-0.07577676508534892,-971183.2600000016
2025-02-21,2025-02-20,1,1,1,TX202503,False,41400.0,0.0,0.0,0.0,0.0,41400.0,11886589.39600001,False,0.0034950897462205474,-0.07254652193377986,-929783.2600000016
2025-02-24,2025-02-21,1,1,1,TX202503,False,-37400.0,0.0,0.0,0.0,0.0,-37400.0,11849189.39600001,False,-0.00314640295496247,-0.07546466429775767,-967183.2600000016
2025-02-25,2025-02-24,1,1,1,TX202503,False,-51800.0,0.0,0.0,0.0,0.0,-51800.0,11797389.39600001,False,-0.004371607058410796,-0.0795063694970638,-1018983.2600000016
2025-02-26,2025-02-25,0,1,0,,False,-29800.0,50.0,92.59200000000001,400.0,542.592,-30342.592,11767046.80400001,False,-0.00257197511936733,-0.0818738562122534,-1049325.8520000018
2025-02-27,2025-02-26,1,0,1,TX202503,False,-35600.0,50.0,93.504,400.0,543.504,-36143.504,11730903.30000001,False,-0.003071586660785068,-0.08469396022843001,-1085469.3560000025
2025-03-03,2025-02-27,0,1,0,,False,-109200.0,50.0,90.59200000000001,400.0,540.592,-109740.592,11621162.70800001,False,-0.009354828796517308,-0.09325649152691129,-1195209.9480000027
2025-03-04,2025-03-03,0,0,0,,False,0.0,0.0,0.0,0.0,0.0,0.0,11621162.70800001,False,0.0,-0.09325649152691129,-1195209.9480000027
2025-03-05,2025-03-04,0,0,0,,False,0.0,0.0,0.0,0.0,0.0,0.0,11621162.70800001,False,0.0,-0.09325649152691129,-1195209.9480000027
2025-03-06,2025-03-05,0,0,0,,False,0.0,0.0,0.0,0.0,0.0,0.0,11621162.70800001,False,0.0,-0.09325649152691129,-1195209.9480000027
2025-03-07,2025-03-06,0,0,0,,False,0.0,0.0,0.0,0.0,0.0,0.0,11621162.70800001,False,0.0,-0.09325649152691129,-1195209.9480000027
2025-03-10,2025-03-07,0,0,0,,False,0.0,0.0,0.0,0.0,0.0,0.0,11621162.70800001,False,0.0,-0.09325649152691129,-1195209.9480000027
2025-03-11,2025-03-10,0,0,0,,False,0.0,0.0,0.0,0.0,0.0,0.0,11621162.70800001,False,0.0,-0.09325649152691129,-1195209.9480000027
2025-03-12,2025-03-11,0,0,0,,False,0.0,0.0,0.0,0.0,0.0,0.0,11621162.70800001,False,0.0,-0.09325649152691129,-1195209.9480000027
2025-03-13,2025-03-12,0,0,0,,False,0.0,0.0,0.0,0.0,0.0,0.0,11621162.70800001,False,0.0,-0.09325649152691129,-1195209.9480000027
2025-03-14,2025-03-13,0,0,0,,False,0.0,0.0,0.0,0.0,0.0,0.0,11621162.70800001,False,0.0,-0.09325649152691129,-1195209.9480000027
2025-03-17,2025-03-14,0,0,0,,False,0.0,0.0,0.0,0.0,0.0,0.0,11621162.70800001,False,0.0,-0.09325649152691129,-1195209.9480000027
2025-03-18,2025-03-17,0,0,0,,False,0.0,0.0,0.0,0.0,0.0,0.0,11621162.70800001,False,0.0,-0.09325649152691129,-1195209.9480000027
2025-03-19,2025-03-18,0,0,0,,False,0.0,0.0,0.0,0.0,0.0,0.0,11621162.70800001,False,0.0,-0.09325649152691129,-1195209.9480000027
2025-03-20,2025-03-19,0,0,0,,False,0.0,0.0,0.0,0.0,0.0,0.0,11621162.70800001,False,0.0,-0.09325649152691129,-1195209.9480000027
2025-03-21,2025-03-20,0,0,0,,False,0.0,0.0,0.0,0.0,0.0,0.0,11621162.70800001,False,0.0,-0.09325649152691129,-1195209.9480000027
2025-03-24,2025-03-21,0,0,0,,False,0.0,0.0,0.0,0.0,0.0,0.0,11621162.70800001,False,0.0,-0.09325649152691129,-1195209.9480000027
2025-03-25,2025-03-24,0,0,0,,False,0.0,0.0,0.0,0.0,0.0,0.0,11621162.70800001,False,0.0,-0.09325649152691129,-1195209.9480000027
2025-03-26,2025-03-25,0,0,0,,False,0.0,0.0,0.0,0.0,0.0,0.0,11621162.70800001,False,0.0,-0.09325649152691129,-1195209.9480000027
2025-03-27,2025-03-26,0,0,0,,False,0.0,0.0,0.0,0.0,0.0,0.0,11621162.70800001,False,0.0,-0.09325649152691129,-1195209.9480000027
2025-03-28,2025-03-27,0,0,0,,False,0.0,0.0,0.0,0.0,0.0,0.0,11621162.70800001,False,0.0,-0.09325649152691129,-1195209.9480000027
2025-03-31,2025-03-28,0,0,0,,False,0.0,0.0,0.0,0.0,0.0,0.0,11621162.70800001,False,0.0,-0.09325649152691129,-1195209.9480000027
2025-04-01,2025-03-31,0,0,0,,False,0.0,0.0,0.0,0.0,0.0,0.0,11621162.70800001,False,0.0,-0.09325649152691129,-1195209.9480000027
2025-04-02,2025-04-01,0,0,0,,False,0.0,0.0,0.0,0.0,0.0,0.0,11621162.70800001,False,0.0,-0.09325649152691129,-1195209.9480000027
2025-04-07,2025-04-02,0,0,0,,False,0.0,0.0,0.0,0.0,0.0,0.0,11621162.70800001,False,0.0,-0.09325649152691129,-1195209.9480000027
2025-04-08,2025-04-07,0,0,0,,False,0.0,0.0,0.0,0.0,0.0,0.0,11621162.70800001,False,0.0,-0.09325649152691129,-1195209.9480000027
2025-04-09,2025-04-08,0,0,0,,False,0.0,0.0,0.0,0.0,0.0,0.0,11621162.70800001,False,0.0,-0.09325649152691129,-1195209.9480000027
2025-04-10,2025-04-09,0,0,0,,False,0.0,0.0,0.0,0.0,0.0,0.0,11621162.70800001,False,0.0,-0.09325649152691129,-1195209.9480000027
2025-04-11,2025-04-10,0,0,0,,False,0.0,0.0,0.0,0.0,0.0,0.0,11621162.70800001,False,0.0,-0.09325649152691129,-1195209.9480000027
2025-04-14,2025-04-11,0,0,0,,False,0.0,0.0,0.0,0.0,0.0,0.0,11621162.70800001,False,0.0,-0.09325649152691129,-1195209.9480000027
2025-04-15,2025-04-14,0,0,0,,False,0.0,0.0,0.0,0.0,0.0,0.0,11621162.70800001,False,0.0,-0.09325649152691129,-1195209.9480000027
2025-04-16,2025-04-15,0,0,0,,False,0.0,0.0,0.0,0.0,0.0,0.0,11621162.70800001,False,0.0,-0.09325649152691129,-1195209.9480000027
2025-04-17,2025-04-16,0,0,0,,False,0.0,0.0,0.0,0.0,0.0,0.0,11621162.70800001,False,0.0,-0.09325649152691129,-1195209.9480000027
2025-04-18,2025-04-17,0,0,0,,False,0.0,0.0,0.0,0.0,0.0,0.0,11621162.70800001,False,0.0,-0.09325649152691129,-1195209.9480000027
2025-04-21,2025-04-18,0,0,0,,False,0.0,0.0,0.0,0.0,0.0,0.0,11621162.70800001,False,0.0,-0.09325649152691129,-1195209.9480000027
2025-04-22,2025-04-21,0,0,0,,False,0.0,0.0,0.0,0.0,0.0,0.0,11621162.70800001,False,0.0,-0.09325649152691129,-1195209.9480000027
2025-04-23,2025-04-22,0,0,0,,False,0.0,0.0,0.0,0.0,0.0,0.0,11621162.70800001,False,0.0,-0.09325649152691129,-1195209.9480000027
2025-04-24,2025-04-23,0,0,0,,False,0.0,0.0,0.0,0.0,0.0,0.0,11621162.70800001,False,0.0,-0.09325649152691129,-1195209.9480000027
2025-04-25,2025-04-24,0,0,0,,False,0.0,0.0,0.0,0.0,0.0,0.0,11621162.70800001,False,0.0,-0.09325649152691129,-1195209.9480000027
2025-04-28,2025-04-25,1,0,1,TX202505,False,0.0,50.0,79.86800000000001,400.0,529.8679999999999,-529.8679999999999,11620632.84000001,False,-4.559509347848979e-05,-0.09329783458194119,-1195739.8160000034
2025-04-29,2025-04-28,1,1,1,TX202505,False,37800.0,0.0,0.0,0.0,0.0,37800.0,11658432.84000001,False,0.0032528348946613797,-0.09034848213920432,-1157939.8160000034
2025-04-30,2025-04-29,1,1,1,TX202505,False,-1000.0,0.0,0.0,0.0,0.0,-1000.0,11657432.84000001,False,-8.577482185847538e-05,-0.09042650733610214,-1158939.8160000034
2025-05-02,2025-04-30,1,1,1,TX202505,False,105600.0,0.0,0.0,0.0,0.0,105600.0,11763032.84000001,False,0.009058598187900856,-0.08218704654369424,-1053339.8160000034
2025-05-05,2025-05-02,1,1,1,TX202505,False,-54600.0,0.0,0.0,0.0,0.0,-54600.0,11708432.84000001,False,-0.004641660083982215,-0.08644722229431423,-1107939.8160000034
2025-05-06,2025-05-05,1,1,1,TX202505,False,-13400.0,0.0,0.0,0.0,0.0,-13400.0,11695032.84000001,False,-0.0011444742591186943,-0.08749275993274475,-1121339.8160000034
2025-05-07,2025-05-06,1,1,1,TX202505,False,8800.0,0.0,0.0,0.0,0.0,8800.0,11703832.84000001,False,0.0007524562025941257,-0.08680613820004413,-1112539.8160000034
2025-05-08,2025-05-07,1,1,1,TX202505,False,38800.0,0.0,0.0,0.0,0.0,38800.0,11742632.84000001,False,0.0033151532946876887,-0.08377876056040945,-1073739.8160000034
2025-05-09,2025-05-08,1,1,1,TX202505,False,54600.0,0.0,0.0,0.0,0.0,54600.0,11797232.84000001,False,0.004649723851878516,-0.07951858480978946,-1019139.8160000034
2025-05-12,2025-05-09,1,1,1,TX202505,False,43600.0,0.0,0.0,0.0,0.0,43600.0,11840832.84000001,False,0.003695781933892895,-0.0761166862250453,-975539.8160000034
2025-05-13,2025-05-12,1,1,1,TX202505,False,58800.0,0.0,0.0,0.0,0.0,58800.0,11899632.84000001,False,0.004965866911098118,-0.07152880464745459,-916739.8160000034
2025-05-14,2025-05-13,1,1,1,TX202505,False,81600.0,0.0,0.0,0.0,0.0,81600.0,11981232.84000001,False,0.006857354432458266,-0.06516194858059399,-835139.8160000034
2025-05-15,2025-05-14,1,1,1,TX202505,False,-14800.0,0.0,0.0,0.0,0.0,-14800.0,11966432.84000001,False,-0.0012352652016401333,-0.06631672149468149,-849939.8160000034
2025-05-16,2025-05-15,1,1,1,TX202505,False,25400.0,0.0,0.0,0.0,0.0,25400.0,11991832.84000001,False,0.002122604149425033,-0.06433488149347732,-824539.8160000034
2025-05-19,2025-05-16,1,1,1,TX202505,False,-56600.0,0.0,0.0,0.0,0.0,-56600.0,11935232.84000001,False,-0.0047198790005815285,-0.06875110763789283,-881139.8160000034
2025-05-20,2025-05-19,1,1,1,TX202506,True,200.0,100.0,171.96000000000004,800.0,1071.96,-871.96,11934360.880000008,False,-7.305764468018534e-05,-0.0688191424885799,-882011.7760000043
2025-05-21,2025-05-20,1,1,1,TX202506,False,44200.0,0.0,0.0,0.0,0.0,44200.0,11978560.880000008,False,0.003703591708381452,-0.0653704287856971,-837811.7760000043
2025-05-22,2025-05-21,1,1,1,TX202506,False,-33800.0,0.0,0.0,0.0,0.0,-33800.0,11944760.880000008,False,-0.0028217079112094453,-0.06800768044084282,-871611.7760000043
2025-05-23,2025-05-22,1,1,1,TX202506,False,-6600.0,0.0,0.0,0.0,0.0,-6600.0,11938160.880000008,False,-0.0005525435013982461,-0.06852264674036823,-878211.7760000043
2025-05-26,2025-05-23,1,1,1,TX202506,False,-17000.0,0.0,0.0,0.0,0.0,-17000.0,11921160.880000008,False,-0.0014240049343345748,-0.06984907508763094,-895211.7760000043
2025-05-27,2025-05-26,1,1,1,TX202506,False,-30400.0,0.0,0.0,0.0,0.0,-30400.0,11890760.880000008,False,-0.0025500872193581184,-0.07222104107332405,-925611.7760000043
2025-05-28,2025-05-27,1,1,1,TX202506,False,3800.0,0.0,0.0,0.0,0.0,3800.0,11894560.880000008,False,0.00031957584870716846,-0.07192454532511239,-921811.7760000043
2025-05-29,2025-05-28,1,1,1,TX202506,False,13600.0,0.0,0.0,0.0,0.0,13600.0,11908160.880000008,False,0.0011433797461886622,-0.07086340264730229,-908211.7760000043
2025-06-02,2025-05-29,1,1,1,TX202506,False,-90800.0,0.0,0.0,0.0,0.0,-90800.0,11817360.880000008,False,-0.007625022949807506,-0.07794809052562268,-999011.7760000043
2025-06-03,2025-06-02,0,1,0,,False,33600.0,50.0,84.128,400.0,534.1279999999999,33065.872,11850426.752000008,False,0.002798075842463396,-0.0753681193522252,-965945.9040000048
2025-06-04,2025-06-03,0,0,0,,False,0.0,0.0,0.0,0.0,0.0,0.0,11850426.752000008,False,0.0,-0.0753681193522252,-965945.9040000048
2025-06-05,2025-06-04,1,0,1,TX202506,False,-7200.0,50.0,86.364,400.0,536.364,-7736.364,11842690.388000008,False,-0.0006528342111134796,-0.07597175067659834,-973682.2680000048
2025-06-06,2025-06-05,1,1,1,TX202506,False,5000.0,0.0,0.0,0.0,0.0,5000.0,11847690.388000008,False,0.0004222013610240468,-0.07558162469210927,-968682.2680000048
2025-06-09,2025-06-06,1,1,1,TX202506,False,29800.0,0.0,0.0,0.0,0.0,29800.0,11877490.388000008,False,0.0025152581662821875,-0.0732564738245548,-938882.2680000048
2025-06-10,2025-06-09,1,1,1,TX202506,False,77200.0,0.0,0.0,0.0,0.0,77200.0,11954690.388000008,False,0.00649968953694092,-0.06723292862404451,-861682.2680000048
2025-06-11,2025-06-10,1,1,1,TX202506,False,47600.0,0.0,0.0,0.0,0.0,47600.0,12002290.388000008,False,0.003981700776440047,-0.06351892925170921,-814082.2680000048
2025-06-12,2025-06-11,1,1,1,TX202506,False,-19800.0,0.0,0.0,0.0,0.0,-19800.0,11982490.388000008,False,-0.001649685131747538,-0.06506382815028566,-833882.2680000048
2025-06-13,2025-06-12,1,1,1,TX202506,False,-62400.0,0.0,0.0,0.0,0.0,-62400.0,11920090.388000008,False,-0.005207598585890888,-0.06993260043670846,-896282.2680000048
2025-06-16,2025-06-13,1,1,1,TX202506,False,18400.0,0.0,0.0,0.0,0.0,18400.0,11938490.388000008,False,0.0015436124560366873,-0.06849693681378888,-877882.2680000048
2025-06-17,2025-06-16,1,1,1,TX202507,True,25400.0,100.0,175.77200000000002,800.0,1075.772,24324.228,11962814.616000008,False,0.00203746262797594,-0.06659903413470192,-853558.0400000047
2025-06-18,2025-06-17,1,1,1,TX202507,False,29200.0,0.0,0.0,0.0,0.0,29200.0,11992014.616000008,False,0.002440897141459137,-0.06432069838528609,-824358.0400000047
2025-06-19,2025-06-18,1,1,1,TX202507,False,-45200.0,0.0,0.0,0.0,0.0,-45200.0,11946814.616000008,False,-0.003769174859051053,-0.0678474372850667,-869558.0400000047
2025-06-20,2025-06-19,1,1,1,TX202507,False,-10200.0,0.0,0.0,0.0,0.0,-10200.0,11936614.616000008,False,-0.0008537840694656338,-0.0686432942934243,-879758.0400000047
2025-06-23,2025-06-20,0,1,0,,False,-60600.0,50.0,85.39200000000001,400.0,535.392,-61135.392,11875479.224000007,False,-0.0051216692476653515,-0.07341339529164859,-940893.4320000056
2025-06-24,2025-06-23,0,0,0,,False,0.0,0.0,0.0,0.0,0.0,0.0,11875479.224000007,False,0.0,-0.07341339529164859,-940893.4320000056
2025-06-25,2025-06-24,1,0,1,TX202507,False,4200.0,50.0,88.56,400.0,538.56,3661.44,11879140.664000006,False,0.0003083193470289884,-0.07312771071471924,-937231.9920000061
2025-06-26,2025-06-25,1,1,1,TX202507,False,-8400.0,0.0,0.0,0.0,0.0,-8400.0,11870740.664000006,False,-0.0007071218565040131,-0.07378312236866069,-945631.9920000061
2025-06-27,2025-06-26,1,1,1,TX202507,False,800.0,0.0,0.0,0.0,0.0,800.0,11871540.664000006,False,6.739259349049154e-05,-0.07372070221114246,-944831.9920000061
2025-06-30,2025-06-27,1,1,1,TX202507,False,4800.0,0.0,0.0,0.0,0.0,4800.0,11876340.664000006,False,0.0004043283122093678,-0.07334618126603298,-940031.9920000061
2025-07-01,2025-06-30,1,1,1,TX202507,False,41600.0,0.0,0.0,0.0,0.0,41600.0,11917940.664000006,False,0.0035027624397891703,-0.07010033307508445,-898431.9920000061
2025-07-02,2025-07-01,1,1,1,TX202507,False,8600.0,0.0,0.0,0.0,0.0,8600.0,11926540.664000006,False,0.0007216011761140612,-0.06942931638176342,-889831.9920000061
2025-07-03,2025-07-02,1,1,1,TX202507,False,55800.0,0.0,0.0,0.0,0.0,55800.0,11982340.664000006,False,0.004678640820672422,-0.06507551039486603,-834031.9920000061
2025-07-04,2025-07-03,1,1,1,TX202507,False,-48000.0,0.0,0.0,0.0,0.0,-48000.0,11934340.664000006,False,-0.004005895120659705,-0.0688207198459605,-882031.9920000061
2025-07-07,2025-07-04,1,1,1,TX202507,False,-19800.0,0.0,0.0,0.0,0.0,-19800.0,11914540.664000006,False,-0.0016590778290523239,-0.07036561874453706,-901831.9920000061
2025-07-08,2025-07-07,1,1,1,TX202507,False,-17000.0,0.0,0.0,0.0,0.0,-17000.0,11897540.664000006,False,-0.0014268279809867784,-0.07169204709179966,-918831.9920000061
2025-07-09,2025-07-08,1,1,1,TX202507,False,36600.0,0.0,0.0,0.0,0.0,36600.0,11934140.664000006,False,0.003076266014433181,-0.06883632488534008,-882231.9920000061
2025-07-10,2025-07-09,1,1,1,TX202507,False,35400.0,0.0,0.0,0.0,0.0,35400.0,11969540.664000006,False,0.002966279767992517,-0.0660742329151579,-846831.9920000061
2025-07-11,2025-07-10,1,1,1,TX202507,False,30600.0,0.0,0.0,0.0,0.0,30600.0,12000140.664000006,False,0.002556489079988975,-0.0636866618900852,-816231.9920000061
2025-07-14,2025-07-11,1,1,1,TX202507,False,-42600.0,0.0,0.0,0.0,0.0,-42600.0,11957540.664000006,False,-0.0035499583873877813,-0.06701053527793155,-858831.9920000061
2025-07-15,2025-07-14,1,1,1,TX202508,True,51800.0,100.0,181.94000000000003,800.0,1081.94,50718.06,12008258.724000007,False,0.004241512650899396,-0.06305324866015705,-808113.9320000056
2025-07-16,2025-07-15,1,1,1,TX202508,False,49000.0,0.0,0.0,0.0,0.0,49000.0,12057258.724000007,False,0.00408052500585013,-0.05923001401216477,-759113.9320000056
2025-07-17,2025-07-16,1,1,1,TX202508,False,45600.0,0.0,0.0,0.0,0.0,45600.0,12102858.724000007,False,0.0037819541774643246,-0.055672065033624984,-713513.9320000056
2025-07-18,2025-07-17,1,1,1,TX202508,False,22800.0,0.0,0.0,0.0,0.0,22800.0,12125658.724000007,False,0.0018838524451076611,-0.05389309054435509,-690713.9320000056
2025-07-21,2025-07-18,1,1,1,TX202508,False,-6800.0,0.0,0.0,0.0,0.0,-6800.0,12118858.724000007,False,-0.0005607942755753907,-0.0544236618832602,-697513.9320000056
2025-07-22,2025-07-21,1,1,1,TX202508,False,-47600.0,0.0,0.0,0.0,0.0,-47600.0,12071258.724000007,False,-0.003927762595807282,-0.058137661255595496,-745113.9320000056
2025-07-23,2025-07-22,1,1,1,TX202508,False,39200.0,0.0,0.0,0.0,0.0,39200.0,12110458.724000007,False,0.003247382969438207,-0.05507907353720165,-705913.9320000056
2025-07-24,2025-07-23,1,1,1,TX202508,False,24800.0,0.0,0.0,0.0,0.0,24800.0,12135258.724000007,False,0.0020478167314052593,-0.053144048654136244,-681113.9320000056
2025-07-25,2025-07-24,1,1,1,TX202508,False,-14400.0,0.0,0.0,0.0,0.0,-14400.0,12120858.724000007,False,-0.0011866248860043663,-0.05426761148946457,-695513.9320000056
2025-07-28,2025-07-25,1,1,1,TX202508,False,30800.0,0.0,0.0,0.0,0.0,30800.0,12151658.724000007,False,0.0025410740857010573,-0.05186443542501229,-664713.9320000056
2025-07-29,2025-07-28,1,1,1,TX202508,False,-45800.0,0.0,0.0,0.0,0.0,-45800.0,12105858.724000007,False,-0.0037690327748872003,-0.055437989442931546,-710513.9320000056
2025-07-30,2025-07-29,1,1,1,TX202508,False,39600.0,0.0,0.0,0.0,0.0,39600.0,12145458.724000007,False,0.0032711434110405183,-0.05234819164577864,-670913.9320000056
2025-07-31,2025-07-30,1,1,1,TX202508,False,45600.0,0.0,0.0,0.0,0.0,45600.0,12191058.724000007,False,0.0037544897262622302,-0.04879024266723886,-625313.9320000056
2025-08-01,2025-07-31,1,1,1,TX202508,False,-49000.0,0.0,0.0,0.0,0.0,-49000.0,12142058.724000007,False,-0.004019339182046251,-0.05261347731523114,-674313.9320000056
2025-08-04,2025-08-01,1,1,1,TX202508,False,-16800.0,0.0,0.0,0.0,0.0,-16800.0,12125258.724000007,False,-0.0013836203877677763,-0.05392430062311426,-691113.9320000056
2025-08-05,2025-08-04,1,1,1,TX202508,False,63000.0,0.0,0.0,0.0,0.0,63000.0,12188258.724000007,False,0.005195765421095848,-0.04900871321855271,-628113.9320000056
2025-08-06,2025-08-05,1,1,1,TX202508,False,-30000.0,0.0,0.0,0.0,0.0,-30000.0,12158258.724000007,False,-0.002461385229780751,-0.05134946912548677,-658113.9320000056
2025-08-07,2025-08-06,1,1,1,TX202508,False,114400.0,0.0,0.0,0.0,0.0,114400.0,12272658.724000007,False,0.009409242112456294,-0.042423386600378254,-543713.9320000056
2025-08-08,2025-08-07,1,1,1,TX202508,False,-9600.0,0.0,0.0,0.0,0.0,-9600.0,12263058.724000007,False,-0.0007822265913111848,-0.043172428490597214,-553313.9320000056
2025-08-11,2025-08-08,1,1,1,TX202508,False,42600.0,0.0,0.0,0.0,0.0,42600.0,12305658.724000007,False,0.0034738478350941617,-0.03984855510275087,-510713.9320000056
2025-08-12,2025-08-11,1,1,1,TX202508,False,-5400.0,0.0,0.0,0.0,0.0,-5400.0,12300258.724000007,False,-0.00043882250606123643,-0.040269891165998994,-516113.9320000056
2025-08-13,2025-08-12,1,1,1,TX202508,False,42400.0,0.0,0.0,0.0,0.0,42400.0,12342658.724000007,False,0.0034470819639972295,-0.036961622817532236,-473713.9320000056
2025-08-14,2025-08-13,1,1,1,TX202508,False,-19400.0,0.0,0.0,0.0,0.0,-19400.0,12323258.724000007,False,-0.0015717845266415055,-0.03847531163734952,-493113.9320000056
2025-08-15,2025-08-14,1,1,1,TX202508,False,12400.0,0.0,0.0,0.0,0.0,12400.0,12335658.724000007,False,0.0010062273524981292,-0.037507799195816816,-480713.9320000056
2025-08-18,2025-08-15,1,1,1,TX202508,False,22800.0,0.0,0.0,0.0,0.0,22800.0,12358458.724000007,False,0.0018483001605451993,-0.035728824706546924,-457913.9320000056
2025-08-19,2025-08-18,1,1,1,TX202509,True,-16800.0,100.0,194.50400000000002,800.0,1094.504,-17894.504,12340564.220000006,False,-0.0014479559627649237,-0.03712504690453544,-475808.4360000063
2025-08-20,2025-08-19,1,1,1,TX202509,False,-123400.0,0.0,0.0,0.0,0.0,-123400.0,12217164.220000006,False,-0.00999954279237971,-0.04675335620172416,-599208.4360000063
2025-08-21,2025-08-20,0,1,0,,False,12400.0,50.0,94.908,400.0,544.908,11855.092,12229019.312000006,False,0.0009703636446658154,-0.04582836031418258,-587353.3440000061
2025-08-22,2025-08-21,1,0,1,TX202509,False,-25400.0,50.0,95.516,400.0,545.5160000000001,-25945.516,12203073.796000006,False,-0.0021216350500436586,-0.04785276430869767,-613298.8600000069
2025-08-25,2025-08-22,0,1,0,,False,74000.0,50.0,96.47200000000001,400.0,546.472,73453.528,12276527.324000007,False,0.006019264426973885,-0.0421215383236595,-539845.332000006
2025-08-26,2025-08-25,1,0,1,TX202509,False,22000.0,50.0,96.58000000000001,400.0,546.58,21453.42,12297980.744000006,False,0.001747515354611692,-0.04044763100402826,-518391.91200000606
2025-08-27,2025-08-26,1,1,1,TX202509,False,42000.0,0.0,0.0,0.0,0.0,42000.0,12339980.744000006,False,0.0034151948091552466,-0.03717057273432056,-476391.91200000606
2025-08-28,2025-08-27,1,1,1,TX202509,False,-47000.0,0.0,0.0,0.0,0.0,-47000.0,12292980.744000006,False,-0.0038087579693228063,-0.040837756988517215,-523391.91200000606
2025-08-29,2025-08-28,1,1,1,TX202509,False,7800.0,0.0,0.0,0.0,0.0,7800.0,12300780.744000006,False,0.0006345084371670432,-0.04022916045271441,-515591.91200000606
2025-09-01,2025-08-29,1,1,1,TX202509,False,-51800.0,0.0,0.0,0.0,0.0,-51800.0,12248980.744000006,False,-0.004211114812794843,-0.04427086565202054,-567391.9120000061
2025-09-02,2025-09-01,0,1,0,,False,15000.0,50.0,96.32400000000001,400.0,546.3240000000001,14453.676,12263434.420000007,False,0.0011799900989378183,-0.043143114736223453,-552938.2360000052
2025-09-03,2025-09-02,0,0,0,,False,0.0,0.0,0.0,0.0,0.0,0.0,12263434.420000007,False,0.0,-0.043143114736223453,-552938.2360000052
2025-09-04,2025-09-03,0,0,0,,False,0.0,0.0,0.0,0.0,0.0,0.0,12263434.420000007,False,0.0,-0.043143114736223453,-552938.2360000052
2025-09-05,2025-09-04,0,0,0,,False,0.0,0.0,0.0,0.0,0.0,0.0,12263434.420000007,False,0.0,-0.043143114736223453,-552938.2360000052
2025-09-08,2025-09-05,1,0,1,TX202509,False,-7400.0,50.0,98.36000000000001,400.0,548.36,-7948.36,12255486.060000008,False,-0.0006481349129275969,-0.04376328709023802,-560886.5960000046
2025-09-09,2025-09-08,1,1,1,TX202509,False,50200.0,0.0,0.0,0.0,0.0,50200.0,12305686.060000008,False,0.004096124768469604,-0.039846422205968346,-510686.59600000456
2025-09-10,2025-09-09,1,1,1,TX202509,False,75200.0,0.0,0.0,0.0,0.0,75200.0,12380886.060000008,False,0.006110996138966993,-0.03397892739925368,-435486.59600000456
2025-09-11,2025-09-10,1,1,1,TX202509,False,12400.0,0.0,0.0,0.0,0.0,12400.0,12393286.060000008,False,0.0010015438265005721,-0.033011414957720975,-423086.59600000456
2025-09-12,2025-09-11,1,1,1,TX202509,False,43800.0,0.0,0.0,0.0,0.0,43800.0,12437086.060000008,False,0.0035341716303448232,-0.029593911333597234,-379286.59600000456
2025-09-15,2025-09-12,1,1,1,TX202509,False,-21200.0,0.0,0.0,0.0,0.0,-21200.0,12415886.060000008,False,-0.0017045793442069328,-0.03124804550783067,-400486.59600000456
2025-09-16,2025-09-15,1,1,1,TX202510,True,55200.0,100.0,205.072,800.0,1105.0720000000001,54094.928,12469980.988000007,False,0.004356912405492868,-0.027027278099458263,-346391.6680000052
2025-09-17,2025-09-16,1,1,1,TX202510,False,-33800.0,0.0,0.0,0.0,0.0,-33800.0,12436180.988000007,False,-0.0027105093450043023,-0.029664529754603985,-380191.6680000052
2025-09-18,2025-09-17,1,1,1,TX202510,False,47800.0,0.0,0.0,0.0,0.0,47800.0,12483980.988000007,False,0.0038436237013696937,-0.025934925342889104,-332391.6680000052
2025-09-19,2025-09-18,1,1,1,TX202510,False,-7600.0,0.0,0.0,0.0,0.0,-7600.0,12476380.988000007,False,-0.0006087801645408911,-0.026527916839312327,-339991.6680000052
2025-09-22,2025-09-19,1,1,1,TX202510,False,44000.0,0.0,0.0,0.0,0.0,44000.0,12520380.988000007,False,0.003526663704989447,-0.02309480817580911,-295991.6680000052
2025-09-23,2025-09-22,1,1,1,TX202510,False,76400.0,0.0,0.0,0.0,0.0,76400.0,12596780.988000007,False,0.0061020507341769045,-0.017133683132817046,-219591.6680000052
2025-09-24,2025-09-23,1,1,1,TX202510,False,-7200.0,0.0,0.0,0.0,0.0,-7200.0,12589580.988000007,False,-0.0005715745956732034,-0.01769546455048121,-226791.6680000052
2025-09-25,2025-09-24,1,1,1,TX202510,False,-28000.0,0.0,0.0,0.0,0.0,-28000.0,12561580.988000007,False,-0.0022240613112293984,-0.01988017006361964,-254791.6680000052
2025-09-26,2025-09-25,1,1,1,TX202510,False,-85600.0,0.0,0.0,0.0,0.0,-85600.0,12475980.988000007,False,-0.006814428859056284,-0.026559126918071496,-340391.6680000052
2025-09-30,2025-09-26,1,1,1,TX202510,False,57000.0,0.0,0.0,0.0,0.0,57000.0,12532980.988000007,False,0.004568779004618981,-0.022111690694896824,-283391.6680000052
2025-10-01,2025-09-30,1,1,1,TX202510,False,18200.0,0.0,0.0,0.0,0.0,18200.0,12551180.988000007,False,0.0014521684838926998,-0.020691632111356828,-265191.6680000052
2025-10-02,2025-10-01,1,1,1,TX202510,False,77200.0,0.0,0.0,0.0,0.0,77200.0,12628380.988000007,False,0.00615081561438798,-0.014668086910846534,-187991.6680000052
2025-10-03,2025-10-02,1,1,1,TX202510,False,62800.0,0.0,0.0,0.0,0.0,62800.0,12691180.988000007,False,0.004972925671127207,-0.009768104545664569,-125191.66800000519
2025-10-07,2025-10-03,1,1,1,TX202510,False,115400.0,0.0,0.0,0.0,0.0,115400.0,12806580.988000007,False,0.009092928397216546,-0.0007639968236583528,-9791.668000005186
2025-10-08,2025-10-07,1,1,1,TX202510,False,-45800.0,0.0,0.0,0.0,0.0,-45800.0,12760780.988000007,False,-0.0035762862892848146,-0.004337550841577609,-55591.668000005186
2025-10-09,2025-10-08,1,1,1,TX202510,False,48400.0,0.0,0.0,0.0,0.0,48400.0,12809180.988000007,False,0.0037928713019614105,-0.0005611313117239725,-7191.668000005186
2025-10-13,2025-10-09,1,1,1,TX202510,False,-86200.0,0.0,0.0,0.0,0.0,-86200.0,12722980.988000007,False,-0.0067295481327615345,-0.007286903284314472,-93391.66800000519
2025-10-14,2025-10-13,1,1,1,TX202511,True,-37200.0,100.0,213.93200000000002,800.0,1113.932,-38313.932,12684667.056000007,False,-0.003011395838454583,-0.010276355372543455,-131705.60000000522
2025-10-15,2025-10-14,1,1,1,TX202511,False,104600.0,0.0,0.0,0.0,0.0,104600.0,12789267.056000007,False,0.008246176232944394,-0.002114919777033486,-27105.600000005215
2025-10-16,2025-10-15,1,1,1,TX202511,False,106800.0,0.0,0.0,0.0,0.0,106800.0,12896067.056000007,False,0.008350752199665377,0.0,0.0
2025-10-17,2025-10-16,1,1,1,TX202511,False,-98800.0,0.0,0.0,0.0,0.0,-98800.0,12797267.056000007,False,-0.007661250485979168,-0.00766125048597921,-98800.0
2025-10-20,2025-10-17,1,1,1,TX202511,False,91000.0,0.0,0.0,0.0,0.0,91000.0,12888267.056000007,False,0.007110893255707638,-0.0006048355646826042,-7800.0
2025-10-21,2025-10-20,1,1,1,TX202511,False,10000.0,0.0,0.0,0.0,0.0,10000.0,12898267.056000007,False,0.0007758995027453747,0.0,0.0
2025-10-22,2025-10-21,1,1,1,TX202511,False,-25800.0,0.0,0.0,0.0,0.0,-25800.0,12872467.056000007,False,-0.002000268709585942,-0.0020002687095859173,-25800.0
2025-10-23,2025-10-22,1,1,1,TX202511,False,-29600.0,0.0,0.0,0.0,0.0,-29600.0,12842867.056000007,False,-0.0022994815112929805,-0.004295150639963663,-55400.0
2025-10-27,2025-10-23,1,1,1,TX202511,False,133800.0,0.0,0.0,0.0,0.0,133800.0,12976667.056000007,False,0.010418234450031974,0.0,0.0
2025-10-28,2025-10-27,1,1,1,TX202511,False,-44600.0,0.0,0.0,0.0,0.0,-44600.0,12932067.056000007,False,-0.0034369379908979285,-0.003436937990897948,-44600.0
2025-10-29,2025-10-28,1,1,1,TX202511,False,82000.0,0.0,0.0,0.0,0.0,82000.0,13014067.056000007,False,0.006340827003518745,0.0,0.0
2025-10-30,2025-10-29,1,1,1,TX202511,False,-2800.0,0.0,0.0,0.0,0.0,-2800.0,13011267.056000007,False,-0.00021515180365611284,-0.00021515180365616615,-2800.0
2025-10-31,2025-10-30,1,1,1,TX202511,False,6600.0,0.0,0.0,0.0,0.0,6600.0,13017867.056000007,False,0.0005072526735170254,0.0,0.0
2025-11-03,2025-10-31,1,1,1,TX202511,False,-18200.0,0.0,0.0,0.0,0.0,-18200.0,12999667.056000007,False,-0.0013980784964009536,-0.0013980784964009452,-18200.0
2025-11-04,2025-11-03,1,1,1,TX202511,False,-44600.0,0.0,0.0,0.0,0.0,-44600.0,12955067.056000007,False,-0.003430857098714296,-0.004824138987581272,-62800.0
2025-11-05,2025-11-04,1,1,1,TX202511,False,-62400.0,0.0,0.0,0.0,0.0,-62400.0,12892667.056000007,False,-0.0048166481678765275,-0.009617550975241751,-125200.0
2025-11-06,2025-11-05,1,1,1,TX202511,False,45800.0,0.0,0.0,0.0,0.0,45800.0,12938467.056000007,False,0.003552406945829376,-0.0060993094842987094,-79400.0
2025-11-07,2025-11-06,1,1,1,TX202511,False,-60800.0,0.0,0.0,0.0,0.0,-60800.0,12877667.056000007,False,-0.0046991656536162045,-0.010769813472275458,-140200.0
2025-11-10,2025-11-07,0,1,0,,False,9400.0,50.0,111.10000000000001,400.0,561.1,8838.9,12886505.956000008,False,0.0006863743224268054,-0.01009083127327337,-131361.09999999963
2025-11-11,2025-11-10,1,0,1,TX202511,False,-73800.0,50.0,112.60400000000001,400.0,562.604,-74362.604,12812143.352000007,False,-0.0057705792597237335,-0.015803180591338117,-205723.7039999999
2025-11-12,2025-11-11,0,1,0,,False,21800.0,50.0,111.54800000000002,400.0,561.548,21238.452,12833381.804000007,False,0.0016576814211717843,-0.014171695809028106,-184485.25200000033
2025-11-13,2025-11-12,1,0,1,TX202511,False,-11600.0,50.0,112.16000000000001,400.0,562.1600000000001,-12162.16,12821219.644000007,False,-0.0009476971998299938,-0.015105962532423023,-196647.41200000048
2025-11-14,2025-11-13,1,1,1,TX202511,False,-115800.0,0.0,0.0,0.0,0.0,-115800.0,12705419.644000007,False,-0.009031902051080714,-0.024001429009523623,-312447.4120000005
2025-11-17,2025-11-14,0,1,0,,False,33800.0,50.0,110.272,400.0,560.2719999999999,33239.728,12738659.372000007,False,0.0026161849770697733,-0.021448036210456767,-279207.68400000036
2025-11-18,2025-11-17,0,0,0,,False,0.0,0.0,0.0,0.0,0.0,0.0,12738659.372000007,False,0.0,-0.021448036210456767,-279207.68400000036
2025-11-19,2025-11-18,0,0,0,,False,0.0,0.0,0.0,0.0,0.0,0.0,12738659.372000007,False,0.0,-0.021448036210456767,-279207.68400000036
2025-11-20,2025-11-19,0,0,0,,False,0.0,0.0,0.0,0.0,0.0,0.0,12738659.372000007,False,0.0,-0.021448036210456767,-279207.68400000036
2025-11-21,2025-11-20,0,0,0,,False,0.0,0.0,0.0,0.0,0.0,0.0,12738659.372000007,False,0.0,-0.021448036210456767,-279207.68400000036
2025-11-24,2025-11-21,0,0,0,,False,0.0,0.0,0.0,0.0,0.0,0.0,12738659.372000007,False,0.0,-0.021448036210456767,-279207.68400000036
2025-11-25,2025-11-24,0,0,0,,False,0.0,0.0,0.0,0.0,0.0,0.0,12738659.372000007,False,0.0,-0.021448036210456767,-279207.68400000036
2025-11-26,2025-11-25,0,0,0,,False,0.0,0.0,0.0,0.0,0.0,0.0,12738659.372000007,False,0.0,-0.021448036210456767,-279207.68400000036
2025-11-27,2025-11-26,0,0,0,,False,0.0,0.0,0.0,0.0,0.0,0.0,12738659.372000007,False,0.0,-0.021448036210456767,-279207.68400000036
2025-11-28,2025-11-27,1,0,1,TX202512,False,30800.0,50.0,110.36800000000001,400.0,560.3679999999999,30239.632,12768899.004000006,False,0.0023738472877662237,-0.019125103285276723,-248968.05200000107
2025-12-01,2025-11-28,1,1,1,TX202512,False,-68000.0,0.0,0.0,0.0,0.0,-68000.0,12700899.004000006,False,-0.005325439568336958,-0.024348693271829758,-316968.0520000011
2025-12-02,2025-12-01,0,1,0,,False,54000.0,50.0,110.688,400.0,560.688,53439.312,12754338.316000007,False,0.004207522001644913,-0.020243618932837215,-263528.7400000002
2025-12-03,2025-12-02,1,0,1,TX202512,False,-10000.0,50.0,111.24000000000001,400.0,561.24,-10561.24,12743777.076000007,False,-0.0008280507963906823,-0.021054906984448785,-274089.98000000045
2025-12-04,2025-12-03,1,1,1,TX202512,False,8200.0,0.0,0.0,0.0,0.0,8200.0,12751977.076000007,False,0.0006434513057704711,-0.020425003486070348,-265889.98000000045
2025-12-05,2025-12-04,1,1,1,TX202512,False,43400.0,0.0,0.0,0.0,0.0,43400.0,12795377.076000007,False,0.0034033938220984906,-0.017091123994652735,-222489.98000000045
2025-12-08,2025-12-05,1,1,1,TX202512,False,54000.0,0.0,0.0,0.0,0.0,54000.0,12849377.076000007,False,0.004220274219294917,-0.012942979005331146,-168489.98000000045
2025-12-09,2025-12-08,1,1,1,TX202512,False,-13200.0,0.0,0.0,0.0,0.0,-13200.0,12836177.076000007,False,-0.0010272871534492427,-0.013956970002720892,-181689.98000000045
2025-12-10,2025-12-09,1,1,1,TX202512,False,35600.0,0.0,0.0,0.0,0.0,35600.0,12871777.076000007,False,0.0027734114128545213,-0.011222267009760811,-146089.98000000045
2025-12-11,2025-12-10,1,1,1,TX202512,False,-57600.0,0.0,0.0,0.0,0.0,-57600.0,12814177.076000007,False,-0.004474906585151923,-0.015646954998370433,-203689.98000000045
2025-12-12,2025-12-11,1,1,1,TX202512,False,36400.0,0.0,0.0,0.0,0.0,36400.0,12850577.076000007,False,0.0028406037925115357,-0.012850798005568431,-167289.98000000045
2025-12-15,2025-12-12,1,1,1,TX202512,False,-77000.0,0.0,0.0,0.0,0.0,-77000.0,12773577.076000007,False,-0.00599194880857193,-0.018765745490341712,-244289.98000000045
2025-12-16,2025-12-15,1,1,1,TX202601,True,-56600.0,100.0,221.348,800.0,1121.348,-57721.348,12715855.728000008,False,-0.004518808447827145,-0.023199755128917254,-302011.32799999975
2025-12-17,2025-12-16,1,1,1,TX202601,False,-4200.0,0.0,0.0,0.0,0.0,-4200.0,12711655.728000008,False,-0.0003302962922701066,-0.023522388628086754,-306211.32799999975
2025-12-18,2025-12-17,0,1,0,,False,-38400.0,50.0,109.992,400.0,559.992,-38959.992,12672695.736000007,False,-0.0030649030176440896,-0.02651519780584244,-345171.3200000003
2025-12-19,2025-12-18,0,0,0,,False,0.0,0.0,0.0,0.0,0.0,0.0,12672695.736000007,False,0.0,-0.02651519780584244,-345171.3200000003
2025-12-22,2025-12-19,1,0,1,TX202601,False,17000.0,50.0,113.03200000000001,400.0,563.032,16436.968,12689132.704000007,False,0.0012970380053635017,-0.025252551019752878,-328734.35199999996
2025-12-23,2025-12-22,1,1,1,TX202601,False,14400.0,0.0,0.0,0.0,0.0,14400.0,12703532.704000007,False,0.001134829332777068,-0.024146379022600417,-314334.35199999996
2025-12-24,2025-12-23,1,1,1,TX202601,False,11800.0,0.0,0.0,0.0,0.0,11800.0,12715332.704000007,False,0.0009288754769989682,-0.023239932524933837,-302534.35199999996
2025-12-26,2025-12-24,1,1,1,TX202601,False,40200.0,0.0,0.0,0.0,0.0,40200.0,12755532.704000007,False,0.003161537408089513,-0.020151869032883463,-262334.35199999996
2025-12-29,2025-12-26,1,1,1,TX202601,False,55400.0,0.0,0.0,0.0,0.0,55400.0,12810932.704000007,False,0.00434321335577205,-0.015896179543838818,-206934.35199999996
2025-12-30,2025-12-29,1,1,1,TX202601,False,-13800.0,0.0,0.0,0.0,0.0,-13800.0,12797132.704000007,False,-0.0010772049404093092,-0.01695626104110981,-220734.35199999996
2025-12-31,2025-12-30,1,1,1,TX202601,False,27000.0,0.0,0.0,0.0,0.0,27000.0,12824132.704000007,False,0.0021098476216911146,-0.014882188546449071,-193734.35199999996
2026-01-02,2025-12-31,1,1,1,TX202601,False,91400.0,0.0,0.0,0.0,0.0,91400.0,12915532.704000007,False,0.007127187632072085,-0.00786106906452344,-102334.35199999996
2026-01-05,2026-01-02,1,1,1,TX202601,False,168000.0,0.0,0.0,0.0,0.0,168000.0,13083532.704000007,False,0.01300759355810152,0.0,0.0
2026-01-06,2026-01-05,1,1,1,TX202601,False,60800.0,0.0,0.0,0.0,0.0,60800.0,13144332.704000007,False,0.004647062943589518,0.0,0.0
2026-01-07,2026-01-06,1,1,1,TX202601,False,-20200.0,0.0,0.0,0.0,0.0,-20200.0,13124132.704000007,False,-0.0015367839855311067,-0.0015367839855311427,-20200.0
2026-01-08,2026-01-07,1,1,1,TX202601,False,-11600.0,0.0,0.0,0.0,0.0,-11600.0,13112532.704000007,False,-0.0008838679295329376,-0.0024192936009845845,-31800.0
2026-01-09,2026-01-08,1,1,1,TX202601,False,-400.0,0.0,0.0,0.0,0.0,-400.0,13112132.704000007,False,-3.0505167005454188e-05,-0.002449724967034772,-32200.0
2026-01-12,2026-01-09,1,1,1,TX202601,False,49000.0,0.0,0.0,0.0,0.0,49000.0,13161132.704000007,False,0.0037369969558843762,0.0,0.0
2026-01-13,2026-01-12,1,1,1,TX202601,False,34600.0,0.0,0.0,0.0,0.0,34600.0,13195732.704000007,False,0.002628953052763017,0.0,0.0
2026-01-14,2026-01-13,1,1,1,TX202601,False,21600.0,0.0,0.0,0.0,0.0,21600.0,13217332.704000007,False,0.0016368928110715986,0.0,0.0
2026-01-15,2026-01-14,1,1,1,TX202601,False,13600.0,0.0,0.0,0.0,0.0,13600.0,13230932.704000007,False,0.0010289519303606685,0.0,0.0
2026-01-16,2026-01-15,1,1,1,TX202601,False,84800.0,0.0,0.0,0.0,0.0,84800.0,13315732.704000007,False,0.006409223136201355,0.0,0.0
2026-01-19,2026-01-16,1,1,1,TX202601,False,39000.0,0.0,0.0,0.0,0.0,39000.0,13354732.704000007,False,0.0029288662416815047,0.0,0.0
2026-01-20,2026-01-19,1,1,1,TX202602,True,600.0,100.0,253.88800000000003,800.0,1153.888,-553.888,13354178.816000007,False,-4.147503452720545e-05,-4.147503452722745e-05,-553.8880000002682
2026-01-21,2026-01-20,1,1,1,TX202602,False,-63200.0,0.0,0.0,0.0,0.0,-63200.0,13290978.816000007,False,-0.004732600998593665,-0.0047738797483311,-63753.88800000027
2026-01-22,2026-01-21,1,1,1,TX202602,False,74600.0,0.0,0.0,0.0,0.0,74600.0,13365578.816000007,False,0.005612829651808239,0.0,0.0
2026-01-23,2026-01-22,1,1,1,TX202602,False,59200.0,0.0,0.0,0.0,0.0,59200.0,13424778.816000007,False,0.004429288159906054,0.0,0.0
2026-01-26,2026-01-23,1,1,1,TX202602,False,-1800.0,0.0,0.0,0.0,0.0,-1800.0,13422978.816000007,False,-0.00013408042133660424,-0.00013408042133655762,-1800.0
2026-01-27,2026-01-26,1,1,1,TX202602,False,73000.0,0.0,0.0,0.0,0.0,73000.0,13495978.816000007,False,0.0054384351641071655,0.0,0.0
2026-01-28,2026-01-27,1,1,1,TX202602,False,83600.0,0.0,0.0,0.0,0.0,83600.0,13579578.816000007,False,0.0061944377017611315,0.0,0.0
2026-01-29,2026-01-28,1,1,1,TX202602,False,-30000.0,0.0,0.0,0.0,0.0,-30000.0,13549578.816000007,False,-0.0022091995934846514,-0.0022091995934846453,-30000.0
2026-01-30,2026-01-29,1,1,1,TX202602,False,-106000.0,0.0,0.0,0.0,0.0,-106000.0,13443578.816000007,False,-0.00782312140026301,-0.010015038157130451,-136000.0
2026-02-02,2026-01-30,1,1,1,TX202602,False,-127400.0,0.0,0.0,0.0,0.0,-127400.0,13316178.816000007,False,-0.009476643217085442,-0.019396772430795295,-263400.0
2026-02-03,2026-02-02,1,1,1,TX202602,False,130200.0,0.0,0.0,0.0,0.0,130200.0,13446378.816000007,False,0.009777579724564727,-0.00980884619507183,-133200.0
2026-02-04,2026-02-03,1,1,1,TX202602,False,32400.0,0.0,0.0,0.0,0.0,32400.0,13478778.816000007,False,0.002409570669052314,-0.007422910634108382,-100800.0
2026-02-05,2026-02-04,1,1,1,TX202602,False,-103200.0,0.0,0.0,0.0,0.0,-103200.0,13375578.816000007,False,-0.007656479968162714,-0.015022557235695677,-204000.0
2026-02-06,2026-02-05,1,1,1,TX202602,False,-20000.0,0.0,0.0,0.0,0.0,-20000.0,13355578.816000007,False,-0.0014952623938842774,-0.016495356964685404,-224000.0
2026-02-09,2026-02-06,0,1,0,,False,203400.0,50.0,131.288,400.0,581.288,202818.712,13558397.528000006,False,0.015186066796073474,-0.0015597897613027767,-21181.28800000064
2026-02-10,2026-02-09,1,0,1,TX202602,False,80200.0,50.0,131.632,400.0,581.6320000000001,79618.368,13638015.896000007,False,0.005872255023912437,0.0,0.0
2026-02-11,2026-02-10,1,1,1,TX202603,True,76800.0,100.0,270.16,800.0,1170.16,75629.84,13713645.736000007,False,0.005545516340260464,0.0,0.0
2026-02-23,2026-02-11,1,1,1,TX202603,False,22400.0,0.0,0.0,0.0,0.0,22400.0,13736045.736000007,False,0.0016334095565264052,0.0,0.0
2026-02-24,2026-02-23,1,1,1,TX202603,False,173200.0,0.0,0.0,0.0,0.0,173200.0,13909245.736000007,False,0.012609160112656741,0.0,0.0
2026-02-25,2026-02-24,1,1,1,TX202603,False,132600.0,0.0,0.0,0.0,0.0,132600.0,14041845.736000007,False,0.00953322721567883,0.0,0.0
2026-02-26,2026-02-25,1,1,1,TX202603,False,22800.0,0.0,0.0,0.0,0.0,22800.0,14064645.736000007,False,0.0016237181655931552,0.0,0.0
2026-03-02,2026-02-26,1,1,1,TX202603,False,-74400.0,0.0,0.0,0.0,0.0,-74400.0,13990245.736000007,False,-0.005289859509903262,-0.005289859509903239,-74400.0
2026-03-03,2026-03-02,1,1,1,TX202603,False,-181400.0,0.0,0.0,0.0,0.0,-181400.0,13808845.736000007,False,-0.012966176822271074,-0.018187447078403918,-255800.0
2026-03-04,2026-03-03,1,1,1,TX202603,False,-298200.0,0.0,0.0,0.0,0.0,-298200.0,13510645.736000007,False,-0.02159485345126169,-0.03938954527535499,-554000.0
2026-03-05,2026-03-04,0,1,0,,False,215400.0,50.0,135.63600000000002,400.0,585.636,214814.364,13725460.100000007,False,0.015899637086006405,-0.024116187664209532,-339185.63599999994
2026-03-06,2026-03-05,1,0,1,TX202603,False,68800.0,50.0,133.448,400.0,583.448,68216.552,13793676.652000006,False,0.004970073972237911,-0.019265972928591113,-270969.08400000073
2026-03-09,2026-03-06,1,1,1,TX202603,False,-383600.0,0.0,0.0,0.0,0.0,-383600.0,13410076.652000006,False,-0.027809844298791804,-0.046540033519974044,-654569.0840000007
2026-03-10,2026-03-09,0,1,0,,False,291200.0,50.0,132.96,400.0,582.96,290617.04,13700693.692000005,False,0.021671542045709095,-0.025877085767501917,-363952.0440000016
2026-03-11,2026-03-10,0,0,0,,False,0.0,0.0,0.0,0.0,0.0,0.0,13700693.692000005,False,0.0,-0.025877085767501917,-363952.0440000016
2026-03-12,2026-03-11,1,0,1,TX202603,False,-29600.0,50.0,134.72,400.0,584.72,-30184.72,13670508.972000005,False,-0.0022031526781468892,-0.028023227274837526,-394136.7640000023
2026-03-13,2026-03-12,1,1,1,TX202603,False,-43000.0,0.0,0.0,0.0,0.0,-43000.0,13627508.972000005,False,-0.0031454571360929415,-0.03108053855072246,-437136.7640000023
2026-03-16,2026-03-13,0,1,0,,False,29000.0,50.0,133.83200000000002,400.0,583.832,28416.168,13655925.140000004,False,0.002085206332161349,-0.029060141554354102,-408720.5960000027
2026-03-17,2026-03-16,0,0,0,,False,0.0,0.0,0.0,0.0,0.0,0.0,13655925.140000004,False,0.0,-0.029060141554354102,-408720.5960000027
2026-03-18,2026-03-17,1,0,1,TX202604,False,40000.0,50.0,137.412,400.0,587.412,39412.588,13695337.728000004,False,0.0028861162898846993,-0.026257896212395826,-369308.0080000032
2026-03-19,2026-03-18,1,1,1,TX202604,False,-199600.0,0.0,0.0,0.0,0.0,-199600.0,13495737.728000004,False,-0.014574302873299682,-0.040449508553480396,-568908.0080000032
2026-03-20,2026-03-19,0,1,0,,False,51200.0,50.0,135.228,400.0,585.2280000000001,50614.772,13546352.500000004,False,0.0037504264694613945,-0.03685078499157468,-518293.2360000033
2026-03-23,2026-03-20,0,0,0,,False,0.0,0.0,0.0,0.0,0.0,0.0,13546352.500000004,False,0.0,-0.03685078499157468,-518293.2360000033
2026-03-24,2026-03-23,0,0,0,,False,0.0,0.0,0.0,0.0,0.0,0.0,13546352.500000004,False,0.0,-0.03685078499157468,-518293.2360000033
2026-03-25,2026-03-24,0,0,0,,False,0.0,0.0,0.0,0.0,0.0,0.0,13546352.500000004,False,0.0,-0.03685078499157468,-518293.2360000033
2026-03-26,2026-03-25,0,0,0,,False,0.0,0.0,0.0,0.0,0.0,0.0,13546352.500000004,False,0.0,-0.03685078499157468,-518293.2360000033
2026-03-27,2026-03-26,0,0,0,,False,0.0,0.0,0.0,0.0,0.0,0.0,13546352.500000004,False,0.0,-0.03685078499157468,-518293.2360000033
2026-03-30,2026-03-27,0,0,0,,False,0.0,0.0,0.0,0.0,0.0,0.0,13546352.500000004,False,0.0,-0.03685078499157468,-518293.2360000033
2026-03-31,2026-03-30,0,0,0,,False,0.0,0.0,0.0,0.0,0.0,0.0,13546352.500000004,False,0.0,-0.03685078499157468,-518293.2360000033
2026-04-01,2026-03-31,0,0,0,,False,0.0,0.0,0.0,0.0,0.0,0.0,13546352.500000004,False,0.0,-0.03685078499157468,-518293.2360000033
2026-04-02,2026-04-01,1,0,1,TX202604,False,-237800.0,50.0,134.71200000000002,400.0,584.712,-238384.712,13307967.788000004,False,-0.017597704769604948,-0.053800000526369574,-756677.9480000027
2026-04-07,2026-04-02,0,1,0,,False,141000.0,50.0,132.76000000000002,400.0,582.76,140417.24,13448385.028000005,False,0.010551366086609884,-0.04381629794077324,-616260.7080000024
2026-04-08,2026-04-07,1,0,1,TX202604,False,69000.0,50.0,138.61200000000002,400.0,588.6120000000001,68411.388,13516796.416000005,False,0.005086959352930863,-0.03895223031446304,-547849.3200000022
2026-04-09,2026-04-08,1,1,1,TX202604,False,-12800.0,0.0,0.0,0.0,0.0,-12800.0,13503996.416000005,False,-0.0009469699480602132,-0.039862313671005456,-560649.3200000022
2026-04-10,2026-04-09,1,1,1,TX202604,False,127000.0,0.0,0.0,0.0,0.0,127000.0,13630996.416000005,False,0.009404623349094345,-0.030832580367810447,-433649.32000000216
2026-04-13,2026-04-10,1,1,1,TX202604,False,-22000.0,0.0,0.0,0.0,0.0,-22000.0,13608996.416000005,False,-0.0016139685851708167,-0.032396786136867806,-455649.32000000216
2026-04-14,2026-04-13,1,1,1,TX202605,True,184800.0,100.0,292.08000000000004,800.0,1192.08,183607.92,13792604.336000005,False,0.013491657605562554,-0.019342214877384523,-272041.40000000224
2026-04-15,2026-04-14,1,1,1,TX202605,False,67600.0,0.0,0.0,0.0,0.0,67600.0,13860204.336000005,False,0.004901177352239243,-0.014535837150644437,-204441.40000000224
2026-04-16,2026-04-15,1,1,1,TX202605,False,133600.0,0.0,0.0,0.0,0.0,133600.0,13993804.336000005,False,0.009639107531264318,-0.005036842116732165,-70841.40000000224
2026-04-17,2026-04-16,1,1,1,TX202605,False,-112400.0,0.0,0.0,0.0,0.0,-112400.0,13881404.336000005,False,-0.00803212602528988,-0.013028511591370973,-183241.40000000224
2026-04-20,2026-04-17,1,1,1,TX202605,False,34200.0,0.0,0.0,0.0,0.0,34200.0,13915604.336000005,False,0.002463727672805106,-0.010596882623108983,-149041.40000000224
2026-04-21,2026-04-20,1,1,1,TX202605,False,158800.0,0.0,0.0,0.0,0.0,158800.0,14074404.336000005,False,0.011411649552954057,0.0,0.0
2026-04-22,2026-04-21,1,1,1,TX202605,False,31600.0,0.0,0.0,0.0,0.0,31600.0,14106004.336000005,False,0.002245210471833072,0.0,0.0
2026-04-23,2026-04-22,1,1,1,TX202605,False,-66200.0,0.0,0.0,0.0,0.0,-66200.0,14039804.336000005,False,-0.004693036980787724,-0.004693036980787713,-66200.0
2026-04-24,2026-04-23,1,1,1,TX202605,False,269800.0,0.0,0.0,0.0,0.0,269800.0,14309604.336000005,False,0.01921679202524179,0.0,0.0
2026-04-27,2026-04-24,1,1,1,TX202605,False,132800.0,0.0,0.0,0.0,0.0,132800.0,14442404.336000005,False,0.009280480220260364,0.0,0.0
2026-04-28,2026-04-27,1,1,1,TX202605,False,-27800.0,0.0,0.0,0.0,0.0,-27800.0,14414604.336000005,False,-0.0019248872523741805,-0.0019248872523741634,-27800.0
2026-04-29,2026-04-28,1,1,1,TX202605,False,-51800.0,0.0,0.0,0.0,0.0,-51800.0,14362804.336000005,False,-0.0035935776517036395,-0.005511547672265693,-79600.0
2026-04-30,2026-04-29,1,1,1,TX202605,False,-26000.0,0.0,0.0,0.0,0.0,-26000.0,14336804.336000005,False,-0.0018102314416991437,-0.0073118019370760345,-105600.0
2026-05-04,2026-04-30,1,1,1,TX202605,False,334200.0,0.0,0.0,0.0,0.0,334200.0,14671004.336000005,False,0.023310634097224656,0.0,0.0
2026-05-05,2026-05-04,1,1,1,TX202605,False,800.0,0.0,0.0,0.0,0.0,800.0,14671804.336000005,False,5.452932748693584e-05,0.0,0.0
2026-05-06,2026-05-05,1,1,1,TX202605,False,93600.0,0.0,0.0,0.0,0.0,93600.0,14765404.336000005,False,0.006379583441576778,0.0,0.0
2026-05-07,2026-05-06,1,1,1,TX202605,False,167400.0,0.0,0.0,0.0,0.0,167400.0,14932804.336000005,False,0.011337312286928487,0.0,0.0
2026-05-08,2026-05-07,1,1,1,TX202605,False,-80600.0,0.0,0.0,0.0,0.0,-80600.0,14852204.336000005,False,-0.005397512629673284,-0.005397512629673251,-80600.0
2026-05-11,2026-05-08,1,1,1,TX202605,False,1600.0,0.0,0.0,0.0,0.0,1600.0,14853804.336000005,False,0.00010772811656797552,-0.0052903659769750755,-79000.0
2026-05-12,2026-05-11,1,1,1,TX202605,False,-50000.0,0.0,0.0,0.0,0.0,-50000.0,14803804.336000005,False,-0.0033661410147176173,-0.008638698873794759,-129000.0
2026-05-13,2026-05-12,1,1,1,TX202605,False,-45200.0,0.0,0.0,0.0,0.0,-45200.0,14758604.336000005,False,-0.003053269212028309,-0.011665591812519693,-174200.0
2026-05-14,2026-05-13,1,1,1,TX202605,False,26600.0,0.0,0.0,0.0,0.0,26600.0,14785204.336000005,False,0.0018023384457238824,-0.00988427871141162,-147600.0
2026-05-15,2026-05-14,1,1,1,TX202605,False,-118000.0,0.0,0.0,0.0,0.0,-118000.0,14667204.336000005,False,-0.007980951586356214,-0.017786344347906047,-265600.0
2026-05-18,2026-05-15,1,1,1,TX202605,False,-41000.0,0.0,0.0,0.0,0.0,-41000.0,14626204.336000005,False,-0.002795352069880646,-0.020531977323298145,-306600.0
2026-05-19,2026-05-18,1,1,1,TX202606,True,-111800.0,100.0,322.524,800.0,1222.524,-113022.524,14513181.812000005,False,-0.007727399495015504,-0.02810071802711389,-419622.5240000002
2026-05-20,2026-05-19,0,1,0,,False,-20200.0,50.0,161.12,400.0,611.12,-20811.12,14492370.692000005,False,-0.0014339460684487974,-0.029494369181427116,-440433.6439999994
2026-05-21,2026-05-20,0,0,0,,False,0.0,0.0,0.0,0.0,0.0,0.0,14492370.692000005,False,0.0,-0.029494369181427116,-440433.6439999994
2026-05-22,2026-05-21,1,0,1,TX202606,False,49200.0,50.0,168.792,400.0,618.792,48581.208,14540951.900000006,False,0.003352191924459779,-0.026241048043154303,-391852.4359999988
2026-05-25,2026-05-22,1,1,1,TX202606,False,287000.0,0.0,0.0,0.0,0.0,287000.0,14827951.900000006,False,0.019737359835431397,-0.0070216172154095036,-104852.43599999882
2026-05-26,2026-05-25,1,1,1,TX202606,False,3200.0,0.0,0.0,0.0,0.0,3200.0,14831151.900000006,False,0.00021580863099508697,-0.006807323910013041,-101652.43599999882
2026-05-27,2026-05-26,1,1,1,TX202606,False,181000.0,0.0,0.0,0.0,0.0,181000.0,15012151.900000006,False,0.012204041953073107,0.0,0.0
2026-05-28,2026-05-27,1,1,1,TX202606,False,-191200.0,0.0,0.0,0.0,0.0,-191200.0,14820951.900000006,False,-0.01273634861102091,-0.012736348611020909,-191200.0
2026-05-29,2026-05-28,1,1,1,TX202606,False,288600.0,0.0,0.0,0.0,0.0,288600.0,15109551.900000006,False,0.01947243348114502,0.0,0.0
2026-06-01,2026-05-29,1,1,1,TX202606,False,150000.0,0.0,0.0,0.0,0.0,150000.0,15259551.900000006,False,0.009927494937821415,0.0,0.0
2026-06-02,2026-06-01,1,1,1,TX202606,False,10400.0,0.0,0.0,0.0,0.0,10400.0,15269951.900000006,False,0.0006815403275374027,0.0,0.0
2026-06-03,2026-06-02,1,1,1,TX202606,False,156200.0,0.0,0.0,0.0,0.0,156200.0,15426151.900000006,False,0.010229239818365108,0.0,0.0
2026-06-04,2026-06-03,1,1,1,TX202606,False,-114800.0,0.0,0.0,0.0,0.0,-114800.0,15311351.900000006,False,-0.00744190779036734,-0.0074419077903673525,-114800.0
2026-06-05,2026-06-04,1,1,1,TX202606,False,-216600.0,0.0,0.0,0.0,0.0,-216600.0,15094751.900000006,False,-0.014146366788160614,-0.021482998621321747,-331400.0
2026-06-08,2026-06-05,1,1,1,TX202606,False,-426200.0,0.0,0.0,0.0,0.0,-426200.0,14668551.900000006,False,-0.028234978807435706,-0.049111405417964216,-757600.0
2026-06-09,2026-06-08,0,1,0,,False,116200.0,50.0,174.63600000000002,400.0,624.636,115575.364,14784127.264000006,False,0.007879125682474489,-0.04161923467122086,-642024.6359999999
2026-06-10,2026-06-09,1,0,1,TX202606,False,-83400.0,50.0,175.364,400.0,625.364,-84025.364,14700101.900000006,False,-0.005683484895628937,-0.04706617727522833,-726050.0
2026-06-11,2026-06-10,0,1,0,,False,-155800.0,50.0,170.56400000000002,400.0,620.5640000000001,-156420.564,14543681.336000007,False,-0.01064078093227367,-0.0572061373257966,-882470.5639999993
2026-06-12,2026-06-11,0,0,0,,False,0.0,0.0,0.0,0.0,0.0,0.0,14543681.336000007,False,0.0,-0.0572061373257966,-882470.5639999993
2026-06-15,2026-06-12,1,0,1,TX202606,False,-34000.0,50.0,183.008,400.0,633.008,-34633.008,14509048.328000007,False,-0.00238130960104804,-0.05945122140279191,-917103.5719999988
2026-06-16,2026-06-15,1,1,1,TX202607,True,38400.0,100.0,366.48400000000004,800.0,1266.484,37133.516,14546181.844000008,False,0.0025593350549628128,-0.05704404194282553,-879970.055999998
2026-06-17,2026-06-16,1,1,1,TX202607,False,36400.0,0.0,0.0,0.0,0.0,36400.0,14582581.844000008,False,0.0025023748768144426,-0.054684412643440705,-843570.055999998
2026-06-18,2026-06-17,1,1,1,TX202607,False,147600.0,0.0,0.0,0.0,0.0,147600.0,14730181.844000008,False,0.01012166443356736,-0.04511624548439708,-695970.055999998
2026-06-22,2026-06-18,1,1,1,TX202607,False,328800.0,0.0,0.0,0.0,0.0,328800.0,15058981.844000008,False,0.02232151669831075,-0.023801791813031326,-367170.055999998
2026-06-23,2026-06-22,1,1,1,TX202607,False,-195400.0,0.0,0.0,0.0,0.0,-195400.0,14863581.844000008,False,-0.01297564483603211,-0.036468593052036424,-562570.055999998
2026-06-24,2026-06-23,1,1,1,TX202607,False,-209800.0,0.0,0.0,0.0,0.0,-209800.0,14653781.844000008,False,-0.014115036483261274,-0.05006887401387494,-772370.055999998
2026-06-25,2026-06-24,1,1,1,TX202607,False,31400.0,0.0,0.0,0.0,0.0,31400.0,14685181.844000008,False,0.0021427915560826185,-0.048033369618251776,-740970.055999998
2026-06-26,2026-06-25,1,1,1,TX202607,False,-434200.0,0.0,0.0,0.0,0.0,-434200.0,14250981.844000008,False,-0.029567219841911803,-0.07618037626091301,-1175170.055999998
2026-06-29,2026-06-26,0,1,0,,False,85200.0,50.0,179.18800000000002,400.0,629.188,84570.812,14335552.656000009,False,0.005934384937526692,-0.07069807500080405,-1090599.2439999972
2026-06-30,2026-06-29,0,0,0,,False,0.0,0.0,0.0,0.0,0.0,0.0,14335552.656000009,False,0.0,-0.07069807500080405,-1090599.2439999972
2026-07-01,2026-06-30,1,0,1,TX202607,False,-57000.0,50.0,190.072,400.0,640.072,-57640.072,14277912.584000008,False,-0.004020777809070047,-0.07443459155876697,-1148239.3159999978
2026-07-02,2026-07-01,1,1,1,TX202607,False,-126400.0,0.0,0.0,0.0,0.0,-126400.0,14151512.584000008,False,-0.008852834702297118,-0.0826284691258613,-1274639.3159999978
2026-07-03,2026-07-02,1,1,1,TX202607,False,73400.0,0.0,0.0,0.0,0.0,73400.0,14224912.584000008,False,0.005186724709766188,-0.07787031553864043,-1201239.3159999978
2026-07-06,2026-07-03,1,1,1,TX202607,False,-16000.0,0.0,0.0,0.0,0.0,-16000.0,14208912.584000008,False,-0.0011247872284288472,-0.07890751523067763,-1217239.3159999978
2026-07-07,2026-07-06,1,1,1,TX202607,False,-222200.0,0.0,0.0,0.0,0.0,-222200.0,13986712.584000008,False,-0.01563807213862439,-0.09331162595384512,-1439439.3159999978
2026-07-08,2026-07-07,0,1,0,,False,-33800.0,50.0,182.41600000000003,400.0,632.416,-34432.416,13952280.168000009,False,-0.0024617947779515177,-0.09554370665830125,-1473871.731999997
2026-07-09,2026-07-08,0,0,0,,False,0.0,0.0,0.0,0.0,0.0,0.0,13952280.168000009,False,0.0,-0.09554370665830125,-1473871.731999997
2026-07-13,2026-07-09,0,0,0,,False,0.0,0.0,0.0,0.0,0.0,0.0,13952280.168000009,False,0.0,-0.09554370665830125,-1473871.731999997
2026-07-14,2026-07-13,0,0,0,,False,0.0,0.0,0.0,0.0,0.0,0.0,13952280.168000009,False,0.0,-0.09554370665830125,-1473871.731999997
2026-07-15,2026-07-14,0,0,0,,False,0.0,0.0,0.0,0.0,0.0,0.0,13952280.168000009,False,0.0,-0.09554370665830125,-1473871.731999997
2026-07-16,2026-07-15,0,0,0,,False,0.0,0.0,0.0,0.0,0.0,0.0,13952280.168000009,False,0.0,-0.09554370665830125,-1473871.731999997
2026-07-17,2026-07-16,0,0,0,,False,0.0,0.0,0.0,0.0,0.0,0.0,13952280.168000009,False,0.0,-0.09554370665830125,-1473871.731999997
2026-07-20,2026-07-17,0,0,0,,False,0.0,0.0,0.0,0.0,0.0,0.0,13952280.168000009,False,0.0,-0.09554370665830125,-1473871.731999997
2026-07-21,2026-07-20,0,0,0,,False,0.0,0.0,0.0,0.0,0.0,0.0,13952280.168000009,False,0.0,-0.09554370665830125,-1473871.731999997
2026-07-22,2026-07-21,0,0,0,,False,0.0,0.0,0.0,0.0,0.0,0.0,13952280.168000009,False,0.0,-0.09554370665830125,-1473871.731999997
2026-07-23,2026-07-22,0,0,0,,False,0.0,0.0,0.0,0.0,0.0,0.0,13952280.168000009,False,0.0,-0.09554370665830125,-1473871.731999997
2026-07-24,2026-07-23,0,0,0,,False,0.0,0.0,0.0,0.0,0.0,0.0,13952280.168000009,False,0.0,-0.09554370665830125,-1473871.731999997
2026-07-27,2026-07-24,0,0,0,,False,0.0,0.0,0.0,0.0,0.0,0.0,13952280.168000009,False,0.0,-0.09554370665830125,-1473871.731999997
2026-07-28,2026-07-27,0,0,0,,False,0.0,0.0,0.0,0.0,0.0,0.0,13952280.168000009,False,0.0,-0.09554370665830125,-1473871.731999997
2026-07-29,2026-07-28,0,0,0,,False,0.0,0.0,0.0,0.0,0.0,0.0,13952280.168000009,False,0.0,-0.09554370665830125,-1473871.731999997
2026-07-30,2026-07-29,0,0,0,,False,0.0,0.0,0.0,0.0,0.0,0.0,13952280.168000009,False,0.0,-0.09554370665830125,-1473871.731999997
2026-07-31,2026-07-30,0,0,0,,False,0.0,0.0,0.0,0.0,0.0,0.0,13952280.168000009,False,0.0,-0.09554370665830125,-1473871.731999997
2026-08-03,2026-07-31,0,0,0,,False,0.0,0.0,0.0,0.0,0.0,0.0,13952280.168000009,False,0.0,-0.09554370665830125,-1473871.731999997
2026-08-04,2026-08-03,0,0,0,,False,0.0,0.0,0.0,0.0,0.0,0.0,13952280.168000009,False,0.0,-0.09554370665830125,-1473871.731999997
2026-08-05,2026-08-04,0,0,0,,False,0.0,0.0,0.0,0.0,0.0,0.0,13952280.168000009,False,0.0,-0.09554370665830125,-1473871.731999997
2026-08-06,2026-08-05,1,0,1,TX202608,False,20600.0,50.0,176.716,400.0,626.716,19973.284,13972253.452000009,False,0.001431542641023605,-0.09424893890744046,-1453898.447999997
2026-08-07,2026-08-06,1,1,1,TX202608,False,13800.0,0.0,0.0,0.0,0.0,13800.0,13986053.452000009,False,0.000987671748684508,-0.09335435417305837,-1440098.447999997
2026-08-10,2026-08-07,1,1,1,TX202608,False,127600.0,0.0,0.0,0.0,0.0,127600.0,14113653.452000009,False,0.0091233742554983,-0.08508268662906115,-1312498.447999997
2026-08-11,2026-08-10,1,1,1,TX202608,False,20600.0,0.0,0.0,0.0,0.0,20600.0,14134253.452000009,False,0.0014595795532361486,-0.08374729202556319,-1291898.447999997
2026-08-12,2026-08-11,1,1,1,TX202608,False,87600.0,0.0,0.0,0.0,0.0,87600.0,14221853.452000009,False,0.006197709719688416,-0.07806862371165924,-1204298.447999997
2026-08-13,2026-08-12,1,1,1,TX202608,False,95400.0,0.0,0.0,0.0,0.0,95400.0,14317253.452000009,False,0.006707986432428325,-0.07188432054788707,-1108898.447999997
2026-08-14,2026-08-13,1,1,1,TX202608,False,-32800.0,0.0,0.0,0.0,0.0,-32800.0,14284453.452000009,False,-0.0022909421915289275,-0.07401057991656346,-1141698.447999997
2026-08-17,2026-08-14,1,1,1,TX202608,False,9400.0,0.0,0.0,0.0,0.0,9400.0,14293853.452000009,False,0.0006580580791268481,-0.07340122509749147,-1132298.447999997
2026-08-18,2026-08-17,1,1,1,TX202609,True,-160600.0,100.0,361.004,800.0,1261.004,-161861.004,14131992.448000008,False,-0.011323818629003241,-0.08389386156634415,-1294159.4519999977
2026-08-19,2026-08-18,1,1,1,TX202609,False,-127600.0,0.0,0.0,0.0,0.0,-127600.0,14004392.448000008,False,-0.00902915851883704,-0.09216552911034137,-1421759.4519999977
2026-08-20,2026-08-19,1,1,1,TX202609,False,68000.0,0.0,0.0,0.0,0.0,68000.0,14072392.448000008,False,0.004855619424583549,-0.08775743041918294,-1353759.4519999977
2026-08-21,2026-08-20,1,1,1,TX202609,False,56000.0,0.0,0.0,0.0,0.0,56000.0,14128392.448000008,False,0.003979422845612781,-0.08412723149705259,-1297759.4519999977
2026-08-24,2026-08-21,1,1,1,TX202609,False,-77200.0,0.0,0.0,0.0,0.0,-77200.0,14051192.448000008,False,-0.005464174376818666,-0.08913172001113234,-1374959.4519999977
2026-08-25,2026-08-24,1,1,1,TX202609,False,53000.0,0.0,0.0,0.0,0.0,53000.0,14104192.448000008,False,0.0037719218632966496,-0.08569599603125888,-1321959.4519999977
2026-08-26,2026-08-25,1,1,1,TX202609,False,196800.0,0.0,0.0,0.0,0.0,196800.0,14300992.448000008,False,0.013953297980410532,-0.07293843981920067,-1125159.4519999977
2026-08-27,2026-08-26,1,1,1,TX202609,False,13400.0,0.0,0.0,0.0,0.0,13400.0,14314392.448000008,False,0.0009369979075734697,-0.07206978507711936,-1111759.4519999977
2026-08-28,2026-08-27,1,1,1,TX202609,False,55800.0,0.0,0.0,0.0,0.0,55800.0,14370192.448000008,False,0.003898174526282205,-0.06845255115113946,-1055959.4519999977
2026-08-31,2026-08-28,1,1,1,TX202609,False,-74800.0,0.0,0.0,0.0,0.0,-74800.0,14295392.448000008,False,-0.0052052190860123375,-0.07330145971141366,-1130759.4519999977
2026-09-01,2026-08-31,1,1,1,TX202609,False,245200.0,0.0,0.0,0.0,0.0,245200.0,14540592.448000008,False,0.017152379753960837,-0.05740637443094265,-885559.4519999977
2026-09-02,2026-09-01,1,1,1,TX202609,False,-204000.0,0.0,0.0,0.0,0.0,-204000.0,14336592.448000008,False,-0.01402968969314997,-0.07063067050441774,-1089559.4519999977
2026-09-03,2026-09-02,1,1,1,TX202609,False,-70400.0,0.0,0.0,0.0,0.0,-70400.0,14266192.448000008,False,-0.004910511354448175,-0.07519434914938161,-1159959.4519999977
2026-09-04,2026-09-03,1,1,1,TX202609,False,173400.0,0.0,0.0,0.0,0.0,173400.0,14439592.448000008,False,0.01215460962215669,-0.06395369748692781,-986559.4519999977
2026-09-07,2026-09-04,1,1,1,TX202609,False,153200.0,0.0,0.0,0.0,0.0,153200.0,14592792.448000008,False,0.010609717729340716,-0.05402251043567108,-833359.4519999977
2026-09-08,2026-09-07,1,1,1,TX202609,False,-98000.0,0.0,0.0,0.0,0.0,-98000.0,14494792.448000008,False,-0.006715644065329747,-0.06037535854939935,-931359.4519999977
2026-09-09,2026-09-08,1,1,1,TX202609,False,41400.0,0.0,0.0,0.0,0.0,41400.0,14536192.448000008,False,0.00285619819314573,-0.05769160434625287,-889959.4519999977
2026-09-10,2026-09-09,1,1,1,TX202609,False,-63400.0,0.0,0.0,0.0,0.0,-63400.0,14472792.448000008,False,-0.004361527286240835,-0.06180150812595053,-953359.4519999977
2026-09-11,2026-09-10,1,1,1,TX202609,False,-130400.0,0.0,0.0,0.0,0.0,-130400.0,14342392.448000008,False,-0.009010009676330288,-0.07025468561605419,-1083759.4519999977
2026-09-14,2026-09-11,1,1,1,TX202609,False,-87600.0,0.0,0.0,0.0,0.0,-87600.0,14254792.448000008,False,-0.0061077676069459024,-0.07593335392995826,-1171359.4519999977
2026-09-15,2026-09-14,0,1,0,,False,-600.0,50.0,183.10000000000002,400.0,633.1,-1233.1,14253559.348000009,False,-8.650424090692444e-05,-0.07601328961372389,-1172592.5519999973
2026-09-16,2026-09-15,0,0,0,,False,0.0,0.0,0.0,0.0,0.0,0.0,14253559.348000009,False,0.0,-0.07601328961372389,-1172592.5519999973
2026-09-17,2026-09-16,0,0,0,,False,0.0,0.0,0.0,0.0,0.0,0.0,14253559.348000009,False,0.0,-0.07601328961372389,-1172592.5519999973
2026-09-18,2026-09-17,1,0,1,TX202610,False,67600.0,50.0,188.328,400.0,638.328,66961.672,14320521.020000009,False,0.004697891268077945,-0.07167250051518015,-1105630.879999997
2026-09-21,2026-09-18,1,1,1,TX202610,False,131800.0,0.0,0.0,0.0,0.0,131800.0,14452321.020000009,False,0.00920357575090518,-0.06312856805202316,-973830.8799999971
2026-09-22,2026-09-21,1,1,1,TX202610,False,33200.0,0.0,0.0,0.0,0.0,33200.0,14485521.020000009,False,0.0022972088672854555,-0.060976378691045885,-940630.8799999971
2026-09-23,2026-09-22,1,1,1,TX202610,False,18600.0,0.0,0.0,0.0,0.0,18600.0,14504121.020000009,False,0.0012840408000733402,-0.059770634049052584,-922030.8799999971
2026-09-24,2026-09-23,1,1,1,TX202610,False,-42600.0,0.0,0.0,0.0,0.0,-42600.0,14461521.020000009,False,-0.002937096287410871,-0.06253217822910173,-964630.8799999971
2026-09-29,2026-09-24,1,1,1,TX202610,False,-71200.0,0.0,0.0,0.0,0.0,-71200.0,14390321.020000009,False,-0.004923410193266099,-0.0671477168586676,-1035830.8799999971
2026-09-30,2026-09-29,1,1,1,TX202610,False,112600.0,0.0,0.0,0.0,0.0,112600.0,14502921.020000009,False,0.007824703829991413,-0.05984842402595536,-923230.8799999971
2026-10-01,2026-09-30,1,1,1,TX202610,False,71000.0,0.0,0.0,0.0,0.0,71000.0,14573921.020000009,False,0.004895565514153228,-0.05524585039254004,-852230.8799999971
2026-10-02,2026-10-01,1,1,1,TX202610,False,-2800.0,0.0,0.0,0.0,0.0,-2800.0,14571121.020000009,False,-0.0001921239998595792,-0.05542736033864648,-855030.8799999971
2026-10-05,2026-10-02,1,1,0,,False,255600.0,50.0,199.788,400.0,649.788,254950.212,14826071.232000008,False,0.01749695247538338,-0.03890021775294439,-600080.6679999977
