date,signal_date,target,position_before,position_after,contract_after,roll,gross_pnl,fee,tax,slippage_cost,cost,pnl,equity,capital_skip,daily_return,drawdown_pct,drawdown_amount
2018-08-31,2018-08-30,1,0,1,TX201809,False,9400.0,50.0,43.916000000000004,800.0,893.9159999999999,8506.084,10008506.084,False,0.0008506084000000001,0.0,0.0
2018-09-03,2018-08-31,1,1,1,TX201809,False,-17400.0,0.0,0.0,0.0,0.0,-17400.0,9991106.084,False,-0.0017385211992643275,-0.0017385211992643201,-17400.0
2018-09-04,2018-09-03,1,1,1,TX201809,False,13400.0,0.0,0.0,0.0,0.0,13400.0,10004506.084,False,0.001341192845650902,-0.0003996600458079369,-4000.0
2018-09-05,2018-09-04,1,1,1,TX201809,False,-10400.0,0.0,0.0,0.0,0.0,-10400.0,9994106.084,False,-0.0010395315783387352,-0.0014387761649083952,-14400.0
2018-09-06,2018-09-05,1,1,1,TX201809,False,-9800.0,0.0,0.0,0.0,0.0,-9800.0,9984306.084,False,-0.0009805779444035767,-0.002417943277137735,-24200.0
2018-09-07,2018-09-06,1,1,1,TX201809,False,-11200.0,0.0,0.0,0.0,0.0,-11200.0,9973106.084,False,-0.0011217604814768415,-0.0035369914053998697,-35400.0
2018-09-10,2018-09-07,0,1,0,,False,4000.0,50.0,43.444,800.0,893.444,3106.556,9976212.64,False,0.00031149332753853816,-0.0032265998270836205,-32293.444000000134
2018-09-11,2018-09-10,0,0,0,,False,0.0,0.0,0.0,0.0,0.0,0.0,9976212.64,False,0.0,-0.0032265998270836205,-32293.444000000134
2018-09-12,2018-09-11,0,0,0,,False,0.0,0.0,0.0,0.0,0.0,0.0,9976212.64,False,0.0,-0.0032265998270836205,-32293.444000000134
2018-09-13,2018-09-12,0,0,0,,False,0.0,0.0,0.0,0.0,0.0,0.0,9976212.64,False,0.0,-0.0032265998270836205,-32293.444000000134
2018-09-14,2018-09-13,0,0,0,,False,0.0,0.0,0.0,0.0,0.0,0.0,9976212.64,False,0.0,-0.0032265998270836205,-32293.444000000134
2018-09-17,2018-09-14,1,0,1,TX201809,False,-6800.0,50.0,43.444,800.0,893.444,-7693.444,9968519.196,False,-0.0007711788308473746,-0.003995290372448834,-39986.88800000027
2018-09-18,2018-09-17,0,1,0,,False,-7200.0,50.0,43.132000000000005,800.0,893.1320000000001,-8093.132,9960426.064000001,False,-0.000811869028977491,-0.004803915748911036,-48080.01999999955
2018-09-19,2018-09-18,0,0,0,,False,0.0,0.0,0.0,0.0,0.0,0.0,9960426.064000001,False,0.0,-0.004803915748911036,-48080.01999999955
2018-09-20,2018-09-19,0,0,0,,False,0.0,0.0,0.0,0.0,0.0,0.0,9960426.064000001,False,0.0,-0.004803915748911036,-48080.01999999955
2018-09-21,2018-09-20,0,0,0,,False,0.0,0.0,0.0,0.0,0.0,0.0,9960426.064000001,False,0.0,-0.004803915748911036,-48080.01999999955
2018-09-25,2018-09-21,1,0,1,TX201810,False,4200.0,50.0,43.856,800.0,893.856,3306.1440000000002,9963732.208,False,0.0003319279696226456,-0.0044735823332892055,-44773.876000000164
2018-09-26,2018-09-25,1,1,1,TX201810,False,-1800.0,0.0,0.0,0.0,0.0,-1800.0,9961932.208,False,-0.000180655196509071,-0.004653429353902783,-46573.876000000164
2018-09-27,2018-09-26,0,1,0,,False,-3400.0,50.0,43.804,800.0,893.804,-4293.804,9957638.404000001,False,-0.00043102120254862107,-0.0050824448297353,-50867.6799999997
2018-09-28,2018-09-27,1,0,1,TX201810,False,-11200.0,50.0,44.06,800.0,894.06,-12094.06,9945544.344,False,-0.0012145510320139556,-0.006290822973136212,-62961.74000000022
2018-10-01,2018-09-28,0,1,0,,False,2600.0,50.0,43.856,800.0,893.856,1706.1439999999998,9947250.488,False,0.00017154857904075316,-0.006120353575837512,-61255.596000000834
2018-10-02,2018-10-01,1,0,1,TX201810,False,-25400.0,50.0,44.040000000000006,800.0,894.04,-26294.04,9920956.448,False,-0.002643347529221283,-0.00874752288355607,-87549.63599999994
2018-10-03,2018-10-02,0,1,0,,False,200.0,50.0,43.504000000000005,800.0,893.504,-693.504,9920262.944,False,-6.990293764869877e-05,-0.008816814343658108,-88243.1400000006
2018-10-04,2018-10-03,0,0,0,,False,0.0,0.0,0.0,0.0,0.0,0.0,9920262.944,False,0.0,-0.008816814343658108,-88243.1400000006
2018-10-05,2018-10-04,0,0,0,,False,0.0,0.0,0.0,0.0,0.0,0.0,9920262.944,False,0.0,-0.008816814343658108,-88243.1400000006
2018-10-08,2018-10-05,0,0,0,,False,0.0,0.0,0.0,0.0,0.0,0.0,9920262.944,False,0.0,-0.008816814343658108,-88243.1400000006
2018-10-09,2018-10-08,0,0,0,,False,0.0,0.0,0.0,0.0,0.0,0.0,9920262.944,False,0.0,-0.008816814343658108,-88243.1400000006
2018-10-11,2018-10-09,0,0,0,,False,0.0,0.0,0.0,0.0,0.0,0.0,9920262.944,False,0.0,-0.008816814343658108,-88243.1400000006
2018-10-12,2018-10-11,0,0,0,,False,0.0,0.0,0.0,0.0,0.0,0.0,9920262.944,False,0.0,-0.008816814343658108,-88243.1400000006
2018-10-15,2018-10-12,0,0,0,,False,0.0,0.0,0.0,0.0,0.0,0.0,9920262.944,False,0.0,-0.008816814343658108,-88243.1400000006
2018-10-16,2018-10-15,0,0,0,,False,0.0,0.0,0.0,0.0,0.0,0.0,9920262.944,False,0.0,-0.008816814343658108,-88243.1400000006
2018-10-17,2018-10-16,0,0,0,,False,0.0,0.0,0.0,0.0,0.0,0.0,9920262.944,False,0.0,-0.008816814343658108,-88243.1400000006
2018-10-18,2018-10-17,0,0,0,,False,0.0,0.0,0.0,0.0,0.0,0.0,9920262.944,False,0.0,-0.008816814343658108,-88243.1400000006
2018-10-19,2018-10-18,0,0,0,,False,0.0,0.0,0.0,0.0,0.0,0.0,9920262.944,False,0.0,-0.008816814343658108,-88243.1400000006
2018-10-22,2018-10-19,0,0,0,,False,0.0,0.0,0.0,0.0,0.0,0.0,9920262.944,False,0.0,-0.008816814343658108,-88243.1400000006
2018-10-23,2018-10-22,0,0,0,,False,0.0,0.0,0.0,0.0,0.0,0.0,9920262.944,False,0.0,-0.008816814343658108,-88243.1400000006
2018-10-24,2018-10-23,0,0,0,,False,0.0,0.0,0.0,0.0,0.0,0.0,9920262.944,False,0.0,-0.008816814343658108,-88243.1400000006
2018-10-25,2018-10-24,0,0,0,,False,0.0,0.0,0.0,0.0,0.0,0.0,9920262.944,False,0.0,-0.008816814343658108,-88243.1400000006
2018-10-26,2018-10-25,0,0,0,,False,0.0,0.0,0.0,0.0,0.0,0.0,9920262.944,False,0.0,-0.008816814343658108,-88243.1400000006
2018-10-29,2018-10-26,0,0,0,,False,0.0,0.0,0.0,0.0,0.0,0.0,9920262.944,False,0.0,-0.008816814343658108,-88243.1400000006
2018-10-30,2018-10-29,0,0,0,,False,0.0,0.0,0.0,0.0,0.0,0.0,9920262.944,False,0.0,-0.008816814343658108,-88243.1400000006
2018-10-31,2018-10-30,0,0,0,,False,0.0,0.0,0.0,0.0,0.0,0.0,9920262.944,False,0.0,-0.008816814343658108,-88243.1400000006
2018-11-01,2018-10-31,0,0,0,,False,0.0,0.0,0.0,0.0,0.0,0.0,9920262.944,False,0.0,-0.008816814343658108,-88243.1400000006
2018-11-02,2018-11-01,0,0,0,,False,0.0,0.0,0.0,0.0,0.0,0.0,9920262.944,False,0.0,-0.008816814343658108,-88243.1400000006
2018-11-05,2018-11-02,1,0,1,TX201811,False,2800.0,50.0,39.228,800.0,889.2280000000001,1910.772,9922173.716,False,0.0001926130396730742,-0.008625899537396009,-86332.36800000072
2018-11-06,2018-11-05,0,1,0,,False,6400.0,50.0,39.38,800.0,889.38,5510.62,9927684.336,False,0.000555384350015345,-0.00807530587698857,-80821.74800000153
2018-11-07,2018-11-06,0,0,0,,False,0.0,0.0,0.0,0.0,0.0,0.0,9927684.336,False,0.0,-0.00807530587698857,-80821.74800000153
2018-11-08,2018-11-07,1,0,1,TX201811,False,-11200.0,50.0,39.936,800.0,889.936,-12089.936,9915594.399999999,False,-0.001217800203030146,-0.0092832719708823,-92911.68400000222
2018-11-09,2018-11-08,1,1,1,TX201811,False,-27000.0,0.0,0.0,0.0,0.0,-27000.0,9888594.399999999,False,-0.0027229835056585216,-0.011980977280085625,-119911.68400000222
2018-11-12,2018-11-09,0,1,0,,False,-7800.0,50.0,38.984,800.0,888.984,-8688.984,9879905.416,False,-0.0008786874704861999,-0.01284913721595149,-128600.66800000146
2018-11-13,2018-11-12,1,0,1,TX201811,False,25600.0,50.0,38.416000000000004,800.0,888.4159999999999,24711.584,9904617.0,False,0.002501196414287616,-0.010380079017595079,-103889.08400000073
2018-11-14,2018-11-13,0,1,0,,False,8000.0,50.0,39.056000000000004,800.0,889.056,7110.944,9911727.944,False,0.0007179423495123537,-0.009669588966400688,-96778.1400000006
2018-11-15,2018-11-14,1,0,1,TX201811,False,7400.0,50.0,39.176,800.0,889.176,6510.824,9918238.768,False,0.0006568808220711187,-0.009019059911879013,-90267.3160000015
2018-11-16,2018-11-15,1,1,1,TX201811,False,-8800.0,0.0,0.0,0.0,0.0,-8800.0,9909438.768,False,-0.0008872543004703757,-0.00989831201265634,-99067.3160000015
2018-11-19,2018-11-16,1,1,1,TX201811,False,7200.0,0.0,0.0,0.0,0.0,7200.0,9916638.768,False,0.0007265799979763295,-0.009178923930202143,-91867.3160000015
2018-11-20,2018-11-19,1,1,1,TX201812,True,-17400.0,100.0,77.77200000000002,1600.0,1777.772,-19177.772,9897460.996,False,-0.001933898415447455,-0.0110950712392055,-111045.08800000139
2018-11-21,2018-11-20,1,1,1,TX201812,False,3600.0,0.0,0.0,0.0,0.0,3600.0,9901060.996,False,0.0003637296475788001,-0.010735377197978346,-107445.08800000139
2018-11-22,2018-11-21,1,1,1,TX201812,False,-3000.0,0.0,0.0,0.0,0.0,-3000.0,9898060.996,False,-0.000302997830354948,-0.011035122232334271,-110445.08800000139
2018-11-23,2018-11-22,0,1,0,,False,200.0,50.0,38.844,800.0,888.844,-688.844,9897372.151999999,False,-6.959383259795786e-05,-0.011103948088482918,-111133.93200000189
2018-11-26,2018-11-23,0,0,0,,False,0.0,0.0,0.0,0.0,0.0,0.0,9897372.151999999,False,0.0,-0.011103948088482918,-111133.93200000189
2018-11-27,2018-11-26,0,0,0,,False,0.0,0.0,0.0,0.0,0.0,0.0,9897372.151999999,False,0.0,-0.011103948088482918,-111133.93200000189
2018-11-28,2018-11-27,0,0,0,,False,0.0,0.0,0.0,0.0,0.0,0.0,9897372.151999999,False,0.0,-0.011103948088482918,-111133.93200000189
2018-11-29,2018-11-28,1,0,1,TX201812,False,-21400.0,50.0,39.952000000000005,800.0,889.952,-22289.952,9875082.2,False,-0.0022521081007846906,-0.01333104889782688,-133423.88400000148
2018-11-30,2018-11-29,1,1,1,TX201812,False,-4800.0,0.0,0.0,0.0,0.0,-4800.0,9870282.2,False,-0.0004860719032799545,-0.013810640952796271,-138223.88400000148
2018-12-03,2018-11-30,0,1,0,,False,31800.0,50.0,40.032000000000004,800.0,890.032,30909.968,9901192.168,False,0.003131619478924321,-0.01072227114609614,-107313.91600000113
2018-12-04,2018-12-03,1,0,1,TX201812,False,-7600.0,50.0,40.336000000000006,800.0,890.336,-8490.336,9892701.832,False,-0.0008575064351786046,-0.011570583164767223,-115804.25200000033
2018-12-05,2018-12-04,1,1,1,TX201812,False,-32800.0,0.0,0.0,0.0,0.0,-32800.0,9859901.832,False,-0.003315575517893563,-0.01484779554039184,-148604.25200000033
2018-12-06,2018-12-05,0,1,0,,False,-13000.0,50.0,39.236000000000004,800.0,889.236,-13889.236,9846012.596,False,-0.0014086586496148393,-0.016235538714390985,-162493.4879999999
2018-12-07,2018-12-06,0,0,0,,False,0.0,0.0,0.0,0.0,0.0,0.0,9846012.596,False,0.0,-0.016235538714390985,-162493.4879999999
2018-12-10,2018-12-07,0,0,0,,False,0.0,0.0,0.0,0.0,0.0,0.0,9846012.596,False,0.0,-0.016235538714390985,-162493.4879999999
2018-12-11,2018-12-10,0,0,0,,False,0.0,0.0,0.0,0.0,0.0,0.0,9846012.596,False,0.0,-0.016235538714390985,-162493.4879999999
2018-12-12,2018-12-11,0,0,0,,False,0.0,0.0,0.0,0.0,0.0,0.0,9846012.596,False,0.0,-0.016235538714390985,-162493.4879999999
2018-12-13,2018-12-12,0,0,0,,False,0.0,0.0,0.0,0.0,0.0,0.0,9846012.596,False,0.0,-0.016235538714390985,-162493.4879999999
2018-12-14,2018-12-13,0,0,0,,False,0.0,0.0,0.0,0.0,0.0,0.0,9846012.596,False,0.0,-0.016235538714390985,-162493.4879999999
2018-12-17,2018-12-14,0,0,0,,False,0.0,0.0,0.0,0.0,0.0,0.0,9846012.596,False,0.0,-0.016235538714390985,-162493.4879999999
2018-12-18,2018-12-17,0,0,0,,False,0.0,0.0,0.0,0.0,0.0,0.0,9846012.596,False,0.0,-0.016235538714390985,-162493.4879999999
2018-12-19,2018-12-18,0,0,0,,False,0.0,0.0,0.0,0.0,0.0,0.0,9846012.596,False,0.0,-0.016235538714390985,-162493.4879999999
2018-12-20,2018-12-19,0,0,0,,False,0.0,0.0,0.0,0.0,0.0,0.0,9846012.596,False,0.0,-0.016235538714390985,-162493.4879999999
2018-12-21,2018-12-20,0,0,0,,False,0.0,0.0,0.0,0.0,0.0,0.0,9846012.596,False,0.0,-0.016235538714390985,-162493.4879999999
2018-12-22,2018-12-21,0,0,0,,False,0.0,0.0,0.0,0.0,0.0,0.0,9846012.596,False,0.0,-0.016235538714390985,-162493.4879999999
2018-12-24,2018-12-22,0,0,0,,False,0.0,0.0,0.0,0.0,0.0,0.0,9846012.596,False,0.0,-0.016235538714390985,-162493.4879999999
2018-12-25,2018-12-24,0,0,0,,False,0.0,0.0,0.0,0.0,0.0,0.0,9846012.596,False,0.0,-0.016235538714390985,-162493.4879999999
2018-12-26,2018-12-25,0,0,0,,False,0.0,0.0,0.0,0.0,0.0,0.0,9846012.596,False,0.0,-0.016235538714390985,-162493.4879999999
2018-12-27,2018-12-26,0,0,0,,False,0.0,0.0,0.0,0.0,0.0,0.0,9846012.596,False,0.0,-0.016235538714390985,-162493.4879999999
2018-12-28,2018-12-27,0,0,0,,False,0.0,0.0,0.0,0.0,0.0,0.0,9846012.596,False,0.0,-0.016235538714390985,-162493.4879999999
2019-01-02,2018-12-28,0,0,0,,False,0.0,0.0,0.0,0.0,0.0,0.0,9846012.596,False,0.0,-0.016235538714390985,-162493.4879999999
2019-01-03,2019-01-02,0,0,0,,False,0.0,0.0,0.0,0.0,0.0,0.0,9846012.596,False,0.0,-0.016235538714390985,-162493.4879999999
2019-01-04,2019-01-03,0,0,0,,False,0.0,0.0,0.0,0.0,0.0,0.0,9846012.596,False,0.0,-0.016235538714390985,-162493.4879999999
2019-01-07,2019-01-04,0,0,0,,False,0.0,0.0,0.0,0.0,0.0,0.0,9846012.596,False,0.0,-0.016235538714390985,-162493.4879999999
2019-01-08,2019-01-07,0,0,0,,False,0.0,0.0,0.0,0.0,0.0,0.0,9846012.596,False,0.0,-0.016235538714390985,-162493.4879999999
2019-01-09,2019-01-08,0,0,0,,False,0.0,0.0,0.0,0.0,0.0,0.0,9846012.596,False,0.0,-0.016235538714390985,-162493.4879999999
2019-01-10,2019-01-09,1,0,1,TX201901,False,-3200.0,50.0,38.856,800.0,888.856,-4088.856,9841923.74,False,-0.00041528039499574897,-0.016644076808456476,-166582.3440000005
2019-01-11,2019-01-10,1,1,1,TX201901,False,11200.0,0.0,0.0,0.0,0.0,11200.0,9853123.74,False,0.0011379889029703048,-0.015525028680194453,-155382.3440000005
2019-01-14,2019-01-11,1,1,1,TX201901,False,-11800.0,0.0,0.0,0.0,0.0,-11800.0,9841323.74,False,-0.0011975897503546423,-0.016704025815327705,-167182.3440000005
2019-01-15,2019-01-14,1,1,1,TX201902,True,20400.0,100.0,78.34800000000001,1600.0,1778.348,18621.652,9859945.392,False,0.001892189759423563,-0.014843443242492982,-148560.6919999998
2019-01-16,2019-01-15,1,1,1,TX201902,False,-6000.0,0.0,0.0,0.0,0.0,-6000.0,9853945.392,False,-0.0006085226399801545,-0.015442933311204832,-154560.6919999998
2019-01-17,2019-01-16,1,1,1,TX201902,False,3000.0,0.0,0.0,0.0,0.0,3000.0,9856945.392,False,0.00030444658262827114,-0.015143188276848907,-151560.6919999998
2019-01-18,2019-01-17,1,1,1,TX201902,False,8200.0,0.0,0.0,0.0,0.0,8200.0,9865145.392,False,0.0008319007231850148,-0.014323885182942697,-143360.6919999998
2019-01-21,2019-01-18,1,1,1,TX201902,False,9200.0,0.0,0.0,0.0,0.0,9200.0,9874345.392,False,0.0009325762200586125,-0.013404667077584587,-134160.6919999998
2019-01-22,2019-01-21,1,1,1,TX201902,False,-3800.0,0.0,0.0,0.0,0.0,-3800.0,9870545.392,False,-0.00038483563711258115,-0.013784344121102077,-137960.6919999998
2019-01-23,2019-01-22,1,1,1,TX201902,False,-5800.0,0.0,0.0,0.0,0.0,-5800.0,9864745.392,False,-0.0005876068413302526,-0.01436385118752348,-143760.6919999998
2019-01-24,2019-01-23,1,1,1,TX201902,False,9000.0,0.0,0.0,0.0,0.0,9000.0,9873745.392,False,0.0009123398164233126,-0.013464616084455816,-134760.6919999998
2019-01-25,2019-01-24,1,1,1,TX201902,False,21000.0,0.0,0.0,0.0,0.0,21000.0,9894745.392,False,0.002126852492774912,-0.011366400843964342,-113760.6919999998
2019-01-28,2019-01-25,1,1,1,TX201902,False,3400.0,0.0,0.0,0.0,0.0,3400.0,9898145.392,False,0.0003436167243625019,-0.011026689805027634,-110360.6919999998
2019-01-29,2019-01-28,1,1,1,TX201902,False,-12400.0,0.0,0.0,0.0,0.0,-12400.0,9885745.392,False,-0.001252759937232492,-0.012265635947032116,-122760.6919999998
2019-01-30,2019-01-29,1,1,1,TX201902,False,600.0,0.0,0.0,0.0,0.0,600.0,9886345.392,False,6.069345064111681e-05,-0.012205686940160887,-122160.6919999998
2019-02-11,2019-01-30,1,1,1,TX201902,False,14600.0,0.0,0.0,0.0,0.0,14600.0,9900945.392,False,0.0014767843344633976,-0.010746927772962156,-107560.6919999998
2019-02-12,2019-02-11,1,1,1,TX201902,False,17000.0,0.0,0.0,0.0,0.0,17000.0,9917945.392,False,0.0017170077529905438,-0.009048372578278618,-90560.6919999998
2019-02-13,2019-02-12,1,1,1,TX201902,False,0.0,0.0,0.0,0.0,0.0,0.0,9917945.392,False,0.0,-0.009048372578278618,-90560.6919999998
2019-02-14,2019-02-13,1,1,1,TX201902,False,-800.0,0.0,0.0,0.0,0.0,-800.0,9917145.392,False,-8.066186779424042e-05,-0.009128304587440184,-91360.6919999998
2019-02-15,2019-02-14,1,1,1,TX201902,False,-7600.0,0.0,0.0,0.0,0.0,-7600.0,9909545.392,False,-0.0007663495592321149,-0.009887658674475164,-98960.6919999998
2019-02-18,2019-02-15,1,1,1,TX201902,False,18600.0,0.0,0.0,0.0,0.0,18600.0,9928145.392,False,0.001876978132116517,-0.008029239461468496,-80360.6919999998
2019-02-19,2019-02-18,1,1,1,TX201903,True,1400.0,100.0,81.14800000000001,1600.0,1781.1480000000001,-381.1479999999999,9927764.244,False,-3.839065454330727e-05,-0.008067321868253319,-80741.83999999985
2019-02-20,2019-02-19,1,1,1,TX201903,False,20800.0,0.0,0.0,0.0,0.0,20800.0,9948564.244,False,0.0020951343614521068,-0.005989089630052291,-59941.83999999985
2019-02-21,2019-02-20,1,1,1,TX201903,False,15000.0,0.0,0.0,0.0,0.0,15000.0,9963564.244,False,0.0015077552531307752,-0.0044903644582726665,-44941.83999999985
2019-02-22,2019-02-21,1,1,1,TX201903,False,-2800.0,0.0,0.0,0.0,0.0,-2800.0,9960764.244,False,-0.00028102393194143785,-0.004770126490338256,-47741.83999999985
2019-02-25,2019-02-22,1,1,1,TX201903,False,11600.0,0.0,0.0,0.0,0.0,11600.0,9972364.244,False,0.001164569275594231,-0.0036111123574953385,-36141.83999999985
2019-02-26,2019-02-25,1,1,1,TX201903,False,-2600.0,0.0,0.0,0.0,0.0,-2600.0,9969764.244,False,-0.0002607205208698953,-0.003870891387270481,-38741.83999999985
2019-02-27,2019-02-26,1,1,1,TX201903,False,1400.0,0.0,0.0,0.0,0.0,1400.0,9971164.244,False,0.00014042458434687134,-0.0037310103712376863,-37341.83999999985
2019-03-04,2019-02-27,1,1,1,TX201903,False,-10200.0,0.0,0.0,0.0,0.0,-10200.0,9960964.244,False,-0.0010229497529476257,-0.004750143488047809,-47541.83999999985
2019-03-05,2019-03-04,0,1,0,,False,-10200.0,50.0,41.024,800.0,891.024,-11091.024,9949873.22,False,-0.0011134488316912382,-0.005858303278021948,-58632.86400000006
2019-03-06,2019-03-05,1,0,1,TX201903,False,7800.0,50.0,41.148,800.0,891.148,6908.852,9956782.072,False,0.0006943658323316806,-0.005168005251321994,-51724.012000000104
2019-03-07,2019-03-06,1,1,1,TX201903,False,-12000.0,0.0,0.0,0.0,0.0,-12000.0,9944782.072,False,-0.001205208662118441,-0.006366985388745694,-63724.012000000104
2019-03-08,2019-03-07,0,1,0,,False,-6400.0,50.0,40.904,800.0,890.904,-7290.904,9937491.168000001,False,-0.0007331386396618868,-0.007095456145400858,-71014.91599999927
2019-03-11,2019-03-08,0,0,0,,False,0.0,0.0,0.0,0.0,0.0,0.0,9937491.168000001,False,0.0,-0.007095456145400858,-71014.91599999927
2019-03-12,2019-03-11,1,0,1,TX201903,False,9400.0,50.0,41.220000000000006,800.0,891.22,8508.78,9945999.948,False,0.0008562301949408887,-0.006245301294258598,-62506.13599999994
2019-03-13,2019-03-12,1,1,1,TX201903,False,3400.0,0.0,0.0,0.0,0.0,3400.0,9949399.948,False,0.00034184597001568373,-0.005905590255321891,-59106.13599999994
2019-03-14,2019-03-13,1,1,1,TX201903,False,-5400.0,0.0,0.0,0.0,0.0,-5400.0,9943999.948,False,-0.000542746299095705,-0.006445131317162511,-64506.13599999994
2019-03-15,2019-03-14,0,1,0,,False,3400.0,50.0,41.404,800.0,891.404,2508.596,9946508.544000002,False,0.00025227232633931625,-0.006194484919094023,-61997.539999999106
2019-03-18,2019-03-15,1,0,1,TX201903,False,8000.0,50.0,41.764,800.0,891.764,7108.236,9953616.780000001,False,0.000714646347364561,-0.005484265437750824,-54889.30399999954
2019-03-19,2019-03-18,1,1,1,TX201904,True,4800.0,100.0,83.98400000000001,1600.0,1783.984,3016.0159999999996,9956632.796000002,False,0.00030300704423945075,-0.005182920164571336,-51873.28799999878
2019-03-20,2019-03-19,1,1,1,TX201904,False,3800.0,0.0,0.0,0.0,0.0,3800.0,9960432.796000002,False,0.00038165513159495244,-0.004803243121053846,-48073.28799999878
2019-03-21,2019-03-20,0,1,0,,False,4800.0,50.0,42.136,800.0,892.136,3907.8639999999996,9964340.660000002,False,0.00039233877483409695,-0.004412788844741056,-44165.42399999872
2019-03-22,2019-03-21,1,0,1,TX201904,False,-6400.0,50.0,42.596000000000004,800.0,892.596,-7292.596,9957048.064000001,False,-0.0007318693979697798,-0.005141428657595815,-51458.01999999955
2019-03-25,2019-03-22,0,1,0,,False,-27000.0,50.0,41.896,800.0,891.896,-27891.896,9929156.168000001,False,-0.002801221388178688,-0.007928247765852992,-79349.91599999927
2019-03-26,2019-03-25,0,0,0,,False,0.0,0.0,0.0,0.0,0.0,0.0,9929156.168000001,False,0.0,-0.007928247765852992,-79349.91599999927
2019-03-27,2019-03-26,0,0,0,,False,0.0,0.0,0.0,0.0,0.0,0.0,9929156.168000001,False,0.0,-0.007928247765852992,-79349.91599999927
2019-03-28,2019-03-27,0,0,0,,False,0.0,0.0,0.0,0.0,0.0,0.0,9929156.168000001,False,0.0,-0.007928247765852992,-79349.91599999927
2019-03-29,2019-03-28,1,0,1,TX201904,False,9400.0,50.0,42.220000000000006,800.0,892.22,8507.78,9937663.948,False,0.0008568482412855125,-0.0070781928297222185,-70842.13599999994
2019-04-01,2019-03-29,1,1,1,TX201904,False,8000.0,0.0,0.0,0.0,0.0,8000.0,9945663.948,False,0.0008050181654220694,-0.006278872738106456,-62842.13599999994
2019-04-02,2019-04-01,1,1,1,TX201904,False,7600.0,0.0,0.0,0.0,0.0,7600.0,9953263.948,False,0.0007641521008286534,-0.0055195186510714755,-55242.13599999994
2019-04-03,2019-04-02,1,1,1,TX201904,False,3400.0,0.0,0.0,0.0,0.0,3400.0,9956663.948,False,0.0003415964871184987,-0.005179807612134768,-51842.13599999994
2019-04-08,2019-04-03,1,1,1,TX201904,False,15400.0,0.0,0.0,0.0,0.0,15400.0,9972063.948,False,0.0015467027992938744,-0.003641116435774361,-36442.13599999994
2019-04-09,2019-04-08,1,1,1,TX201904,False,14600.0,0.0,0.0,0.0,0.0,14600.0,9986663.948,False,0.0014640900896878202,-0.002182357268575519,-21842.13599999994
2019-04-10,2019-04-09,1,1,1,TX201904,False,3800.0,0.0,0.0,0.0,0.0,3800.0,9990463.948,False,0.0003805074467095706,-0.0018026802250580287,-18042.13599999994
2019-04-11,2019-04-10,1,1,1,TX201904,False,-11200.0,0.0,0.0,0.0,0.0,-11200.0,9979263.948,False,-0.0011210690572825838,-0.0029217283533201632,-29242.13599999994
2019-04-12,2019-04-11,1,1,1,TX201904,False,-800.0,0.0,0.0,0.0,0.0,-800.0,9978463.948,False,-8.01662331178576e-05,-0.0030016603624817284,-30042.13599999994
2019-04-15,2019-04-12,1,1,1,TX201904,False,14800.0,0.0,0.0,0.0,0.0,14800.0,9993263.948,False,0.0014831942147735461,-0.0015229181929925506,-15242.13599999994
2019-04-16,2019-04-15,1,1,1,TX201905,True,11000.0,100.0,87.41600000000001,1600.0,1787.416,9212.584,10002476.532000002,False,0.0009218793827459905,-0.0006024427571301727,-6029.55199999921
2019-04-17,2019-04-16,1,1,1,TX201905,False,14200.0,0.0,0.0,0.0,0.0,14200.0,10016676.532000002,False,0.0014196484195260293,0.0,0.0
2019-04-18,2019-04-17,1,1,1,TX201905,False,-11000.0,0.0,0.0,0.0,0.0,-11000.0,10005676.532000002,False,-0.0010981686355607673,-0.0010981686355607811,-11000.0
2019-04-19,2019-04-18,1,1,1,TX201905,False,6600.0,0.0,0.0,0.0,0.0,6600.0,10012276.532000002,False,0.0006596255614392471,-0.00043926745422429025,-4400.0
2019-04-22,2019-04-19,1,1,1,TX201905,False,1200.0,0.0,0.0,0.0,0.0,1200.0,10013476.532000002,False,0.00011985286225012945,-0.00031946723943587774,-3200.0
2019-04-23,2019-04-22,1,1,1,TX201905,False,9200.0,0.0,0.0,0.0,0.0,9200.0,10022676.532000002,False,0.0009187618276828852,0.0,0.0
2019-04-24,2019-04-23,1,1,1,TX201905,False,-3000.0,0.0,0.0,0.0,0.0,-3000.0,10019676.532000002,False,-0.0002993212432249729,-0.00029932124322495923,-3000.0
2019-04-25,2019-04-24,1,1,1,TX201905,False,4400.0,0.0,0.0,0.0,0.0,4400.0,10024076.532000002,False,0.000439135932776637,0.0,0.0
2019-04-26,2019-04-25,1,1,1,TX201905,False,-19600.0,0.0,0.0,0.0,0.0,-19600.0,10004476.532000002,False,-0.0019552923341547364,-0.0019552923341547013,-19600.0
2019-04-29,2019-04-26,1,1,1,TX201905,False,-200.0,0.0,0.0,0.0,0.0,-200.0,10004276.532000002,False,-1.9991050942074414e-05,-0.001975244296748113,-19800.0
2019-04-30,2019-04-29,1,1,1,TX201905,False,4000.0,0.0,0.0,0.0,0.0,4000.0,10008276.532000002,False,0.0003998290118436322,-0.0015762050448798748,-15800.0
2019-05-02,2019-04-30,1,1,1,TX201905,False,5200.0,0.0,0.0,0.0,0.0,5200.0,10013476.532000002,False,0.0005195699762465355,-0.0010574540174510538,-10600.0
2019-05-03,2019-05-02,1,1,1,TX201905,False,22800.0,0.0,0.0,0.0,0.0,22800.0,10036276.532000002,False,0.0022769314859967154,0.0,0.0
2019-05-06,2019-05-03,1,1,1,TX201905,False,-47000.0,0.0,0.0,0.0,0.0,-47000.0,9989276.532000002,False,-0.004683011657774038,-0.004683011657774072,-47000.0
2019-05-07,2019-05-06,0,1,0,,False,8600.0,50.0,43.584,800.0,893.5840000000001,7706.415999999999,9996982.948,False,0.0007714688821871127,-0.003915155573355866,-39293.58400000073
2019-05-08,2019-05-07,1,0,1,TX201905,False,8800.0,50.0,43.412000000000006,800.0,893.412,7906.588,10004889.536,False,0.000790897417863636,-0.003127354641925817,-31386.996000001207
2019-05-09,2019-05-08,0,1,0,,False,-7800.0,50.0,43.400000000000006,800.0,893.4,-8693.4,9996196.136,False,-0.0008689151408138046,-0.003993552376940546,-40080.39600000158
2019-05-10,2019-05-09,0,0,0,,False,0.0,0.0,0.0,0.0,0.0,0.0,9996196.136,False,0.0,-0.003993552376940546,-40080.39600000158
2019-05-13,2019-05-10,0,0,0,,False,0.0,0.0,0.0,0.0,0.0,0.0,9996196.136,False,0.0,-0.003993552376940546,-40080.39600000158
2019-05-14,2019-05-13,0,0,0,,False,0.0,0.0,0.0,0.0,0.0,0.0,9996196.136,False,0.0,-0.003993552376940546,-40080.39600000158
2019-05-15,2019-05-14,0,0,0,,False,0.0,0.0,0.0,0.0,0.0,0.0,9996196.136,False,0.0,-0.003993552376940546,-40080.39600000158
2019-05-16,2019-05-15,0,0,0,,False,0.0,0.0,0.0,0.0,0.0,0.0,9996196.136,False,0.0,-0.003993552376940546,-40080.39600000158
2019-05-17,2019-05-16,0,0,0,,False,0.0,0.0,0.0,0.0,0.0,0.0,9996196.136,False,0.0,-0.003993552376940546,-40080.39600000158
2019-05-20,2019-05-17,0,0,0,,False,0.0,0.0,0.0,0.0,0.0,0.0,9996196.136,False,0.0,-0.003993552376940546,-40080.39600000158
2019-05-21,2019-05-20,0,0,0,,False,0.0,0.0,0.0,0.0,0.0,0.0,9996196.136,False,0.0,-0.003993552376940546,-40080.39600000158
2019-05-22,2019-05-21,0,0,0,,False,0.0,0.0,0.0,0.0,0.0,0.0,9996196.136,False,0.0,-0.003993552376940546,-40080.39600000158
2019-05-23,2019-05-22,0,0,0,,False,0.0,0.0,0.0,0.0,0.0,0.0,9996196.136,False,0.0,-0.003993552376940546,-40080.39600000158
2019-05-24,2019-05-23,0,0,0,,False,0.0,0.0,0.0,0.0,0.0,0.0,9996196.136,False,0.0,-0.003993552376940546,-40080.39600000158
2019-05-27,2019-05-24,0,0,0,,False,0.0,0.0,0.0,0.0,0.0,0.0,9996196.136,False,0.0,-0.003993552376940546,-40080.39600000158
2019-05-28,2019-05-27,0,0,0,,False,0.0,0.0,0.0,0.0,0.0,0.0,9996196.136,False,0.0,-0.003993552376940546,-40080.39600000158
2019-05-29,2019-05-28,0,0,0,,False,0.0,0.0,0.0,0.0,0.0,0.0,9996196.136,False,0.0,-0.003993552376940546,-40080.39600000158
2019-05-30,2019-05-29,0,0,0,,False,0.0,0.0,0.0,0.0,0.0,0.0,9996196.136,False,0.0,-0.003993552376940546,-40080.39600000158
2019-05-31,2019-05-30,0,0,0,,False,0.0,0.0,0.0,0.0,0.0,0.0,9996196.136,False,0.0,-0.003993552376940546,-40080.39600000158
2019-06-03,2019-05-31,0,0,0,,False,0.0,0.0,0.0,0.0,0.0,0.0,9996196.136,False,0.0,-0.003993552376940546,-40080.39600000158
2019-06-04,2019-06-03,0,0,0,,False,0.0,0.0,0.0,0.0,0.0,0.0,9996196.136,False,0.0,-0.003993552376940546,-40080.39600000158
2019-06-05,2019-06-04,0,0,0,,False,0.0,0.0,0.0,0.0,0.0,0.0,9996196.136,False,0.0,-0.003993552376940546,-40080.39600000158
2019-06-06,2019-06-05,0,0,0,,False,0.0,0.0,0.0,0.0,0.0,0.0,9996196.136,False,0.0,-0.003993552376940546,-40080.39600000158
2019-06-10,2019-06-06,0,0,0,,False,0.0,0.0,0.0,0.0,0.0,0.0,9996196.136,False,0.0,-0.003993552376940546,-40080.39600000158
2019-06-11,2019-06-10,0,0,0,,False,0.0,0.0,0.0,0.0,0.0,0.0,9996196.136,False,0.0,-0.003993552376940546,-40080.39600000158
2019-06-12,2019-06-11,1,0,1,TX201906,False,1000.0,50.0,42.364000000000004,800.0,892.364,107.63599999999997,9996303.772,False,1.0767695885074015e-05,-0.003982827682412982,-39972.76000000164
2019-06-13,2019-06-12,1,1,1,TX201906,False,-12600.0,0.0,0.0,0.0,0.0,-12600.0,9983703.772,False,-0.0012604658969341293,-0.005238273360880119,-52572.76000000164
2019-06-14,2019-06-13,0,1,0,,False,1000.0,50.0,42.120000000000005,800.0,892.12,107.88,9983811.652,False,1.0805609066903312e-05,-0.005227524354547208,-52464.88000000082
2019-06-17,2019-06-14,0,0,0,,False,0.0,0.0,0.0,0.0,0.0,0.0,9983811.652,False,0.0,-0.005227524354547208,-52464.88000000082
2019-06-18,2019-06-17,1,0,1,TX201907,True,2800.0,150.0,125.73600000000002,2400.0,2675.736,124.26400000000012,9983935.916000001,False,1.2446548906509771e-05,-0.005215142870278244,-52340.61600000039
2019-06-19,2019-06-18,0,1,0,,False,24800.0,50.0,41.832,800.0,891.832,23908.168,10007844.084,False,0.002394663607734639,-0.002832967775384221,-28432.44800000079
2019-06-20,2019-06-19,1,0,1,TX201907,False,3200.0,50.0,42.316,800.0,892.316,2307.684,10010151.768000001,False,0.00023058752520829141,-0.0026030334972042546,-26124.764000000432
2019-06-21,2019-06-20,1,1,1,TX201907,False,-1200.0,0.0,0.0,0.0,0.0,-1200.0,10008951.768000001,False,-0.00011987830232865256,-0.002722599752296273,-27324.764000000432
2019-06-24,2019-06-21,1,1,1,TX201907,False,7600.0,0.0,0.0,0.0,0.0,7600.0,10016551.768000001,False,0.0007593202741068498,-0.001965346803379675,-19724.764000000432
2019-06-25,2019-06-24,0,1,0,,False,-600.0,50.0,42.464000000000006,800.0,892.4639999999999,-1492.464,10015059.304000001,False,-0.00014899977902255672,-0.002114053746162803,-21217.22800000012
2019-06-26,2019-06-25,0,0,0,,False,0.0,0.0,0.0,0.0,0.0,0.0,10015059.304000001,False,0.0,-0.002114053746162803,-21217.22800000012
2019-06-27,2019-06-26,0,0,0,,False,0.0,0.0,0.0,0.0,0.0,0.0,10015059.304000001,False,0.0,-0.002114053746162803,-21217.22800000012
2019-06-28,2019-06-27,1,0,1,TX201907,False,-8200.0,50.0,42.5,800.0,892.5,-9092.5,10005966.804000001,False,-0.0009078827917043355,-0.0030200172248502355,-30309.72800000012
2019-07-01,2019-06-28,1,1,1,TX201907,False,37400.0,0.0,0.0,0.0,0.0,37400.0,10043366.804000001,False,0.003737769746052817,0.0,0.0
2019-07-02,2019-07-01,0,1,0,,False,-5800.0,50.0,42.93600000000001,800.0,892.936,-6692.936,10036673.868,False,-0.0006664036204805727,-0.0006664036204806489,-6692.936000000685
2019-07-03,2019-07-02,0,0,0,,False,0.0,0.0,0.0,0.0,0.0,0.0,10036673.868,False,0.0,-0.0006664036204806489,-6692.936000000685
2019-07-04,2019-07-03,1,0,1,TX201907,False,3800.0,50.0,42.78,800.0,892.78,2907.22,10039581.088000001,False,0.00028965970581838974,-0.0003769369449388993,-3785.716000000015
2019-07-05,2019-07-04,1,1,1,TX201907,False,1600.0,0.0,0.0,0.0,0.0,1600.0,10041181.088000001,False,0.0001593691993695265,-0.000217627817708399,-2185.716000000015
2019-07-08,2019-07-05,1,1,1,TX201907,False,-10600.0,0.0,0.0,0.0,0.0,-10600.0,10030581.088000001,False,-0.001055652707296339,-0.0012730507856097972,-12785.716000000015
2019-07-09,2019-07-08,1,1,1,TX201907,False,-3000.0,0.0,0.0,0.0,0.0,-3000.0,10027581.088000001,False,-0.0002990853644151308,-0.0015717553991668742,-15785.716000000015
2019-07-10,2019-07-09,0,1,0,,False,9800.0,50.0,42.78,800.0,892.78,8907.22,10036488.308000002,False,0.0008882720490447355,-0.0006848794965110816,-6878.495999999344
2019-07-11,2019-07-10,0,0,0,,False,0.0,0.0,0.0,0.0,0.0,0.0,10036488.308000002,False,0.0,-0.0006848794965110816,-6878.495999999344
2019-07-12,2019-07-11,1,0,1,TX201907,False,4200.0,50.0,43.172000000000004,800.0,893.172,3306.8280000000004,10039795.136000002,False,0.0003294805811076525,-0.0003556245698979055,-3571.6679999995977
2019-07-15,2019-07-12,1,1,1,TX201907,False,7800.0,0.0,0.0,0.0,0.0,7800.0,10047595.136000002,False,0.0007769082829221584,0.0,0.0
2019-07-16,2019-07-15,1,1,1,TX201908,True,5400.0,100.0,86.412,1600.0,1786.412,3613.5879999999997,10051208.724000001,False,0.0003596470549507618,0.0,0.0
2019-07-17,2019-07-16,1,1,1,TX201908,False,-12200.0,0.0,0.0,0.0,0.0,-12200.0,10039008.724000001,False,-0.0012137843651449775,-0.0012137843651449653,-12200.0
2019-07-18,2019-07-17,0,1,0,,False,-8200.0,50.0,42.484,800.0,892.484,-9092.484,10029916.240000002,False,-0.0009057153201055431,-0.002118400342155602,-21292.48399999924
2019-07-19,2019-07-18,0,0,0,,False,0.0,0.0,0.0,0.0,0.0,0.0,10029916.240000002,False,0.0,-0.002118400342155602,-21292.48399999924
2019-07-22,2019-07-19,1,0,1,TX201908,False,11800.0,50.0,42.956,800.0,892.956,10907.044,10040823.284000002,False,0.0010874511550257968,-0.0010332528440287758,-10385.439999999478
2019-07-23,2019-07-22,1,1,1,TX201908,False,1800.0,0.0,0.0,0.0,0.0,1800.0,10042623.284000002,False,0.0001792681684646607,-0.0008541699049089413,-8585.439999999478
2019-07-24,2019-07-23,1,1,1,TX201908,False,200.0,0.0,0.0,0.0,0.0,200.0,10042823.284000002,False,1.991511523872869e-05,-0.0008342718005623917,-8385.439999999478
2019-07-25,2019-07-24,1,1,1,TX201908,False,3600.0,0.0,0.0,0.0,0.0,3600.0,10046423.284000002,False,0.00035846493542661834,-0.00047610592232283366,-4785.4399999994785
2019-07-26,2019-07-25,1,1,1,TX201908,False,-7000.0,0.0,0.0,0.0,0.0,-7000.0,10039423.284000002,False,-0.0006967653862592316,-0.001172539574455178,-11785.439999999478
2019-07-29,2019-07-26,1,1,1,TX201908,False,-1000.0,0.0,0.0,0.0,0.0,-1000.0,10038423.284000002,False,-9.960731525223335e-05,-0.0012720300961883702,-12785.439999999478
2019-07-30,2019-07-29,1,1,1,TX201908,False,-6000.0,0.0,0.0,0.0,0.0,-6000.0,10032423.284000002,False,-0.0005977034271470952,-0.0018689732265875225,-18785.43999999948
2019-07-31,2019-07-30,0,1,0,,False,-6200.0,50.0,42.868,800.0,892.8679999999999,-7092.868,10025330.416000001,False,-0.0007069944916809791,-0.002574646364492339,-25878.308000000194
2019-08-01,2019-07-31,0,0,0,,False,0.0,0.0,0.0,0.0,0.0,0.0,10025330.416000001,False,0.0,-0.002574646364492339,-25878.308000000194
2019-08-02,2019-08-01,0,0,0,,False,0.0,0.0,0.0,0.0,0.0,0.0,10025330.416000001,False,0.0,-0.002574646364492339,-25878.308000000194
2019-08-05,2019-08-02,0,0,0,,False,0.0,0.0,0.0,0.0,0.0,0.0,10025330.416000001,False,0.0,-0.002574646364492339,-25878.308000000194
2019-08-06,2019-08-05,0,0,0,,False,0.0,0.0,0.0,0.0,0.0,0.0,10025330.416000001,False,0.0,-0.002574646364492339,-25878.308000000194
2019-08-07,2019-08-06,0,0,0,,False,0.0,0.0,0.0,0.0,0.0,0.0,10025330.416000001,False,0.0,-0.002574646364492339,-25878.308000000194
2019-08-08,2019-08-07,0,0,0,,False,0.0,0.0,0.0,0.0,0.0,0.0,10025330.416000001,False,0.0,-0.002574646364492339,-25878.308000000194
2019-08-12,2019-08-08,0,0,0,,False,0.0,0.0,0.0,0.0,0.0,0.0,10025330.416000001,False,0.0,-0.002574646364492339,-25878.308000000194
2019-08-13,2019-08-12,0,0,0,,False,0.0,0.0,0.0,0.0,0.0,0.0,10025330.416000001,False,0.0,-0.002574646364492339,-25878.308000000194
2019-08-14,2019-08-13,0,0,0,,False,0.0,0.0,0.0,0.0,0.0,0.0,10025330.416000001,False,0.0,-0.002574646364492339,-25878.308000000194
2019-08-15,2019-08-14,0,0,0,,False,0.0,0.0,0.0,0.0,0.0,0.0,10025330.416000001,False,0.0,-0.002574646364492339,-25878.308000000194
2019-08-16,2019-08-15,0,0,0,,False,0.0,0.0,0.0,0.0,0.0,0.0,10025330.416000001,False,0.0,-0.002574646364492339,-25878.308000000194
2019-08-19,2019-08-16,0,0,0,,False,0.0,0.0,0.0,0.0,0.0,0.0,10025330.416000001,False,0.0,-0.002574646364492339,-25878.308000000194
2019-08-20,2019-08-19,0,0,0,,False,0.0,0.0,0.0,0.0,0.0,0.0,10025330.416000001,False,0.0,-0.002574646364492339,-25878.308000000194
2019-08-21,2019-08-20,0,0,0,,False,0.0,0.0,0.0,0.0,0.0,0.0,10025330.416000001,False,0.0,-0.002574646364492339,-25878.308000000194
2019-08-22,2019-08-21,0,0,0,,False,0.0,0.0,0.0,0.0,0.0,0.0,10025330.416000001,False,0.0,-0.002574646364492339,-25878.308000000194
2019-08-23,2019-08-22,0,0,0,,False,0.0,0.0,0.0,0.0,0.0,0.0,10025330.416000001,False,0.0,-0.002574646364492339,-25878.308000000194
2019-08-26,2019-08-23,0,0,0,,False,0.0,0.0,0.0,0.0,0.0,0.0,10025330.416000001,False,0.0,-0.002574646364492339,-25878.308000000194
2019-08-27,2019-08-26,0,0,0,,False,0.0,0.0,0.0,0.0,0.0,0.0,10025330.416000001,False,0.0,-0.002574646364492339,-25878.308000000194
2019-08-28,2019-08-27,0,0,0,,False,0.0,0.0,0.0,0.0,0.0,0.0,10025330.416000001,False,0.0,-0.002574646364492339,-25878.308000000194
2019-08-29,2019-08-28,0,0,0,,False,0.0,0.0,0.0,0.0,0.0,0.0,10025330.416000001,False,0.0,-0.002574646364492339,-25878.308000000194
2019-08-30,2019-08-29,1,0,1,TX201909,False,11200.0,50.0,42.096000000000004,800.0,892.096,10307.904,10035638.32,False,0.0010281859621852486,-0.0015491076175567775,-15570.404000001028
2019-09-02,2019-08-30,1,1,1,TX201909,False,5800.0,0.0,0.0,0.0,0.0,5800.0,10041438.32,False,0.0005779403178013294,-0.0009720625915041747,-9770.404000001028
2019-09-03,2019-09-02,1,1,1,TX201909,False,-12400.0,0.0,0.0,0.0,0.0,-12400.0,10029038.32,False,-0.0012348828529178278,-0.0022057450609958007,-22170.404000001028
2019-09-04,2019-09-03,1,1,1,TX201909,False,20200.0,0.0,0.0,0.0,0.0,20200.0,10049238.32,False,0.002014151243167251,-0.00019603652198529886,-1970.4040000010282
2019-09-05,2019-09-04,1,1,1,TX201909,False,18200.0,0.0,0.0,0.0,0.0,18200.0,10067438.32,False,0.001811082533865114,0.0,0.0
2019-09-06,2019-09-05,1,1,1,TX201909,False,6600.0,0.0,0.0,0.0,0.0,6600.0,10074038.32,False,0.0006555788861291976,0.0,0.0
2019-09-09,2019-09-06,1,1,1,TX201909,False,4800.0,0.0,0.0,0.0,0.0,4800.0,10078838.32,False,0.0004764722792914689,0.0,0.0
2019-09-10,2019-09-09,1,1,1,TX201909,False,-9800.0,0.0,0.0,0.0,0.0,-9800.0,10069038.32,False,-0.00097233427988951,-0.0009723342798895196,-9800.0
2019-09-11,2019-09-10,1,1,1,TX201909,False,6000.0,0.0,0.0,0.0,0.0,6000.0,10075038.32,False,0.0005958861024574987,-0.00037702757791635566,-3800.0
2019-09-12,2019-09-11,1,1,1,TX201909,False,10200.0,0.0,0.0,0.0,0.0,10200.0,10085238.32,False,0.0010124030972420161,0.0,0.0
2019-09-16,2019-09-12,1,1,1,TX201909,False,11400.0,0.0,0.0,0.0,0.0,11400.0,10096638.32,False,0.0011303649589908748,0.0,0.0
2019-09-17,2019-09-16,1,1,1,TX201910,True,-3600.0,100.0,86.80800000000002,1600.0,1786.808,-5386.808,10091251.512,False,-0.0005335249049507401,-0.0005335249049507329,-5386.808000000194
2019-09-18,2019-09-17,1,1,1,TX201910,False,11200.0,0.0,0.0,0.0,0.0,11200.0,10102451.512,False,0.0011098722479250004,0.0,0.0
2019-09-19,2019-09-18,1,1,1,TX201910,False,-5000.0,0.0,0.0,0.0,0.0,-5000.0,10097451.512,False,-0.0004949293737327863,-0.0004949293737327443,-5000.0
2019-09-20,2019-09-19,1,1,1,TX201910,False,6200.0,0.0,0.0,0.0,0.0,6200.0,10103651.512,False,0.000614016318140454,0.0,0.0
2019-09-23,2019-09-20,1,1,1,TX201910,False,-1400.0,0.0,0.0,0.0,0.0,-1400.0,10102251.512,False,-0.00013856376561852265,-0.00013856376561849348,-1400.0
2019-09-24,2019-09-23,1,1,1,TX201910,False,2800.0,0.0,0.0,0.0,0.0,2800.0,10105051.512,False,0.0002771659363928931,0.0,0.0
2019-09-25,2019-09-24,1,1,1,TX201910,False,-13400.0,0.0,0.0,0.0,0.0,-13400.0,10091651.512,False,-0.0013260694400307773,-0.0013260694400307749,-13400.0
2019-09-26,2019-09-25,1,1,1,TX201910,False,400.0,0.0,0.0,0.0,0.0,400.0,10092051.512,False,3.9636723436630694e-05,-0.0012864852776417468,-13000.0
2019-09-27,2019-09-26,1,1,1,TX201910,False,-3800.0,0.0,0.0,0.0,0.0,-3800.0,10088251.512,False,-0.0003765339480760272,-0.0016625348203370693,-16800.0
2019-10-01,2019-09-27,1,1,1,TX201910,False,26000.0,0.0,0.0,0.0,0.0,26000.0,10114251.512,False,0.0025772553320139707,0.0,0.0
2019-10-02,2019-10-01,1,1,1,TX201910,False,-6400.0,0.0,0.0,0.0,0.0,-6400.0,10107851.512,False,-0.0006327705013472084,-0.0006327705013472462,-6400.0
2019-10-03,2019-10-02,1,1,1,TX201910,False,-14200.0,0.0,0.0,0.0,0.0,-14200.0,10093651.512,False,-0.0014048484965515982,-0.0020367300512112996,-20600.0
2019-10-04,2019-10-03,1,1,1,TX201910,False,5800.0,0.0,0.0,0.0,0.0,5800.0,10099451.512,False,0.000574618609836547,-0.001463281784365389,-14800.0
2019-10-07,2019-10-04,1,1,1,TX201910,False,7000.0,0.0,0.0,0.0,0.0,7000.0,10106451.512,False,0.0006931069466181125,-0.0007711890485169182,-7800.0
2019-10-08,2019-10-07,1,1,1,TX201910,False,17200.0,0.0,0.0,0.0,0.0,17200.0,10123651.512,False,0.0017018831960532736,0.0,0.0
2019-10-09,2019-10-08,1,1,1,TX201910,False,-24200.0,0.0,0.0,0.0,0.0,-24200.0,10099451.512,False,-0.0023904418253941967,-0.002390441825394163,-24200.0
2019-10-14,2019-10-09,1,1,1,TX201910,False,39200.0,0.0,0.0,0.0,0.0,39200.0,10138651.512,False,0.00388139890106143,0.0,0.0
2019-10-15,2019-10-14,1,1,1,TX201911,True,6400.0,100.0,88.78,1600.0,1788.78,4611.22,10143262.732,False,0.00045481590865828746,0.0,0.0
2019-10-16,2019-10-15,1,1,1,TX201911,False,8800.0,0.0,0.0,0.0,0.0,8800.0,10152062.732,False,0.0008675709416692648,0.0,0.0
2019-10-17,2019-10-16,1,1,1,TX201911,False,5200.0,0.0,0.0,0.0,0.0,5200.0,10157262.732,False,0.0005122111769078457,0.0,0.0
2019-10-18,2019-10-17,1,1,1,TX201911,False,-1400.0,0.0,0.0,0.0,0.0,-1400.0,10155862.732,False,-0.0001378324098666231,-0.00013783240986664502,-1400.0
2019-10-21,2019-10-18,1,1,1,TX201911,False,1000.0,0.0,0.0,0.0,0.0,1000.0,10156862.732,False,9.84652930419304e-05,-3.938068853337473e-05,-400.0
2019-10-22,2019-10-21,1,1,1,TX201911,False,17400.0,0.0,0.0,0.0,0.0,17400.0,10174262.732,False,0.0017131274153366198,0.0,0.0
2019-10-23,2019-10-22,1,1,1,TX201911,False,-8200.0,0.0,0.0,0.0,0.0,-8200.0,10166062.732,False,-0.0008059552044208012,-0.0008059552044208385,-8200.0
2019-10-24,2019-10-23,1,1,1,TX201911,False,17800.0,0.0,0.0,0.0,0.0,17800.0,10183862.732,False,0.0017509236829682784,0.0,0.0
2019-10-25,2019-10-24,1,1,1,TX201911,False,-1200.0,0.0,0.0,0.0,0.0,-1200.0,10182662.732,False,-0.00011783348141853174,-0.0001178334814185833,-1200.0
2019-10-28,2019-10-25,1,1,1,TX201911,False,5400.0,0.0,0.0,0.0,0.0,5400.0,10188062.732,False,0.000530313155028692,0.0,0.0
2019-10-29,2019-10-28,1,1,1,TX201911,False,3000.0,0.0,0.0,0.0,0.0,3000.0,10191062.732,False,0.00029446226224905423,0.0,0.0
2019-10-30,2019-10-29,1,1,1,TX201911,False,2400.0,0.0,0.0,0.0,0.0,2400.0,10193462.732,False,0.00023550046379991214,0.0,0.0
2019-10-31,2019-10-30,1,1,1,TX201911,False,1600.0,0.0,0.0,0.0,0.0,1600.0,10195062.732,False,0.00015696334425956872,0.0,0.0
2019-11-01,2019-10-31,1,1,1,TX201911,False,5000.0,0.0,0.0,0.0,0.0,5000.0,10200062.732,False,0.0004904334707334492,0.0,0.0
2019-11-04,2019-11-01,1,1,1,TX201911,False,34600.0,0.0,0.0,0.0,0.0,34600.0,10234662.732,False,0.0033921360004435706,0.0,0.0
2019-11-05,2019-11-04,1,1,1,TX201911,False,20200.0,0.0,0.0,0.0,0.0,20200.0,10254862.732,False,0.00197368496929968,0.0,0.0
2019-11-06,2019-11-05,1,1,1,TX201911,False,1600.0,0.0,0.0,0.0,0.0,1600.0,10256462.732,False,0.00015602354139829163,0.0,0.0
2019-11-07,2019-11-06,1,1,1,TX201911,False,-11400.0,0.0,0.0,0.0,0.0,-11400.0,10245062.732,False,-0.0011114943131838408,-0.0011114943131838029,-11400.0
2019-11-08,2019-11-07,1,1,1,TX201911,False,-4600.0,0.0,0.0,0.0,0.0,-4600.0,10240462.732,False,-0.000448996762668139,-0.001559992018503653,-16000.0
2019-11-11,2019-11-08,1,1,1,TX201911,False,-27200.0,0.0,0.0,0.0,0.0,-27200.0,10213262.732,False,-0.002656129973014192,-0.004211978449959797,-43200.0
2019-11-12,2019-11-11,1,1,1,TX201911,False,17200.0,0.0,0.0,0.0,0.0,17200.0,10230462.732,False,0.0016840847485602506,-0.0025349870300683808,-26000.0
2019-11-13,2019-11-12,1,1,1,TX201911,False,-11400.0,0.0,0.0,0.0,0.0,-11400.0,10219062.732,False,-0.0011143190976437253,-0.0036464813432522947,-37400.0
2019-11-14,2019-11-13,1,1,1,TX201911,False,-2000.0,0.0,0.0,0.0,0.0,-2000.0,10217062.732,False,-0.00019571266489412913,-0.003841480345565196,-39400.0
2019-11-15,2019-11-14,1,1,1,TX201911,False,15200.0,0.0,0.0,0.0,0.0,15200.0,10232262.732,False,0.0014877074163784237,-0.002359487927986792,-24200.0
2019-11-18,2019-11-15,1,1,1,TX201911,False,12200.0,0.0,0.0,0.0,0.0,12200.0,10244462.732,False,0.0011923071484322006,-0.0011699940138777398,-12000.0
2019-11-19,2019-11-18,1,1,1,TX201912,True,10200.0,100.0,93.136,1600.0,1793.136,8406.864,10252869.596,False,0.0008206251728301957,-0.00035032896758735443,-3593.1359999999404
2019-11-20,2019-11-19,1,1,1,TX201912,False,-7800.0,0.0,0.0,0.0,0.0,-7800.0,10245069.596,False,-0.0007607626262059404,-0.0011108250766078687,-11393.13599999994
2019-11-21,2019-11-20,1,1,1,TX201912,False,-11400.0,0.0,0.0,0.0,0.0,-11400.0,10233669.596,False,-0.0011127303619734238,-0.0022223193897917826,-22793.13599999994
2019-11-22,2019-11-21,0,1,0,,False,4200.0,50.0,46.24400000000001,800.0,896.244,3303.7560000000003,10236973.352,False,0.00032283199775096587,-0.001900204827849139,-19489.38000000082
2019-11-25,2019-11-22,0,0,0,,False,0.0,0.0,0.0,0.0,0.0,0.0,10236973.352,False,0.0,-0.001900204827849139,-19489.38000000082
2019-11-26,2019-11-25,0,0,0,,False,0.0,0.0,0.0,0.0,0.0,0.0,10236973.352,False,0.0,-0.001900204827849139,-19489.38000000082
2019-11-27,2019-11-26,0,0,0,,False,0.0,0.0,0.0,0.0,0.0,0.0,10236973.352,False,0.0,-0.001900204827849139,-19489.38000000082
2019-11-28,2019-11-27,1,0,1,TX201912,False,-8800.0,50.0,46.648,800.0,896.648,-9696.648,10227276.704,False,-0.0009472182515846408,-0.002845623170739109,-29186.028000000864
2019-11-29,2019-11-28,0,1,0,,False,-2000.0,50.0,46.400000000000006,800.0,896.4,-2896.4,10224380.304,False,-0.00028320344543598654,-0.0031280207258886916,-32082.428000001237
2019-12-02,2019-11-29,0,0,0,,False,0.0,0.0,0.0,0.0,0.0,0.0,10224380.304,False,0.0,-0.0031280207258886916,-32082.428000001237
2019-12-03,2019-12-02,0,0,0,,False,0.0,0.0,0.0,0.0,0.0,0.0,10224380.304,False,0.0,-0.0031280207258886916,-32082.428000001237
2019-12-04,2019-12-03,0,0,0,,False,0.0,0.0,0.0,0.0,0.0,0.0,10224380.304,False,0.0,-0.0031280207258886916,-32082.428000001237
2019-12-05,2019-12-04,0,0,0,,False,0.0,0.0,0.0,0.0,0.0,0.0,10224380.304,False,0.0,-0.0031280207258886916,-32082.428000001237
2019-12-06,2019-12-05,1,0,1,TX201912,False,-6600.0,50.0,46.596000000000004,800.0,896.596,-7496.596,10216883.707999999,False,-0.0007332078597533357,-0.003858935096260452,-39579.02400000207
2019-12-09,2019-12-06,1,1,1,TX201912,False,11800.0,0.0,0.0,0.0,0.0,11800.0,10228683.707999999,False,0.0011549509945738537,-0.0027084409826140243,-27779.02400000207
2019-12-10,2019-12-09,1,1,1,TX201912,False,-9200.0,0.0,0.0,0.0,0.0,-9200.0,10219483.707999999,False,-0.000899431467687729,-0.0036054363932536138,-36979.02400000207
2019-12-11,2019-12-10,0,1,0,,False,-5000.0,50.0,46.384,800.0,896.384,-5896.384,10213587.324,False,-0.0005769747443683679,-0.004180330891880635,-42875.408000001684
2019-12-12,2019-12-11,1,0,1,TX201912,False,17600.0,50.0,47.076,800.0,897.076,16702.924,10230290.248,False,0.0016353631168111997,-0.0025518041340260034,-26172.484000001103
2019-12-13,2019-12-12,1,1,1,TX201912,False,22400.0,0.0,0.0,0.0,0.0,22400.0,10252690.248,False,0.002189576195492513,-0.00036781530812091123,-3772.4840000011027
2019-12-16,2019-12-13,1,1,1,TX201912,False,-800.0,0.0,0.0,0.0,0.0,-800.0,10251890.248,False,-7.802830092873006e-05,-0.0004458149090460495,-4572.484000001103
2019-12-17,2019-12-16,1,1,1,TX202001,True,27800.0,100.0,96.76000000000002,1600.0,1796.76,26003.24,10277893.488,False,0.0025364337084151744,0.0,0.0
2019-12-18,2019-12-17,1,1,1,TX202001,False,800.0,0.0,0.0,0.0,0.0,800.0,10278693.488,False,7.783696152660499e-05,0.0,0.0
2019-12-19,2019-12-18,1,1,1,TX202001,False,-12800.0,0.0,0.0,0.0,0.0,-12800.0,10265893.488,False,-0.0012452944544891365,-0.0012452944544891764,-12800.0
2019-12-20,2019-12-19,0,1,0,,False,6600.0,50.0,48.236000000000004,800.0,898.236,5701.764,10271595.252,False,0.0005554084509706731,-0.0006905776505824468,-7098.235999999568
2019-12-23,2019-12-20,1,0,1,TX202001,False,4000.0,50.0,48.016000000000005,800.0,898.016,3101.984,10274697.236,False,0.000301996323248427,-0.0003887898792453992,-3996.252000000328
2019-12-24,2019-12-23,0,1,0,,False,2000.0,50.0,48.104000000000006,800.0,898.104,1101.896,10275799.132,False,0.00010724364666816933,-0.0002815879278217359,-2894.356000000611
2019-12-25,2019-12-24,0,0,0,,False,0.0,0.0,0.0,0.0,0.0,0.0,10275799.132,False,0.0,-0.0002815879278217359,-2894.356000000611
2019-12-26,2019-12-25,0,0,0,,False,0.0,0.0,0.0,0.0,0.0,0.0,10275799.132,False,0.0,-0.0002815879278217359,-2894.356000000611
2019-12-27,2019-12-26,0,0,0,,False,0.0,0.0,0.0,0.0,0.0,0.0,10275799.132,False,0.0,-0.0002815879278217359,-2894.356000000611
2019-12-30,2019-12-27,1,0,1,TX202001,False,-4400.0,50.0,48.38,800.0,898.38,-5298.38,10270500.751999998,False,-0.0005156173190949448,-0.0007970600553043328,-8192.73600000143
2019-12-31,2019-12-30,0,1,0,,False,-8000.0,50.0,48.1,800.0,898.1,-8898.1,10261602.651999999,False,-0.0008663745045018621,-0.0016627440072957134,-17090.836000001058
2020-01-02,2019-12-31,0,0,0,,False,0.0,0.0,0.0,0.0,0.0,0.0,10261602.651999999,False,0.0,-0.0016627440072957134,-17090.836000001058
2020-01-03,2020-01-02,0,0,0,,False,0.0,0.0,0.0,0.0,0.0,0.0,10261602.651999999,False,0.0,-0.0016627440072957134,-17090.836000001058
2020-01-06,2020-01-03,0,0,0,,False,0.0,0.0,0.0,0.0,0.0,0.0,10261602.651999999,False,0.0,-0.0016627440072957134,-17090.836000001058
2020-01-07,2020-01-06,0,0,0,,False,0.0,0.0,0.0,0.0,0.0,0.0,10261602.651999999,False,0.0,-0.0016627440072957134,-17090.836000001058
2020-01-08,2020-01-07,0,0,0,,False,0.0,0.0,0.0,0.0,0.0,0.0,10261602.651999999,False,0.0,-0.0016627440072957134,-17090.836000001058
2020-01-09,2020-01-08,0,0,0,,False,0.0,0.0,0.0,0.0,0.0,0.0,10261602.651999999,False,0.0,-0.0016627440072957134,-17090.836000001058
2020-01-10,2020-01-09,0,0,0,,False,0.0,0.0,0.0,0.0,0.0,0.0,10261602.651999999,False,0.0,-0.0016627440072957134,-17090.836000001058
2020-01-13,2020-01-10,0,0,0,,False,0.0,0.0,0.0,0.0,0.0,0.0,10261602.651999999,False,0.0,-0.0016627440072957134,-17090.836000001058
2020-01-14,2020-01-13,0,0,0,,False,0.0,0.0,0.0,0.0,0.0,0.0,10261602.651999999,False,0.0,-0.0016627440072957134,-17090.836000001058
2020-01-15,2020-01-14,0,0,0,,False,0.0,0.0,0.0,0.0,0.0,0.0,10261602.651999999,False,0.0,-0.0016627440072957134,-17090.836000001058
2020-01-16,2020-01-15,0,0,0,,False,0.0,0.0,0.0,0.0,0.0,0.0,10261602.651999999,False,0.0,-0.0016627440072957134,-17090.836000001058
2020-01-17,2020-01-16,0,0,0,,False,0.0,0.0,0.0,0.0,0.0,0.0,10261602.651999999,False,0.0,-0.0016627440072957134,-17090.836000001058
2020-01-20,2020-01-17,0,0,0,,False,0.0,0.0,0.0,0.0,0.0,0.0,10261602.651999999,False,0.0,-0.0016627440072957134,-17090.836000001058
2020-01-30,2020-01-20,0,0,0,,False,0.0,0.0,0.0,0.0,0.0,0.0,10261602.651999999,False,0.0,-0.0016627440072957134,-17090.836000001058
2020-01-31,2020-01-30,0,0,0,,False,0.0,0.0,0.0,0.0,0.0,0.0,10261602.651999999,False,0.0,-0.0016627440072957134,-17090.836000001058
2020-02-03,2020-01-31,0,0,0,,False,0.0,0.0,0.0,0.0,0.0,0.0,10261602.651999999,False,0.0,-0.0016627440072957134,-17090.836000001058
2020-02-04,2020-02-03,0,0,0,,False,0.0,0.0,0.0,0.0,0.0,0.0,10261602.651999999,False,0.0,-0.0016627440072957134,-17090.836000001058
2020-02-05,2020-02-04,0,0,0,,False,0.0,0.0,0.0,0.0,0.0,0.0,10261602.651999999,False,0.0,-0.0016627440072957134,-17090.836000001058
2020-02-06,2020-02-05,0,0,0,,False,0.0,0.0,0.0,0.0,0.0,0.0,10261602.651999999,False,0.0,-0.0016627440072957134,-17090.836000001058
2020-02-07,2020-02-06,0,0,0,,False,0.0,0.0,0.0,0.0,0.0,0.0,10261602.651999999,False,0.0,-0.0016627440072957134,-17090.836000001058
2020-02-10,2020-02-07,0,0,0,,False,0.0,0.0,0.0,0.0,0.0,0.0,10261602.651999999,False,0.0,-0.0016627440072957134,-17090.836000001058
2020-02-11,2020-02-10,0,0,0,,False,0.0,0.0,0.0,0.0,0.0,0.0,10261602.651999999,False,0.0,-0.0016627440072957134,-17090.836000001058
2020-02-12,2020-02-11,0,0,0,,False,0.0,0.0,0.0,0.0,0.0,0.0,10261602.651999999,False,0.0,-0.0016627440072957134,-17090.836000001058
2020-02-13,2020-02-12,0,0,0,,False,0.0,0.0,0.0,0.0,0.0,0.0,10261602.651999999,False,0.0,-0.0016627440072957134,-17090.836000001058
2020-02-14,2020-02-13,0,0,0,,False,0.0,0.0,0.0,0.0,0.0,0.0,10261602.651999999,False,0.0,-0.0016627440072957134,-17090.836000001058
2020-02-17,2020-02-14,1,0,1,TX202002,False,12000.0,50.0,46.856,800.0,896.856,11103.144,10272705.795999998,False,0.001082008763790516,-0.0005825343470930999,-5987.692000001669
2020-02-18,2020-02-17,0,1,0,,False,-11000.0,50.0,46.844,800.0,896.844,-11896.844,10260808.951999998,False,-0.0011581022795992474,-0.001739961992337058,-17884.536000002176
2020-02-19,2020-02-18,0,0,0,,False,0.0,0.0,0.0,0.0,0.0,0.0,10260808.951999998,False,0.0,-0.001739961992337058,-17884.536000002176
2020-02-20,2020-02-19,1,0,1,TX202003,False,-21000.0,50.0,47.29600000000001,800.0,897.296,-21897.296,10238911.655999998,False,-0.0021340711149028715,-0.0038703199046110637,-39781.832000002265
2020-02-21,2020-02-20,0,1,0,,False,-10000.0,50.0,46.644000000000005,800.0,896.644,-10896.644,10228015.011999998,False,-0.00106423850171757,-0.004930439462872083,-50678.476000001654
2020-02-24,2020-02-21,0,0,0,,False,0.0,0.0,0.0,0.0,0.0,0.0,10228015.011999998,False,0.0,-0.004930439462872083,-50678.476000001654
2020-02-25,2020-02-24,0,0,0,,False,0.0,0.0,0.0,0.0,0.0,0.0,10228015.011999998,False,0.0,-0.004930439462872083,-50678.476000001654
2020-02-26,2020-02-25,0,0,0,,False,0.0,0.0,0.0,0.0,0.0,0.0,10228015.011999998,False,0.0,-0.004930439462872083,-50678.476000001654
2020-02-27,2020-02-26,0,0,0,,False,0.0,0.0,0.0,0.0,0.0,0.0,10228015.011999998,False,0.0,-0.004930439462872083,-50678.476000001654
2020-03-02,2020-02-27,0,0,0,,False,0.0,0.0,0.0,0.0,0.0,0.0,10228015.011999998,False,0.0,-0.004930439462872083,-50678.476000001654
2020-03-03,2020-03-02,0,0,0,,False,0.0,0.0,0.0,0.0,0.0,0.0,10228015.011999998,False,0.0,-0.004930439462872083,-50678.476000001654
2020-03-04,2020-03-03,0,0,0,,False,0.0,0.0,0.0,0.0,0.0,0.0,10228015.011999998,False,0.0,-0.004930439462872083,-50678.476000001654
2020-03-05,2020-03-04,0,0,0,,False,0.0,0.0,0.0,0.0,0.0,0.0,10228015.011999998,False,0.0,-0.004930439462872083,-50678.476000001654
2020-03-06,2020-03-05,0,0,0,,False,0.0,0.0,0.0,0.0,0.0,0.0,10228015.011999998,False,0.0,-0.004930439462872083,-50678.476000001654
2020-03-09,2020-03-06,0,0,0,,False,0.0,0.0,0.0,0.0,0.0,0.0,10228015.011999998,False,0.0,-0.004930439462872083,-50678.476000001654
2020-03-10,2020-03-09,0,0,0,,False,0.0,0.0,0.0,0.0,0.0,0.0,10228015.011999998,False,0.0,-0.004930439462872083,-50678.476000001654
2020-03-11,2020-03-10,0,0,0,,False,0.0,0.0,0.0,0.0,0.0,0.0,10228015.011999998,False,0.0,-0.004930439462872083,-50678.476000001654
2020-03-12,2020-03-11,0,0,0,,False,0.0,0.0,0.0,0.0,0.0,0.0,10228015.011999998,False,0.0,-0.004930439462872083,-50678.476000001654
2020-03-13,2020-03-12,0,0,0,,False,0.0,0.0,0.0,0.0,0.0,0.0,10228015.011999998,False,0.0,-0.004930439462872083,-50678.476000001654
2020-03-16,2020-03-13,0,0,0,,False,0.0,0.0,0.0,0.0,0.0,0.0,10228015.011999998,False,0.0,-0.004930439462872083,-50678.476000001654
2020-03-17,2020-03-16,0,0,0,,False,0.0,0.0,0.0,0.0,0.0,0.0,10228015.011999998,False,0.0,-0.004930439462872083,-50678.476000001654
2020-03-18,2020-03-17,0,0,0,,False,0.0,0.0,0.0,0.0,0.0,0.0,10228015.011999998,False,0.0,-0.004930439462872083,-50678.476000001654
2020-03-19,2020-03-18,0,0,0,,False,0.0,0.0,0.0,0.0,0.0,0.0,10228015.011999998,False,0.0,-0.004930439462872083,-50678.476000001654
2020-03-20,2020-03-19,0,0,0,,False,0.0,0.0,0.0,0.0,0.0,0.0,10228015.011999998,False,0.0,-0.004930439462872083,-50678.476000001654
2020-03-23,2020-03-20,0,0,0,,False,0.0,0.0,0.0,0.0,0.0,0.0,10228015.011999998,False,0.0,-0.004930439462872083,-50678.476000001654
2020-03-24,2020-03-23,0,0,0,,False,0.0,0.0,0.0,0.0,0.0,0.0,10228015.011999998,False,0.0,-0.004930439462872083,-50678.476000001654
2020-03-25,2020-03-24,0,0,0,,False,0.0,0.0,0.0,0.0,0.0,0.0,10228015.011999998,False,0.0,-0.004930439462872083,-50678.476000001654
2020-03-26,2020-03-25,0,0,0,,False,0.0,0.0,0.0,0.0,0.0,0.0,10228015.011999998,False,0.0,-0.004930439462872083,-50678.476000001654
2020-03-27,2020-03-26,0,0,0,,False,0.0,0.0,0.0,0.0,0.0,0.0,10228015.011999998,False,0.0,-0.004930439462872083,-50678.476000001654
2020-03-30,2020-03-27,0,0,0,,False,0.0,0.0,0.0,0.0,0.0,0.0,10228015.011999998,False,0.0,-0.004930439462872083,-50678.476000001654
2020-03-31,2020-03-30,0,0,0,,False,0.0,0.0,0.0,0.0,0.0,0.0,10228015.011999998,False,0.0,-0.004930439462872083,-50678.476000001654
2020-04-01,2020-03-31,0,0,0,,False,0.0,0.0,0.0,0.0,0.0,0.0,10228015.011999998,False,0.0,-0.004930439462872083,-50678.476000001654
2020-04-06,2020-04-01,0,0,0,,False,0.0,0.0,0.0,0.0,0.0,0.0,10228015.011999998,False,0.0,-0.004930439462872083,-50678.476000001654
2020-04-07,2020-04-06,0,0,0,,False,0.0,0.0,0.0,0.0,0.0,0.0,10228015.011999998,False,0.0,-0.004930439462872083,-50678.476000001654
2020-04-08,2020-04-07,1,0,1,TX202004,False,35400.0,50.0,39.816,800.0,889.816,34510.184,10262525.195999999,False,0.003374084214728957,-0.0015729909661064134,-16168.292000001296
2020-04-09,2020-04-08,1,1,1,TX202004,False,-5200.0,0.0,0.0,0.0,0.0,-5200.0,10257325.195999999,False,-0.0005066979033607433,-0.0020788918382427246,-21368.292000001296
2020-04-10,2020-04-09,1,1,1,TX202004,False,6400.0,0.0,0.0,0.0,0.0,6400.0,10263725.195999999,False,0.0006239443400405963,-0.0014562446109981364,-14968.292000001296
2020-04-13,2020-04-10,1,1,1,TX202004,False,-12000.0,0.0,0.0,0.0,0.0,-12000.0,10251725.195999999,False,-0.0011691661429786397,-0.0026237081620816838,-26968.292000001296
2020-04-14,2020-04-13,1,1,1,TX202005,True,54600.0,100.0,82.428,1600.0,1782.4279999999999,52817.572,10304542.768,False,0.005152066700013406,0.0,0.0
2020-04-15,2020-04-14,1,1,1,TX202005,False,12200.0,0.0,0.0,0.0,0.0,12200.0,10316742.768,False,0.0011839438463864893,0.0,0.0
2020-04-16,2020-04-15,1,1,1,TX202005,False,-4000.0,0.0,0.0,0.0,0.0,-4000.0,10312742.768,False,-0.0003877192724439168,-0.00038771927244396487,-4000.0
2020-04-17,2020-04-16,1,1,1,TX202005,False,51800.0,0.0,0.0,0.0,0.0,51800.0,10364542.768,False,0.005022912057957384,0.0,0.0
2020-04-20,2020-04-17,0,1,0,,False,-9200.0,50.0,42.044000000000004,800.0,892.044,-10092.044,10354450.724,False,-0.0009737085586793732,-0.0009737085586793981,-10092.043999999762
2020-04-21,2020-04-20,0,0,0,,False,0.0,0.0,0.0,0.0,0.0,0.0,10354450.724,False,0.0,-0.0009737085586793981,-10092.043999999762
2020-04-22,2020-04-21,0,0,0,,False,0.0,0.0,0.0,0.0,0.0,0.0,10354450.724,False,0.0,-0.0009737085586793981,-10092.043999999762
2020-04-23,2020-04-22,0,0,0,,False,0.0,0.0,0.0,0.0,0.0,0.0,10354450.724,False,0.0,-0.0009737085586793981,-10092.043999999762
2020-04-24,2020-04-23,0,0,0,,False,0.0,0.0,0.0,0.0,0.0,0.0,10354450.724,False,0.0,-0.0009737085586793981,-10092.043999999762
2020-04-27,2020-04-24,0,0,0,,False,0.0,0.0,0.0,0.0,0.0,0.0,10354450.724,False,0.0,-0.0009737085586793981,-10092.043999999762
2020-04-28,2020-04-27,0,0,0,,False,0.0,0.0,0.0,0.0,0.0,0.0,10354450.724,False,0.0,-0.0009737085586793981,-10092.043999999762
2020-04-29,2020-04-28,0,0,0,,False,0.0,0.0,0.0,0.0,0.0,0.0,10354450.724,False,0.0,-0.0009737085586793981,-10092.043999999762
2020-04-30,2020-04-29,0,0,0,,False,0.0,0.0,0.0,0.0,0.0,0.0,10354450.724,False,0.0,-0.0009737085586793981,-10092.043999999762
2020-05-04,2020-04-30,0,0,0,,False,0.0,0.0,0.0,0.0,0.0,0.0,10354450.724,False,0.0,-0.0009737085586793981,-10092.043999999762
2020-05-05,2020-05-04,0,0,0,,False,0.0,0.0,0.0,0.0,0.0,0.0,10354450.724,False,0.0,-0.0009737085586793981,-10092.043999999762
2020-05-06,2020-05-05,0,0,0,,False,0.0,0.0,0.0,0.0,0.0,0.0,10354450.724,False,0.0,-0.0009737085586793981,-10092.043999999762
2020-05-07,2020-05-06,0,0,0,,False,0.0,0.0,0.0,0.0,0.0,0.0,10354450.724,False,0.0,-0.0009737085586793981,-10092.043999999762
2020-05-08,2020-05-07,0,0,0,,False,0.0,0.0,0.0,0.0,0.0,0.0,10354450.724,False,0.0,-0.0009737085586793981,-10092.043999999762
2020-05-11,2020-05-08,0,0,0,,False,0.0,0.0,0.0,0.0,0.0,0.0,10354450.724,False,0.0,-0.0009737085586793981,-10092.043999999762
2020-05-12,2020-05-11,0,0,0,,False,0.0,0.0,0.0,0.0,0.0,0.0,10354450.724,False,0.0,-0.0009737085586793981,-10092.043999999762
2020-05-13,2020-05-12,0,0,0,,False,0.0,0.0,0.0,0.0,0.0,0.0,10354450.724,False,0.0,-0.0009737085586793981,-10092.043999999762
2020-05-14,2020-05-13,0,0,0,,False,0.0,0.0,0.0,0.0,0.0,0.0,10354450.724,False,0.0,-0.0009737085586793981,-10092.043999999762
2020-05-15,2020-05-14,0,0,0,,False,0.0,0.0,0.0,0.0,0.0,0.0,10354450.724,False,0.0,-0.0009737085586793981,-10092.043999999762
2020-05-18,2020-05-15,0,0,0,,False,0.0,0.0,0.0,0.0,0.0,0.0,10354450.724,False,0.0,-0.0009737085586793981,-10092.043999999762
2020-05-19,2020-05-18,0,0,0,,False,0.0,0.0,0.0,0.0,0.0,0.0,10354450.724,False,0.0,-0.0009737085586793981,-10092.043999999762
2020-05-20,2020-05-19,1,0,1,TX202006,False,800.0,50.0,43.412000000000006,800.0,893.412,-93.41200000000003,10354357.311999999,False,-9.02143459753839e-06,-0.0009827212090288695,-10185.456000000238
2020-05-21,2020-05-20,0,1,0,,False,10000.0,50.0,43.596000000000004,800.0,893.596,9106.404,10363463.715999998,False,0.000879475541127627,-0.00010410994716836264,-1079.0520000010729
2020-05-22,2020-05-21,1,0,1,TX202006,False,-37000.0,50.0,43.728,800.0,893.7280000000001,-37893.728,10325569.987999998,False,-0.0036564732640011503,-0.003760202535931234,-38972.78000000119
2020-05-25,2020-05-22,0,1,0,,False,11400.0,50.0,43.184000000000005,800.0,893.184,10506.816,10336076.803999998,False,0.0010175531241578568,-0.0027464756176113214,-28465.96400000155
2020-05-26,2020-05-25,0,0,0,,False,0.0,0.0,0.0,0.0,0.0,0.0,10336076.803999998,False,0.0,-0.0027464756176113214,-28465.96400000155
2020-05-27,2020-05-26,1,0,1,TX202006,False,2000.0,50.0,43.864000000000004,800.0,893.864,1106.136,10337182.939999998,False,0.00010701700664336513,-0.002639752530567363,-27359.82800000161
2020-05-28,2020-05-27,1,1,1,TX202006,False,-13000.0,0.0,0.0,0.0,0.0,-13000.0,10324182.939999998,False,-0.0012575960080667783,-0.003894028796389448,-40359.82800000161
2020-05-29,2020-05-28,1,1,1,TX202006,False,3000.0,0.0,0.0,0.0,0.0,3000.0,10327182.939999998,False,0.00029057989551665195,-0.0036045804273535653,-37359.82800000161
2020-06-01,2020-05-29,1,1,1,TX202006,False,27000.0,0.0,0.0,0.0,0.0,27000.0,10354182.939999998,False,0.0026144593503250177,-0.0009995451060308413,-10359.82800000161
2020-06-02,2020-06-01,1,1,1,TX202006,False,9800.0,0.0,0.0,0.0,0.0,9800.0,10363982.939999998,False,0.0009464773856893051,-5.401376718039419e-05,-559.8280000016093
2020-06-03,2020-06-02,1,1,1,TX202006,False,35400.0,0.0,0.0,0.0,0.0,35400.0,10399382.939999998,False,0.003415675248110743,0.0,0.0
2020-06-04,2020-06-03,1,1,1,TX202006,False,14800.0,0.0,0.0,0.0,0.0,14800.0,10414182.939999998,False,0.0014231613630721828,0.0,0.0
2020-06-05,2020-06-04,1,1,1,TX202006,False,20000.0,0.0,0.0,0.0,0.0,20000.0,10434182.939999998,False,0.0019204579096821594,0.0,0.0
2020-06-08,2020-06-05,1,1,1,TX202006,False,22600.0,0.0,0.0,0.0,0.0,22600.0,10456782.939999998,False,0.002165957807138084,0.0,0.0
2020-06-09,2020-06-08,1,1,1,TX202006,False,7800.0,0.0,0.0,0.0,0.0,7800.0,10464582.939999998,False,0.0007459273128987798,0.0,0.0
2020-06-10,2020-06-09,1,1,1,TX202006,False,19400.0,0.0,0.0,0.0,0.0,19400.0,10483982.939999998,False,0.001853872257617178,0.0,0.0
2020-06-11,2020-06-10,1,1,1,TX202006,False,-43000.0,0.0,0.0,0.0,0.0,-43000.0,10440982.939999998,False,-0.0041014946558087404,-0.0041014946558087795,-43000.0
2020-06-12,2020-06-11,1,1,1,TX202006,False,-19200.0,0.0,0.0,0.0,0.0,-19200.0,10421782.939999998,False,-0.0018389073241795763,-0.005932859711425653,-62200.0
2020-06-15,2020-06-12,1,1,1,TX202006,False,-33200.0,0.0,0.0,0.0,0.0,-33200.0,10388582.939999998,False,-0.0031856353362124433,-0.009099595120096615,-95400.0
2020-06-16,2020-06-15,1,1,1,TX202007,True,59400.0,100.0,91.42,1600.0,1791.42,57608.58,10446191.519999998,False,0.005545374218285831,-0.003604681561986567,-37791.419999999925
2020-06-17,2020-06-16,1,1,1,TX202007,False,5800.0,0.0,0.0,0.0,0.0,5800.0,10451991.519999998,False,0.0005552262744652418,-0.0030514567014356953,-31991.419999999925
2020-06-18,2020-06-17,1,1,1,TX202007,False,7200.0,0.0,0.0,0.0,0.0,7200.0,10459191.519999998,False,0.000688863934325121,-0.002364694805579326,-24791.419999999925
2020-06-19,2020-06-18,1,1,1,TX202007,False,3200.0,0.0,0.0,0.0,0.0,3200.0,10462391.519999998,False,0.0003059509899862701,-0.0020594672963097915,-21591.419999999925
2020-06-22,2020-06-19,1,1,1,TX202007,False,2600.0,0.0,0.0,0.0,0.0,2600.0,10464991.519999998,False,0.0002485091477440715,-0.0018114699450283434,-18991.419999999925
2020-06-23,2020-06-22,1,1,1,TX202007,False,6400.0,0.0,0.0,0.0,0.0,6400.0,10471391.519999998,False,0.0006115628462544613,-0.0012010149264893855,-12591.419999999925
2020-06-24,2020-06-23,1,1,1,TX202007,False,13600.0,0.0,0.0,0.0,0.0,13600.0,10484991.519999998,False,0.001298776764675876,0.0,0.0
2020-06-29,2020-06-24,1,1,1,TX202007,False,-32400.0,0.0,0.0,0.0,0.0,-32400.0,10452591.519999998,False,-0.0030901312545839814,-0.0030901312545840165,-32400.0
2020-06-30,2020-06-29,0,1,0,,False,19800.0,50.0,45.824000000000005,800.0,895.8240000000001,18904.176,10471495.695999999,False,0.0018085635475019505,-0.0012871564058259954,-13495.823999999091
2020-07-01,2020-06-30,0,0,0,,False,0.0,0.0,0.0,0.0,0.0,0.0,10471495.695999999,False,0.0,-0.0012871564058259954,-13495.823999999091
2020-07-02,2020-07-01,1,0,1,TX202007,False,22000.0,50.0,46.356,800.0,896.356,21103.644,10492599.339999998,False,0.0020153418969614217,0.0,0.0
2020-07-03,2020-07-02,1,1,1,TX202007,False,28600.0,0.0,0.0,0.0,0.0,28600.0,10521199.339999998,False,0.0027257306862915063,0.0,0.0
2020-07-06,2020-07-03,1,1,1,TX202007,False,45400.0,0.0,0.0,0.0,0.0,45400.0,10566599.339999998,False,0.004315097407896846,0.0,0.0
2020-07-07,2020-07-06,1,1,1,TX202007,False,-7600.0,0.0,0.0,0.0,0.0,-7600.0,10558999.339999998,False,-0.0007192474849718303,-0.0007192474849718744,-7600.0
2020-07-08,2020-07-07,1,1,1,TX202007,False,19600.0,0.0,0.0,0.0,0.0,19600.0,10578599.339999998,False,0.0018562365020471725,0.0,0.0
2020-07-09,2020-07-08,1,1,1,TX202007,False,4400.0,0.0,0.0,0.0,0.0,4400.0,10582999.339999998,False,0.00041593408149627497,0.0,0.0
2020-07-10,2020-07-09,1,1,1,TX202007,False,-29600.0,0.0,0.0,0.0,0.0,-29600.0,10553399.339999998,False,-0.0027969386606802914,-0.002796938660680315,-29600.0
2020-07-13,2020-07-10,1,1,1,TX202007,False,41200.0,0.0,0.0,0.0,0.0,41200.0,10594599.339999998,False,0.0039039553676171236,0.0,0.0
2020-07-14,2020-07-13,1,1,1,TX202008,True,-3400.0,100.0,96.88400000000001,1600.0,1796.884,-5196.884,10589402.455999998,False,-0.0004905219945769087,-0.0004905219945768868,-5196.883999999613
2020-07-15,2020-07-14,1,1,1,TX202008,False,9600.0,0.0,0.0,0.0,0.0,9600.0,10599002.455999998,False,0.0009065667340427317,0.0,0.0
2020-07-16,2020-07-15,1,1,1,TX202008,False,-9800.0,0.0,0.0,0.0,0.0,-9800.0,10589202.455999998,False,-0.0009246153155151228,-0.0009246153155151315,-9800.0
2020-07-17,2020-07-16,1,1,1,TX202008,False,1400.0,0.0,0.0,0.0,0.0,1400.0,10590602.455999998,False,0.00013221014574206572,-0.0007925274132987159,-8400.0
2020-07-20,2020-07-17,1,1,1,TX202008,False,-1600.0,0.0,0.0,0.0,0.0,-1600.0,10589002.455999998,False,-0.00015107733546296378,-0.0009434850158317465,-10000.0
2020-07-21,2020-07-20,1,1,1,TX202008,False,51600.0,0.0,0.0,0.0,0.0,51600.0,10640602.455999998,False,0.004872980265554866,0.0,0.0
2020-07-22,2020-07-21,1,1,1,TX202008,False,8400.0,0.0,0.0,0.0,0.0,8400.0,10649002.455999998,False,0.0007894289853168443,0.0,0.0
2020-07-23,2020-07-22,1,1,1,TX202008,False,-8600.0,0.0,0.0,0.0,0.0,-8600.0,10640402.455999998,False,-0.0008075873806522109,-0.0008075873806522305,-8600.0
2020-07-24,2020-07-23,1,1,1,TX202008,False,-27600.0,0.0,0.0,0.0,0.0,-27600.0,10612802.455999998,False,-0.00259388684912352,-0.003399379439489536,-36200.0
2020-07-27,2020-07-24,1,1,1,TX202008,False,70600.0,0.0,0.0,0.0,0.0,70600.0,10683402.455999998,False,0.006652342799435219,0.0,0.0
2020-07-28,2020-07-27,1,1,1,TX202008,False,-9200.0,0.0,0.0,0.0,0.0,-9200.0,10674202.455999998,False,-0.0008611488744237196,-0.0008611488744236784,-9200.0
2020-07-29,2020-07-28,1,1,1,TX202008,False,-6800.0,0.0,0.0,0.0,0.0,-6800.0,10667402.455999998,False,-0.0006370499368013861,-0.0014976502163890348,-16000.0
2020-07-30,2020-07-29,1,1,1,TX202008,False,34600.0,0.0,0.0,0.0,0.0,34600.0,10702002.455999998,False,0.0032435262607476527,0.0,0.0
2020-07-31,2020-07-30,1,1,1,TX202008,False,-3800.0,0.0,0.0,0.0,0.0,-3800.0,10698202.455999998,False,-0.00035507373649214203,-0.0003550737364921286,-3800.0
2020-08-03,2020-07-31,0,1,0,,False,-9200.0,50.0,50.108000000000004,800.0,900.108,-10100.108,10688102.348,False,-0.0009440939299419818,-0.001298832443474729,-13900.107999999076
2020-08-04,2020-08-03,1,0,1,TX202008,False,22600.0,50.0,50.080000000000005,800.0,900.08,21699.92,10709802.268,False,0.002030287444249687,0.0,0.0
2020-08-05,2020-08-04,1,1,1,TX202008,False,23000.0,0.0,0.0,0.0,0.0,23000.0,10732802.268,False,0.0021475653260865602,0.0,0.0
2020-08-06,2020-08-05,1,1,1,TX202008,False,18200.0,0.0,0.0,0.0,0.0,18200.0,10751002.268,False,0.0016957360757743163,0.0,0.0
2020-08-07,2020-08-06,1,1,1,TX202008,False,-14400.0,0.0,0.0,0.0,0.0,-14400.0,10736602.268,False,-0.0013394100048570467,-0.0013394100048570445,-14400.0
2020-08-10,2020-08-07,1,1,1,TX202008,False,18400.0,0.0,0.0,0.0,0.0,18400.0,10755002.268,False,0.0017137637718815796,0.0,0.0
2020-08-11,2020-08-10,1,1,1,TX202008,False,-23600.0,0.0,0.0,0.0,0.0,-23600.0,10731402.268,False,-0.0021943277566959228,-0.002194327756695924,-23600.0
2020-08-12,2020-08-11,0,1,0,,False,-7400.0,50.0,50.784000000000006,800.0,900.784,-8300.784,10723101.484,False,-0.0007735041323306026,-0.002966134567438994,-31900.783999999985
2020-08-13,2020-08-12,1,0,1,TX202008,False,-18600.0,50.0,51.28,800.0,901.28,-19501.28,10703600.204,False,-0.0018186230941764348,-0.004779363380790658,-51402.063999999315
2020-08-14,2020-08-13,1,1,1,TX202008,False,13000.0,0.0,0.0,0.0,0.0,13000.0,10716600.204,False,0.0012145446160388,-0.0035706235148140753,-38402.063999999315
2020-08-17,2020-08-14,1,1,1,TX202008,False,33400.0,0.0,0.0,0.0,0.0,33400.0,10750000.204,False,0.0031166600754158357,-0.0004650918591512232,-5002.063999999315
2020-08-18,2020-08-17,1,1,1,TX202009,True,-16000.0,100.0,102.82400000000001,1600.0,1802.824,-17802.824,10732197.38,False,-0.0016560766197358484,-0.002120398251132971,-22804.887999998406
2020-08-19,2020-08-18,1,1,1,TX202009,False,-16200.0,0.0,0.0,0.0,0.0,-16200.0,10715997.38,False,-0.0015094765243685818,-0.003626674084119208,-39004.887999998406
2020-08-20,2020-08-19,1,1,1,TX202009,False,-89000.0,0.0,0.0,0.0,0.0,-89000.0,10626997.38,False,-0.008305339843224187,-0.011901893166574085,-128004.8879999984
2020-08-21,2020-08-20,0,1,0,,False,32200.0,50.0,49.848000000000006,800.0,899.848,31300.152,10658297.532000002,False,0.0029453429676106683,-0.008991605356302834,-96704.7359999977
2020-08-24,2020-08-21,0,0,0,,False,0.0,0.0,0.0,0.0,0.0,0.0,10658297.532000002,False,0.0,-0.008991605356302834,-96704.7359999977
2020-08-25,2020-08-24,0,0,0,,False,0.0,0.0,0.0,0.0,0.0,0.0,10658297.532000002,False,0.0,-0.008991605356302834,-96704.7359999977
2020-08-26,2020-08-25,1,0,1,TX202009,False,12400.0,50.0,50.93600000000001,800.0,900.936,11499.064,10669796.596,False,0.001078883749067402,-0.007922422504132443,-85205.67199999839
2020-08-27,2020-08-26,1,1,1,TX202009,False,-6400.0,0.0,0.0,0.0,0.0,-6400.0,10663396.596,False,-0.0005998239931208525,-0.00851749443815164,-91605.67199999839
2020-08-28,2020-08-27,1,1,1,TX202009,False,-13800.0,0.0,0.0,0.0,0.0,-13800.0,10649596.596,False,-0.0012941467454353696,-0.009800618295880636,-105405.67199999839
2020-08-31,2020-08-28,0,1,0,,False,21800.0,50.0,51.184000000000005,800.0,901.184,20898.816,10670495.412,False,0.001962404473409783,-0.007857446599656925,-84506.85599999875
2020-09-01,2020-08-31,0,0,0,,False,0.0,0.0,0.0,0.0,0.0,0.0,10670495.412,False,0.0,-0.007857446599656925,-84506.85599999875
2020-09-02,2020-09-01,0,0,0,,False,0.0,0.0,0.0,0.0,0.0,0.0,10670495.412,False,0.0,-0.007857446599656925,-84506.85599999875
2020-09-03,2020-09-02,0,0,0,,False,0.0,0.0,0.0,0.0,0.0,0.0,10670495.412,False,0.0,-0.007857446599656925,-84506.85599999875
2020-09-04,2020-09-03,1,0,1,TX202009,False,9600.0,50.0,50.248000000000005,800.0,900.248,8699.752,10679195.164,False,0.0008153090989773812,-0.007048543748386926,-75807.10399999842
2020-09-07,2020-09-04,0,1,0,,False,400.0,50.0,50.416000000000004,800.0,900.4159999999999,-500.416,10678694.748000002,False,-4.6858961964373736e-05,-0.0070950724229078554,-76307.51999999769
2020-09-08,2020-09-07,0,0,0,,False,0.0,0.0,0.0,0.0,0.0,0.0,10678694.748000002,False,0.0,-0.0070950724229078554,-76307.51999999769
2020-09-09,2020-09-08,0,0,0,,False,0.0,0.0,0.0,0.0,0.0,0.0,10678694.748000002,False,0.0,-0.0070950724229078554,-76307.51999999769
2020-09-10,2020-09-09,0,0,0,,False,0.0,0.0,0.0,0.0,0.0,0.0,10678694.748000002,False,0.0,-0.0070950724229078554,-76307.51999999769
2020-09-11,2020-09-10,1,0,1,TX202009,False,600.0,50.0,50.648,800.0,900.648,-300.648,10678394.100000001,False,-2.8154002628112204e-05,-0.007123026670848298,-76608.16799999774
2020-09-14,2020-09-11,0,1,0,,False,6600.0,50.0,50.760000000000005,800.0,900.76,5699.24,10684093.340000002,False,0.0005337169565599755,-0.006593111394404549,-70908.92799999751
2020-09-15,2020-09-14,1,0,1,TX202010,True,14400.0,150.0,153.56400000000002,2400.0,2703.564,11696.436,10695789.776000002,False,0.0010947523227085546,-0.0055055768957088524,-59212.491999996826
2020-09-16,2020-09-15,1,1,1,TX202010,False,25200.0,0.0,0.0,0.0,0.0,25200.0,10720989.776000002,False,0.0023560672496149475,-0.003162481155508101,-34012.491999996826
2020-09-17,2020-09-16,1,1,1,TX202010,False,-17800.0,0.0,0.0,0.0,0.0,-17800.0,10703189.776000002,False,-0.001660294466453747,-0.004817524971999054,-51812.491999996826
2020-09-18,2020-09-17,1,1,1,TX202010,False,3800.0,0.0,0.0,0.0,0.0,3800.0,10706989.776000002,False,0.0003550343476596877,-0.004464201011175173,-48012.491999996826
2020-09-21,2020-09-18,1,1,1,TX202010,False,-35200.0,0.0,0.0,0.0,0.0,-35200.0,10671789.776000002,False,-0.003287572019439275,-0.007737096648280928,-83212.49199999683
2020-09-22,2020-09-21,0,1,0,,False,-6400.0,50.0,50.492000000000004,800.0,900.492,-7300.492,10664489.284000002,False,-0.0006840925611576626,-0.008415896319176608,-90512.98399999738
2020-09-23,2020-09-22,0,0,0,,False,0.0,0.0,0.0,0.0,0.0,0.0,10664489.284000002,False,0.0,-0.008415896319176608,-90512.98399999738
2020-09-24,2020-09-23,0,0,0,,False,0.0,0.0,0.0,0.0,0.0,0.0,10664489.284000002,False,0.0,-0.008415896319176608,-90512.98399999738
2020-09-25,2020-09-24,0,0,0,,False,0.0,0.0,0.0,0.0,0.0,0.0,10664489.284000002,False,0.0,-0.008415896319176608,-90512.98399999738
2020-09-28,2020-09-25,0,0,0,,False,0.0,0.0,0.0,0.0,0.0,0.0,10664489.284000002,False,0.0,-0.008415896319176608,-90512.98399999738
2020-09-29,2020-09-28,0,0,0,,False,0.0,0.0,0.0,0.0,0.0,0.0,10664489.284000002,False,0.0,-0.008415896319176608,-90512.98399999738
2020-09-30,2020-09-29,0,0,0,,False,0.0,0.0,0.0,0.0,0.0,0.0,10664489.284000002,False,0.0,-0.008415896319176608,-90512.98399999738
2020-10-05,2020-09-30,0,0,0,,False,0.0,0.0,0.0,0.0,0.0,0.0,10664489.284000002,False,0.0,-0.008415896319176608,-90512.98399999738
2020-10-06,2020-10-05,0,0,0,,False,0.0,0.0,0.0,0.0,0.0,0.0,10664489.284000002,False,0.0,-0.008415896319176608,-90512.98399999738
2020-10-07,2020-10-06,1,0,1,TX202010,False,27000.0,50.0,50.496,800.0,900.496,26099.504,10690588.788000003,False,0.002447328072161622,-0.005989164706329264,-64413.47999999672
2020-10-08,2020-10-07,1,1,1,TX202010,False,23600.0,0.0,0.0,0.0,0.0,23600.0,10714188.788000003,False,0.0022075491320450546,-0.00379483694963334,-40813.47999999672
2020-10-12,2020-10-08,1,1,1,TX202010,False,9400.0,0.0,0.0,0.0,0.0,9400.0,10723588.788000003,False,0.000877341270160191,-0.0029208250465425634,-31413.47999999672
2020-10-13,2020-10-12,1,1,1,TX202010,False,-200.0,0.0,0.0,0.0,0.0,-200.0,10723388.788000003,False,-1.8650472705910323e-05,-0.002939421044480639,-31613.47999999672
2020-10-14,2020-10-13,1,1,1,TX202010,False,-6200.0,0.0,0.0,0.0,0.0,-6200.0,10717188.788000003,False,-0.0005781754371284294,-0.0035158969805618723,-37813.47999999672
2020-10-15,2020-10-14,1,1,1,TX202010,False,-9600.0,0.0,0.0,0.0,0.0,-9600.0,10707588.788000003,False,-0.0008957572913849465,-0.004408504881590725,-47413.47999999672
2020-10-16,2020-10-15,1,1,1,TX202010,False,-19000.0,0.0,0.0,0.0,0.0,-19000.0,10688588.788000003,False,-0.0017744424422885296,-0.006175124685710243,-66413.47999999672
2020-10-19,2020-10-16,1,1,1,TX202010,False,30200.0,0.0,0.0,0.0,0.0,30200.0,10718788.788000003,False,0.0028254431524117863,-0.003367128997057045,-36213.47999999672
2020-10-20,2020-10-19,0,1,0,,False,-800.0,50.0,51.55200000000001,800.0,901.552,-1701.5520000000001,10717087.236000003,False,-0.0001587448016426014,-0.003525339284474849,-37915.03199999593
2020-10-21,2020-10-20,1,0,1,TX202011,False,-2800.0,50.0,51.29600000000001,800.0,901.296,-3701.296,10713385.940000003,False,-0.0003453639891599366,-0.0038694857483962952,-41616.32799999602
2020-10-22,2020-10-21,1,1,1,TX202011,False,6200.0,0.0,0.0,0.0,0.0,6200.0,10719585.940000003,False,0.0005787152665574557,-0.003293009812315173,-35416.32799999602
2020-10-23,2020-10-22,1,1,1,TX202011,False,400.0,0.0,0.0,0.0,0.0,400.0,10719985.940000003,False,3.731487412283388e-05,-0.0032558178164390217,-35016.32799999602
2020-10-26,2020-10-23,1,1,1,TX202011,False,3800.0,0.0,0.0,0.0,0.0,3800.0,10723785.940000003,False,0.00035447807686210444,-0.0029024938556150293,-31216.32799999602
2020-10-27,2020-10-26,1,1,1,TX202011,False,-10200.0,0.0,0.0,0.0,0.0,-10200.0,10713585.940000003,False,-0.000951156621091599,-0.0038508897504582196,-41416.32799999602
2020-10-28,2020-10-27,1,1,1,TX202011,False,-13600.0,0.0,0.0,0.0,0.0,-13600.0,10699985.940000003,False,-0.0012694162417854274,-0.005115417610249029,-55016.32799999602
2020-10-29,2020-10-28,0,1,0,,False,-28200.0,50.0,50.376000000000005,800.0,900.376,-29100.376,10670885.564000003,False,-0.0027196648821017043,-0.007821170270718936,-84116.70399999619
2020-10-30,2020-10-29,0,0,0,,False,0.0,0.0,0.0,0.0,0.0,0.0,10670885.564000003,False,0.0,-0.007821170270718936,-84116.70399999619
2020-11-02,2020-10-30,0,0,0,,False,0.0,0.0,0.0,0.0,0.0,0.0,10670885.564000003,False,0.0,-0.007821170270718936,-84116.70399999619
2020-11-03,2020-11-02,0,0,0,,False,0.0,0.0,0.0,0.0,0.0,0.0,10670885.564000003,False,0.0,-0.007821170270718936,-84116.70399999619
2020-11-04,2020-11-03,0,0,0,,False,0.0,0.0,0.0,0.0,0.0,0.0,10670885.564000003,False,0.0,-0.007821170270718936,-84116.70399999619
2020-11-05,2020-11-04,1,0,1,TX202011,False,-6800.0,50.0,51.712,800.0,901.712,-7701.712,10663183.852000004,False,-0.0007217500322543988,-0.008537275373078135,-91818.41599999554
2020-11-06,2020-11-05,1,1,1,TX202011,False,9200.0,0.0,0.0,0.0,0.0,9200.0,10672383.852000004,False,0.000862781710199476,-0.007681859467925434,-82618.41599999554
2020-11-09,2020-11-06,1,1,1,TX202011,False,37000.0,0.0,0.0,0.0,0.0,37000.0,10709383.852000004,False,0.003466891794101484,-0.004241599849376776,-45618.415999995545
2020-11-10,2020-11-09,1,1,1,TX202011,False,-10000.0,0.0,0.0,0.0,0.0,-10000.0,10699383.852000004,False,-0.0009337605354515774,-0.0051713997462817796,-55618.415999995545
2020-11-11,2020-11-10,1,1,1,TX202011,False,38400.0,0.0,0.0,0.0,0.0,38400.0,10737783.852000004,False,0.003588991714959549,-0.0016009681421663702,-17218.415999995545
2020-11-12,2020-11-11,1,1,1,TX202011,False,-6600.0,0.0,0.0,0.0,0.0,-6600.0,10731183.852000004,False,-0.0006146519701801125,-0.0022146360741237547,-23818.415999995545
2020-11-13,2020-11-12,1,1,1,TX202011,False,10800.0,0.0,0.0,0.0,0.0,10800.0,10741983.852000004,False,0.0010064127265872135,-0.0012104521854663375,-13018.415999995545
2020-11-16,2020-11-13,1,1,1,TX202011,False,59400.0,0.0,0.0,0.0,0.0,59400.0,10801383.852000004,False,0.005529704830913572,0.0,0.0
2020-11-17,2020-11-16,1,1,1,TX202012,True,8800.0,100.0,108.82400000000001,1600.0,1808.824,6991.1759999999995,10808375.028000005,False,0.0006472481763256197,0.0,0.0
2020-11-18,2020-11-17,1,1,1,TX202012,False,27200.0,0.0,0.0,0.0,0.0,27200.0,10835575.028000005,False,0.0025165670074859645,0.0,0.0
2020-11-19,2020-11-18,1,1,1,TX202012,False,4600.0,0.0,0.0,0.0,0.0,4600.0,10840175.028000005,False,0.00042452753897354105,0.0,0.0
2020-11-20,2020-11-19,1,1,1,TX202012,False,-800.0,0.0,0.0,0.0,0.0,-800.0,10839375.028000005,False,-7.379954640341252e-05,-7.379954640340802e-05,-800.0
2020-11-23,2020-11-20,1,1,1,TX202012,False,27800.0,0.0,0.0,0.0,0.0,27800.0,10867175.028000005,False,0.002564723512950491,0.0,0.0
2020-11-24,2020-11-23,0,1,0,,False,9200.0,50.0,55.668000000000006,800.0,905.668,8294.332,10875469.360000005,False,0.0007632463799128198,0.0,0.0
2020-11-25,2020-11-24,1,0,1,TX202012,False,-35400.0,50.0,55.56,800.0,905.56,-36305.56,10839163.800000004,False,-0.003338298219434272,-0.0033382982194343214,-36305.56000000052
2020-11-26,2020-11-25,1,1,1,TX202012,False,26400.0,0.0,0.0,0.0,0.0,26400.0,10865563.800000004,False,0.0024356122379108236,-0.0009108167815204959,-9905.560000000522
2020-11-27,2020-11-26,1,1,1,TX202012,False,7400.0,0.0,0.0,0.0,0.0,7400.0,10872963.800000004,False,0.0006810507154723068,-0.00023038637846894972,-2505.5600000005215
2020-11-30,2020-11-27,1,1,1,TX202012,False,-31200.0,0.0,0.0,0.0,0.0,-31200.0,10841763.800000004,False,-0.002869502793709291,-0.003099228077821592,-33705.56000000052
2020-12-01,2020-11-30,1,1,1,TX202012,False,31000.0,0.0,0.0,0.0,0.0,31000.0,10872763.800000004,False,0.0028593133526852877,-0.00024877638936227076,-2705.5600000005215
2020-12-02,2020-12-01,0,1,0,,False,11000.0,50.0,55.712,800.0,905.712,10094.288,10882858.088000005,False,0.0009284012957220681,0.0,0.0
2020-12-03,2020-12-02,0,0,0,,False,0.0,0.0,0.0,0.0,0.0,0.0,10882858.088000005,False,0.0,0.0,0.0
2020-12-04,2020-12-03,0,0,0,,False,0.0,0.0,0.0,0.0,0.0,0.0,10882858.088000005,False,0.0,0.0,0.0
2020-12-07,2020-12-04,0,0,0,,False,0.0,0.0,0.0,0.0,0.0,0.0,10882858.088000005,False,0.0,0.0,0.0
2020-12-08,2020-12-07,0,0,0,,False,0.0,0.0,0.0,0.0,0.0,0.0,10882858.088000005,False,0.0,0.0,0.0
2020-12-09,2020-12-08,0,0,0,,False,0.0,0.0,0.0,0.0,0.0,0.0,10882858.088000005,False,0.0,0.0,0.0
2020-12-10,2020-12-09,0,0,0,,False,0.0,0.0,0.0,0.0,0.0,0.0,10882858.088000005,False,0.0,0.0,0.0
2020-12-11,2020-12-10,0,0,0,,False,0.0,0.0,0.0,0.0,0.0,0.0,10882858.088000005,False,0.0,0.0,0.0
2020-12-14,2020-12-11,0,0,0,,False,0.0,0.0,0.0,0.0,0.0,0.0,10882858.088000005,False,0.0,0.0,0.0
2020-12-15,2020-12-14,0,0,0,,False,0.0,0.0,0.0,0.0,0.0,0.0,10882858.088000005,False,0.0,0.0,0.0
2020-12-16,2020-12-15,0,0,0,,False,0.0,0.0,0.0,0.0,0.0,0.0,10882858.088000005,False,0.0,0.0,0.0
2020-12-17,2020-12-16,0,0,0,,False,0.0,0.0,0.0,0.0,0.0,0.0,10882858.088000005,False,0.0,0.0,0.0
2020-12-18,2020-12-17,0,0,0,,False,0.0,0.0,0.0,0.0,0.0,0.0,10882858.088000005,False,0.0,0.0,0.0
2020-12-21,2020-12-18,0,0,0,,False,0.0,0.0,0.0,0.0,0.0,0.0,10882858.088000005,False,0.0,0.0,0.0
2020-12-22,2020-12-21,0,0,0,,False,0.0,0.0,0.0,0.0,0.0,0.0,10882858.088000005,False,0.0,0.0,0.0
2020-12-23,2020-12-22,0,0,0,,False,0.0,0.0,0.0,0.0,0.0,0.0,10882858.088000005,False,0.0,0.0,0.0
2020-12-24,2020-12-23,0,0,0,,False,0.0,0.0,0.0,0.0,0.0,0.0,10882858.088000005,False,0.0,0.0,0.0
2020-12-25,2020-12-24,0,0,0,,False,0.0,0.0,0.0,0.0,0.0,0.0,10882858.088000005,False,0.0,0.0,0.0
2020-12-28,2020-12-25,0,0,0,,False,0.0,0.0,0.0,0.0,0.0,0.0,10882858.088000005,False,0.0,0.0,0.0
2020-12-29,2020-12-28,0,0,0,,False,0.0,0.0,0.0,0.0,0.0,0.0,10882858.088000005,False,0.0,0.0,0.0
2020-12-30,2020-12-29,0,0,0,,False,0.0,0.0,0.0,0.0,0.0,0.0,10882858.088000005,False,0.0,0.0,0.0
2020-12-31,2020-12-30,0,0,0,,False,0.0,0.0,0.0,0.0,0.0,0.0,10882858.088000005,False,0.0,0.0,0.0
2021-01-04,2020-12-31,0,0,0,,False,0.0,0.0,0.0,0.0,0.0,0.0,10882858.088000005,False,0.0,0.0,0.0
2021-01-05,2021-01-04,0,0,0,,False,0.0,0.0,0.0,0.0,0.0,0.0,10882858.088000005,False,0.0,0.0,0.0
2021-01-06,2021-01-05,1,0,1,TX202101,False,-27400.0,50.0,60.208000000000006,800.0,910.208,-28310.208,10854547.880000005,False,-0.002601357820811454,-0.0026013578208115007,-28310.208000000566
2021-01-07,2021-01-06,1,1,1,TX202101,False,63800.0,0.0,0.0,0.0,0.0,63800.0,10918347.880000005,False,0.005877720629668453,0.0,0.0
2021-01-08,2021-01-07,1,1,1,TX202101,False,44800.0,0.0,0.0,0.0,0.0,44800.0,10963147.880000005,False,0.00410318488588037,0.0,0.0
2021-01-11,2021-01-08,1,1,1,TX202101,False,16000.0,0.0,0.0,0.0,0.0,16000.0,10979147.880000005,False,0.0014594348425408627,0.0,0.0
2021-01-12,2021-01-11,1,1,1,TX202101,False,-8200.0,0.0,0.0,0.0,0.0,-8200.0,10970947.880000005,False,-0.0007468703481931785,-0.0007468703481932071,-8200.0
2021-01-13,2021-01-12,1,1,1,TX202101,False,54200.0,0.0,0.0,0.0,0.0,54200.0,11025147.880000005,False,0.0049403206170367826,0.0,0.0
2021-01-14,2021-01-13,1,1,1,TX202101,False,-7000.0,0.0,0.0,0.0,0.0,-7000.0,11018147.880000005,False,-0.0006349121187479253,-0.0006349121187478879,-7000.0
2021-01-15,2021-01-14,0,1,0,,False,44200.0,50.0,63.784000000000006,800.0,913.784,43286.216,11061434.096000005,False,0.003928629064651834,0.0,0.0
2021-01-18,2021-01-15,1,0,1,TX202101,False,-6200.0,50.0,62.56400000000001,800.0,912.564,-7112.564,11054321.532000005,False,-0.0006430055938743078,-0.0006430055938742019,-7112.563999999315
2021-01-19,2021-01-18,1,1,1,TX202102,True,56400.0,100.0,126.94000000000001,1600.0,1826.94,54573.06,11108894.592000006,False,0.004936807730987571,0.0,0.0
2021-01-20,2021-01-19,0,1,0,,False,-400.0,50.0,63.364000000000004,800.0,913.364,-1313.364,11107581.228000006,False,-0.00011822634458569893,-0.00011822634458569237,-1313.3640000000596
2021-01-21,2021-01-20,0,0,0,,False,0.0,0.0,0.0,0.0,0.0,0.0,11107581.228000006,False,0.0,-0.00011822634458569237,-1313.3640000000596
2021-01-22,2021-01-21,1,0,1,TX202102,False,-13400.0,50.0,64.22,800.0,914.22,-14314.22,11093267.008000005,False,-0.0012886892030027827,-0.0014067631905747557,-15627.58400000073
2021-01-25,2021-01-22,0,1,0,,False,-5600.0,50.0,63.80800000000001,800.0,913.808,-6513.808,11086753.200000005,False,-0.0005871857222315582,-0.0019931228815462942,-22141.392000000924
2021-01-26,2021-01-25,0,0,0,,False,0.0,0.0,0.0,0.0,0.0,0.0,11086753.200000005,False,0.0,-0.0019931228815462942,-22141.392000000924
2021-01-27,2021-01-26,0,0,0,,False,0.0,0.0,0.0,0.0,0.0,0.0,11086753.200000005,False,0.0,-0.0019931228815462942,-22141.392000000924
2021-01-28,2021-01-27,0,0,0,,False,0.0,0.0,0.0,0.0,0.0,0.0,11086753.200000005,False,0.0,-0.0019931228815462942,-22141.392000000924
2021-01-29,2021-01-28,0,0,0,,False,0.0,0.0,0.0,0.0,0.0,0.0,11086753.200000005,False,0.0,-0.0019931228815462942,-22141.392000000924
2021-02-01,2021-01-29,0,0,0,,False,0.0,0.0,0.0,0.0,0.0,0.0,11086753.200000005,False,0.0,-0.0019931228815462942,-22141.392000000924
2021-02-02,2021-02-01,0,0,0,,False,0.0,0.0,0.0,0.0,0.0,0.0,11086753.200000005,False,0.0,-0.0019931228815462942,-22141.392000000924
2021-02-03,2021-02-02,0,0,0,,False,0.0,0.0,0.0,0.0,0.0,0.0,11086753.200000005,False,0.0,-0.0019931228815462942,-22141.392000000924
2021-02-04,2021-02-03,0,0,0,,False,0.0,0.0,0.0,0.0,0.0,0.0,11086753.200000005,False,0.0,-0.0019931228815462942,-22141.392000000924
2021-02-05,2021-02-04,0,0,0,,False,0.0,0.0,0.0,0.0,0.0,0.0,11086753.200000005,False,0.0,-0.0019931228815462942,-22141.392000000924
2021-02-17,2021-02-05,0,0,0,,False,0.0,0.0,0.0,0.0,0.0,0.0,11086753.200000005,False,0.0,-0.0019931228815462942,-22141.392000000924
2021-02-18,2021-02-17,0,0,0,,False,0.0,0.0,0.0,0.0,0.0,0.0,11086753.200000005,False,0.0,-0.0019931228815462942,-22141.392000000924
2021-02-19,2021-02-18,0,0,0,,False,0.0,0.0,0.0,0.0,0.0,0.0,11086753.200000005,False,0.0,-0.0019931228815462942,-22141.392000000924
2021-02-22,2021-02-19,0,0,0,,False,0.0,0.0,0.0,0.0,0.0,0.0,11086753.200000005,False,0.0,-0.0019931228815462942,-22141.392000000924
2021-02-23,2021-02-22,0,0,0,,False,0.0,0.0,0.0,0.0,0.0,0.0,11086753.200000005,False,0.0,-0.0019931228815462942,-22141.392000000924
2021-02-24,2021-02-23,0,0,0,,False,0.0,0.0,0.0,0.0,0.0,0.0,11086753.200000005,False,0.0,-0.0019931228815462942,-22141.392000000924
2021-02-25,2021-02-24,0,0,0,,False,0.0,0.0,0.0,0.0,0.0,0.0,11086753.200000005,False,0.0,-0.0019931228815462942,-22141.392000000924
2021-02-26,2021-02-25,0,0,0,,False,0.0,0.0,0.0,0.0,0.0,0.0,11086753.200000005,False,0.0,-0.0019931228815462942,-22141.392000000924
2021-03-02,2021-02-26,0,0,0,,False,0.0,0.0,0.0,0.0,0.0,0.0,11086753.200000005,False,0.0,-0.0019931228815462942,-22141.392000000924
2021-03-03,2021-03-02,0,0,0,,False,0.0,0.0,0.0,0.0,0.0,0.0,11086753.200000005,False,0.0,-0.0019931228815462942,-22141.392000000924
2021-03-04,2021-03-03,0,0,0,,False,0.0,0.0,0.0,0.0,0.0,0.0,11086753.200000005,False,0.0,-0.0019931228815462942,-22141.392000000924
2021-03-05,2021-03-04,0,0,0,,False,0.0,0.0,0.0,0.0,0.0,0.0,11086753.200000005,False,0.0,-0.0019931228815462942,-22141.392000000924
2021-03-08,2021-03-05,0,0,0,,False,0.0,0.0,0.0,0.0,0.0,0.0,11086753.200000005,False,0.0,-0.0019931228815462942,-22141.392000000924
2021-03-09,2021-03-08,0,0,0,,False,0.0,0.0,0.0,0.0,0.0,0.0,11086753.200000005,False,0.0,-0.0019931228815462942,-22141.392000000924
2021-03-10,2021-03-09,0,0,0,,False,0.0,0.0,0.0,0.0,0.0,0.0,11086753.200000005,False,0.0,-0.0019931228815462942,-22141.392000000924
2021-03-11,2021-03-10,0,0,0,,False,0.0,0.0,0.0,0.0,0.0,0.0,11086753.200000005,False,0.0,-0.0019931228815462942,-22141.392000000924
2021-03-12,2021-03-11,0,0,0,,False,0.0,0.0,0.0,0.0,0.0,0.0,11086753.200000005,False,0.0,-0.0019931228815462942,-22141.392000000924
2021-03-15,2021-03-12,0,0,0,,False,0.0,0.0,0.0,0.0,0.0,0.0,11086753.200000005,False,0.0,-0.0019931228815462942,-22141.392000000924
2021-03-16,2021-03-15,0,0,0,,False,0.0,0.0,0.0,0.0,0.0,0.0,11086753.200000005,False,0.0,-0.0019931228815462942,-22141.392000000924
2021-03-17,2021-03-16,0,0,0,,False,0.0,0.0,0.0,0.0,0.0,0.0,11086753.200000005,False,0.0,-0.0019931228815462942,-22141.392000000924
2021-03-18,2021-03-17,0,0,0,,False,0.0,0.0,0.0,0.0,0.0,0.0,11086753.200000005,False,0.0,-0.0019931228815462942,-22141.392000000924
2021-03-19,2021-03-18,0,0,0,,False,0.0,0.0,0.0,0.0,0.0,0.0,11086753.200000005,False,0.0,-0.0019931228815462942,-22141.392000000924
2021-03-22,2021-03-19,0,0,0,,False,0.0,0.0,0.0,0.0,0.0,0.0,11086753.200000005,False,0.0,-0.0019931228815462942,-22141.392000000924
2021-03-23,2021-03-22,0,0,0,,False,0.0,0.0,0.0,0.0,0.0,0.0,11086753.200000005,False,0.0,-0.0019931228815462942,-22141.392000000924
2021-03-24,2021-03-23,0,0,0,,False,0.0,0.0,0.0,0.0,0.0,0.0,11086753.200000005,False,0.0,-0.0019931228815462942,-22141.392000000924
2021-03-25,2021-03-24,0,0,0,,False,0.0,0.0,0.0,0.0,0.0,0.0,11086753.200000005,False,0.0,-0.0019931228815462942,-22141.392000000924
2021-03-26,2021-03-25,0,0,0,,False,0.0,0.0,0.0,0.0,0.0,0.0,11086753.200000005,False,0.0,-0.0019931228815462942,-22141.392000000924
2021-03-29,2021-03-26,1,0,1,TX202104,False,8200.0,50.0,65.49600000000001,800.0,915.496,7284.504,11094037.704000005,False,0.0006570457435635887,-0.0013373867108883442,-14856.888000000268
2021-03-30,2021-03-29,1,1,1,TX202104,False,21600.0,0.0,0.0,0.0,0.0,21600.0,11115637.704000005,False,0.0019469917604671581,0.0,0.0
2021-03-31,2021-03-30,1,1,1,TX202104,False,-19400.0,0.0,0.0,0.0,0.0,-19400.0,11096237.704000005,False,-0.0017452889808579164,-0.0017452889808579064,-19400.0
2021-04-01,2021-03-31,0,1,0,,False,22600.0,50.0,66.12400000000001,800.0,916.124,21683.876,11117921.580000006,False,0.0019541646978401815,0.0,0.0
2021-04-06,2021-04-01,1,0,1,TX202104,False,-5800.0,50.0,67.05600000000001,800.0,917.056,-6717.056,11111204.524000006,False,-0.0006041647219461676,-0.0006041647219461321,-6717.055999999866
2021-04-07,2021-04-06,1,1,1,TX202104,False,7400.0,0.0,0.0,0.0,0.0,7400.0,11118604.524000006,False,0.0006659944008785124,0.0,0.0
2021-04-08,2021-04-07,0,1,0,,False,-10600.0,50.0,66.84400000000001,800.0,916.844,-11516.844,11107087.680000005,False,-0.0010358173973307868,-0.0010358173973308293,-11516.844000000507
2021-04-09,2021-04-08,0,0,0,,False,0.0,0.0,0.0,0.0,0.0,0.0,11107087.680000005,False,0.0,-0.0010358173973308293,-11516.844000000507
2021-04-12,2021-04-09,0,0,0,,False,0.0,0.0,0.0,0.0,0.0,0.0,11107087.680000005,False,0.0,-0.0010358173973308293,-11516.844000000507
2021-04-13,2021-04-12,0,0,0,,False,0.0,0.0,0.0,0.0,0.0,0.0,11107087.680000005,False,0.0,-0.0010358173973308293,-11516.844000000507
2021-04-14,2021-04-13,0,0,0,,False,0.0,0.0,0.0,0.0,0.0,0.0,11107087.680000005,False,0.0,-0.0010358173973308293,-11516.844000000507
2021-04-15,2021-04-14,0,0,0,,False,0.0,0.0,0.0,0.0,0.0,0.0,11107087.680000005,False,0.0,-0.0010358173973308293,-11516.844000000507
2021-04-16,2021-04-15,0,0,0,,False,0.0,0.0,0.0,0.0,0.0,0.0,11107087.680000005,False,0.0,-0.0010358173973308293,-11516.844000000507
2021-04-19,2021-04-16,1,0,1,TX202104,False,30600.0,50.0,68.488,800.0,918.488,29681.512,11136769.192000005,False,0.0026723037447022283,0.0,0.0
2021-04-20,2021-04-19,1,1,1,TX202105,True,9600.0,100.0,138.3,1600.0,1838.3,7761.700000000001,11144530.892000005,False,0.0006969435988289625,0.0,0.0
2021-04-21,2021-04-20,1,1,1,TX202105,False,-23600.0,0.0,0.0,0.0,0.0,-23600.0,11120930.892000005,False,-0.002117630632343712,-0.0021176306323437144,-23600.0
2021-04-22,2021-04-21,0,1,0,,False,24000.0,50.0,69.016,800.0,919.016,23080.984,11144011.876000004,False,0.002075454314404887,-4.657136357111291e-05,-519.01600000076
2021-04-23,2021-04-22,0,0,0,,False,0.0,0.0,0.0,0.0,0.0,0.0,11144011.876000004,False,0.0,-4.657136357111291e-05,-519.01600000076
2021-04-26,2021-04-23,0,0,0,,False,0.0,0.0,0.0,0.0,0.0,0.0,11144011.876000004,False,0.0,-4.657136357111291e-05,-519.01600000076
2021-04-27,2021-04-26,0,0,0,,False,0.0,0.0,0.0,0.0,0.0,0.0,11144011.876000004,False,0.0,-4.657136357111291e-05,-519.01600000076
2021-04-28,2021-04-27,0,0,0,,False,0.0,0.0,0.0,0.0,0.0,0.0,11144011.876000004,False,0.0,-4.657136357111291e-05,-519.01600000076
2021-04-29,2021-04-28,0,0,0,,False,0.0,0.0,0.0,0.0,0.0,0.0,11144011.876000004,False,0.0,-4.657136357111291e-05,-519.01600000076
2021-05-03,2021-04-29,0,0,0,,False,0.0,0.0,0.0,0.0,0.0,0.0,11144011.876000004,False,0.0,-4.657136357111291e-05,-519.01600000076
2021-05-04,2021-05-03,0,0,0,,False,0.0,0.0,0.0,0.0,0.0,0.0,11144011.876000004,False,0.0,-4.657136357111291e-05,-519.01600000076
2021-05-05,2021-05-04,0,0,0,,False,0.0,0.0,0.0,0.0,0.0,0.0,11144011.876000004,False,0.0,-4.657136357111291e-05,-519.01600000076
2021-05-06,2021-05-05,0,0,0,,False,0.0,0.0,0.0,0.0,0.0,0.0,11144011.876000004,False,0.0,-4.657136357111291e-05,-519.01600000076
2021-05-07,2021-05-06,0,0,0,,False,0.0,0.0,0.0,0.0,0.0,0.0,11144011.876000004,False,0.0,-4.657136357111291e-05,-519.01600000076
2021-05-10,2021-05-07,0,0,0,,False,0.0,0.0,0.0,0.0,0.0,0.0,11144011.876000004,False,0.0,-4.657136357111291e-05,-519.01600000076
2021-05-11,2021-05-10,0,0,0,,False,0.0,0.0,0.0,0.0,0.0,0.0,11144011.876000004,False,0.0,-4.657136357111291e-05,-519.01600000076
2021-05-12,2021-05-11,0,0,0,,False,0.0,0.0,0.0,0.0,0.0,0.0,11144011.876000004,False,0.0,-4.657136357111291e-05,-519.01600000076
2021-05-13,2021-05-12,0,0,0,,False,0.0,0.0,0.0,0.0,0.0,0.0,11144011.876000004,False,0.0,-4.657136357111291e-05,-519.01600000076
2021-05-14,2021-05-13,0,0,0,,False,0.0,0.0,0.0,0.0,0.0,0.0,11144011.876000004,False,0.0,-4.657136357111291e-05,-519.01600000076
2021-05-17,2021-05-14,0,0,0,,False,0.0,0.0,0.0,0.0,0.0,0.0,11144011.876000004,False,0.0,-4.657136357111291e-05,-519.01600000076
2021-05-18,2021-05-17,0,0,0,,False,0.0,0.0,0.0,0.0,0.0,0.0,11144011.876000004,False,0.0,-4.657136357111291e-05,-519.01600000076
2021-05-19,2021-05-18,0,0,0,,False,0.0,0.0,0.0,0.0,0.0,0.0,11144011.876000004,False,0.0,-4.657136357111291e-05,-519.01600000076
2021-05-20,2021-05-19,0,0,0,,False,0.0,0.0,0.0,0.0,0.0,0.0,11144011.876000004,False,0.0,-4.657136357111291e-05,-519.01600000076
2021-05-21,2021-05-20,0,0,0,,False,0.0,0.0,0.0,0.0,0.0,0.0,11144011.876000004,False,0.0,-4.657136357111291e-05,-519.01600000076
2021-05-24,2021-05-21,0,0,0,,False,0.0,0.0,0.0,0.0,0.0,0.0,11144011.876000004,False,0.0,-4.657136357111291e-05,-519.01600000076
2021-05-25,2021-05-24,0,0,0,,False,0.0,0.0,0.0,0.0,0.0,0.0,11144011.876000004,False,0.0,-4.657136357111291e-05,-519.01600000076
2021-05-26,2021-05-25,0,0,0,,False,0.0,0.0,0.0,0.0,0.0,0.0,11144011.876000004,False,0.0,-4.657136357111291e-05,-519.01600000076
2021-05-27,2021-05-26,1,0,1,TX202106,False,-11800.0,50.0,66.388,800.0,916.388,-12716.388,11131295.488000004,False,-0.001141096056025057,-0.0011876142771969356,-13235.404000001028
2021-05-28,2021-05-27,1,1,1,TX202106,False,65800.0,0.0,0.0,0.0,0.0,65800.0,11197095.488000004,False,0.005911261638048789,0.0,0.0
2021-05-31,2021-05-28,0,1,0,,False,5600.0,50.0,67.548,800.0,917.548,4682.452,11201777.940000003,False,0.000418184519817502,0.0,0.0
2021-06-01,2021-05-31,1,0,1,TX202106,False,16000.0,50.0,68.21600000000001,800.0,918.216,15081.784,11216859.724000003,False,0.0013463741274628406,0.0,0.0
2021-06-02,2021-06-01,1,1,1,TX202106,False,-6400.0,0.0,0.0,0.0,0.0,-6400.0,11210459.724000003,False,-0.0005705696743542514,-0.0005705696743542044,-6400.0
2021-06-03,2021-06-02,1,1,1,TX202106,False,26400.0,0.0,0.0,0.0,0.0,26400.0,11236859.724000003,False,0.0023549435660949166,0.0,0.0
2021-06-04,2021-06-03,1,1,1,TX202106,False,-26000.0,0.0,0.0,0.0,0.0,-26000.0,11210859.724000003,False,-0.0023138137022809375,-0.002313813702280898,-26000.0
2021-06-07,2021-06-04,1,1,1,TX202106,False,-2000.0,0.0,0.0,0.0,0.0,-2000.0,11208859.724000003,False,-0.00017839845018472906,-0.002491799371687198,-28000.0
2021-06-08,2021-06-07,1,1,1,TX202106,False,0.0,0.0,0.0,0.0,0.0,0.0,11208859.724000003,False,0.0,-0.002491799371687198,-28000.0
2021-06-09,2021-06-08,0,1,0,,False,-18600.0,50.0,67.97200000000001,800.0,917.972,-19517.972,11189341.752000004,False,-0.001741298622750076,-0.004228759027623097,-47517.971999999136
2021-06-10,2021-06-09,0,0,0,,False,0.0,0.0,0.0,0.0,0.0,0.0,11189341.752000004,False,0.0,-0.004228759027623097,-47517.971999999136
2021-06-11,2021-06-10,0,0,0,,False,0.0,0.0,0.0,0.0,0.0,0.0,11189341.752000004,False,0.0,-0.004228759027623097,-47517.971999999136
2021-06-15,2021-06-11,0,0,0,,False,0.0,0.0,0.0,0.0,0.0,0.0,11189341.752000004,False,0.0,-0.004228759027623097,-47517.971999999136
2021-06-16,2021-06-15,0,0,0,,False,0.0,0.0,0.0,0.0,0.0,0.0,11189341.752000004,False,0.0,-0.004228759027623097,-47517.971999999136
2021-06-17,2021-06-16,0,0,0,,False,0.0,0.0,0.0,0.0,0.0,0.0,11189341.752000004,False,0.0,-0.004228759027623097,-47517.971999999136
2021-06-18,2021-06-17,0,0,0,,False,0.0,0.0,0.0,0.0,0.0,0.0,11189341.752000004,False,0.0,-0.004228759027623097,-47517.971999999136
2021-06-21,2021-06-18,0,0,0,,False,0.0,0.0,0.0,0.0,0.0,0.0,11189341.752000004,False,0.0,-0.004228759027623097,-47517.971999999136
2021-06-22,2021-06-21,0,0,0,,False,0.0,0.0,0.0,0.0,0.0,0.0,11189341.752000004,False,0.0,-0.004228759027623097,-47517.971999999136
2021-06-23,2021-06-22,0,0,0,,False,0.0,0.0,0.0,0.0,0.0,0.0,11189341.752000004,False,0.0,-0.004228759027623097,-47517.971999999136
2021-06-24,2021-06-23,0,0,0,,False,0.0,0.0,0.0,0.0,0.0,0.0,11189341.752000004,False,0.0,-0.004228759027623097,-47517.971999999136
2021-06-25,2021-06-24,0,0,0,,False,0.0,0.0,0.0,0.0,0.0,0.0,11189341.752000004,False,0.0,-0.004228759027623097,-47517.971999999136
2021-06-28,2021-06-25,0,0,0,,False,0.0,0.0,0.0,0.0,0.0,0.0,11189341.752000004,False,0.0,-0.004228759027623097,-47517.971999999136
2021-06-29,2021-06-28,0,0,0,,False,0.0,0.0,0.0,0.0,0.0,0.0,11189341.752000004,False,0.0,-0.004228759027623097,-47517.971999999136
2021-06-30,2021-06-29,0,0,0,,False,0.0,0.0,0.0,0.0,0.0,0.0,11189341.752000004,False,0.0,-0.004228759027623097,-47517.971999999136
2021-07-01,2021-06-30,0,0,0,,False,0.0,0.0,0.0,0.0,0.0,0.0,11189341.752000004,False,0.0,-0.004228759027623097,-47517.971999999136
2021-07-02,2021-07-01,0,0,0,,False,0.0,0.0,0.0,0.0,0.0,0.0,11189341.752000004,False,0.0,-0.004228759027623097,-47517.971999999136
2021-07-05,2021-07-02,0,0,0,,False,0.0,0.0,0.0,0.0,0.0,0.0,11189341.752000004,False,0.0,-0.004228759027623097,-47517.971999999136
2021-07-06,2021-07-05,1,0,1,TX202107,False,-15600.0,50.0,71.84,800.0,921.84,-16521.84,11172819.912000004,False,-0.0014765694324285748,-0.005699084403734345,-64039.81199999899
2021-07-07,2021-07-06,0,1,0,,False,-11400.0,50.0,71.268,800.0,921.268,-12321.268,11160498.644000005,False,-0.0011027894566497506,-0.006795588970191058,-76361.07999999821
2021-07-08,2021-07-07,1,0,1,TX202107,False,-10200.0,50.0,71.52000000000001,800.0,921.52,-11121.52,11149377.124000005,False,-0.0009965074460162261,-0.0077853245611984034,-87482.59999999776
2021-07-09,2021-07-08,1,1,1,TX202107,False,-33400.0,0.0,0.0,0.0,0.0,-33400.0,11115977.124000005,False,-0.002995683043862925,-0.010757685240282311,-120882.59999999776
2021-07-12,2021-07-09,0,1,0,,False,38000.0,50.0,71.376,800.0,921.376,37078.624,11153055.748000005,False,0.0033356153567413536,-0.007457953383631422,-83803.97599999793
2021-07-13,2021-07-12,0,0,0,,False,0.0,0.0,0.0,0.0,0.0,0.0,11153055.748000005,False,0.0,-0.007457953383631422,-83803.97599999793
2021-07-14,2021-07-13,0,0,0,,False,0.0,0.0,0.0,0.0,0.0,0.0,11153055.748000005,False,0.0,-0.007457953383631422,-83803.97599999793
2021-07-15,2021-07-14,0,0,0,,False,0.0,0.0,0.0,0.0,0.0,0.0,11153055.748000005,False,0.0,-0.007457953383631422,-83803.97599999793
2021-07-16,2021-07-15,1,0,1,TX202107,False,19800.0,50.0,71.32000000000001,800.0,921.32,18878.68,11171934.428000005,False,0.0016926912611716636,-0.005777886134978538,-64925.29599999823
2021-07-19,2021-07-16,0,1,0,,False,-41600.0,50.0,70.852,800.0,920.852,-42520.852,11129413.576000005,False,-0.00380604203095131,-0.009561937288450006,-107446.14799999818
2021-07-20,2021-07-19,0,0,0,,False,0.0,0.0,0.0,0.0,0.0,0.0,11129413.576000005,False,0.0,-0.009561937288450006,-107446.14799999818
2021-07-21,2021-07-20,0,0,0,,False,0.0,0.0,0.0,0.0,0.0,0.0,11129413.576000005,False,0.0,-0.009561937288450006,-107446.14799999818
2021-07-22,2021-07-21,0,0,0,,False,0.0,0.0,0.0,0.0,0.0,0.0,11129413.576000005,False,0.0,-0.009561937288450006,-107446.14799999818
2021-07-23,2021-07-22,0,0,0,,False,0.0,0.0,0.0,0.0,0.0,0.0,11129413.576000005,False,0.0,-0.009561937288450006,-107446.14799999818
2021-07-26,2021-07-23,0,0,0,,False,0.0,0.0,0.0,0.0,0.0,0.0,11129413.576000005,False,0.0,-0.009561937288450006,-107446.14799999818
2021-07-27,2021-07-26,0,0,0,,False,0.0,0.0,0.0,0.0,0.0,0.0,11129413.576000005,False,0.0,-0.009561937288450006,-107446.14799999818
2021-07-28,2021-07-27,0,0,0,,False,0.0,0.0,0.0,0.0,0.0,0.0,11129413.576000005,False,0.0,-0.009561937288450006,-107446.14799999818
2021-07-29,2021-07-28,0,0,0,,False,0.0,0.0,0.0,0.0,0.0,0.0,11129413.576000005,False,0.0,-0.009561937288450006,-107446.14799999818
2021-07-30,2021-07-29,0,0,0,,False,0.0,0.0,0.0,0.0,0.0,0.0,11129413.576000005,False,0.0,-0.009561937288450006,-107446.14799999818
2021-08-02,2021-07-30,0,0,0,,False,0.0,0.0,0.0,0.0,0.0,0.0,11129413.576000005,False,0.0,-0.009561937288450006,-107446.14799999818
2021-08-03,2021-08-02,0,0,0,,False,0.0,0.0,0.0,0.0,0.0,0.0,11129413.576000005,False,0.0,-0.009561937288450006,-107446.14799999818
2021-08-04,2021-08-03,0,0,0,,False,0.0,0.0,0.0,0.0,0.0,0.0,11129413.576000005,False,0.0,-0.009561937288450006,-107446.14799999818
2021-08-05,2021-08-04,1,0,1,TX202108,False,-5600.0,50.0,70.296,800.0,920.296,-6520.296,11122893.280000005,False,-0.0005858615959838778,-0.010142196912593437,-113966.44399999827
2021-08-06,2021-08-05,0,1,0,,False,2600.0,50.0,70.20400000000001,800.0,920.204,1679.7959999999998,11124573.076000005,False,0.00015102149752892343,-0.009992707104830467,-112286.64799999818
2021-08-09,2021-08-06,0,0,0,,False,0.0,0.0,0.0,0.0,0.0,0.0,11124573.076000005,False,0.0,-0.009992707104830467,-112286.64799999818
2021-08-10,2021-08-09,0,0,0,,False,0.0,0.0,0.0,0.0,0.0,0.0,11124573.076000005,False,0.0,-0.009992707104830467,-112286.64799999818
2021-08-11,2021-08-10,0,0,0,,False,0.0,0.0,0.0,0.0,0.0,0.0,11124573.076000005,False,0.0,-0.009992707104830467,-112286.64799999818
2021-08-12,2021-08-11,0,0,0,,False,0.0,0.0,0.0,0.0,0.0,0.0,11124573.076000005,False,0.0,-0.009992707104830467,-112286.64799999818
2021-08-13,2021-08-12,0,0,0,,False,0.0,0.0,0.0,0.0,0.0,0.0,11124573.076000005,False,0.0,-0.009992707104830467,-112286.64799999818
2021-08-16,2021-08-13,0,0,0,,False,0.0,0.0,0.0,0.0,0.0,0.0,11124573.076000005,False,0.0,-0.009992707104830467,-112286.64799999818
2021-08-17,2021-08-16,0,0,0,,False,0.0,0.0,0.0,0.0,0.0,0.0,11124573.076000005,False,0.0,-0.009992707104830467,-112286.64799999818
2021-08-18,2021-08-17,0,0,0,,False,0.0,0.0,0.0,0.0,0.0,0.0,11124573.076000005,False,0.0,-0.009992707104830467,-112286.64799999818
2021-08-19,2021-08-18,0,0,0,,False,0.0,0.0,0.0,0.0,0.0,0.0,11124573.076000005,False,0.0,-0.009992707104830467,-112286.64799999818
2021-08-20,2021-08-19,0,0,0,,False,0.0,0.0,0.0,0.0,0.0,0.0,11124573.076000005,False,0.0,-0.009992707104830467,-112286.64799999818
2021-08-23,2021-08-20,0,0,0,,False,0.0,0.0,0.0,0.0,0.0,0.0,11124573.076000005,False,0.0,-0.009992707104830467,-112286.64799999818
2021-08-24,2021-08-23,0,0,0,,False,0.0,0.0,0.0,0.0,0.0,0.0,11124573.076000005,False,0.0,-0.009992707104830467,-112286.64799999818
2021-08-25,2021-08-24,0,0,0,,False,0.0,0.0,0.0,0.0,0.0,0.0,11124573.076000005,False,0.0,-0.009992707104830467,-112286.64799999818
2021-08-26,2021-08-25,0,0,0,,False,0.0,0.0,0.0,0.0,0.0,0.0,11124573.076000005,False,0.0,-0.009992707104830467,-112286.64799999818
2021-08-27,2021-08-26,0,0,0,,False,0.0,0.0,0.0,0.0,0.0,0.0,11124573.076000005,False,0.0,-0.009992707104830467,-112286.64799999818
2021-08-30,2021-08-27,0,0,0,,False,0.0,0.0,0.0,0.0,0.0,0.0,11124573.076000005,False,0.0,-0.009992707104830467,-112286.64799999818
2021-08-31,2021-08-30,0,0,0,,False,0.0,0.0,0.0,0.0,0.0,0.0,11124573.076000005,False,0.0,-0.009992707104830467,-112286.64799999818
2021-09-01,2021-08-31,0,0,0,,False,0.0,0.0,0.0,0.0,0.0,0.0,11124573.076000005,False,0.0,-0.009992707104830467,-112286.64799999818
2021-09-02,2021-09-01,0,0,0,,False,0.0,0.0,0.0,0.0,0.0,0.0,11124573.076000005,False,0.0,-0.009992707104830467,-112286.64799999818
2021-09-03,2021-09-02,1,0,1,TX202109,False,13400.0,50.0,69.784,800.0,919.784,12480.216,11137053.292000005,False,0.0011218602201395612,-0.008882057305283353,-99806.43199999817
2021-09-06,2021-09-03,0,1,0,,False,-13800.0,50.0,69.744,800.0,919.744,-14719.744,11122333.548000004,False,-0.001321691080581748,-0.010192009049947548,-114526.17599999905
2021-09-07,2021-09-06,0,0,0,,False,0.0,0.0,0.0,0.0,0.0,0.0,11122333.548000004,False,0.0,-0.010192009049947548,-114526.17599999905
2021-09-08,2021-09-07,1,0,1,TX202109,False,-26600.0,50.0,69.596,800.0,919.596,-27519.596,11094813.952000003,False,-0.002474264584966391,-0.012641055907872012,-142045.77199999988
2021-09-09,2021-09-08,1,1,1,TX202109,False,-5400.0,0.0,0.0,0.0,0.0,-5400.0,11089413.952000003,False,-0.00048671388482603357,-0.013121617215268833,-147445.77199999988
2021-09-10,2021-09-09,1,1,1,TX202109,False,47600.0,0.0,0.0,0.0,0.0,47600.0,11137013.952000003,False,0.004292381924422185,-0.008885558283400652,-99845.77199999988
2021-09-13,2021-09-10,1,1,1,TX202109,False,-6200.0,0.0,0.0,0.0,0.0,-6200.0,11130813.952000003,False,-0.0005567021848694546,-0.009437313858559948,-106045.77199999988
2021-09-14,2021-09-13,1,1,1,TX202110,True,3800.0,100.0,139.448,1600.0,1839.448,1960.5520000000001,11132774.504000003,False,0.00017613734345525782,-0.009262838778497207,-104085.22000000067
2021-09-15,2021-09-14,1,1,1,TX202110,False,-15600.0,0.0,0.0,0.0,0.0,-15600.0,11117174.504000003,False,-0.0014012679403858333,-0.010651126999865812,-119685.22000000067
2021-09-16,2021-09-15,1,1,1,TX202110,False,-15000.0,0.0,0.0,0.0,0.0,-15000.0,11102174.504000003,False,-0.0013492636995670925,-0.01198601952041245,-134685.22000000067
2021-09-17,2021-09-16,1,1,1,TX202110,False,10000.0,0.0,0.0,0.0,0.0,10000.0,11112174.504000003,False,0.0009007244478455189,-0.011096091173381284,-124685.22000000067
2021-09-22,2021-09-17,0,1,0,,False,-92600.0,50.0,67.32400000000001,800.0,917.3240000000001,-93517.324,11018657.180000003,False,-0.008415753727259858,-0.01941846292999072,-218202.54399999976
2021-09-23,2021-09-22,0,0,0,,False,0.0,0.0,0.0,0.0,0.0,0.0,11018657.180000003,False,0.0,-0.01941846292999072,-218202.54399999976
2021-09-24,2021-09-23,0,0,0,,False,0.0,0.0,0.0,0.0,0.0,0.0,11018657.180000003,False,0.0,-0.01941846292999072,-218202.54399999976
2021-09-27,2021-09-24,0,0,0,,False,0.0,0.0,0.0,0.0,0.0,0.0,11018657.180000003,False,0.0,-0.01941846292999072,-218202.54399999976
2021-09-28,2021-09-27,0,0,0,,False,0.0,0.0,0.0,0.0,0.0,0.0,11018657.180000003,False,0.0,-0.01941846292999072,-218202.54399999976
2021-09-29,2021-09-28,0,0,0,,False,0.0,0.0,0.0,0.0,0.0,0.0,11018657.180000003,False,0.0,-0.01941846292999072,-218202.54399999976
2021-09-30,2021-09-29,0,0,0,,False,0.0,0.0,0.0,0.0,0.0,0.0,11018657.180000003,False,0.0,-0.01941846292999072,-218202.54399999976
2021-10-01,2021-09-30,0,0,0,,False,0.0,0.0,0.0,0.0,0.0,0.0,11018657.180000003,False,0.0,-0.01941846292999072,-218202.54399999976
2021-10-04,2021-10-01,0,0,0,,False,0.0,0.0,0.0,0.0,0.0,0.0,11018657.180000003,False,0.0,-0.01941846292999072,-218202.54399999976
2021-10-05,2021-10-04,0,0,0,,False,0.0,0.0,0.0,0.0,0.0,0.0,11018657.180000003,False,0.0,-0.01941846292999072,-218202.54399999976
2021-10-06,2021-10-05,0,0,0,,False,0.0,0.0,0.0,0.0,0.0,0.0,11018657.180000003,False,0.0,-0.01941846292999072,-218202.54399999976
2021-10-07,2021-10-06,0,0,0,,False,0.0,0.0,0.0,0.0,0.0,0.0,11018657.180000003,False,0.0,-0.01941846292999072,-218202.54399999976
2021-10-08,2021-10-07,0,0,0,,False,0.0,0.0,0.0,0.0,0.0,0.0,11018657.180000003,False,0.0,-0.01941846292999072,-218202.54399999976
2021-10-12,2021-10-08,0,0,0,,False,0.0,0.0,0.0,0.0,0.0,0.0,11018657.180000003,False,0.0,-0.01941846292999072,-218202.54399999976
2021-10-13,2021-10-12,0,0,0,,False,0.0,0.0,0.0,0.0,0.0,0.0,11018657.180000003,False,0.0,-0.01941846292999072,-218202.54399999976
2021-10-14,2021-10-13,0,0,0,,False,0.0,0.0,0.0,0.0,0.0,0.0,11018657.180000003,False,0.0,-0.01941846292999072,-218202.54399999976
2021-10-15,2021-10-14,0,0,0,,False,0.0,0.0,0.0,0.0,0.0,0.0,11018657.180000003,False,0.0,-0.01941846292999072,-218202.54399999976
2021-10-18,2021-10-15,0,0,0,,False,0.0,0.0,0.0,0.0,0.0,0.0,11018657.180000003,False,0.0,-0.01941846292999072,-218202.54399999976
2021-10-19,2021-10-18,0,0,0,,False,0.0,0.0,0.0,0.0,0.0,0.0,11018657.180000003,False,0.0,-0.01941846292999072,-218202.54399999976
2021-10-20,2021-10-19,1,0,1,TX202111,False,-6400.0,50.0,67.7,800.0,917.7,-7317.7,11011339.480000004,False,-0.0006641190374161362,-0.020069685796497594,-225520.24399999902
2021-10-21,2021-10-20,0,1,0,,False,-2000.0,50.0,67.5,800.0,917.5,-2917.5,11008421.980000004,False,-0.00026495414161910834,-0.020329322391743898,-228437.74399999902
2021-10-22,2021-10-21,0,0,0,,False,0.0,0.0,0.0,0.0,0.0,0.0,11008421.980000004,False,0.0,-0.020329322391743898,-228437.74399999902
2021-10-25,2021-10-22,0,0,0,,False,0.0,0.0,0.0,0.0,0.0,0.0,11008421.980000004,False,0.0,-0.020329322391743898,-228437.74399999902
2021-10-26,2021-10-25,0,0,0,,False,0.0,0.0,0.0,0.0,0.0,0.0,11008421.980000004,False,0.0,-0.020329322391743898,-228437.74399999902
2021-10-27,2021-10-26,0,0,0,,False,0.0,0.0,0.0,0.0,0.0,0.0,11008421.980000004,False,0.0,-0.020329322391743898,-228437.74399999902
2021-10-28,2021-10-27,0,0,0,,False,0.0,0.0,0.0,0.0,0.0,0.0,11008421.980000004,False,0.0,-0.020329322391743898,-228437.74399999902
2021-10-29,2021-10-28,0,0,0,,False,0.0,0.0,0.0,0.0,0.0,0.0,11008421.980000004,False,0.0,-0.020329322391743898,-228437.74399999902
2021-11-01,2021-10-29,0,0,0,,False,0.0,0.0,0.0,0.0,0.0,0.0,11008421.980000004,False,0.0,-0.020329322391743898,-228437.74399999902
2021-11-02,2021-11-01,0,0,0,,False,0.0,0.0,0.0,0.0,0.0,0.0,11008421.980000004,False,0.0,-0.020329322391743898,-228437.74399999902
2021-11-03,2021-11-02,0,0,0,,False,0.0,0.0,0.0,0.0,0.0,0.0,11008421.980000004,False,0.0,-0.020329322391743898,-228437.74399999902
2021-11-04,2021-11-03,0,0,0,,False,0.0,0.0,0.0,0.0,0.0,0.0,11008421.980000004,False,0.0,-0.020329322391743898,-228437.74399999902
2021-11-05,2021-11-04,0,0,0,,False,0.0,0.0,0.0,0.0,0.0,0.0,11008421.980000004,False,0.0,-0.020329322391743898,-228437.74399999902
2021-11-08,2021-11-05,1,0,1,TX202111,False,33600.0,50.0,69.04,800.0,919.04,32680.96,11041102.940000005,False,0.0029687234064404923,-0.017420951120524775,-195756.78399999812
2021-11-09,2021-11-08,1,1,1,TX202111,False,26200.0,0.0,0.0,0.0,0.0,26200.0,11067302.940000005,False,0.0023729513385009693,-0.015089338851303258,-169556.78399999812
2021-11-10,2021-11-09,1,1,1,TX202111,False,0.0,0.0,0.0,0.0,0.0,0.0,11067302.940000005,False,0.0,-0.015089338851303258,-169556.78399999812
2021-11-11,2021-11-10,1,1,1,TX202111,False,-17000.0,0.0,0.0,0.0,0.0,-17000.0,11050302.940000005,False,-0.0015360562634061223,-0.016602217041256195,-186556.78399999812
2021-11-12,2021-11-11,1,1,1,TX202111,False,15400.0,0.0,0.0,0.0,0.0,15400.0,11065702.940000005,False,0.0013936269515521529,-0.015231727386828209,-171156.78399999812
2021-11-15,2021-11-12,1,1,1,TX202111,False,23400.0,0.0,0.0,0.0,0.0,23400.0,11089102.940000005,False,0.0021146419822471747,-0.013149295054775356,-147756.78399999812
2021-11-16,2021-11-15,1,1,1,TX202112,True,7400.0,100.0,141.524,1600.0,1841.524,5558.476,11094661.416000005,False,0.0005012556948993384,-0.012654630518906251,-142198.30799999833
2021-11-17,2021-11-16,1,1,1,TX202112,False,16800.0,0.0,0.0,0.0,0.0,16800.0,11111461.416000005,False,0.0015142417934243693,-0.011159550895893933,-125398.30799999833
2021-11-18,2021-11-17,1,1,1,TX202112,False,19200.0,0.0,0.0,0.0,0.0,19200.0,11130661.416000005,False,0.0017279455223012216,-0.009450888469594187,-106198.30799999833
2021-11-19,2021-11-18,1,1,1,TX202112,False,-1800.0,0.0,0.0,0.0,0.0,-1800.0,11128861.416000005,False,-0.00016171545721555702,-0.009611075572059757,-107998.30799999833
2021-11-22,2021-11-19,1,1,1,TX202112,False,-3000.0,0.0,0.0,0.0,0.0,-3000.0,11125861.416000005,False,-0.00026956935555751366,-0.00987805407616904,-110998.30799999833
2021-11-23,2021-11-22,1,1,1,TX202112,False,-35400.0,0.0,0.0,0.0,0.0,-35400.0,11090461.416000005,False,-0.0031817761049127906,-0.013028400424659248,-146398.30799999833
2021-11-24,2021-11-23,1,1,1,TX202112,False,4000.0,0.0,0.0,0.0,0.0,4000.0,11094461.416000005,False,0.0003606702958480405,-0.01267242908584687,-142398.30799999833
2021-11-25,2021-11-24,1,1,1,TX202112,False,-600.0,0.0,0.0,0.0,0.0,-600.0,11093861.416000005,False,-5.4081038952887166e-05,-0.012725824786668727,-142998.30799999833
2021-11-26,2021-11-25,1,1,1,TX202112,False,-66800.0,0.0,0.0,0.0,0.0,-66800.0,11027061.416000005,False,-0.006021347977509292,-0.018670546144836653,-209798.30799999833
2021-11-29,2021-11-26,0,1,0,,False,-19800.0,50.0,68.956,800.0,918.956,-20718.956,11006342.460000005,False,-0.0018789190717607943,-0.02051438477136569,-230517.26399999857
2021-11-30,2021-11-29,0,0,0,,False,0.0,0.0,0.0,0.0,0.0,0.0,11006342.460000005,False,0.0,-0.02051438477136569,-230517.26399999857
2021-12-01,2021-11-30,0,0,0,,False,0.0,0.0,0.0,0.0,0.0,0.0,11006342.460000005,False,0.0,-0.02051438477136569,-230517.26399999857
2021-12-02,2021-12-01,0,0,0,,False,0.0,0.0,0.0,0.0,0.0,0.0,11006342.460000005,False,0.0,-0.02051438477136569,-230517.26399999857
2021-12-03,2021-12-02,0,0,0,,False,0.0,0.0,0.0,0.0,0.0,0.0,11006342.460000005,False,0.0,-0.02051438477136569,-230517.26399999857
2021-12-06,2021-12-03,0,0,0,,False,0.0,0.0,0.0,0.0,0.0,0.0,11006342.460000005,False,0.0,-0.02051438477136569,-230517.26399999857
2021-12-07,2021-12-06,0,0,0,,False,0.0,0.0,0.0,0.0,0.0,0.0,11006342.460000005,False,0.0,-0.02051438477136569,-230517.26399999857
2021-12-08,2021-12-07,0,0,0,,False,0.0,0.0,0.0,0.0,0.0,0.0,11006342.460000005,False,0.0,-0.02051438477136569,-230517.26399999857
2021-12-09,2021-12-08,0,0,0,,False,0.0,0.0,0.0,0.0,0.0,0.0,11006342.460000005,False,0.0,-0.02051438477136569,-230517.26399999857
2021-12-10,2021-12-09,0,0,0,,False,0.0,0.0,0.0,0.0,0.0,0.0,11006342.460000005,False,0.0,-0.02051438477136569,-230517.26399999857
2021-12-13,2021-12-10,0,0,0,,False,0.0,0.0,0.0,0.0,0.0,0.0,11006342.460000005,False,0.0,-0.02051438477136569,-230517.26399999857
2021-12-14,2021-12-13,0,0,0,,False,0.0,0.0,0.0,0.0,0.0,0.0,11006342.460000005,False,0.0,-0.02051438477136569,-230517.26399999857
2021-12-15,2021-12-14,0,0,0,,False,0.0,0.0,0.0,0.0,0.0,0.0,11006342.460000005,False,0.0,-0.02051438477136569,-230517.26399999857
2021-12-16,2021-12-15,0,0,0,,False,0.0,0.0,0.0,0.0,0.0,0.0,11006342.460000005,False,0.0,-0.02051438477136569,-230517.26399999857
2021-12-17,2021-12-16,0,0,0,,False,0.0,0.0,0.0,0.0,0.0,0.0,11006342.460000005,False,0.0,-0.02051438477136569,-230517.26399999857
2021-12-20,2021-12-17,0,0,0,,False,0.0,0.0,0.0,0.0,0.0,0.0,11006342.460000005,False,0.0,-0.02051438477136569,-230517.26399999857
2021-12-21,2021-12-20,0,0,0,,False,0.0,0.0,0.0,0.0,0.0,0.0,11006342.460000005,False,0.0,-0.02051438477136569,-230517.26399999857
2021-12-22,2021-12-21,0,0,0,,False,0.0,0.0,0.0,0.0,0.0,0.0,11006342.460000005,False,0.0,-0.02051438477136569,-230517.26399999857
2021-12-23,2021-12-22,1,0,1,TX202201,False,3800.0,50.0,71.756,800.0,921.756,2878.244,11009220.704000005,False,0.0002615077634064458,-0.020258241678838385,-227639.0199999977
2021-12-24,2021-12-23,1,1,1,TX202201,False,800.0,0.0,0.0,0.0,0.0,800.0,11010020.704000005,False,7.266636045449921e-05,-0.02018704741107591,-226839.0199999977
2021-12-27,2021-12-24,1,1,1,TX202201,False,22000.0,0.0,0.0,0.0,0.0,22000.0,11032020.704000005,False,0.0019981797120515194,-0.0182292050476075,-204839.0199999977
2021-12-28,2021-12-27,1,1,1,TX202201,False,27800.0,0.0,0.0,0.0,0.0,27800.0,11059820.704000005,False,0.00251993725772471,-0.01575520424286092,-177039.0199999977
2021-12-29,2021-12-28,1,1,1,TX202201,False,13800.0,0.0,0.0,0.0,0.0,13800.0,11073620.704000005,False,0.001247759829868576,-0.014527103123957996,-163239.0199999977
2021-12-30,2021-12-29,1,1,1,TX202201,False,-12800.0,0.0,0.0,0.0,0.0,-12800.0,11060820.704000005,False,-0.001155900165099243,-0.015666211408157826,-176039.0199999977
2022-01-03,2021-12-30,1,1,1,TX202201,False,12200.0,0.0,0.0,0.0,0.0,12200.0,11073020.704000005,False,0.0011029922938347626,-0.014580498824779853,-163839.0199999977
2022-01-04,2022-01-03,1,1,1,TX202201,False,48600.0,0.0,0.0,0.0,0.0,48600.0,11121620.704000005,False,0.004389046250265187,-0.010255447058208578,-115239.01999999769
2022-01-05,2022-01-04,1,1,1,TX202201,False,-7200.0,0.0,0.0,0.0,0.0,-7200.0,11114420.704000005,False,-0.0006473876597329421,-0.010896195468070968,-122439.01999999769
2022-01-06,2022-01-05,1,1,1,TX202201,False,-29000.0,0.0,0.0,0.0,0.0,-29000.0,11085420.704000005,False,-0.0026092228081273814,-0.01347698767446126,-151439.0199999977
2022-01-07,2022-01-06,1,1,1,TX202201,False,-38400.0,0.0,0.0,0.0,0.0,-38400.0,11047020.704000005,False,-0.0034640092627376733,-0.01689431252706075,-189839.0199999977
2022-01-10,2022-01-07,1,1,1,TX202201,False,23000.0,0.0,0.0,0.0,0.0,23000.0,11070020.704000005,False,0.0020820093142101155,-0.014847477328889136,-166839.0199999977
2022-01-11,2022-01-10,1,1,1,TX202201,False,4400.0,0.0,0.0,0.0,0.0,4400.0,11074420.704000005,False,0.000397469897993065,-0.01445590885619541,-162439.0199999977
2022-01-12,2022-01-11,1,1,1,TX202201,False,19000.0,0.0,0.0,0.0,0.0,19000.0,11093420.704000005,False,0.0017156653614520288,-0.012765044996836283,-143439.0199999977
2022-01-13,2022-01-12,1,1,1,TX202201,False,10000.0,0.0,0.0,0.0,0.0,10000.0,11103420.704000005,False,0.0009014352080232794,-0.011875116649805229,-133439.0199999977
2022-01-14,2022-01-13,1,1,1,TX202201,False,-13600.0,0.0,0.0,0.0,0.0,-13600.0,11089820.704000005,False,-0.0012248477620145116,-0.013085419201767534,-147039.0199999977
2022-01-17,2022-01-14,1,1,1,TX202201,False,30400.0,0.0,0.0,0.0,0.0,30400.0,11120220.704000005,False,0.0027412526145742804,-0.01038003702679291,-116639.01999999769
2022-01-18,2022-01-17,1,1,1,TX202202,True,-32000.0,100.0,146.65200000000002,1600.0,1846.652,-33846.652,11086374.052000005,False,-0.0030437032592190525,-0.013392146533482752,-150485.6719999984
2022-01-19,2022-01-18,1,1,1,TX202202,False,-34200.0,0.0,0.0,0.0,0.0,-34200.0,11052174.052000005,False,-0.003084867950475679,-0.016435701480329246,-184685.6719999984
2022-01-20,2022-01-19,0,1,0,,False,12000.0,50.0,72.796,800.0,922.796,11077.204,11063251.256000005,False,0.0010022647080911167,-0.015449909695784525,-173608.46799999848
2022-01-21,2022-01-20,0,0,0,,False,0.0,0.0,0.0,0.0,0.0,0.0,11063251.256000005,False,0.0,-0.015449909695784525,-173608.46799999848
2022-01-24,2022-01-21,0,0,0,,False,0.0,0.0,0.0,0.0,0.0,0.0,11063251.256000005,False,0.0,-0.015449909695784525,-173608.46799999848
2022-01-25,2022-01-24,0,0,0,,False,0.0,0.0,0.0,0.0,0.0,0.0,11063251.256000005,False,0.0,-0.015449909695784525,-173608.46799999848
2022-01-26,2022-01-25,0,0,0,,False,0.0,0.0,0.0,0.0,0.0,0.0,11063251.256000005,False,0.0,-0.015449909695784525,-173608.46799999848
2022-02-07,2022-01-26,0,0,0,,False,0.0,0.0,0.0,0.0,0.0,0.0,11063251.256000005,False,0.0,-0.015449909695784525,-173608.46799999848
2022-02-08,2022-02-07,0,0,0,,False,0.0,0.0,0.0,0.0,0.0,0.0,11063251.256000005,False,0.0,-0.015449909695784525,-173608.46799999848
2022-02-09,2022-02-08,0,0,0,,False,0.0,0.0,0.0,0.0,0.0,0.0,11063251.256000005,False,0.0,-0.015449909695784525,-173608.46799999848
2022-02-10,2022-02-09,0,0,0,,False,0.0,0.0,0.0,0.0,0.0,0.0,11063251.256000005,False,0.0,-0.015449909695784525,-173608.46799999848
2022-02-11,2022-02-10,1,0,1,TX202202,False,14600.0,50.0,72.82400000000001,800.0,922.8240000000001,13677.176,11076928.432000006,False,0.0012362709373144145,-0.014232739032811081,-159931.29199999757
2022-02-14,2022-02-11,1,1,1,TX202202,False,-59600.0,0.0,0.0,0.0,0.0,-59600.0,11017328.432000006,False,-0.005380552954357119,-0.019536711981116617,-219531.29199999757
2022-02-15,2022-02-14,0,1,0,,False,-11000.0,50.0,71.67200000000001,800.0,921.672,-11921.672,11005406.760000005,False,-0.0010820837441292315,-0.020597655366797363,-231452.96399999782
2022-02-16,2022-02-15,0,0,0,,False,0.0,0.0,0.0,0.0,0.0,0.0,11005406.760000005,False,0.0,-0.020597655366797363,-231452.96399999782
2022-02-17,2022-02-16,1,0,1,TX202203,False,-5200.0,50.0,73.09200000000001,800.0,923.092,-6123.092,10999283.668000005,False,-0.0005563712576489991,-0.02114256668102532,-237576.055999998
2022-02-18,2022-02-17,1,1,1,TX202203,False,-3400.0,0.0,0.0,0.0,0.0,-3400.0,10995883.668000005,False,-0.0003091110387389637,-0.021445142319015953,-240976.055999998
2022-02-21,2022-02-18,1,1,1,TX202203,False,-3200.0,0.0,0.0,0.0,0.0,-3200.0,10992683.668000005,False,-0.0002910179933344124,-0.021729919390065855,-244176.055999998
2022-02-22,2022-02-21,1,1,1,TX202203,False,-66400.0,0.0,0.0,0.0,0.0,-66400.0,10926283.668000005,False,-0.006040381221311059,-0.027639043614352543,-310576.055999998
2022-02-23,2022-02-22,0,1,0,,False,15200.0,50.0,71.80000000000001,800.0,921.8,14278.2,10940561.868000004,False,0.001306775517993992,-0.026368386121894627,-296297.85599999875
2022-02-24,2022-02-23,0,0,0,,False,0.0,0.0,0.0,0.0,0.0,0.0,10940561.868000004,False,0.0,-0.026368386121894627,-296297.85599999875
2022-02-25,2022-02-24,0,0,0,,False,0.0,0.0,0.0,0.0,0.0,0.0,10940561.868000004,False,0.0,-0.026368386121894627,-296297.85599999875
2022-03-01,2022-02-25,0,0,0,,False,0.0,0.0,0.0,0.0,0.0,0.0,10940561.868000004,False,0.0,-0.026368386121894627,-296297.85599999875
2022-03-02,2022-03-01,0,0,0,,False,0.0,0.0,0.0,0.0,0.0,0.0,10940561.868000004,False,0.0,-0.026368386121894627,-296297.85599999875
2022-03-03,2022-03-02,0,0,0,,False,0.0,0.0,0.0,0.0,0.0,0.0,10940561.868000004,False,0.0,-0.026368386121894627,-296297.85599999875
2022-03-04,2022-03-03,0,0,0,,False,0.0,0.0,0.0,0.0,0.0,0.0,10940561.868000004,False,0.0,-0.026368386121894627,-296297.85599999875
2022-03-07,2022-03-04,0,0,0,,False,0.0,0.0,0.0,0.0,0.0,0.0,10940561.868000004,False,0.0,-0.026368386121894627,-296297.85599999875
2022-03-08,2022-03-07,0,0,0,,False,0.0,0.0,0.0,0.0,0.0,0.0,10940561.868000004,False,0.0,-0.026368386121894627,-296297.85599999875
2022-03-09,2022-03-08,0,0,0,,False,0.0,0.0,0.0,0.0,0.0,0.0,10940561.868000004,False,0.0,-0.026368386121894627,-296297.85599999875
2022-03-10,2022-03-09,0,0,0,,False,0.0,0.0,0.0,0.0,0.0,0.0,10940561.868000004,False,0.0,-0.026368386121894627,-296297.85599999875
2022-03-11,2022-03-10,0,0,0,,False,0.0,0.0,0.0,0.0,0.0,0.0,10940561.868000004,False,0.0,-0.026368386121894627,-296297.85599999875
2022-03-14,2022-03-11,0,0,0,,False,0.0,0.0,0.0,0.0,0.0,0.0,10940561.868000004,False,0.0,-0.026368386121894627,-296297.85599999875
2022-03-15,2022-03-14,0,0,0,,False,0.0,0.0,0.0,0.0,0.0,0.0,10940561.868000004,False,0.0,-0.026368386121894627,-296297.85599999875
2022-03-16,2022-03-15,0,0,0,,False,0.0,0.0,0.0,0.0,0.0,0.0,10940561.868000004,False,0.0,-0.026368386121894627,-296297.85599999875
2022-03-17,2022-03-16,0,0,0,,False,0.0,0.0,0.0,0.0,0.0,0.0,10940561.868000004,False,0.0,-0.026368386121894627,-296297.85599999875
2022-03-18,2022-03-17,0,0,0,,False,0.0,0.0,0.0,0.0,0.0,0.0,10940561.868000004,False,0.0,-0.026368386121894627,-296297.85599999875
2022-03-21,2022-03-18,0,0,0,,False,0.0,0.0,0.0,0.0,0.0,0.0,10940561.868000004,False,0.0,-0.026368386121894627,-296297.85599999875
2022-03-22,2022-03-21,1,0,1,TX202204,False,-3200.0,50.0,70.16000000000001,800.0,920.16,-4120.16,10936441.708000004,False,-0.0003765949180408216,-0.02673505083972505,-300418.0159999989
2022-03-23,2022-03-22,1,1,1,TX202204,False,36400.0,0.0,0.0,0.0,0.0,36400.0,10972841.708000004,False,0.003328322042202576,-0.023495711656531748,-264018.0159999989
2022-03-24,2022-03-23,1,1,1,TX202204,False,-6200.0,0.0,0.0,0.0,0.0,-6200.0,10966641.708000004,False,-0.0005650313897702312,-0.024047467231691044,-270218.0159999989
2022-03-25,2022-03-24,1,1,1,TX202204,False,-10000.0,0.0,0.0,0.0,0.0,-10000.0,10956641.708000004,False,-0.0009118561786061768,-0.02493739557872221,-280218.0159999989
2022-03-28,2022-03-25,1,1,1,TX202204,False,-36600.0,0.0,0.0,0.0,0.0,-36600.0,10920041.708000004,False,-0.0033404396142000764,-0.02819453332885613,-316818.0159999989
2022-03-29,2022-03-28,1,1,1,TX202204,False,21400.0,0.0,0.0,0.0,0.0,21400.0,10941441.708000004,False,0.001959699474803507,-0.026290086666209467,-295418.0159999989
2022-03-30,2022-03-29,1,1,1,TX202204,False,39200.0,0.0,0.0,0.0,0.0,39200.0,10980641.708000004,False,0.0035827088464345895,-0.0228015675458475,-256218.0159999989
2022-03-31,2022-03-30,1,1,1,TX202204,False,-20400.0,0.0,0.0,0.0,0.0,-20400.0,10960241.708000004,False,-0.001857814920337258,-0.02461702137379096,-276618.0159999989
2022-04-01,2022-03-31,1,1,1,TX202204,False,-17000.0,0.0,0.0,0.0,0.0,-17000.0,10943241.708000004,False,-0.0015510606839620616,-0.026129899563743897,-293618.0159999989
2022-04-06,2022-04-01,1,1,1,TX202204,False,-9600.0,0.0,0.0,0.0,0.0,-9600.0,10933641.708000004,False,-0.0008772537659459688,-0.026984230776893714,-303218.0159999989
2022-04-07,2022-04-06,1,1,1,TX202204,False,-72600.0,0.0,0.0,0.0,0.0,-72600.0,10861041.708000004,False,-0.006640056619642065,-0.03344511057633981,-375818.0159999989
2022-04-08,2022-04-07,0,1,0,,False,11400.0,50.0,68.784,800.0,918.784,10481.216,10871522.924000004,False,0.0009650286115999138,-0.032512357453364116,-365336.7999999989
2022-04-11,2022-04-08,0,0,0,,False,0.0,0.0,0.0,0.0,0.0,0.0,10871522.924000004,False,0.0,-0.032512357453364116,-365336.7999999989
2022-04-12,2022-04-11,0,0,0,,False,0.0,0.0,0.0,0.0,0.0,0.0,10871522.924000004,False,0.0,-0.032512357453364116,-365336.7999999989
2022-04-13,2022-04-12,0,0,0,,False,0.0,0.0,0.0,0.0,0.0,0.0,10871522.924000004,False,0.0,-0.032512357453364116,-365336.7999999989
2022-04-14,2022-04-13,0,0,0,,False,0.0,0.0,0.0,0.0,0.0,0.0,10871522.924000004,False,0.0,-0.032512357453364116,-365336.7999999989
2022-04-15,2022-04-14,0,0,0,,False,0.0,0.0,0.0,0.0,0.0,0.0,10871522.924000004,False,0.0,-0.032512357453364116,-365336.7999999989
2022-04-18,2022-04-15,0,0,0,,False,0.0,0.0,0.0,0.0,0.0,0.0,10871522.924000004,False,0.0,-0.032512357453364116,-365336.7999999989
2022-04-19,2022-04-18,0,0,0,,False,0.0,0.0,0.0,0.0,0.0,0.0,10871522.924000004,False,0.0,-0.032512357453364116,-365336.7999999989
2022-04-20,2022-04-19,0,0,0,,False,0.0,0.0,0.0,0.0,0.0,0.0,10871522.924000004,False,0.0,-0.032512357453364116,-365336.7999999989
2022-04-21,2022-04-20,0,0,0,,False,0.0,0.0,0.0,0.0,0.0,0.0,10871522.924000004,False,0.0,-0.032512357453364116,-365336.7999999989
2022-04-22,2022-04-21,0,0,0,,False,0.0,0.0,0.0,0.0,0.0,0.0,10871522.924000004,False,0.0,-0.032512357453364116,-365336.7999999989
2022-04-25,2022-04-22,0,0,0,,False,0.0,0.0,0.0,0.0,0.0,0.0,10871522.924000004,False,0.0,-0.032512357453364116,-365336.7999999989
2022-04-26,2022-04-25,0,0,0,,False,0.0,0.0,0.0,0.0,0.0,0.0,10871522.924000004,False,0.0,-0.032512357453364116,-365336.7999999989
2022-04-27,2022-04-26,0,0,0,,False,0.0,0.0,0.0,0.0,0.0,0.0,10871522.924000004,False,0.0,-0.032512357453364116,-365336.7999999989
2022-04-28,2022-04-27,0,0,0,,False,0.0,0.0,0.0,0.0,0.0,0.0,10871522.924000004,False,0.0,-0.032512357453364116,-365336.7999999989
2022-04-29,2022-04-28,0,0,0,,False,0.0,0.0,0.0,0.0,0.0,0.0,10871522.924000004,False,0.0,-0.032512357453364116,-365336.7999999989
2022-05-03,2022-04-29,0,0,0,,False,0.0,0.0,0.0,0.0,0.0,0.0,10871522.924000004,False,0.0,-0.032512357453364116,-365336.7999999989
2022-05-04,2022-05-03,0,0,0,,False,0.0,0.0,0.0,0.0,0.0,0.0,10871522.924000004,False,0.0,-0.032512357453364116,-365336.7999999989
2022-05-05,2022-05-04,0,0,0,,False,0.0,0.0,0.0,0.0,0.0,0.0,10871522.924000004,False,0.0,-0.032512357453364116,-365336.7999999989
2022-05-06,2022-05-05,0,0,0,,False,0.0,0.0,0.0,0.0,0.0,0.0,10871522.924000004,False,0.0,-0.032512357453364116,-365336.7999999989
2022-05-09,2022-05-06,0,0,0,,False,0.0,0.0,0.0,0.0,0.0,0.0,10871522.924000004,False,0.0,-0.032512357453364116,-365336.7999999989
2022-05-10,2022-05-09,0,0,0,,False,0.0,0.0,0.0,0.0,0.0,0.0,10871522.924000004,False,0.0,-0.032512357453364116,-365336.7999999989
2022-05-11,2022-05-10,0,0,0,,False,0.0,0.0,0.0,0.0,0.0,0.0,10871522.924000004,False,0.0,-0.032512357453364116,-365336.7999999989
2022-05-12,2022-05-11,0,0,0,,False,0.0,0.0,0.0,0.0,0.0,0.0,10871522.924000004,False,0.0,-0.032512357453364116,-365336.7999999989
2022-05-13,2022-05-12,0,0,0,,False,0.0,0.0,0.0,0.0,0.0,0.0,10871522.924000004,False,0.0,-0.032512357453364116,-365336.7999999989
2022-05-16,2022-05-13,0,0,0,,False,0.0,0.0,0.0,0.0,0.0,0.0,10871522.924000004,False,0.0,-0.032512357453364116,-365336.7999999989
2022-05-17,2022-05-16,0,0,0,,False,0.0,0.0,0.0,0.0,0.0,0.0,10871522.924000004,False,0.0,-0.032512357453364116,-365336.7999999989
2022-05-18,2022-05-17,0,0,0,,False,0.0,0.0,0.0,0.0,0.0,0.0,10871522.924000004,False,0.0,-0.032512357453364116,-365336.7999999989
2022-05-19,2022-05-18,0,0,0,,False,0.0,0.0,0.0,0.0,0.0,0.0,10871522.924000004,False,0.0,-0.032512357453364116,-365336.7999999989
2022-05-20,2022-05-19,0,0,0,,False,0.0,0.0,0.0,0.0,0.0,0.0,10871522.924000004,False,0.0,-0.032512357453364116,-365336.7999999989
2022-05-23,2022-05-20,0,0,0,,False,0.0,0.0,0.0,0.0,0.0,0.0,10871522.924000004,False,0.0,-0.032512357453364116,-365336.7999999989
2022-05-24,2022-05-23,0,0,0,,False,0.0,0.0,0.0,0.0,0.0,0.0,10871522.924000004,False,0.0,-0.032512357453364116,-365336.7999999989
2022-05-25,2022-05-24,0,0,0,,False,0.0,0.0,0.0,0.0,0.0,0.0,10871522.924000004,False,0.0,-0.032512357453364116,-365336.7999999989
2022-05-26,2022-05-25,0,0,0,,False,0.0,0.0,0.0,0.0,0.0,0.0,10871522.924000004,False,0.0,-0.032512357453364116,-365336.7999999989
2022-05-27,2022-05-26,0,0,0,,False,0.0,0.0,0.0,0.0,0.0,0.0,10871522.924000004,False,0.0,-0.032512357453364116,-365336.7999999989
2022-05-30,2022-05-27,1,0,1,TX202206,False,32000.0,50.0,65.616,800.0,915.616,31084.384,10902607.308000004,False,0.0028592483516157634,-0.029746070006204106,-334252.41599999927
2022-05-31,2022-05-30,1,1,1,TX202206,False,24400.0,0.0,0.0,0.0,0.0,24400.0,10927007.308000004,False,0.002237996775514057,-0.02757464483944816,-309852.41599999927
2022-06-01,2022-05-31,1,1,1,TX202206,False,-14400.0,0.0,0.0,0.0,0.0,-14400.0,10912607.308000004,False,-0.0013178356702898248,-0.02885614165917294,-324252.41599999927
2022-06-02,2022-06-01,1,1,1,TX202206,False,-15600.0,0.0,0.0,0.0,0.0,-15600.0,10897007.308000004,False,-0.0014295392072400223,-0.030244429880541546,-339852.41599999927
2022-06-06,2022-06-02,1,1,1,TX202206,False,13600.0,0.0,0.0,0.0,0.0,13600.0,10910607.308000004,False,0.001248049085001127,-0.02903412732857924,-326252.41599999927
2022-06-07,2022-06-06,1,1,1,TX202206,False,-27600.0,0.0,0.0,0.0,0.0,-27600.0,10883007.308000004,False,-0.0025296483706972756,-0.03149032956638509,-353852.41599999927
2022-06-08,2022-06-07,1,1,1,TX202206,False,36400.0,0.0,0.0,0.0,0.0,36400.0,10919407.308000004,False,0.003344663746871021,-0.028250990383191787,-317452.41599999927
2022-06-09,2022-06-08,1,1,1,TX202206,False,-12400.0,0.0,0.0,0.0,0.0,-12400.0,10907007.308000004,False,-0.0011355927707646966,-0.02935450153351038,-329852.41599999927
2022-06-10,2022-06-09,1,1,1,TX202206,False,-22200.0,0.0,0.0,0.0,0.0,-22200.0,10884807.308000004,False,-0.0020353887526706692,-0.03133014246391952,-352052.41599999927
2022-06-13,2022-06-10,1,1,1,TX202206,False,-83600.0,0.0,0.0,0.0,0.0,-83600.0,10801207.308000004,False,-0.0076804299455587545,-0.038769943445099764,-435652.41599999927
2022-06-14,2022-06-13,0,1,0,,False,-20600.0,50.0,63.784000000000006,800.0,913.784,-21513.784,10779693.524000004,False,-0.0019917943787696435,-0.04068451606845025,-457166.19999999925
2022-06-15,2022-06-14,0,0,0,,False,0.0,0.0,0.0,0.0,0.0,0.0,10779693.524000004,False,0.0,-0.04068451606845025,-457166.19999999925
2022-06-16,2022-06-15,0,0,0,,False,0.0,0.0,0.0,0.0,0.0,0.0,10779693.524000004,False,0.0,-0.04068451606845025,-457166.19999999925
2022-06-17,2022-06-16,0,0,0,,False,0.0,0.0,0.0,0.0,0.0,0.0,10779693.524000004,False,0.0,-0.04068451606845025,-457166.19999999925
2022-06-20,2022-06-17,0,0,0,,False,0.0,0.0,0.0,0.0,0.0,0.0,10779693.524000004,False,0.0,-0.04068451606845025,-457166.19999999925
2022-06-21,2022-06-20,0,0,0,,False,0.0,0.0,0.0,0.0,0.0,0.0,10779693.524000004,False,0.0,-0.04068451606845025,-457166.19999999925
2022-06-22,2022-06-21,0,0,0,,False,0.0,0.0,0.0,0.0,0.0,0.0,10779693.524000004,False,0.0,-0.04068451606845025,-457166.19999999925
2022-06-23,2022-06-22,0,0,0,,False,0.0,0.0,0.0,0.0,0.0,0.0,10779693.524000004,False,0.0,-0.04068451606845025,-457166.19999999925
2022-06-24,2022-06-23,0,0,0,,False,0.0,0.0,0.0,0.0,0.0,0.0,10779693.524000004,False,0.0,-0.04068451606845025,-457166.19999999925
2022-06-27,2022-06-24,0,0,0,,False,0.0,0.0,0.0,0.0,0.0,0.0,10779693.524000004,False,0.0,-0.04068451606845025,-457166.19999999925
2022-06-28,2022-06-27,0,0,0,,False,0.0,0.0,0.0,0.0,0.0,0.0,10779693.524000004,False,0.0,-0.04068451606845025,-457166.19999999925
2022-06-29,2022-06-28,0,0,0,,False,0.0,0.0,0.0,0.0,0.0,0.0,10779693.524000004,False,0.0,-0.04068451606845025,-457166.19999999925
2022-06-30,2022-06-29,0,0,0,,False,0.0,0.0,0.0,0.0,0.0,0.0,10779693.524000004,False,0.0,-0.04068451606845025,-457166.19999999925
2022-07-01,2022-06-30,0,0,0,,False,0.0,0.0,0.0,0.0,0.0,0.0,10779693.524000004,False,0.0,-0.04068451606845025,-457166.19999999925
2022-07-04,2022-07-01,0,0,0,,False,0.0,0.0,0.0,0.0,0.0,0.0,10779693.524000004,False,0.0,-0.04068451606845025,-457166.19999999925
2022-07-05,2022-07-04,0,0,0,,False,0.0,0.0,0.0,0.0,0.0,0.0,10779693.524000004,False,0.0,-0.04068451606845025,-457166.19999999925
2022-07-06,2022-07-05,0,0,0,,False,0.0,0.0,0.0,0.0,0.0,0.0,10779693.524000004,False,0.0,-0.04068451606845025,-457166.19999999925
2022-07-07,2022-07-06,0,0,0,,False,0.0,0.0,0.0,0.0,0.0,0.0,10779693.524000004,False,0.0,-0.04068451606845025,-457166.19999999925
2022-07-08,2022-07-07,0,0,0,,False,0.0,0.0,0.0,0.0,0.0,0.0,10779693.524000004,False,0.0,-0.04068451606845025,-457166.19999999925
2022-07-11,2022-07-08,0,0,0,,False,0.0,0.0,0.0,0.0,0.0,0.0,10779693.524000004,False,0.0,-0.04068451606845025,-457166.19999999925
2022-07-12,2022-07-11,0,0,0,,False,0.0,0.0,0.0,0.0,0.0,0.0,10779693.524000004,False,0.0,-0.04068451606845025,-457166.19999999925
2022-07-13,2022-07-12,0,0,0,,False,0.0,0.0,0.0,0.0,0.0,0.0,10779693.524000004,False,0.0,-0.04068451606845025,-457166.19999999925
2022-07-14,2022-07-13,0,0,0,,False,0.0,0.0,0.0,0.0,0.0,0.0,10779693.524000004,False,0.0,-0.04068451606845025,-457166.19999999925
2022-07-15,2022-07-14,0,0,0,,False,0.0,0.0,0.0,0.0,0.0,0.0,10779693.524000004,False,0.0,-0.04068451606845025,-457166.19999999925
2022-07-18,2022-07-15,0,0,0,,False,0.0,0.0,0.0,0.0,0.0,0.0,10779693.524000004,False,0.0,-0.04068451606845025,-457166.19999999925
2022-07-19,2022-07-18,1,0,1,TX202208,True,23200.0,150.0,175.08800000000002,2400.0,2725.088,20474.912,10800168.436000004,False,0.0018993964860331582,-0.038862395609273404,-436691.2879999988
2022-07-20,2022-07-19,1,1,1,TX202208,False,17600.0,0.0,0.0,0.0,0.0,17600.0,10817768.436000004,False,0.001629604214443012,-0.03729612171849861,-419091.2879999988
2022-07-21,2022-07-20,1,1,1,TX202208,False,26400.0,0.0,0.0,0.0,0.0,26400.0,10844168.436000004,False,0.002440429387649354,-0.034946710882336474,-392691.2879999988
2022-07-22,2022-07-21,1,1,1,TX202208,False,600.0,0.0,0.0,0.0,0.0,600.0,10844768.436000004,False,5.532927707099659e-05,-0.034893315181514506,-392091.2879999988
2022-07-25,2022-07-22,1,1,1,TX202208,False,8600.0,0.0,0.0,0.0,0.0,8600.0,10853368.436000004,False,0.0007930090947310289,-0.03412797680306778,-383491.2879999988
2022-07-26,2022-07-25,1,1,1,TX202208,False,-17800.0,0.0,0.0,0.0,0.0,-17800.0,10835568.436000004,False,-0.0016400438356960604,-0.035712049260783196,-401291.2879999988
2022-07-27,2022-07-26,1,1,1,TX202208,False,17800.0,0.0,0.0,0.0,0.0,17800.0,10853368.436000004,False,0.0016427379980233825,-0.03412797680306778,-383491.2879999988
2022-07-28,2022-07-27,1,1,1,TX202208,False,7400.0,0.0,0.0,0.0,0.0,7400.0,10860768.436000004,False,0.000681815976637688,-0.033469429826264774,-376091.2879999988
2022-07-29,2022-07-28,1,1,1,TX202208,False,21400.0,0.0,0.0,0.0,0.0,21400.0,10882168.436000004,False,0.00197039464804956,-0.03156498316361811,-354691.2879999988
2022-08-01,2022-07-29,1,1,1,TX202208,False,-13600.0,0.0,0.0,0.0,0.0,-13600.0,10868568.436000004,False,-0.0012497509186688346,-0.032775285715580416,-368291.2879999988
2022-08-02,2022-08-01,1,1,1,TX202208,False,-45400.0,0.0,0.0,0.0,0.0,-45400.0,10823168.436000004,False,-0.004177183063927848,-0.03681556041110179,-413691.2879999988
2022-08-03,2022-08-02,1,1,1,TX202208,False,5200.0,0.0,0.0,0.0,0.0,5200.0,10828368.436000004,False,0.00048045080613397543,-0.03635279767064559,-408491.2879999988
2022-08-04,2022-08-03,1,1,1,TX202208,False,-2200.0,0.0,0.0,0.0,0.0,-2200.0,10826168.436000004,False,-0.00020317003554163135,-0.036548581906992506,-410691.2879999988
2022-08-05,2022-08-04,1,1,1,TX202208,False,70200.0,0.0,0.0,0.0,0.0,70200.0,10896368.436000004,False,0.00648428854723575,-0.030301284910833948,-340491.2879999988
2022-08-08,2022-08-05,1,1,1,TX202208,False,-9600.0,0.0,0.0,0.0,0.0,-9600.0,10886768.436000004,False,-0.0008810274777680063,-0.031155616123983765,-350091.2879999988
2022-08-09,2022-08-08,1,1,1,TX202208,False,11000.0,0.0,0.0,0.0,0.0,11000.0,10897768.436000004,False,0.0010104008425149897,-0.030176694942249616,-339091.2879999988
2022-08-10,2022-08-09,1,1,1,TX202208,False,-28000.0,0.0,0.0,0.0,0.0,-28000.0,10869768.436000004,False,-0.0025693333607185107,-0.0326684943139367,-367091.2879999988
2022-08-11,2022-08-10,0,1,0,,False,47800.0,50.0,60.444,800.0,910.444,46889.556,10916657.992000004,False,0.004313758501487913,-0.02849565980752633,-320201.7319999989
2022-08-12,2022-08-11,1,0,1,TX202208,False,8600.0,50.0,60.932,800.0,910.932,7689.067999999999,10924347.060000004,False,0.0007043426665591921,-0.027811387849981384,-312512.66399999894
2022-08-15,2022-08-12,1,1,1,TX202208,False,23000.0,0.0,0.0,0.0,0.0,23000.0,10947347.060000004,False,0.002105388987888855,-0.02576455265180977,-289512.66399999894
2022-08-16,2022-08-15,1,1,1,TX202209,True,7000.0,100.0,123.15200000000002,1600.0,1823.152,5176.848,10952523.908000004,False,0.00047288607656511053,-0.025303850273462714,-284335.81599999964
2022-08-17,2022-08-16,1,1,1,TX202209,False,2600.0,0.0,0.0,0.0,0.0,2600.0,10955123.908000004,False,0.00023738820584549408,-0.025072468903234668,-281735.81599999964
2022-08-18,2022-08-17,1,1,1,TX202209,False,-12800.0,0.0,0.0,0.0,0.0,-12800.0,10942323.908000004,False,-0.0011684030329088995,-0.0262115771874345,-294535.81599999964
2022-08-19,2022-08-18,1,1,1,TX202209,False,7600.0,0.0,0.0,0.0,0.0,7600.0,10949923.908000004,False,0.0006945508160696643,-0.02553523164369076,-286935.81599999964
2022-08-22,2022-08-19,1,1,1,TX202209,False,-35600.0,0.0,0.0,0.0,0.0,-35600.0,10914323.908000004,False,-0.0032511641449846675,-0.028703376559121585,-322535.81599999964
2022-08-23,2022-08-22,0,1,0,,False,-23200.0,50.0,60.220000000000006,800.0,910.22,-24110.22,10890213.688000003,False,-0.0022090438402994107,-0.030849013382237334,-346646.0360000003
2022-08-24,2022-08-23,0,0,0,,False,0.0,0.0,0.0,0.0,0.0,0.0,10890213.688000003,False,0.0,-0.030849013382237334,-346646.0360000003
2022-08-25,2022-08-24,0,0,0,,False,0.0,0.0,0.0,0.0,0.0,0.0,10890213.688000003,False,0.0,-0.030849013382237334,-346646.0360000003
2022-08-26,2022-08-25,0,0,0,,False,0.0,0.0,0.0,0.0,0.0,0.0,10890213.688000003,False,0.0,-0.030849013382237334,-346646.0360000003
2022-08-29,2022-08-26,0,0,0,,False,0.0,0.0,0.0,0.0,0.0,0.0,10890213.688000003,False,0.0,-0.030849013382237334,-346646.0360000003
2022-08-30,2022-08-29,0,0,0,,False,0.0,0.0,0.0,0.0,0.0,0.0,10890213.688000003,False,0.0,-0.030849013382237334,-346646.0360000003
2022-08-31,2022-08-30,0,0,0,,False,0.0,0.0,0.0,0.0,0.0,0.0,10890213.688000003,False,0.0,-0.030849013382237334,-346646.0360000003
2022-09-01,2022-08-31,0,0,0,,False,0.0,0.0,0.0,0.0,0.0,0.0,10890213.688000003,False,0.0,-0.030849013382237334,-346646.0360000003
2022-09-02,2022-09-01,0,0,0,,False,0.0,0.0,0.0,0.0,0.0,0.0,10890213.688000003,False,0.0,-0.030849013382237334,-346646.0360000003
2022-09-05,2022-09-02,0,0,0,,False,0.0,0.0,0.0,0.0,0.0,0.0,10890213.688000003,False,0.0,-0.030849013382237334,-346646.0360000003
2022-09-06,2022-09-05,0,0,0,,False,0.0,0.0,0.0,0.0,0.0,0.0,10890213.688000003,False,0.0,-0.030849013382237334,-346646.0360000003
2022-09-07,2022-09-06,0,0,0,,False,0.0,0.0,0.0,0.0,0.0,0.0,10890213.688000003,False,0.0,-0.030849013382237334,-346646.0360000003
2022-09-08,2022-09-07,0,0,0,,False,0.0,0.0,0.0,0.0,0.0,0.0,10890213.688000003,False,0.0,-0.030849013382237334,-346646.0360000003
2022-09-12,2022-09-08,0,0,0,,False,0.0,0.0,0.0,0.0,0.0,0.0,10890213.688000003,False,0.0,-0.030849013382237334,-346646.0360000003
2022-09-13,2022-09-12,0,0,0,,False,0.0,0.0,0.0,0.0,0.0,0.0,10890213.688000003,False,0.0,-0.030849013382237334,-346646.0360000003
2022-09-14,2022-09-13,0,0,0,,False,0.0,0.0,0.0,0.0,0.0,0.0,10890213.688000003,False,0.0,-0.030849013382237334,-346646.0360000003
2022-09-15,2022-09-14,0,0,0,,False,0.0,0.0,0.0,0.0,0.0,0.0,10890213.688000003,False,0.0,-0.030849013382237334,-346646.0360000003
2022-09-16,2022-09-15,0,0,0,,False,0.0,0.0,0.0,0.0,0.0,0.0,10890213.688000003,False,0.0,-0.030849013382237334,-346646.0360000003
2022-09-19,2022-09-16,0,0,0,,False,0.0,0.0,0.0,0.0,0.0,0.0,10890213.688000003,False,0.0,-0.030849013382237334,-346646.0360000003
2022-09-20,2022-09-19,0,0,0,,False,0.0,0.0,0.0,0.0,0.0,0.0,10890213.688000003,False,0.0,-0.030849013382237334,-346646.0360000003
2022-09-21,2022-09-20,0,0,0,,False,0.0,0.0,0.0,0.0,0.0,0.0,10890213.688000003,False,0.0,-0.030849013382237334,-346646.0360000003
2022-09-22,2022-09-21,0,0,0,,False,0.0,0.0,0.0,0.0,0.0,0.0,10890213.688000003,False,0.0,-0.030849013382237334,-346646.0360000003
2022-09-23,2022-09-22,0,0,0,,False,0.0,0.0,0.0,0.0,0.0,0.0,10890213.688000003,False,0.0,-0.030849013382237334,-346646.0360000003
2022-09-26,2022-09-23,0,0,0,,False,0.0,0.0,0.0,0.0,0.0,0.0,10890213.688000003,False,0.0,-0.030849013382237334,-346646.0360000003
2022-09-27,2022-09-26,0,0,0,,False,0.0,0.0,0.0,0.0,0.0,0.0,10890213.688000003,False,0.0,-0.030849013382237334,-346646.0360000003
2022-09-28,2022-09-27,0,0,0,,False,0.0,0.0,0.0,0.0,0.0,0.0,10890213.688000003,False,0.0,-0.030849013382237334,-346646.0360000003
2022-09-29,2022-09-28,0,0,0,,False,0.0,0.0,0.0,0.0,0.0,0.0,10890213.688000003,False,0.0,-0.030849013382237334,-346646.0360000003
2022-09-30,2022-09-29,0,0,0,,False,0.0,0.0,0.0,0.0,0.0,0.0,10890213.688000003,False,0.0,-0.030849013382237334,-346646.0360000003
2022-10-03,2022-09-30,0,0,0,,False,0.0,0.0,0.0,0.0,0.0,0.0,10890213.688000003,False,0.0,-0.030849013382237334,-346646.0360000003
2022-10-04,2022-10-03,0,0,0,,False,0.0,0.0,0.0,0.0,0.0,0.0,10890213.688000003,False,0.0,-0.030849013382237334,-346646.0360000003
2022-10-05,2022-10-04,0,0,0,,False,0.0,0.0,0.0,0.0,0.0,0.0,10890213.688000003,False,0.0,-0.030849013382237334,-346646.0360000003
2022-10-06,2022-10-05,0,0,0,,False,0.0,0.0,0.0,0.0,0.0,0.0,10890213.688000003,False,0.0,-0.030849013382237334,-346646.0360000003
2022-10-07,2022-10-06,0,0,0,,False,0.0,0.0,0.0,0.0,0.0,0.0,10890213.688000003,False,0.0,-0.030849013382237334,-346646.0360000003
2022-10-11,2022-10-07,0,0,0,,False,0.0,0.0,0.0,0.0,0.0,0.0,10890213.688000003,False,0.0,-0.030849013382237334,-346646.0360000003
2022-10-12,2022-10-11,0,0,0,,False,0.0,0.0,0.0,0.0,0.0,0.0,10890213.688000003,False,0.0,-0.030849013382237334,-346646.0360000003
2022-10-13,2022-10-12,0,0,0,,False,0.0,0.0,0.0,0.0,0.0,0.0,10890213.688000003,False,0.0,-0.030849013382237334,-346646.0360000003
2022-10-14,2022-10-13,0,0,0,,False,0.0,0.0,0.0,0.0,0.0,0.0,10890213.688000003,False,0.0,-0.030849013382237334,-346646.0360000003
2022-10-17,2022-10-14,0,0,0,,False,0.0,0.0,0.0,0.0,0.0,0.0,10890213.688000003,False,0.0,-0.030849013382237334,-346646.0360000003
2022-10-18,2022-10-17,0,0,0,,False,0.0,0.0,0.0,0.0,0.0,0.0,10890213.688000003,False,0.0,-0.030849013382237334,-346646.0360000003
2022-10-19,2022-10-18,0,0,0,,False,0.0,0.0,0.0,0.0,0.0,0.0,10890213.688000003,False,0.0,-0.030849013382237334,-346646.0360000003
2022-10-20,2022-10-19,0,0,0,,False,0.0,0.0,0.0,0.0,0.0,0.0,10890213.688000003,False,0.0,-0.030849013382237334,-346646.0360000003
2022-10-21,2022-10-20,0,0,0,,False,0.0,0.0,0.0,0.0,0.0,0.0,10890213.688000003,False,0.0,-0.030849013382237334,-346646.0360000003
2022-10-24,2022-10-21,0,0,0,,False,0.0,0.0,0.0,0.0,0.0,0.0,10890213.688000003,False,0.0,-0.030849013382237334,-346646.0360000003
2022-10-25,2022-10-24,0,0,0,,False,0.0,0.0,0.0,0.0,0.0,0.0,10890213.688000003,False,0.0,-0.030849013382237334,-346646.0360000003
2022-10-26,2022-10-25,0,0,0,,False,0.0,0.0,0.0,0.0,0.0,0.0,10890213.688000003,False,0.0,-0.030849013382237334,-346646.0360000003
2022-10-27,2022-10-26,0,0,0,,False,0.0,0.0,0.0,0.0,0.0,0.0,10890213.688000003,False,0.0,-0.030849013382237334,-346646.0360000003
2022-10-28,2022-10-27,0,0,0,,False,0.0,0.0,0.0,0.0,0.0,0.0,10890213.688000003,False,0.0,-0.030849013382237334,-346646.0360000003
2022-10-31,2022-10-28,0,0,0,,False,0.0,0.0,0.0,0.0,0.0,0.0,10890213.688000003,False,0.0,-0.030849013382237334,-346646.0360000003
2022-11-01,2022-10-31,0,0,0,,False,0.0,0.0,0.0,0.0,0.0,0.0,10890213.688000003,False,0.0,-0.030849013382237334,-346646.0360000003
2022-11-02,2022-11-01,0,0,0,,False,0.0,0.0,0.0,0.0,0.0,0.0,10890213.688000003,False,0.0,-0.030849013382237334,-346646.0360000003
2022-11-03,2022-11-02,1,0,1,TX202211,False,15000.0,50.0,51.548,800.0,901.548,14098.452,10904312.140000002,False,0.0012945982883269935,-0.02959435217383166,-332547.58400000073
2022-11-04,2022-11-03,0,1,0,,False,-15600.0,50.0,51.504000000000005,800.0,901.504,-16501.504,10887810.636000002,False,-0.001513300773871647,-0.031062867791656457,-349049.0880000014
2022-11-07,2022-11-04,0,0,0,,False,0.0,0.0,0.0,0.0,0.0,0.0,10887810.636000002,False,0.0,-0.031062867791656457,-349049.0880000014
2022-11-08,2022-11-07,0,0,0,,False,0.0,0.0,0.0,0.0,0.0,0.0,10887810.636000002,False,0.0,-0.031062867791656457,-349049.0880000014
2022-11-09,2022-11-08,0,0,0,,False,0.0,0.0,0.0,0.0,0.0,0.0,10887810.636000002,False,0.0,-0.031062867791656457,-349049.0880000014
2022-11-10,2022-11-09,1,0,1,TX202211,False,-13200.0,50.0,54.188,800.0,904.188,-14104.188,10873706.448000003,False,-0.0012954108471876988,-0.03231803946296197,-363153.27600000054
2022-11-11,2022-11-10,0,1,0,,False,97600.0,50.0,55.844,800.0,905.844,96694.156,10970400.604000002,False,0.008892474379587921,-0.023712952421297007,-266459.12000000104
2022-11-14,2022-11-11,0,0,0,,False,0.0,0.0,0.0,0.0,0.0,0.0,10970400.604000002,False,0.0,-0.023712952421297007,-266459.12000000104
2022-11-15,2022-11-14,0,0,0,,False,0.0,0.0,0.0,0.0,0.0,0.0,10970400.604000002,False,0.0,-0.023712952421297007,-266459.12000000104
2022-11-16,2022-11-15,0,0,0,,False,0.0,0.0,0.0,0.0,0.0,0.0,10970400.604000002,False,0.0,-0.023712952421297007,-266459.12000000104
2022-11-17,2022-11-16,0,0,0,,False,0.0,0.0,0.0,0.0,0.0,0.0,10970400.604000002,False,0.0,-0.023712952421297007,-266459.12000000104
2022-11-18,2022-11-17,0,0,0,,False,0.0,0.0,0.0,0.0,0.0,0.0,10970400.604000002,False,0.0,-0.023712952421297007,-266459.12000000104
2022-11-21,2022-11-18,0,0,0,,False,0.0,0.0,0.0,0.0,0.0,0.0,10970400.604000002,False,0.0,-0.023712952421297007,-266459.12000000104
2022-11-22,2022-11-21,0,0,0,,False,0.0,0.0,0.0,0.0,0.0,0.0,10970400.604000002,False,0.0,-0.023712952421297007,-266459.12000000104
2022-11-23,2022-11-22,0,0,0,,False,0.0,0.0,0.0,0.0,0.0,0.0,10970400.604000002,False,0.0,-0.023712952421297007,-266459.12000000104
2022-11-24,2022-11-23,0,0,0,,False,0.0,0.0,0.0,0.0,0.0,0.0,10970400.604000002,False,0.0,-0.023712952421297007,-266459.12000000104
2022-11-25,2022-11-24,0,0,0,,False,0.0,0.0,0.0,0.0,0.0,0.0,10970400.604000002,False,0.0,-0.023712952421297007,-266459.12000000104
2022-11-28,2022-11-25,0,0,0,,False,0.0,0.0,0.0,0.0,0.0,0.0,10970400.604000002,False,0.0,-0.023712952421297007,-266459.12000000104
2022-11-29,2022-11-28,0,0,0,,False,0.0,0.0,0.0,0.0,0.0,0.0,10970400.604000002,False,0.0,-0.023712952421297007,-266459.12000000104
2022-11-30,2022-11-29,1,0,1,TX202212,False,32000.0,50.0,58.57600000000001,800.0,908.576,31091.424,11001492.028000003,False,0.0028341192926595146,-0.02094603846458054,-235367.69600000046
2022-12-01,2022-11-30,1,1,1,TX202212,False,35400.0,0.0,0.0,0.0,0.0,35400.0,11036892.028000003,False,0.0032177453667105445,-0.017795692116090334,-199967.69600000046
2022-12-02,2022-12-01,0,1,0,,False,-23400.0,50.0,59.42400000000001,800.0,909.424,-24309.424,11012582.604000002,False,-0.002202560642826649,-0.01995905666785036,-224277.12000000104
2022-12-05,2022-12-02,0,0,0,,False,0.0,0.0,0.0,0.0,0.0,0.0,11012582.604000002,False,0.0,-0.01995905666785036,-224277.12000000104
2022-12-06,2022-12-05,0,0,0,,False,0.0,0.0,0.0,0.0,0.0,0.0,11012582.604000002,False,0.0,-0.01995905666785036,-224277.12000000104
2022-12-07,2022-12-06,0,0,0,,False,0.0,0.0,0.0,0.0,0.0,0.0,11012582.604000002,False,0.0,-0.01995905666785036,-224277.12000000104
2022-12-08,2022-12-07,0,0,0,,False,0.0,0.0,0.0,0.0,0.0,0.0,11012582.604000002,False,0.0,-0.01995905666785036,-224277.12000000104
2022-12-09,2022-12-08,0,0,0,,False,0.0,0.0,0.0,0.0,0.0,0.0,11012582.604000002,False,0.0,-0.01995905666785036,-224277.12000000104
2022-12-12,2022-12-09,0,0,0,,False,0.0,0.0,0.0,0.0,0.0,0.0,11012582.604000002,False,0.0,-0.01995905666785036,-224277.12000000104
2022-12-13,2022-12-12,0,0,0,,False,0.0,0.0,0.0,0.0,0.0,0.0,11012582.604000002,False,0.0,-0.01995905666785036,-224277.12000000104
2022-12-14,2022-12-13,0,0,0,,False,0.0,0.0,0.0,0.0,0.0,0.0,11012582.604000002,False,0.0,-0.01995905666785036,-224277.12000000104
2022-12-15,2022-12-14,0,0,0,,False,0.0,0.0,0.0,0.0,0.0,0.0,11012582.604000002,False,0.0,-0.01995905666785036,-224277.12000000104
2022-12-16,2022-12-15,1,0,1,TX202212,False,4200.0,50.0,57.776,800.0,907.7760000000001,3292.224,11015874.828000002,False,0.00029895112875740837,-0.01966607232161277,-220984.89600000158
2022-12-19,2022-12-16,0,1,0,,False,-11200.0,50.0,57.604000000000006,800.0,907.604,-12107.604,11003767.224000001,False,-0.0010991050814434687,-0.020743562323035536,-233092.50000000186
2022-12-20,2022-12-19,0,0,0,,False,0.0,0.0,0.0,0.0,0.0,0.0,11003767.224000001,False,0.0,-0.020743562323035536,-233092.50000000186
2022-12-21,2022-12-20,0,0,0,,False,0.0,0.0,0.0,0.0,0.0,0.0,11003767.224000001,False,0.0,-0.020743562323035536,-233092.50000000186
2022-12-22,2022-12-21,0,0,0,,False,0.0,0.0,0.0,0.0,0.0,0.0,11003767.224000001,False,0.0,-0.020743562323035536,-233092.50000000186
2022-12-23,2022-12-22,0,0,0,,False,0.0,0.0,0.0,0.0,0.0,0.0,11003767.224000001,False,0.0,-0.020743562323035536,-233092.50000000186
2022-12-26,2022-12-23,0,0,0,,False,0.0,0.0,0.0,0.0,0.0,0.0,11003767.224000001,False,0.0,-0.020743562323035536,-233092.50000000186
2022-12-27,2022-12-26,0,0,0,,False,0.0,0.0,0.0,0.0,0.0,0.0,11003767.224000001,False,0.0,-0.020743562323035536,-233092.50000000186
2022-12-28,2022-12-27,0,0,0,,False,0.0,0.0,0.0,0.0,0.0,0.0,11003767.224000001,False,0.0,-0.020743562323035536,-233092.50000000186
2022-12-29,2022-12-28,0,0,0,,False,0.0,0.0,0.0,0.0,0.0,0.0,11003767.224000001,False,0.0,-0.020743562323035536,-233092.50000000186
2022-12-30,2022-12-29,0,0,0,,False,0.0,0.0,0.0,0.0,0.0,0.0,11003767.224000001,False,0.0,-0.020743562323035536,-233092.50000000186
2023-01-03,2022-12-30,0,0,0,,False,0.0,0.0,0.0,0.0,0.0,0.0,11003767.224000001,False,0.0,-0.020743562323035536,-233092.50000000186
2023-01-04,2023-01-03,0,0,0,,False,0.0,0.0,0.0,0.0,0.0,0.0,11003767.224000001,False,0.0,-0.020743562323035536,-233092.50000000186
2023-01-05,2023-01-04,0,0,0,,False,0.0,0.0,0.0,0.0,0.0,0.0,11003767.224000001,False,0.0,-0.020743562323035536,-233092.50000000186
2023-01-06,2023-01-05,0,0,0,,False,0.0,0.0,0.0,0.0,0.0,0.0,11003767.224000001,False,0.0,-0.020743562323035536,-233092.50000000186
2023-01-09,2023-01-06,1,0,1,TX202301,False,30200.0,50.0,58.48800000000001,800.0,908.488,29291.512,11033058.736000001,False,0.002661953075135316,-0.01813682763741531,-203800.98800000176
2023-01-10,2023-01-09,1,1,1,TX202301,False,7800.0,0.0,0.0,0.0,0.0,7800.0,11040858.736000001,False,0.0007069662354419645,-0.01744268352673095,-196000.98800000176
2023-01-11,2023-01-10,1,1,1,TX202301,False,-3200.0,0.0,0.0,0.0,0.0,-3200.0,11037658.736000001,False,-0.0002898325281135994,-0.017727460597780964,-199200.98800000176
2023-01-12,2023-01-11,1,1,1,TX202301,False,-4800.0,0.0,0.0,0.0,0.0,-4800.0,11032858.736000001,False,-0.00043487483304267284,-0.018154626204355928,-204000.98800000176
2023-01-13,2023-01-12,1,1,1,TX202301,False,13000.0,0.0,0.0,0.0,0.0,13000.0,11045858.736000001,False,0.0011782984184852522,-0.016997719353215368,-191000.98800000176
2023-01-16,2023-01-13,1,1,1,TX202301,False,20600.0,0.0,0.0,0.0,0.0,20600.0,11066458.736000001,False,0.0018649523312172837,-0.01516446695833129,-170400.98800000176
2023-01-17,2023-01-16,1,1,1,TX202302,True,-2200.0,100.0,119.34,1600.0,1819.34,-4019.34,11062439.396000002,False,-0.0003632001976318578,-0.015522159418566939,-174420.3280000016
2023-01-30,2023-01-17,1,1,1,TX202302,False,109600.0,0.0,0.0,0.0,0.0,109600.0,11172039.396000002,False,0.009907398908746074,-0.005768544735105685,-64820.32800000161
2023-01-31,2023-01-30,1,1,1,TX202302,False,-38000.0,0.0,0.0,0.0,0.0,-38000.0,11134039.396000002,False,-0.003401348549988589,-0.009150272453824049,-102820.32800000161
2023-02-01,2023-01-31,0,1,0,,False,16400.0,50.0,61.38400000000001,800.0,911.384,15488.616,11149528.012000002,False,0.0013911048316897834,-0.007771896610355933,-87331.71200000122
2023-02-02,2023-02-01,0,0,0,,False,0.0,0.0,0.0,0.0,0.0,0.0,11149528.012000002,False,0.0,-0.007771896610355933,-87331.71200000122
2023-02-03,2023-02-02,1,0,1,TX202302,False,-400.0,50.0,62.34,800.0,912.34,-1312.3400000000001,11148215.672000002,False,-0.00011770363719321179,-0.007888685467050238,-88644.05200000107
2023-02-06,2023-02-03,0,1,0,,False,-15000.0,50.0,62.00000000000001,800.0,912.0,-15912.0,11132303.672000002,False,-0.0014273136139592974,-0.009304739452846156,-104556.05200000107
2023-02-07,2023-02-06,0,0,0,,False,0.0,0.0,0.0,0.0,0.0,0.0,11132303.672000002,False,0.0,-0.009304739452846156,-104556.05200000107
2023-02-08,2023-02-07,0,0,0,,False,0.0,0.0,0.0,0.0,0.0,0.0,11132303.672000002,False,0.0,-0.009304739452846156,-104556.05200000107
2023-02-09,2023-02-08,1,0,1,TX202302,False,10400.0,50.0,62.212,800.0,912.212,9487.788,11141791.460000003,False,0.0008522753492490246,-0.008460394303663965,-95068.26400000043
2023-02-10,2023-02-09,0,1,0,,False,-1000.0,50.0,62.368,800.0,912.3679999999999,-1912.368,11139879.092000002,False,-0.00017163918449430388,-0.00863058135297956,-96980.63200000115
2023-02-13,2023-02-10,0,0,0,,False,0.0,0.0,0.0,0.0,0.0,0.0,11139879.092000002,False,0.0,-0.00863058135297956,-96980.63200000115
2023-02-14,2023-02-13,1,0,1,TX202303,True,5600.0,150.0,187.77200000000002,2400.0,2737.772,2862.228,11142741.320000002,False,0.0002569352841590069,-0.008375863569692887,-94118.40400000103
2023-02-15,2023-02-14,0,1,0,,False,-30000.0,50.0,61.964000000000006,800.0,911.9639999999999,-30911.964,11111829.356000002,False,-0.00277417945120169,-0.011126806872293504,-125030.36800000072
2023-02-16,2023-02-15,0,0,0,,False,0.0,0.0,0.0,0.0,0.0,0.0,11111829.356000002,False,0.0,-0.011126806872293504,-125030.36800000072
2023-02-17,2023-02-16,1,0,1,TX202303,False,1000.0,50.0,61.728,800.0,911.7280000000001,88.27200000000005,11111917.628000002,False,7.943966485800669e-06,-0.011118951296788526,-124942.09600000083
2023-02-20,2023-02-17,1,1,1,TX202303,False,17800.0,0.0,0.0,0.0,0.0,17800.0,11129717.628000002,False,0.0016018837248349693,-0.009534878839073113,-107142.09600000083
2023-02-21,2023-02-20,1,1,1,TX202303,False,1200.0,0.0,0.0,0.0,0.0,1200.0,11130917.628000002,False,0.00010781944700744745,-0.0094280874374294,-105942.09600000083
2023-02-22,2023-02-21,1,1,1,TX202303,False,-30400.0,0.0,0.0,0.0,0.0,-30400.0,11100517.628000002,False,-0.002731131521764954,-0.012133469612404024,-136342.09600000083
2023-02-23,2023-02-22,0,1,0,,False,11800.0,50.0,61.724000000000004,800.0,911.724,10888.276,11111405.904000003,False,0.0009808800242373705,-0.011164491066134152,-125453.8200000003
2023-02-24,2023-02-23,1,0,1,TX202303,False,-20000.0,50.0,62.584,800.0,912.5840000000001,-20912.584,11090493.320000002,False,-0.0018820826257883048,-0.01302556119726117,-146366.40400000103
2023-03-01,2023-02-24,1,1,1,TX202303,False,400.0,0.0,0.0,0.0,0.0,400.0,11090893.320000002,False,3.606692583085203e-05,-0.012989964063379933,-145966.40400000103
2023-03-02,2023-03-01,1,1,1,TX202303,False,-400.0,0.0,0.0,0.0,0.0,-400.0,11090493.320000002,False,-3.606562505462815e-05,-0.01302556119726117,-146366.40400000103
2023-03-03,2023-03-02,1,1,1,TX202303,False,15400.0,0.0,0.0,0.0,0.0,15400.0,11105893.320000002,False,0.0013885766444878033,-0.011655071542833184,-130966.40400000103
2023-03-06,2023-03-03,1,1,1,TX202303,False,31000.0,0.0,0.0,0.0,0.0,31000.0,11136893.320000002,False,0.0027913108029026155,-0.008896293667036703,-99966.40400000103
2023-03-07,2023-03-06,1,1,1,TX202303,False,20000.0,0.0,0.0,0.0,0.0,20000.0,11156893.320000002,False,0.0017958329513746295,-0.0071164369729744825,-79966.40400000103
2023-03-08,2023-03-07,1,1,1,TX202303,False,-17800.0,0.0,0.0,0.0,0.0,-17800.0,11139093.320000002,False,-0.0015954262077680238,-0.008700509430689896,-97766.40400000103
2023-03-09,2023-03-08,1,1,1,TX202303,False,-3600.0,0.0,0.0,0.0,0.0,-3600.0,11135493.320000002,False,-0.00032318608854243797,-0.009020883635621035,-101366.40400000103
2023-03-10,2023-03-09,1,1,1,TX202303,False,-56600.0,0.0,0.0,0.0,0.0,-56600.0,11078893.320000002,False,-0.005082846208379746,-0.014057878079817288,-157966.40400000103
2023-03-13,2023-03-10,0,1,0,,False,-6800.0,50.0,61.784000000000006,800.0,911.784,-7711.784,11071181.536000002,False,-0.0006960789112463445,-0.014744171598595313,-165678.188000001
2023-03-14,2023-03-13,0,0,0,,False,0.0,0.0,0.0,0.0,0.0,0.0,11071181.536000002,False,0.0,-0.014744171598595313,-165678.188000001
2023-03-15,2023-03-14,0,0,0,,False,0.0,0.0,0.0,0.0,0.0,0.0,11071181.536000002,False,0.0,-0.014744171598595313,-165678.188000001
2023-03-16,2023-03-15,0,0,0,,False,0.0,0.0,0.0,0.0,0.0,0.0,11071181.536000002,False,0.0,-0.014744171598595313,-165678.188000001
2023-03-17,2023-03-16,0,0,0,,False,0.0,0.0,0.0,0.0,0.0,0.0,11071181.536000002,False,0.0,-0.014744171598595313,-165678.188000001
2023-03-20,2023-03-17,0,0,0,,False,0.0,0.0,0.0,0.0,0.0,0.0,11071181.536000002,False,0.0,-0.014744171598595313,-165678.188000001
2023-03-21,2023-03-20,0,0,0,,False,0.0,0.0,0.0,0.0,0.0,0.0,11071181.536000002,False,0.0,-0.014744171598595313,-165678.188000001
2023-03-22,2023-03-21,0,0,0,,False,0.0,0.0,0.0,0.0,0.0,0.0,11071181.536000002,False,0.0,-0.014744171598595313,-165678.188000001
2023-03-23,2023-03-22,1,0,1,TX202304,False,28400.0,50.0,62.79600000000001,800.0,912.796,27487.204,11098668.740000002,False,0.002482770597756008,-0.012298007396572608,-138190.9840000011
2023-03-24,2023-03-23,1,1,1,TX202304,False,15000.0,0.0,0.0,0.0,0.0,15000.0,11113668.740000002,False,0.0013515134428635986,-0.01096311487602597,-123190.9840000011
2023-03-27,2023-03-24,0,1,0,,False,-11400.0,50.0,63.404,800.0,913.404,-12313.404,11101355.336000003,False,-0.0011079513244516587,-0.012058919602830565,-135504.38800000027
2023-03-28,2023-03-27,0,0,0,,False,0.0,0.0,0.0,0.0,0.0,0.0,11101355.336000003,False,0.0,-0.012058919602830565,-135504.38800000027
2023-03-29,2023-03-28,0,0,0,,False,0.0,0.0,0.0,0.0,0.0,0.0,11101355.336000003,False,0.0,-0.012058919602830565,-135504.38800000027
2023-03-30,2023-03-29,0,0,0,,False,0.0,0.0,0.0,0.0,0.0,0.0,11101355.336000003,False,0.0,-0.012058919602830565,-135504.38800000027
2023-03-31,2023-03-30,0,0,0,,False,0.0,0.0,0.0,0.0,0.0,0.0,11101355.336000003,False,0.0,-0.012058919602830565,-135504.38800000027
2023-04-06,2023-03-31,0,0,0,,False,0.0,0.0,0.0,0.0,0.0,0.0,11101355.336000003,False,0.0,-0.012058919602830565,-135504.38800000027
2023-04-07,2023-04-06,1,0,1,TX202304,False,-6400.0,50.0,63.416000000000004,800.0,913.4159999999999,-7313.416,11094041.920000004,False,-0.0006587858670088424,-0.012709761224033556,-142817.80399999954
2023-04-10,2023-04-07,1,1,1,TX202304,False,6200.0,0.0,0.0,0.0,0.0,6200.0,11100241.920000004,False,0.0005588585336803917,-0.01215800564887426,-136617.80399999954
2023-04-11,2023-04-10,1,1,1,TX202304,False,14400.0,0.0,0.0,0.0,0.0,14400.0,11114641.920000004,False,0.001297269023844842,-0.010876508829149367,-122217.80399999954
2023-04-12,2023-04-11,1,1,1,TX202304,False,1000.0,0.0,0.0,0.0,0.0,1000.0,11115641.920000004,False,8.997140953327263e-05,-0.010787515994446273,-121217.80399999954
2023-04-13,2023-04-12,1,1,1,TX202304,False,-22000.0,0.0,0.0,0.0,0.0,-22000.0,11093641.920000004,False,-0.001979192938953542,-0.012745358357914793,-143217.80399999954
2023-04-14,2023-04-13,1,1,1,TX202304,False,26200.0,0.0,0.0,0.0,0.0,26200.0,11119841.920000004,False,0.0023617131496524806,-0.010413746088693276,-117017.80399999954
2023-04-17,2023-04-14,1,1,1,TX202304,False,4600.0,0.0,0.0,0.0,0.0,4600.0,11124441.920000004,False,0.00041367494547980035,-0.010004379049058931,-112417.80399999954
2023-04-18,2023-04-17,1,1,1,TX202305,True,-16000.0,100.0,127.04400000000001,1600.0,1827.044,-17827.044,11106614.876000004,False,-0.0016025113105179478,-0.01159085822899597,-130244.8479999993
2023-04-19,2023-04-18,1,1,1,TX202305,False,-18600.0,0.0,0.0,0.0,0.0,-18600.0,11088014.876000004,False,-0.001674677677011405,-0.013246124954473859,-148844.8479999993
2023-04-20,2023-04-19,0,1,0,,False,-9600.0,50.0,62.904,800.0,912.904,-10512.904,11077501.972000005,False,-0.0009481322055903054,-0.014181698082395555,-159357.75199999847
2023-04-21,2023-04-20,0,0,0,,False,0.0,0.0,0.0,0.0,0.0,0.0,11077501.972000005,False,0.0,-0.014181698082395555,-159357.75199999847
2023-04-24,2023-04-21,0,0,0,,False,0.0,0.0,0.0,0.0,0.0,0.0,11077501.972000005,False,0.0,-0.014181698082395555,-159357.75199999847
2023-04-25,2023-04-24,0,0,0,,False,0.0,0.0,0.0,0.0,0.0,0.0,11077501.972000005,False,0.0,-0.014181698082395555,-159357.75199999847
2023-04-26,2023-04-25,0,0,0,,False,0.0,0.0,0.0,0.0,0.0,0.0,11077501.972000005,False,0.0,-0.014181698082395555,-159357.75199999847
2023-04-27,2023-04-26,0,0,0,,False,0.0,0.0,0.0,0.0,0.0,0.0,11077501.972000005,False,0.0,-0.014181698082395555,-159357.75199999847
2023-04-28,2023-04-27,0,0,0,,False,0.0,0.0,0.0,0.0,0.0,0.0,11077501.972000005,False,0.0,-0.014181698082395555,-159357.75199999847
2023-05-02,2023-04-28,0,0,0,,False,0.0,0.0,0.0,0.0,0.0,0.0,11077501.972000005,False,0.0,-0.014181698082395555,-159357.75199999847
2023-05-03,2023-05-02,0,0,0,,False,0.0,0.0,0.0,0.0,0.0,0.0,11077501.972000005,False,0.0,-0.014181698082395555,-159357.75199999847
2023-05-04,2023-05-03,0,0,0,,False,0.0,0.0,0.0,0.0,0.0,0.0,11077501.972000005,False,0.0,-0.014181698082395555,-159357.75199999847
2023-05-05,2023-05-04,0,0,0,,False,0.0,0.0,0.0,0.0,0.0,0.0,11077501.972000005,False,0.0,-0.014181698082395555,-159357.75199999847
2023-05-08,2023-05-05,0,0,0,,False,0.0,0.0,0.0,0.0,0.0,0.0,11077501.972000005,False,0.0,-0.014181698082395555,-159357.75199999847
2023-05-09,2023-05-08,1,0,1,TX202305,False,6600.0,50.0,62.84,800.0,912.84,5687.16,11083189.132000005,False,0.0005133973358231055,-0.013675581592585417,-153670.59199999832
2023-05-10,2023-05-09,1,1,1,TX202305,False,-26000.0,0.0,0.0,0.0,0.0,-26000.0,11057189.132000005,False,-0.0023458951832673633,-0.015989395294866315,-179670.59199999832
2023-05-11,2023-05-10,0,1,0,,False,10200.0,50.0,62.624,800.0,912.624,9287.376,11066476.508000005,False,0.0008399400506881007,-0.01516288537767263,-170383.21599999815
2023-05-12,2023-05-11,0,0,0,,False,0.0,0.0,0.0,0.0,0.0,0.0,11066476.508000005,False,0.0,-0.01516288537767263,-170383.21599999815
2023-05-15,2023-05-12,0,0,0,,False,0.0,0.0,0.0,0.0,0.0,0.0,11066476.508000005,False,0.0,-0.01516288537767263,-170383.21599999815
2023-05-16,2023-05-15,0,0,0,,False,0.0,0.0,0.0,0.0,0.0,0.0,11066476.508000005,False,0.0,-0.01516288537767263,-170383.21599999815
2023-05-17,2023-05-16,1,0,1,TX202306,False,43000.0,50.0,62.660000000000004,800.0,912.66,42087.34,11108563.848000005,False,0.003803138240936478,-0.011417413685958944,-128295.8759999983
2023-05-18,2023-05-17,1,1,1,TX202306,False,38800.0,0.0,0.0,0.0,0.0,38800.0,11147363.848000005,False,0.003492800737422559,-0.007964491699478105,-89495.8759999983
2023-05-19,2023-05-18,1,1,1,TX202306,False,11800.0,0.0,0.0,0.0,0.0,11800.0,11159163.848000005,False,0.0010585462321764162,-0.006914376249981369,-77695.8759999983
2023-05-22,2023-05-19,1,1,1,TX202306,False,-2600.0,0.0,0.0,0.0,0.0,-2600.0,11156563.848000005,False,-0.00023299236711771945,-0.007145757620209525,-80295.8759999983
2023-05-23,2023-05-22,1,1,1,TX202306,False,3400.0,0.0,0.0,0.0,0.0,3400.0,11159963.848000005,False,0.000304753331430941,-0.006843181982218893,-76895.8759999983
2023-05-24,2023-05-23,0,1,0,,False,-15600.0,50.0,64.20400000000001,800.0,914.204,-16514.203999999998,11143449.644000005,False,-0.001479772177125783,-0.00831282780904441,-93410.07999999821
2023-05-25,2023-05-24,1,0,1,TX202306,False,15000.0,50.0,64.54400000000001,800.0,914.544,14085.456,11157535.100000005,False,0.0012640121730692314,-0.00705932315151836,-79324.62399999797
2023-05-26,2023-05-25,1,1,1,TX202306,False,45600.0,0.0,0.0,0.0,0.0,45600.0,11203135.100000005,False,0.00408692418095104,-0.0030012498890564787,-33724.62399999797
2023-05-29,2023-05-26,1,1,1,TX202306,False,27000.0,0.0,0.0,0.0,0.0,27000.0,11230135.100000005,False,0.0024100396682710705,-0.0005984433520723753,-6724.623999997973
2023-05-30,2023-05-29,0,1,0,,False,-4000.0,50.0,66.18400000000001,800.0,916.184,-4916.184,11225218.916000005,False,-0.0004377671289101409,-0.0010359485021544934,-11640.807999998331
2023-05-31,2023-05-30,0,0,0,,False,0.0,0.0,0.0,0.0,0.0,0.0,11225218.916000005,False,0.0,-0.0010359485021544934,-11640.807999998331
2023-06-01,2023-05-31,0,0,0,,False,0.0,0.0,0.0,0.0,0.0,0.0,11225218.916000005,False,0.0,-0.0010359485021544934,-11640.807999998331
2023-06-02,2023-06-01,0,0,0,,False,0.0,0.0,0.0,0.0,0.0,0.0,11225218.916000005,False,0.0,-0.0010359485021544934,-11640.807999998331
2023-06-05,2023-06-02,0,0,0,,False,0.0,0.0,0.0,0.0,0.0,0.0,11225218.916000005,False,0.0,-0.0010359485021544934,-11640.807999998331
2023-06-06,2023-06-05,0,0,0,,False,0.0,0.0,0.0,0.0,0.0,0.0,11225218.916000005,False,0.0,-0.0010359485021544934,-11640.807999998331
2023-06-07,2023-06-06,0,0,0,,False,0.0,0.0,0.0,0.0,0.0,0.0,11225218.916000005,False,0.0,-0.0010359485021544934,-11640.807999998331
2023-06-08,2023-06-07,1,0,1,TX202306,False,-26600.0,50.0,67.424,800.0,917.424,-27517.424,11197701.492000004,False,-0.0024513930824794604,-0.003484802067642012,-39158.23199999891
2023-06-09,2023-06-08,1,1,1,TX202306,False,33800.0,0.0,0.0,0.0,0.0,33800.0,11231501.492000004,False,0.0030184766064846255,-0.000476844254676867,-5358.231999998912
2023-06-12,2023-06-09,0,1,0,,False,13200.0,50.0,67.80000000000001,800.0,917.8,12282.2,11243783.692000004,False,0.001093549247066244,0.0,0.0
2023-06-13,2023-06-12,0,0,0,,False,0.0,0.0,0.0,0.0,0.0,0.0,11243783.692000004,False,0.0,0.0,0.0
2023-06-14,2023-06-13,0,0,0,,False,0.0,0.0,0.0,0.0,0.0,0.0,11243783.692000004,False,0.0,0.0,0.0
2023-06-15,2023-06-14,0,0,0,,False,0.0,0.0,0.0,0.0,0.0,0.0,11243783.692000004,False,0.0,0.0,0.0
2023-06-16,2023-06-15,0,0,0,,False,0.0,0.0,0.0,0.0,0.0,0.0,11243783.692000004,False,0.0,0.0,0.0
2023-06-19,2023-06-16,0,0,0,,False,0.0,0.0,0.0,0.0,0.0,0.0,11243783.692000004,False,0.0,0.0,0.0
2023-06-20,2023-06-19,0,0,0,,False,0.0,0.0,0.0,0.0,0.0,0.0,11243783.692000004,False,0.0,0.0,0.0
2023-06-21,2023-06-20,0,0,0,,False,0.0,0.0,0.0,0.0,0.0,0.0,11243783.692000004,False,0.0,0.0,0.0
2023-06-26,2023-06-21,0,0,0,,False,0.0,0.0,0.0,0.0,0.0,0.0,11243783.692000004,False,0.0,0.0,0.0
2023-06-27,2023-06-26,0,0,0,,False,0.0,0.0,0.0,0.0,0.0,0.0,11243783.692000004,False,0.0,0.0,0.0
2023-06-28,2023-06-27,0,0,0,,False,0.0,0.0,0.0,0.0,0.0,0.0,11243783.692000004,False,0.0,0.0,0.0
2023-06-29,2023-06-28,0,0,0,,False,0.0,0.0,0.0,0.0,0.0,0.0,11243783.692000004,False,0.0,0.0,0.0
2023-06-30,2023-06-29,0,0,0,,False,0.0,0.0,0.0,0.0,0.0,0.0,11243783.692000004,False,0.0,0.0,0.0
2023-07-03,2023-06-30,0,0,0,,False,0.0,0.0,0.0,0.0,0.0,0.0,11243783.692000004,False,0.0,0.0,0.0
2023-07-04,2023-07-03,0,0,0,,False,0.0,0.0,0.0,0.0,0.0,0.0,11243783.692000004,False,0.0,0.0,0.0
2023-07-05,2023-07-04,0,0,0,,False,0.0,0.0,0.0,0.0,0.0,0.0,11243783.692000004,False,0.0,0.0,0.0
2023-07-06,2023-07-05,0,0,0,,False,0.0,0.0,0.0,0.0,0.0,0.0,11243783.692000004,False,0.0,0.0,0.0
2023-07-07,2023-07-06,0,0,0,,False,0.0,0.0,0.0,0.0,0.0,0.0,11243783.692000004,False,0.0,0.0,0.0
2023-07-10,2023-07-07,0,0,0,,False,0.0,0.0,0.0,0.0,0.0,0.0,11243783.692000004,False,0.0,0.0,0.0
2023-07-11,2023-07-10,0,0,0,,False,0.0,0.0,0.0,0.0,0.0,0.0,11243783.692000004,False,0.0,0.0,0.0
2023-07-12,2023-07-11,0,0,0,,False,0.0,0.0,0.0,0.0,0.0,0.0,11243783.692000004,False,0.0,0.0,0.0
2023-07-13,2023-07-12,0,0,0,,False,0.0,0.0,0.0,0.0,0.0,0.0,11243783.692000004,False,0.0,0.0,0.0
2023-07-14,2023-07-13,0,0,0,,False,0.0,0.0,0.0,0.0,0.0,0.0,11243783.692000004,False,0.0,0.0,0.0
2023-07-17,2023-07-14,0,0,0,,False,0.0,0.0,0.0,0.0,0.0,0.0,11243783.692000004,False,0.0,0.0,0.0
2023-07-18,2023-07-17,0,0,0,,False,0.0,0.0,0.0,0.0,0.0,0.0,11243783.692000004,False,0.0,0.0,0.0
2023-07-19,2023-07-18,0,0,0,,False,0.0,0.0,0.0,0.0,0.0,0.0,11243783.692000004,False,0.0,0.0,0.0
2023-07-20,2023-07-19,0,0,0,,False,0.0,0.0,0.0,0.0,0.0,0.0,11243783.692000004,False,0.0,0.0,0.0
2023-07-21,2023-07-20,0,0,0,,False,0.0,0.0,0.0,0.0,0.0,0.0,11243783.692000004,False,0.0,0.0,0.0
2023-07-24,2023-07-21,0,0,0,,False,0.0,0.0,0.0,0.0,0.0,0.0,11243783.692000004,False,0.0,0.0,0.0
2023-07-25,2023-07-24,0,0,0,,False,0.0,0.0,0.0,0.0,0.0,0.0,11243783.692000004,False,0.0,0.0,0.0
2023-07-26,2023-07-25,1,0,1,TX202308,False,-20800.0,50.0,68.84,800.0,918.84,-21718.84,11222064.852000004,False,-0.0019316308988986547,-0.0019316308988986952,-21718.83999999985
2023-07-27,2023-07-26,0,1,0,,False,16200.0,50.0,68.71600000000001,800.0,918.716,15281.284,11237346.136000004,False,0.0013617176697456493,-0.0005725435650794086,-6437.555999999866
2023-07-28,2023-07-27,1,0,1,TX202308,False,21400.0,50.0,68.63600000000001,800.0,918.636,20481.364,11257827.500000004,False,0.0018226157450455165,0.0,0.0
2023-07-31,2023-07-28,1,1,1,TX202308,False,-32400.0,0.0,0.0,0.0,0.0,-32400.0,11225427.500000004,False,-0.0028779975532579436,-0.002877997553257905,-32400.0
2023-08-01,2023-07-31,0,1,0,,False,12000.0,50.0,68.62400000000001,800.0,918.624,11081.376,11236508.876000004,False,0.000987167392956749,-0.001893671225642768,-21318.623999999836
2023-08-02,2023-08-01,0,0,0,,False,0.0,0.0,0.0,0.0,0.0,0.0,11236508.876000004,False,0.0,-0.001893671225642768,-21318.623999999836
2023-08-04,2023-08-02,0,0,0,,False,0.0,0.0,0.0,0.0,0.0,0.0,11236508.876000004,False,0.0,-0.001893671225642768,-21318.623999999836
2023-08-07,2023-08-04,0,0,0,,False,0.0,0.0,0.0,0.0,0.0,0.0,11236508.876000004,False,0.0,-0.001893671225642768,-21318.623999999836
2023-08-08,2023-08-07,0,0,0,,False,0.0,0.0,0.0,0.0,0.0,0.0,11236508.876000004,False,0.0,-0.001893671225642768,-21318.623999999836
2023-08-09,2023-08-08,0,0,0,,False,0.0,0.0,0.0,0.0,0.0,0.0,11236508.876000004,False,0.0,-0.001893671225642768,-21318.623999999836
2023-08-10,2023-08-09,0,0,0,,False,0.0,0.0,0.0,0.0,0.0,0.0,11236508.876000004,False,0.0,-0.001893671225642768,-21318.623999999836
2023-08-11,2023-08-10,0,0,0,,False,0.0,0.0,0.0,0.0,0.0,0.0,11236508.876000004,False,0.0,-0.001893671225642768,-21318.623999999836
2023-08-14,2023-08-11,0,0,0,,False,0.0,0.0,0.0,0.0,0.0,0.0,11236508.876000004,False,0.0,-0.001893671225642768,-21318.623999999836
2023-08-15,2023-08-14,0,0,0,,False,0.0,0.0,0.0,0.0,0.0,0.0,11236508.876000004,False,0.0,-0.001893671225642768,-21318.623999999836
2023-08-16,2023-08-15,0,0,0,,False,0.0,0.0,0.0,0.0,0.0,0.0,11236508.876000004,False,0.0,-0.001893671225642768,-21318.623999999836
2023-08-17,2023-08-16,0,0,0,,False,0.0,0.0,0.0,0.0,0.0,0.0,11236508.876000004,False,0.0,-0.001893671225642768,-21318.623999999836
2023-08-18,2023-08-17,0,0,0,,False,0.0,0.0,0.0,0.0,0.0,0.0,11236508.876000004,False,0.0,-0.001893671225642768,-21318.623999999836
2023-08-21,2023-08-18,0,0,0,,False,0.0,0.0,0.0,0.0,0.0,0.0,11236508.876000004,False,0.0,-0.001893671225642768,-21318.623999999836
2023-08-22,2023-08-21,0,0,0,,False,0.0,0.0,0.0,0.0,0.0,0.0,11236508.876000004,False,0.0,-0.001893671225642768,-21318.623999999836
2023-08-23,2023-08-22,0,0,0,,False,0.0,0.0,0.0,0.0,0.0,0.0,11236508.876000004,False,0.0,-0.001893671225642768,-21318.623999999836
2023-08-24,2023-08-23,0,0,0,,False,0.0,0.0,0.0,0.0,0.0,0.0,11236508.876000004,False,0.0,-0.001893671225642768,-21318.623999999836
2023-08-25,2023-08-24,1,0,1,TX202309,False,-25600.0,50.0,66.212,800.0,916.212,-26516.212,11209992.664000005,False,-0.0023598265522341935,-0.004249029042237451,-47834.835999999195
2023-08-28,2023-08-25,0,1,0,,False,9400.0,50.0,65.85600000000001,800.0,915.856,8484.144,11218476.808000004,False,0.0007568376050098722,-0.003495407262191552,-39350.691999999806
2023-08-29,2023-08-28,0,0,0,,False,0.0,0.0,0.0,0.0,0.0,0.0,11218476.808000004,False,0.0,-0.003495407262191552,-39350.691999999806
2023-08-30,2023-08-29,1,0,1,TX202309,False,-2800.0,50.0,66.968,800.0,916.968,-3716.968,11214759.840000004,False,-0.0003313255501272146,-0.003825574694584777,-43067.66000000015
2023-08-31,2023-08-30,1,1,1,TX202309,False,-19200.0,0.0,0.0,0.0,0.0,-19200.0,11195559.840000004,False,-0.0017120295284004934,-0.005531054726145013,-62267.66000000015
2023-09-01,2023-08-31,1,1,1,TX202309,False,4600.0,0.0,0.0,0.0,0.0,4600.0,11200159.840000004,False,0.00041087717503549145,-0.005122450135250367,-57667.66000000015
2023-09-04,2023-09-01,1,1,1,TX202309,False,26200.0,0.0,0.0,0.0,0.0,26200.0,11226359.840000004,False,0.002339252329813178,-0.0027951805088504145,-31467.66000000015
2023-09-05,2023-09-04,1,1,1,TX202309,False,-5600.0,0.0,0.0,0.0,0.0,-5600.0,11220759.840000004,False,-0.0004988259845410405,-0.003292612184722099,-37067.66000000015
2023-09-06,2023-09-05,1,1,1,TX202309,False,-8600.0,0.0,0.0,0.0,0.0,-8600.0,11212159.840000004,False,-0.0007664365089913551,-0.0040565251155252335,-45667.66000000015
2023-09-07,2023-09-06,1,1,1,TX202309,False,-29400.0,0.0,0.0,0.0,0.0,-29400.0,11182759.840000004,False,-0.0026221531283485513,-0.0066680414138518,-75067.66000000015
2023-09-08,2023-09-07,1,1,1,TX202309,False,-200.0,0.0,0.0,0.0,0.0,-200.0,11182559.840000004,False,-1.7884672733882117e-05,-0.006685806830847296,-75267.66000000015
2023-09-11,2023-09-08,1,1,1,TX202309,False,-27200.0,0.0,0.0,0.0,0.0,-27200.0,11155359.840000004,False,-0.0024323589937525424,-0.009101903542224288,-102467.66000000015
2023-09-12,2023-09-11,0,1,0,,False,6400.0,50.0,65.82000000000001,800.0,915.82,5484.18,11160844.020000003,False,0.0004916183860188232,-0.008614759819334683,-96983.48000000045
2023-09-13,2023-09-12,1,0,1,TX202309,False,1400.0,50.0,66.296,800.0,916.296,483.70399999999995,11161327.724000003,False,4.33393746147883e-05,-0.008571793803022865,-96499.77600000054
2023-09-14,2023-09-13,1,1,1,TX202309,False,52200.0,0.0,0.0,0.0,0.0,52200.0,11213527.724000003,False,0.004676862940576082,-0.003935019967218456,-44299.77600000054
2023-09-15,2023-09-14,1,1,1,TX202309,False,13600.0,0.0,0.0,0.0,0.0,13600.0,11227127.724000003,False,0.001212820829870719,-0.0027269716115299047,-30699.776000000536
2023-09-18,2023-09-15,1,1,1,TX202309,False,-39400.0,0.0,0.0,0.0,0.0,-39400.0,11187727.724000003,False,-0.0035093570651891152,-0.0062267587596275265,-70099.77600000054
2023-09-19,2023-09-18,1,1,1,TX202310,True,-20000.0,100.0,132.936,1600.0,1832.936,-21832.936,11165894.788000003,False,-0.001951507628592338,-0.008166114820999049,-91932.71200000122
2023-09-20,2023-09-19,0,1,0,,False,-1000.0,50.0,66.464,800.0,916.4639999999999,-1916.464,11163978.324000003,False,-0.00017163550583152777,-0.008336348731582621,-93849.17600000091
2023-09-21,2023-09-20,0,0,0,,False,0.0,0.0,0.0,0.0,0.0,0.0,11163978.324000003,False,0.0,-0.008336348731582621,-93849.17600000091
2023-09-22,2023-09-21,0,0,0,,False,0.0,0.0,0.0,0.0,0.0,0.0,11163978.324000003,False,0.0,-0.008336348731582621,-93849.17600000091
2023-09-25,2023-09-22,0,0,0,,False,0.0,0.0,0.0,0.0,0.0,0.0,11163978.324000003,False,0.0,-0.008336348731582621,-93849.17600000091
2023-09-26,2023-09-25,0,0,0,,False,0.0,0.0,0.0,0.0,0.0,0.0,11163978.324000003,False,0.0,-0.008336348731582621,-93849.17600000091
2023-09-27,2023-09-26,0,0,0,,False,0.0,0.0,0.0,0.0,0.0,0.0,11163978.324000003,False,0.0,-0.008336348731582621,-93849.17600000091
2023-09-28,2023-09-27,0,0,0,,False,0.0,0.0,0.0,0.0,0.0,0.0,11163978.324000003,False,0.0,-0.008336348731582621,-93849.17600000091
2023-10-02,2023-09-28,0,0,0,,False,0.0,0.0,0.0,0.0,0.0,0.0,11163978.324000003,False,0.0,-0.008336348731582621,-93849.17600000091
2023-10-03,2023-10-02,0,0,0,,False,0.0,0.0,0.0,0.0,0.0,0.0,11163978.324000003,False,0.0,-0.008336348731582621,-93849.17600000091
2023-10-04,2023-10-03,0,0,0,,False,0.0,0.0,0.0,0.0,0.0,0.0,11163978.324000003,False,0.0,-0.008336348731582621,-93849.17600000091
2023-10-05,2023-10-04,0,0,0,,False,0.0,0.0,0.0,0.0,0.0,0.0,11163978.324000003,False,0.0,-0.008336348731582621,-93849.17600000091
2023-10-06,2023-10-05,0,0,0,,False,0.0,0.0,0.0,0.0,0.0,0.0,11163978.324000003,False,0.0,-0.008336348731582621,-93849.17600000091
2023-10-11,2023-10-06,1,0,1,TX202310,False,-22400.0,50.0,67.33200000000001,800.0,917.332,-23317.332,11140660.992000002,False,-0.0020886221133082157,-0.010407559362585861,-117166.50800000131
2023-10-12,2023-10-11,1,1,1,TX202310,False,26200.0,0.0,0.0,0.0,0.0,26200.0,11166860.992000002,False,0.002351745557899478,-0.008080289736185908,-90966.50800000131
2023-10-13,2023-10-12,1,1,1,TX202310,False,-15600.0,0.0,0.0,0.0,0.0,-15600.0,11151260.992000002,False,-0.0013969906145671483,-0.009465992261828649,-106566.50800000131
2023-10-16,2023-10-13,1,1,1,TX202310,False,-24400.0,0.0,0.0,0.0,0.0,-24400.0,11126860.992000002,False,-0.002188093348142846,-0.011633373135269798,-130966.50800000131
2023-10-17,2023-10-16,1,1,1,TX202311,True,400.0,100.0,133.288,1600.0,1833.288,-1433.288,11125427.704000002,False,-0.00012881332848774748,-0.01176068793024243,-132399.79600000195
2023-10-18,2023-10-17,1,1,1,TX202311,False,-40800.0,0.0,0.0,0.0,0.0,-40800.0,11084627.704000002,False,-0.0036672747408471222,-0.015384832997308084,-173199.79600000195
2023-10-19,2023-10-18,0,1,0,,False,-20600.0,50.0,65.444,800.0,915.444,-21515.444,11063112.260000002,False,-0.0019410163854430519,-0.017295987169816063,-194715.2400000021
2023-10-20,2023-10-19,0,0,0,,False,0.0,0.0,0.0,0.0,0.0,0.0,11063112.260000002,False,0.0,-0.017295987169816063,-194715.2400000021
2023-10-23,2023-10-20,0,0,0,,False,0.0,0.0,0.0,0.0,0.0,0.0,11063112.260000002,False,0.0,-0.017295987169816063,-194715.2400000021
2023-10-24,2023-10-23,0,0,0,,False,0.0,0.0,0.0,0.0,0.0,0.0,11063112.260000002,False,0.0,-0.017295987169816063,-194715.2400000021
2023-10-25,2023-10-24,0,0,0,,False,0.0,0.0,0.0,0.0,0.0,0.0,11063112.260000002,False,0.0,-0.017295987169816063,-194715.2400000021
2023-10-26,2023-10-25,0,0,0,,False,0.0,0.0,0.0,0.0,0.0,0.0,11063112.260000002,False,0.0,-0.017295987169816063,-194715.2400000021
2023-10-27,2023-10-26,0,0,0,,False,0.0,0.0,0.0,0.0,0.0,0.0,11063112.260000002,False,0.0,-0.017295987169816063,-194715.2400000021
2023-10-30,2023-10-27,0,0,0,,False,0.0,0.0,0.0,0.0,0.0,0.0,11063112.260000002,False,0.0,-0.017295987169816063,-194715.2400000021
2023-10-31,2023-10-30,0,0,0,,False,0.0,0.0,0.0,0.0,0.0,0.0,11063112.260000002,False,0.0,-0.017295987169816063,-194715.2400000021
2023-11-01,2023-10-31,0,0,0,,False,0.0,0.0,0.0,0.0,0.0,0.0,11063112.260000002,False,0.0,-0.017295987169816063,-194715.2400000021
2023-11-02,2023-11-01,0,0,0,,False,0.0,0.0,0.0,0.0,0.0,0.0,11063112.260000002,False,0.0,-0.017295987169816063,-194715.2400000021
2023-11-03,2023-11-02,0,0,0,,False,0.0,0.0,0.0,0.0,0.0,0.0,11063112.260000002,False,0.0,-0.017295987169816063,-194715.2400000021
2023-11-06,2023-11-03,1,0,1,TX202311,False,-2000.0,50.0,66.736,800.0,916.736,-2916.736,11060195.524000002,False,-0.0002636451598295541,-0.01755507232634379,-197631.97600000165
2023-11-07,2023-11-06,1,1,1,TX202311,False,7800.0,0.0,0.0,0.0,0.0,7800.0,11067995.524000002,False,0.0007052316555412098,-0.01686222106352242,-189831.97600000165
2023-11-08,2023-11-07,1,1,1,TX202311,False,8000.0,0.0,0.0,0.0,0.0,8000.0,11075995.524000002,False,0.0007228047736966178,-0.016151604383705664,-181831.97600000165
2023-11-09,2023-11-08,1,1,1,TX202311,False,2800.0,0.0,0.0,0.0,0.0,2800.0,11078795.524000002,False,0.0002527989465084944,-0.01590288854576971,-179031.97600000165
2023-11-10,2023-11-09,1,1,1,TX202311,False,-5400.0,0.0,0.0,0.0,0.0,-5400.0,11073395.524000002,False,-0.0004874176067517427,-0.01638255480464601,-184431.97600000165
2023-11-13,2023-11-10,1,1,1,TX202311,False,28000.0,0.0,0.0,0.0,0.0,28000.0,11101395.524000002,False,0.0025285830294162256,-0.013895396425287365,-156431.97600000165
2023-11-14,2023-11-13,1,1,1,TX202312,True,14600.0,100.0,135.668,1600.0,1835.6680000000001,12764.332,11114159.856000002,False,0.0011497952642444736,-0.01276157802204747,-143667.64400000125
2023-11-15,2023-11-14,1,1,1,TX202312,False,38800.0,0.0,0.0,0.0,0.0,38800.0,11152959.856000002,False,0.003491042103290762,-0.009315087124936117,-104867.64400000125
2023-11-16,2023-11-15,1,1,1,TX202312,False,4800.0,0.0,0.0,0.0,0.0,4800.0,11157759.856000002,False,0.00043037902601413247,-0.008888717117045974,-100067.64400000125
2023-11-17,2023-11-16,1,1,1,TX202312,False,7200.0,0.0,0.0,0.0,0.0,7200.0,11164959.856000002,False,0.0006452908193868551,-0.008249162105210872,-92867.64400000125
2023-11-20,2023-11-17,1,1,1,TX202312,False,-4400.0,0.0,0.0,0.0,0.0,-4400.0,11160559.856000002,False,-0.0003940900869102058,-0.008640001279110132,-97267.64400000125
2023-11-21,2023-11-20,1,1,1,TX202312,False,43000.0,0.0,0.0,0.0,0.0,43000.0,11203559.856000002,False,0.003852853311555233,-0.004820436625095015,-54267.64400000125
2023-11-22,2023-11-21,1,1,1,TX202312,False,-26200.0,0.0,0.0,0.0,0.0,-26200.0,11177359.856000002,False,-0.0023385424219399997,-0.007147706251494856,-80467.64400000125
2023-11-23,2023-11-22,1,1,1,TX202312,False,4600.0,0.0,0.0,0.0,0.0,4600.0,11181959.856000002,False,0.00041154620225729977,-0.006739101660600211,-75867.64400000125
2023-11-24,2023-11-23,1,1,1,TX202312,False,-2800.0,0.0,0.0,0.0,0.0,-2800.0,11179159.856000002,False,-0.0002504033314426164,-0.006987817498536164,-78667.64400000125
2023-11-27,2023-11-24,1,1,1,TX202312,False,-24000.0,0.0,0.0,0.0,0.0,-24000.0,11155159.856000002,False,-0.0021468518483630846,-0.009119667537986431,-102667.64400000125
2023-11-28,2023-11-27,1,1,1,TX202312,False,38200.0,0.0,0.0,0.0,0.0,38200.0,11193359.856000002,False,0.003424424256856655,-0.005726472891861345,-64467.64400000125
2023-11-29,2023-11-28,1,1,1,TX202312,False,-6000.0,0.0,0.0,0.0,0.0,-6000.0,11187359.856000002,False,-0.0005360320830553666,-0.006259435401723912,-70467.64400000125
2023-11-30,2023-11-29,1,1,1,TX202312,False,11800.0,0.0,0.0,0.0,0.0,11800.0,11199159.856000002,False,0.0010547618161823433,-0.005211275798994164,-58667.64400000125
2023-12-01,2023-11-30,1,1,1,TX202312,False,5600.0,0.0,0.0,0.0,0.0,5600.0,11204759.856000002,False,0.0005000375092422467,-0.004713844123122479,-53067.64400000125
2023-12-04,2023-12-01,1,1,1,TX202312,False,-400.0,0.0,0.0,0.0,0.0,-400.0,11204359.856000002,False,-3.569911404980315e-05,-0.00474937495711325,-53467.64400000125
2023-12-05,2023-12-04,0,1,0,,False,-26800.0,50.0,69.12400000000001,800.0,919.124,-27719.124,11176640.732000003,False,-0.002473958740726829,-0.007211583940151978,-81186.76800000109
2023-12-06,2023-12-05,0,0,0,,False,0.0,0.0,0.0,0.0,0.0,0.0,11176640.732000003,False,0.0,-0.007211583940151978,-81186.76800000109
2023-12-07,2023-12-06,0,0,0,,False,0.0,0.0,0.0,0.0,0.0,0.0,11176640.732000003,False,0.0,-0.007211583940151978,-81186.76800000109
2023-12-08,2023-12-07,0,0,0,,False,0.0,0.0,0.0,0.0,0.0,0.0,11176640.732000003,False,0.0,-0.007211583940151978,-81186.76800000109
2023-12-11,2023-12-08,0,0,0,,False,0.0,0.0,0.0,0.0,0.0,0.0,11176640.732000003,False,0.0,-0.007211583940151978,-81186.76800000109
2023-12-12,2023-12-11,0,0,0,,False,0.0,0.0,0.0,0.0,0.0,0.0,11176640.732000003,False,0.0,-0.007211583940151978,-81186.76800000109
2023-12-13,2023-12-12,0,0,0,,False,0.0,0.0,0.0,0.0,0.0,0.0,11176640.732000003,False,0.0,-0.007211583940151978,-81186.76800000109
2023-12-14,2023-12-13,0,0,0,,False,0.0,0.0,0.0,0.0,0.0,0.0,11176640.732000003,False,0.0,-0.007211583940151978,-81186.76800000109
2023-12-15,2023-12-14,0,0,0,,False,0.0,0.0,0.0,0.0,0.0,0.0,11176640.732000003,False,0.0,-0.007211583940151978,-81186.76800000109
2023-12-18,2023-12-15,0,0,0,,False,0.0,0.0,0.0,0.0,0.0,0.0,11176640.732000003,False,0.0,-0.007211583940151978,-81186.76800000109
2023-12-19,2023-12-18,0,0,0,,False,0.0,0.0,0.0,0.0,0.0,0.0,11176640.732000003,False,0.0,-0.007211583940151978,-81186.76800000109
2023-12-20,2023-12-19,0,0,0,,False,0.0,0.0,0.0,0.0,0.0,0.0,11176640.732000003,False,0.0,-0.007211583940151978,-81186.76800000109
2023-12-21,2023-12-20,0,0,0,,False,0.0,0.0,0.0,0.0,0.0,0.0,11176640.732000003,False,0.0,-0.007211583940151978,-81186.76800000109
2023-12-22,2023-12-21,0,0,0,,False,0.0,0.0,0.0,0.0,0.0,0.0,11176640.732000003,False,0.0,-0.007211583940151978,-81186.76800000109
2023-12-25,2023-12-22,0,0,0,,False,0.0,0.0,0.0,0.0,0.0,0.0,11176640.732000003,False,0.0,-0.007211583940151978,-81186.76800000109
2023-12-26,2023-12-25,0,0,0,,False,0.0,0.0,0.0,0.0,0.0,0.0,11176640.732000003,False,0.0,-0.007211583940151978,-81186.76800000109
2023-12-27,2023-12-26,0,0,0,,False,0.0,0.0,0.0,0.0,0.0,0.0,11176640.732000003,False,0.0,-0.007211583940151978,-81186.76800000109
2023-12-28,2023-12-27,1,0,1,TX202401,False,3000.0,50.0,71.41600000000001,800.0,921.416,2078.584,11178719.316000003,False,0.0001859757372399719,-0.007026949382551884,-79108.18400000036
2023-12-29,2023-12-28,0,1,0,,False,-2400.0,50.0,71.396,800.0,921.396,-3321.396,11175397.920000004,False,-0.0002971177561678389,-0.007321979307286397,-82429.58000000007
2024-01-02,2023-12-29,0,0,0,,False,0.0,0.0,0.0,0.0,0.0,0.0,11175397.920000004,False,0.0,-0.007321979307286397,-82429.58000000007
2024-01-03,2024-01-02,0,0,0,,False,0.0,0.0,0.0,0.0,0.0,0.0,11175397.920000004,False,0.0,-0.007321979307286397,-82429.58000000007
2024-01-04,2024-01-03,0,0,0,,False,0.0,0.0,0.0,0.0,0.0,0.0,11175397.920000004,False,0.0,-0.007321979307286397,-82429.58000000007
2024-01-05,2024-01-04,0,0,0,,False,0.0,0.0,0.0,0.0,0.0,0.0,11175397.920000004,False,0.0,-0.007321979307286397,-82429.58000000007
2024-01-08,2024-01-05,0,0,0,,False,0.0,0.0,0.0,0.0,0.0,0.0,11175397.920000004,False,0.0,-0.007321979307286397,-82429.58000000007
2024-01-09,2024-01-08,0,0,0,,False,0.0,0.0,0.0,0.0,0.0,0.0,11175397.920000004,False,0.0,-0.007321979307286397,-82429.58000000007
2024-01-10,2024-01-09,0,0,0,,False,0.0,0.0,0.0,0.0,0.0,0.0,11175397.920000004,False,0.0,-0.007321979307286397,-82429.58000000007
2024-01-11,2024-01-10,0,0,0,,False,0.0,0.0,0.0,0.0,0.0,0.0,11175397.920000004,False,0.0,-0.007321979307286397,-82429.58000000007
2024-01-12,2024-01-11,0,0,0,,False,0.0,0.0,0.0,0.0,0.0,0.0,11175397.920000004,False,0.0,-0.007321979307286397,-82429.58000000007
2024-01-15,2024-01-12,0,0,0,,False,0.0,0.0,0.0,0.0,0.0,0.0,11175397.920000004,False,0.0,-0.007321979307286397,-82429.58000000007
2024-01-16,2024-01-15,0,0,0,,False,0.0,0.0,0.0,0.0,0.0,0.0,11175397.920000004,False,0.0,-0.007321979307286397,-82429.58000000007
2024-01-17,2024-01-16,0,0,0,,False,0.0,0.0,0.0,0.0,0.0,0.0,11175397.920000004,False,0.0,-0.007321979307286397,-82429.58000000007
2024-01-18,2024-01-17,0,0,0,,False,0.0,0.0,0.0,0.0,0.0,0.0,11175397.920000004,False,0.0,-0.007321979307286397,-82429.58000000007
2024-01-19,2024-01-18,0,0,0,,False,0.0,0.0,0.0,0.0,0.0,0.0,11175397.920000004,False,0.0,-0.007321979307286397,-82429.58000000007
2024-01-22,2024-01-19,1,0,1,TX202402,False,200.0,50.0,71.28,800.0,921.28,-721.28,11174676.640000004,False,-6.454177338143497e-05,-0.007386048507138643,-83150.8599999994
2024-01-23,2024-01-22,1,1,1,TX202402,False,10600.0,0.0,0.0,0.0,0.0,10600.0,11185276.640000004,False,0.0009485733092317914,-0.00644448140638143,-72550.8599999994
2024-01-24,2024-01-23,1,1,1,TX202402,False,6600.0,0.0,0.0,0.0,0.0,6600.0,11191876.640000004,False,0.0005900614005734594,-0.005858222645532596,-65950.8599999994
2024-01-25,2024-01-24,1,1,1,TX202402,False,18400.0,0.0,0.0,0.0,0.0,18400.0,11210276.640000004,False,0.0016440495720117224,-0.004223804281954013,-47550.859999999404
2024-01-26,2024-01-25,1,1,1,TX202402,False,800.0,0.0,0.0,0.0,0.0,800.0,11211076.640000004,False,7.136309171403283e-05,-0.00415274261397236,-46750.859999999404
2024-01-29,2024-01-26,1,1,1,TX202402,False,25200.0,0.0,0.0,0.0,0.0,25200.0,11236276.640000004,False,0.002247776980677209,-0.0019143000725494463,-21550.859999999404
2024-01-30,2024-01-29,1,1,1,TX202402,False,-8800.0,0.0,0.0,0.0,0.0,-8800.0,11227476.640000004,False,-0.000783177584705675,-0.0026959784203479664,-30350.859999999404
2024-01-31,2024-01-30,1,1,1,TX202402,False,-32200.0,0.0,0.0,0.0,0.0,-32200.0,11195276.640000004,False,-0.002867964105601558,-0.005556210556610486,-62550.859999999404
2024-02-01,2024-01-31,1,1,1,TX202402,False,13200.0,0.0,0.0,0.0,0.0,13200.0,11208476.640000004,False,0.0011790686755195712,-0.004383693034912817,-49350.859999999404
2024-02-02,2024-02-01,1,1,1,TX202402,False,19600.0,0.0,0.0,0.0,0.0,19600.0,11228076.640000004,False,0.0017486765266613424,-0.0026426821693616986,-29750.859999999404
2024-02-05,2024-02-02,0,1,0,,False,-15200.0,50.0,72.016,800.0,922.016,-16122.016,11211954.624000004,False,-0.0014358662233000213,-0.004074753854595881,-45872.876000000164
2024-02-15,2024-02-05,0,0,0,,False,0.0,0.0,0.0,0.0,0.0,0.0,11211954.624000004,False,0.0,-0.004074753854595881,-45872.876000000164
2024-02-16,2024-02-15,1,0,1,TX202402,False,-9800.0,50.0,74.748,800.0,924.748,-10724.748,11201229.876000004,False,-0.0009565457906013014,-0.005027401956549826,-56597.623999999836
2024-02-19,2024-02-16,1,1,1,TX202402,False,7400.0,0.0,0.0,0.0,0.0,7400.0,11208629.876000004,False,0.0006606417404088277,-0.004370081527719227,-49197.623999999836
2024-02-20,2024-02-19,1,1,1,TX202403,True,16400.0,100.0,150.06,1600.0,1850.06,14549.94,11223179.816000003,False,0.00129810156646839,-0.0030776527709276413,-34647.68400000036
2024-02-21,2024-02-20,1,1,1,TX202403,False,-14000.0,0.0,0.0,0.0,0.0,-14000.0,11209179.816000003,False,-0.001247418310097937,-0.004321231960606964,-48647.68400000036
2024-02-22,2024-02-21,1,1,1,TX202403,False,39400.0,0.0,0.0,0.0,0.0,39400.0,11248579.816000003,False,0.0035149761754879128,-0.0008214448125093421,-9247.684000000358
2024-02-23,2024-02-22,1,1,1,TX202403,False,4800.0,0.0,0.0,0.0,0.0,4800.0,11253379.816000003,False,0.0004267205352601463,-0.0003950748046193109,-4447.684000000358
2024-02-26,2024-02-23,1,1,1,TX202403,False,10000.0,0.0,0.0,0.0,0.0,10000.0,11263379.816000003,False,0.0008886219219031465,0.0,0.0
2024-02-27,2024-02-26,1,1,1,TX202403,False,-19200.0,0.0,0.0,0.0,0.0,-19200.0,11244179.816000003,False,-0.0017046393101940649,-0.001704639310194045,-19200.0
2024-02-29,2024-02-27,0,1,0,,False,-11800.0,50.0,75.21600000000001,800.0,925.216,-12725.216,11231454.600000003,False,-0.0011317158039301847,-0.002834425946876884,-31925.216000000015
2024-03-01,2024-02-29,1,0,1,TX202403,False,-1400.0,50.0,75.888,800.0,925.888,-2325.888,11229128.712000003,False,-0.00020708697874271772,-0.003040925952913831,-34251.10400000028
2024-03-04,2024-03-01,0,1,0,,False,36600.0,50.0,76.56,800.0,926.56,35673.44,11264802.152000003,False,0.003176866248035575,0.0,0.0
2024-03-05,2024-03-04,0,0,0,,False,0.0,0.0,0.0,0.0,0.0,0.0,11264802.152000003,False,0.0,0.0,0.0
2024-03-06,2024-03-05,0,0,0,,False,0.0,0.0,0.0,0.0,0.0,0.0,11264802.152000003,False,0.0,0.0,0.0
2024-03-07,2024-03-06,0,0,0,,False,0.0,0.0,0.0,0.0,0.0,0.0,11264802.152000003,False,0.0,0.0,0.0
2024-03-08,2024-03-07,0,0,0,,False,0.0,0.0,0.0,0.0,0.0,0.0,11264802.152000003,False,0.0,0.0,0.0
2024-03-11,2024-03-08,0,0,0,,False,0.0,0.0,0.0,0.0,0.0,0.0,11264802.152000003,False,0.0,0.0,0.0
2024-03-12,2024-03-11,0,0,0,,False,0.0,0.0,0.0,0.0,0.0,0.0,11264802.152000003,False,0.0,0.0,0.0
2024-03-13,2024-03-12,0,0,0,,False,0.0,0.0,0.0,0.0,0.0,0.0,11264802.152000003,False,0.0,0.0,0.0
2024-03-14,2024-03-13,0,0,0,,False,0.0,0.0,0.0,0.0,0.0,0.0,11264802.152000003,False,0.0,0.0,0.0
2024-03-15,2024-03-14,0,0,0,,False,0.0,0.0,0.0,0.0,0.0,0.0,11264802.152000003,False,0.0,0.0,0.0
2024-03-18,2024-03-15,0,0,0,,False,0.0,0.0,0.0,0.0,0.0,0.0,11264802.152000003,False,0.0,0.0,0.0
2024-03-19,2024-03-18,0,0,0,,False,0.0,0.0,0.0,0.0,0.0,0.0,11264802.152000003,False,0.0,0.0,0.0
2024-03-20,2024-03-19,0,0,0,,False,0.0,0.0,0.0,0.0,0.0,0.0,11264802.152000003,False,0.0,0.0,0.0
2024-03-21,2024-03-20,0,0,0,,False,0.0,0.0,0.0,0.0,0.0,0.0,11264802.152000003,False,0.0,0.0,0.0
2024-03-22,2024-03-21,1,0,1,TX202404,False,3200.0,50.0,80.92,800.0,930.9200000000001,2269.08,11267071.232000003,False,0.00020143096783969148,0.0,0.0
2024-03-25,2024-03-22,0,1,0,,False,2800.0,50.0,81.00800000000001,800.0,931.008,1868.9920000000002,11268940.224000003,False,0.00016588090742621834,0.0,0.0
2024-03-26,2024-03-25,0,0,0,,False,0.0,0.0,0.0,0.0,0.0,0.0,11268940.224000003,False,0.0,0.0,0.0
2024-03-27,2024-03-26,0,0,0,,False,0.0,0.0,0.0,0.0,0.0,0.0,11268940.224000003,False,0.0,0.0,0.0
2024-03-28,2024-03-27,0,0,0,,False,0.0,0.0,0.0,0.0,0.0,0.0,11268940.224000003,False,0.0,0.0,0.0
2024-03-29,2024-03-28,0,0,0,,False,0.0,0.0,0.0,0.0,0.0,0.0,11268940.224000003,False,0.0,0.0,0.0
2024-04-01,2024-03-29,1,0,1,TX202404,False,-21000.0,50.0,81.58800000000001,800.0,931.588,-21931.588,11247008.636000004,False,-0.001946197917821167,-0.0019461979178211353,-21931.587999999523
2024-04-02,2024-04-01,0,1,0,,False,12400.0,50.0,81.384,800.0,931.384,11468.616,11258477.252000004,False,0.0010197036715425525,-0.0009284787914408676,-10462.971999999136
2024-04-03,2024-04-02,1,0,1,TX202404,False,-4200.0,50.0,81.49600000000001,800.0,931.496,-5131.496,11253345.756000005,False,-0.0004557895250966039,-0.0013838451256300566,-15594.46799999848
2024-04-08,2024-04-03,0,1,0,,False,11000.0,50.0,81.60000000000001,800.0,931.6,10068.4,11263414.156000005,False,0.0008947028037978641,-0.0004903804519460486,-5526.067999998108
2024-04-09,2024-04-08,0,0,0,,False,0.0,0.0,0.0,0.0,0.0,0.0,11263414.156000005,False,0.0,-0.0004903804519460486,-5526.067999998108
2024-04-10,2024-04-09,1,0,1,TX202404,False,5800.0,50.0,83.304,800.0,933.304,4866.696,11268280.852000006,False,0.0004320800010188312,-5.851233451337201e-05,-659.3719999976456
2024-04-11,2024-04-10,1,1,1,TX202404,False,-19600.0,0.0,0.0,0.0,0.0,-19600.0,11248680.852000006,False,-0.0017393957656390148,-0.00179780632404547,-20259.371999997646
2024-04-12,2024-04-11,0,1,0,,False,-1600.0,50.0,82.96400000000001,800.0,932.9639999999999,-2532.964,11246147.888000006,False,-0.00022517875947646263,-0.0020225802557241046,-22792.335999997333
2024-04-15,2024-04-12,0,0,0,,False,0.0,0.0,0.0,0.0,0.0,0.0,11246147.888000006,False,0.0,-0.0020225802557241046,-22792.335999997333
2024-04-16,2024-04-15,0,0,0,,False,0.0,0.0,0.0,0.0,0.0,0.0,11246147.888000006,False,0.0,-0.0020225802557241046,-22792.335999997333
2024-04-17,2024-04-16,0,0,0,,False,0.0,0.0,0.0,0.0,0.0,0.0,11246147.888000006,False,0.0,-0.0020225802557241046,-22792.335999997333
2024-04-18,2024-04-17,0,0,0,,False,0.0,0.0,0.0,0.0,0.0,0.0,11246147.888000006,False,0.0,-0.0020225802557241046,-22792.335999997333
2024-04-19,2024-04-18,0,0,0,,False,0.0,0.0,0.0,0.0,0.0,0.0,11246147.888000006,False,0.0,-0.0020225802557241046,-22792.335999997333
2024-04-22,2024-04-19,0,0,0,,False,0.0,0.0,0.0,0.0,0.0,0.0,11246147.888000006,False,0.0,-0.0020225802557241046,-22792.335999997333
2024-04-23,2024-04-22,0,0,0,,False,0.0,0.0,0.0,0.0,0.0,0.0,11246147.888000006,False,0.0,-0.0020225802557241046,-22792.335999997333
2024-04-24,2024-04-23,0,0,0,,False,0.0,0.0,0.0,0.0,0.0,0.0,11246147.888000006,False,0.0,-0.0020225802557241046,-22792.335999997333
2024-04-25,2024-04-24,0,0,0,,False,0.0,0.0,0.0,0.0,0.0,0.0,11246147.888000006,False,0.0,-0.0020225802557241046,-22792.335999997333
2024-04-26,2024-04-25,0,0,0,,False,0.0,0.0,0.0,0.0,0.0,0.0,11246147.888000006,False,0.0,-0.0020225802557241046,-22792.335999997333
2024-04-29,2024-04-26,0,0,0,,False,0.0,0.0,0.0,0.0,0.0,0.0,11246147.888000006,False,0.0,-0.0020225802557241046,-22792.335999997333
2024-04-30,2024-04-29,1,0,1,TX202405,False,-21000.0,50.0,82.08800000000001,800.0,932.088,-21932.088,11224215.800000006,False,-0.0019501866966734652,-0.003968822543289785,-44724.423999996856
2024-05-02,2024-04-30,0,1,0,,False,-32600.0,50.0,80.98400000000001,800.0,930.984,-33530.984,11190684.816000007,False,-0.0029873787708180003,-0.0069443449378967514,-78255.4079999961
2024-05-03,2024-05-02,0,0,0,,False,0.0,0.0,0.0,0.0,0.0,0.0,11190684.816000007,False,0.0,-0.0069443449378967514,-78255.4079999961
2024-05-06,2024-05-03,0,0,0,,False,0.0,0.0,0.0,0.0,0.0,0.0,11190684.816000007,False,0.0,-0.0069443449378967514,-78255.4079999961
2024-05-07,2024-05-06,1,0,1,TX202405,False,-16600.0,50.0,82.94800000000001,800.0,932.948,-17532.948,11173151.868000006,False,-0.0015667448675645008,-0.008500209788671276,-95788.35599999689
2024-05-08,2024-05-07,0,1,0,,False,-6400.0,50.0,82.456,800.0,932.456,-7332.456,11165819.412000006,False,-0.0006562567202724784,-0.009150888189146333,-103120.81199999712
2024-05-09,2024-05-08,0,0,0,,False,0.0,0.0,0.0,0.0,0.0,0.0,11165819.412000006,False,0.0,-0.009150888189146333,-103120.81199999712
2024-05-10,2024-05-09,0,0,0,,False,0.0,0.0,0.0,0.0,0.0,0.0,11165819.412000006,False,0.0,-0.009150888189146333,-103120.81199999712
2024-05-13,2024-05-10,1,0,1,TX202405,False,-11800.0,50.0,83.784,800.0,933.784,-12733.784,11153085.628000006,False,-0.0011404253937973318,-0.010280877677676936,-115854.59599999711
2024-05-14,2024-05-13,1,1,1,TX202406,True,26000.0,100.0,168.108,1600.0,1868.108,24131.892,11177217.520000007,False,0.002163696469738965,-0.008139425906674824,-91722.70399999619
2024-05-15,2024-05-14,1,1,1,TX202406,False,46600.0,0.0,0.0,0.0,0.0,46600.0,11223817.520000007,False,0.0041691950538330375,-0.00400416570707296,-45122.703999996185
2024-05-16,2024-05-15,1,1,1,TX202406,False,24600.0,0.0,0.0,0.0,0.0,24600.0,11248417.520000007,False,0.002191767636649886,-0.0018211742712316292,-20522.703999996185
2024-05-17,2024-05-16,1,1,1,TX202406,False,-6800.0,0.0,0.0,0.0,0.0,-6800.0,11241617.520000007,False,-0.000604529480516651,-0.0024246027982122165,-27322.703999996185
2024-05-20,2024-05-17,0,1,0,,False,19800.0,50.0,85.724,800.0,935.7239999999999,18864.276,11260481.796000008,False,0.0016780748825903828,-0.0007505965806776649,-8458.427999995649
2024-05-21,2024-05-20,1,0,1,TX202406,False,-9400.0,50.0,85.31200000000001,800.0,935.312,-10335.312,11250146.484000007,False,-0.000917839235233376,-0.0016677468889195746,-18793.7399999965
2024-05-22,2024-05-21,0,1,0,,False,3200.0,50.0,85.156,800.0,935.156,2264.844,11252411.328000007,False,0.0002013168453602865,-0.001466765789101765,-16528.89599999599
2024-05-23,2024-05-22,1,0,1,TX202406,False,-5200.0,50.0,86.536,800.0,936.5360000000001,-6136.536,11246274.792000007,False,-0.0005453529755644564,-0.0020113188595787257,-22665.431999996305
2024-05-24,2024-05-23,0,1,0,,False,-31200.0,50.0,85.77600000000001,800.0,935.7760000000001,-32135.776,11214139.016000006,False,-0.0028574596116804525,-0.004863031208851787,-54801.20799999684
2024-05-27,2024-05-24,1,0,1,TX202406,False,41000.0,50.0,86.69600000000001,800.0,936.696,40063.304,11254202.320000006,False,0.0035725706577062087,-0.0013078340737497918,-14737.903999997303
2024-05-28,2024-05-27,0,1,0,,False,3400.0,50.0,87.552,800.0,937.552,2462.448,11256664.768000007,False,0.00021880253526488925,-0.0010893176958959305,-12275.455999996513
2024-05-29,2024-05-28,0,0,0,,False,0.0,0.0,0.0,0.0,0.0,0.0,11256664.768000007,False,0.0,-0.0010893176958959305,-12275.455999996513
2024-05-30,2024-05-29,0,0,0,,False,0.0,0.0,0.0,0.0,0.0,0.0,11256664.768000007,False,0.0,-0.0010893176958959305,-12275.455999996513
2024-05-31,2024-05-30,0,0,0,,False,0.0,0.0,0.0,0.0,0.0,0.0,11256664.768000007,False,0.0,-0.0010893176958959305,-12275.455999996513
2024-06-03,2024-05-31,0,0,0,,False,0.0,0.0,0.0,0.0,0.0,0.0,11256664.768000007,False,0.0,-0.0010893176958959305,-12275.455999996513
2024-06-04,2024-06-03,0,0,0,,False,0.0,0.0,0.0,0.0,0.0,0.0,11256664.768000007,False,0.0,-0.0010893176958959305,-12275.455999996513
2024-06-05,2024-06-04,0,0,0,,False,0.0,0.0,0.0,0.0,0.0,0.0,11256664.768000007,False,0.0,-0.0010893176958959305,-12275.455999996513
2024-06-06,2024-06-05,0,0,0,,False,0.0,0.0,0.0,0.0,0.0,0.0,11256664.768000007,False,0.0,-0.0010893176958959305,-12275.455999996513
2024-06-07,2024-06-06,0,0,0,,False,0.0,0.0,0.0,0.0,0.0,0.0,11256664.768000007,False,0.0,-0.0010893176958959305,-12275.455999996513
2024-06-11,2024-06-07,0,0,0,,False,0.0,0.0,0.0,0.0,0.0,0.0,11256664.768000007,False,0.0,-0.0010893176958959305,-12275.455999996513
2024-06-12,2024-06-11,0,0,0,,False,0.0,0.0,0.0,0.0,0.0,0.0,11256664.768000007,False,0.0,-0.0010893176958959305,-12275.455999996513
2024-06-13,2024-06-12,0,0,0,,False,0.0,0.0,0.0,0.0,0.0,0.0,11256664.768000007,False,0.0,-0.0010893176958959305,-12275.455999996513
2024-06-14,2024-06-13,0,0,0,,False,0.0,0.0,0.0,0.0,0.0,0.0,11256664.768000007,False,0.0,-0.0010893176958959305,-12275.455999996513
2024-06-17,2024-06-14,0,0,0,,False,0.0,0.0,0.0,0.0,0.0,0.0,11256664.768000007,False,0.0,-0.0010893176958959305,-12275.455999996513
2024-06-18,2024-06-17,0,0,0,,False,0.0,0.0,0.0,0.0,0.0,0.0,11256664.768000007,False,0.0,-0.0010893176958959305,-12275.455999996513
2024-06-19,2024-06-18,0,0,0,,False,0.0,0.0,0.0,0.0,0.0,0.0,11256664.768000007,False,0.0,-0.0010893176958959305,-12275.455999996513
2024-06-20,2024-06-19,0,0,0,,False,0.0,0.0,0.0,0.0,0.0,0.0,11256664.768000007,False,0.0,-0.0010893176958959305,-12275.455999996513
2024-06-21,2024-06-20,0,0,0,,False,0.0,0.0,0.0,0.0,0.0,0.0,11256664.768000007,False,0.0,-0.0010893176958959305,-12275.455999996513
2024-06-24,2024-06-21,0,0,0,,False,0.0,0.0,0.0,0.0,0.0,0.0,11256664.768000007,False,0.0,-0.0010893176958959305,-12275.455999996513
2024-06-25,2024-06-24,0,0,0,,False,0.0,0.0,0.0,0.0,0.0,0.0,11256664.768000007,False,0.0,-0.0010893176958959305,-12275.455999996513
2024-06-26,2024-06-25,0,0,0,,False,0.0,0.0,0.0,0.0,0.0,0.0,11256664.768000007,False,0.0,-0.0010893176958959305,-12275.455999996513
2024-06-27,2024-06-26,0,0,0,,False,0.0,0.0,0.0,0.0,0.0,0.0,11256664.768000007,False,0.0,-0.0010893176958959305,-12275.455999996513
2024-06-28,2024-06-27,0,0,0,,False,0.0,0.0,0.0,0.0,0.0,0.0,11256664.768000007,False,0.0,-0.0010893176958959305,-12275.455999996513
2024-07-01,2024-06-28,0,0,0,,False,0.0,0.0,0.0,0.0,0.0,0.0,11256664.768000007,False,0.0,-0.0010893176958959305,-12275.455999996513
2024-07-02,2024-07-01,0,0,0,,False,0.0,0.0,0.0,0.0,0.0,0.0,11256664.768000007,False,0.0,-0.0010893176958959305,-12275.455999996513
2024-07-03,2024-07-02,0,0,0,,False,0.0,0.0,0.0,0.0,0.0,0.0,11256664.768000007,False,0.0,-0.0010893176958959305,-12275.455999996513
2024-07-04,2024-07-03,0,0,0,,False,0.0,0.0,0.0,0.0,0.0,0.0,11256664.768000007,False,0.0,-0.0010893176958959305,-12275.455999996513
2024-07-05,2024-07-04,0,0,0,,False,0.0,0.0,0.0,0.0,0.0,0.0,11256664.768000007,False,0.0,-0.0010893176958959305,-12275.455999996513
2024-07-08,2024-07-05,0,0,0,,False,0.0,0.0,0.0,0.0,0.0,0.0,11256664.768000007,False,0.0,-0.0010893176958959305,-12275.455999996513
2024-07-09,2024-07-08,0,0,0,,False,0.0,0.0,0.0,0.0,0.0,0.0,11256664.768000007,False,0.0,-0.0010893176958959305,-12275.455999996513
2024-07-10,2024-07-09,0,0,0,,False,0.0,0.0,0.0,0.0,0.0,0.0,11256664.768000007,False,0.0,-0.0010893176958959305,-12275.455999996513
2024-07-11,2024-07-10,0,0,0,,False,0.0,0.0,0.0,0.0,0.0,0.0,11256664.768000007,False,0.0,-0.0010893176958959305,-12275.455999996513
2024-07-12,2024-07-11,0,0,0,,False,0.0,0.0,0.0,0.0,0.0,0.0,11256664.768000007,False,0.0,-0.0010893176958959305,-12275.455999996513
2024-07-15,2024-07-12,0,0,0,,False,0.0,0.0,0.0,0.0,0.0,0.0,11256664.768000007,False,0.0,-0.0010893176958959305,-12275.455999996513
2024-07-16,2024-07-15,0,0,0,,False,0.0,0.0,0.0,0.0,0.0,0.0,11256664.768000007,False,0.0,-0.0010893176958959305,-12275.455999996513
2024-07-17,2024-07-16,0,0,0,,False,0.0,0.0,0.0,0.0,0.0,0.0,11256664.768000007,False,0.0,-0.0010893176958959305,-12275.455999996513
2024-07-18,2024-07-17,0,0,0,,False,0.0,0.0,0.0,0.0,0.0,0.0,11256664.768000007,False,0.0,-0.0010893176958959305,-12275.455999996513
2024-07-19,2024-07-18,0,0,0,,False,0.0,0.0,0.0,0.0,0.0,0.0,11256664.768000007,False,0.0,-0.0010893176958959305,-12275.455999996513
2024-07-22,2024-07-19,0,0,0,,False,0.0,0.0,0.0,0.0,0.0,0.0,11256664.768000007,False,0.0,-0.0010893176958959305,-12275.455999996513
2024-07-23,2024-07-22,0,0,0,,False,0.0,0.0,0.0,0.0,0.0,0.0,11256664.768000007,False,0.0,-0.0010893176958959305,-12275.455999996513
2024-07-26,2024-07-23,0,0,0,,False,0.0,0.0,0.0,0.0,0.0,0.0,11256664.768000007,False,0.0,-0.0010893176958959305,-12275.455999996513
2024-07-29,2024-07-26,0,0,0,,False,0.0,0.0,0.0,0.0,0.0,0.0,11256664.768000007,False,0.0,-0.0010893176958959305,-12275.455999996513
2024-07-30,2024-07-29,0,0,0,,False,0.0,0.0,0.0,0.0,0.0,0.0,11256664.768000007,False,0.0,-0.0010893176958959305,-12275.455999996513
2024-07-31,2024-07-30,0,0,0,,False,0.0,0.0,0.0,0.0,0.0,0.0,11256664.768000007,False,0.0,-0.0010893176958959305,-12275.455999996513
2024-08-01,2024-07-31,0,0,0,,False,0.0,0.0,0.0,0.0,0.0,0.0,11256664.768000007,False,0.0,-0.0010893176958959305,-12275.455999996513
2024-08-02,2024-08-01,0,0,0,,False,0.0,0.0,0.0,0.0,0.0,0.0,11256664.768000007,False,0.0,-0.0010893176958959305,-12275.455999996513
2024-08-05,2024-08-02,0,0,0,,False,0.0,0.0,0.0,0.0,0.0,0.0,11256664.768000007,False,0.0,-0.0010893176958959305,-12275.455999996513
2024-08-06,2024-08-05,0,0,0,,False,0.0,0.0,0.0,0.0,0.0,0.0,11256664.768000007,False,0.0,-0.0010893176958959305,-12275.455999996513
2024-08-07,2024-08-06,0,0,0,,False,0.0,0.0,0.0,0.0,0.0,0.0,11256664.768000007,False,0.0,-0.0010893176958959305,-12275.455999996513
2024-08-08,2024-08-07,0,0,0,,False,0.0,0.0,0.0,0.0,0.0,0.0,11256664.768000007,False,0.0,-0.0010893176958959305,-12275.455999996513
2024-08-09,2024-08-08,0,0,0,,False,0.0,0.0,0.0,0.0,0.0,0.0,11256664.768000007,False,0.0,-0.0010893176958959305,-12275.455999996513
2024-08-12,2024-08-09,0,0,0,,False,0.0,0.0,0.0,0.0,0.0,0.0,11256664.768000007,False,0.0,-0.0010893176958959305,-12275.455999996513
2024-08-13,2024-08-12,0,0,0,,False,0.0,0.0,0.0,0.0,0.0,0.0,11256664.768000007,False,0.0,-0.0010893176958959305,-12275.455999996513
2024-08-14,2024-08-13,0,0,0,,False,0.0,0.0,0.0,0.0,0.0,0.0,11256664.768000007,False,0.0,-0.0010893176958959305,-12275.455999996513
2024-08-15,2024-08-14,0,0,0,,False,0.0,0.0,0.0,0.0,0.0,0.0,11256664.768000007,False,0.0,-0.0010893176958959305,-12275.455999996513
2024-08-16,2024-08-15,0,0,0,,False,0.0,0.0,0.0,0.0,0.0,0.0,11256664.768000007,False,0.0,-0.0010893176958959305,-12275.455999996513
2024-08-19,2024-08-16,0,0,0,,False,0.0,0.0,0.0,0.0,0.0,0.0,11256664.768000007,False,0.0,-0.0010893176958959305,-12275.455999996513
2024-08-20,2024-08-19,1,0,1,TX202409,True,-23800.0,150.0,269.59200000000004,2400.0,2819.592,-26619.592,11230045.176000006,False,-0.0023647850005867727,-0.0034515266943345724,-38895.04799999669
2024-08-21,2024-08-20,0,1,0,,False,-24200.0,50.0,89.11200000000001,800.0,939.1120000000001,-25139.112,11204906.064000007,False,-0.0022385584034626494,-0.005682358653710806,-64034.159999996424
2024-08-22,2024-08-21,0,0,0,,False,0.0,0.0,0.0,0.0,0.0,0.0,11204906.064000007,False,0.0,-0.005682358653710806,-64034.159999996424
2024-08-23,2024-08-22,0,0,0,,False,0.0,0.0,0.0,0.0,0.0,0.0,11204906.064000007,False,0.0,-0.005682358653710806,-64034.159999996424
2024-08-26,2024-08-23,1,0,1,TX202409,False,-4800.0,50.0,88.936,800.0,938.936,-5738.936,11199167.128000006,False,-0.0005121806436591646,-0.006191628903257307,-69773.09599999711
2024-08-27,2024-08-26,0,1,0,,False,-18800.0,50.0,88.432,800.0,938.432,-19738.432,11179428.696000006,False,-0.0017624910651302132,-0.007943207277766873,-89511.52799999714
2024-08-28,2024-08-27,1,0,1,TX202409,False,44000.0,50.0,88.74000000000001,800.0,938.74,43061.26,11222489.956000006,False,0.00385183010428854,-0.004121973058395456,-46450.26799999736
2024-08-29,2024-08-28,1,1,1,TX202409,False,-45000.0,0.0,0.0,0.0,0.0,-45000.0,11177489.956000006,False,-0.004009805326307389,-0.008115250075178437,-91450.26799999736
2024-08-30,2024-08-29,1,1,1,TX202409,False,29400.0,0.0,0.0,0.0,0.0,29400.0,11206889.956000006,False,0.002630286416336099,-0.005506309090880235,-62050.26799999736
2024-09-02,2024-08-30,0,1,0,,False,-1000.0,50.0,89.256,800.0,939.256,-1939.256,11204950.700000007,False,-0.0001730414064574401,-0.005678397677868152,-63989.52399999648
2024-09-03,2024-09-02,0,0,0,,False,0.0,0.0,0.0,0.0,0.0,0.0,11204950.700000007,False,0.0,-0.005678397677868152,-63989.52399999648
2024-09-04,2024-09-03,0,0,0,,False,0.0,0.0,0.0,0.0,0.0,0.0,11204950.700000007,False,0.0,-0.005678397677868152,-63989.52399999648
2024-09-05,2024-09-04,0,0,0,,False,0.0,0.0,0.0,0.0,0.0,0.0,11204950.700000007,False,0.0,-0.005678397677868152,-63989.52399999648
2024-09-06,2024-09-05,0,0,0,,False,0.0,0.0,0.0,0.0,0.0,0.0,11204950.700000007,False,0.0,-0.005678397677868152,-63989.52399999648
2024-09-09,2024-09-06,0,0,0,,False,0.0,0.0,0.0,0.0,0.0,0.0,11204950.700000007,False,0.0,-0.005678397677868152,-63989.52399999648
2024-09-10,2024-09-09,0,0,0,,False,0.0,0.0,0.0,0.0,0.0,0.0,11204950.700000007,False,0.0,-0.005678397677868152,-63989.52399999648
2024-09-11,2024-09-10,0,0,0,,False,0.0,0.0,0.0,0.0,0.0,0.0,11204950.700000007,False,0.0,-0.005678397677868152,-63989.52399999648
2024-09-12,2024-09-11,0,0,0,,False,0.0,0.0,0.0,0.0,0.0,0.0,11204950.700000007,False,0.0,-0.005678397677868152,-63989.52399999648
2024-09-13,2024-09-12,0,0,0,,False,0.0,0.0,0.0,0.0,0.0,0.0,11204950.700000007,False,0.0,-0.005678397677868152,-63989.52399999648
2024-09-16,2024-09-13,0,0,0,,False,0.0,0.0,0.0,0.0,0.0,0.0,11204950.700000007,False,0.0,-0.005678397677868152,-63989.52399999648
2024-09-18,2024-09-16,0,0,0,,False,0.0,0.0,0.0,0.0,0.0,0.0,11204950.700000007,False,0.0,-0.005678397677868152,-63989.52399999648
2024-09-19,2024-09-18,0,0,0,,False,0.0,0.0,0.0,0.0,0.0,0.0,11204950.700000007,False,0.0,-0.005678397677868152,-63989.52399999648
2024-09-20,2024-09-19,1,0,1,TX202410,False,-25000.0,50.0,89.396,800.0,939.396,-25939.396,11179011.304000007,False,-0.002314994210550162,-0.007980246430668858,-89928.9199999962
2024-09-23,2024-09-20,0,1,0,,False,14200.0,50.0,89.14800000000001,800.0,939.148,13260.852,11192272.156000007,False,0.0011862276224065614,-0.006803485197011905,-76668.06799999624
2024-09-24,2024-09-23,0,0,0,,False,0.0,0.0,0.0,0.0,0.0,0.0,11192272.156000007,False,0.0,-0.006803485197011905,-76668.06799999624
2024-09-25,2024-09-24,0,0,0,,False,0.0,0.0,0.0,0.0,0.0,0.0,11192272.156000007,False,0.0,-0.006803485197011905,-76668.06799999624
2024-09-26,2024-09-25,0,0,0,,False,0.0,0.0,0.0,0.0,0.0,0.0,11192272.156000007,False,0.0,-0.006803485197011905,-76668.06799999624
2024-09-27,2024-09-26,0,0,0,,False,0.0,0.0,0.0,0.0,0.0,0.0,11192272.156000007,False,0.0,-0.006803485197011905,-76668.06799999624
2024-09-30,2024-09-27,0,0,0,,False,0.0,0.0,0.0,0.0,0.0,0.0,11192272.156000007,False,0.0,-0.006803485197011905,-76668.06799999624
2024-10-01,2024-09-30,0,0,0,,False,0.0,0.0,0.0,0.0,0.0,0.0,11192272.156000007,False,0.0,-0.006803485197011905,-76668.06799999624
2024-10-04,2024-10-01,0,0,0,,False,0.0,0.0,0.0,0.0,0.0,0.0,11192272.156000007,False,0.0,-0.006803485197011905,-76668.06799999624
2024-10-07,2024-10-04,0,0,0,,False,0.0,0.0,0.0,0.0,0.0,0.0,11192272.156000007,False,0.0,-0.006803485197011905,-76668.06799999624
2024-10-08,2024-10-07,0,0,0,,False,0.0,0.0,0.0,0.0,0.0,0.0,11192272.156000007,False,0.0,-0.006803485197011905,-76668.06799999624
2024-10-09,2024-10-08,0,0,0,,False,0.0,0.0,0.0,0.0,0.0,0.0,11192272.156000007,False,0.0,-0.006803485197011905,-76668.06799999624
2024-10-11,2024-10-09,0,0,0,,False,0.0,0.0,0.0,0.0,0.0,0.0,11192272.156000007,False,0.0,-0.006803485197011905,-76668.06799999624
2024-10-14,2024-10-11,0,0,0,,False,0.0,0.0,0.0,0.0,0.0,0.0,11192272.156000007,False,0.0,-0.006803485197011905,-76668.06799999624
2024-10-15,2024-10-14,0,0,0,,False,0.0,0.0,0.0,0.0,0.0,0.0,11192272.156000007,False,0.0,-0.006803485197011905,-76668.06799999624
2024-10-16,2024-10-15,0,0,0,,False,0.0,0.0,0.0,0.0,0.0,0.0,11192272.156000007,False,0.0,-0.006803485197011905,-76668.06799999624
2024-10-17,2024-10-16,0,0,0,,False,0.0,0.0,0.0,0.0,0.0,0.0,11192272.156000007,False,0.0,-0.006803485197011905,-76668.06799999624
2024-10-18,2024-10-17,0,0,0,,False,0.0,0.0,0.0,0.0,0.0,0.0,11192272.156000007,False,0.0,-0.006803485197011905,-76668.06799999624
2024-10-21,2024-10-18,0,0,0,,False,0.0,0.0,0.0,0.0,0.0,0.0,11192272.156000007,False,0.0,-0.006803485197011905,-76668.06799999624
2024-10-22,2024-10-21,0,0,0,,False,0.0,0.0,0.0,0.0,0.0,0.0,11192272.156000007,False,0.0,-0.006803485197011905,-76668.06799999624
2024-10-23,2024-10-22,0,0,0,,False,0.0,0.0,0.0,0.0,0.0,0.0,11192272.156000007,False,0.0,-0.006803485197011905,-76668.06799999624
2024-10-24,2024-10-23,0,0,0,,False,0.0,0.0,0.0,0.0,0.0,0.0,11192272.156000007,False,0.0,-0.006803485197011905,-76668.06799999624
2024-10-25,2024-10-24,0,0,0,,False,0.0,0.0,0.0,0.0,0.0,0.0,11192272.156000007,False,0.0,-0.006803485197011905,-76668.06799999624
2024-10-28,2024-10-25,0,0,0,,False,0.0,0.0,0.0,0.0,0.0,0.0,11192272.156000007,False,0.0,-0.006803485197011905,-76668.06799999624
2024-10-29,2024-10-28,0,0,0,,False,0.0,0.0,0.0,0.0,0.0,0.0,11192272.156000007,False,0.0,-0.006803485197011905,-76668.06799999624
2024-10-30,2024-10-29,0,0,0,,False,0.0,0.0,0.0,0.0,0.0,0.0,11192272.156000007,False,0.0,-0.006803485197011905,-76668.06799999624
2024-11-01,2024-10-30,0,0,0,,False,0.0,0.0,0.0,0.0,0.0,0.0,11192272.156000007,False,0.0,-0.006803485197011905,-76668.06799999624
2024-11-04,2024-11-01,0,0,0,,False,0.0,0.0,0.0,0.0,0.0,0.0,11192272.156000007,False,0.0,-0.006803485197011905,-76668.06799999624
2024-11-05,2024-11-04,0,0,0,,False,0.0,0.0,0.0,0.0,0.0,0.0,11192272.156000007,False,0.0,-0.006803485197011905,-76668.06799999624
2024-11-06,2024-11-05,0,0,0,,False,0.0,0.0,0.0,0.0,0.0,0.0,11192272.156000007,False,0.0,-0.006803485197011905,-76668.06799999624
2024-11-07,2024-11-06,0,0,0,,False,0.0,0.0,0.0,0.0,0.0,0.0,11192272.156000007,False,0.0,-0.006803485197011905,-76668.06799999624
2024-11-08,2024-11-07,0,0,0,,False,0.0,0.0,0.0,0.0,0.0,0.0,11192272.156000007,False,0.0,-0.006803485197011905,-76668.06799999624
2024-11-11,2024-11-08,0,0,0,,False,0.0,0.0,0.0,0.0,0.0,0.0,11192272.156000007,False,0.0,-0.006803485197011905,-76668.06799999624
2024-11-12,2024-11-11,0,0,0,,False,0.0,0.0,0.0,0.0,0.0,0.0,11192272.156000007,False,0.0,-0.006803485197011905,-76668.06799999624
2024-11-13,2024-11-12,0,0,0,,False,0.0,0.0,0.0,0.0,0.0,0.0,11192272.156000007,False,0.0,-0.006803485197011905,-76668.06799999624
2024-11-14,2024-11-13,0,0,0,,False,0.0,0.0,0.0,0.0,0.0,0.0,11192272.156000007,False,0.0,-0.006803485197011905,-76668.06799999624
2024-11-15,2024-11-14,0,0,0,,False,0.0,0.0,0.0,0.0,0.0,0.0,11192272.156000007,False,0.0,-0.006803485197011905,-76668.06799999624
2024-11-18,2024-11-15,0,0,0,,False,0.0,0.0,0.0,0.0,0.0,0.0,11192272.156000007,False,0.0,-0.006803485197011905,-76668.06799999624
2024-11-19,2024-11-18,0,0,0,,False,0.0,0.0,0.0,0.0,0.0,0.0,11192272.156000007,False,0.0,-0.006803485197011905,-76668.06799999624
2024-11-20,2024-11-19,0,0,0,,False,0.0,0.0,0.0,0.0,0.0,0.0,11192272.156000007,False,0.0,-0.006803485197011905,-76668.06799999624
2024-11-21,2024-11-20,0,0,0,,False,0.0,0.0,0.0,0.0,0.0,0.0,11192272.156000007,False,0.0,-0.006803485197011905,-76668.06799999624
2024-11-22,2024-11-21,0,0,0,,False,0.0,0.0,0.0,0.0,0.0,0.0,11192272.156000007,False,0.0,-0.006803485197011905,-76668.06799999624
2024-11-25,2024-11-22,0,0,0,,False,0.0,0.0,0.0,0.0,0.0,0.0,11192272.156000007,False,0.0,-0.006803485197011905,-76668.06799999624
2024-11-26,2024-11-25,0,0,0,,False,0.0,0.0,0.0,0.0,0.0,0.0,11192272.156000007,False,0.0,-0.006803485197011905,-76668.06799999624
2024-11-27,2024-11-26,0,0,0,,False,0.0,0.0,0.0,0.0,0.0,0.0,11192272.156000007,False,0.0,-0.006803485197011905,-76668.06799999624
2024-11-28,2024-11-27,0,0,0,,False,0.0,0.0,0.0,0.0,0.0,0.0,11192272.156000007,False,0.0,-0.006803485197011905,-76668.06799999624
2024-11-29,2024-11-28,0,0,0,,False,0.0,0.0,0.0,0.0,0.0,0.0,11192272.156000007,False,0.0,-0.006803485197011905,-76668.06799999624
2024-12-02,2024-11-29,0,0,0,,False,0.0,0.0,0.0,0.0,0.0,0.0,11192272.156000007,False,0.0,-0.006803485197011905,-76668.06799999624
2024-12-03,2024-12-02,0,0,0,,False,0.0,0.0,0.0,0.0,0.0,0.0,11192272.156000007,False,0.0,-0.006803485197011905,-76668.06799999624
2024-12-04,2024-12-03,0,0,0,,False,0.0,0.0,0.0,0.0,0.0,0.0,11192272.156000007,False,0.0,-0.006803485197011905,-76668.06799999624
2024-12-05,2024-12-04,1,0,1,TX202412,False,-1800.0,50.0,93.05600000000001,800.0,943.056,-2743.056,11189529.100000007,False,-0.00024508481939741696,-0.007046902585468584,-79411.12399999611
2024-12-06,2024-12-05,1,1,1,TX202412,False,-14400.0,0.0,0.0,0.0,0.0,-14400.0,11175129.100000007,False,-0.0012869174271149615,-0.00832475123083909,-93811.12399999611
2024-12-09,2024-12-06,1,1,1,TX202412,False,14000.0,0.0,0.0,0.0,0.0,14000.0,11189129.100000007,False,0.0012527819477271176,-0.007082398381173305,-79811.12399999611
2024-12-10,2024-12-09,1,1,1,TX202412,False,-31800.0,0.0,0.0,0.0,0.0,-31800.0,11157329.100000007,False,-0.002842044248108638,-0.009904314139699943,-111611.12399999611
2024-12-11,2024-12-10,1,1,1,TX202412,False,-48400.0,0.0,0.0,0.0,0.0,-48400.0,11108929.100000007,False,-0.004337955756812799,-0.014199305419973052,-160011.1239999961
2024-12-12,2024-12-11,0,1,0,,False,31200.0,50.0,92.00000000000001,800.0,942.0,30258.0,11139187.100000007,False,0.00272375489370978,-0.01151422595388829,-129753.12399999611
2024-12-13,2024-12-12,1,0,1,TX202412,False,-2000.0,50.0,92.00000000000001,800.0,942.0,-2942.0,11136245.100000007,False,-0.00026411262990635987,-0.01177529753129658,-132695.1239999961
2024-12-16,2024-12-13,0,1,0,,False,46800.0,50.0,92.864,800.0,942.864,45857.136,11182102.236000007,False,0.004117827471308078,-0.0077059587036457655,-86837.98799999617
2024-12-17,2024-12-16,0,0,0,,False,0.0,0.0,0.0,0.0,0.0,0.0,11182102.236000007,False,0.0,-0.0077059587036457655,-86837.98799999617
2024-12-18,2024-12-17,0,0,0,,False,0.0,0.0,0.0,0.0,0.0,0.0,11182102.236000007,False,0.0,-0.0077059587036457655,-86837.98799999617
2024-12-19,2024-12-18,1,0,1,TX202501,False,20400.0,50.0,91.004,800.0,941.004,19458.996,11201561.232000006,False,0.0017401912081748906,-0.005979177337057551,-67378.99199999683
2024-12-20,2024-12-19,0,1,0,,False,-16400.0,50.0,91.052,800.0,941.052,-17341.052,11184220.180000007,False,-0.001548092416837488,-0.007518013434800519,-84720.04399999604
2024-12-23,2024-12-20,0,0,0,,False,0.0,0.0,0.0,0.0,0.0,0.0,11184220.180000007,False,0.0,-0.007518013434800519,-84720.04399999604
2024-12-24,2024-12-23,1,0,1,TX202501,False,-42800.0,50.0,93.736,800.0,943.736,-43743.736,11140476.444000008,False,-0.003911201254623366,-0.011399810225845353,-128463.7799999956
2024-12-25,2024-12-24,1,1,1,TX202501,False,22600.0,0.0,0.0,0.0,0.0,22600.0,11163076.444000008,False,0.002028638551825296,-0.009394297768527737,-105863.7799999956
2024-12-26,2024-12-25,1,1,1,TX202501,False,-600.0,0.0,0.0,0.0,0.0,-600.0,11162476.444000008,False,-5.374862413689654e-05,-0.009447541462084819,-106463.7799999956
2024-12-27,2024-12-26,0,1,0,,False,-26400.0,50.0,92.76,800.0,942.76,-27342.76,11135133.684000008,False,-0.002449524542082875,-0.011873924019493942,-133806.53999999538
2024-12-30,2024-12-27,0,0,0,,False,0.0,0.0,0.0,0.0,0.0,0.0,11135133.684000008,False,0.0,-0.011873924019493942,-133806.53999999538
2024-12-31,2024-12-30,0,0,0,,False,0.0,0.0,0.0,0.0,0.0,0.0,11135133.684000008,False,0.0,-0.011873924019493942,-133806.53999999538
2025-01-02,2024-12-31,0,0,0,,False,0.0,0.0,0.0,0.0,0.0,0.0,11135133.684000008,False,0.0,-0.011873924019493942,-133806.53999999538
2025-01-03,2025-01-02,0,0,0,,False,0.0,0.0,0.0,0.0,0.0,0.0,11135133.684000008,False,0.0,-0.011873924019493942,-133806.53999999538
2025-01-06,2025-01-03,0,0,0,,False,0.0,0.0,0.0,0.0,0.0,0.0,11135133.684000008,False,0.0,-0.011873924019493942,-133806.53999999538
2025-01-07,2025-01-06,0,0,0,,False,0.0,0.0,0.0,0.0,0.0,0.0,11135133.684000008,False,0.0,-0.011873924019493942,-133806.53999999538
2025-01-08,2025-01-07,0,0,0,,False,0.0,0.0,0.0,0.0,0.0,0.0,11135133.684000008,False,0.0,-0.011873924019493942,-133806.53999999538
2025-01-09,2025-01-08,0,0,0,,False,0.0,0.0,0.0,0.0,0.0,0.0,11135133.684000008,False,0.0,-0.011873924019493942,-133806.53999999538
2025-01-10,2025-01-09,0,0,0,,False,0.0,0.0,0.0,0.0,0.0,0.0,11135133.684000008,False,0.0,-0.011873924019493942,-133806.53999999538
2025-01-13,2025-01-10,0,0,0,,False,0.0,0.0,0.0,0.0,0.0,0.0,11135133.684000008,False,0.0,-0.011873924019493942,-133806.53999999538
2025-01-14,2025-01-13,0,0,0,,False,0.0,0.0,0.0,0.0,0.0,0.0,11135133.684000008,False,0.0,-0.011873924019493942,-133806.53999999538
2025-01-15,2025-01-14,0,0,0,,False,0.0,0.0,0.0,0.0,0.0,0.0,11135133.684000008,False,0.0,-0.011873924019493942,-133806.53999999538
2025-01-16,2025-01-15,0,0,0,,False,0.0,0.0,0.0,0.0,0.0,0.0,11135133.684000008,False,0.0,-0.011873924019493942,-133806.53999999538
2025-01-17,2025-01-16,0,0,0,,False,0.0,0.0,0.0,0.0,0.0,0.0,11135133.684000008,False,0.0,-0.011873924019493942,-133806.53999999538
2025-01-20,2025-01-17,0,0,0,,False,0.0,0.0,0.0,0.0,0.0,0.0,11135133.684000008,False,0.0,-0.011873924019493942,-133806.53999999538
2025-01-21,2025-01-20,0,0,0,,False,0.0,0.0,0.0,0.0,0.0,0.0,11135133.684000008,False,0.0,-0.011873924019493942,-133806.53999999538
2025-01-22,2025-01-21,0,0,0,,False,0.0,0.0,0.0,0.0,0.0,0.0,11135133.684000008,False,0.0,-0.011873924019493942,-133806.53999999538
2025-02-03,2025-01-22,0,0,0,,False,0.0,0.0,0.0,0.0,0.0,0.0,11135133.684000008,False,0.0,-0.011873924019493942,-133806.53999999538
2025-02-04,2025-02-03,0,0,0,,False,0.0,0.0,0.0,0.0,0.0,0.0,11135133.684000008,False,0.0,-0.011873924019493942,-133806.53999999538
2025-02-05,2025-02-04,0,0,0,,False,0.0,0.0,0.0,0.0,0.0,0.0,11135133.684000008,False,0.0,-0.011873924019493942,-133806.53999999538
2025-02-06,2025-02-05,0,0,0,,False,0.0,0.0,0.0,0.0,0.0,0.0,11135133.684000008,False,0.0,-0.011873924019493942,-133806.53999999538
2025-02-07,2025-02-06,1,0,1,TX202502,False,29200.0,50.0,93.156,800.0,943.156,28256.844,11163390.528000008,False,0.0025376295248796207,-0.009366426114782334,-105549.69599999487
2025-02-10,2025-02-07,1,1,1,TX202502,False,-37000.0,0.0,0.0,0.0,0.0,-37000.0,11126390.528000008,False,-0.00331440523443094,-0.012649787217470565,-142549.69599999487
2025-02-11,2025-02-10,1,1,1,TX202502,False,17800.0,0.0,0.0,0.0,0.0,17800.0,11144190.528000008,False,0.0015998000389439492,-0.01107022430860971,-124749.69599999487
2025-02-12,2025-02-11,0,1,0,,False,18800.0,50.0,93.7,800.0,943.7,17856.3,11162046.828000009,False,0.0016022967262750648,-0.009485665366503415,-106893.39599999413
2025-02-13,2025-02-12,0,0,0,,False,0.0,0.0,0.0,0.0,0.0,0.0,11162046.828000009,False,0.0,-0.009485665366503415,-106893.39599999413
2025-02-14,2025-02-13,0,0,0,,False,0.0,0.0,0.0,0.0,0.0,0.0,11162046.828000009,False,0.0,-0.009485665366503415,-106893.39599999413
2025-02-17,2025-02-14,0,0,0,,False,0.0,0.0,0.0,0.0,0.0,0.0,11162046.828000009,False,0.0,-0.009485665366503415,-106893.39599999413
2025-02-18,2025-02-17,0,0,0,,False,0.0,0.0,0.0,0.0,0.0,0.0,11162046.828000009,False,0.0,-0.009485665366503415,-106893.39599999413
2025-02-19,2025-02-18,1,0,1,TX202503,False,5400.0,50.0,94.34400000000001,800.0,944.344,4455.656,11166502.484000009,False,0.0003991791172944178,-0.00909027272873697,-102437.73999999464
2025-02-20,2025-02-19,1,1,1,TX202503,False,-14200.0,0.0,0.0,0.0,0.0,-14200.0,11152302.484000009,False,-0.0012716604881740326,-0.010350373476255226,-116637.73999999464
2025-02-21,2025-02-20,1,1,1,TX202503,False,41400.0,0.0,0.0,0.0,0.0,41400.0,11193702.484000009,False,0.003712237904181291,-0.006676558620814843,-75237.73999999464
2025-02-24,2025-02-21,1,1,1,TX202503,False,-37400.0,0.0,0.0,0.0,0.0,-37400.0,11156302.484000009,False,-0.0033411643782259356,-0.009995415519207795,-112637.73999999464
2025-02-25,2025-02-24,0,1,0,,False,-65400.0,50.0,92.908,800.0,942.908,-66342.908,11089959.576000009,False,-0.005946675262269623,-0.015882651291273198,-178980.64799999446
2025-02-26,2025-02-25,0,0,0,,False,0.0,0.0,0.0,0.0,0.0,0.0,11089959.576000009,False,0.0,-0.015882651291273198,-178980.64799999446
2025-02-27,2025-02-26,0,0,0,,False,0.0,0.0,0.0,0.0,0.0,0.0,11089959.576000009,False,0.0,-0.015882651291273198,-178980.64799999446
2025-03-03,2025-02-27,0,0,0,,False,0.0,0.0,0.0,0.0,0.0,0.0,11089959.576000009,False,0.0,-0.015882651291273198,-178980.64799999446
2025-03-04,2025-03-03,0,0,0,,False,0.0,0.0,0.0,0.0,0.0,0.0,11089959.576000009,False,0.0,-0.015882651291273198,-178980.64799999446
2025-03-05,2025-03-04,0,0,0,,False,0.0,0.0,0.0,0.0,0.0,0.0,11089959.576000009,False,0.0,-0.015882651291273198,-178980.64799999446
2025-03-06,2025-03-05,0,0,0,,False,0.0,0.0,0.0,0.0,0.0,0.0,11089959.576000009,False,0.0,-0.015882651291273198,-178980.64799999446
2025-03-07,2025-03-06,0,0,0,,False,0.0,0.0,0.0,0.0,0.0,0.0,11089959.576000009,False,0.0,-0.015882651291273198,-178980.64799999446
2025-03-10,2025-03-07,0,0,0,,False,0.0,0.0,0.0,0.0,0.0,0.0,11089959.576000009,False,0.0,-0.015882651291273198,-178980.64799999446
2025-03-11,2025-03-10,0,0,0,,False,0.0,0.0,0.0,0.0,0.0,0.0,11089959.576000009,False,0.0,-0.015882651291273198,-178980.64799999446
2025-03-12,2025-03-11,0,0,0,,False,0.0,0.0,0.0,0.0,0.0,0.0,11089959.576000009,False,0.0,-0.015882651291273198,-178980.64799999446
2025-03-13,2025-03-12,0,0,0,,False,0.0,0.0,0.0,0.0,0.0,0.0,11089959.576000009,False,0.0,-0.015882651291273198,-178980.64799999446
2025-03-14,2025-03-13,0,0,0,,False,0.0,0.0,0.0,0.0,0.0,0.0,11089959.576000009,False,0.0,-0.015882651291273198,-178980.64799999446
2025-03-17,2025-03-14,0,0,0,,False,0.0,0.0,0.0,0.0,0.0,0.0,11089959.576000009,False,0.0,-0.015882651291273198,-178980.64799999446
2025-03-18,2025-03-17,0,0,0,,False,0.0,0.0,0.0,0.0,0.0,0.0,11089959.576000009,False,0.0,-0.015882651291273198,-178980.64799999446
2025-03-19,2025-03-18,0,0,0,,False,0.0,0.0,0.0,0.0,0.0,0.0,11089959.576000009,False,0.0,-0.015882651291273198,-178980.64799999446
2025-03-20,2025-03-19,0,0,0,,False,0.0,0.0,0.0,0.0,0.0,0.0,11089959.576000009,False,0.0,-0.015882651291273198,-178980.64799999446
2025-03-21,2025-03-20,0,0,0,,False,0.0,0.0,0.0,0.0,0.0,0.0,11089959.576000009,False,0.0,-0.015882651291273198,-178980.64799999446
2025-03-24,2025-03-21,0,0,0,,False,0.0,0.0,0.0,0.0,0.0,0.0,11089959.576000009,False,0.0,-0.015882651291273198,-178980.64799999446
2025-03-25,2025-03-24,0,0,0,,False,0.0,0.0,0.0,0.0,0.0,0.0,11089959.576000009,False,0.0,-0.015882651291273198,-178980.64799999446
2025-03-26,2025-03-25,0,0,0,,False,0.0,0.0,0.0,0.0,0.0,0.0,11089959.576000009,False,0.0,-0.015882651291273198,-178980.64799999446
2025-03-27,2025-03-26,0,0,0,,False,0.0,0.0,0.0,0.0,0.0,0.0,11089959.576000009,False,0.0,-0.015882651291273198,-178980.64799999446
2025-03-28,2025-03-27,0,0,0,,False,0.0,0.0,0.0,0.0,0.0,0.0,11089959.576000009,False,0.0,-0.015882651291273198,-178980.64799999446
2025-03-31,2025-03-28,0,0,0,,False,0.0,0.0,0.0,0.0,0.0,0.0,11089959.576000009,False,0.0,-0.015882651291273198,-178980.64799999446
2025-04-01,2025-03-31,0,0,0,,False,0.0,0.0,0.0,0.0,0.0,0.0,11089959.576000009,False,0.0,-0.015882651291273198,-178980.64799999446
2025-04-02,2025-04-01,0,0,0,,False,0.0,0.0,0.0,0.0,0.0,0.0,11089959.576000009,False,0.0,-0.015882651291273198,-178980.64799999446
2025-04-07,2025-04-02,0,0,0,,False,0.0,0.0,0.0,0.0,0.0,0.0,11089959.576000009,False,0.0,-0.015882651291273198,-178980.64799999446
2025-04-08,2025-04-07,0,0,0,,False,0.0,0.0,0.0,0.0,0.0,0.0,11089959.576000009,False,0.0,-0.015882651291273198,-178980.64799999446
2025-04-09,2025-04-08,0,0,0,,False,0.0,0.0,0.0,0.0,0.0,0.0,11089959.576000009,False,0.0,-0.015882651291273198,-178980.64799999446
2025-04-10,2025-04-09,0,0,0,,False,0.0,0.0,0.0,0.0,0.0,0.0,11089959.576000009,False,0.0,-0.015882651291273198,-178980.64799999446
2025-04-11,2025-04-10,0,0,0,,False,0.0,0.0,0.0,0.0,0.0,0.0,11089959.576000009,False,0.0,-0.015882651291273198,-178980.64799999446
2025-04-14,2025-04-11,0,0,0,,False,0.0,0.0,0.0,0.0,0.0,0.0,11089959.576000009,False,0.0,-0.015882651291273198,-178980.64799999446
2025-04-15,2025-04-14,0,0,0,,False,0.0,0.0,0.0,0.0,0.0,0.0,11089959.576000009,False,0.0,-0.015882651291273198,-178980.64799999446
2025-04-16,2025-04-15,0,0,0,,False,0.0,0.0,0.0,0.0,0.0,0.0,11089959.576000009,False,0.0,-0.015882651291273198,-178980.64799999446
2025-04-17,2025-04-16,0,0,0,,False,0.0,0.0,0.0,0.0,0.0,0.0,11089959.576000009,False,0.0,-0.015882651291273198,-178980.64799999446
2025-04-18,2025-04-17,0,0,0,,False,0.0,0.0,0.0,0.0,0.0,0.0,11089959.576000009,False,0.0,-0.015882651291273198,-178980.64799999446
2025-04-21,2025-04-18,0,0,0,,False,0.0,0.0,0.0,0.0,0.0,0.0,11089959.576000009,False,0.0,-0.015882651291273198,-178980.64799999446
2025-04-22,2025-04-21,0,0,0,,False,0.0,0.0,0.0,0.0,0.0,0.0,11089959.576000009,False,0.0,-0.015882651291273198,-178980.64799999446
2025-04-23,2025-04-22,0,0,0,,False,0.0,0.0,0.0,0.0,0.0,0.0,11089959.576000009,False,0.0,-0.015882651291273198,-178980.64799999446
2025-04-24,2025-04-23,0,0,0,,False,0.0,0.0,0.0,0.0,0.0,0.0,11089959.576000009,False,0.0,-0.015882651291273198,-178980.64799999446
2025-04-25,2025-04-24,0,0,0,,False,0.0,0.0,0.0,0.0,0.0,0.0,11089959.576000009,False,0.0,-0.015882651291273198,-178980.64799999446
2025-04-28,2025-04-25,1,0,1,TX202505,False,0.0,50.0,79.876,800.0,929.876,-929.876,11089029.700000009,False,-8.384845712263571e-05,-0.01596516801259007,-179910.52399999462
2025-04-29,2025-04-28,1,1,1,TX202505,False,37800.0,0.0,0.0,0.0,0.0,37800.0,11126829.700000009,False,0.0034087743493012713,-0.012610815318492397,-142110.52399999462
2025-04-30,2025-04-29,1,1,1,TX202505,False,-1000.0,0.0,0.0,0.0,0.0,-1000.0,11125829.700000009,False,-8.987285929252599e-05,-0.01269955480775431,-143110.52399999462
2025-05-02,2025-04-30,1,1,1,TX202505,False,105600.0,0.0,0.0,0.0,0.0,105600.0,11231429.700000009,False,0.009491426962970673,-0.0033286647417036797,-37510.52399999462
2025-05-05,2025-05-02,1,1,1,TX202505,False,-54600.0,0.0,0.0,0.0,0.0,-54600.0,11176829.700000009,False,-0.004861357944483235,-0.008173840855400294,-92110.52399999462
2025-05-06,2025-05-05,1,1,1,TX202505,False,-13400.0,0.0,0.0,0.0,0.0,-13400.0,11163429.700000009,False,-0.0011989088462178133,-0.009362950011508997,-105510.52399999462
2025-05-07,2025-05-06,1,1,1,TX202505,False,8800.0,0.0,0.0,0.0,0.0,8800.0,11172229.700000009,False,0.0007882882085959652,-0.008582042506004695,-96710.52399999462
2025-05-08,2025-05-07,1,1,1,TX202505,False,38800.0,0.0,0.0,0.0,0.0,38800.0,11211029.700000009,False,0.0034728967307215293,-0.005138950322645219,-57910.52399999462
2025-05-09,2025-05-08,1,1,1,TX202505,False,54600.0,0.0,0.0,0.0,0.0,54600.0,11265629.700000009,False,0.004870203849339544,-0.00029377420894860506,-3310.5239999946207
2025-05-12,2025-05-09,1,1,1,TX202505,False,43600.0,0.0,0.0,0.0,0.0,43600.0,11309229.700000009,False,0.0038701786904996502,0.0,0.0
2025-05-13,2025-05-12,0,1,0,,False,71000.0,50.0,85.668,800.0,935.668,70064.332,11379294.032000009,False,0.00619532309968025,0.0,0.0
2025-05-14,2025-05-13,0,0,0,,False,0.0,0.0,0.0,0.0,0.0,0.0,11379294.032000009,False,0.0,0.0,0.0
2025-05-15,2025-05-14,0,0,0,,False,0.0,0.0,0.0,0.0,0.0,0.0,11379294.032000009,False,0.0,0.0,0.0
2025-05-16,2025-05-15,0,0,0,,False,0.0,0.0,0.0,0.0,0.0,0.0,11379294.032000009,False,0.0,0.0,0.0
2025-05-19,2025-05-16,0,0,0,,False,0.0,0.0,0.0,0.0,0.0,0.0,11379294.032000009,False,0.0,0.0,0.0
2025-05-20,2025-05-19,0,0,0,,False,0.0,0.0,0.0,0.0,0.0,0.0,11379294.032000009,False,0.0,0.0,0.0
2025-05-21,2025-05-20,0,0,0,,False,0.0,0.0,0.0,0.0,0.0,0.0,11379294.032000009,False,0.0,0.0,0.0
2025-05-22,2025-05-21,0,0,0,,False,0.0,0.0,0.0,0.0,0.0,0.0,11379294.032000009,False,0.0,0.0,0.0
2025-05-23,2025-05-22,0,0,0,,False,0.0,0.0,0.0,0.0,0.0,0.0,11379294.032000009,False,0.0,0.0,0.0
2025-05-26,2025-05-23,0,0,0,,False,0.0,0.0,0.0,0.0,0.0,0.0,11379294.032000009,False,0.0,0.0,0.0
2025-05-27,2025-05-26,0,0,0,,False,0.0,0.0,0.0,0.0,0.0,0.0,11379294.032000009,False,0.0,0.0,0.0
2025-05-28,2025-05-27,0,0,0,,False,0.0,0.0,0.0,0.0,0.0,0.0,11379294.032000009,False,0.0,0.0,0.0
2025-05-29,2025-05-28,0,0,0,,False,0.0,0.0,0.0,0.0,0.0,0.0,11379294.032000009,False,0.0,0.0,0.0
2025-06-02,2025-05-29,0,0,0,,False,0.0,0.0,0.0,0.0,0.0,0.0,11379294.032000009,False,0.0,0.0,0.0
2025-06-03,2025-06-02,0,0,0,,False,0.0,0.0,0.0,0.0,0.0,0.0,11379294.032000009,False,0.0,0.0,0.0
2025-06-04,2025-06-03,0,0,0,,False,0.0,0.0,0.0,0.0,0.0,0.0,11379294.032000009,False,0.0,0.0,0.0
2025-06-05,2025-06-04,0,0,0,,False,0.0,0.0,0.0,0.0,0.0,0.0,11379294.032000009,False,0.0,0.0,0.0
2025-06-06,2025-06-05,0,0,0,,False,0.0,0.0,0.0,0.0,0.0,0.0,11379294.032000009,False,0.0,0.0,0.0
2025-06-09,2025-06-06,0,0,0,,False,0.0,0.0,0.0,0.0,0.0,0.0,11379294.032000009,False,0.0,0.0,0.0
2025-06-10,2025-06-09,0,0,0,,False,0.0,0.0,0.0,0.0,0.0,0.0,11379294.032000009,False,0.0,0.0,0.0
2025-06-11,2025-06-10,0,0,0,,False,0.0,0.0,0.0,0.0,0.0,0.0,11379294.032000009,False,0.0,0.0,0.0
2025-06-12,2025-06-11,1,0,1,TX202506,False,-12600.0,50.0,89.27600000000001,800.0,939.2760000000001,-13539.276,11365754.756000008,False,-0.0011898168693001384,-0.0011898168693001976,-13539.276000000536
2025-06-13,2025-06-12,0,1,0,,False,-59600.0,50.0,87.80000000000001,800.0,937.8,-60537.8,11305216.956000008,False,-0.005326333472754369,-0.006509812980637242,-74077.07600000128
2025-06-16,2025-06-13,0,0,0,,False,0.0,0.0,0.0,0.0,0.0,0.0,11305216.956000008,False,0.0,-0.006509812980637242,-74077.07600000128
2025-06-17,2025-06-16,0,0,0,,False,0.0,0.0,0.0,0.0,0.0,0.0,11305216.956000008,False,0.0,-0.006509812980637242,-74077.07600000128
2025-06-18,2025-06-17,0,0,0,,False,0.0,0.0,0.0,0.0,0.0,0.0,11305216.956000008,False,0.0,-0.006509812980637242,-74077.07600000128
2025-06-19,2025-06-18,0,0,0,,False,0.0,0.0,0.0,0.0,0.0,0.0,11305216.956000008,False,0.0,-0.006509812980637242,-74077.07600000128
2025-06-20,2025-06-19,0,0,0,,False,0.0,0.0,0.0,0.0,0.0,0.0,11305216.956000008,False,0.0,-0.006509812980637242,-74077.07600000128
2025-06-23,2025-06-20,0,0,0,,False,0.0,0.0,0.0,0.0,0.0,0.0,11305216.956000008,False,0.0,-0.006509812980637242,-74077.07600000128
2025-06-24,2025-06-23,0,0,0,,False,0.0,0.0,0.0,0.0,0.0,0.0,11305216.956000008,False,0.0,-0.006509812980637242,-74077.07600000128
2025-06-25,2025-06-24,1,0,1,TX202507,False,4200.0,50.0,88.56800000000001,800.0,938.568,3261.432,11308478.388000008,False,0.0002884891119465923,-0.006223201878856388,-70815.64400000125
2025-06-26,2025-06-25,1,1,1,TX202507,False,-8400.0,0.0,0.0,0.0,0.0,-8400.0,11300078.388000008,False,-0.0007428055050194605,-0.006961384755261313,-79215.64400000125
2025-06-27,2025-06-26,1,1,1,TX202507,False,800.0,0.0,0.0,0.0,0.0,800.0,11300878.388000008,False,7.07959690659802e-05,-0.006891081624175177,-78415.64400000125
2025-06-30,2025-06-27,1,1,1,TX202507,False,4800.0,0.0,0.0,0.0,0.0,4800.0,11305678.388000008,False,0.00042474574410932036,-0.00646926283765803,-73615.64400000125
2025-07-01,2025-06-30,1,1,1,TX202507,False,41600.0,0.0,0.0,0.0,0.0,41600.0,11347278.388000008,False,0.0036795669018990294,-0.0028135000211760852,-32015.64400000125
2025-07-02,2025-07-01,1,1,1,TX202507,False,8600.0,0.0,0.0,0.0,0.0,8600.0,11355878.388000008,False,0.000757890985480244,-0.0020577413619995433,-23415.64400000125
2025-07-03,2025-07-02,0,1,0,,False,34400.0,50.0,90.25600000000001,800.0,940.2560000000001,33459.744,11389338.132000009,False,0.0029464690318767067,0.0,0.0
2025-07-04,2025-07-03,0,0,0,,False,0.0,0.0,0.0,0.0,0.0,0.0,11389338.132000009,False,0.0,0.0,0.0
2025-07-07,2025-07-04,0,0,0,,False,0.0,0.0,0.0,0.0,0.0,0.0,11389338.132000009,False,0.0,0.0,0.0
2025-07-08,2025-07-07,0,0,0,,False,0.0,0.0,0.0,0.0,0.0,0.0,11389338.132000009,False,0.0,0.0,0.0
2025-07-09,2025-07-08,0,0,0,,False,0.0,0.0,0.0,0.0,0.0,0.0,11389338.132000009,False,0.0,0.0,0.0
2025-07-10,2025-07-09,0,0,0,,False,0.0,0.0,0.0,0.0,0.0,0.0,11389338.132000009,False,0.0,0.0,0.0
2025-07-11,2025-07-10,0,0,0,,False,0.0,0.0,0.0,0.0,0.0,0.0,11389338.132000009,False,0.0,0.0,0.0
2025-07-14,2025-07-11,0,0,0,,False,0.0,0.0,0.0,0.0,0.0,0.0,11389338.132000009,False,0.0,0.0,0.0
2025-07-15,2025-07-14,0,0,0,,False,0.0,0.0,0.0,0.0,0.0,0.0,11389338.132000009,False,0.0,0.0,0.0
2025-07-16,2025-07-15,0,0,0,,False,0.0,0.0,0.0,0.0,0.0,0.0,11389338.132000009,False,0.0,0.0,0.0
2025-07-17,2025-07-16,1,0,1,TX202508,False,38000.0,50.0,91.84800000000001,800.0,941.848,37058.152,11426396.28400001,False,0.003253758170185475,0.0,0.0
2025-07-18,2025-07-17,1,1,1,TX202508,False,22800.0,0.0,0.0,0.0,0.0,22800.0,11449196.28400001,False,0.001995379770954212,0.0,0.0
2025-07-21,2025-07-18,0,1,0,,False,-5600.0,50.0,92.92,800.0,942.9200000000001,-6542.92,11442653.36400001,False,-0.0005714741749290805,-0.0005714741749290875,-6542.9199999999255
2025-07-22,2025-07-21,0,0,0,,False,0.0,0.0,0.0,0.0,0.0,0.0,11442653.36400001,False,0.0,-0.0005714741749290875,-6542.9199999999255
2025-07-23,2025-07-22,0,0,0,,False,0.0,0.0,0.0,0.0,0.0,0.0,11442653.36400001,False,0.0,-0.0005714741749290875,-6542.9199999999255
2025-07-24,2025-07-23,0,0,0,,False,0.0,0.0,0.0,0.0,0.0,0.0,11442653.36400001,False,0.0,-0.0005714741749290875,-6542.9199999999255
2025-07-25,2025-07-24,0,0,0,,False,0.0,0.0,0.0,0.0,0.0,0.0,11442653.36400001,False,0.0,-0.0005714741749290875,-6542.9199999999255
2025-07-28,2025-07-25,0,0,0,,False,0.0,0.0,0.0,0.0,0.0,0.0,11442653.36400001,False,0.0,-0.0005714741749290875,-6542.9199999999255
2025-07-29,2025-07-28,0,0,0,,False,0.0,0.0,0.0,0.0,0.0,0.0,11442653.36400001,False,0.0,-0.0005714741749290875,-6542.9199999999255
2025-07-30,2025-07-29,0,0,0,,False,0.0,0.0,0.0,0.0,0.0,0.0,11442653.36400001,False,0.0,-0.0005714741749290875,-6542.9199999999255
2025-07-31,2025-07-30,0,0,0,,False,0.0,0.0,0.0,0.0,0.0,0.0,11442653.36400001,False,0.0,-0.0005714741749290875,-6542.9199999999255
2025-08-01,2025-07-31,0,0,0,,False,0.0,0.0,0.0,0.0,0.0,0.0,11442653.36400001,False,0.0,-0.0005714741749290875,-6542.9199999999255
2025-08-04,2025-08-01,0,0,0,,False,0.0,0.0,0.0,0.0,0.0,0.0,11442653.36400001,False,0.0,-0.0005714741749290875,-6542.9199999999255
2025-08-05,2025-08-04,1,0,1,TX202508,False,25800.0,50.0,93.80000000000001,800.0,943.8,24856.2,11467509.564000009,False,0.0021722409313036303,0.0,0.0
2025-08-06,2025-08-05,1,1,1,TX202508,False,-30000.0,0.0,0.0,0.0,0.0,-30000.0,11437509.564000009,False,-0.0026160867651838808,-0.002616086765183878,-30000.0
2025-08-07,2025-08-06,1,1,1,TX202508,False,114400.0,0.0,0.0,0.0,0.0,114400.0,11551909.564000009,False,0.010002177428561748,0.0,0.0
2025-08-08,2025-08-07,1,1,1,TX202508,False,-9600.0,0.0,0.0,0.0,0.0,-9600.0,11542309.564000009,False,-0.0008310314365615469,-0.0008310314365616023,-9600.0
2025-08-11,2025-08-08,0,1,0,,False,4800.0,50.0,95.876,800.0,945.876,3854.124,11546163.688000008,False,0.00033391272159437264,-0.0004973962069358961,-5745.876000000164
2025-08-12,2025-08-11,1,0,1,TX202508,False,-4000.0,50.0,96.63600000000001,800.0,946.636,-4946.636,11541217.052000009,False,-0.0004284224729241511,-0.0009256055841470046,-10692.512000000104
2025-08-13,2025-08-12,0,1,0,,False,32600.0,50.0,97.176,800.0,947.1759999999999,31652.824,11572869.876000008,False,0.002742589785581998,0.0,0.0
2025-08-14,2025-08-13,0,0,0,,False,0.0,0.0,0.0,0.0,0.0,0.0,11572869.876000008,False,0.0,0.0,0.0
2025-08-15,2025-08-14,0,0,0,,False,0.0,0.0,0.0,0.0,0.0,0.0,11572869.876000008,False,0.0,0.0,0.0
2025-08-18,2025-08-15,0,0,0,,False,0.0,0.0,0.0,0.0,0.0,0.0,11572869.876000008,False,0.0,0.0,0.0
2025-08-19,2025-08-18,0,0,0,,False,0.0,0.0,0.0,0.0,0.0,0.0,11572869.876000008,False,0.0,0.0,0.0
2025-08-20,2025-08-19,0,0,0,,False,0.0,0.0,0.0,0.0,0.0,0.0,11572869.876000008,False,0.0,0.0,0.0
2025-08-21,2025-08-20,0,0,0,,False,0.0,0.0,0.0,0.0,0.0,0.0,11572869.876000008,False,0.0,0.0,0.0
2025-08-22,2025-08-21,1,0,1,TX202509,False,-25400.0,50.0,95.524,800.0,945.524,-26345.524,11546524.352000007,False,-0.0022764901258101717,-0.0022764901258102155,-26345.52400000021
2025-08-25,2025-08-22,0,1,0,,False,74000.0,50.0,96.46400000000001,800.0,946.4639999999999,73053.536,11619577.888000008,False,0.006326885370258295,0.0,0.0
2025-08-26,2025-08-25,1,0,1,TX202509,False,22000.0,50.0,96.58800000000001,800.0,946.588,21053.412,11640631.300000008,False,0.0018118912926899592,0.0,0.0
2025-08-27,2025-08-26,1,1,1,TX202509,False,42000.0,0.0,0.0,0.0,0.0,42000.0,11682631.300000008,False,0.0036080517385685064,0.0,0.0
2025-08-28,2025-08-27,1,1,1,TX202509,False,-47000.0,0.0,0.0,0.0,0.0,-47000.0,11635631.300000008,False,-0.0040230662761735845,-0.004023066276173548,-47000.0
2025-08-29,2025-08-28,1,1,1,TX202509,False,7800.0,0.0,0.0,0.0,0.0,7800.0,11643431.300000008,False,0.000670354688877087,-0.0033554084686383545,-39200.0
2025-09-01,2025-08-29,1,1,1,TX202509,False,-51800.0,0.0,0.0,0.0,0.0,-51800.0,11591631.300000008,False,-0.004448860363009997,-0.007789341087910517,-91000.0
2025-09-02,2025-09-01,0,1,0,,False,15000.0,50.0,96.316,800.0,946.316,14053.684,11605684.984000009,False,0.001212399155587358,-0.006586385722880728,-76946.31599999964
2025-09-03,2025-09-02,0,0,0,,False,0.0,0.0,0.0,0.0,0.0,0.0,11605684.984000009,False,0.0,-0.006586385722880728,-76946.31599999964
2025-09-04,2025-09-03,0,0,0,,False,0.0,0.0,0.0,0.0,0.0,0.0,11605684.984000009,False,0.0,-0.006586385722880728,-76946.31599999964
2025-09-05,2025-09-04,0,0,0,,False,0.0,0.0,0.0,0.0,0.0,0.0,11605684.984000009,False,0.0,-0.006586385722880728,-76946.31599999964
2025-09-08,2025-09-05,1,0,1,TX202509,False,-7400.0,50.0,98.36800000000001,800.0,948.3679999999999,-8348.368,11597336.616000008,False,-0.0007193343616950955,-0.007300982271006062,-85294.68400000036
2025-09-09,2025-09-08,1,1,1,TX202509,False,50200.0,0.0,0.0,0.0,0.0,50200.0,11647536.616000008,False,0.00432858005783351,-0.0030040050994334377,-35094.68400000036
2025-09-10,2025-09-09,1,1,1,TX202509,False,75200.0,0.0,0.0,0.0,0.0,75200.0,11722736.616000008,False,0.006456300802411656,0.0,0.0
2025-09-11,2025-09-10,1,1,1,TX202509,False,12400.0,0.0,0.0,0.0,0.0,12400.0,11735136.616000008,False,0.0010577734880672502,0.0,0.0
2025-09-12,2025-09-11,1,1,1,TX202509,False,43800.0,0.0,0.0,0.0,0.0,43800.0,11778936.616000008,False,0.003732380920072279,0.0,0.0
2025-09-15,2025-09-12,1,1,1,TX202509,False,-21200.0,0.0,0.0,0.0,0.0,-21200.0,11757736.616000008,False,-0.0017998229119598808,-0.001799822911959903,-21200.0
2025-09-16,2025-09-15,1,1,1,TX202510,True,55200.0,100.0,205.072,1600.0,1905.0720000000001,53294.928,11811031.544000007,False,0.004532754027461025,0.0,0.0
2025-09-17,2025-09-16,1,1,1,TX202510,False,-33800.0,0.0,0.0,0.0,0.0,-33800.0,11777231.544000007,False,-0.0028617314138975752,-0.0028617314138975614,-33800.0
2025-09-18,2025-09-17,1,1,1,TX202510,False,47800.0,0.0,0.0,0.0,0.0,47800.0,11825031.544000007,False,0.004058678800821577,0.0,0.0
2025-09-19,2025-09-18,1,1,1,TX202510,False,-7600.0,0.0,0.0,0.0,0.0,-7600.0,11817431.544000007,False,-0.0006427044166200319,-0.0006427044166200657,-7600.0
2025-09-22,2025-09-19,1,1,1,TX202510,False,44000.0,0.0,0.0,0.0,0.0,44000.0,11861431.544000007,False,0.0037233132966477686,0.0,0.0
2025-09-23,2025-09-22,0,1,0,,False,33400.0,50.0,104.21600000000001,800.0,954.216,32445.784,11893877.328000007,False,0.0027354020363935237,0.0,0.0
2025-09-24,2025-09-23,1,0,1,TX202510,False,-27800.0,50.0,105.52000000000001,800.0,955.52,-28755.52,11865121.808000008,False,-0.002417674170247671,-0.00241767417024763,-28755.519999999553
2025-09-25,2025-09-24,0,1,0,,False,-9200.0,50.0,104.748,800.0,954.748,-10154.748,11854967.060000008,False,-0.000855848609422046,-0.0032714536165929786,-38910.267999999225
2025-09-26,2025-09-25,0,0,0,,False,0.0,0.0,0.0,0.0,0.0,0.0,11854967.060000008,False,0.0,-0.0032714536165929786,-38910.267999999225
2025-09-30,2025-09-26,0,0,0,,False,0.0,0.0,0.0,0.0,0.0,0.0,11854967.060000008,False,0.0,-0.0032714536165929786,-38910.267999999225
2025-10-01,2025-09-30,1,0,1,TX202510,False,-9800.0,50.0,104.39200000000001,800.0,954.392,-10754.392,11844212.668000007,False,-0.000907163381017441,-0.004175649254686831,-49664.66000000015
2025-10-02,2025-10-01,0,1,0,,False,82800.0,50.0,105.82000000000001,800.0,955.8199999999999,81844.18,11926056.848000007,False,0.006910056606896443,0.0,0.0
2025-10-03,2025-10-02,0,0,0,,False,0.0,0.0,0.0,0.0,0.0,0.0,11926056.848000007,False,0.0,0.0,0.0
2025-10-07,2025-10-03,0,0,0,,False,0.0,0.0,0.0,0.0,0.0,0.0,11926056.848000007,False,0.0,0.0,0.0
2025-10-08,2025-10-07,0,0,0,,False,0.0,0.0,0.0,0.0,0.0,0.0,11926056.848000007,False,0.0,0.0,0.0
2025-10-09,2025-10-08,0,0,0,,False,0.0,0.0,0.0,0.0,0.0,0.0,11926056.848000007,False,0.0,0.0,0.0
2025-10-13,2025-10-09,0,0,0,,False,0.0,0.0,0.0,0.0,0.0,0.0,11926056.848000007,False,0.0,0.0,0.0
2025-10-14,2025-10-13,0,0,0,,False,0.0,0.0,0.0,0.0,0.0,0.0,11926056.848000007,False,0.0,0.0,0.0
2025-10-15,2025-10-14,0,0,0,,False,0.0,0.0,0.0,0.0,0.0,0.0,11926056.848000007,False,0.0,0.0,0.0
2025-10-16,2025-10-15,0,0,0,,False,0.0,0.0,0.0,0.0,0.0,0.0,11926056.848000007,False,0.0,0.0,0.0
2025-10-17,2025-10-16,0,0,0,,False,0.0,0.0,0.0,0.0,0.0,0.0,11926056.848000007,False,0.0,0.0,0.0
2025-10-20,2025-10-17,0,0,0,,False,0.0,0.0,0.0,0.0,0.0,0.0,11926056.848000007,False,0.0,0.0,0.0
2025-10-21,2025-10-20,0,0,0,,False,0.0,0.0,0.0,0.0,0.0,0.0,11926056.848000007,False,0.0,0.0,0.0
2025-10-22,2025-10-21,0,0,0,,False,0.0,0.0,0.0,0.0,0.0,0.0,11926056.848000007,False,0.0,0.0,0.0
2025-10-23,2025-10-22,0,0,0,,False,0.0,0.0,0.0,0.0,0.0,0.0,11926056.848000007,False,0.0,0.0,0.0
2025-10-27,2025-10-23,0,0,0,,False,0.0,0.0,0.0,0.0,0.0,0.0,11926056.848000007,False,0.0,0.0,0.0
2025-10-28,2025-10-27,0,0,0,,False,0.0,0.0,0.0,0.0,0.0,0.0,11926056.848000007,False,0.0,0.0,0.0
2025-10-29,2025-10-28,0,0,0,,False,0.0,0.0,0.0,0.0,0.0,0.0,11926056.848000007,False,0.0,0.0,0.0
2025-10-30,2025-10-29,0,0,0,,False,0.0,0.0,0.0,0.0,0.0,0.0,11926056.848000007,False,0.0,0.0,0.0
2025-10-31,2025-10-30,0,0,0,,False,0.0,0.0,0.0,0.0,0.0,0.0,11926056.848000007,False,0.0,0.0,0.0
2025-11-03,2025-10-31,0,0,0,,False,0.0,0.0,0.0,0.0,0.0,0.0,11926056.848000007,False,0.0,0.0,0.0
2025-11-04,2025-11-03,0,0,0,,False,0.0,0.0,0.0,0.0,0.0,0.0,11926056.848000007,False,0.0,0.0,0.0
2025-11-05,2025-11-04,0,0,0,,False,0.0,0.0,0.0,0.0,0.0,0.0,11926056.848000007,False,0.0,0.0,0.0
2025-11-06,2025-11-05,0,0,0,,False,0.0,0.0,0.0,0.0,0.0,0.0,11926056.848000007,False,0.0,0.0,0.0
2025-11-07,2025-11-06,0,0,0,,False,0.0,0.0,0.0,0.0,0.0,0.0,11926056.848000007,False,0.0,0.0,0.0
2025-11-10,2025-11-07,0,0,0,,False,0.0,0.0,0.0,0.0,0.0,0.0,11926056.848000007,False,0.0,0.0,0.0
2025-11-11,2025-11-10,0,0,0,,False,0.0,0.0,0.0,0.0,0.0,0.0,11926056.848000007,False,0.0,0.0,0.0
2025-11-12,2025-11-11,0,0,0,,False,0.0,0.0,0.0,0.0,0.0,0.0,11926056.848000007,False,0.0,0.0,0.0
2025-11-13,2025-11-12,0,0,0,,False,0.0,0.0,0.0,0.0,0.0,0.0,11926056.848000007,False,0.0,0.0,0.0
2025-11-14,2025-11-13,0,0,0,,False,0.0,0.0,0.0,0.0,0.0,0.0,11926056.848000007,False,0.0,0.0,0.0
2025-11-17,2025-11-14,0,0,0,,False,0.0,0.0,0.0,0.0,0.0,0.0,11926056.848000007,False,0.0,0.0,0.0
2025-11-18,2025-11-17,0,0,0,,False,0.0,0.0,0.0,0.0,0.0,0.0,11926056.848000007,False,0.0,0.0,0.0
2025-11-19,2025-11-18,0,0,0,,False,0.0,0.0,0.0,0.0,0.0,0.0,11926056.848000007,False,0.0,0.0,0.0
2025-11-20,2025-11-19,0,0,0,,False,0.0,0.0,0.0,0.0,0.0,0.0,11926056.848000007,False,0.0,0.0,0.0
2025-11-21,2025-11-20,0,0,0,,False,0.0,0.0,0.0,0.0,0.0,0.0,11926056.848000007,False,0.0,0.0,0.0
2025-11-24,2025-11-21,0,0,0,,False,0.0,0.0,0.0,0.0,0.0,0.0,11926056.848000007,False,0.0,0.0,0.0
2025-11-25,2025-11-24,0,0,0,,False,0.0,0.0,0.0,0.0,0.0,0.0,11926056.848000007,False,0.0,0.0,0.0
2025-11-26,2025-11-25,0,0,0,,False,0.0,0.0,0.0,0.0,0.0,0.0,11926056.848000007,False,0.0,0.0,0.0
2025-11-27,2025-11-26,0,0,0,,False,0.0,0.0,0.0,0.0,0.0,0.0,11926056.848000007,False,0.0,0.0,0.0
2025-11-28,2025-11-27,0,0,0,,False,0.0,0.0,0.0,0.0,0.0,0.0,11926056.848000007,False,0.0,0.0,0.0
2025-12-01,2025-11-28,1,0,1,TX202512,False,-49200.0,50.0,110.61600000000001,800.0,960.616,-50160.616,11875896.232000006,False,-0.004205968212235372,-0.0042059682122354,-50160.61600000039
2025-12-02,2025-12-01,0,1,0,,False,54000.0,50.0,110.68,800.0,960.6800000000001,53039.32,11928935.552000007,False,0.004466131983966292,0.0,0.0
2025-12-03,2025-12-02,1,0,1,TX202512,False,-10000.0,50.0,111.248,800.0,961.248,-10961.248,11917974.304000007,False,-0.0009188789688919256,-0.0009188789688918675,-10961.247999999672
2025-12-04,2025-12-03,1,1,1,TX202512,False,8200.0,0.0,0.0,0.0,0.0,8200.0,11926174.304000007,False,0.0006880363886376101,-0.00023147480242169394,-2761.247999999672
2025-12-05,2025-12-04,1,1,1,TX202512,False,43400.0,0.0,0.0,0.0,0.0,43400.0,11969574.304000007,False,0.003639054645163433,0.0,0.0
2025-12-08,2025-12-05,1,1,1,TX202512,False,54000.0,0.0,0.0,0.0,0.0,54000.0,12023574.304000007,False,0.004511438638377826,0.0,0.0
2025-12-09,2025-12-08,1,1,1,TX202512,False,-13200.0,0.0,0.0,0.0,0.0,-13200.0,12010374.304000007,False,-0.0010978432591054574,-0.0010978432591054466,-13200.0
2025-12-10,2025-12-09,0,1,0,,False,11800.0,50.0,113.10000000000001,800.0,963.1,10836.9,12021211.204000007,False,0.0009022949431634961,-0.00019653889436299643,-2363.0999999996275
2025-12-11,2025-12-10,1,0,1,TX202512,False,-98000.0,50.0,114.41600000000001,800.0,964.4159999999999,-98964.416,11922246.788000008,False,-0.008232482927100557,-0.008427403818371149,-101327.5159999989
2025-12-12,2025-12-11,1,1,1,TX202512,False,36400.0,0.0,0.0,0.0,0.0,36400.0,11958646.788000008,False,0.0030531157966497864,-0.005400017861443951,-64927.5159999989
2025-12-15,2025-12-12,1,1,1,TX202512,False,-77000.0,0.0,0.0,0.0,0.0,-77000.0,11881646.788000008,False,-0.006438855613434976,-0.011804103539559185,-141927.5159999989
2025-12-16,2025-12-15,0,1,0,,False,-55400.0,50.0,110.504,800.0,960.504,-56360.504,11825286.284000007,False,-0.004743492632428854,-0.016491603493815732,-198288.01999999955
2025-12-17,2025-12-16,0,0,0,,False,0.0,0.0,0.0,0.0,0.0,0.0,11825286.284000007,False,0.0,-0.016491603493815732,-198288.01999999955
2025-12-18,2025-12-17,0,0,0,,False,0.0,0.0,0.0,0.0,0.0,0.0,11825286.284000007,False,0.0,-0.016491603493815732,-198288.01999999955
2025-12-19,2025-12-18,0,0,0,,False,0.0,0.0,0.0,0.0,0.0,0.0,11825286.284000007,False,0.0,-0.016491603493815732,-198288.01999999955
2025-12-22,2025-12-19,1,0,1,TX202601,False,17000.0,50.0,113.04,800.0,963.04,16036.96,11841323.244000008,False,0.001356158287829236,-0.015157810430744156,-182251.05999999866
2025-12-23,2025-12-22,0,1,0,,False,10200.0,50.0,113.552,800.0,963.552,9236.448,11850559.69200001,False,0.0007800182301990703,-0.01438961556901086,-173014.61199999787
2025-12-24,2025-12-23,1,0,1,TX202601,False,-18600.0,50.0,114.27600000000001,800.0,964.2760000000001,-19564.276,11830995.416000009,False,-0.001650915780223217,-0.016016775305819908,-192578.8879999984
2025-12-26,2025-12-24,1,1,1,TX202601,False,40200.0,0.0,0.0,0.0,0.0,40200.0,11871195.416000009,False,0.0033978544143153247,-0.012673343562180639,-152378.8879999984
2025-12-29,2025-12-26,1,1,1,TX202601,False,55400.0,0.0,0.0,0.0,0.0,55400.0,11926595.416000009,False,0.004666758322024741,-0.00806572867169253,-96978.8879999984
2025-12-30,2025-12-29,0,1,0,,False,-34600.0,50.0,115.09200000000001,800.0,965.092,-35565.092,11891030.324000008,False,-0.002981998697825198,-0.011023675377121789,-132543.97999999858
2025-12-31,2025-12-30,0,0,0,,False,0.0,0.0,0.0,0.0,0.0,0.0,11891030.324000008,False,0.0,-0.011023675377121789,-132543.97999999858
2026-01-02,2025-12-31,0,0,0,,False,0.0,0.0,0.0,0.0,0.0,0.0,11891030.324000008,False,0.0,-0.011023675377121789,-132543.97999999858
2026-01-05,2026-01-02,1,0,1,TX202601,False,85000.0,50.0,119.56800000000001,800.0,969.568,84030.432,11975060.756000008,False,0.007066707401325768,-0.004034869064173274,-48513.547999998555
2026-01-06,2026-01-05,1,1,1,TX202601,False,60800.0,0.0,0.0,0.0,0.0,60800.0,12035860.756000008,False,0.005077218499249504,0.0,0.0
2026-01-07,2026-01-06,0,1,0,,False,-1600.0,50.0,122.42000000000002,800.0,972.4200000000001,-2572.42,12033288.336000009,False,-0.00021372962450713138,-0.00021372962450716404,-2572.4199999999255
2026-01-08,2026-01-07,0,0,0,,False,0.0,0.0,0.0,0.0,0.0,0.0,12033288.336000009,False,0.0,-0.00021372962450716404,-2572.4199999999255
2026-01-09,2026-01-08,1,0,1,TX202601,False,1200.0,50.0,121.81600000000002,800.0,971.816,228.18399999999997,12033516.520000009,False,1.896273018883305e-05,-0.00019477094721542798,-2344.235999999568
2026-01-12,2026-01-09,0,1,0,,False,52200.0,50.0,122.852,800.0,972.852,51227.148,12084743.668000009,False,0.004257038905864232,0.0,0.0
2026-01-13,2026-01-12,1,0,1,TX202601,False,-38600.0,50.0,124.284,800.0,974.284,-39574.284,12045169.384000009,False,-0.00327473094069768,-0.0032747309406976344,-39574.283999999985
2026-01-14,2026-01-13,0,1,0,,False,25200.0,50.0,123.98400000000001,800.0,973.984,24226.016,12069395.40000001,False,0.0020112640368661156,-0.001270053252402925,-15348.267999999225
2026-01-15,2026-01-14,0,0,0,,False,0.0,0.0,0.0,0.0,0.0,0.0,12069395.40000001,False,0.0,-0.001270053252402925,-15348.267999999225
2026-01-16,2026-01-15,0,0,0,,False,0.0,0.0,0.0,0.0,0.0,0.0,12069395.40000001,False,0.0,-0.001270053252402925,-15348.267999999225
2026-01-19,2026-01-16,0,0,0,,False,0.0,0.0,0.0,0.0,0.0,0.0,12069395.40000001,False,0.0,-0.001270053252402925,-15348.267999999225
2026-01-20,2026-01-19,0,0,0,,False,0.0,0.0,0.0,0.0,0.0,0.0,12069395.40000001,False,0.0,-0.001270053252402925,-15348.267999999225
2026-01-21,2026-01-20,0,0,0,,False,0.0,0.0,0.0,0.0,0.0,0.0,12069395.40000001,False,0.0,-0.001270053252402925,-15348.267999999225
2026-01-22,2026-01-21,0,0,0,,False,0.0,0.0,0.0,0.0,0.0,0.0,12069395.40000001,False,0.0,-0.001270053252402925,-15348.267999999225
2026-01-23,2026-01-22,0,0,0,,False,0.0,0.0,0.0,0.0,0.0,0.0,12069395.40000001,False,0.0,-0.001270053252402925,-15348.267999999225
2026-01-26,2026-01-23,0,0,0,,False,0.0,0.0,0.0,0.0,0.0,0.0,12069395.40000001,False,0.0,-0.001270053252402925,-15348.267999999225
2026-01-27,2026-01-26,0,0,0,,False,0.0,0.0,0.0,0.0,0.0,0.0,12069395.40000001,False,0.0,-0.001270053252402925,-15348.267999999225
2026-01-28,2026-01-27,0,0,0,,False,0.0,0.0,0.0,0.0,0.0,0.0,12069395.40000001,False,0.0,-0.001270053252402925,-15348.267999999225
2026-01-29,2026-01-28,0,0,0,,False,0.0,0.0,0.0,0.0,0.0,0.0,12069395.40000001,False,0.0,-0.001270053252402925,-15348.267999999225
2026-01-30,2026-01-29,0,0,0,,False,0.0,0.0,0.0,0.0,0.0,0.0,12069395.40000001,False,0.0,-0.001270053252402925,-15348.267999999225
2026-02-02,2026-01-30,0,0,0,,False,0.0,0.0,0.0,0.0,0.0,0.0,12069395.40000001,False,0.0,-0.001270053252402925,-15348.267999999225
2026-02-03,2026-02-02,0,0,0,,False,0.0,0.0,0.0,0.0,0.0,0.0,12069395.40000001,False,0.0,-0.001270053252402925,-15348.267999999225
2026-02-04,2026-02-03,0,0,0,,False,0.0,0.0,0.0,0.0,0.0,0.0,12069395.40000001,False,0.0,-0.001270053252402925,-15348.267999999225
2026-02-05,2026-02-04,1,0,1,TX202602,False,-12600.0,50.0,127.89600000000002,800.0,977.896,-13577.896,12055817.50400001,False,-0.0011249855978701295,-0.002393610058655571,-28926.163999998942
2026-02-06,2026-02-05,1,1,1,TX202602,False,-20000.0,0.0,0.0,0.0,0.0,-20000.0,12035817.50400001,False,-0.001658950128712896,-0.004048589307653616,-48926.16399999894
2026-02-09,2026-02-06,0,1,0,,False,203400.0,50.0,131.28,800.0,981.28,202418.72,12238236.22400001,False,0.01681802835019123,0.0,0.0
2026-02-10,2026-02-09,1,0,1,TX202602,False,80200.0,50.0,131.64000000000001,800.0,981.64,79218.36,12317454.58400001,False,0.006473020993388526,0.0,0.0
2026-02-11,2026-02-10,1,1,1,TX202603,True,76800.0,100.0,270.16,1600.0,1970.16,74829.84,12392284.42400001,False,0.0060751058174959,0.0,0.0
2026-02-23,2026-02-11,1,1,1,TX202603,False,22400.0,0.0,0.0,0.0,0.0,22400.0,12414684.42400001,False,0.0018075763300443742,0.0,0.0
2026-02-24,2026-02-23,1,1,1,TX202603,False,173200.0,0.0,0.0,0.0,0.0,173200.0,12587884.42400001,False,0.013951220513118366,0.0,0.0
2026-02-25,2026-02-24,1,1,1,TX202603,False,132600.0,0.0,0.0,0.0,0.0,132600.0,12720484.42400001,False,0.010533938470803353,0.0,0.0
2026-02-26,2026-02-25,0,1,0,,False,6400.0,50.0,142.072,800.0,992.072,5407.928,12725892.35200001,False,0.00042513538162090327,0.0,0.0
2026-03-02,2026-02-26,0,0,0,,False,0.0,0.0,0.0,0.0,0.0,0.0,12725892.35200001,False,0.0,0.0,0.0
2026-03-03,2026-03-02,0,0,0,,False,0.0,0.0,0.0,0.0,0.0,0.0,12725892.35200001,False,0.0,0.0,0.0
2026-03-04,2026-03-03,0,0,0,,False,0.0,0.0,0.0,0.0,0.0,0.0,12725892.35200001,False,0.0,0.0,0.0
2026-03-05,2026-03-04,0,0,0,,False,0.0,0.0,0.0,0.0,0.0,0.0,12725892.35200001,False,0.0,0.0,0.0
2026-03-06,2026-03-05,0,0,0,,False,0.0,0.0,0.0,0.0,0.0,0.0,12725892.35200001,False,0.0,0.0,0.0
2026-03-09,2026-03-06,0,0,0,,False,0.0,0.0,0.0,0.0,0.0,0.0,12725892.35200001,False,0.0,0.0,0.0
2026-03-10,2026-03-09,0,0,0,,False,0.0,0.0,0.0,0.0,0.0,0.0,12725892.35200001,False,0.0,0.0,0.0
2026-03-11,2026-03-10,0,0,0,,False,0.0,0.0,0.0,0.0,0.0,0.0,12725892.35200001,False,0.0,0.0,0.0
2026-03-12,2026-03-11,0,0,0,,False,0.0,0.0,0.0,0.0,0.0,0.0,12725892.35200001,False,0.0,0.0,0.0
2026-03-13,2026-03-12,0,0,0,,False,0.0,0.0,0.0,0.0,0.0,0.0,12725892.35200001,False,0.0,0.0,0.0
2026-03-16,2026-03-13,0,0,0,,False,0.0,0.0,0.0,0.0,0.0,0.0,12725892.35200001,False,0.0,0.0,0.0
2026-03-17,2026-03-16,0,0,0,,False,0.0,0.0,0.0,0.0,0.0,0.0,12725892.35200001,False,0.0,0.0,0.0
2026-03-18,2026-03-17,0,0,0,,False,0.0,0.0,0.0,0.0,0.0,0.0,12725892.35200001,False,0.0,0.0,0.0
2026-03-19,2026-03-18,0,0,0,,False,0.0,0.0,0.0,0.0,0.0,0.0,12725892.35200001,False,0.0,0.0,0.0
2026-03-20,2026-03-19,0,0,0,,False,0.0,0.0,0.0,0.0,0.0,0.0,12725892.35200001,False,0.0,0.0,0.0
2026-03-23,2026-03-20,0,0,0,,False,0.0,0.0,0.0,0.0,0.0,0.0,12725892.35200001,False,0.0,0.0,0.0
2026-03-24,2026-03-23,0,0,0,,False,0.0,0.0,0.0,0.0,0.0,0.0,12725892.35200001,False,0.0,0.0,0.0
2026-03-25,2026-03-24,0,0,0,,False,0.0,0.0,0.0,0.0,0.0,0.0,12725892.35200001,False,0.0,0.0,0.0
2026-03-26,2026-03-25,0,0,0,,False,0.0,0.0,0.0,0.0,0.0,0.0,12725892.35200001,False,0.0,0.0,0.0
2026-03-27,2026-03-26,0,0,0,,False,0.0,0.0,0.0,0.0,0.0,0.0,12725892.35200001,False,0.0,0.0,0.0
2026-03-30,2026-03-27,0,0,0,,False,0.0,0.0,0.0,0.0,0.0,0.0,12725892.35200001,False,0.0,0.0,0.0
2026-03-31,2026-03-30,0,0,0,,False,0.0,0.0,0.0,0.0,0.0,0.0,12725892.35200001,False,0.0,0.0,0.0
2026-04-01,2026-03-31,0,0,0,,False,0.0,0.0,0.0,0.0,0.0,0.0,12725892.35200001,False,0.0,0.0,0.0
2026-04-02,2026-04-01,1,0,1,TX202604,False,-237800.0,50.0,134.72,800.0,984.72,-238784.72,12487107.632000009,False,-0.0187636916449692,-0.01876369164496927,-238784.72000000067
2026-04-07,2026-04-02,0,1,0,,False,141000.0,50.0,132.752,800.0,982.752,140017.248,12627124.880000008,False,0.011212944752809343,-0.007761143129933701,-98767.472000001
2026-04-08,2026-04-07,1,0,1,TX202604,False,69000.0,50.0,138.62,800.0,988.62,68011.38,12695136.26000001,False,0.005386133474273517,-0.0024168122084708976,-30756.09200000018
2026-04-09,2026-04-08,1,1,1,TX202604,False,-12800.0,0.0,0.0,0.0,0.0,-12800.0,12682336.26000001,False,-0.0010082601508051865,-0.003422635583834266,-43556.09200000018
2026-04-10,2026-04-09,1,1,1,TX202604,False,127000.0,0.0,0.0,0.0,0.0,127000.0,12809336.26000001,False,0.010013927828152375,0.0,0.0
2026-04-13,2026-04-10,1,1,1,TX202604,False,-22000.0,0.0,0.0,0.0,0.0,-22000.0,12787336.26000001,False,-0.0017174972655452784,-0.0017174972655452647,-22000.0
2026-04-14,2026-04-13,1,1,1,TX202605,True,184800.0,100.0,292.08000000000004,1600.0,1992.08,182807.92,12970144.180000009,False,0.01429601257705566,0.0,0.0
2026-04-15,2026-04-14,0,1,0,,False,71600.0,50.0,147.972,800.0,997.972,70602.028,13040746.20800001,False,0.005443426612702462,0.0,0.0
2026-04-16,2026-04-15,0,0,0,,False,0.0,0.0,0.0,0.0,0.0,0.0,13040746.20800001,False,0.0,0.0,0.0
2026-04-17,2026-04-16,0,0,0,,False,0.0,0.0,0.0,0.0,0.0,0.0,13040746.20800001,False,0.0,0.0,0.0
2026-04-20,2026-04-17,0,0,0,,False,0.0,0.0,0.0,0.0,0.0,0.0,13040746.20800001,False,0.0,0.0,0.0
2026-04-21,2026-04-20,0,0,0,,False,0.0,0.0,0.0,0.0,0.0,0.0,13040746.20800001,False,0.0,0.0,0.0
2026-04-22,2026-04-21,0,0,0,,False,0.0,0.0,0.0,0.0,0.0,0.0,13040746.20800001,False,0.0,0.0,0.0
2026-04-23,2026-04-22,0,0,0,,False,0.0,0.0,0.0,0.0,0.0,0.0,13040746.20800001,False,0.0,0.0,0.0
2026-04-24,2026-04-23,0,0,0,,False,0.0,0.0,0.0,0.0,0.0,0.0,13040746.20800001,False,0.0,0.0,0.0
2026-04-27,2026-04-24,0,0,0,,False,0.0,0.0,0.0,0.0,0.0,0.0,13040746.20800001,False,0.0,0.0,0.0
2026-04-28,2026-04-27,0,0,0,,False,0.0,0.0,0.0,0.0,0.0,0.0,13040746.20800001,False,0.0,0.0,0.0
2026-04-29,2026-04-28,0,0,0,,False,0.0,0.0,0.0,0.0,0.0,0.0,13040746.20800001,False,0.0,0.0,0.0
2026-04-30,2026-04-29,0,0,0,,False,0.0,0.0,0.0,0.0,0.0,0.0,13040746.20800001,False,0.0,0.0,0.0
2026-05-04,2026-04-30,0,0,0,,False,0.0,0.0,0.0,0.0,0.0,0.0,13040746.20800001,False,0.0,0.0,0.0
2026-05-05,2026-05-04,0,0,0,,False,0.0,0.0,0.0,0.0,0.0,0.0,13040746.20800001,False,0.0,0.0,0.0
2026-05-06,2026-05-05,0,0,0,,False,0.0,0.0,0.0,0.0,0.0,0.0,13040746.20800001,False,0.0,0.0,0.0
2026-05-07,2026-05-06,0,0,0,,False,0.0,0.0,0.0,0.0,0.0,0.0,13040746.20800001,False,0.0,0.0,0.0
2026-05-08,2026-05-07,0,0,0,,False,0.0,0.0,0.0,0.0,0.0,0.0,13040746.20800001,False,0.0,0.0,0.0
2026-05-11,2026-05-08,0,0,0,,False,0.0,0.0,0.0,0.0,0.0,0.0,13040746.20800001,False,0.0,0.0,0.0
2026-05-12,2026-05-11,0,0,0,,False,0.0,0.0,0.0,0.0,0.0,0.0,13040746.20800001,False,0.0,0.0,0.0
2026-05-13,2026-05-12,0,0,0,,False,0.0,0.0,0.0,0.0,0.0,0.0,13040746.20800001,False,0.0,0.0,0.0
2026-05-14,2026-05-13,0,0,0,,False,0.0,0.0,0.0,0.0,0.0,0.0,13040746.20800001,False,0.0,0.0,0.0
2026-05-15,2026-05-14,0,0,0,,False,0.0,0.0,0.0,0.0,0.0,0.0,13040746.20800001,False,0.0,0.0,0.0
2026-05-18,2026-05-15,0,0,0,,False,0.0,0.0,0.0,0.0,0.0,0.0,13040746.20800001,False,0.0,0.0,0.0
2026-05-19,2026-05-18,1,0,1,TX202606,True,-128400.0,150.0,486.1,2400.0,3036.1,-131436.1,12909310.10800001,False,-0.010078878762272736,-0.010078878762272758,-131436.09999999963
2026-05-20,2026-05-19,0,1,0,,False,-20200.0,50.0,161.11200000000002,800.0,1011.1120000000001,-21211.112,12888098.99600001,False,-0.0016430864099279243,-0.011705404703479028,-152647.21199999936
2026-05-21,2026-05-20,0,0,0,,False,0.0,0.0,0.0,0.0,0.0,0.0,12888098.99600001,False,0.0,-0.011705404703479028,-152647.21199999936
2026-05-22,2026-05-21,0,0,0,,False,0.0,0.0,0.0,0.0,0.0,0.0,12888098.99600001,False,0.0,-0.011705404703479028,-152647.21199999936
2026-05-25,2026-05-22,0,0,0,,False,0.0,0.0,0.0,0.0,0.0,0.0,12888098.99600001,False,0.0,-0.011705404703479028,-152647.21199999936
2026-05-26,2026-05-25,0,0,0,,False,0.0,0.0,0.0,0.0,0.0,0.0,12888098.99600001,False,0.0,-0.011705404703479028,-152647.21199999936
2026-05-27,2026-05-26,0,0,0,,False,0.0,0.0,0.0,0.0,0.0,0.0,12888098.99600001,False,0.0,-0.011705404703479028,-152647.21199999936
2026-05-28,2026-05-27,0,0,0,,False,0.0,0.0,0.0,0.0,0.0,0.0,12888098.99600001,False,0.0,-0.011705404703479028,-152647.21199999936
2026-05-29,2026-05-28,0,0,0,,False,0.0,0.0,0.0,0.0,0.0,0.0,12888098.99600001,False,0.0,-0.011705404703479028,-152647.21199999936
2026-06-01,2026-05-29,0,0,0,,False,0.0,0.0,0.0,0.0,0.0,0.0,12888098.99600001,False,0.0,-0.011705404703479028,-152647.21199999936
2026-06-02,2026-06-01,0,0,0,,False,0.0,0.0,0.0,0.0,0.0,0.0,12888098.99600001,False,0.0,-0.011705404703479028,-152647.21199999936
2026-06-03,2026-06-02,0,0,0,,False,0.0,0.0,0.0,0.0,0.0,0.0,12888098.99600001,False,0.0,-0.011705404703479028,-152647.21199999936
2026-06-04,2026-06-03,0,0,0,,False,0.0,0.0,0.0,0.0,0.0,0.0,12888098.99600001,False,0.0,-0.011705404703479028,-152647.21199999936
2026-06-05,2026-06-04,0,0,0,,False,0.0,0.0,0.0,0.0,0.0,0.0,12888098.99600001,False,0.0,-0.011705404703479028,-152647.21199999936
2026-06-08,2026-06-05,0,0,0,,False,0.0,0.0,0.0,0.0,0.0,0.0,12888098.99600001,False,0.0,-0.011705404703479028,-152647.21199999936
2026-06-09,2026-06-08,0,0,0,,False,0.0,0.0,0.0,0.0,0.0,0.0,12888098.99600001,False,0.0,-0.011705404703479028,-152647.21199999936
2026-06-10,2026-06-09,0,0,0,,False,0.0,0.0,0.0,0.0,0.0,0.0,12888098.99600001,False,0.0,-0.011705404703479028,-152647.21199999936
2026-06-11,2026-06-10,0,0,0,,False,0.0,0.0,0.0,0.0,0.0,0.0,12888098.99600001,False,0.0,-0.011705404703479028,-152647.21199999936
2026-06-12,2026-06-11,0,0,0,,False,0.0,0.0,0.0,0.0,0.0,0.0,12888098.99600001,False,0.0,-0.011705404703479028,-152647.21199999936
2026-06-15,2026-06-12,0,0,0,,False,0.0,0.0,0.0,0.0,0.0,0.0,12888098.99600001,False,0.0,-0.011705404703479028,-152647.21199999936
2026-06-16,2026-06-15,0,0,0,,False,0.0,0.0,0.0,0.0,0.0,0.0,12888098.99600001,False,0.0,-0.011705404703479028,-152647.21199999936
2026-06-17,2026-06-16,0,0,0,,False,0.0,0.0,0.0,0.0,0.0,0.0,12888098.99600001,False,0.0,-0.011705404703479028,-152647.21199999936
2026-06-18,2026-06-17,0,0,0,,False,0.0,0.0,0.0,0.0,0.0,0.0,12888098.99600001,False,0.0,-0.011705404703479028,-152647.21199999936
2026-06-22,2026-06-18,0,0,0,,False,0.0,0.0,0.0,0.0,0.0,0.0,12888098.99600001,False,0.0,-0.011705404703479028,-152647.21199999936
2026-06-23,2026-06-22,0,0,0,,False,0.0,0.0,0.0,0.0,0.0,0.0,12888098.99600001,False,0.0,-0.011705404703479028,-152647.21199999936
2026-06-24,2026-06-23,0,0,0,,False,0.0,0.0,0.0,0.0,0.0,0.0,12888098.99600001,False,0.0,-0.011705404703479028,-152647.21199999936
2026-06-25,2026-06-24,0,0,0,,False,0.0,0.0,0.0,0.0,0.0,0.0,12888098.99600001,False,0.0,-0.011705404703479028,-152647.21199999936
2026-06-26,2026-06-25,0,0,0,,False,0.0,0.0,0.0,0.0,0.0,0.0,12888098.99600001,False,0.0,-0.011705404703479028,-152647.21199999936
2026-06-29,2026-06-26,0,0,0,,False,0.0,0.0,0.0,0.0,0.0,0.0,12888098.99600001,False,0.0,-0.011705404703479028,-152647.21199999936
2026-06-30,2026-06-29,0,0,0,,False,0.0,0.0,0.0,0.0,0.0,0.0,12888098.99600001,False,0.0,-0.011705404703479028,-152647.21199999936
2026-07-01,2026-06-30,0,0,0,,False,0.0,0.0,0.0,0.0,0.0,0.0,12888098.99600001,False,0.0,-0.011705404703479028,-152647.21199999936
2026-07-02,2026-07-01,0,0,0,,False,0.0,0.0,0.0,0.0,0.0,0.0,12888098.99600001,False,0.0,-0.011705404703479028,-152647.21199999936
2026-07-03,2026-07-02,0,0,0,,False,0.0,0.0,0.0,0.0,0.0,0.0,12888098.99600001,False,0.0,-0.011705404703479028,-152647.21199999936
2026-07-06,2026-07-03,1,0,1,TX202607,False,-78800.0,50.0,189.13600000000002,800.0,1039.136,-79839.136,12808259.86000001,False,-0.0061947953708905495,-0.01782768748749808,-232486.3479999993
2026-07-07,2026-07-06,1,1,1,TX202607,False,-222200.0,0.0,0.0,0.0,0.0,-222200.0,12586059.86000001,False,-0.01734818019221542,-0.03486658974476986,-454686.3479999993
2026-07-08,2026-07-07,0,1,0,,False,-33800.0,50.0,182.40800000000002,800.0,1032.408,-34832.408,12551227.45200001,False,-0.0027675387204141246,-0.03753763382801656,-489518.7559999991
2026-07-09,2026-07-08,0,0,0,,False,0.0,0.0,0.0,0.0,0.0,0.0,12551227.45200001,False,0.0,-0.03753763382801656,-489518.7559999991
2026-07-13,2026-07-09,0,0,0,,False,0.0,0.0,0.0,0.0,0.0,0.0,12551227.45200001,False,0.0,-0.03753763382801656,-489518.7559999991
2026-07-14,2026-07-13,0,0,0,,False,0.0,0.0,0.0,0.0,0.0,0.0,12551227.45200001,False,0.0,-0.03753763382801656,-489518.7559999991
2026-07-15,2026-07-14,0,0,0,,False,0.0,0.0,0.0,0.0,0.0,0.0,12551227.45200001,False,0.0,-0.03753763382801656,-489518.7559999991
2026-07-16,2026-07-15,0,0,0,,False,0.0,0.0,0.0,0.0,0.0,0.0,12551227.45200001,False,0.0,-0.03753763382801656,-489518.7559999991
2026-07-17,2026-07-16,0,0,0,,False,0.0,0.0,0.0,0.0,0.0,0.0,12551227.45200001,False,0.0,-0.03753763382801656,-489518.7559999991
2026-07-20,2026-07-17,0,0,0,,False,0.0,0.0,0.0,0.0,0.0,0.0,12551227.45200001,False,0.0,-0.03753763382801656,-489518.7559999991
2026-07-21,2026-07-20,0,0,0,,False,0.0,0.0,0.0,0.0,0.0,0.0,12551227.45200001,False,0.0,-0.03753763382801656,-489518.7559999991
2026-07-22,2026-07-21,0,0,0,,False,0.0,0.0,0.0,0.0,0.0,0.0,12551227.45200001,False,0.0,-0.03753763382801656,-489518.7559999991
2026-07-23,2026-07-22,0,0,0,,False,0.0,0.0,0.0,0.0,0.0,0.0,12551227.45200001,False,0.0,-0.03753763382801656,-489518.7559999991
2026-07-24,2026-07-23,0,0,0,,False,0.0,0.0,0.0,0.0,0.0,0.0,12551227.45200001,False,0.0,-0.03753763382801656,-489518.7559999991
2026-07-27,2026-07-24,0,0,0,,False,0.0,0.0,0.0,0.0,0.0,0.0,12551227.45200001,False,0.0,-0.03753763382801656,-489518.7559999991
2026-07-28,2026-07-27,0,0,0,,False,0.0,0.0,0.0,0.0,0.0,0.0,12551227.45200001,False,0.0,-0.03753763382801656,-489518.7559999991
2026-07-29,2026-07-28,0,0,0,,False,0.0,0.0,0.0,0.0,0.0,0.0,12551227.45200001,False,0.0,-0.03753763382801656,-489518.7559999991
2026-07-30,2026-07-29,0,0,0,,False,0.0,0.0,0.0,0.0,0.0,0.0,12551227.45200001,False,0.0,-0.03753763382801656,-489518.7559999991
2026-07-31,2026-07-30,0,0,0,,False,0.0,0.0,0.0,0.0,0.0,0.0,12551227.45200001,False,0.0,-0.03753763382801656,-489518.7559999991
2026-08-03,2026-07-31,0,0,0,,False,0.0,0.0,0.0,0.0,0.0,0.0,12551227.45200001,False,0.0,-0.03753763382801656,-489518.7559999991
2026-08-04,2026-08-03,0,0,0,,False,0.0,0.0,0.0,0.0,0.0,0.0,12551227.45200001,False,0.0,-0.03753763382801656,-489518.7559999991
2026-08-05,2026-08-04,0,0,0,,False,0.0,0.0,0.0,0.0,0.0,0.0,12551227.45200001,False,0.0,-0.03753763382801656,-489518.7559999991
2026-08-06,2026-08-05,1,0,1,TX202608,False,20600.0,50.0,176.72400000000002,800.0,1026.724,19573.276,12570800.728000011,False,0.001559471061683377,-0.036036701620011935,-469945.4799999986
2026-08-07,2026-08-06,1,1,1,TX202608,False,13800.0,0.0,0.0,0.0,0.0,13800.0,12584600.728000011,False,0.0010977820982606215,-0.03497847996767012,-456145.4799999986
2026-08-10,2026-08-07,1,1,1,TX202608,False,127600.0,0.0,0.0,0.0,0.0,127600.0,12712200.728000011,False,0.010139376111957001,-0.025193763819929882,-328545.4799999986
2026-08-11,2026-08-10,1,1,1,TX202608,False,20600.0,0.0,0.0,0.0,0.0,20600.0,12732800.728000011,False,0.0016204904595807906,-0.023614099614260198,-307945.4799999986
2026-08-12,2026-08-11,1,1,1,TX202608,False,87600.0,0.0,0.0,0.0,0.0,87600.0,12820400.728000011,False,0.006879868920540285,-0.016896692603742602,-220345.47999999858
2026-08-13,2026-08-12,1,1,1,TX202608,False,95400.0,0.0,0.0,0.0,0.0,95400.0,12915800.728000011,False,0.007441265060587732,-0.009581160311466608,-124945.47999999858
2026-08-14,2026-08-13,1,1,1,TX202608,False,-32800.0,0.0,0.0,0.0,0.0,-32800.0,12883000.728000011,False,-0.002539525089520255,-0.012096353803989213,-157745.47999999858
2026-08-17,2026-08-14,0,1,0,,False,1800.0,50.0,183.38400000000001,800.0,1033.384,766.616,12883767.344000012,False,5.950601231697759e-05,-0.012037567597450671,-156978.8639999982
2026-08-18,2026-08-17,0,0,0,,False,0.0,0.0,0.0,0.0,0.0,0.0,12883767.344000012,False,0.0,-0.012037567597450671,-156978.8639999982
2026-08-19,2026-08-18,0,0,0,,False,0.0,0.0,0.0,0.0,0.0,0.0,12883767.344000012,False,0.0,-0.012037567597450671,-156978.8639999982
2026-08-20,2026-08-19,0,0,0,,False,0.0,0.0,0.0,0.0,0.0,0.0,12883767.344000012,False,0.0,-0.012037567597450671,-156978.8639999982
2026-08-21,2026-08-20,0,0,0,,False,0.0,0.0,0.0,0.0,0.0,0.0,12883767.344000012,False,0.0,-0.012037567597450671,-156978.8639999982
2026-08-24,2026-08-21,0,0,0,,False,0.0,0.0,0.0,0.0,0.0,0.0,12883767.344000012,False,0.0,-0.012037567597450671,-156978.8639999982
2026-08-25,2026-08-24,0,0,0,,False,0.0,0.0,0.0,0.0,0.0,0.0,12883767.344000012,False,0.0,-0.012037567597450671,-156978.8639999982
2026-08-26,2026-08-25,0,0,0,,False,0.0,0.0,0.0,0.0,0.0,0.0,12883767.344000012,False,0.0,-0.012037567597450671,-156978.8639999982
2026-08-27,2026-08-26,0,0,0,,False,0.0,0.0,0.0,0.0,0.0,0.0,12883767.344000012,False,0.0,-0.012037567597450671,-156978.8639999982
2026-08-28,2026-08-27,0,0,0,,False,0.0,0.0,0.0,0.0,0.0,0.0,12883767.344000012,False,0.0,-0.012037567597450671,-156978.8639999982
2026-08-31,2026-08-28,0,0,0,,False,0.0,0.0,0.0,0.0,0.0,0.0,12883767.344000012,False,0.0,-0.012037567597450671,-156978.8639999982
2026-09-01,2026-08-31,0,0,0,,False,0.0,0.0,0.0,0.0,0.0,0.0,12883767.344000012,False,0.0,-0.012037567597450671,-156978.8639999982
2026-09-02,2026-09-01,1,0,1,TX202609,False,-102400.0,50.0,186.82000000000002,800.0,1036.82,-103436.82,12780330.524000011,False,-0.00802846071635799,-0.019969385175232057,-260415.6839999985
2026-09-03,2026-09-02,0,1,0,,False,-4000.0,50.0,184.66000000000003,800.0,1034.66,-5034.66,12775295.864000011,False,-0.0003939381685430967,-0.020355456640752223,-265450.34399999864
2026-09-04,2026-09-03,1,0,1,TX202609,False,59600.0,50.0,185.64000000000001,800.0,1035.64,58564.36,12833860.22400001,False,0.004584188156849715,-0.01586458172716243,-206885.98399999924
2026-09-07,2026-09-04,0,1,0,,False,115200.0,50.0,189.104,800.0,1039.104,114160.896,12948021.12000001,False,0.008895289025083268,-0.007110412741804351,-92725.08799999952
2026-09-08,2026-09-07,0,0,0,,False,0.0,0.0,0.0,0.0,0.0,0.0,12948021.12000001,False,0.0,-0.007110412741804351,-92725.08799999952
2026-09-09,2026-09-08,0,0,0,,False,0.0,0.0,0.0,0.0,0.0,0.0,12948021.12000001,False,0.0,-0.007110412741804351,-92725.08799999952
2026-09-10,2026-09-09,0,0,0,,False,0.0,0.0,0.0,0.0,0.0,0.0,12948021.12000001,False,0.0,-0.007110412741804351,-92725.08799999952
2026-09-11,2026-09-10,0,0,0,,False,0.0,0.0,0.0,0.0,0.0,0.0,12948021.12000001,False,0.0,-0.007110412741804351,-92725.08799999952
2026-09-14,2026-09-11,0,0,0,,False,0.0,0.0,0.0,0.0,0.0,0.0,12948021.12000001,False,0.0,-0.007110412741804351,-92725.08799999952
2026-09-15,2026-09-14,0,0,0,,False,0.0,0.0,0.0,0.0,0.0,0.0,12948021.12000001,False,0.0,-0.007110412741804351,-92725.08799999952
2026-09-16,2026-09-15,0,0,0,,False,0.0,0.0,0.0,0.0,0.0,0.0,12948021.12000001,False,0.0,-0.007110412741804351,-92725.08799999952
2026-09-17,2026-09-16,0,0,0,,False,0.0,0.0,0.0,0.0,0.0,0.0,12948021.12000001,False,0.0,-0.007110412741804351,-92725.08799999952
2026-09-18,2026-09-17,0,0,0,,False,0.0,0.0,0.0,0.0,0.0,0.0,12948021.12000001,False,0.0,-0.007110412741804351,-92725.08799999952
2026-09-21,2026-09-18,1,0,1,TX202610,False,94000.0,50.0,190.44400000000002,800.0,1040.444,92959.556,13040980.67600001,False,0.007179441177803695,0.0,0.0
2026-09-22,2026-09-21,1,1,1,TX202610,False,33200.0,0.0,0.0,0.0,0.0,33200.0,13074180.67600001,False,0.002545820810937913,0.0,0.0
2026-09-23,2026-09-22,0,1,0,,False,57200.0,50.0,194.10000000000002,800.0,1044.1,56155.9,13130336.57600001,False,0.004295175460064138,0.0,0.0
2026-09-24,2026-09-23,0,0,0,,False,0.0,0.0,0.0,0.0,0.0,0.0,13130336.57600001,False,0.0,0.0,0.0
2026-09-29,2026-09-24,0,0,0,,False,0.0,0.0,0.0,0.0,0.0,0.0,13130336.57600001,False,0.0,0.0,0.0
2026-09-30,2026-09-29,0,0,0,,False,0.0,0.0,0.0,0.0,0.0,0.0,13130336.57600001,False,0.0,0.0,0.0
2026-10-01,2026-09-30,0,0,0,,False,0.0,0.0,0.0,0.0,0.0,0.0,13130336.57600001,False,0.0,0.0,0.0
2026-10-02,2026-10-01,0,0,0,,False,0.0,0.0,0.0,0.0,0.0,0.0,13130336.57600001,False,0.0,0.0,0.0
2026-10-05,2026-10-02,0,0,0,,False,0.0,0.0,0.0,0.0,0.0,0.0,13130336.57600001,False,0.0,0.0,0.0
