date,signal_date,target,position_before,position_after,contract_after,roll,gross_pnl,fee,tax,slippage_cost,cost,pnl,equity,capital_skip,daily_return,drawdown_pct,drawdown_amount
2018-08-31,2018-08-30,1,0,1,TX201809,False,9400.0,50.0,43.904,200.0,293.904,9106.096,10009106.096,False,0.0009106095999999999,0.0,0.0
2018-09-03,2018-08-31,1,1,1,TX201809,False,-17400.0,0.0,0.0,0.0,0.0,-17400.0,9991706.096,False,-0.0017384169808084726,-0.0017384169808084549,-17400.0
2018-09-04,2018-09-03,1,1,1,TX201809,False,13400.0,0.0,0.0,0.0,0.0,13400.0,10005106.096,False,0.0013411123056716458,-0.00039963608754223223,-4000.0
2018-09-05,2018-09-04,1,1,1,TX201809,False,-10400.0,0.0,0.0,0.0,0.0,-10400.0,9994706.096,False,-0.0010394692370286685,-0.0014386899151518362,-14400.0
2018-09-06,2018-09-05,1,1,1,TX201809,False,-9800.0,0.0,0.0,0.0,0.0,-9800.0,9984906.096,False,-0.0009805190773865852,-0.002417798329630183,-24200.0
2018-09-07,2018-09-06,1,1,1,TX201809,False,-11200.0,0.0,0.0,0.0,0.0,-11200.0,9973706.096,False,-0.0011216930727557639,-0.003536779374748278,-35400.0
2018-09-10,2018-09-07,0,1,0,,False,4000.0,50.0,43.456,200.0,293.456,3706.544,9977412.64,False,0.000371631564467949,-0.003166462189132524,-31693.45600000024
2018-09-11,2018-09-10,0,0,0,,False,0.0,0.0,0.0,0.0,0.0,0.0,9977412.64,False,0.0,-0.003166462189132524,-31693.45600000024
2018-09-12,2018-09-11,0,0,0,,False,0.0,0.0,0.0,0.0,0.0,0.0,9977412.64,False,0.0,-0.003166462189132524,-31693.45600000024
2018-09-13,2018-09-12,0,0,0,,False,0.0,0.0,0.0,0.0,0.0,0.0,9977412.64,False,0.0,-0.003166462189132524,-31693.45600000024
2018-09-14,2018-09-13,0,0,0,,False,0.0,0.0,0.0,0.0,0.0,0.0,9977412.64,False,0.0,-0.003166462189132524,-31693.45600000024
2018-09-17,2018-09-14,1,0,1,TX201809,False,-6800.0,50.0,43.432,200.0,293.432,-7093.432,9970319.208,False,-0.0007109490462048285,-0.0038751600420642296,-38786.88800000027
2018-09-18,2018-09-17,0,1,0,,False,-7200.0,50.0,43.144000000000005,200.0,293.144,-7493.144,9962826.064000001,False,-0.0007515450452165703,-0.004623792729951615,-46280.03199999966
2018-09-19,2018-09-18,0,0,0,,False,0.0,0.0,0.0,0.0,0.0,0.0,9962826.064000001,False,0.0,-0.004623792729951615,-46280.03199999966
2018-09-20,2018-09-19,0,0,0,,False,0.0,0.0,0.0,0.0,0.0,0.0,9962826.064000001,False,0.0,-0.004623792729951615,-46280.03199999966
2018-09-21,2018-09-20,0,0,0,,False,0.0,0.0,0.0,0.0,0.0,0.0,9962826.064000001,False,0.0,-0.004623792729951615,-46280.03199999966
2018-09-25,2018-09-21,1,0,1,TX201810,False,4200.0,50.0,43.844,200.0,293.844,3906.156,9966732.22,False,0.0003920730899954814,-0.00423353250465941,-42373.876000000164
2018-09-26,2018-09-25,1,1,1,TX201810,False,-1800.0,0.0,0.0,0.0,0.0,-1800.0,9964932.22,False,-0.0001806008188308685,-0.004413368744053292,-44173.876000000164
2018-09-27,2018-09-26,0,1,0,,False,-3400.0,50.0,43.816,200.0,293.81600000000003,-3693.816,9961238.404000001,False,-0.0003706814977212158,-0.004782414287638481,-47867.691999999806
2018-09-28,2018-09-27,1,0,1,TX201810,False,-11200.0,50.0,44.048,200.0,294.048,-11494.048,9949744.356,False,-0.0011538774130116683,-0.005930773380824039,-59361.74000000022
2018-10-01,2018-09-28,0,1,0,,False,2600.0,50.0,43.868,200.0,293.868,2306.132,9952050.488,False,0.00023177801534260845,-0.005700369988365095,-57055.60800000094
2018-10-02,2018-10-01,1,0,1,TX201810,False,-25400.0,50.0,44.028000000000006,200.0,294.028,-25694.028,9926356.459999999,False,-0.002581782320234547,-0.008267435194144968,-82749.6360000018
2018-10-03,2018-10-02,0,1,0,,False,200.0,50.0,43.516000000000005,200.0,293.516,-93.516,9926262.943999998,False,-9.420979427531057e-06,-0.008276778286235742,-82843.15200000256
2018-10-04,2018-10-03,0,0,0,,False,0.0,0.0,0.0,0.0,0.0,0.0,9926262.943999998,False,0.0,-0.008276778286235742,-82843.15200000256
2018-10-05,2018-10-04,0,0,0,,False,0.0,0.0,0.0,0.0,0.0,0.0,9926262.943999998,False,0.0,-0.008276778286235742,-82843.15200000256
2018-10-08,2018-10-05,0,0,0,,False,0.0,0.0,0.0,0.0,0.0,0.0,9926262.943999998,False,0.0,-0.008276778286235742,-82843.15200000256
2018-10-09,2018-10-08,0,0,0,,False,0.0,0.0,0.0,0.0,0.0,0.0,9926262.943999998,False,0.0,-0.008276778286235742,-82843.15200000256
2018-10-11,2018-10-09,0,0,0,,False,0.0,0.0,0.0,0.0,0.0,0.0,9926262.943999998,False,0.0,-0.008276778286235742,-82843.15200000256
2018-10-12,2018-10-11,0,0,0,,False,0.0,0.0,0.0,0.0,0.0,0.0,9926262.943999998,False,0.0,-0.008276778286235742,-82843.15200000256
2018-10-15,2018-10-12,0,0,0,,False,0.0,0.0,0.0,0.0,0.0,0.0,9926262.943999998,False,0.0,-0.008276778286235742,-82843.15200000256
2018-10-16,2018-10-15,0,0,0,,False,0.0,0.0,0.0,0.0,0.0,0.0,9926262.943999998,False,0.0,-0.008276778286235742,-82843.15200000256
2018-10-17,2018-10-16,0,0,0,,False,0.0,0.0,0.0,0.0,0.0,0.0,9926262.943999998,False,0.0,-0.008276778286235742,-82843.15200000256
2018-10-18,2018-10-17,0,0,0,,False,0.0,0.0,0.0,0.0,0.0,0.0,9926262.943999998,False,0.0,-0.008276778286235742,-82843.15200000256
2018-10-19,2018-10-18,0,0,0,,False,0.0,0.0,0.0,0.0,0.0,0.0,9926262.943999998,False,0.0,-0.008276778286235742,-82843.15200000256
2018-10-22,2018-10-19,0,0,0,,False,0.0,0.0,0.0,0.0,0.0,0.0,9926262.943999998,False,0.0,-0.008276778286235742,-82843.15200000256
2018-10-23,2018-10-22,0,0,0,,False,0.0,0.0,0.0,0.0,0.0,0.0,9926262.943999998,False,0.0,-0.008276778286235742,-82843.15200000256
2018-10-24,2018-10-23,0,0,0,,False,0.0,0.0,0.0,0.0,0.0,0.0,9926262.943999998,False,0.0,-0.008276778286235742,-82843.15200000256
2018-10-25,2018-10-24,0,0,0,,False,0.0,0.0,0.0,0.0,0.0,0.0,9926262.943999998,False,0.0,-0.008276778286235742,-82843.15200000256
2018-10-26,2018-10-25,0,0,0,,False,0.0,0.0,0.0,0.0,0.0,0.0,9926262.943999998,False,0.0,-0.008276778286235742,-82843.15200000256
2018-10-29,2018-10-26,0,0,0,,False,0.0,0.0,0.0,0.0,0.0,0.0,9926262.943999998,False,0.0,-0.008276778286235742,-82843.15200000256
2018-10-30,2018-10-29,0,0,0,,False,0.0,0.0,0.0,0.0,0.0,0.0,9926262.943999998,False,0.0,-0.008276778286235742,-82843.15200000256
2018-10-31,2018-10-30,0,0,0,,False,0.0,0.0,0.0,0.0,0.0,0.0,9926262.943999998,False,0.0,-0.008276778286235742,-82843.15200000256
2018-11-01,2018-10-31,0,0,0,,False,0.0,0.0,0.0,0.0,0.0,0.0,9926262.943999998,False,0.0,-0.008276778286235742,-82843.15200000256
2018-11-02,2018-11-01,0,0,0,,False,0.0,0.0,0.0,0.0,0.0,0.0,9926262.943999998,False,0.0,-0.008276778286235742,-82843.15200000256
2018-11-05,2018-11-02,1,0,1,TX201811,False,2800.0,50.0,39.216,200.0,289.216,2510.784,9928773.727999998,False,0.0002529435311319918,-0.008025928312629826,-80332.36800000258
2018-11-06,2018-11-05,0,1,0,,False,6400.0,50.0,39.392,200.0,289.392,6110.608,9934884.335999997,False,0.0006154443808873959,-0.0074154234442239675,-74221.7600000035
2018-11-07,2018-11-06,0,0,0,,False,0.0,0.0,0.0,0.0,0.0,0.0,9934884.335999997,False,0.0,-0.0074154234442239675,-74221.7600000035
2018-11-08,2018-11-07,1,0,1,TX201811,False,-11200.0,50.0,39.92400000000001,200.0,289.924,-11489.924,9923394.411999997,False,-0.0011565231774631909,-0.008563370512603252,-85711.68400000408
2018-11-09,2018-11-08,1,1,1,TX201811,False,-27000.0,0.0,0.0,0.0,0.0,-27000.0,9896394.411999997,False,-0.0027208431791595315,-0.011260914103512931,-112711.68400000408
2018-11-12,2018-11-09,0,1,0,,False,-7800.0,50.0,38.996,200.0,288.996,-8088.996,9888305.415999997,False,-0.0008173679891124374,-0.012069077781909021,-120800.68000000343
2018-11-13,2018-11-12,1,0,1,TX201811,False,25600.0,50.0,38.404,200.0,288.404,25311.596,9913617.011999998,False,0.0025597506281555583,-0.009540220983186853,-95489.0840000026
2018-11-14,2018-11-13,0,1,0,,False,8000.0,50.0,39.068000000000005,200.0,289.068,7710.932,9921327.943999998,False,0.0007778121739690221,-0.008769829309240862,-87778.15200000256
2018-11-15,2018-11-14,1,0,1,TX201811,False,7400.0,50.0,39.164,200.0,289.164,7110.836,9928438.779999997,False,0.0007167222009126646,-0.008059392639692464,-80667.31600000337
2018-11-16,2018-11-15,1,1,1,TX201811,False,-8800.0,0.0,0.0,0.0,0.0,-8800.0,9919638.779999997,False,-0.0008863427770463628,-0.008938592032285309,-89467.31600000337
2018-11-19,2018-11-16,1,1,1,TX201811,False,7200.0,0.0,0.0,0.0,0.0,7200.0,9926838.779999997,False,0.0007258328815880534,-0.008219247074709335,-82267.31600000337
2018-11-20,2018-11-19,1,1,1,TX201812,True,-17400.0,100.0,77.77200000000002,400.0,577.772,-17977.772,9908861.007999998,False,-0.0018110268936995877,-0.010015388690910676,-100245.08800000325
2018-11-21,2018-11-20,1,1,1,TX201812,False,3600.0,0.0,0.0,0.0,0.0,3600.0,9912461.007999998,False,0.00036331118148629914,-0.00965571621212269,-96645.08800000325
2018-11-22,2018-11-21,1,1,1,TX201812,False,-3000.0,0.0,0.0,0.0,0.0,-3000.0,9909461.007999998,False,-0.00030264936200796207,-0.009955443277779308,-99645.08800000325
2018-11-23,2018-11-22,0,1,0,,False,200.0,50.0,38.856,200.0,288.856,-88.856,9909372.151999997,False,-8.966784361759508e-06,-0.00996432079382803,-99733.94400000386
2018-11-26,2018-11-23,0,0,0,,False,0.0,0.0,0.0,0.0,0.0,0.0,9909372.151999997,False,0.0,-0.00996432079382803,-99733.94400000386
2018-11-27,2018-11-26,0,0,0,,False,0.0,0.0,0.0,0.0,0.0,0.0,9909372.151999997,False,0.0,-0.00996432079382803,-99733.94400000386
2018-11-28,2018-11-27,0,0,0,,False,0.0,0.0,0.0,0.0,0.0,0.0,9909372.151999997,False,0.0,-0.00996432079382803,-99733.94400000386
2018-11-29,2018-11-28,1,0,1,TX201812,False,-21400.0,50.0,39.940000000000005,200.0,289.94,-21689.94,9887682.211999997,False,-0.00218883090344148,-0.012131341483984093,-121423.88400000334
2018-11-30,2018-11-29,1,1,1,TX201812,False,-4800.0,0.0,0.0,0.0,0.0,-4800.0,9882882.211999997,False,-0.0004854524950422225,-0.012610904789034705,-126223.88400000334
2018-12-03,2018-11-30,0,1,0,,False,31800.0,50.0,40.044000000000004,200.0,290.044,31509.956,9914392.167999998,False,0.003188336694101238,-0.00946277590541822,-94713.9280000031
2018-12-04,2018-12-03,1,0,1,TX201812,False,-7600.0,50.0,40.324000000000005,200.0,290.324,-7890.324,9906501.843999999,False,-0.0007958454604475962,-0.010251090458618162,-102604.25200000219
2018-12-05,2018-12-04,1,1,1,TX201812,False,-32800.0,0.0,0.0,0.0,0.0,-32800.0,9873701.843999999,False,-0.003310956835874991,-0.013528106376463955,-135404.2520000022
2018-12-06,2018-12-05,0,1,0,,False,-13000.0,50.0,39.248000000000005,200.0,289.248,-13289.248,9860412.595999999,False,-0.0013459235664560342,-0.014855822145738329,-148693.50000000186
2018-12-07,2018-12-06,0,0,0,,False,0.0,0.0,0.0,0.0,0.0,0.0,9860412.595999999,False,0.0,-0.014855822145738329,-148693.50000000186
2018-12-10,2018-12-07,0,0,0,,False,0.0,0.0,0.0,0.0,0.0,0.0,9860412.595999999,False,0.0,-0.014855822145738329,-148693.50000000186
2018-12-11,2018-12-10,0,0,0,,False,0.0,0.0,0.0,0.0,0.0,0.0,9860412.595999999,False,0.0,-0.014855822145738329,-148693.50000000186
2018-12-12,2018-12-11,0,0,0,,False,0.0,0.0,0.0,0.0,0.0,0.0,9860412.595999999,False,0.0,-0.014855822145738329,-148693.50000000186
2018-12-13,2018-12-12,0,0,0,,False,0.0,0.0,0.0,0.0,0.0,0.0,9860412.595999999,False,0.0,-0.014855822145738329,-148693.50000000186
2018-12-14,2018-12-13,0,0,0,,False,0.0,0.0,0.0,0.0,0.0,0.0,9860412.595999999,False,0.0,-0.014855822145738329,-148693.50000000186
2018-12-17,2018-12-14,0,0,0,,False,0.0,0.0,0.0,0.0,0.0,0.0,9860412.595999999,False,0.0,-0.014855822145738329,-148693.50000000186
2018-12-18,2018-12-17,0,0,0,,False,0.0,0.0,0.0,0.0,0.0,0.0,9860412.595999999,False,0.0,-0.014855822145738329,-148693.50000000186
2018-12-19,2018-12-18,0,0,0,,False,0.0,0.0,0.0,0.0,0.0,0.0,9860412.595999999,False,0.0,-0.014855822145738329,-148693.50000000186
2018-12-20,2018-12-19,0,0,0,,False,0.0,0.0,0.0,0.0,0.0,0.0,9860412.595999999,False,0.0,-0.014855822145738329,-148693.50000000186
2018-12-21,2018-12-20,0,0,0,,False,0.0,0.0,0.0,0.0,0.0,0.0,9860412.595999999,False,0.0,-0.014855822145738329,-148693.50000000186
2018-12-22,2018-12-21,0,0,0,,False,0.0,0.0,0.0,0.0,0.0,0.0,9860412.595999999,False,0.0,-0.014855822145738329,-148693.50000000186
2018-12-24,2018-12-22,0,0,0,,False,0.0,0.0,0.0,0.0,0.0,0.0,9860412.595999999,False,0.0,-0.014855822145738329,-148693.50000000186
2018-12-25,2018-12-24,0,0,0,,False,0.0,0.0,0.0,0.0,0.0,0.0,9860412.595999999,False,0.0,-0.014855822145738329,-148693.50000000186
2018-12-26,2018-12-25,0,0,0,,False,0.0,0.0,0.0,0.0,0.0,0.0,9860412.595999999,False,0.0,-0.014855822145738329,-148693.50000000186
2018-12-27,2018-12-26,0,0,0,,False,0.0,0.0,0.0,0.0,0.0,0.0,9860412.595999999,False,0.0,-0.014855822145738329,-148693.50000000186
2018-12-28,2018-12-27,0,0,0,,False,0.0,0.0,0.0,0.0,0.0,0.0,9860412.595999999,False,0.0,-0.014855822145738329,-148693.50000000186
2019-01-02,2018-12-28,0,0,0,,False,0.0,0.0,0.0,0.0,0.0,0.0,9860412.595999999,False,0.0,-0.014855822145738329,-148693.50000000186
2019-01-03,2019-01-02,0,0,0,,False,0.0,0.0,0.0,0.0,0.0,0.0,9860412.595999999,False,0.0,-0.014855822145738329,-148693.50000000186
2019-01-04,2019-01-03,0,0,0,,False,0.0,0.0,0.0,0.0,0.0,0.0,9860412.595999999,False,0.0,-0.014855822145738329,-148693.50000000186
2019-01-07,2019-01-04,0,0,0,,False,0.0,0.0,0.0,0.0,0.0,0.0,9860412.595999999,False,0.0,-0.014855822145738329,-148693.50000000186
2019-01-08,2019-01-07,0,0,0,,False,0.0,0.0,0.0,0.0,0.0,0.0,9860412.595999999,False,0.0,-0.014855822145738329,-148693.50000000186
2019-01-09,2019-01-08,0,0,0,,False,0.0,0.0,0.0,0.0,0.0,0.0,9860412.595999999,False,0.0,-0.014855822145738329,-148693.50000000186
2019-01-10,2019-01-09,1,0,1,TX201901,False,-3200.0,50.0,38.844,200.0,288.844,-3488.844,9856923.751999998,False,-0.00035382332798277567,-0.01520438913728972,-152182.34400000237
2019-01-11,2019-01-10,1,1,1,TX201901,False,11200.0,0.0,0.0,0.0,0.0,11200.0,9868123.751999998,False,0.0011362571408475679,-0.014085408092171625,-140982.34400000237
2019-01-14,2019-01-11,1,1,1,TX201901,False,-11800.0,0.0,0.0,0.0,0.0,-11800.0,9856323.751999998,False,-0.0011957693576358387,-0.015264334550420977,-152782.34400000237
2019-01-15,2019-01-14,1,1,1,TX201902,True,20400.0,100.0,78.34800000000001,400.0,578.348,19821.652,9876145.404,False,0.0020110593461358127,-0.013283972686945256,-132960.69200000167
2019-01-16,2019-01-15,1,1,1,TX201902,False,-6000.0,0.0,0.0,0.0,0.0,-6000.0,9870145.404,False,-0.0006075244697764274,-0.013883426818258604,-138960.69200000167
2019-01-17,2019-01-16,1,1,1,TX201902,False,3000.0,0.0,0.0,0.0,0.0,3000.0,9873145.404,False,0.0003039468900614385,-0.013583699752601874,-135960.69200000167
2019-01-18,2019-01-17,1,1,1,TX201902,False,8200.0,0.0,0.0,0.0,0.0,8200.0,9881345.404,False,0.0008305357274164986,-0.01276444577314051,-127760.69200000167
2019-01-21,2019-01-18,1,1,1,TX201902,False,9200.0,0.0,0.0,0.0,0.0,9200.0,9890545.404,False,0.000931047304173358,-0.01184528277179342,-118560.69200000167
2019-01-22,2019-01-21,1,1,1,TX201902,False,-3800.0,0.0,0.0,0.0,0.0,-3800.0,9886745.404,False,-0.0003842053036289767,-0.012224937054958529,-122360.69200000167
2019-01-23,2019-01-22,1,1,1,TX201902,False,-5800.0,0.0,0.0,0.0,0.0,-5800.0,9880945.404,False,-0.0005866440130696017,-0.012804409381894644,-128160.69200000167
2019-01-24,2019-01-23,1,1,1,TX201902,False,9000.0,0.0,0.0,0.0,0.0,9000.0,9889945.404,False,0.0009108440166420335,-0.011905228184924788,-119160.69200000167
2019-01-25,2019-01-24,1,1,1,TX201902,False,21000.0,0.0,0.0,0.0,0.0,21000.0,9910945.404,False,0.0021233686478700406,-0.009807138725328346,-98160.69200000167
2019-01-28,2019-01-25,1,1,1,TX201902,False,3400.0,0.0,0.0,0.0,0.0,3400.0,9914345.404,False,0.000343055063004159,-0.009467448050917482,-94760.69200000167
2019-01-29,2019-01-28,1,1,1,TX201902,False,-12400.0,0.0,0.0,0.0,0.0,-12400.0,9901945.404,False,-0.001250712931082384,-0.010706319922298202,-107160.69200000167
2019-01-30,2019-01-29,1,1,1,TX201902,False,600.0,0.0,0.0,0.0,0.0,600.0,9902545.404,False,6.0594153524379505e-05,-0.010646374509166945,-106560.69200000167
2019-02-11,2019-01-30,1,1,1,TX201902,False,14600.0,0.0,0.0,0.0,0.0,14600.0,9917145.404,False,0.0014743683976548624,-0.009187702789637986,-91960.69200000167
2019-02-12,2019-02-11,1,1,1,TX201902,False,17000.0,0.0,0.0,0.0,0.0,17000.0,9934145.404,False,0.0017142029593660278,-0.0074892494175836655,-74960.69200000167
2019-02-13,2019-02-12,1,1,1,TX201902,False,0.0,0.0,0.0,0.0,0.0,0.0,9934145.404,False,0.0,-0.0074892494175836655,-74960.69200000167
2019-02-14,2019-02-13,1,1,1,TX201902,False,-800.0,0.0,0.0,0.0,0.0,-800.0,9933345.404,False,-8.0530329229717e-05,-0.007569176635092156,-75760.69200000167
2019-02-15,2019-02-14,1,1,1,TX201902,False,-7600.0,0.0,0.0,0.0,0.0,-7600.0,9925745.404,False,-0.0007650997414163814,-0.008328485201422264,-83360.69200000167
2019-02-18,2019-02-15,1,1,1,TX201902,False,18600.0,0.0,0.0,0.0,0.0,18600.0,9944345.404,False,0.0018739146777333562,-0.006470177394351184,-64760.69200000167
2019-02-19,2019-02-18,1,1,1,TX201903,True,1400.0,100.0,81.148,400.0,581.148,818.8520000000001,9945164.256,False,8.234347930740883e-05,-0.006388366691962188,-63941.84000000171
2019-02-20,2019-02-19,1,1,1,TX201903,False,20800.0,0.0,0.0,0.0,0.0,20800.0,9965964.256,False,0.0020914687243552754,-0.0043102590367428695,-43141.84000000171
2019-02-21,2019-02-20,1,1,1,TX201903,False,15000.0,0.0,0.0,0.0,0.0,15000.0,9980964.256,False,0.0015051227974221626,-0.002811623708459665,-28141.840000001714
2019-02-22,2019-02-21,1,1,1,TX201903,False,-2800.0,0.0,0.0,0.0,0.0,-2800.0,9978164.256,False,-0.0002805340173738019,-0.003091368969739161,-30941.840000001714
2019-02-25,2019-02-22,1,1,1,TX201903,False,11600.0,0.0,0.0,0.0,0.0,11600.0,9989764.256,False,0.0011625384892842159,-0.0019324243158668208,-19341.840000001714
2019-02-26,2019-02-25,1,1,1,TX201903,False,-2600.0,0.0,0.0,0.0,0.0,-2600.0,9987164.256,False,-0.00026026640202629424,-0.002192187772769305,-21941.840000001714
2019-02-27,2019-02-26,1,1,1,TX201903,False,1400.0,0.0,0.0,0.0,0.0,1400.0,9988564.256,False,0.00014017993137130198,-0.002052315142129557,-20541.840000001714
2019-03-04,2019-02-27,1,1,1,TX201903,False,-10200.0,0.0,0.0,0.0,0.0,-10200.0,9978364.256,False,-0.001021167781332837,-0.0030713871653620384,-30741.840000001714
2019-03-05,2019-03-04,0,1,0,,False,-10200.0,50.0,41.036,200.0,291.036,-10491.036,9967873.219999999,False,-0.0010513783352508635,-0.004119536310688177,-41232.87600000203
2019-03-06,2019-03-05,1,0,1,TX201903,False,7800.0,50.0,41.136,200.0,291.13599999999997,7508.864,9975382.083999999,False,0.0007533065313204295,-0.0033693330529765975,-33724.01200000197
2019-03-07,2019-03-06,1,1,1,TX201903,False,-12000.0,0.0,0.0,0.0,0.0,-12000.0,9963382.083999999,False,-0.0012029614403690245,-0.004568241315603072,-45724.01200000197
2019-03-08,2019-03-07,0,1,0,,False,-6400.0,50.0,40.916000000000004,200.0,290.916,-6690.916,9956691.168,False,-0.0006715506786339964,-0.005236724188681374,-52414.92800000124
2019-03-11,2019-03-08,0,0,0,,False,0.0,0.0,0.0,0.0,0.0,0.0,9956691.168,False,0.0,-0.005236724188681374,-52414.92800000124
2019-03-12,2019-03-11,1,0,1,TX201903,False,9400.0,50.0,41.208000000000006,200.0,291.20799999999997,9108.792,9965799.959999999,False,0.0009148412706898975,-0.004326673689402538,-43306.1360000018
2019-03-13,2019-03-12,1,1,1,TX201903,False,3400.0,0.0,0.0,0.0,0.0,3400.0,9969199.959999999,False,0.0003411667917925979,-0.003986983014991674,-39906.1360000018
2019-03-14,2019-03-13,1,1,1,TX201903,False,-5400.0,0.0,0.0,0.0,0.0,-5400.0,9963799.959999999,False,-0.0005416683406558936,-0.004526491733173654,-45306.1360000018
2019-03-15,2019-03-14,0,1,0,,False,3400.0,50.0,41.416000000000004,200.0,291.416,3108.584,9966908.544,False,0.00031198779707335676,-0.004215916146284471,-42197.55200000107
2019-03-18,2019-03-15,1,0,1,TX201903,False,8000.0,50.0,41.752,200.0,291.752,7708.248,9974616.792,False,0.0007733840403943813,-0.0034457926281533657,-34489.3040000014
2019-03-19,2019-03-18,1,1,1,TX201904,True,4800.0,100.0,83.98400000000001,400.0,583.984,4216.016,9978832.808,False,0.00042267448343292704,-0.0030245745933394907,-30273.28800000064
2019-03-20,2019-03-19,1,1,1,TX201904,False,3800.0,0.0,0.0,0.0,0.0,3800.0,9982632.808,False,0.0003808060594976149,-0.0026449203101743812,-26473.28800000064
2019-03-21,2019-03-20,0,1,0,,False,4800.0,50.0,42.148,200.0,292.148,4507.852,9987140.66,False,0.00045156944933278964,-0.00219454522604956,-21965.436000000685
2019-03-22,2019-03-21,1,0,1,TX201904,False,-6400.0,50.0,42.584,200.0,292.584,-6692.584,9980448.076,False,-0.0006701201302595852,-0.0028631947473765074,-28658.020000001416
2019-03-25,2019-03-22,0,1,0,,False,-27000.0,50.0,41.908,200.0,291.908,-27291.908,9953156.168,False,-0.002734537346637662,-0.005589902581046746,-55949.92800000124
2019-03-26,2019-03-25,0,0,0,,False,0.0,0.0,0.0,0.0,0.0,0.0,9953156.168,False,0.0,-0.005589902581046746,-55949.92800000124
2019-03-27,2019-03-26,0,0,0,,False,0.0,0.0,0.0,0.0,0.0,0.0,9953156.168,False,0.0,-0.005589902581046746,-55949.92800000124
2019-03-28,2019-03-27,0,0,0,,False,0.0,0.0,0.0,0.0,0.0,0.0,9953156.168,False,0.0,-0.005589902581046746,-55949.92800000124
2019-03-29,2019-03-28,1,0,1,TX201904,False,9400.0,50.0,42.208000000000006,200.0,292.20799999999997,9107.792,9962263.959999999,False,0.0009150657184785368,-0.004679951990789855,-46842.1360000018
2019-04-01,2019-03-29,1,1,1,TX201904,False,8000.0,0.0,0.0,0.0,0.0,8000.0,9970263.959999999,False,0.0008030303184217175,-0.003880679815705501,-38842.1360000018
2019-04-02,2019-04-01,1,1,1,TX201904,False,7600.0,0.0,0.0,0.0,0.0,7600.0,9977863.959999999,False,0.0007622666792464741,-0.003121371249375282,-31242.136000001803
2019-04-03,2019-04-02,1,1,1,TX201904,False,3400.0,0.0,0.0,0.0,0.0,3400.0,9981263.959999999,False,0.00034075429507058545,-0.002781680574964529,-27842.136000001803
2019-04-08,2019-04-03,1,1,1,TX201904,False,15400.0,0.0,0.0,0.0,0.0,15400.0,9996663.959999999,False,0.0015428907663113242,-0.0012430816379270793,-12442.136000001803
2019-04-09,2019-04-08,1,1,1,TX201904,False,14600.0,0.0,0.0,0.0,0.0,14600.0,10011263.959999999,False,0.001460487224380002,0.0,0.0
2019-04-10,2019-04-09,1,1,1,TX201904,False,3800.0,0.0,0.0,0.0,0.0,3800.0,10015063.959999999,False,0.00037957245110936027,0.0,0.0
2019-04-11,2019-04-10,1,1,1,TX201904,False,-11200.0,0.0,0.0,0.0,0.0,-11200.0,10003863.959999999,False,-0.0011183153741935764,-0.0011183153741936014,-11200.0
2019-04-12,2019-04-11,1,1,1,TX201904,False,-800.0,0.0,0.0,0.0,0.0,-800.0,10003063.959999999,False,-7.996910025953613e-05,-0.001198195043778827,-12000.0
2019-04-15,2019-04-12,1,1,1,TX201904,False,14800.0,0.0,0.0,0.0,0.0,14800.0,10017863.959999999,False,0.0014795466728176356,0.0,0.0
2019-04-16,2019-04-15,1,1,1,TX201905,True,11000.0,100.0,87.41600000000001,400.0,587.4159999999999,10412.584,10028276.544,False,0.0010394016171088034,0.0,0.0
2019-04-17,2019-04-16,1,1,1,TX201905,False,14200.0,0.0,0.0,0.0,0.0,14200.0,10042476.544,False,0.0014159960525316762,0.0,0.0
2019-04-18,2019-04-17,1,1,1,TX201905,False,-11000.0,0.0,0.0,0.0,0.0,-11000.0,10031476.544,False,-0.0010953473430388128,-0.0010953473430388438,-11000.0
2019-04-19,2019-04-18,1,1,1,TX201905,False,6600.0,0.0,0.0,0.0,0.0,6600.0,10038076.544,False,0.0006579290666783819,-0.00043813893721555974,-4400.0
2019-04-22,2019-04-19,1,1,1,TX201905,False,1200.0,0.0,0.0,0.0,0.0,1200.0,10039276.544,False,0.00011954481466046091,-0.0003186464997930738,-3200.0
2019-04-23,2019-04-22,1,1,1,TX201905,False,9200.0,0.0,0.0,0.0,0.0,9200.0,10048476.544,False,0.0009164006947789883,0.0,0.0
2019-04-24,2019-04-23,1,1,1,TX201905,False,-3000.0,0.0,0.0,0.0,0.0,-3000.0,10045476.544,False,-0.0002985527195952223,-0.0002985527195952242,-3000.0
2019-04-25,2019-04-24,1,1,1,TX201905,False,4400.0,0.0,0.0,0.0,0.0,4400.0,10049876.544,False,0.0004380080905796399,0.0,0.0
2019-04-26,2019-04-25,1,1,1,TX201905,False,-19600.0,0.0,0.0,0.0,0.0,-19600.0,10030276.544,False,-0.0019502727137182235,-0.0019502727137181708,-19600.0
2019-04-29,2019-04-26,1,1,1,TX201905,False,-200.0,0.0,0.0,0.0,0.0,-200.0,10030076.544,False,-1.993962969242735e-05,-0.0019701734556949457,-19800.0
2019-04-30,2019-04-29,1,1,1,TX201905,False,4000.0,0.0,0.0,0.0,0.0,4000.0,10034076.544,False,0.0003988005457837511,-0.0015721586161605572,-15800.0
2019-05-02,2019-04-30,1,1,1,TX201905,False,5200.0,0.0,0.0,0.0,0.0,5200.0,10039276.544,False,0.0005182340375018769,-0.001054739324765963,-10600.0
2019-05-03,2019-05-02,1,1,1,TX201905,False,22800.0,0.0,0.0,0.0,0.0,22800.0,10062076.544,False,0.002271079982713145,0.0,0.0
2019-05-06,2019-05-03,1,1,1,TX201905,False,-47000.0,0.0,0.0,0.0,0.0,-47000.0,10015076.544,False,-0.004671004021334545,-0.004671004021334579,-47000.0
2019-05-07,2019-05-06,0,1,0,,False,8600.0,50.0,43.596000000000004,200.0,293.596,8306.404,10023382.947999999,False,0.0008293899665675886,-0.003845488138636166,-38693.596000000834
2019-05-08,2019-05-07,1,0,1,TX201905,False,8800.0,50.0,43.400000000000006,200.0,293.4,8506.6,10031889.547999999,False,0.0008486755463830056,-0.0030000761640003315,-30186.996000001207
2019-05-09,2019-05-08,0,1,0,,False,-7800.0,50.0,43.412000000000006,200.0,293.41200000000003,-8093.412,10023796.135999998,False,-0.0008067684518729114,-0.0038044242490709035,-38280.408000001684
2019-05-10,2019-05-09,0,0,0,,False,0.0,0.0,0.0,0.0,0.0,0.0,10023796.135999998,False,0.0,-0.0038044242490709035,-38280.408000001684
2019-05-13,2019-05-10,0,0,0,,False,0.0,0.0,0.0,0.0,0.0,0.0,10023796.135999998,False,0.0,-0.0038044242490709035,-38280.408000001684
2019-05-14,2019-05-13,0,0,0,,False,0.0,0.0,0.0,0.0,0.0,0.0,10023796.135999998,False,0.0,-0.0038044242490709035,-38280.408000001684
2019-05-15,2019-05-14,0,0,0,,False,0.0,0.0,0.0,0.0,0.0,0.0,10023796.135999998,False,0.0,-0.0038044242490709035,-38280.408000001684
2019-05-16,2019-05-15,0,0,0,,False,0.0,0.0,0.0,0.0,0.0,0.0,10023796.135999998,False,0.0,-0.0038044242490709035,-38280.408000001684
2019-05-17,2019-05-16,0,0,0,,False,0.0,0.0,0.0,0.0,0.0,0.0,10023796.135999998,False,0.0,-0.0038044242490709035,-38280.408000001684
2019-05-20,2019-05-17,0,0,0,,False,0.0,0.0,0.0,0.0,0.0,0.0,10023796.135999998,False,0.0,-0.0038044242490709035,-38280.408000001684
2019-05-21,2019-05-20,0,0,0,,False,0.0,0.0,0.0,0.0,0.0,0.0,10023796.135999998,False,0.0,-0.0038044242490709035,-38280.408000001684
2019-05-22,2019-05-21,0,0,0,,False,0.0,0.0,0.0,0.0,0.0,0.0,10023796.135999998,False,0.0,-0.0038044242490709035,-38280.408000001684
2019-05-23,2019-05-22,0,0,0,,False,0.0,0.0,0.0,0.0,0.0,0.0,10023796.135999998,False,0.0,-0.0038044242490709035,-38280.408000001684
2019-05-24,2019-05-23,0,0,0,,False,0.0,0.0,0.0,0.0,0.0,0.0,10023796.135999998,False,0.0,-0.0038044242490709035,-38280.408000001684
2019-05-27,2019-05-24,0,0,0,,False,0.0,0.0,0.0,0.0,0.0,0.0,10023796.135999998,False,0.0,-0.0038044242490709035,-38280.408000001684
2019-05-28,2019-05-27,0,0,0,,False,0.0,0.0,0.0,0.0,0.0,0.0,10023796.135999998,False,0.0,-0.0038044242490709035,-38280.408000001684
2019-05-29,2019-05-28,0,0,0,,False,0.0,0.0,0.0,0.0,0.0,0.0,10023796.135999998,False,0.0,-0.0038044242490709035,-38280.408000001684
2019-05-30,2019-05-29,0,0,0,,False,0.0,0.0,0.0,0.0,0.0,0.0,10023796.135999998,False,0.0,-0.0038044242490709035,-38280.408000001684
2019-05-31,2019-05-30,0,0,0,,False,0.0,0.0,0.0,0.0,0.0,0.0,10023796.135999998,False,0.0,-0.0038044242490709035,-38280.408000001684
2019-06-03,2019-05-31,0,0,0,,False,0.0,0.0,0.0,0.0,0.0,0.0,10023796.135999998,False,0.0,-0.0038044242490709035,-38280.408000001684
2019-06-04,2019-06-03,0,0,0,,False,0.0,0.0,0.0,0.0,0.0,0.0,10023796.135999998,False,0.0,-0.0038044242490709035,-38280.408000001684
2019-06-05,2019-06-04,0,0,0,,False,0.0,0.0,0.0,0.0,0.0,0.0,10023796.135999998,False,0.0,-0.0038044242490709035,-38280.408000001684
2019-06-06,2019-06-05,0,0,0,,False,0.0,0.0,0.0,0.0,0.0,0.0,10023796.135999998,False,0.0,-0.0038044242490709035,-38280.408000001684
2019-06-10,2019-06-06,0,0,0,,False,0.0,0.0,0.0,0.0,0.0,0.0,10023796.135999998,False,0.0,-0.0038044242490709035,-38280.408000001684
2019-06-11,2019-06-10,0,0,0,,False,0.0,0.0,0.0,0.0,0.0,0.0,10023796.135999998,False,0.0,-0.0038044242490709035,-38280.408000001684
2019-06-12,2019-06-11,1,0,1,TX201906,False,1000.0,50.0,42.352000000000004,200.0,292.352,707.648,10024503.783999998,False,7.059680687823599e-05,-0.0037340960223967157,-37572.76000000164
2019-06-13,2019-06-12,1,1,1,TX201906,False,-12600.0,0.0,0.0,0.0,0.0,-12600.0,10011903.783999998,False,-0.0012569200702094326,-0.0049863226323715315,-50172.76000000164
2019-06-14,2019-06-13,0,1,0,,False,1000.0,50.0,42.132000000000005,200.0,292.132,707.8679999999999,10012611.651999999,False,7.070263710796365e-05,-0.004915972541423064,-49464.892000000924
2019-06-17,2019-06-14,0,0,0,,False,0.0,0.0,0.0,0.0,0.0,0.0,10012611.651999999,False,0.0,-0.004915972541423064,-49464.892000000924
2019-06-18,2019-06-17,1,0,1,TX201907,True,2800.0,150.0,125.72400000000002,600.0,875.724,1924.2759999999998,10014535.928,False,0.0001921852226851952,-0.004724732096015427,-47540.61600000039
2019-06-19,2019-06-18,0,1,0,,False,24800.0,50.0,41.844,200.0,291.844,24508.156,10039044.083999999,False,0.0024472582829801197,-0.0022890364527921037,-23032.460000000894
2019-06-20,2019-06-19,1,0,1,TX201907,False,3200.0,50.0,42.304,200.0,292.304,2907.696,10041951.78,False,0.0002896387321014179,-0.002000060714306584,-20124.764000000432
2019-06-21,2019-06-20,1,1,1,TX201907,False,-1200.0,0.0,0.0,0.0,0.0,-1200.0,10040751.78,False,-0.00011949868175925459,-0.0021193203914470216,-21324.764000000432
2019-06-24,2019-06-21,1,1,1,TX201907,False,7600.0,0.0,0.0,0.0,0.0,7600.0,10048351.78,False,0.0007569154348719495,-0.0013640091028908063,-13724.764000000432
2019-06-25,2019-06-24,0,1,0,,False,-600.0,50.0,42.476000000000006,200.0,292.476,-892.476,10047459.304,False,-8.881814844264937e-05,-0.0014527061025705335,-14617.240000000224
2019-06-26,2019-06-25,0,0,0,,False,0.0,0.0,0.0,0.0,0.0,0.0,10047459.304,False,0.0,-0.0014527061025705335,-14617.240000000224
2019-06-27,2019-06-26,0,0,0,,False,0.0,0.0,0.0,0.0,0.0,0.0,10047459.304,False,0.0,-0.0014527061025705335,-14617.240000000224
2019-06-28,2019-06-27,1,0,1,TX201907,False,-8200.0,50.0,42.48800000000001,200.0,292.488,-8492.488,10038966.816,False,-0.0008452373623070113,-0.002296715583403164,-23109.72800000012
2019-07-01,2019-06-28,1,1,1,TX201907,False,37400.0,0.0,0.0,0.0,0.0,37400.0,10076366.816,False,0.003725482979024522,0.0,0.0
2019-07-02,2019-07-01,0,1,0,,False,-5800.0,50.0,42.948,200.0,292.948,-6092.948,10070273.867999999,False,-0.000604677073717202,-0.0006046770737172524,-6092.94800000079
2019-07-03,2019-07-02,0,0,0,,False,0.0,0.0,0.0,0.0,0.0,0.0,10070273.867999999,False,0.0,-0.0006046770737172524,-6092.94800000079
2019-07-04,2019-07-03,1,0,1,TX201907,False,3800.0,50.0,42.768,200.0,292.76800000000003,3507.232,10073781.1,False,0.00034827573172014953,-0.0002566119363474062,-2585.716000000015
2019-07-05,2019-07-04,1,1,1,TX201907,False,1600.0,0.0,0.0,0.0,0.0,1600.0,10075381.1,False,0.00015882814844964222,-9.782454509643657e-05,-985.7160000000149
2019-07-08,2019-07-05,1,1,1,TX201907,False,-10600.0,0.0,0.0,0.0,0.0,-10600.0,10064781.1,False,-0.0010520693852463805,-0.0011497910121337496,-11585.716000000015
2019-07-09,2019-07-08,1,1,1,TX201907,False,-3000.0,0.0,0.0,0.0,0.0,-3000.0,10061781.1,False,-0.0002980690757397595,-0.0014475173707292344,-14585.716000000015
2019-07-10,2019-07-09,0,1,0,,False,9800.0,50.0,42.792,200.0,292.79200000000003,9507.208,10071288.308,False,0.0009448832076062558,-0.0005040018979792782,-5078.507999999449
2019-07-11,2019-07-10,0,0,0,,False,0.0,0.0,0.0,0.0,0.0,0.0,10071288.308,False,0.0,-0.0005040018979792782,-5078.507999999449
2019-07-12,2019-07-11,1,0,1,TX201907,False,4200.0,50.0,43.160000000000004,200.0,293.15999999999997,3906.84,10075195.148,False,0.0003879185939793473,-0.00011627881570752674,-1171.6679999995977
2019-07-15,2019-07-12,1,1,1,TX201907,False,7800.0,0.0,0.0,0.0,0.0,7800.0,10082995.148,False,0.0007741785529135241,0.0,0.0
2019-07-16,2019-07-15,1,1,1,TX201908,True,5400.0,100.0,86.412,400.0,586.412,4813.588,10087808.736,False,0.0004773966395247937,0.0,0.0
2019-07-17,2019-07-16,1,1,1,TX201908,False,-12200.0,0.0,0.0,0.0,0.0,-12200.0,10075608.736,False,-0.0012093805819753797,-0.0012093805819753944,-12200.0
2019-07-18,2019-07-17,0,1,0,,False,-8200.0,50.0,42.496,200.0,292.496,-8492.496,10067116.24,False,-0.0008428767156922676,-0.0020512379389345803,-20692.495999999344
2019-07-19,2019-07-18,0,0,0,,False,0.0,0.0,0.0,0.0,0.0,0.0,10067116.24,False,0.0,-0.0020512379389345803,-20692.495999999344
2019-07-22,2019-07-19,1,0,1,TX201908,False,11800.0,50.0,42.944,200.0,292.944,11507.056,10078623.296,False,0.0011430339856689684,-0.0009105485879425945,-9185.439999999478
2019-07-23,2019-07-22,1,1,1,TX201908,False,1800.0,0.0,0.0,0.0,0.0,1800.0,10080423.296,False,0.00017859582079175271,-0.0007321153873232067,-7385.4399999994785
2019-07-24,2019-07-23,1,1,1,TX201908,False,200.0,0.0,0.0,0.0,0.0,200.0,10080623.296,False,1.9840436668900772e-05,-0.000712289476143324,-7185.4399999994785
2019-07-25,2019-07-24,1,1,1,TX201908,False,3600.0,0.0,0.0,0.0,0.0,3600.0,10084223.296,False,0.00035712077460810216,-0.0003554230749046594,-3585.4399999994785
2019-07-26,2019-07-25,1,1,1,TX201908,False,-7000.0,0.0,0.0,0.0,0.0,-7000.0,10077223.296,False,-0.0006941536095076965,-0.001049329966201995,-10585.439999999478
2019-07-29,2019-07-26,1,1,1,TX201908,False,-1000.0,0.0,0.0,0.0,0.0,-1000.0,10076223.296,False,-9.923368477871625e-05,-0.0011484595221016303,-11585.439999999478
2019-07-30,2019-07-29,1,1,1,TX201908,False,-6000.0,0.0,0.0,0.0,0.0,-6000.0,10070223.296,False,-0.0005954611984811656,-0.0017432368574993307,-17585.43999999948
2019-07-31,2019-07-30,0,1,0,,False,-6200.0,50.0,42.88,200.0,292.88,-6492.88,10063730.416,False,-0.0006447602807952671,-0.0023868731684090205,-24078.320000000298
2019-08-01,2019-07-31,0,0,0,,False,0.0,0.0,0.0,0.0,0.0,0.0,10063730.416,False,0.0,-0.0023868731684090205,-24078.320000000298
2019-08-02,2019-08-01,0,0,0,,False,0.0,0.0,0.0,0.0,0.0,0.0,10063730.416,False,0.0,-0.0023868731684090205,-24078.320000000298
2019-08-05,2019-08-02,0,0,0,,False,0.0,0.0,0.0,0.0,0.0,0.0,10063730.416,False,0.0,-0.0023868731684090205,-24078.320000000298
2019-08-06,2019-08-05,0,0,0,,False,0.0,0.0,0.0,0.0,0.0,0.0,10063730.416,False,0.0,-0.0023868731684090205,-24078.320000000298
2019-08-07,2019-08-06,0,0,0,,False,0.0,0.0,0.0,0.0,0.0,0.0,10063730.416,False,0.0,-0.0023868731684090205,-24078.320000000298
2019-08-08,2019-08-07,0,0,0,,False,0.0,0.0,0.0,0.0,0.0,0.0,10063730.416,False,0.0,-0.0023868731684090205,-24078.320000000298
2019-08-12,2019-08-08,0,0,0,,False,0.0,0.0,0.0,0.0,0.0,0.0,10063730.416,False,0.0,-0.0023868731684090205,-24078.320000000298
2019-08-13,2019-08-12,0,0,0,,False,0.0,0.0,0.0,0.0,0.0,0.0,10063730.416,False,0.0,-0.0023868731684090205,-24078.320000000298
2019-08-14,2019-08-13,0,0,0,,False,0.0,0.0,0.0,0.0,0.0,0.0,10063730.416,False,0.0,-0.0023868731684090205,-24078.320000000298
2019-08-15,2019-08-14,0,0,0,,False,0.0,0.0,0.0,0.0,0.0,0.0,10063730.416,False,0.0,-0.0023868731684090205,-24078.320000000298
2019-08-16,2019-08-15,0,0,0,,False,0.0,0.0,0.0,0.0,0.0,0.0,10063730.416,False,0.0,-0.0023868731684090205,-24078.320000000298
2019-08-19,2019-08-16,0,0,0,,False,0.0,0.0,0.0,0.0,0.0,0.0,10063730.416,False,0.0,-0.0023868731684090205,-24078.320000000298
2019-08-20,2019-08-19,0,0,0,,False,0.0,0.0,0.0,0.0,0.0,0.0,10063730.416,False,0.0,-0.0023868731684090205,-24078.320000000298
2019-08-21,2019-08-20,0,0,0,,False,0.0,0.0,0.0,0.0,0.0,0.0,10063730.416,False,0.0,-0.0023868731684090205,-24078.320000000298
2019-08-22,2019-08-21,0,0,0,,False,0.0,0.0,0.0,0.0,0.0,0.0,10063730.416,False,0.0,-0.0023868731684090205,-24078.320000000298
2019-08-23,2019-08-22,0,0,0,,False,0.0,0.0,0.0,0.0,0.0,0.0,10063730.416,False,0.0,-0.0023868731684090205,-24078.320000000298
2019-08-26,2019-08-23,0,0,0,,False,0.0,0.0,0.0,0.0,0.0,0.0,10063730.416,False,0.0,-0.0023868731684090205,-24078.320000000298
2019-08-27,2019-08-26,0,0,0,,False,0.0,0.0,0.0,0.0,0.0,0.0,10063730.416,False,0.0,-0.0023868731684090205,-24078.320000000298
2019-08-28,2019-08-27,0,0,0,,False,0.0,0.0,0.0,0.0,0.0,0.0,10063730.416,False,0.0,-0.0023868731684090205,-24078.320000000298
2019-08-29,2019-08-28,0,0,0,,False,0.0,0.0,0.0,0.0,0.0,0.0,10063730.416,False,0.0,-0.0023868731684090205,-24078.320000000298
2019-08-30,2019-08-29,1,0,1,TX201909,False,11200.0,50.0,42.084,200.0,292.084,10907.916,10074638.331999999,False,0.0010838839624179376,-0.0013055762995386466,-13170.404000001028
2019-09-02,2019-08-30,1,1,1,TX201909,False,5800.0,0.0,0.0,0.0,0.0,5800.0,10080438.331999999,False,0.0005757030484734627,-0.0007306248753209399,-7370.404000001028
2019-09-03,2019-09-02,1,1,1,TX201909,False,-12400.0,0.0,0.0,0.0,0.0,-12400.0,10068038.331999999,False,-0.0012301052386419183,-0.001959831368476217,-19770.404000001028
2019-09-04,2019-09-03,1,1,1,TX201909,False,20200.0,0.0,0.0,0.0,0.0,20200.0,10088238.331999999,False,0.0020063491351435194,0.0,0.0
2019-09-05,2019-09-04,1,1,1,TX201909,False,18200.0,0.0,0.0,0.0,0.0,18200.0,10106438.331999999,False,0.0018040810893879666,0.0,0.0
2019-09-06,2019-09-05,1,1,1,TX201909,False,6600.0,0.0,0.0,0.0,0.0,6600.0,10113038.331999999,False,0.000653049054789404,0.0,0.0
2019-09-09,2019-09-06,1,1,1,TX201909,False,4800.0,0.0,0.0,0.0,0.0,4800.0,10117838.331999999,False,0.0004746348073072844,0.0,0.0
2019-09-10,2019-09-09,1,1,1,TX201909,False,-9800.0,0.0,0.0,0.0,0.0,-9800.0,10108038.331999999,False,-0.0009685863401281317,-0.0009685863401280859,-9800.0
2019-09-11,2019-09-10,1,1,1,TX201909,False,6000.0,0.0,0.0,0.0,0.0,6000.0,10114038.331999999,False,0.0005935869852219711,-0.0003755742951516705,-3800.0
2019-09-12,2019-09-11,1,1,1,TX201909,False,10200.0,0.0,0.0,0.0,0.0,10200.0,10124238.331999999,False,0.0010084992428521875,0.0,0.0
2019-09-16,2019-09-12,1,1,1,TX201909,False,11400.0,0.0,0.0,0.0,0.0,11400.0,10135638.331999999,False,0.0011260106317299604,0.0,0.0
2019-09-17,2019-09-16,1,1,1,TX201910,True,-3600.0,100.0,86.808,400.0,586.808,-4186.808,10131451.523999998,False,-0.0004130778805298832,-0.0004130778805299107,-4186.808000000194
2019-09-18,2019-09-17,1,1,1,TX201910,False,11200.0,0.0,0.0,0.0,0.0,11200.0,10142651.523999998,False,0.001105468448767559,0.0,0.0
2019-09-19,2019-09-18,1,1,1,TX201910,False,-5000.0,0.0,0.0,0.0,0.0,-5000.0,10137651.523999998,False,-0.000492967740059764,-0.000492967740059802,-5000.0
2019-09-20,2019-09-19,1,1,1,TX201910,False,6200.0,0.0,0.0,0.0,0.0,6200.0,10143851.523999998,False,0.0006115814876179207,0.0,0.0
2019-09-23,2019-09-20,1,1,1,TX201910,False,-1400.0,0.0,0.0,0.0,0.0,-1400.0,10142451.523999998,False,-0.00013801463839328178,-0.0001380146383932468,-1400.0
2019-09-24,2019-09-23,1,1,1,TX201910,False,2800.0,0.0,0.0,0.0,0.0,2800.0,10145251.523999998,False,0.00027606737812592777,0.0,0.0
2019-09-25,2019-09-24,1,1,1,TX201910,False,-13400.0,0.0,0.0,0.0,0.0,-13400.0,10131851.523999998,False,-0.0013208149613935587,-0.0013208149613935793,-13400.0
2019-09-26,2019-09-25,1,1,1,TX201910,False,400.0,0.0,0.0,0.0,0.0,400.0,10132251.523999998,False,3.94794573383249e-05,-0.0012813876491131193,-13000.0
2019-09-27,2019-09-26,1,1,1,TX201910,False,-3800.0,0.0,0.0,0.0,0.0,-3800.0,10128451.523999998,False,-0.00037504003833689284,-0.00165594711577699,-16800.0
2019-10-01,2019-09-27,1,1,1,TX201910,False,26000.0,0.0,0.0,0.0,0.0,26000.0,10154451.523999998,False,0.0025670261577884217,0.0,0.0
2019-10-02,2019-10-01,1,1,1,TX201910,False,-6400.0,0.0,0.0,0.0,0.0,-6400.0,10148051.523999998,False,-0.000630265454010355,-0.0006302654540103481,-6400.0
2019-10-03,2019-10-02,1,1,1,TX201910,False,-14200.0,0.0,0.0,0.0,0.0,-14200.0,10133851.523999998,False,-0.0013992833960703886,-0.002028666930095846,-20600.0
2019-10-04,2019-10-03,1,1,1,TX201910,False,5800.0,0.0,0.0,0.0,0.0,5800.0,10139651.523999998,False,0.0005723391532097999,-0.0014574888623989368,-14800.0
2019-10-07,2019-10-04,1,1,1,TX201910,False,7000.0,0.0,0.0,0.0,0.0,7000.0,10146651.523999998,False,0.0006903590309224518,-0.0007681360220751499,-7800.0
2019-10-08,2019-10-07,1,1,1,TX201910,False,17200.0,0.0,0.0,0.0,0.0,17200.0,10163851.523999998,False,0.0016951405061380724,0.0,0.0
2019-10-09,2019-10-08,1,1,1,TX201910,False,-24200.0,0.0,0.0,0.0,0.0,-24200.0,10139651.523999998,False,-0.0023809871624803167,-0.0023809871624803636,-24200.0
2019-10-14,2019-10-09,1,1,1,TX201910,False,39200.0,0.0,0.0,0.0,0.0,39200.0,10178851.523999998,False,0.0038660105731657297,0.0,0.0
2019-10-15,2019-10-14,1,1,1,TX201911,True,6400.0,100.0,88.78,400.0,588.78,5811.22,10184662.743999999,False,0.000570911166775361,0.0,0.0
2019-10-16,2019-10-15,1,1,1,TX201911,False,8800.0,0.0,0.0,0.0,0.0,8800.0,10193462.743999999,False,0.0008640443204841777,0.0,0.0
2019-10-17,2019-10-16,1,1,1,TX201911,False,5200.0,0.0,0.0,0.0,0.0,5200.0,10198662.743999999,False,0.0005101308682430596,0.0,0.0
2019-10-18,2019-10-17,1,1,1,TX201911,False,-1400.0,0.0,0.0,0.0,0.0,-1400.0,10197262.743999999,False,-0.00013727289892232562,-0.00013727289892229155,-1400.0
2019-10-21,2019-10-18,1,1,1,TX201911,False,1000.0,0.0,0.0,0.0,0.0,1000.0,10198262.743999999,False,9.806553239872075e-05,-3.9220828263575314e-05,-400.0
2019-10-22,2019-10-21,1,1,1,TX201911,False,17400.0,0.0,0.0,0.0,0.0,17400.0,10215662.743999999,False,0.0017061729469793313,0.0,0.0
2019-10-23,2019-10-22,1,1,1,TX201911,False,-8200.0,0.0,0.0,0.0,0.0,-8200.0,10207462.743999999,False,-0.0008026889890052542,-0.0008026889890052624,-8200.0
2019-10-24,2019-10-23,1,1,1,TX201911,False,17800.0,0.0,0.0,0.0,0.0,17800.0,10225262.743999999,False,0.0017438221864158098,0.0,0.0
2019-10-25,2019-10-24,1,1,1,TX201911,False,-1200.0,0.0,0.0,0.0,0.0,-1200.0,10224062.743999999,False,-0.00011735639758539589,-0.00011735639758536642,-1200.0
2019-10-28,2019-10-25,1,1,1,TX201911,False,5400.0,0.0,0.0,0.0,0.0,5400.0,10229462.743999999,False,0.0005281657727667013,0.0,0.0
2019-10-29,2019-10-28,1,1,1,TX201911,False,3000.0,0.0,0.0,0.0,0.0,3000.0,10232462.743999999,False,0.0002932705338566899,0.0,0.0
2019-10-30,2019-10-29,1,1,1,TX201911,False,2400.0,0.0,0.0,0.0,0.0,2400.0,10234862.743999999,False,0.0002345476411734102,0.0,0.0
2019-10-31,2019-10-30,1,1,1,TX201911,False,1600.0,0.0,0.0,0.0,0.0,1600.0,10236462.743999999,False,0.00015632842765165276,0.0,0.0
2019-11-01,2019-10-31,1,1,1,TX201911,False,5000.0,0.0,0.0,0.0,0.0,5000.0,10241462.743999999,False,0.0004884499777943998,0.0,0.0
2019-11-04,2019-11-01,1,1,1,TX201911,False,34600.0,0.0,0.0,0.0,0.0,34600.0,10276062.743999999,False,0.003378423655377797,0.0,0.0
2019-11-05,2019-11-04,1,1,1,TX201911,False,20200.0,0.0,0.0,0.0,0.0,20200.0,10296262.743999999,False,0.0019657334237078695,0.0,0.0
2019-11-06,2019-11-05,1,1,1,TX201911,False,1600.0,0.0,0.0,0.0,0.0,1600.0,10297862.743999999,False,0.000155396189839112,0.0,0.0
2019-11-07,2019-11-06,1,1,1,TX201911,False,-11400.0,0.0,0.0,0.0,0.0,-11400.0,10286462.743999999,False,-0.0011070258250084131,-0.0011070258250084342,-11400.0
2019-11-08,2019-11-07,1,1,1,TX201911,False,-4600.0,0.0,0.0,0.0,0.0,-4600.0,10281862.743999999,False,-0.0004471896816700317,-0.0015537204561522078,-16000.0
2019-11-11,2019-11-08,1,1,1,TX201911,False,-27200.0,0.0,0.0,0.0,0.0,-27200.0,10254662.743999999,False,-0.002645435041998845,-0.00419504523161085,-43200.0
2019-11-12,2019-11-11,1,1,1,TX201911,False,17200.0,0.0,0.0,0.0,0.0,17200.0,10271862.743999999,False,0.0016772857800773327,-0.00252479574124731,-26000.0
2019-11-13,2019-11-12,1,1,1,TX201911,False,-11400.0,0.0,0.0,0.0,0.0,-11400.0,10260462.743999999,False,-0.0011098279137986894,-0.003631821566255633,-37400.0
2019-11-14,2019-11-13,1,1,1,TX201911,False,-2000.0,0.0,0.0,0.0,0.0,-2000.0,10258462.743999999,False,-0.00019492298251066095,-0.0038260366232747423,-39400.0
2019-11-15,2019-11-14,1,1,1,TX201911,False,15200.0,0.0,0.0,0.0,0.0,15200.0,10273662.743999999,False,0.0014817034851435438,-0.0023500021899300894,-24200.0
2019-11-18,2019-11-15,1,1,1,TX201911,False,12200.0,0.0,0.0,0.0,0.0,12200.0,10285862.743999999,False,0.0011875024812475002,-0.0011652903421141003,-12000.0
2019-11-19,2019-11-18,1,1,1,TX201912,True,10200.0,100.0,93.13600000000001,400.0,593.136,9606.864,10295469.608,False,0.0009339871860145055,-0.00023239152234710847,-2393.1359999999404
2019-11-20,2019-11-19,1,1,1,TX201912,False,-7800.0,0.0,0.0,0.0,0.0,-7800.0,10287669.608,False,-0.0007576147856275621,-0.0009898302447213236,-10193.13599999994
2019-11-21,2019-11-20,1,1,1,TX201912,False,-11400.0,0.0,0.0,0.0,0.0,-11400.0,10276269.608,False,-0.0011081226783503058,-0.002096856069729758,-21593.13599999994
2019-11-22,2019-11-21,0,1,0,,False,4200.0,50.0,46.25600000000001,200.0,296.256,3903.7439999999997,10280173.352,False,0.00037987948437640873,-0.001717773137955847,-17689.39199999906
2019-11-25,2019-11-22,0,0,0,,False,0.0,0.0,0.0,0.0,0.0,0.0,10280173.352,False,0.0,-0.001717773137955847,-17689.39199999906
2019-11-26,2019-11-25,0,0,0,,False,0.0,0.0,0.0,0.0,0.0,0.0,10280173.352,False,0.0,-0.001717773137955847,-17689.39199999906
2019-11-27,2019-11-26,0,0,0,,False,0.0,0.0,0.0,0.0,0.0,0.0,10280173.352,False,0.0,-0.001717773137955847,-17689.39199999906
2019-11-28,2019-11-27,1,0,1,TX201912,False,-8800.0,50.0,46.636,200.0,296.63599999999997,-9096.636,10271076.716,False,-0.0008848718488030415,-0.0026011249776664025,-26786.027999999
2019-11-29,2019-11-28,0,1,0,,False,-2000.0,50.0,46.412000000000006,200.0,296.41200000000003,-2296.412,10268780.304,False,-0.00022358045446420555,-0.002824123871426054,-29082.43999999948
2019-12-02,2019-11-29,0,0,0,,False,0.0,0.0,0.0,0.0,0.0,0.0,10268780.304,False,0.0,-0.002824123871426054,-29082.43999999948
2019-12-03,2019-12-02,0,0,0,,False,0.0,0.0,0.0,0.0,0.0,0.0,10268780.304,False,0.0,-0.002824123871426054,-29082.43999999948
2019-12-04,2019-12-03,0,0,0,,False,0.0,0.0,0.0,0.0,0.0,0.0,10268780.304,False,0.0,-0.002824123871426054,-29082.43999999948
2019-12-05,2019-12-04,0,0,0,,False,0.0,0.0,0.0,0.0,0.0,0.0,10268780.304,False,0.0,-0.002824123871426054,-29082.43999999948
2019-12-06,2019-12-05,1,0,1,TX201912,False,-6600.0,50.0,46.584,200.0,296.584,-6896.584,10261883.719999999,False,-0.000671606928557384,-0.003493834098824311,-35979.02400000021
2019-12-09,2019-12-06,1,1,1,TX201912,False,11800.0,0.0,0.0,0.0,0.0,11800.0,10273683.719999999,False,0.0011498863485465416,-0.0023479652624120995,-24179.02400000021
2019-12-10,2019-12-09,1,1,1,TX201912,False,-9200.0,0.0,0.0,0.0,0.0,-9200.0,10264483.719999999,False,-0.0008954918460347542,-0.0032413545246996467,-33379.02400000021
2019-12-11,2019-12-10,0,1,0,,False,-5000.0,50.0,46.396,200.0,296.396,-5296.396,10259187.324,False,-0.0005159924399977518,-0.0037556744502672545,-38675.419999999925
2019-12-12,2019-12-11,1,0,1,TX201912,False,17600.0,50.0,47.06400000000001,200.0,297.064,17302.936,10276490.26,False,0.0016865795948107988,-0.002075429099348991,-21372.48399999924
2019-12-13,2019-12-12,1,1,1,TX201912,False,22400.0,0.0,0.0,0.0,0.0,22400.0,10298890.26,False,0.0021797325189115684,0.0,0.0
2019-12-16,2019-12-13,1,1,1,TX201912,False,-800.0,0.0,0.0,0.0,0.0,-800.0,10298090.26,False,-7.767827210540643e-05,-7.767827210536371e-05,-800.0
2019-12-17,2019-12-16,1,1,1,TX202001,True,27800.0,100.0,96.76,400.0,596.76,27203.24,10325293.5,False,0.0026415810420368177,0.0,0.0
2019-12-18,2019-12-17,1,1,1,TX202001,False,800.0,0.0,0.0,0.0,0.0,800.0,10326093.5,False,7.74796377458907e-05,0.0,0.0
2019-12-19,2019-12-18,1,1,1,TX202001,False,-12800.0,0.0,0.0,0.0,0.0,-12800.0,10313293.5,False,-0.0012395781618673122,-0.0012395781618672608,-12800.0
2019-12-20,2019-12-19,0,1,0,,False,6600.0,50.0,48.248000000000005,200.0,298.248,6301.752,10319595.252,False,0.0006110319656858404,-0.000629303618062349,-6498.247999999672
2019-12-23,2019-12-20,1,0,1,TX202001,False,4000.0,50.0,48.004000000000005,200.0,298.004,3701.996,10323297.248,False,0.00035873461212371975,-0.00027079475892799465,-2796.252000000328
2019-12-24,2019-12-23,0,1,0,,False,2000.0,50.0,48.11600000000001,200.0,298.116,1701.884,10324999.132,False,0.00016485856786984578,-0.00010598083389434798,-1094.3680000007153
2019-12-25,2019-12-24,0,0,0,,False,0.0,0.0,0.0,0.0,0.0,0.0,10324999.132,False,0.0,-0.00010598083389434798,-1094.3680000007153
2019-12-26,2019-12-25,0,0,0,,False,0.0,0.0,0.0,0.0,0.0,0.0,10324999.132,False,0.0,-0.00010598083389434798,-1094.3680000007153
2019-12-27,2019-12-26,0,0,0,,False,0.0,0.0,0.0,0.0,0.0,0.0,10324999.132,False,0.0,-0.00010598083389434798,-1094.3680000007153
2019-12-30,2019-12-27,1,0,1,TX202001,False,-4400.0,50.0,48.368,200.0,298.368,-4698.368,10320300.763999999,False,-0.0004550477864388842,-0.0005609803939894409,-5792.7360000014305
2019-12-31,2019-12-30,0,1,0,,False,-8000.0,50.0,48.112,200.0,298.11199999999997,-8298.112000000001,10312002.651999999,False,-0.0008040571868744427,-0.0013645865205463847,-14090.848000001162
2020-01-02,2019-12-31,0,0,0,,False,0.0,0.0,0.0,0.0,0.0,0.0,10312002.651999999,False,0.0,-0.0013645865205463847,-14090.848000001162
2020-01-03,2020-01-02,0,0,0,,False,0.0,0.0,0.0,0.0,0.0,0.0,10312002.651999999,False,0.0,-0.0013645865205463847,-14090.848000001162
2020-01-06,2020-01-03,0,0,0,,False,0.0,0.0,0.0,0.0,0.0,0.0,10312002.651999999,False,0.0,-0.0013645865205463847,-14090.848000001162
2020-01-07,2020-01-06,0,0,0,,False,0.0,0.0,0.0,0.0,0.0,0.0,10312002.651999999,False,0.0,-0.0013645865205463847,-14090.848000001162
2020-01-08,2020-01-07,0,0,0,,False,0.0,0.0,0.0,0.0,0.0,0.0,10312002.651999999,False,0.0,-0.0013645865205463847,-14090.848000001162
2020-01-09,2020-01-08,0,0,0,,False,0.0,0.0,0.0,0.0,0.0,0.0,10312002.651999999,False,0.0,-0.0013645865205463847,-14090.848000001162
2020-01-10,2020-01-09,0,0,0,,False,0.0,0.0,0.0,0.0,0.0,0.0,10312002.651999999,False,0.0,-0.0013645865205463847,-14090.848000001162
2020-01-13,2020-01-10,0,0,0,,False,0.0,0.0,0.0,0.0,0.0,0.0,10312002.651999999,False,0.0,-0.0013645865205463847,-14090.848000001162
2020-01-14,2020-01-13,0,0,0,,False,0.0,0.0,0.0,0.0,0.0,0.0,10312002.651999999,False,0.0,-0.0013645865205463847,-14090.848000001162
2020-01-15,2020-01-14,0,0,0,,False,0.0,0.0,0.0,0.0,0.0,0.0,10312002.651999999,False,0.0,-0.0013645865205463847,-14090.848000001162
2020-01-16,2020-01-15,0,0,0,,False,0.0,0.0,0.0,0.0,0.0,0.0,10312002.651999999,False,0.0,-0.0013645865205463847,-14090.848000001162
2020-01-17,2020-01-16,0,0,0,,False,0.0,0.0,0.0,0.0,0.0,0.0,10312002.651999999,False,0.0,-0.0013645865205463847,-14090.848000001162
2020-01-20,2020-01-17,0,0,0,,False,0.0,0.0,0.0,0.0,0.0,0.0,10312002.651999999,False,0.0,-0.0013645865205463847,-14090.848000001162
2020-01-30,2020-01-20,0,0,0,,False,0.0,0.0,0.0,0.0,0.0,0.0,10312002.651999999,False,0.0,-0.0013645865205463847,-14090.848000001162
2020-01-31,2020-01-30,0,0,0,,False,0.0,0.0,0.0,0.0,0.0,0.0,10312002.651999999,False,0.0,-0.0013645865205463847,-14090.848000001162
2020-02-03,2020-01-31,0,0,0,,False,0.0,0.0,0.0,0.0,0.0,0.0,10312002.651999999,False,0.0,-0.0013645865205463847,-14090.848000001162
2020-02-04,2020-02-03,0,0,0,,False,0.0,0.0,0.0,0.0,0.0,0.0,10312002.651999999,False,0.0,-0.0013645865205463847,-14090.848000001162
2020-02-05,2020-02-04,0,0,0,,False,0.0,0.0,0.0,0.0,0.0,0.0,10312002.651999999,False,0.0,-0.0013645865205463847,-14090.848000001162
2020-02-06,2020-02-05,0,0,0,,False,0.0,0.0,0.0,0.0,0.0,0.0,10312002.651999999,False,0.0,-0.0013645865205463847,-14090.848000001162
2020-02-07,2020-02-06,0,0,0,,False,0.0,0.0,0.0,0.0,0.0,0.0,10312002.651999999,False,0.0,-0.0013645865205463847,-14090.848000001162
2020-02-10,2020-02-07,0,0,0,,False,0.0,0.0,0.0,0.0,0.0,0.0,10312002.651999999,False,0.0,-0.0013645865205463847,-14090.848000001162
2020-02-11,2020-02-10,0,0,0,,False,0.0,0.0,0.0,0.0,0.0,0.0,10312002.651999999,False,0.0,-0.0013645865205463847,-14090.848000001162
2020-02-12,2020-02-11,0,0,0,,False,0.0,0.0,0.0,0.0,0.0,0.0,10312002.651999999,False,0.0,-0.0013645865205463847,-14090.848000001162
2020-02-13,2020-02-12,0,0,0,,False,0.0,0.0,0.0,0.0,0.0,0.0,10312002.651999999,False,0.0,-0.0013645865205463847,-14090.848000001162
2020-02-14,2020-02-13,0,0,0,,False,0.0,0.0,0.0,0.0,0.0,0.0,10312002.651999999,False,0.0,-0.0013645865205463847,-14090.848000001162
2020-02-17,2020-02-14,1,0,1,TX202002,False,12000.0,50.0,46.844,200.0,296.844,11703.156,10323705.807999998,False,0.0011349062248088339,-0.00023122897347405136,-2387.692000001669
2020-02-18,2020-02-17,0,1,0,,False,-11000.0,50.0,46.856,200.0,296.856,-11296.856,10312408.951999998,False,-0.001094263650098,-0.0013252395981115939,-13684.54800000228
2020-02-19,2020-02-18,0,0,0,,False,0.0,0.0,0.0,0.0,0.0,0.0,10312408.951999998,False,0.0,-0.0013252395981115939,-13684.54800000228
2020-02-20,2020-02-19,1,0,1,TX202003,False,-21000.0,50.0,47.284000000000006,200.0,297.284,-21297.284,10291111.667999998,False,-0.0020652094092786714,-0.003387712110102692,-34981.832000002265
2020-02-21,2020-02-20,0,1,0,,False,-10000.0,50.0,46.656000000000006,200.0,296.656,-10296.656,10280815.011999998,False,-0.0010005387495713649,-0.004384861322435429,-45278.48800000176
2020-02-24,2020-02-21,0,0,0,,False,0.0,0.0,0.0,0.0,0.0,0.0,10280815.011999998,False,0.0,-0.004384861322435429,-45278.48800000176
2020-02-25,2020-02-24,0,0,0,,False,0.0,0.0,0.0,0.0,0.0,0.0,10280815.011999998,False,0.0,-0.004384861322435429,-45278.48800000176
2020-02-26,2020-02-25,0,0,0,,False,0.0,0.0,0.0,0.0,0.0,0.0,10280815.011999998,False,0.0,-0.004384861322435429,-45278.48800000176
2020-02-27,2020-02-26,0,0,0,,False,0.0,0.0,0.0,0.0,0.0,0.0,10280815.011999998,False,0.0,-0.004384861322435429,-45278.48800000176
2020-03-02,2020-02-27,0,0,0,,False,0.0,0.0,0.0,0.0,0.0,0.0,10280815.011999998,False,0.0,-0.004384861322435429,-45278.48800000176
2020-03-03,2020-03-02,0,0,0,,False,0.0,0.0,0.0,0.0,0.0,0.0,10280815.011999998,False,0.0,-0.004384861322435429,-45278.48800000176
2020-03-04,2020-03-03,0,0,0,,False,0.0,0.0,0.0,0.0,0.0,0.0,10280815.011999998,False,0.0,-0.004384861322435429,-45278.48800000176
2020-03-05,2020-03-04,0,0,0,,False,0.0,0.0,0.0,0.0,0.0,0.0,10280815.011999998,False,0.0,-0.004384861322435429,-45278.48800000176
2020-03-06,2020-03-05,0,0,0,,False,0.0,0.0,0.0,0.0,0.0,0.0,10280815.011999998,False,0.0,-0.004384861322435429,-45278.48800000176
2020-03-09,2020-03-06,0,0,0,,False,0.0,0.0,0.0,0.0,0.0,0.0,10280815.011999998,False,0.0,-0.004384861322435429,-45278.48800000176
2020-03-10,2020-03-09,0,0,0,,False,0.0,0.0,0.0,0.0,0.0,0.0,10280815.011999998,False,0.0,-0.004384861322435429,-45278.48800000176
2020-03-11,2020-03-10,0,0,0,,False,0.0,0.0,0.0,0.0,0.0,0.0,10280815.011999998,False,0.0,-0.004384861322435429,-45278.48800000176
2020-03-12,2020-03-11,0,0,0,,False,0.0,0.0,0.0,0.0,0.0,0.0,10280815.011999998,False,0.0,-0.004384861322435429,-45278.48800000176
2020-03-13,2020-03-12,0,0,0,,False,0.0,0.0,0.0,0.0,0.0,0.0,10280815.011999998,False,0.0,-0.004384861322435429,-45278.48800000176
2020-03-16,2020-03-13,0,0,0,,False,0.0,0.0,0.0,0.0,0.0,0.0,10280815.011999998,False,0.0,-0.004384861322435429,-45278.48800000176
2020-03-17,2020-03-16,0,0,0,,False,0.0,0.0,0.0,0.0,0.0,0.0,10280815.011999998,False,0.0,-0.004384861322435429,-45278.48800000176
2020-03-18,2020-03-17,0,0,0,,False,0.0,0.0,0.0,0.0,0.0,0.0,10280815.011999998,False,0.0,-0.004384861322435429,-45278.48800000176
2020-03-19,2020-03-18,0,0,0,,False,0.0,0.0,0.0,0.0,0.0,0.0,10280815.011999998,False,0.0,-0.004384861322435429,-45278.48800000176
2020-03-20,2020-03-19,0,0,0,,False,0.0,0.0,0.0,0.0,0.0,0.0,10280815.011999998,False,0.0,-0.004384861322435429,-45278.48800000176
2020-03-23,2020-03-20,0,0,0,,False,0.0,0.0,0.0,0.0,0.0,0.0,10280815.011999998,False,0.0,-0.004384861322435429,-45278.48800000176
2020-03-24,2020-03-23,0,0,0,,False,0.0,0.0,0.0,0.0,0.0,0.0,10280815.011999998,False,0.0,-0.004384861322435429,-45278.48800000176
2020-03-25,2020-03-24,0,0,0,,False,0.0,0.0,0.0,0.0,0.0,0.0,10280815.011999998,False,0.0,-0.004384861322435429,-45278.48800000176
2020-03-26,2020-03-25,0,0,0,,False,0.0,0.0,0.0,0.0,0.0,0.0,10280815.011999998,False,0.0,-0.004384861322435429,-45278.48800000176
2020-03-27,2020-03-26,0,0,0,,False,0.0,0.0,0.0,0.0,0.0,0.0,10280815.011999998,False,0.0,-0.004384861322435429,-45278.48800000176
2020-03-30,2020-03-27,0,0,0,,False,0.0,0.0,0.0,0.0,0.0,0.0,10280815.011999998,False,0.0,-0.004384861322435429,-45278.48800000176
2020-03-31,2020-03-30,0,0,0,,False,0.0,0.0,0.0,0.0,0.0,0.0,10280815.011999998,False,0.0,-0.004384861322435429,-45278.48800000176
2020-04-01,2020-03-31,0,0,0,,False,0.0,0.0,0.0,0.0,0.0,0.0,10280815.011999998,False,0.0,-0.004384861322435429,-45278.48800000176
2020-04-06,2020-04-01,0,0,0,,False,0.0,0.0,0.0,0.0,0.0,0.0,10280815.011999998,False,0.0,-0.004384861322435429,-45278.48800000176
2020-04-07,2020-04-06,0,0,0,,False,0.0,0.0,0.0,0.0,0.0,0.0,10280815.011999998,False,0.0,-0.004384861322435429,-45278.48800000176
2020-04-08,2020-04-07,1,0,1,TX202004,False,35400.0,50.0,39.804,200.0,289.804,35110.196,10315925.207999999,False,0.0034151179608833144,-0.0009847181802102867,-10168.292000001296
2020-04-09,2020-04-08,1,1,1,TX202004,False,-5200.0,0.0,0.0,0.0,0.0,-5200.0,10310725.207999999,False,-0.0005040750000753593,-0.0014882968084688475,-15368.292000001296
2020-04-10,2020-04-09,1,1,1,TX202004,False,6400.0,0.0,0.0,0.0,0.0,6400.0,10317125.207999999,False,0.0006207128859407773,-0.0008685077275352171,-8968.292000001296
2020-04-13,2020-04-10,1,1,1,TX202004,False,-12000.0,0.0,0.0,0.0,0.0,-12000.0,10305125.207999999,False,-0.0011631147008563088,-0.002030612254285802,-20968.292000001296
2020-04-14,2020-04-13,1,1,1,TX202005,True,54600.0,100.0,82.428,400.0,582.428,54017.572,10359142.78,False,0.005241816174932593,0.0,0.0
2020-04-15,2020-04-14,1,1,1,TX202005,False,12200.0,0.0,0.0,0.0,0.0,12200.0,10371342.78,False,0.0011777036246236583,0.0,0.0
2020-04-16,2020-04-15,1,1,1,TX202005,False,-4000.0,0.0,0.0,0.0,0.0,-4000.0,10367342.78,False,-0.0003856781214206479,-0.0003856781214206517,-4000.0
2020-04-17,2020-04-16,1,1,1,TX202005,False,51800.0,0.0,0.0,0.0,0.0,51800.0,10419142.78,False,0.004996458697201483,0.0,0.0
2020-04-20,2020-04-17,0,1,0,,False,-9200.0,50.0,42.056000000000004,200.0,292.05600000000004,-9492.056,10409650.724,False,-0.0009110208200832431,-0.0009110208200832082,-9492.055999999866
2020-04-21,2020-04-20,0,0,0,,False,0.0,0.0,0.0,0.0,0.0,0.0,10409650.724,False,0.0,-0.0009110208200832082,-9492.055999999866
2020-04-22,2020-04-21,0,0,0,,False,0.0,0.0,0.0,0.0,0.0,0.0,10409650.724,False,0.0,-0.0009110208200832082,-9492.055999999866
2020-04-23,2020-04-22,0,0,0,,False,0.0,0.0,0.0,0.0,0.0,0.0,10409650.724,False,0.0,-0.0009110208200832082,-9492.055999999866
2020-04-24,2020-04-23,0,0,0,,False,0.0,0.0,0.0,0.0,0.0,0.0,10409650.724,False,0.0,-0.0009110208200832082,-9492.055999999866
2020-04-27,2020-04-24,0,0,0,,False,0.0,0.0,0.0,0.0,0.0,0.0,10409650.724,False,0.0,-0.0009110208200832082,-9492.055999999866
2020-04-28,2020-04-27,0,0,0,,False,0.0,0.0,0.0,0.0,0.0,0.0,10409650.724,False,0.0,-0.0009110208200832082,-9492.055999999866
2020-04-29,2020-04-28,0,0,0,,False,0.0,0.0,0.0,0.0,0.0,0.0,10409650.724,False,0.0,-0.0009110208200832082,-9492.055999999866
2020-04-30,2020-04-29,0,0,0,,False,0.0,0.0,0.0,0.0,0.0,0.0,10409650.724,False,0.0,-0.0009110208200832082,-9492.055999999866
2020-05-04,2020-04-30,0,0,0,,False,0.0,0.0,0.0,0.0,0.0,0.0,10409650.724,False,0.0,-0.0009110208200832082,-9492.055999999866
2020-05-05,2020-05-04,0,0,0,,False,0.0,0.0,0.0,0.0,0.0,0.0,10409650.724,False,0.0,-0.0009110208200832082,-9492.055999999866
2020-05-06,2020-05-05,0,0,0,,False,0.0,0.0,0.0,0.0,0.0,0.0,10409650.724,False,0.0,-0.0009110208200832082,-9492.055999999866
2020-05-07,2020-05-06,0,0,0,,False,0.0,0.0,0.0,0.0,0.0,0.0,10409650.724,False,0.0,-0.0009110208200832082,-9492.055999999866
2020-05-08,2020-05-07,0,0,0,,False,0.0,0.0,0.0,0.0,0.0,0.0,10409650.724,False,0.0,-0.0009110208200832082,-9492.055999999866
2020-05-11,2020-05-08,0,0,0,,False,0.0,0.0,0.0,0.0,0.0,0.0,10409650.724,False,0.0,-0.0009110208200832082,-9492.055999999866
2020-05-12,2020-05-11,0,0,0,,False,0.0,0.0,0.0,0.0,0.0,0.0,10409650.724,False,0.0,-0.0009110208200832082,-9492.055999999866
2020-05-13,2020-05-12,0,0,0,,False,0.0,0.0,0.0,0.0,0.0,0.0,10409650.724,False,0.0,-0.0009110208200832082,-9492.055999999866
2020-05-14,2020-05-13,0,0,0,,False,0.0,0.0,0.0,0.0,0.0,0.0,10409650.724,False,0.0,-0.0009110208200832082,-9492.055999999866
2020-05-15,2020-05-14,0,0,0,,False,0.0,0.0,0.0,0.0,0.0,0.0,10409650.724,False,0.0,-0.0009110208200832082,-9492.055999999866
2020-05-18,2020-05-15,0,0,0,,False,0.0,0.0,0.0,0.0,0.0,0.0,10409650.724,False,0.0,-0.0009110208200832082,-9492.055999999866
2020-05-19,2020-05-18,0,0,0,,False,0.0,0.0,0.0,0.0,0.0,0.0,10409650.724,False,0.0,-0.0009110208200832082,-9492.055999999866
2020-05-20,2020-05-19,1,0,1,TX202006,False,800.0,50.0,43.400000000000006,200.0,293.4,506.6,10410157.324,False,4.866637828990813e-05,-0.0008623987778771935,-8985.456000000238
2020-05-21,2020-05-20,0,1,0,,False,10000.0,50.0,43.608000000000004,200.0,293.608,9706.392,10419863.716,False,0.0009323962835434283,0.0,0.0
2020-05-22,2020-05-21,1,0,1,TX202006,False,-37000.0,50.0,43.716,200.0,293.716,-37293.716,10382570.0,False,-0.003579098250847027,-0.0035790982508470126,-37293.716000000015
2020-05-25,2020-05-22,0,1,0,,False,11400.0,50.0,43.196000000000005,200.0,293.196,11106.804,10393676.804,False,0.0010697547909621606,-0.002513172217386117,-26186.912000000477
2020-05-26,2020-05-25,0,0,0,,False,0.0,0.0,0.0,0.0,0.0,0.0,10393676.804,False,0.0,-0.002513172217386117,-26186.912000000477
2020-05-27,2020-05-26,1,0,1,TX202006,False,2000.0,50.0,43.852000000000004,200.0,293.852,1706.148,10395382.952,False,0.00016415249696271006,-0.0023494322639181497,-24480.764000000432
2020-05-28,2020-05-27,1,1,1,TX202006,False,-13000.0,0.0,0.0,0.0,0.0,-13000.0,10382382.952,False,-0.0012505551801243542,-0.003597049349354453,-37480.76400000043
2020-05-29,2020-05-28,1,1,1,TX202006,False,3000.0,0.0,0.0,0.0,0.0,3000.0,10385382.952,False,0.00028895100612929116,-0.0033091377142537848,-34480.76400000043
2020-06-01,2020-05-29,1,1,1,TX202006,False,27000.0,0.0,0.0,0.0,0.0,27000.0,10412382.952,False,0.0025998078380730667,-0.000717932998347548,-7480.764000000432
2020-06-02,2020-06-01,1,1,1,TX202006,False,9800.0,0.0,0.0,0.0,0.0,9800.0,10422182.952,False,0.00094118705057017,0.0,0.0
2020-06-03,2020-06-02,1,1,1,TX202006,False,35400.0,0.0,0.0,0.0,0.0,35400.0,10457582.952,False,0.003396601284302613,0.0,0.0
2020-06-04,2020-06-03,1,1,1,TX202006,False,14800.0,0.0,0.0,0.0,0.0,14800.0,10472382.952,False,0.001415240985219201,0.0,0.0
2020-06-05,2020-06-04,1,1,1,TX202006,False,20000.0,0.0,0.0,0.0,0.0,20000.0,10492382.952,False,0.001909785011842069,0.0,0.0
2020-06-08,2020-06-05,1,1,1,TX202006,False,22600.0,0.0,0.0,0.0,0.0,22600.0,10514982.952,False,0.002153943494379617,0.0,0.0
2020-06-09,2020-06-08,1,1,1,TX202006,False,7800.0,0.0,0.0,0.0,0.0,7800.0,10522782.952,False,0.0007417986349199362,0.0,0.0
2020-06-10,2020-06-09,1,1,1,TX202006,False,19400.0,0.0,0.0,0.0,0.0,19400.0,10542182.952,False,0.0018436187545151981,0.0,0.0
2020-06-11,2020-06-10,1,1,1,TX202006,False,-43000.0,0.0,0.0,0.0,0.0,-43000.0,10499182.952,False,-0.00407885161885208,-0.004078851618852131,-43000.0
2020-06-12,2020-06-11,1,1,1,TX202006,False,-19200.0,0.0,0.0,0.0,0.0,-19200.0,10479982.952,False,-0.0018287137282756438,-0.005900106295176677,-62200.0
2020-06-15,2020-06-12,1,1,1,TX202006,False,-33200.0,0.0,0.0,0.0,0.0,-33200.0,10446782.952,False,-0.003167944084647973,-0.009049359172988103,-95400.0
2020-06-16,2020-06-15,1,1,1,TX202007,True,59400.0,100.0,91.42,400.0,591.4200000000001,58808.58,10505591.532,False,0.005629348314233073,-0.0034709528535603607,-36591.419999999925
2020-06-17,2020-06-16,1,1,1,TX202007,False,5800.0,0.0,0.0,0.0,0.0,5800.0,10511391.532,False,0.0005520869512519326,-0.0029207821700872882,-30791.419999999925
2020-06-18,2020-06-17,1,1,1,TX202007,False,7200.0,0.0,0.0,0.0,0.0,7200.0,10518591.532,False,0.0006849711551587555,-0.002237811666465528,-23591.419999999925
2020-06-19,2020-06-18,1,1,1,TX202007,False,3200.0,0.0,0.0,0.0,0.0,3200.0,10521791.532,False,0.0003042232403706196,-0.0019342692204113998,-20391.419999999925
2020-06-22,2020-06-19,1,1,1,TX202007,False,2600.0,0.0,0.0,0.0,0.0,2600.0,10524391.532,False,0.00024710620735001273,-0.0016876409829924555,-17791.419999999925
2020-06-23,2020-06-22,1,1,1,TX202007,False,6400.0,0.0,0.0,0.0,0.0,6400.0,10530791.532,False,0.000608111165433217,-0.0010805560908843104,-11391.419999999925
2020-06-24,2020-06-23,1,1,1,TX202007,False,13600.0,0.0,0.0,0.0,0.0,13600.0,10544391.532,False,0.0012914508808453354,0.0,0.0
2020-06-29,2020-06-24,1,1,1,TX202007,False,-32400.0,0.0,0.0,0.0,0.0,-32400.0,10511991.532,False,-0.0030727235328537306,-0.003072723532853705,-32400.0
2020-06-30,2020-06-29,0,1,0,,False,19800.0,50.0,45.836000000000006,200.0,295.836,19504.164,10531495.696,False,0.0018554204444159365,-0.0012230042825006615,-12895.835999999195
2020-07-01,2020-06-30,0,0,0,,False,0.0,0.0,0.0,0.0,0.0,0.0,10531495.696,False,0.0,-0.0012230042825006615,-12895.835999999195
2020-07-02,2020-07-01,1,0,1,TX202007,False,22000.0,50.0,46.344,200.0,296.344,21703.656,10553199.352,False,0.002060833202281356,0.0,0.0
2020-07-03,2020-07-02,1,1,1,TX202007,False,28600.0,0.0,0.0,0.0,0.0,28600.0,10581799.352,False,0.0027100786260215812,0.0,0.0
2020-07-06,2020-07-03,1,1,1,TX202007,False,45400.0,0.0,0.0,0.0,0.0,45400.0,10627199.352,False,0.004290385641400319,0.0,0.0
2020-07-07,2020-07-06,1,1,1,TX202007,False,-7600.0,0.0,0.0,0.0,0.0,-7600.0,10619599.352,False,-0.0007151460839557609,-0.0007151460839557311,-7600.0
2020-07-08,2020-07-07,1,1,1,TX202007,False,19600.0,0.0,0.0,0.0,0.0,19600.0,10639199.352,False,0.0018456440163449963,0.0,0.0
2020-07-09,2020-07-08,1,1,1,TX202007,False,4400.0,0.0,0.0,0.0,0.0,4400.0,10643599.352,False,0.0004135649548828945,0.0,0.0
2020-07-10,2020-07-09,1,1,1,TX202007,False,-29600.0,0.0,0.0,0.0,0.0,-29600.0,10613999.352,False,-0.0027810141119637287,-0.002781014111963742,-29600.0
2020-07-13,2020-07-10,1,1,1,TX202007,False,41200.0,0.0,0.0,0.0,0.0,41200.0,10655199.352,False,0.003881665961496094,0.0,0.0
2020-07-14,2020-07-13,1,1,1,TX202008,True,-3400.0,100.0,96.88400000000001,400.0,596.884,-3996.884,10651202.468,False,-0.00037511114226593777,-0.0003751111422658493,-3996.8839999996126
2020-07-15,2020-07-14,1,1,1,TX202008,False,9600.0,0.0,0.0,0.0,0.0,9600.0,10660802.468,False,0.0009013066861550904,0.0,0.0
2020-07-16,2020-07-15,1,1,1,TX202008,False,-9800.0,0.0,0.0,0.0,0.0,-9800.0,10651002.468,False,-0.0009192553777650577,-0.0009192553777650492,-9800.0
2020-07-17,2020-07-16,1,1,1,TX202008,False,1400.0,0.0,0.0,0.0,0.0,1400.0,10652402.468,False,0.00013144302653258946,-0.0007879331809415024,-8400.0
2020-07-20,2020-07-17,1,1,1,TX202008,False,-1600.0,0.0,0.0,0.0,0.0,-1600.0,10650802.468,False,-0.00015020085889604973,-0.0009380156915970161,-10000.0
2020-07-21,2020-07-20,1,1,1,TX202008,False,51600.0,0.0,0.0,0.0,0.0,51600.0,10702402.468,False,0.004844705378306524,0.0,0.0
2020-07-22,2020-07-21,1,1,1,TX202008,False,8400.0,0.0,0.0,0.0,0.0,8400.0,10710802.468,False,0.0007848705022181567,0.0,0.0
2020-07-23,2020-07-22,1,1,1,TX202008,False,-8600.0,0.0,0.0,0.0,0.0,-8600.0,10702202.468,False,-0.0008029277008602937,-0.0008029277008603231,-8600.0
2020-07-24,2020-07-23,1,1,1,TX202008,False,-27600.0,0.0,0.0,0.0,0.0,-27600.0,10674602.468,False,-0.0025789084146487667,-0.0033797654385049336,-36200.0
2020-07-27,2020-07-24,1,1,1,TX202008,False,70600.0,0.0,0.0,0.0,0.0,70600.0,10745202.468,False,0.006613829434083614,0.0,0.0
2020-07-28,2020-07-27,1,1,1,TX202008,False,-9200.0,0.0,0.0,0.0,0.0,-9200.0,10736002.468,False,-0.0008561960584175379,-0.0008561960584175798,-9200.0
2020-07-29,2020-07-28,1,1,1,TX202008,False,-6800.0,0.0,0.0,0.0,0.0,-6800.0,10729202.468,False,-0.000633382864829647,-0.0014890366233348828,-16000.0
2020-07-30,2020-07-29,1,1,1,TX202008,False,34600.0,0.0,0.0,0.0,0.0,34600.0,10763802.468,False,0.003224843608198745,0.0,0.0
2020-07-31,2020-07-30,1,1,1,TX202008,False,-3800.0,0.0,0.0,0.0,0.0,-3800.0,10760002.468,False,-0.0003530350925053784,-0.0003530350925053938,-3800.0
2020-08-03,2020-07-31,0,1,0,,False,-9200.0,50.0,50.120000000000005,200.0,300.12,-9500.12,10750502.348000001,False,-0.0008829105781576852,-0.0012356339722453535,-13300.11999999918
2020-08-04,2020-08-03,1,0,1,TX202008,False,22600.0,50.0,50.068000000000005,200.0,300.068,22299.932,10772802.280000001,False,0.002074315346217159,0.0,0.0
2020-08-05,2020-08-04,1,1,1,TX202008,False,23000.0,0.0,0.0,0.0,0.0,23000.0,10795802.280000001,False,0.002135006231637623,0.0,0.0
2020-08-06,2020-08-05,1,1,1,TX202008,False,18200.0,0.0,0.0,0.0,0.0,18200.0,10814002.280000001,False,0.0016858404338987206,0.0,0.0
2020-08-07,2020-08-06,1,1,1,TX202008,False,-14400.0,0.0,0.0,0.0,0.0,-14400.0,10799602.280000001,False,-0.0013316068951300423,-0.0013316068951300108,-14400.0
2020-08-10,2020-08-07,1,1,1,TX202008,False,18400.0,0.0,0.0,0.0,0.0,18400.0,10818002.280000001,False,0.0017037664464806567,0.0,0.0
2020-08-11,2020-08-10,1,1,1,TX202008,False,-23600.0,0.0,0.0,0.0,0.0,-23600.0,10794402.280000001,False,-0.002181548809952737,-0.0021815488099526936,-23600.0
2020-08-12,2020-08-11,0,1,0,,False,-7400.0,50.0,50.79600000000001,200.0,300.796,-7700.796,10786701.484000001,False,-0.000713406430504089,-0.00289339890950735,-31300.79600000009
2020-08-13,2020-08-12,1,0,1,TX202008,False,-18600.0,50.0,51.268,200.0,301.26800000000003,-18901.268,10767800.216000002,False,-0.0017522750609198186,-0.004640603939676691,-50202.063999999315
2020-08-14,2020-08-13,1,1,1,TX202008,False,13000.0,0.0,0.0,0.0,0.0,13000.0,10780800.216000002,False,0.0012073032317857408,-0.0034389033240247446,-37202.063999999315
2020-08-17,2020-08-14,1,1,1,TX202008,False,33400.0,0.0,0.0,0.0,0.0,33400.0,10814200.216000002,False,0.003098100264434025,-0.0003514571268882216,-3802.0639999993145
2020-08-18,2020-08-17,1,1,1,TX202009,True,-16000.0,100.0,102.82400000000001,400.0,602.8240000000001,-16602.824,10797597.392000003,False,-0.0015352798790830152,-0.0018861974209158916,-20404.887999998406
2020-08-19,2020-08-18,1,1,1,TX202009,False,-16200.0,0.0,0.0,0.0,0.0,-16200.0,10781397.392000003,False,-0.0015003337698072227,-0.0033837012650359544,-36604.887999998406
2020-08-20,2020-08-19,1,1,1,TX202009,False,-89000.0,0.0,0.0,0.0,0.0,-89000.0,10692397.392000003,False,-0.008254959609042855,-0.011610728556806893,-125604.8879999984
2020-08-21,2020-08-20,0,1,0,,False,32200.0,50.0,49.86000000000001,200.0,299.86,31900.14,10724297.532000003,False,0.0029834413023095757,-0.008661927181623619,-93704.74799999781
2020-08-24,2020-08-21,0,0,0,,False,0.0,0.0,0.0,0.0,0.0,0.0,10724297.532000003,False,0.0,-0.008661927181623619,-93704.74799999781
2020-08-25,2020-08-24,0,0,0,,False,0.0,0.0,0.0,0.0,0.0,0.0,10724297.532000003,False,0.0,-0.008661927181623619,-93704.74799999781
2020-08-26,2020-08-25,1,0,1,TX202009,False,12400.0,50.0,50.92400000000001,200.0,300.924,12099.076,10736396.608000003,False,0.0011281928689406298,-0.007543506637160635,-81605.67199999839
2020-08-27,2020-08-26,1,1,1,TX202009,False,-6400.0,0.0,0.0,0.0,0.0,-6400.0,10729996.608000003,False,-0.000596103165118842,-0.00813511309409698,-88005.67199999839
2020-08-28,2020-08-27,1,1,1,TX202009,False,-13800.0,0.0,0.0,0.0,0.0,-13800.0,10716196.608000003,False,-0.001286114106477078,-0.009410764516865844,-101805.67199999839
2020-08-31,2020-08-28,0,1,0,,False,21800.0,50.0,51.196000000000005,200.0,301.196,21498.804,10737695.412000002,False,0.0020061972345627194,-0.007423447132052119,-80306.86799999885
2020-09-01,2020-08-31,0,0,0,,False,0.0,0.0,0.0,0.0,0.0,0.0,10737695.412000002,False,0.0,-0.007423447132052119,-80306.86799999885
2020-09-02,2020-09-01,0,0,0,,False,0.0,0.0,0.0,0.0,0.0,0.0,10737695.412000002,False,0.0,-0.007423447132052119,-80306.86799999885
2020-09-03,2020-09-02,0,0,0,,False,0.0,0.0,0.0,0.0,0.0,0.0,10737695.412000002,False,0.0,-0.007423447132052119,-80306.86799999885
2020-09-04,2020-09-03,1,0,1,TX202009,False,9600.0,50.0,50.236000000000004,200.0,300.236,9299.764,10746995.176000003,False,0.0008660856583440586,-0.006563790814804515,-71007.10399999842
2020-09-07,2020-09-04,0,1,0,,False,400.0,50.0,50.428000000000004,200.0,300.428,99.572,10747094.748000003,False,9.26510139525906e-06,-0.006554586527596662,-70907.5319999978
2020-09-08,2020-09-07,0,0,0,,False,0.0,0.0,0.0,0.0,0.0,0.0,10747094.748000003,False,0.0,-0.006554586527596662,-70907.5319999978
2020-09-09,2020-09-08,0,0,0,,False,0.0,0.0,0.0,0.0,0.0,0.0,10747094.748000003,False,0.0,-0.006554586527596662,-70907.5319999978
2020-09-10,2020-09-09,0,0,0,,False,0.0,0.0,0.0,0.0,0.0,0.0,10747094.748000003,False,0.0,-0.006554586527596662,-70907.5319999978
2020-09-11,2020-09-10,1,0,1,TX202009,False,600.0,50.0,50.636,200.0,300.63599999999997,299.364,10747394.112000003,False,2.7855342026803157e-05,-0.0065269137658193754,-70608.16799999774
2020-09-14,2020-09-11,0,1,0,,False,6600.0,50.0,50.772000000000006,200.0,300.772,6299.228,10753693.340000004,False,0.0005861167771791858,-0.005944622522301546,-64308.939999997616
2020-09-15,2020-09-14,1,0,1,TX202010,True,14400.0,150.0,153.55200000000002,600.0,903.552,13496.448,10767189.788000004,False,0.0012550523409290372,-0.004697030993785045,-50812.491999996826
2020-09-16,2020-09-15,1,1,1,TX202010,False,25200.0,0.0,0.0,0.0,0.0,25200.0,10792389.788000004,False,0.0023404435601279464,-0.002367580569598182,-25612.491999996826
2020-09-17,2020-09-16,1,1,1,TX202010,False,-17800.0,0.0,0.0,0.0,0.0,-17800.0,10774589.788000004,False,-0.0016493103334529037,-0.004012986027952414,-43412.491999996826
2020-09-18,2020-09-17,1,1,1,TX202010,False,3800.0,0.0,0.0,0.0,0.0,3800.0,10778389.788000004,False,0.0003526816403007916,-0.0036617196941464147,-39612.491999996826
2020-09-21,2020-09-18,1,1,1,TX202010,False,-35200.0,0.0,0.0,0.0,0.0,-35200.0,10743189.788000004,False,-0.003265793935119095,-0.006915555207296253,-74812.49199999683
2020-09-22,2020-09-21,0,1,0,,False,-6400.0,50.0,50.504000000000005,200.0,300.504,-6700.504,10736489.284000004,False,-0.0006236978152880042,-0.007534939805910024,-81512.99599999748
2020-09-23,2020-09-22,0,0,0,,False,0.0,0.0,0.0,0.0,0.0,0.0,10736489.284000004,False,0.0,-0.007534939805910024,-81512.99599999748
2020-09-24,2020-09-23,0,0,0,,False,0.0,0.0,0.0,0.0,0.0,0.0,10736489.284000004,False,0.0,-0.007534939805910024,-81512.99599999748
2020-09-25,2020-09-24,0,0,0,,False,0.0,0.0,0.0,0.0,0.0,0.0,10736489.284000004,False,0.0,-0.007534939805910024,-81512.99599999748
2020-09-28,2020-09-25,0,0,0,,False,0.0,0.0,0.0,0.0,0.0,0.0,10736489.284000004,False,0.0,-0.007534939805910024,-81512.99599999748
2020-09-29,2020-09-28,0,0,0,,False,0.0,0.0,0.0,0.0,0.0,0.0,10736489.284000004,False,0.0,-0.007534939805910024,-81512.99599999748
2020-09-30,2020-09-29,0,0,0,,False,0.0,0.0,0.0,0.0,0.0,0.0,10736489.284000004,False,0.0,-0.007534939805910024,-81512.99599999748
2020-10-05,2020-09-30,0,0,0,,False,0.0,0.0,0.0,0.0,0.0,0.0,10736489.284000004,False,0.0,-0.007534939805910024,-81512.99599999748
2020-10-06,2020-10-05,0,0,0,,False,0.0,0.0,0.0,0.0,0.0,0.0,10736489.284000004,False,0.0,-0.007534939805910024,-81512.99599999748
2020-10-07,2020-10-06,1,0,1,TX202010,False,27000.0,50.0,50.484,200.0,300.48400000000004,26699.516,10763188.800000004,False,0.0024868013457423938,-0.005066876358617023,-54813.47999999672
2020-10-08,2020-10-07,1,1,1,TX202010,False,23600.0,0.0,0.0,0.0,0.0,23600.0,10786788.800000004,False,0.0021926587406884464,-0.0028853275486642183,-31213.47999999672
2020-10-12,2020-10-08,1,1,1,TX202010,False,9400.0,0.0,0.0,0.0,0.0,9400.0,10796188.800000004,False,0.0008714363629702286,-0.0020164055650390145,-21813.47999999672
2020-10-13,2020-10-12,1,1,1,TX202010,False,-200.0,0.0,0.0,0.0,0.0,-200.0,10795988.800000004,False,-1.85250558048781e-05,-0.0020348932668182718,-22013.47999999672
2020-10-14,2020-10-13,1,1,1,TX202010,False,-6200.0,0.0,0.0,0.0,0.0,-6200.0,10789788.800000004,False,-0.0005742873686567734,-0.002608012021975359,-28213.47999999672
2020-10-15,2020-10-14,1,1,1,TX202010,False,-9600.0,0.0,0.0,0.0,0.0,-9600.0,10780188.800000004,False,-0.0008897301122335218,-0.00349542170737982,-37813.47999999672
2020-10-16,2020-10-15,1,1,1,TX202010,False,-19000.0,0.0,0.0,0.0,0.0,-19000.0,10761188.800000004,False,-0.0017624923229544915,-0.005251753376409596,-56813.47999999672
2020-10-19,2020-10-16,1,1,1,TX202010,False,30200.0,0.0,0.0,0.0,0.0,30200.0,10791388.800000004,False,0.0028063813916172522,-0.0024601104077413005,-26613.47999999672
2020-10-20,2020-10-19,0,1,0,,False,-800.0,50.0,51.56400000000001,200.0,301.564,-1101.5639999999999,10790287.236000005,False,-0.0001020780569040381,-0.002561937341355014,-27715.043999996036
2020-10-21,2020-10-20,1,0,1,TX202011,False,-2800.0,50.0,51.284000000000006,200.0,301.284,-3101.284,10787185.952000005,False,-0.00028741440632396514,-0.0028486154099790495,-30816.32799999602
2020-10-22,2020-10-21,1,1,1,TX202011,False,6200.0,0.0,0.0,0.0,0.0,6200.0,10793385.952000005,False,0.0005747560139955207,-0.0022754966548219624,-24616.32799999602
2020-10-23,2020-10-22,1,1,1,TX202011,False,400.0,0.0,0.0,0.0,0.0,400.0,10793785.952000005,False,3.7059732856664906e-05,-0.002238521251263448,-24216.32799999602
2020-10-26,2020-10-23,1,1,1,TX202011,False,3800.0,0.0,0.0,0.0,0.0,3800.0,10797585.952000005,False,0.00035205441509574215,-0.0018872549174574482,-20416.32799999602
2020-10-27,2020-10-26,1,1,1,TX202011,False,-10200.0,0.0,0.0,0.0,0.0,-10200.0,10787385.952000005,False,-0.0009446555966623895,-0.002830127708199792,-30616.32799999602
2020-10-28,2020-10-27,1,1,1,TX202011,False,-13600.0,0.0,0.0,0.0,0.0,-13600.0,10773785.952000005,False,-0.0012607317528560782,-0.00408729142918951,-44216.32799999602
2020-10-29,2020-10-28,0,1,0,,False,-28200.0,50.0,50.388000000000005,200.0,300.38800000000003,-28500.388,10745285.564000005,False,-0.002645345668363617,-0.006721824798875509,-72716.71599999629
2020-10-30,2020-10-29,0,0,0,,False,0.0,0.0,0.0,0.0,0.0,0.0,10745285.564000005,False,0.0,-0.006721824798875509,-72716.71599999629
2020-11-02,2020-10-30,0,0,0,,False,0.0,0.0,0.0,0.0,0.0,0.0,10745285.564000005,False,0.0,-0.006721824798875509,-72716.71599999629
2020-11-03,2020-11-02,0,0,0,,False,0.0,0.0,0.0,0.0,0.0,0.0,10745285.564000005,False,0.0,-0.006721824798875509,-72716.71599999629
2020-11-04,2020-11-03,0,0,0,,False,0.0,0.0,0.0,0.0,0.0,0.0,10745285.564000005,False,0.0,-0.006721824798875509,-72716.71599999629
2020-11-05,2020-11-04,1,0,1,TX202011,False,-6800.0,50.0,51.7,200.0,301.7,-7101.7,10738183.864000006,False,-0.0006609131006990515,-0.007378295357504339,-79818.41599999554
2020-11-06,2020-11-05,1,1,1,TX202011,False,9200.0,0.0,0.0,0.0,0.0,9200.0,10747383.864000006,False,0.0008567556782896221,-0.006527861075658392,-70618.41599999554
2020-11-09,2020-11-06,1,1,1,TX202011,False,37000.0,0.0,0.0,0.0,0.0,37000.0,10784383.864000006,False,0.0034426982852950026,-0.003107636246495238,-33618.415999995545
2020-11-10,2020-11-09,1,1,1,TX202011,False,-10000.0,0.0,0.0,0.0,0.0,-10000.0,10774383.864000006,False,-0.0009272666965594201,-0.0040320213354582135,-43618.415999995545
2020-11-11,2020-11-10,1,1,1,TX202011,False,38400.0,0.0,0.0,0.0,0.0,38400.0,10812783.864000006,False,0.003564008901548821,-0.00048238259384014714,-5218.415999995545
2020-11-12,2020-11-11,1,1,1,TX202011,False,-6600.0,0.0,0.0,0.0,0.0,-6600.0,10806183.864000006,False,-0.0006103885995514981,-0.0010924767525557488,-11818.415999995545
2020-11-13,2020-11-12,1,1,1,TX202011,False,10800.0,0.0,0.0,0.0,0.0,10800.0,10816983.864000006,False,0.0009994277476602443,-9.4140856475744e-05,-1018.4159999955446
2020-11-16,2020-11-13,1,1,1,TX202011,False,59400.0,0.0,0.0,0.0,0.0,59400.0,10876383.864000006,False,0.005491364390187276,0.0,0.0
2020-11-17,2020-11-16,1,1,1,TX202012,True,8800.0,100.0,108.82400000000001,400.0,608.8240000000001,8191.1759999999995,10884575.040000007,False,0.0007531157508252501,0.0,0.0
2020-11-18,2020-11-17,1,1,1,TX202012,False,27200.0,0.0,0.0,0.0,0.0,27200.0,10911775.040000007,False,0.0024989491918648195,0.0,0.0
2020-11-19,2020-11-18,1,1,1,TX202012,False,4600.0,0.0,0.0,0.0,0.0,4600.0,10916375.040000007,False,0.0004215629430718173,0.0,0.0
2020-11-20,2020-11-19,1,1,1,TX202012,False,-800.0,0.0,0.0,0.0,0.0,-800.0,10915575.040000007,False,-7.328440045973351e-05,-7.328440045972773e-05,-800.0
2020-11-23,2020-11-20,1,1,1,TX202012,False,27800.0,0.0,0.0,0.0,0.0,27800.0,10943375.040000007,False,0.0025468195581201357,0.0,0.0
2020-11-24,2020-11-23,0,1,0,,False,9200.0,50.0,55.68000000000001,200.0,305.68,8894.32,10952269.360000007,False,0.0008127584010864709,0.0,0.0
2020-11-25,2020-11-24,1,0,1,TX202012,False,-35400.0,50.0,55.548,200.0,305.548,-35705.548,10916563.812000006,False,-0.0032601049906975607,-0.003260104990697621,-35705.54800000042
2020-11-26,2020-11-25,1,1,1,TX202012,False,26400.0,0.0,0.0,0.0,0.0,26400.0,10942963.812000006,False,0.0024183433958385207,-0.0008496456482330883,-9305.548000000417
2020-11-27,2020-11-26,1,1,1,TX202012,False,7400.0,0.0,0.0,0.0,0.0,7400.0,10950363.812000006,False,0.0006762336170649849,-0.00017398659011802486,-1905.5480000004172
2020-11-30,2020-11-27,1,1,1,TX202012,False,-31200.0,0.0,0.0,0.0,0.0,-31200.0,10919163.812000006,False,-0.0028492204036005943,-0.003022711267576139,-33105.54800000042
2020-12-01,2020-11-30,1,1,1,TX202012,False,31000.0,0.0,0.0,0.0,0.0,31000.0,10950163.812000006,False,0.0028390452358569287,-0.0001922476457427713,-2105.5480000004172
2020-12-02,2020-12-01,0,1,0,,False,11000.0,50.0,55.724000000000004,200.0,305.724,10694.276,10960858.088000007,False,0.000976631599636931,0.0,0.0
2020-12-03,2020-12-02,0,0,0,,False,0.0,0.0,0.0,0.0,0.0,0.0,10960858.088000007,False,0.0,0.0,0.0
2020-12-04,2020-12-03,0,0,0,,False,0.0,0.0,0.0,0.0,0.0,0.0,10960858.088000007,False,0.0,0.0,0.0
2020-12-07,2020-12-04,0,0,0,,False,0.0,0.0,0.0,0.0,0.0,0.0,10960858.088000007,False,0.0,0.0,0.0
2020-12-08,2020-12-07,0,0,0,,False,0.0,0.0,0.0,0.0,0.0,0.0,10960858.088000007,False,0.0,0.0,0.0
2020-12-09,2020-12-08,0,0,0,,False,0.0,0.0,0.0,0.0,0.0,0.0,10960858.088000007,False,0.0,0.0,0.0
2020-12-10,2020-12-09,0,0,0,,False,0.0,0.0,0.0,0.0,0.0,0.0,10960858.088000007,False,0.0,0.0,0.0
2020-12-11,2020-12-10,0,0,0,,False,0.0,0.0,0.0,0.0,0.0,0.0,10960858.088000007,False,0.0,0.0,0.0
2020-12-14,2020-12-11,0,0,0,,False,0.0,0.0,0.0,0.0,0.0,0.0,10960858.088000007,False,0.0,0.0,0.0
2020-12-15,2020-12-14,0,0,0,,False,0.0,0.0,0.0,0.0,0.0,0.0,10960858.088000007,False,0.0,0.0,0.0
2020-12-16,2020-12-15,0,0,0,,False,0.0,0.0,0.0,0.0,0.0,0.0,10960858.088000007,False,0.0,0.0,0.0
2020-12-17,2020-12-16,0,0,0,,False,0.0,0.0,0.0,0.0,0.0,0.0,10960858.088000007,False,0.0,0.0,0.0
2020-12-18,2020-12-17,0,0,0,,False,0.0,0.0,0.0,0.0,0.0,0.0,10960858.088000007,False,0.0,0.0,0.0
2020-12-21,2020-12-18,0,0,0,,False,0.0,0.0,0.0,0.0,0.0,0.0,10960858.088000007,False,0.0,0.0,0.0
2020-12-22,2020-12-21,0,0,0,,False,0.0,0.0,0.0,0.0,0.0,0.0,10960858.088000007,False,0.0,0.0,0.0
2020-12-23,2020-12-22,0,0,0,,False,0.0,0.0,0.0,0.0,0.0,0.0,10960858.088000007,False,0.0,0.0,0.0
2020-12-24,2020-12-23,0,0,0,,False,0.0,0.0,0.0,0.0,0.0,0.0,10960858.088000007,False,0.0,0.0,0.0
2020-12-25,2020-12-24,0,0,0,,False,0.0,0.0,0.0,0.0,0.0,0.0,10960858.088000007,False,0.0,0.0,0.0
2020-12-28,2020-12-25,0,0,0,,False,0.0,0.0,0.0,0.0,0.0,0.0,10960858.088000007,False,0.0,0.0,0.0
2020-12-29,2020-12-28,0,0,0,,False,0.0,0.0,0.0,0.0,0.0,0.0,10960858.088000007,False,0.0,0.0,0.0
2020-12-30,2020-12-29,0,0,0,,False,0.0,0.0,0.0,0.0,0.0,0.0,10960858.088000007,False,0.0,0.0,0.0
2020-12-31,2020-12-30,0,0,0,,False,0.0,0.0,0.0,0.0,0.0,0.0,10960858.088000007,False,0.0,0.0,0.0
2021-01-04,2020-12-31,0,0,0,,False,0.0,0.0,0.0,0.0,0.0,0.0,10960858.088000007,False,0.0,0.0,0.0
2021-01-05,2021-01-04,0,0,0,,False,0.0,0.0,0.0,0.0,0.0,0.0,10960858.088000007,False,0.0,0.0,0.0
2021-01-06,2021-01-05,1,0,1,TX202101,False,-27400.0,50.0,60.196000000000005,200.0,310.196,-27710.196,10933147.892000007,False,-0.0025281046226058924,-0.0025281046226058868,-27710.196000000462
2021-01-07,2021-01-06,1,1,1,TX202101,False,63800.0,0.0,0.0,0.0,0.0,63800.0,10996947.892000007,False,0.00583546482954682,0.0,0.0
2021-01-08,2021-01-07,1,1,1,TX202101,False,44800.0,0.0,0.0,0.0,0.0,44800.0,11041747.892000007,False,0.0040738576230401925,0.0,0.0
2021-01-11,2021-01-08,1,1,1,TX202101,False,16000.0,0.0,0.0,0.0,0.0,16000.0,11057747.892000007,False,0.0014490459442197878,0.0,0.0
2021-01-12,2021-01-11,1,1,1,TX202101,False,-8200.0,0.0,0.0,0.0,0.0,-8200.0,11049547.892000007,False,-0.0007415614897435388,-0.0007415614897435807,-8200.0
2021-01-13,2021-01-12,1,1,1,TX202101,False,54200.0,0.0,0.0,0.0,0.0,54200.0,11103747.892000007,False,0.004905178069705585,0.0,0.0
2021-01-14,2021-01-13,1,1,1,TX202101,False,-7000.0,0.0,0.0,0.0,0.0,-7000.0,11096747.892000007,False,-0.0006304177713763961,-0.0006304177713764014,-7000.0
2021-01-15,2021-01-14,0,1,0,,False,44200.0,50.0,63.79600000000001,200.0,313.796,43886.204,11140634.096000006,False,0.003954870780802269,0.0,0.0
2021-01-18,2021-01-15,1,0,1,TX202101,False,-6200.0,50.0,62.55200000000001,200.0,312.552,-6512.552,11134121.544000007,False,-0.0005845764203258684,-0.000584576420325833,-6512.55199999921
2021-01-19,2021-01-18,1,1,1,TX202102,True,56400.0,100.0,126.94,400.0,626.94,55773.06,11189894.604000008,False,0.005009201649146283,0.0,0.0
2021-01-20,2021-01-19,0,1,0,,False,-400.0,50.0,63.376000000000005,200.0,313.376,-713.376,11189181.228000008,False,-6.375180689771575e-05,-6.37518068977716e-05,-713.3760000001639
2021-01-21,2021-01-20,0,0,0,,False,0.0,0.0,0.0,0.0,0.0,0.0,11189181.228000008,False,0.0,-6.37518068977716e-05,-713.3760000001639
2021-01-22,2021-01-21,1,0,1,TX202102,False,-13400.0,50.0,64.208,200.0,314.20799999999997,-13714.208,11175467.020000007,False,-0.001225666804437962,-0.0012893404728623326,-14427.58400000073
2021-01-25,2021-01-22,0,1,0,,False,-5600.0,50.0,63.82000000000001,200.0,313.82,-5913.82,11169553.200000007,False,-0.0005291787796802067,-0.0018178369609245237,-20341.404000001028
2021-01-26,2021-01-25,0,0,0,,False,0.0,0.0,0.0,0.0,0.0,0.0,11169553.200000007,False,0.0,-0.0018178369609245237,-20341.404000001028
2021-01-27,2021-01-26,0,0,0,,False,0.0,0.0,0.0,0.0,0.0,0.0,11169553.200000007,False,0.0,-0.0018178369609245237,-20341.404000001028
2021-01-28,2021-01-27,0,0,0,,False,0.0,0.0,0.0,0.0,0.0,0.0,11169553.200000007,False,0.0,-0.0018178369609245237,-20341.404000001028
2021-01-29,2021-01-28,0,0,0,,False,0.0,0.0,0.0,0.0,0.0,0.0,11169553.200000007,False,0.0,-0.0018178369609245237,-20341.404000001028
2021-02-01,2021-01-29,0,0,0,,False,0.0,0.0,0.0,0.0,0.0,0.0,11169553.200000007,False,0.0,-0.0018178369609245237,-20341.404000001028
2021-02-02,2021-02-01,0,0,0,,False,0.0,0.0,0.0,0.0,0.0,0.0,11169553.200000007,False,0.0,-0.0018178369609245237,-20341.404000001028
2021-02-03,2021-02-02,0,0,0,,False,0.0,0.0,0.0,0.0,0.0,0.0,11169553.200000007,False,0.0,-0.0018178369609245237,-20341.404000001028
2021-02-04,2021-02-03,0,0,0,,False,0.0,0.0,0.0,0.0,0.0,0.0,11169553.200000007,False,0.0,-0.0018178369609245237,-20341.404000001028
2021-02-05,2021-02-04,0,0,0,,False,0.0,0.0,0.0,0.0,0.0,0.0,11169553.200000007,False,0.0,-0.0018178369609245237,-20341.404000001028
2021-02-17,2021-02-05,0,0,0,,False,0.0,0.0,0.0,0.0,0.0,0.0,11169553.200000007,False,0.0,-0.0018178369609245237,-20341.404000001028
2021-02-18,2021-02-17,0,0,0,,False,0.0,0.0,0.0,0.0,0.0,0.0,11169553.200000007,False,0.0,-0.0018178369609245237,-20341.404000001028
2021-02-19,2021-02-18,0,0,0,,False,0.0,0.0,0.0,0.0,0.0,0.0,11169553.200000007,False,0.0,-0.0018178369609245237,-20341.404000001028
2021-02-22,2021-02-19,0,0,0,,False,0.0,0.0,0.0,0.0,0.0,0.0,11169553.200000007,False,0.0,-0.0018178369609245237,-20341.404000001028
2021-02-23,2021-02-22,0,0,0,,False,0.0,0.0,0.0,0.0,0.0,0.0,11169553.200000007,False,0.0,-0.0018178369609245237,-20341.404000001028
2021-02-24,2021-02-23,0,0,0,,False,0.0,0.0,0.0,0.0,0.0,0.0,11169553.200000007,False,0.0,-0.0018178369609245237,-20341.404000001028
2021-02-25,2021-02-24,0,0,0,,False,0.0,0.0,0.0,0.0,0.0,0.0,11169553.200000007,False,0.0,-0.0018178369609245237,-20341.404000001028
2021-02-26,2021-02-25,0,0,0,,False,0.0,0.0,0.0,0.0,0.0,0.0,11169553.200000007,False,0.0,-0.0018178369609245237,-20341.404000001028
2021-03-02,2021-02-26,0,0,0,,False,0.0,0.0,0.0,0.0,0.0,0.0,11169553.200000007,False,0.0,-0.0018178369609245237,-20341.404000001028
2021-03-03,2021-03-02,0,0,0,,False,0.0,0.0,0.0,0.0,0.0,0.0,11169553.200000007,False,0.0,-0.0018178369609245237,-20341.404000001028
2021-03-04,2021-03-03,0,0,0,,False,0.0,0.0,0.0,0.0,0.0,0.0,11169553.200000007,False,0.0,-0.0018178369609245237,-20341.404000001028
2021-03-05,2021-03-04,0,0,0,,False,0.0,0.0,0.0,0.0,0.0,0.0,11169553.200000007,False,0.0,-0.0018178369609245237,-20341.404000001028
2021-03-08,2021-03-05,0,0,0,,False,0.0,0.0,0.0,0.0,0.0,0.0,11169553.200000007,False,0.0,-0.0018178369609245237,-20341.404000001028
2021-03-09,2021-03-08,0,0,0,,False,0.0,0.0,0.0,0.0,0.0,0.0,11169553.200000007,False,0.0,-0.0018178369609245237,-20341.404000001028
2021-03-10,2021-03-09,0,0,0,,False,0.0,0.0,0.0,0.0,0.0,0.0,11169553.200000007,False,0.0,-0.0018178369609245237,-20341.404000001028
2021-03-11,2021-03-10,0,0,0,,False,0.0,0.0,0.0,0.0,0.0,0.0,11169553.200000007,False,0.0,-0.0018178369609245237,-20341.404000001028
2021-03-12,2021-03-11,0,0,0,,False,0.0,0.0,0.0,0.0,0.0,0.0,11169553.200000007,False,0.0,-0.0018178369609245237,-20341.404000001028
2021-03-15,2021-03-12,0,0,0,,False,0.0,0.0,0.0,0.0,0.0,0.0,11169553.200000007,False,0.0,-0.0018178369609245237,-20341.404000001028
2021-03-16,2021-03-15,0,0,0,,False,0.0,0.0,0.0,0.0,0.0,0.0,11169553.200000007,False,0.0,-0.0018178369609245237,-20341.404000001028
2021-03-17,2021-03-16,0,0,0,,False,0.0,0.0,0.0,0.0,0.0,0.0,11169553.200000007,False,0.0,-0.0018178369609245237,-20341.404000001028
2021-03-18,2021-03-17,0,0,0,,False,0.0,0.0,0.0,0.0,0.0,0.0,11169553.200000007,False,0.0,-0.0018178369609245237,-20341.404000001028
2021-03-19,2021-03-18,0,0,0,,False,0.0,0.0,0.0,0.0,0.0,0.0,11169553.200000007,False,0.0,-0.0018178369609245237,-20341.404000001028
2021-03-22,2021-03-19,0,0,0,,False,0.0,0.0,0.0,0.0,0.0,0.0,11169553.200000007,False,0.0,-0.0018178369609245237,-20341.404000001028
2021-03-23,2021-03-22,0,0,0,,False,0.0,0.0,0.0,0.0,0.0,0.0,11169553.200000007,False,0.0,-0.0018178369609245237,-20341.404000001028
2021-03-24,2021-03-23,0,0,0,,False,0.0,0.0,0.0,0.0,0.0,0.0,11169553.200000007,False,0.0,-0.0018178369609245237,-20341.404000001028
2021-03-25,2021-03-24,0,0,0,,False,0.0,0.0,0.0,0.0,0.0,0.0,11169553.200000007,False,0.0,-0.0018178369609245237,-20341.404000001028
2021-03-26,2021-03-25,0,0,0,,False,0.0,0.0,0.0,0.0,0.0,0.0,11169553.200000007,False,0.0,-0.0018178369609245237,-20341.404000001028
2021-03-29,2021-03-26,1,0,1,TX202104,False,8200.0,50.0,65.48400000000001,200.0,315.48400000000004,7884.516,11177437.716000007,False,0.0007058935893693577,-0.0011132265710123157,-12456.888000000268
2021-03-30,2021-03-29,1,1,1,TX202104,False,21600.0,0.0,0.0,0.0,0.0,21600.0,11199037.716000007,False,0.0019324643580058206,0.0,0.0
2021-03-31,2021-03-30,1,1,1,TX202104,False,-19400.0,0.0,0.0,0.0,0.0,-19400.0,11179637.716000007,False,-0.001732291692551702,-0.001732291692551735,-19400.0
2021-04-01,2021-03-31,0,1,0,,False,22600.0,50.0,66.13600000000001,200.0,316.136,22283.864,11201921.580000008,False,0.0019932545728300224,0.0,0.0
2021-04-06,2021-04-01,1,0,1,TX202104,False,-5800.0,50.0,67.04400000000001,200.0,317.044,-6117.044,11195804.536000008,False,-0.0005460709536586486,-0.0005460709536586617,-6117.043999999762
2021-04-07,2021-04-06,1,1,1,TX202104,False,7400.0,0.0,0.0,0.0,0.0,7400.0,11203204.536000008,False,0.0006609618787292478,0.0,0.0
2021-04-08,2021-04-07,0,1,0,,False,-10600.0,50.0,66.85600000000001,200.0,316.856,-10916.856,11192287.680000007,False,-0.0009744404795003193,-0.0009744404795003492,-10916.856000000611
2021-04-09,2021-04-08,0,0,0,,False,0.0,0.0,0.0,0.0,0.0,0.0,11192287.680000007,False,0.0,-0.0009744404795003492,-10916.856000000611
2021-04-12,2021-04-09,0,0,0,,False,0.0,0.0,0.0,0.0,0.0,0.0,11192287.680000007,False,0.0,-0.0009744404795003492,-10916.856000000611
2021-04-13,2021-04-12,0,0,0,,False,0.0,0.0,0.0,0.0,0.0,0.0,11192287.680000007,False,0.0,-0.0009744404795003492,-10916.856000000611
2021-04-14,2021-04-13,0,0,0,,False,0.0,0.0,0.0,0.0,0.0,0.0,11192287.680000007,False,0.0,-0.0009744404795003492,-10916.856000000611
2021-04-15,2021-04-14,0,0,0,,False,0.0,0.0,0.0,0.0,0.0,0.0,11192287.680000007,False,0.0,-0.0009744404795003492,-10916.856000000611
2021-04-16,2021-04-15,0,0,0,,False,0.0,0.0,0.0,0.0,0.0,0.0,11192287.680000007,False,0.0,-0.0009744404795003492,-10916.856000000611
2021-04-19,2021-04-16,1,0,1,TX202104,False,30600.0,50.0,68.476,200.0,318.476,30281.524,11222569.204000007,False,0.0027055705558847805,0.0,0.0
2021-04-20,2021-04-19,1,1,1,TX202105,True,9600.0,100.0,138.3,400.0,638.3,8961.7,11231530.904000007,False,0.000798542636458488,0.0,0.0
2021-04-21,2021-04-20,1,1,1,TX202105,False,-23600.0,0.0,0.0,0.0,0.0,-23600.0,11207930.904000007,False,-0.002101227357313781,-0.002101227357313773,-23600.0
2021-04-22,2021-04-21,0,1,0,,False,24000.0,50.0,69.028,200.0,319.028,23680.972,11231611.876000006,False,0.0021128763375538374,0.0,0.0
2021-04-23,2021-04-22,0,0,0,,False,0.0,0.0,0.0,0.0,0.0,0.0,11231611.876000006,False,0.0,0.0,0.0
2021-04-26,2021-04-23,0,0,0,,False,0.0,0.0,0.0,0.0,0.0,0.0,11231611.876000006,False,0.0,0.0,0.0
2021-04-27,2021-04-26,0,0,0,,False,0.0,0.0,0.0,0.0,0.0,0.0,11231611.876000006,False,0.0,0.0,0.0
2021-04-28,2021-04-27,0,0,0,,False,0.0,0.0,0.0,0.0,0.0,0.0,11231611.876000006,False,0.0,0.0,0.0
2021-04-29,2021-04-28,0,0,0,,False,0.0,0.0,0.0,0.0,0.0,0.0,11231611.876000006,False,0.0,0.0,0.0
2021-05-03,2021-04-29,0,0,0,,False,0.0,0.0,0.0,0.0,0.0,0.0,11231611.876000006,False,0.0,0.0,0.0
2021-05-04,2021-05-03,0,0,0,,False,0.0,0.0,0.0,0.0,0.0,0.0,11231611.876000006,False,0.0,0.0,0.0
2021-05-05,2021-05-04,0,0,0,,False,0.0,0.0,0.0,0.0,0.0,0.0,11231611.876000006,False,0.0,0.0,0.0
2021-05-06,2021-05-05,0,0,0,,False,0.0,0.0,0.0,0.0,0.0,0.0,11231611.876000006,False,0.0,0.0,0.0
2021-05-07,2021-05-06,0,0,0,,False,0.0,0.0,0.0,0.0,0.0,0.0,11231611.876000006,False,0.0,0.0,0.0
2021-05-10,2021-05-07,0,0,0,,False,0.0,0.0,0.0,0.0,0.0,0.0,11231611.876000006,False,0.0,0.0,0.0
2021-05-11,2021-05-10,0,0,0,,False,0.0,0.0,0.0,0.0,0.0,0.0,11231611.876000006,False,0.0,0.0,0.0
2021-05-12,2021-05-11,0,0,0,,False,0.0,0.0,0.0,0.0,0.0,0.0,11231611.876000006,False,0.0,0.0,0.0
2021-05-13,2021-05-12,0,0,0,,False,0.0,0.0,0.0,0.0,0.0,0.0,11231611.876000006,False,0.0,0.0,0.0
2021-05-14,2021-05-13,0,0,0,,False,0.0,0.0,0.0,0.0,0.0,0.0,11231611.876000006,False,0.0,0.0,0.0
2021-05-17,2021-05-14,0,0,0,,False,0.0,0.0,0.0,0.0,0.0,0.0,11231611.876000006,False,0.0,0.0,0.0
2021-05-18,2021-05-17,0,0,0,,False,0.0,0.0,0.0,0.0,0.0,0.0,11231611.876000006,False,0.0,0.0,0.0
2021-05-19,2021-05-18,0,0,0,,False,0.0,0.0,0.0,0.0,0.0,0.0,11231611.876000006,False,0.0,0.0,0.0
2021-05-20,2021-05-19,0,0,0,,False,0.0,0.0,0.0,0.0,0.0,0.0,11231611.876000006,False,0.0,0.0,0.0
2021-05-21,2021-05-20,0,0,0,,False,0.0,0.0,0.0,0.0,0.0,0.0,11231611.876000006,False,0.0,0.0,0.0
2021-05-24,2021-05-21,0,0,0,,False,0.0,0.0,0.0,0.0,0.0,0.0,11231611.876000006,False,0.0,0.0,0.0
2021-05-25,2021-05-24,0,0,0,,False,0.0,0.0,0.0,0.0,0.0,0.0,11231611.876000006,False,0.0,0.0,0.0
2021-05-26,2021-05-25,0,0,0,,False,0.0,0.0,0.0,0.0,0.0,0.0,11231611.876000006,False,0.0,0.0,0.0
2021-05-27,2021-05-26,1,0,1,TX202106,False,-11800.0,50.0,66.376,200.0,316.376,-12116.376,11219495.500000006,False,-0.0010787744567536722,-0.0010787744567536395,-12116.376000000164
2021-05-28,2021-05-27,1,1,1,TX202106,False,65800.0,0.0,0.0,0.0,0.0,65800.0,11285295.500000006,False,0.005864791335760147,0.0,0.0
2021-05-31,2021-05-28,0,1,0,,False,5600.0,50.0,67.56,200.0,317.56,5282.44,11290577.940000005,False,0.00046808167318259384,0.0,0.0
2021-06-01,2021-05-31,1,0,1,TX202106,False,16000.0,50.0,68.20400000000001,200.0,318.204,15681.796,11306259.736000005,False,0.0013889276601548347,0.0,0.0
2021-06-02,2021-06-01,1,1,1,TX202106,False,-6400.0,0.0,0.0,0.0,0.0,-6400.0,11299859.736000005,False,-0.0005660581084672861,-0.0005660581084673266,-6400.0
2021-06-03,2021-06-02,1,1,1,TX202106,False,26400.0,0.0,0.0,0.0,0.0,26400.0,11326259.736000005,False,0.002336312185884286,0.0,0.0
2021-06-04,2021-06-03,1,1,1,TX202106,False,-26000.0,0.0,0.0,0.0,0.0,-26000.0,11300259.736000005,False,-0.002295550394042278,-0.0022955503940422783,-26000.0
2021-06-07,2021-06-04,1,1,1,TX202106,False,-2000.0,0.0,0.0,0.0,0.0,-2000.0,11298259.736000005,False,-0.00017698708230824678,-0.0024721311935840262,-28000.0
2021-06-08,2021-06-07,1,1,1,TX202106,False,0.0,0.0,0.0,0.0,0.0,0.0,11298259.736000005,False,0.0,-0.0024721311935840262,-28000.0
2021-06-09,2021-06-08,0,1,0,,False,-18600.0,50.0,67.98400000000001,200.0,317.98400000000004,-18917.984,11279341.752000006,False,-0.0016744157456144353,-0.004142407563802575,-46917.98399999924
2021-06-10,2021-06-09,0,0,0,,False,0.0,0.0,0.0,0.0,0.0,0.0,11279341.752000006,False,0.0,-0.004142407563802575,-46917.98399999924
2021-06-11,2021-06-10,0,0,0,,False,0.0,0.0,0.0,0.0,0.0,0.0,11279341.752000006,False,0.0,-0.004142407563802575,-46917.98399999924
2021-06-15,2021-06-11,0,0,0,,False,0.0,0.0,0.0,0.0,0.0,0.0,11279341.752000006,False,0.0,-0.004142407563802575,-46917.98399999924
2021-06-16,2021-06-15,0,0,0,,False,0.0,0.0,0.0,0.0,0.0,0.0,11279341.752000006,False,0.0,-0.004142407563802575,-46917.98399999924
2021-06-17,2021-06-16,0,0,0,,False,0.0,0.0,0.0,0.0,0.0,0.0,11279341.752000006,False,0.0,-0.004142407563802575,-46917.98399999924
2021-06-18,2021-06-17,0,0,0,,False,0.0,0.0,0.0,0.0,0.0,0.0,11279341.752000006,False,0.0,-0.004142407563802575,-46917.98399999924
2021-06-21,2021-06-18,0,0,0,,False,0.0,0.0,0.0,0.0,0.0,0.0,11279341.752000006,False,0.0,-0.004142407563802575,-46917.98399999924
2021-06-22,2021-06-21,0,0,0,,False,0.0,0.0,0.0,0.0,0.0,0.0,11279341.752000006,False,0.0,-0.004142407563802575,-46917.98399999924
2021-06-23,2021-06-22,0,0,0,,False,0.0,0.0,0.0,0.0,0.0,0.0,11279341.752000006,False,0.0,-0.004142407563802575,-46917.98399999924
2021-06-24,2021-06-23,0,0,0,,False,0.0,0.0,0.0,0.0,0.0,0.0,11279341.752000006,False,0.0,-0.004142407563802575,-46917.98399999924
2021-06-25,2021-06-24,0,0,0,,False,0.0,0.0,0.0,0.0,0.0,0.0,11279341.752000006,False,0.0,-0.004142407563802575,-46917.98399999924
2021-06-28,2021-06-25,0,0,0,,False,0.0,0.0,0.0,0.0,0.0,0.0,11279341.752000006,False,0.0,-0.004142407563802575,-46917.98399999924
2021-06-29,2021-06-28,0,0,0,,False,0.0,0.0,0.0,0.0,0.0,0.0,11279341.752000006,False,0.0,-0.004142407563802575,-46917.98399999924
2021-06-30,2021-06-29,0,0,0,,False,0.0,0.0,0.0,0.0,0.0,0.0,11279341.752000006,False,0.0,-0.004142407563802575,-46917.98399999924
2021-07-01,2021-06-30,0,0,0,,False,0.0,0.0,0.0,0.0,0.0,0.0,11279341.752000006,False,0.0,-0.004142407563802575,-46917.98399999924
2021-07-02,2021-07-01,0,0,0,,False,0.0,0.0,0.0,0.0,0.0,0.0,11279341.752000006,False,0.0,-0.004142407563802575,-46917.98399999924
2021-07-05,2021-07-02,0,0,0,,False,0.0,0.0,0.0,0.0,0.0,0.0,11279341.752000006,False,0.0,-0.004142407563802575,-46917.98399999924
2021-07-06,2021-07-05,1,0,1,TX202107,False,-15600.0,50.0,71.828,200.0,321.828,-15921.828,11263419.924000006,False,-0.0014115919483667393,-0.005548152123005412,-62839.81199999899
2021-07-07,2021-07-06,0,1,0,,False,-11400.0,50.0,71.28,200.0,321.28,-11721.28,11251698.644000007,False,-0.001040650182545746,-0.006583028620031461,-74561.09199999832
2021-07-08,2021-07-07,1,0,1,TX202107,False,-10200.0,50.0,71.50800000000001,200.0,321.50800000000004,-10521.508,11241177.136000007,False,-0.0009351039636677985,-0.007511976767543671,-85082.59999999776
2021-07-09,2021-07-08,1,1,1,TX202107,False,-33400.0,0.0,0.0,0.0,0.0,-33400.0,11207777.136000007,False,-0.002971219081054785,-0.010460876119890328,-118482.59999999776
2021-07-12,2021-07-09,0,1,0,,False,38000.0,50.0,71.388,200.0,321.38800000000003,37678.612,11245455.748000007,False,0.0033618273760078784,-0.007134216403599347,-80803.98799999803
2021-07-13,2021-07-12,0,0,0,,False,0.0,0.0,0.0,0.0,0.0,0.0,11245455.748000007,False,0.0,-0.007134216403599347,-80803.98799999803
2021-07-14,2021-07-13,0,0,0,,False,0.0,0.0,0.0,0.0,0.0,0.0,11245455.748000007,False,0.0,-0.007134216403599347,-80803.98799999803
2021-07-15,2021-07-14,0,0,0,,False,0.0,0.0,0.0,0.0,0.0,0.0,11245455.748000007,False,0.0,-0.007134216403599347,-80803.98799999803
2021-07-16,2021-07-15,1,0,1,TX202107,False,19800.0,50.0,71.308,200.0,321.308,19478.692,11264934.440000007,False,0.0017321389578598683,-0.005414434899906007,-61325.29599999823
2021-07-19,2021-07-16,0,1,0,,False,-41600.0,50.0,70.864,200.0,320.86400000000003,-41920.864,11223013.576000007,False,-0.0037213588967855526,-0.009115644741205742,-103246.15999999829
2021-07-20,2021-07-19,0,0,0,,False,0.0,0.0,0.0,0.0,0.0,0.0,11223013.576000007,False,0.0,-0.009115644741205742,-103246.15999999829
2021-07-21,2021-07-20,0,0,0,,False,0.0,0.0,0.0,0.0,0.0,0.0,11223013.576000007,False,0.0,-0.009115644741205742,-103246.15999999829
2021-07-22,2021-07-21,0,0,0,,False,0.0,0.0,0.0,0.0,0.0,0.0,11223013.576000007,False,0.0,-0.009115644741205742,-103246.15999999829
2021-07-23,2021-07-22,0,0,0,,False,0.0,0.0,0.0,0.0,0.0,0.0,11223013.576000007,False,0.0,-0.009115644741205742,-103246.15999999829
2021-07-26,2021-07-23,0,0,0,,False,0.0,0.0,0.0,0.0,0.0,0.0,11223013.576000007,False,0.0,-0.009115644741205742,-103246.15999999829
2021-07-27,2021-07-26,0,0,0,,False,0.0,0.0,0.0,0.0,0.0,0.0,11223013.576000007,False,0.0,-0.009115644741205742,-103246.15999999829
2021-07-28,2021-07-27,0,0,0,,False,0.0,0.0,0.0,0.0,0.0,0.0,11223013.576000007,False,0.0,-0.009115644741205742,-103246.15999999829
2021-07-29,2021-07-28,0,0,0,,False,0.0,0.0,0.0,0.0,0.0,0.0,11223013.576000007,False,0.0,-0.009115644741205742,-103246.15999999829
2021-07-30,2021-07-29,0,0,0,,False,0.0,0.0,0.0,0.0,0.0,0.0,11223013.576000007,False,0.0,-0.009115644741205742,-103246.15999999829
2021-08-02,2021-07-30,0,0,0,,False,0.0,0.0,0.0,0.0,0.0,0.0,11223013.576000007,False,0.0,-0.009115644741205742,-103246.15999999829
2021-08-03,2021-08-02,0,0,0,,False,0.0,0.0,0.0,0.0,0.0,0.0,11223013.576000007,False,0.0,-0.009115644741205742,-103246.15999999829
2021-08-04,2021-08-03,0,0,0,,False,0.0,0.0,0.0,0.0,0.0,0.0,11223013.576000007,False,0.0,-0.009115644741205742,-103246.15999999829
2021-08-05,2021-08-04,1,0,1,TX202108,False,-5600.0,50.0,70.284,200.0,320.284,-5920.284,11217093.292000007,False,-0.0005275128609538801,-0.009638348982322742,-109166.44399999827
2021-08-06,2021-08-05,0,1,0,,False,2600.0,50.0,70.21600000000001,200.0,320.216,2279.784,11219373.076000007,False,0.00020324195766704858,-0.009437065941571454,-106886.65999999829
2021-08-09,2021-08-06,0,0,0,,False,0.0,0.0,0.0,0.0,0.0,0.0,11219373.076000007,False,0.0,-0.009437065941571454,-106886.65999999829
2021-08-10,2021-08-09,0,0,0,,False,0.0,0.0,0.0,0.0,0.0,0.0,11219373.076000007,False,0.0,-0.009437065941571454,-106886.65999999829
2021-08-11,2021-08-10,0,0,0,,False,0.0,0.0,0.0,0.0,0.0,0.0,11219373.076000007,False,0.0,-0.009437065941571454,-106886.65999999829
2021-08-12,2021-08-11,0,0,0,,False,0.0,0.0,0.0,0.0,0.0,0.0,11219373.076000007,False,0.0,-0.009437065941571454,-106886.65999999829
2021-08-13,2021-08-12,0,0,0,,False,0.0,0.0,0.0,0.0,0.0,0.0,11219373.076000007,False,0.0,-0.009437065941571454,-106886.65999999829
2021-08-16,2021-08-13,0,0,0,,False,0.0,0.0,0.0,0.0,0.0,0.0,11219373.076000007,False,0.0,-0.009437065941571454,-106886.65999999829
2021-08-17,2021-08-16,0,0,0,,False,0.0,0.0,0.0,0.0,0.0,0.0,11219373.076000007,False,0.0,-0.009437065941571454,-106886.65999999829
2021-08-18,2021-08-17,0,0,0,,False,0.0,0.0,0.0,0.0,0.0,0.0,11219373.076000007,False,0.0,-0.009437065941571454,-106886.65999999829
2021-08-19,2021-08-18,0,0,0,,False,0.0,0.0,0.0,0.0,0.0,0.0,11219373.076000007,False,0.0,-0.009437065941571454,-106886.65999999829
2021-08-20,2021-08-19,0,0,0,,False,0.0,0.0,0.0,0.0,0.0,0.0,11219373.076000007,False,0.0,-0.009437065941571454,-106886.65999999829
2021-08-23,2021-08-20,0,0,0,,False,0.0,0.0,0.0,0.0,0.0,0.0,11219373.076000007,False,0.0,-0.009437065941571454,-106886.65999999829
2021-08-24,2021-08-23,0,0,0,,False,0.0,0.0,0.0,0.0,0.0,0.0,11219373.076000007,False,0.0,-0.009437065941571454,-106886.65999999829
2021-08-25,2021-08-24,0,0,0,,False,0.0,0.0,0.0,0.0,0.0,0.0,11219373.076000007,False,0.0,-0.009437065941571454,-106886.65999999829
2021-08-26,2021-08-25,0,0,0,,False,0.0,0.0,0.0,0.0,0.0,0.0,11219373.076000007,False,0.0,-0.009437065941571454,-106886.65999999829
2021-08-27,2021-08-26,0,0,0,,False,0.0,0.0,0.0,0.0,0.0,0.0,11219373.076000007,False,0.0,-0.009437065941571454,-106886.65999999829
2021-08-30,2021-08-27,0,0,0,,False,0.0,0.0,0.0,0.0,0.0,0.0,11219373.076000007,False,0.0,-0.009437065941571454,-106886.65999999829
2021-08-31,2021-08-30,0,0,0,,False,0.0,0.0,0.0,0.0,0.0,0.0,11219373.076000007,False,0.0,-0.009437065941571454,-106886.65999999829
2021-09-01,2021-08-31,0,0,0,,False,0.0,0.0,0.0,0.0,0.0,0.0,11219373.076000007,False,0.0,-0.009437065941571454,-106886.65999999829
2021-09-02,2021-09-01,0,0,0,,False,0.0,0.0,0.0,0.0,0.0,0.0,11219373.076000007,False,0.0,-0.009437065941571454,-106886.65999999829
2021-09-03,2021-09-02,1,0,1,TX202109,False,13400.0,50.0,69.772,200.0,319.772,13080.228,11232453.304000007,False,0.0011658608650763787,-0.00828220738235752,-93806.43199999817
2021-09-06,2021-09-03,0,1,0,,False,-13800.0,50.0,69.756,200.0,319.756,-14119.756,11218333.548000008,False,-0.0012570500511203363,-0.009528846284264425,-107926.18799999729
2021-09-07,2021-09-06,0,0,0,,False,0.0,0.0,0.0,0.0,0.0,0.0,11218333.548000008,False,0.0,-0.009528846284264425,-107926.18799999729
2021-09-08,2021-09-07,1,0,1,TX202109,False,-26600.0,50.0,69.584,200.0,319.584,-26919.584,11191413.964000007,False,-0.0023996063127218383,-0.011905587117289618,-134845.77199999802
2021-09-09,2021-09-08,1,1,1,TX202109,False,-5400.0,0.0,0.0,0.0,0.0,-5400.0,11186013.964000007,False,-0.0004825127564193815,-0.012382355276052248,-140245.77199999802
2021-09-10,2021-09-09,1,1,1,TX202109,False,47600.0,0.0,0.0,0.0,0.0,47600.0,11233613.964000007,False,0.004255313836831535,-0.008179732246959448,-92645.77199999802
2021-09-13,2021-09-10,1,1,1,TX202109,False,-6200.0,0.0,0.0,0.0,0.0,-6200.0,11227413.964000007,False,-0.0005519149954653005,-0.008727132725538822,-98845.77199999802
2021-09-14,2021-09-13,1,1,1,TX202110,True,3800.0,100.0,139.448,400.0,639.448,3160.552,11230574.516000006,False,0.00028150311462052705,-0.008448086325962278,-95685.21999999881
2021-09-15,2021-09-14,1,1,1,TX202110,False,-15600.0,0.0,0.0,0.0,0.0,-15600.0,11214974.516000006,False,-0.001389065178969691,-0.009825416562387668,-111285.21999999881
2021-09-16,2021-09-15,1,1,1,TX202110,False,-15000.0,0.0,0.0,0.0,0.0,-15000.0,11199974.516000006,False,-0.0013374974663205906,-0.011149772558950555,-126285.21999999881
2021-09-17,2021-09-16,1,1,1,TX202110,False,10000.0,0.0,0.0,0.0,0.0,10000.0,11209974.516000006,False,0.0008928591744306424,-0.010266868561241926,-116285.21999999881
2021-09-22,2021-09-17,0,1,0,,False,-92600.0,50.0,67.336,200.0,317.336,-92917.336,11117057.180000007,False,-0.008288808852096765,-0.01847057730232493,-209202.555999998
2021-09-23,2021-09-22,0,0,0,,False,0.0,0.0,0.0,0.0,0.0,0.0,11117057.180000007,False,0.0,-0.01847057730232493,-209202.555999998
2021-09-24,2021-09-23,0,0,0,,False,0.0,0.0,0.0,0.0,0.0,0.0,11117057.180000007,False,0.0,-0.01847057730232493,-209202.555999998
2021-09-27,2021-09-24,0,0,0,,False,0.0,0.0,0.0,0.0,0.0,0.0,11117057.180000007,False,0.0,-0.01847057730232493,-209202.555999998
2021-09-28,2021-09-27,0,0,0,,False,0.0,0.0,0.0,0.0,0.0,0.0,11117057.180000007,False,0.0,-0.01847057730232493,-209202.555999998
2021-09-29,2021-09-28,0,0,0,,False,0.0,0.0,0.0,0.0,0.0,0.0,11117057.180000007,False,0.0,-0.01847057730232493,-209202.555999998
2021-09-30,2021-09-29,0,0,0,,False,0.0,0.0,0.0,0.0,0.0,0.0,11117057.180000007,False,0.0,-0.01847057730232493,-209202.555999998
2021-10-01,2021-09-30,0,0,0,,False,0.0,0.0,0.0,0.0,0.0,0.0,11117057.180000007,False,0.0,-0.01847057730232493,-209202.555999998
2021-10-04,2021-10-01,0,0,0,,False,0.0,0.0,0.0,0.0,0.0,0.0,11117057.180000007,False,0.0,-0.01847057730232493,-209202.555999998
2021-10-05,2021-10-04,0,0,0,,False,0.0,0.0,0.0,0.0,0.0,0.0,11117057.180000007,False,0.0,-0.01847057730232493,-209202.555999998
2021-10-06,2021-10-05,0,0,0,,False,0.0,0.0,0.0,0.0,0.0,0.0,11117057.180000007,False,0.0,-0.01847057730232493,-209202.555999998
2021-10-07,2021-10-06,0,0,0,,False,0.0,0.0,0.0,0.0,0.0,0.0,11117057.180000007,False,0.0,-0.01847057730232493,-209202.555999998
2021-10-08,2021-10-07,0,0,0,,False,0.0,0.0,0.0,0.0,0.0,0.0,11117057.180000007,False,0.0,-0.01847057730232493,-209202.555999998
2021-10-12,2021-10-08,0,0,0,,False,0.0,0.0,0.0,0.0,0.0,0.0,11117057.180000007,False,0.0,-0.01847057730232493,-209202.555999998
2021-10-13,2021-10-12,0,0,0,,False,0.0,0.0,0.0,0.0,0.0,0.0,11117057.180000007,False,0.0,-0.01847057730232493,-209202.555999998
2021-10-14,2021-10-13,0,0,0,,False,0.0,0.0,0.0,0.0,0.0,0.0,11117057.180000007,False,0.0,-0.01847057730232493,-209202.555999998
2021-10-15,2021-10-14,0,0,0,,False,0.0,0.0,0.0,0.0,0.0,0.0,11117057.180000007,False,0.0,-0.01847057730232493,-209202.555999998
2021-10-18,2021-10-15,0,0,0,,False,0.0,0.0,0.0,0.0,0.0,0.0,11117057.180000007,False,0.0,-0.01847057730232493,-209202.555999998
2021-10-19,2021-10-18,0,0,0,,False,0.0,0.0,0.0,0.0,0.0,0.0,11117057.180000007,False,0.0,-0.01847057730232493,-209202.555999998
2021-10-20,2021-10-19,1,0,1,TX202111,False,-6400.0,50.0,67.688,200.0,317.688,-6717.688,11110339.492000008,False,-0.0006042685479827672,-0.019063684661380753,-215920.24399999715
2021-10-21,2021-10-20,0,1,0,,False,-2000.0,50.0,67.512,200.0,317.512,-2317.512,11108021.980000008,False,-0.00020859056572202164,-0.019268298722334487,-218237.75599999726
2021-10-22,2021-10-21,0,0,0,,False,0.0,0.0,0.0,0.0,0.0,0.0,11108021.980000008,False,0.0,-0.019268298722334487,-218237.75599999726
2021-10-25,2021-10-22,0,0,0,,False,0.0,0.0,0.0,0.0,0.0,0.0,11108021.980000008,False,0.0,-0.019268298722334487,-218237.75599999726
2021-10-26,2021-10-25,0,0,0,,False,0.0,0.0,0.0,0.0,0.0,0.0,11108021.980000008,False,0.0,-0.019268298722334487,-218237.75599999726
2021-10-27,2021-10-26,0,0,0,,False,0.0,0.0,0.0,0.0,0.0,0.0,11108021.980000008,False,0.0,-0.019268298722334487,-218237.75599999726
2021-10-28,2021-10-27,0,0,0,,False,0.0,0.0,0.0,0.0,0.0,0.0,11108021.980000008,False,0.0,-0.019268298722334487,-218237.75599999726
2021-10-29,2021-10-28,0,0,0,,False,0.0,0.0,0.0,0.0,0.0,0.0,11108021.980000008,False,0.0,-0.019268298722334487,-218237.75599999726
2021-11-01,2021-10-29,0,0,0,,False,0.0,0.0,0.0,0.0,0.0,0.0,11108021.980000008,False,0.0,-0.019268298722334487,-218237.75599999726
2021-11-02,2021-11-01,0,0,0,,False,0.0,0.0,0.0,0.0,0.0,0.0,11108021.980000008,False,0.0,-0.019268298722334487,-218237.75599999726
2021-11-03,2021-11-02,0,0,0,,False,0.0,0.0,0.0,0.0,0.0,0.0,11108021.980000008,False,0.0,-0.019268298722334487,-218237.75599999726
2021-11-04,2021-11-03,0,0,0,,False,0.0,0.0,0.0,0.0,0.0,0.0,11108021.980000008,False,0.0,-0.019268298722334487,-218237.75599999726
2021-11-05,2021-11-04,0,0,0,,False,0.0,0.0,0.0,0.0,0.0,0.0,11108021.980000008,False,0.0,-0.019268298722334487,-218237.75599999726
2021-11-08,2021-11-05,1,0,1,TX202111,False,33600.0,50.0,69.028,200.0,319.028,33280.972,11141302.952000007,False,0.002996120466805196,-0.01632990839969184,-184956.78399999812
2021-11-09,2021-11-08,1,1,1,TX202111,False,26200.0,0.0,0.0,0.0,0.0,26200.0,11167502.952000007,False,0.0023516100507164437,-0.01401669992569543,-158756.78399999812
2021-11-10,2021-11-09,1,1,1,TX202111,False,0.0,0.0,0.0,0.0,0.0,0.0,11167502.952000007,False,0.0,-0.01401669992569543,-158756.78399999812
2021-11-11,2021-11-10,1,1,1,TX202111,False,-17000.0,0.0,0.0,0.0,0.0,-17000.0,11150502.952000007,False,-0.0015222740547344508,-0.015517636721799954,-175756.78399999812
2021-11-12,2021-11-11,1,1,1,TX202111,False,15400.0,0.0,0.0,0.0,0.0,15400.0,11165902.952000007,False,0.0013811036207328911,-0.014157964565328807,-160356.78399999812
2021-11-15,2021-11-12,1,1,1,TX202111,False,23400.0,0.0,0.0,0.0,0.0,23400.0,11189302.952000007,False,0.0020956657155800063,-0.012091969210690778,-136956.78399999812
2021-11-16,2021-11-15,1,1,1,TX202112,True,7400.0,100.0,141.524,400.0,641.524,6758.476,11196061.428000007,False,0.0006040122453554598,-0.011495260662809037,-130198.30799999833
2021-11-17,2021-11-16,1,1,1,TX202112,False,16800.0,0.0,0.0,0.0,0.0,16800.0,11212861.428000007,False,0.0015005276728819311,-0.010011981946658643,-113398.30799999833
2021-11-18,2021-11-17,1,1,1,TX202112,False,19200.0,0.0,0.0,0.0,0.0,19200.0,11232061.428000007,False,0.00171231938638384,-0.00831680627105813,-94198.30799999833
2021-11-19,2021-11-18,1,1,1,TX202112,False,-1800.0,0.0,0.0,0.0,0.0,-1800.0,11230261.428000007,False,-0.0001602555338161563,-0.008475728990645748,-95998.30799999833
2021-11-22,2021-11-19,1,1,1,TX202112,False,-3000.0,0.0,0.0,0.0,0.0,-3000.0,11227261.428000007,False,-0.00026713536628098503,-0.008740600189958259,-98998.30799999833
2021-11-23,2021-11-22,1,1,1,TX202112,False,-35400.0,0.0,0.0,0.0,0.0,-35400.0,11191861.428000007,False,-0.003153039610506875,-0.011866080341846552,-134398.30799999833
2021-11-24,2021-11-23,1,1,1,TX202112,False,4000.0,0.0,0.0,0.0,0.0,4000.0,11195861.428000007,False,0.00035740256665372263,-0.011512918742763167,-130398.30799999833
2021-11-25,2021-11-24,1,1,1,TX202112,False,-600.0,0.0,0.0,0.0,0.0,-600.0,11195261.428000007,False,-5.3591231354422195e-05,-0.01156589298262567,-130998.30799999833
2021-11-26,2021-11-25,1,1,1,TX202112,False,-66800.0,0.0,0.0,0.0,0.0,-66800.0,11128461.428000007,False,-0.005966810192831163,-0.017463691687318872,-197798.30799999833
2021-11-29,2021-11-26,0,1,0,,False,-19800.0,50.0,68.968,200.0,318.968,-20118.968,11108342.460000006,False,-0.0018078840574833853,-0.019240003415016083,-217917.27599999867
2021-11-30,2021-11-29,0,0,0,,False,0.0,0.0,0.0,0.0,0.0,0.0,11108342.460000006,False,0.0,-0.019240003415016083,-217917.27599999867
2021-12-01,2021-11-30,0,0,0,,False,0.0,0.0,0.0,0.0,0.0,0.0,11108342.460000006,False,0.0,-0.019240003415016083,-217917.27599999867
2021-12-02,2021-12-01,0,0,0,,False,0.0,0.0,0.0,0.0,0.0,0.0,11108342.460000006,False,0.0,-0.019240003415016083,-217917.27599999867
2021-12-03,2021-12-02,0,0,0,,False,0.0,0.0,0.0,0.0,0.0,0.0,11108342.460000006,False,0.0,-0.019240003415016083,-217917.27599999867
2021-12-06,2021-12-03,0,0,0,,False,0.0,0.0,0.0,0.0,0.0,0.0,11108342.460000006,False,0.0,-0.019240003415016083,-217917.27599999867
2021-12-07,2021-12-06,0,0,0,,False,0.0,0.0,0.0,0.0,0.0,0.0,11108342.460000006,False,0.0,-0.019240003415016083,-217917.27599999867
2021-12-08,2021-12-07,0,0,0,,False,0.0,0.0,0.0,0.0,0.0,0.0,11108342.460000006,False,0.0,-0.019240003415016083,-217917.27599999867
2021-12-09,2021-12-08,0,0,0,,False,0.0,0.0,0.0,0.0,0.0,0.0,11108342.460000006,False,0.0,-0.019240003415016083,-217917.27599999867
2021-12-10,2021-12-09,0,0,0,,False,0.0,0.0,0.0,0.0,0.0,0.0,11108342.460000006,False,0.0,-0.019240003415016083,-217917.27599999867
2021-12-13,2021-12-10,0,0,0,,False,0.0,0.0,0.0,0.0,0.0,0.0,11108342.460000006,False,0.0,-0.019240003415016083,-217917.27599999867
2021-12-14,2021-12-13,0,0,0,,False,0.0,0.0,0.0,0.0,0.0,0.0,11108342.460000006,False,0.0,-0.019240003415016083,-217917.27599999867
2021-12-15,2021-12-14,0,0,0,,False,0.0,0.0,0.0,0.0,0.0,0.0,11108342.460000006,False,0.0,-0.019240003415016083,-217917.27599999867
2021-12-16,2021-12-15,0,0,0,,False,0.0,0.0,0.0,0.0,0.0,0.0,11108342.460000006,False,0.0,-0.019240003415016083,-217917.27599999867
2021-12-17,2021-12-16,0,0,0,,False,0.0,0.0,0.0,0.0,0.0,0.0,11108342.460000006,False,0.0,-0.019240003415016083,-217917.27599999867
2021-12-20,2021-12-17,0,0,0,,False,0.0,0.0,0.0,0.0,0.0,0.0,11108342.460000006,False,0.0,-0.019240003415016083,-217917.27599999867
2021-12-21,2021-12-20,0,0,0,,False,0.0,0.0,0.0,0.0,0.0,0.0,11108342.460000006,False,0.0,-0.019240003415016083,-217917.27599999867
2021-12-22,2021-12-21,0,0,0,,False,0.0,0.0,0.0,0.0,0.0,0.0,11108342.460000006,False,0.0,-0.019240003415016083,-217917.27599999867
2021-12-23,2021-12-22,1,0,1,TX202201,False,3800.0,50.0,71.744,200.0,321.744,3478.256,11111820.716000006,False,0.0003131210630681256,-0.018932906802270777,-214439.01999999955
2021-12-24,2021-12-23,1,1,1,TX202201,False,800.0,0.0,0.0,0.0,0.0,800.0,11112620.716000006,False,7.199540205396521e-05,-0.018862274482454033,-213639.01999999955
2021-12-27,2021-12-24,1,1,1,TX202201,False,22000.0,0.0,0.0,0.0,0.0,22000.0,11134620.716000006,False,0.001979731024952943,-0.01691988568749514,-191639.01999999955
2021-12-28,2021-12-27,1,1,1,TX202201,False,27800.0,0.0,0.0,0.0,0.0,27800.0,11162420.716000006,False,0.0024967172846806097,-0.014465412573865355,-163839.01999999955
2021-12-29,2021-12-28,1,1,1,TX202201,False,13800.0,0.0,0.0,0.0,0.0,13800.0,11176220.716000006,False,0.0012362909758650592,-0.013247005057027583,-150039.01999999955
2021-12-30,2021-12-29,1,1,1,TX202201,False,-12800.0,0.0,0.0,0.0,0.0,-12800.0,11163420.716000006,False,-0.0011452887631035573,-0.014377122174094481,-162839.01999999955
2022-01-03,2021-12-30,1,1,1,TX202201,False,12200.0,0.0,0.0,0.0,0.0,12200.0,11175620.716000006,False,0.0010928549868692411,-0.013299979296890085,-150639.01999999955
2022-01-04,2022-01-03,1,1,1,TX202201,False,48600.0,0.0,0.0,0.0,0.0,48600.0,11224220.716000006,False,0.004348751736932156,-0.009009065868026411,-102039.01999999955
2022-01-05,2022-01-04,1,1,1,TX202201,False,-7200.0,0.0,0.0,0.0,0.0,-7200.0,11217020.716000006,False,-0.0006414699231400962,-0.009644756746376548,-109239.01999999955
2022-01-06,2022-01-05,1,1,1,TX202201,False,-29000.0,0.0,0.0,0.0,0.0,-29000.0,11188020.716000006,False,-0.0025853567301194584,-0.012205178339731448,-138239.01999999955
2022-01-07,2022-01-06,1,1,1,TX202201,False,-38400.0,0.0,0.0,0.0,0.0,-38400.0,11149620.716000006,False,-0.0034322424828087867,-0.015595529690932364,-176639.01999999955
2022-01-10,2022-01-07,1,1,1,TX202201,False,23000.0,0.0,0.0,0.0,0.0,23000.0,11172620.716000006,False,0.0020628504400149127,-0.013564850496202596,-153639.01999999955
2022-01-11,2022-01-10,1,1,1,TX202201,False,4400.0,0.0,0.0,0.0,0.0,4400.0,11177020.716000006,False,0.0003938198666046973,-0.01317637273721084,-149239.01999999955
2022-01-12,2022-01-11,1,1,1,TX202201,False,19000.0,0.0,0.0,0.0,0.0,19000.0,11196020.716000006,False,0.0016999163267901374,-0.011498855141564568,-130239.01999999955
2022-01-13,2022-01-12,1,1,1,TX202201,False,10000.0,0.0,0.0,0.0,0.0,10000.0,11206020.716000006,False,0.0008931744816896599,-0.01061595114385605,-120239.01999999955
2022-01-14,2022-01-13,1,1,1,TX202201,False,-13600.0,0.0,0.0,0.0,0.0,-13600.0,11192420.716000006,False,-0.0012136333087963919,-0.011816700580739692,-133839.01999999955
2022-01-17,2022-01-14,1,1,1,TX202201,False,30400.0,0.0,0.0,0.0,0.0,30400.0,11222820.716000006,False,0.0027161237744165573,-0.009132672427705657,-103439.01999999955
2022-01-18,2022-01-17,1,1,1,TX202202,True,-32000.0,100.0,146.65200000000002,400.0,646.652,-32646.652,11190174.064000005,False,-0.0029089524662419975,-0.012015058383965771,-136085.67200000025
2022-01-19,2022-01-18,1,1,1,TX202202,False,-34200.0,0.0,0.0,0.0,0.0,-34200.0,11155974.064000005,False,-0.0030562527271157545,-0.01503459005612906,-170285.67200000025
2022-01-20,2022-01-19,0,1,0,,False,12000.0,50.0,72.808,200.0,322.808,11677.192,11167651.256000005,False,0.0010467209705768274,-0.014003606106247957,-158608.48000000045
2022-01-21,2022-01-20,0,0,0,,False,0.0,0.0,0.0,0.0,0.0,0.0,11167651.256000005,False,0.0,-0.014003606106247957,-158608.48000000045
2022-01-24,2022-01-21,0,0,0,,False,0.0,0.0,0.0,0.0,0.0,0.0,11167651.256000005,False,0.0,-0.014003606106247957,-158608.48000000045
2022-01-25,2022-01-24,0,0,0,,False,0.0,0.0,0.0,0.0,0.0,0.0,11167651.256000005,False,0.0,-0.014003606106247957,-158608.48000000045
2022-01-26,2022-01-25,0,0,0,,False,0.0,0.0,0.0,0.0,0.0,0.0,11167651.256000005,False,0.0,-0.014003606106247957,-158608.48000000045
2022-02-07,2022-01-26,0,0,0,,False,0.0,0.0,0.0,0.0,0.0,0.0,11167651.256000005,False,0.0,-0.014003606106247957,-158608.48000000045
2022-02-08,2022-02-07,0,0,0,,False,0.0,0.0,0.0,0.0,0.0,0.0,11167651.256000005,False,0.0,-0.014003606106247957,-158608.48000000045
2022-02-09,2022-02-08,0,0,0,,False,0.0,0.0,0.0,0.0,0.0,0.0,11167651.256000005,False,0.0,-0.014003606106247957,-158608.48000000045
2022-02-10,2022-02-09,0,0,0,,False,0.0,0.0,0.0,0.0,0.0,0.0,11167651.256000005,False,0.0,-0.014003606106247957,-158608.48000000045
2022-02-11,2022-02-10,1,0,1,TX202202,False,14600.0,50.0,72.81200000000001,200.0,322.812,14277.188,11181928.444000004,False,0.0012784414262873177,-0.012743067470124436,-144331.2920000013
2022-02-14,2022-02-11,1,1,1,TX202202,False,-59600.0,0.0,0.0,0.0,0.0,-59600.0,11122328.444000004,False,-0.005330028742222917,-0.0180051752964675,-203931.2920000013
2022-02-15,2022-02-14,0,1,0,,False,-11000.0,50.0,71.68400000000001,200.0,321.684,-11321.684,11111006.760000004,False,-0.0010179239047834034,-0.019004771302906787,-215252.97600000165
2022-02-16,2022-02-15,0,0,0,,False,0.0,0.0,0.0,0.0,0.0,0.0,11111006.760000004,False,0.0,-0.019004771302906787,-215252.97600000165
2022-02-17,2022-02-16,1,0,1,TX202203,False,-5200.0,50.0,73.08000000000001,200.0,323.08000000000004,-5523.08,11105483.680000003,False,-0.0004970818683940751,-0.019492406244073224,-220776.05600000173
2022-02-18,2022-02-17,1,1,1,TX202203,False,-3400.0,0.0,0.0,0.0,0.0,-3400.0,11102083.680000003,False,-0.0003061550579848314,-0.019792593603294106,-224176.05600000173
2022-02-21,2022-02-18,1,1,1,TX202203,False,-3200.0,0.0,0.0,0.0,0.0,-3200.0,11098883.680000003,False,-0.00028823418127938295,-0.02007512288256086,-227376.05600000173
2022-02-22,2022-02-21,1,1,1,TX202203,False,-66400.0,0.0,0.0,0.0,0.0,-66400.0,11032483.680000003,False,-0.005982583646646523,-0.0259376054273458,-293776.0560000017
2022-02-23,2022-02-22,0,1,0,,False,15200.0,50.0,71.81200000000001,200.0,321.812,14878.188,11047361.868000003,False,0.001348580105037599,-0.024624004260959897,-278897.8680000026
2022-02-24,2022-02-23,0,0,0,,False,0.0,0.0,0.0,0.0,0.0,0.0,11047361.868000003,False,0.0,-0.024624004260959897,-278897.8680000026
2022-02-25,2022-02-24,0,0,0,,False,0.0,0.0,0.0,0.0,0.0,0.0,11047361.868000003,False,0.0,-0.024624004260959897,-278897.8680000026
2022-03-01,2022-02-25,0,0,0,,False,0.0,0.0,0.0,0.0,0.0,0.0,11047361.868000003,False,0.0,-0.024624004260959897,-278897.8680000026
2022-03-02,2022-03-01,0,0,0,,False,0.0,0.0,0.0,0.0,0.0,0.0,11047361.868000003,False,0.0,-0.024624004260959897,-278897.8680000026
2022-03-03,2022-03-02,0,0,0,,False,0.0,0.0,0.0,0.0,0.0,0.0,11047361.868000003,False,0.0,-0.024624004260959897,-278897.8680000026
2022-03-04,2022-03-03,0,0,0,,False,0.0,0.0,0.0,0.0,0.0,0.0,11047361.868000003,False,0.0,-0.024624004260959897,-278897.8680000026
2022-03-07,2022-03-04,0,0,0,,False,0.0,0.0,0.0,0.0,0.0,0.0,11047361.868000003,False,0.0,-0.024624004260959897,-278897.8680000026
2022-03-08,2022-03-07,0,0,0,,False,0.0,0.0,0.0,0.0,0.0,0.0,11047361.868000003,False,0.0,-0.024624004260959897,-278897.8680000026
2022-03-09,2022-03-08,0,0,0,,False,0.0,0.0,0.0,0.0,0.0,0.0,11047361.868000003,False,0.0,-0.024624004260959897,-278897.8680000026
2022-03-10,2022-03-09,0,0,0,,False,0.0,0.0,0.0,0.0,0.0,0.0,11047361.868000003,False,0.0,-0.024624004260959897,-278897.8680000026
2022-03-11,2022-03-10,0,0,0,,False,0.0,0.0,0.0,0.0,0.0,0.0,11047361.868000003,False,0.0,-0.024624004260959897,-278897.8680000026
2022-03-14,2022-03-11,0,0,0,,False,0.0,0.0,0.0,0.0,0.0,0.0,11047361.868000003,False,0.0,-0.024624004260959897,-278897.8680000026
2022-03-15,2022-03-14,0,0,0,,False,0.0,0.0,0.0,0.0,0.0,0.0,11047361.868000003,False,0.0,-0.024624004260959897,-278897.8680000026
2022-03-16,2022-03-15,0,0,0,,False,0.0,0.0,0.0,0.0,0.0,0.0,11047361.868000003,False,0.0,-0.024624004260959897,-278897.8680000026
2022-03-17,2022-03-16,0,0,0,,False,0.0,0.0,0.0,0.0,0.0,0.0,11047361.868000003,False,0.0,-0.024624004260959897,-278897.8680000026
2022-03-18,2022-03-17,0,0,0,,False,0.0,0.0,0.0,0.0,0.0,0.0,11047361.868000003,False,0.0,-0.024624004260959897,-278897.8680000026
2022-03-21,2022-03-18,0,0,0,,False,0.0,0.0,0.0,0.0,0.0,0.0,11047361.868000003,False,0.0,-0.024624004260959897,-278897.8680000026
2022-03-22,2022-03-21,1,0,1,TX202204,False,-3200.0,50.0,70.14800000000001,200.0,320.148,-3520.148,11043841.720000003,False,-0.0003186415039228983,-0.024934799535132446,-282418.0160000026
2022-03-23,2022-03-22,1,1,1,TX202204,False,36400.0,0.0,0.0,0.0,0.0,36400.0,11080241.720000003,False,0.0032959545168128315,-0.02172102898347328,-246018.01600000262
2022-03-24,2022-03-23,1,1,1,TX202204,False,-6200.0,0.0,0.0,0.0,0.0,-6200.0,11074041.720000003,False,-0.0005595545798255381,-0.022268429462052652,-252218.01600000262
2022-03-25,2022-03-24,1,1,1,TX202204,False,-10000.0,0.0,0.0,0.0,0.0,-10000.0,11064041.720000003,False,-0.0009030126716914696,-0.02315133345976117,-262218.0160000026
2022-03-28,2022-03-25,1,1,1,TX202204,False,-36600.0,0.0,0.0,0.0,0.0,-36600.0,11027441.720000003,False,-0.003308013556550471,-0.02638276209137458,-298818.0160000026
2022-03-29,2022-03-28,1,1,1,TX202204,False,21400.0,0.0,0.0,0.0,0.0,21400.0,11048841.720000003,False,0.0019406132939417608,-0.024493347536278187,-277418.0160000026
2022-03-30,2022-03-29,1,1,1,TX202204,False,39200.0,0.0,0.0,0.0,0.0,39200.0,11088041.720000003,False,0.00354788320743543,-0.02103236386526064,-238218.01600000262
2022-03-31,2022-03-30,1,1,1,TX202204,False,-20400.0,0.0,0.0,0.0,0.0,-20400.0,11067641.720000003,False,-0.0018398199172721002,-0.022833488020586046,-258618.01600000262
2022-04-01,2022-03-31,1,1,1,TX202204,False,-17000.0,0.0,0.0,0.0,0.0,-17000.0,11050641.720000003,False,-0.0015360092447951048,-0.02433442481669068,-275618.0160000026
2022-04-06,2022-04-01,1,1,1,TX202204,False,-9600.0,0.0,0.0,0.0,0.0,-9600.0,11041041.720000003,False,-0.0008687278298621737,-0.025182012654490826,-285218.0160000026
2022-04-07,2022-04-06,1,1,1,TX202204,False,-72600.0,0.0,0.0,0.0,0.0,-72600.0,10968441.720000003,False,-0.006575466504079108,-0.03159189567785503,-357818.0160000026
2022-04-08,2022-04-07,0,1,0,,False,11400.0,50.0,68.796,200.0,318.796,11081.204,10979522.924000002,False,0.0010102806107630024,-0.03061353174675263,-346736.8120000027
2022-04-11,2022-04-08,0,0,0,,False,0.0,0.0,0.0,0.0,0.0,0.0,10979522.924000002,False,0.0,-0.03061353174675263,-346736.8120000027
2022-04-12,2022-04-11,0,0,0,,False,0.0,0.0,0.0,0.0,0.0,0.0,10979522.924000002,False,0.0,-0.03061353174675263,-346736.8120000027
2022-04-13,2022-04-12,0,0,0,,False,0.0,0.0,0.0,0.0,0.0,0.0,10979522.924000002,False,0.0,-0.03061353174675263,-346736.8120000027
2022-04-14,2022-04-13,0,0,0,,False,0.0,0.0,0.0,0.0,0.0,0.0,10979522.924000002,False,0.0,-0.03061353174675263,-346736.8120000027
2022-04-15,2022-04-14,0,0,0,,False,0.0,0.0,0.0,0.0,0.0,0.0,10979522.924000002,False,0.0,-0.03061353174675263,-346736.8120000027
2022-04-18,2022-04-15,0,0,0,,False,0.0,0.0,0.0,0.0,0.0,0.0,10979522.924000002,False,0.0,-0.03061353174675263,-346736.8120000027
2022-04-19,2022-04-18,0,0,0,,False,0.0,0.0,0.0,0.0,0.0,0.0,10979522.924000002,False,0.0,-0.03061353174675263,-346736.8120000027
2022-04-20,2022-04-19,0,0,0,,False,0.0,0.0,0.0,0.0,0.0,0.0,10979522.924000002,False,0.0,-0.03061353174675263,-346736.8120000027
2022-04-21,2022-04-20,0,0,0,,False,0.0,0.0,0.0,0.0,0.0,0.0,10979522.924000002,False,0.0,-0.03061353174675263,-346736.8120000027
2022-04-22,2022-04-21,0,0,0,,False,0.0,0.0,0.0,0.0,0.0,0.0,10979522.924000002,False,0.0,-0.03061353174675263,-346736.8120000027
2022-04-25,2022-04-22,0,0,0,,False,0.0,0.0,0.0,0.0,0.0,0.0,10979522.924000002,False,0.0,-0.03061353174675263,-346736.8120000027
2022-04-26,2022-04-25,0,0,0,,False,0.0,0.0,0.0,0.0,0.0,0.0,10979522.924000002,False,0.0,-0.03061353174675263,-346736.8120000027
2022-04-27,2022-04-26,0,0,0,,False,0.0,0.0,0.0,0.0,0.0,0.0,10979522.924000002,False,0.0,-0.03061353174675263,-346736.8120000027
2022-04-28,2022-04-27,0,0,0,,False,0.0,0.0,0.0,0.0,0.0,0.0,10979522.924000002,False,0.0,-0.03061353174675263,-346736.8120000027
2022-04-29,2022-04-28,0,0,0,,False,0.0,0.0,0.0,0.0,0.0,0.0,10979522.924000002,False,0.0,-0.03061353174675263,-346736.8120000027
2022-05-03,2022-04-29,0,0,0,,False,0.0,0.0,0.0,0.0,0.0,0.0,10979522.924000002,False,0.0,-0.03061353174675263,-346736.8120000027
2022-05-04,2022-05-03,0,0,0,,False,0.0,0.0,0.0,0.0,0.0,0.0,10979522.924000002,False,0.0,-0.03061353174675263,-346736.8120000027
2022-05-05,2022-05-04,0,0,0,,False,0.0,0.0,0.0,0.0,0.0,0.0,10979522.924000002,False,0.0,-0.03061353174675263,-346736.8120000027
2022-05-06,2022-05-05,0,0,0,,False,0.0,0.0,0.0,0.0,0.0,0.0,10979522.924000002,False,0.0,-0.03061353174675263,-346736.8120000027
2022-05-09,2022-05-06,0,0,0,,False,0.0,0.0,0.0,0.0,0.0,0.0,10979522.924000002,False,0.0,-0.03061353174675263,-346736.8120000027
2022-05-10,2022-05-09,0,0,0,,False,0.0,0.0,0.0,0.0,0.0,0.0,10979522.924000002,False,0.0,-0.03061353174675263,-346736.8120000027
2022-05-11,2022-05-10,0,0,0,,False,0.0,0.0,0.0,0.0,0.0,0.0,10979522.924000002,False,0.0,-0.03061353174675263,-346736.8120000027
2022-05-12,2022-05-11,0,0,0,,False,0.0,0.0,0.0,0.0,0.0,0.0,10979522.924000002,False,0.0,-0.03061353174675263,-346736.8120000027
2022-05-13,2022-05-12,0,0,0,,False,0.0,0.0,0.0,0.0,0.0,0.0,10979522.924000002,False,0.0,-0.03061353174675263,-346736.8120000027
2022-05-16,2022-05-13,0,0,0,,False,0.0,0.0,0.0,0.0,0.0,0.0,10979522.924000002,False,0.0,-0.03061353174675263,-346736.8120000027
2022-05-17,2022-05-16,0,0,0,,False,0.0,0.0,0.0,0.0,0.0,0.0,10979522.924000002,False,0.0,-0.03061353174675263,-346736.8120000027
2022-05-18,2022-05-17,0,0,0,,False,0.0,0.0,0.0,0.0,0.0,0.0,10979522.924000002,False,0.0,-0.03061353174675263,-346736.8120000027
2022-05-19,2022-05-18,0,0,0,,False,0.0,0.0,0.0,0.0,0.0,0.0,10979522.924000002,False,0.0,-0.03061353174675263,-346736.8120000027
2022-05-20,2022-05-19,0,0,0,,False,0.0,0.0,0.0,0.0,0.0,0.0,10979522.924000002,False,0.0,-0.03061353174675263,-346736.8120000027
2022-05-23,2022-05-20,0,0,0,,False,0.0,0.0,0.0,0.0,0.0,0.0,10979522.924000002,False,0.0,-0.03061353174675263,-346736.8120000027
2022-05-24,2022-05-23,0,0,0,,False,0.0,0.0,0.0,0.0,0.0,0.0,10979522.924000002,False,0.0,-0.03061353174675263,-346736.8120000027
2022-05-25,2022-05-24,0,0,0,,False,0.0,0.0,0.0,0.0,0.0,0.0,10979522.924000002,False,0.0,-0.03061353174675263,-346736.8120000027
2022-05-26,2022-05-25,0,0,0,,False,0.0,0.0,0.0,0.0,0.0,0.0,10979522.924000002,False,0.0,-0.03061353174675263,-346736.8120000027
2022-05-27,2022-05-26,0,0,0,,False,0.0,0.0,0.0,0.0,0.0,0.0,10979522.924000002,False,0.0,-0.03061353174675263,-346736.8120000027
2022-05-30,2022-05-27,1,0,1,TX202206,False,32000.0,50.0,65.604,200.0,315.604,31684.396,11011207.320000002,False,0.0028857716514022183,-0.027816103757414612,-315052.416000003
2022-05-31,2022-05-30,1,1,1,TX202206,False,24400.0,0.0,0.0,0.0,0.0,24400.0,11035607.320000002,False,0.0022159241299254725,-0.0256618180030056,-290652.416000003
2022-06-01,2022-05-31,1,1,1,TX202206,False,-14400.0,0.0,0.0,0.0,0.0,-14400.0,11021207.320000002,False,-0.001304867016598412,-0.026933199759705984,-305052.416000003
2022-06-02,2022-06-01,1,1,1,TX202206,False,-15600.0,0.0,0.0,0.0,0.0,-15600.0,11005607.320000002,False,-0.0014154529124673063,-0.028310529996131373,-320652.416000003
2022-06-06,2022-06-02,1,1,1,TX202206,False,13600.0,0.0,0.0,0.0,0.0,13600.0,11019207.320000002,False,0.0012357337132395522,-0.02710978055924773,-307052.416000003
2022-06-07,2022-06-06,1,1,1,TX202206,False,-27600.0,0.0,0.0,0.0,0.0,-27600.0,10991607.320000002,False,-0.002504717371993324,-0.029546595592923386,-334652.416000003
2022-06-08,2022-06-07,1,1,1,TX202206,False,36400.0,0.0,0.0,0.0,0.0,36400.0,11028007.320000002,False,0.0033116175769641663,-0.02633282504126422,-298252.416000003
2022-06-09,2022-06-08,1,1,1,TX202206,False,-12400.0,0.0,0.0,0.0,0.0,-12400.0,11015607.320000002,False,-0.0011244098448784851,-0.027427625998422744,-310652.416000003
2022-06-10,2022-06-09,1,1,1,TX202206,False,-22200.0,0.0,0.0,0.0,0.0,-22200.0,10993407.320000002,False,-0.0020153223835143023,-0.02938767287333577,-332852.416000003
2022-06-13,2022-06-10,1,1,1,TX202206,False,-83600.0,0.0,0.0,0.0,0.0,-83600.0,10909807.320000002,False,-0.007604557674116998,-0.036768750294179475,-416452.416000003
2022-06-14,2022-06-13,0,1,0,,False,-20600.0,50.0,63.79600000000001,200.0,313.796,-20913.796,10888893.524000002,False,-0.0019169720771933848,-0.03861523770374564,-437366.2120000031
2022-06-15,2022-06-14,0,0,0,,False,0.0,0.0,0.0,0.0,0.0,0.0,10888893.524000002,False,0.0,-0.03861523770374564,-437366.2120000031
2022-06-16,2022-06-15,0,0,0,,False,0.0,0.0,0.0,0.0,0.0,0.0,10888893.524000002,False,0.0,-0.03861523770374564,-437366.2120000031
2022-06-17,2022-06-16,0,0,0,,False,0.0,0.0,0.0,0.0,0.0,0.0,10888893.524000002,False,0.0,-0.03861523770374564,-437366.2120000031
2022-06-20,2022-06-17,0,0,0,,False,0.0,0.0,0.0,0.0,0.0,0.0,10888893.524000002,False,0.0,-0.03861523770374564,-437366.2120000031
2022-06-21,2022-06-20,0,0,0,,False,0.0,0.0,0.0,0.0,0.0,0.0,10888893.524000002,False,0.0,-0.03861523770374564,-437366.2120000031
2022-06-22,2022-06-21,0,0,0,,False,0.0,0.0,0.0,0.0,0.0,0.0,10888893.524000002,False,0.0,-0.03861523770374564,-437366.2120000031
2022-06-23,2022-06-22,0,0,0,,False,0.0,0.0,0.0,0.0,0.0,0.0,10888893.524000002,False,0.0,-0.03861523770374564,-437366.2120000031
2022-06-24,2022-06-23,0,0,0,,False,0.0,0.0,0.0,0.0,0.0,0.0,10888893.524000002,False,0.0,-0.03861523770374564,-437366.2120000031
2022-06-27,2022-06-24,0,0,0,,False,0.0,0.0,0.0,0.0,0.0,0.0,10888893.524000002,False,0.0,-0.03861523770374564,-437366.2120000031
2022-06-28,2022-06-27,0,0,0,,False,0.0,0.0,0.0,0.0,0.0,0.0,10888893.524000002,False,0.0,-0.03861523770374564,-437366.2120000031
2022-06-29,2022-06-28,0,0,0,,False,0.0,0.0,0.0,0.0,0.0,0.0,10888893.524000002,False,0.0,-0.03861523770374564,-437366.2120000031
2022-06-30,2022-06-29,0,0,0,,False,0.0,0.0,0.0,0.0,0.0,0.0,10888893.524000002,False,0.0,-0.03861523770374564,-437366.2120000031
2022-07-01,2022-06-30,0,0,0,,False,0.0,0.0,0.0,0.0,0.0,0.0,10888893.524000002,False,0.0,-0.03861523770374564,-437366.2120000031
2022-07-04,2022-07-01,0,0,0,,False,0.0,0.0,0.0,0.0,0.0,0.0,10888893.524000002,False,0.0,-0.03861523770374564,-437366.2120000031
2022-07-05,2022-07-04,0,0,0,,False,0.0,0.0,0.0,0.0,0.0,0.0,10888893.524000002,False,0.0,-0.03861523770374564,-437366.2120000031
2022-07-06,2022-07-05,0,0,0,,False,0.0,0.0,0.0,0.0,0.0,0.0,10888893.524000002,False,0.0,-0.03861523770374564,-437366.2120000031
2022-07-07,2022-07-06,0,0,0,,False,0.0,0.0,0.0,0.0,0.0,0.0,10888893.524000002,False,0.0,-0.03861523770374564,-437366.2120000031
2022-07-08,2022-07-07,0,0,0,,False,0.0,0.0,0.0,0.0,0.0,0.0,10888893.524000002,False,0.0,-0.03861523770374564,-437366.2120000031
2022-07-11,2022-07-08,0,0,0,,False,0.0,0.0,0.0,0.0,0.0,0.0,10888893.524000002,False,0.0,-0.03861523770374564,-437366.2120000031
2022-07-12,2022-07-11,0,0,0,,False,0.0,0.0,0.0,0.0,0.0,0.0,10888893.524000002,False,0.0,-0.03861523770374564,-437366.2120000031
2022-07-13,2022-07-12,0,0,0,,False,0.0,0.0,0.0,0.0,0.0,0.0,10888893.524000002,False,0.0,-0.03861523770374564,-437366.2120000031
2022-07-14,2022-07-13,0,0,0,,False,0.0,0.0,0.0,0.0,0.0,0.0,10888893.524000002,False,0.0,-0.03861523770374564,-437366.2120000031
2022-07-15,2022-07-14,0,0,0,,False,0.0,0.0,0.0,0.0,0.0,0.0,10888893.524000002,False,0.0,-0.03861523770374564,-437366.2120000031
2022-07-18,2022-07-15,0,0,0,,False,0.0,0.0,0.0,0.0,0.0,0.0,10888893.524000002,False,0.0,-0.03861523770374564,-437366.2120000031
2022-07-19,2022-07-18,1,0,1,TX202208,True,23200.0,150.0,175.07600000000002,600.0,925.076,22274.924,10911168.448000003,False,0.0020456554149330475,-0.03664857575892011,-415091.2880000025
2022-07-20,2022-07-19,1,1,1,TX202208,False,17600.0,0.0,0.0,0.0,0.0,17600.0,10928768.448000003,False,0.0016130261469133535,-0.03509466472295297,-397491.2880000025
2022-07-21,2022-07-20,1,1,1,TX202208,False,26400.0,0.0,0.0,0.0,0.0,26400.0,10955168.448000003,False,0.0024156427254922105,-0.032763798169002434,-371091.2880000025
2022-07-22,2022-07-21,1,1,1,TX202208,False,600.0,0.0,0.0,0.0,0.0,600.0,10955768.448000003,False,5.4768669495861305e-05,-0.03271082392913993,-370491.2880000025
2022-07-25,2022-07-22,1,1,1,TX202208,False,8600.0,0.0,0.0,0.0,0.0,8600.0,10964368.448000003,False,0.0007849746040926911,-0.03195152649111055,-361891.2880000025
2022-07-26,2022-07-25,1,1,1,TX202208,False,-17800.0,0.0,0.0,0.0,0.0,-17800.0,10946568.448000003,False,-0.0016234405186599577,-0.033523095607031816,-379691.2880000025
2022-07-27,2022-07-26,1,1,1,TX202208,False,17800.0,0.0,0.0,0.0,0.0,17800.0,10964368.448000003,False,0.0016260803634085125,-0.03195152649111055,-361891.2880000025
2022-07-28,2022-07-27,1,1,1,TX202208,False,7400.0,0.0,0.0,0.0,0.0,7400.0,10971768.448000003,False,0.0006749134740496453,-0.03129817753280617,-354491.2880000025
2022-07-29,2022-07-28,1,1,1,TX202208,False,21400.0,0.0,0.0,0.0,0.0,21400.0,10993168.448000003,False,0.0019504604113205575,-0.02940876297770978,-333091.2880000025
2022-08-01,2022-07-29,1,1,1,TX202208,False,-13600.0,0.0,0.0,0.0,0.0,-13600.0,10979568.448000003,False,-0.0012371319573907067,-0.03060951241459353,-346691.2880000025
2022-08-02,2022-08-01,1,1,1,TX202208,False,-45400.0,0.0,0.0,0.0,0.0,-45400.0,10934168.448000003,False,-0.004134953046198268,-0.03461789656419034,-392091.2880000025
2022-08-03,2022-08-02,1,1,1,TX202208,False,5200.0,0.0,0.0,0.0,0.0,5200.0,10939368.448000003,False,0.00047557343063899345,-0.03415878648538195,-386891.2880000025
2022-08-04,2022-08-03,1,1,1,TX202208,False,-2200.0,0.0,0.0,0.0,0.0,-2200.0,10937168.448000003,False,-0.00020110850187171606,-0.03435302536487783,-389091.2880000025
2022-08-05,2022-08-04,1,1,1,TX202208,False,70200.0,0.0,0.0,0.0,0.0,70200.0,11007368.448000003,False,0.006418480279769024,-0.028155039300963636,-318891.2880000025
2022-08-08,2022-08-05,1,1,1,TX202208,False,-9600.0,0.0,0.0,0.0,0.0,-9600.0,10997768.448000003,False,-0.0008721430599285775,-0.029002627138763892,-328491.2880000025
2022-08-09,2022-08-08,1,1,1,TX202208,False,11000.0,0.0,0.0,0.0,0.0,11000.0,11008768.448000003,False,0.00100020290952756,-0.0280314327412845,-317491.2880000025
2022-08-10,2022-08-09,1,1,1,TX202208,False,-28000.0,0.0,0.0,0.0,0.0,-28000.0,10980768.448000003,False,-0.002543427099248949,-0.030503563934868416,-345491.2880000025
2022-08-11,2022-08-10,0,1,0,,False,47800.0,50.0,60.456,200.0,310.456,47489.544,11028257.992000002,False,0.004324792406368388,-0.026310693110172756,-298001.74400000274
2022-08-12,2022-08-11,1,0,1,TX202208,False,8600.0,50.0,60.92,200.0,310.92,8289.08,11036547.072000002,False,0.0007516218795400845,-0.025578846923240195,-289712.66400000267
2022-08-15,2022-08-12,1,1,1,TX202208,False,23000.0,0.0,0.0,0.0,0.0,23000.0,11059547.072000002,False,0.0020839851313959943,-0.023548167728510427,-266712.66400000267
2022-08-16,2022-08-15,1,1,1,TX202209,True,7000.0,100.0,123.15200000000002,400.0,623.152,6376.848,11065923.920000002,False,0.0005765921478054539,-0.022985153269312497,-260335.81600000337
2022-08-17,2022-08-16,1,1,1,TX202209,False,2600.0,0.0,0.0,0.0,0.0,2600.0,11068523.920000002,False,0.00023495552823211526,-0.022755598229908247,-257735.81600000337
2022-08-18,2022-08-17,1,1,1,TX202209,False,-12800.0,0.0,0.0,0.0,0.0,-12800.0,11055723.920000002,False,-0.0011564324287967026,-0.023885715346975256,-270535.81600000337
2022-08-19,2022-08-18,1,1,1,TX202209,False,7600.0,0.0,0.0,0.0,0.0,7600.0,11063323.920000002,False,0.0006874267171461712,-0.023214708308716747,-262935.81600000337
2022-08-22,2022-08-19,1,1,1,TX202209,False,-35600.0,0.0,0.0,0.0,0.0,-35600.0,11027723.920000002,False,-0.003217839435727196,-0.026357846540559282,-298535.81600000337
2022-08-23,2022-08-22,0,1,0,,False,-23200.0,50.0,60.232000000000006,200.0,310.23199999999997,-23510.232,11004213.688000001,False,-0.0021319206184842537,-0.028433574322544897,-322046.04800000414
2022-08-24,2022-08-23,0,0,0,,False,0.0,0.0,0.0,0.0,0.0,0.0,11004213.688000001,False,0.0,-0.028433574322544897,-322046.04800000414
2022-08-25,2022-08-24,0,0,0,,False,0.0,0.0,0.0,0.0,0.0,0.0,11004213.688000001,False,0.0,-0.028433574322544897,-322046.04800000414
2022-08-26,2022-08-25,0,0,0,,False,0.0,0.0,0.0,0.0,0.0,0.0,11004213.688000001,False,0.0,-0.028433574322544897,-322046.04800000414
2022-08-29,2022-08-26,0,0,0,,False,0.0,0.0,0.0,0.0,0.0,0.0,11004213.688000001,False,0.0,-0.028433574322544897,-322046.04800000414
2022-08-30,2022-08-29,0,0,0,,False,0.0,0.0,0.0,0.0,0.0,0.0,11004213.688000001,False,0.0,-0.028433574322544897,-322046.04800000414
2022-08-31,2022-08-30,0,0,0,,False,0.0,0.0,0.0,0.0,0.0,0.0,11004213.688000001,False,0.0,-0.028433574322544897,-322046.04800000414
2022-09-01,2022-08-31,0,0,0,,False,0.0,0.0,0.0,0.0,0.0,0.0,11004213.688000001,False,0.0,-0.028433574322544897,-322046.04800000414
2022-09-02,2022-09-01,0,0,0,,False,0.0,0.0,0.0,0.0,0.0,0.0,11004213.688000001,False,0.0,-0.028433574322544897,-322046.04800000414
2022-09-05,2022-09-02,0,0,0,,False,0.0,0.0,0.0,0.0,0.0,0.0,11004213.688000001,False,0.0,-0.028433574322544897,-322046.04800000414
2022-09-06,2022-09-05,0,0,0,,False,0.0,0.0,0.0,0.0,0.0,0.0,11004213.688000001,False,0.0,-0.028433574322544897,-322046.04800000414
2022-09-07,2022-09-06,0,0,0,,False,0.0,0.0,0.0,0.0,0.0,0.0,11004213.688000001,False,0.0,-0.028433574322544897,-322046.04800000414
2022-09-08,2022-09-07,0,0,0,,False,0.0,0.0,0.0,0.0,0.0,0.0,11004213.688000001,False,0.0,-0.028433574322544897,-322046.04800000414
2022-09-12,2022-09-08,0,0,0,,False,0.0,0.0,0.0,0.0,0.0,0.0,11004213.688000001,False,0.0,-0.028433574322544897,-322046.04800000414
2022-09-13,2022-09-12,0,0,0,,False,0.0,0.0,0.0,0.0,0.0,0.0,11004213.688000001,False,0.0,-0.028433574322544897,-322046.04800000414
2022-09-14,2022-09-13,0,0,0,,False,0.0,0.0,0.0,0.0,0.0,0.0,11004213.688000001,False,0.0,-0.028433574322544897,-322046.04800000414
2022-09-15,2022-09-14,0,0,0,,False,0.0,0.0,0.0,0.0,0.0,0.0,11004213.688000001,False,0.0,-0.028433574322544897,-322046.04800000414
2022-09-16,2022-09-15,0,0,0,,False,0.0,0.0,0.0,0.0,0.0,0.0,11004213.688000001,False,0.0,-0.028433574322544897,-322046.04800000414
2022-09-19,2022-09-16,0,0,0,,False,0.0,0.0,0.0,0.0,0.0,0.0,11004213.688000001,False,0.0,-0.028433574322544897,-322046.04800000414
2022-09-20,2022-09-19,0,0,0,,False,0.0,0.0,0.0,0.0,0.0,0.0,11004213.688000001,False,0.0,-0.028433574322544897,-322046.04800000414
2022-09-21,2022-09-20,0,0,0,,False,0.0,0.0,0.0,0.0,0.0,0.0,11004213.688000001,False,0.0,-0.028433574322544897,-322046.04800000414
2022-09-22,2022-09-21,0,0,0,,False,0.0,0.0,0.0,0.0,0.0,0.0,11004213.688000001,False,0.0,-0.028433574322544897,-322046.04800000414
2022-09-23,2022-09-22,0,0,0,,False,0.0,0.0,0.0,0.0,0.0,0.0,11004213.688000001,False,0.0,-0.028433574322544897,-322046.04800000414
2022-09-26,2022-09-23,0,0,0,,False,0.0,0.0,0.0,0.0,0.0,0.0,11004213.688000001,False,0.0,-0.028433574322544897,-322046.04800000414
2022-09-27,2022-09-26,0,0,0,,False,0.0,0.0,0.0,0.0,0.0,0.0,11004213.688000001,False,0.0,-0.028433574322544897,-322046.04800000414
2022-09-28,2022-09-27,0,0,0,,False,0.0,0.0,0.0,0.0,0.0,0.0,11004213.688000001,False,0.0,-0.028433574322544897,-322046.04800000414
2022-09-29,2022-09-28,0,0,0,,False,0.0,0.0,0.0,0.0,0.0,0.0,11004213.688000001,False,0.0,-0.028433574322544897,-322046.04800000414
2022-09-30,2022-09-29,0,0,0,,False,0.0,0.0,0.0,0.0,0.0,0.0,11004213.688000001,False,0.0,-0.028433574322544897,-322046.04800000414
2022-10-03,2022-09-30,0,0,0,,False,0.0,0.0,0.0,0.0,0.0,0.0,11004213.688000001,False,0.0,-0.028433574322544897,-322046.04800000414
2022-10-04,2022-10-03,0,0,0,,False,0.0,0.0,0.0,0.0,0.0,0.0,11004213.688000001,False,0.0,-0.028433574322544897,-322046.04800000414
2022-10-05,2022-10-04,0,0,0,,False,0.0,0.0,0.0,0.0,0.0,0.0,11004213.688000001,False,0.0,-0.028433574322544897,-322046.04800000414
2022-10-06,2022-10-05,0,0,0,,False,0.0,0.0,0.0,0.0,0.0,0.0,11004213.688000001,False,0.0,-0.028433574322544897,-322046.04800000414
2022-10-07,2022-10-06,0,0,0,,False,0.0,0.0,0.0,0.0,0.0,0.0,11004213.688000001,False,0.0,-0.028433574322544897,-322046.04800000414
2022-10-11,2022-10-07,0,0,0,,False,0.0,0.0,0.0,0.0,0.0,0.0,11004213.688000001,False,0.0,-0.028433574322544897,-322046.04800000414
2022-10-12,2022-10-11,0,0,0,,False,0.0,0.0,0.0,0.0,0.0,0.0,11004213.688000001,False,0.0,-0.028433574322544897,-322046.04800000414
2022-10-13,2022-10-12,0,0,0,,False,0.0,0.0,0.0,0.0,0.0,0.0,11004213.688000001,False,0.0,-0.028433574322544897,-322046.04800000414
2022-10-14,2022-10-13,0,0,0,,False,0.0,0.0,0.0,0.0,0.0,0.0,11004213.688000001,False,0.0,-0.028433574322544897,-322046.04800000414
2022-10-17,2022-10-14,0,0,0,,False,0.0,0.0,0.0,0.0,0.0,0.0,11004213.688000001,False,0.0,-0.028433574322544897,-322046.04800000414
2022-10-18,2022-10-17,0,0,0,,False,0.0,0.0,0.0,0.0,0.0,0.0,11004213.688000001,False,0.0,-0.028433574322544897,-322046.04800000414
2022-10-19,2022-10-18,0,0,0,,False,0.0,0.0,0.0,0.0,0.0,0.0,11004213.688000001,False,0.0,-0.028433574322544897,-322046.04800000414
2022-10-20,2022-10-19,0,0,0,,False,0.0,0.0,0.0,0.0,0.0,0.0,11004213.688000001,False,0.0,-0.028433574322544897,-322046.04800000414
2022-10-21,2022-10-20,0,0,0,,False,0.0,0.0,0.0,0.0,0.0,0.0,11004213.688000001,False,0.0,-0.028433574322544897,-322046.04800000414
2022-10-24,2022-10-21,0,0,0,,False,0.0,0.0,0.0,0.0,0.0,0.0,11004213.688000001,False,0.0,-0.028433574322544897,-322046.04800000414
2022-10-25,2022-10-24,0,0,0,,False,0.0,0.0,0.0,0.0,0.0,0.0,11004213.688000001,False,0.0,-0.028433574322544897,-322046.04800000414
2022-10-26,2022-10-25,0,0,0,,False,0.0,0.0,0.0,0.0,0.0,0.0,11004213.688000001,False,0.0,-0.028433574322544897,-322046.04800000414
2022-10-27,2022-10-26,0,0,0,,False,0.0,0.0,0.0,0.0,0.0,0.0,11004213.688000001,False,0.0,-0.028433574322544897,-322046.04800000414
2022-10-28,2022-10-27,0,0,0,,False,0.0,0.0,0.0,0.0,0.0,0.0,11004213.688000001,False,0.0,-0.028433574322544897,-322046.04800000414
2022-10-31,2022-10-28,0,0,0,,False,0.0,0.0,0.0,0.0,0.0,0.0,11004213.688000001,False,0.0,-0.028433574322544897,-322046.04800000414
2022-11-01,2022-10-31,0,0,0,,False,0.0,0.0,0.0,0.0,0.0,0.0,11004213.688000001,False,0.0,-0.028433574322544897,-322046.04800000414
2022-11-02,2022-11-01,0,0,0,,False,0.0,0.0,0.0,0.0,0.0,0.0,11004213.688000001,False,0.0,-0.028433574322544897,-322046.04800000414
2022-11-03,2022-11-02,1,0,1,TX202211,False,15000.0,50.0,51.536,200.0,301.536,14698.464,11018912.152,False,0.0013357123386315687,-0.02713584105996736,-307347.58400000446
2022-11-04,2022-11-03,0,1,0,,False,-15600.0,50.0,51.516000000000005,200.0,301.516,-15901.516,11003010.636,False,-0.00144311124189458,-0.028539792264570152,-323249.1000000052
2022-11-07,2022-11-04,0,0,0,,False,0.0,0.0,0.0,0.0,0.0,0.0,11003010.636,False,0.0,-0.028539792264570152,-323249.1000000052
2022-11-08,2022-11-07,0,0,0,,False,0.0,0.0,0.0,0.0,0.0,0.0,11003010.636,False,0.0,-0.028539792264570152,-323249.1000000052
2022-11-09,2022-11-08,0,0,0,,False,0.0,0.0,0.0,0.0,0.0,0.0,11003010.636,False,0.0,-0.028539792264570152,-323249.1000000052
2022-11-10,2022-11-09,1,0,1,TX202211,False,-13200.0,50.0,54.176,200.0,304.176,-13504.176,10989506.459999999,False,-0.0012273164542635818,-0.02973208136218619,-336753.2760000061
2022-11-11,2022-11-10,0,1,0,,False,97600.0,50.0,55.856,200.0,305.856,97294.144,11086800.603999998,False,0.008853367924586488,-0.021141942493063004,-239459.13200000674
2022-11-14,2022-11-11,0,0,0,,False,0.0,0.0,0.0,0.0,0.0,0.0,11086800.603999998,False,0.0,-0.021141942493063004,-239459.13200000674
2022-11-15,2022-11-14,0,0,0,,False,0.0,0.0,0.0,0.0,0.0,0.0,11086800.603999998,False,0.0,-0.021141942493063004,-239459.13200000674
2022-11-16,2022-11-15,0,0,0,,False,0.0,0.0,0.0,0.0,0.0,0.0,11086800.603999998,False,0.0,-0.021141942493063004,-239459.13200000674
2022-11-17,2022-11-16,0,0,0,,False,0.0,0.0,0.0,0.0,0.0,0.0,11086800.603999998,False,0.0,-0.021141942493063004,-239459.13200000674
2022-11-18,2022-11-17,0,0,0,,False,0.0,0.0,0.0,0.0,0.0,0.0,11086800.603999998,False,0.0,-0.021141942493063004,-239459.13200000674
2022-11-21,2022-11-18,0,0,0,,False,0.0,0.0,0.0,0.0,0.0,0.0,11086800.603999998,False,0.0,-0.021141942493063004,-239459.13200000674
2022-11-22,2022-11-21,0,0,0,,False,0.0,0.0,0.0,0.0,0.0,0.0,11086800.603999998,False,0.0,-0.021141942493063004,-239459.13200000674
2022-11-23,2022-11-22,0,0,0,,False,0.0,0.0,0.0,0.0,0.0,0.0,11086800.603999998,False,0.0,-0.021141942493063004,-239459.13200000674
2022-11-24,2022-11-23,0,0,0,,False,0.0,0.0,0.0,0.0,0.0,0.0,11086800.603999998,False,0.0,-0.021141942493063004,-239459.13200000674
2022-11-25,2022-11-24,0,0,0,,False,0.0,0.0,0.0,0.0,0.0,0.0,11086800.603999998,False,0.0,-0.021141942493063004,-239459.13200000674
2022-11-28,2022-11-25,0,0,0,,False,0.0,0.0,0.0,0.0,0.0,0.0,11086800.603999998,False,0.0,-0.021141942493063004,-239459.13200000674
2022-11-29,2022-11-28,0,0,0,,False,0.0,0.0,0.0,0.0,0.0,0.0,11086800.603999998,False,0.0,-0.021141942493063004,-239459.13200000674
2022-11-30,2022-11-29,1,0,1,TX202212,False,32000.0,50.0,58.56400000000001,200.0,308.564,31691.436,11118492.04,False,0.0028584834463935495,-0.01834389293931038,-207767.69600000605
2022-12-01,2022-11-30,1,1,1,TX202212,False,35400.0,0.0,0.0,0.0,0.0,35400.0,11153892.04,False,0.0031838849974119335,-0.015218412787422086,-172367.69600000605
2022-12-02,2022-12-01,0,1,0,,False,-23400.0,50.0,59.43600000000001,200.0,309.43600000000004,-23709.436,11130182.603999998,False,-0.00212566482757529,-0.01731172837020367,-196077.13200000674
2022-12-05,2022-12-02,0,0,0,,False,0.0,0.0,0.0,0.0,0.0,0.0,11130182.603999998,False,0.0,-0.01731172837020367,-196077.13200000674
2022-12-06,2022-12-05,0,0,0,,False,0.0,0.0,0.0,0.0,0.0,0.0,11130182.603999998,False,0.0,-0.01731172837020367,-196077.13200000674
2022-12-07,2022-12-06,0,0,0,,False,0.0,0.0,0.0,0.0,0.0,0.0,11130182.603999998,False,0.0,-0.01731172837020367,-196077.13200000674
2022-12-08,2022-12-07,0,0,0,,False,0.0,0.0,0.0,0.0,0.0,0.0,11130182.603999998,False,0.0,-0.01731172837020367,-196077.13200000674
2022-12-09,2022-12-08,0,0,0,,False,0.0,0.0,0.0,0.0,0.0,0.0,11130182.603999998,False,0.0,-0.01731172837020367,-196077.13200000674
2022-12-12,2022-12-09,0,0,0,,False,0.0,0.0,0.0,0.0,0.0,0.0,11130182.603999998,False,0.0,-0.01731172837020367,-196077.13200000674
2022-12-13,2022-12-12,0,0,0,,False,0.0,0.0,0.0,0.0,0.0,0.0,11130182.603999998,False,0.0,-0.01731172837020367,-196077.13200000674
2022-12-14,2022-12-13,0,0,0,,False,0.0,0.0,0.0,0.0,0.0,0.0,11130182.603999998,False,0.0,-0.01731172837020367,-196077.13200000674
2022-12-15,2022-12-14,0,0,0,,False,0.0,0.0,0.0,0.0,0.0,0.0,11130182.603999998,False,0.0,-0.01731172837020367,-196077.13200000674
2022-12-16,2022-12-15,1,0,1,TX202212,False,4200.0,50.0,57.764,200.0,307.764,3892.236,11134074.839999998,False,0.00034970100118583827,-0.016968081297761173,-192184.89600000717
2022-12-19,2022-12-16,0,1,0,,False,-11200.0,50.0,57.61600000000001,200.0,307.616,-11507.616,11122567.223999998,False,-0.001033549366729423,-0.017984093314810767,-203692.51200000755
2022-12-20,2022-12-19,0,0,0,,False,0.0,0.0,0.0,0.0,0.0,0.0,11122567.223999998,False,0.0,-0.017984093314810767,-203692.51200000755
2022-12-21,2022-12-20,0,0,0,,False,0.0,0.0,0.0,0.0,0.0,0.0,11122567.223999998,False,0.0,-0.017984093314810767,-203692.51200000755
2022-12-22,2022-12-21,0,0,0,,False,0.0,0.0,0.0,0.0,0.0,0.0,11122567.223999998,False,0.0,-0.017984093314810767,-203692.51200000755
2022-12-23,2022-12-22,0,0,0,,False,0.0,0.0,0.0,0.0,0.0,0.0,11122567.223999998,False,0.0,-0.017984093314810767,-203692.51200000755
2022-12-26,2022-12-23,0,0,0,,False,0.0,0.0,0.0,0.0,0.0,0.0,11122567.223999998,False,0.0,-0.017984093314810767,-203692.51200000755
2022-12-27,2022-12-26,0,0,0,,False,0.0,0.0,0.0,0.0,0.0,0.0,11122567.223999998,False,0.0,-0.017984093314810767,-203692.51200000755
2022-12-28,2022-12-27,0,0,0,,False,0.0,0.0,0.0,0.0,0.0,0.0,11122567.223999998,False,0.0,-0.017984093314810767,-203692.51200000755
2022-12-29,2022-12-28,0,0,0,,False,0.0,0.0,0.0,0.0,0.0,0.0,11122567.223999998,False,0.0,-0.017984093314810767,-203692.51200000755
2022-12-30,2022-12-29,0,0,0,,False,0.0,0.0,0.0,0.0,0.0,0.0,11122567.223999998,False,0.0,-0.017984093314810767,-203692.51200000755
2023-01-03,2022-12-30,0,0,0,,False,0.0,0.0,0.0,0.0,0.0,0.0,11122567.223999998,False,0.0,-0.017984093314810767,-203692.51200000755
2023-01-04,2023-01-03,0,0,0,,False,0.0,0.0,0.0,0.0,0.0,0.0,11122567.223999998,False,0.0,-0.017984093314810767,-203692.51200000755
2023-01-05,2023-01-04,0,0,0,,False,0.0,0.0,0.0,0.0,0.0,0.0,11122567.223999998,False,0.0,-0.017984093314810767,-203692.51200000755
2023-01-06,2023-01-05,0,0,0,,False,0.0,0.0,0.0,0.0,0.0,0.0,11122567.223999998,False,0.0,-0.017984093314810767,-203692.51200000755
2023-01-09,2023-01-06,1,0,1,TX202301,False,30200.0,50.0,58.476000000000006,200.0,308.476,29891.524,11152458.747999998,False,0.0026874662474955257,-0.01534495871109054,-173800.98800000735
2023-01-10,2023-01-09,1,1,1,TX202301,False,7800.0,0.0,0.0,0.0,0.0,7800.0,11160258.747999998,False,0.0006993973415412809,-0.0146562935928779,-166000.98800000735
2023-01-11,2023-01-10,1,1,1,TX202301,False,-3200.0,0.0,0.0,0.0,0.0,-3200.0,11157058.747999998,False,-0.000286731703292584,-0.014938822872144653,-169200.98800000735
2023-01-12,2023-01-11,1,1,1,TX202301,False,-4800.0,0.0,0.0,0.0,0.0,-4800.0,11152258.747999998,False,-0.0004302209129140279,-0.01536261679104467,-174000.98800000735
2023-01-13,2023-01-12,1,1,1,TX202301,False,13000.0,0.0,0.0,0.0,0.0,13000.0,11165258.747999998,False,0.0011656831404069931,-0.01421484159402353,-161000.98800000735
2023-01-16,2023-01-13,1,1,1,TX202301,False,20600.0,0.0,0.0,0.0,0.0,20600.0,11185858.747999998,False,0.001845008742290905,-0.012396059358743883,-140400.98800000735
2023-01-17,2023-01-16,1,1,1,TX202302,True,-2200.0,100.0,119.34,400.0,619.34,-2819.34,11183039.407999998,False,-0.0002520450207279875,-0.012644980014433926,-143220.3280000072
2023-01-30,2023-01-17,1,1,1,TX202302,False,109600.0,0.0,0.0,0.0,0.0,109600.0,11292639.407999998,False,0.00980055564514917,-0.002968352199547941,-33620.3280000072
2023-01-31,2023-01-30,1,1,1,TX202302,False,-38000.0,0.0,0.0,0.0,0.0,-38000.0,11254639.407999998,False,-0.0033650237669928446,-0.006323387390840485,-71620.3280000072
2023-02-01,2023-01-31,0,1,0,,False,16400.0,50.0,61.39600000000001,200.0,311.396,16088.604,11270728.011999998,False,0.001429508615670435,-0.004902918111925447,-55531.724000006914
2023-02-02,2023-02-01,0,0,0,,False,0.0,0.0,0.0,0.0,0.0,0.0,11270728.011999998,False,0.0,-0.004902918111925447,-55531.724000006914
2023-02-03,2023-02-02,1,0,1,TX202302,False,-400.0,50.0,62.328,200.0,312.328,-712.328,11270015.683999998,False,-6.32015961383844e-05,-0.004965809835813406,-56244.05200000666
2023-02-06,2023-02-03,0,1,0,,False,-15000.0,50.0,62.01200000000001,200.0,312.012,-15312.012,11254703.671999998,False,-0.0013586504605968216,-0.006317713496589605,-71556.06400000677
2023-02-07,2023-02-06,0,0,0,,False,0.0,0.0,0.0,0.0,0.0,0.0,11254703.671999998,False,0.0,-0.006317713496589605,-71556.06400000677
2023-02-08,2023-02-07,0,0,0,,False,0.0,0.0,0.0,0.0,0.0,0.0,11254703.671999998,False,0.0,-0.006317713496589605,-71556.06400000677
2023-02-09,2023-02-08,1,0,1,TX202302,False,10400.0,50.0,62.2,200.0,312.2,10087.8,11264791.472,False,0.0008963185787909211,-0.005427057601781082,-61468.26400000602
2023-02-10,2023-02-09,0,1,0,,False,-1000.0,50.0,62.38,200.0,312.38,-1312.38,11263479.091999998,False,-0.00011650282237909857,-0.005542928156632487,-62780.64400000684
2023-02-13,2023-02-10,0,0,0,,False,0.0,0.0,0.0,0.0,0.0,0.0,11263479.091999998,False,0.0,-0.005542928156632487,-62780.64400000684
2023-02-14,2023-02-13,1,0,1,TX202303,True,5600.0,150.0,187.76000000000002,600.0,937.76,4662.24,11268141.331999999,False,0.00041392539213850926,-0.005131297123204703,-58118.404000006616
2023-02-15,2023-02-14,0,1,0,,False,-30000.0,50.0,61.976000000000006,200.0,311.976,-30311.976,11237829.355999999,False,-0.002690059975900203,-0.007807553602089401,-88430.38000000641
2023-02-16,2023-02-15,0,0,0,,False,0.0,0.0,0.0,0.0,0.0,0.0,11237829.355999999,False,0.0,-0.007807553602089401,-88430.38000000641
2023-02-17,2023-02-16,1,0,1,TX202303,False,1000.0,50.0,61.71600000000001,200.0,311.716,688.284,11238517.639999999,False,6.124705921366547e-05,-0.007746784732573508,-87742.09600000642
2023-02-20,2023-02-17,1,1,1,TX202303,False,17800.0,0.0,0.0,0.0,0.0,17800.0,11256317.639999999,False,0.001583838773954178,-0.006175215616652241,-69942.09600000642
2023-02-21,2023-02-20,1,1,1,TX202303,False,1200.0,0.0,0.0,0.0,0.0,1200.0,11257517.639999999,False,0.0001066067996993731,-0.006069267136927237,-68742.09600000642
2023-02-22,2023-02-21,1,1,1,TX202303,False,-30400.0,0.0,0.0,0.0,0.0,-30400.0,11227117.639999999,False,-0.0027004177094942577,-0.008753295289961271,-99142.09600000642
2023-02-23,2023-02-22,0,1,0,,False,11800.0,50.0,61.736000000000004,200.0,311.736,11488.264,11238605.904,False,0.0010232603209811917,-0.007738991868728062,-87653.83200000599
2023-02-24,2023-02-23,1,0,1,TX202303,False,-20000.0,50.0,62.572,200.0,312.572,-20312.572,11218293.331999999,False,-0.0018073924981007147,-0.009532396970982404,-107966.40400000662
2023-03-01,2023-02-24,1,1,1,TX202303,False,400.0,0.0,0.0,0.0,0.0,400.0,11218693.331999999,False,3.56560475076014e-05,-0.009497080811074032,-107566.40400000662
2023-03-02,2023-03-01,1,1,1,TX202303,False,-400.0,0.0,0.0,0.0,0.0,-400.0,11218293.331999999,False,-3.5654776199207374e-05,-0.009532396970982404,-107966.40400000662
2023-03-03,2023-03-02,1,1,1,TX202303,False,15400.0,0.0,0.0,0.0,0.0,15400.0,11233693.331999999,False,0.001372757829042654,-0.008172724814511256,-92566.40400000662
2023-03-06,2023-03-03,1,1,1,TX202303,False,31000.0,0.0,0.0,0.0,0.0,31000.0,11264693.331999999,False,0.002759555480448645,-0.005435722421614719,-61566.404000006616
2023-03-07,2023-03-06,1,1,1,TX202303,False,20000.0,0.0,0.0,0.0,0.0,20000.0,11284693.331999999,False,0.001775458897153047,-0.0036699144261975736,-41566.404000006616
2023-03-08,2023-03-07,1,1,1,TX202303,False,-17800.0,0.0,0.0,0.0,0.0,-17800.0,11266893.331999999,False,-0.0015773578843764013,-0.00524148354211873,-59366.404000006616
2023-03-09,2023-03-08,1,1,1,TX202303,False,-3600.0,0.0,0.0,0.0,0.0,-3600.0,11263293.331999999,False,-0.0003195201990397259,-0.005559328981293854,-62966.404000006616
2023-03-10,2023-03-09,1,1,1,TX202303,False,-56600.0,0.0,0.0,0.0,0.0,-56600.0,11206693.331999999,False,-0.005025173218138114,-0.010556565608324409,-119566.40400000662
2023-03-13,2023-03-10,0,1,0,,False,-6800.0,50.0,61.79600000000001,200.0,311.796,-7111.796,11199581.535999998,False,-0.0006346025352271146,-0.011184468920253154,-126678.2000000067
2023-03-14,2023-03-13,0,0,0,,False,0.0,0.0,0.0,0.0,0.0,0.0,11199581.535999998,False,0.0,-0.011184468920253154,-126678.2000000067
2023-03-15,2023-03-14,0,0,0,,False,0.0,0.0,0.0,0.0,0.0,0.0,11199581.535999998,False,0.0,-0.011184468920253154,-126678.2000000067
2023-03-16,2023-03-15,0,0,0,,False,0.0,0.0,0.0,0.0,0.0,0.0,11199581.535999998,False,0.0,-0.011184468920253154,-126678.2000000067
2023-03-17,2023-03-16,0,0,0,,False,0.0,0.0,0.0,0.0,0.0,0.0,11199581.535999998,False,0.0,-0.011184468920253154,-126678.2000000067
2023-03-20,2023-03-17,0,0,0,,False,0.0,0.0,0.0,0.0,0.0,0.0,11199581.535999998,False,0.0,-0.011184468920253154,-126678.2000000067
2023-03-21,2023-03-20,0,0,0,,False,0.0,0.0,0.0,0.0,0.0,0.0,11199581.535999998,False,0.0,-0.011184468920253154,-126678.2000000067
2023-03-22,2023-03-21,0,0,0,,False,0.0,0.0,0.0,0.0,0.0,0.0,11199581.535999998,False,0.0,-0.011184468920253154,-126678.2000000067
2023-03-23,2023-03-22,1,0,1,TX202304,False,28400.0,50.0,62.784000000000006,200.0,312.784,28087.216,11227668.751999998,False,0.0025078808444508657,-0.008704637391162784,-98590.98400000669
2023-03-24,2023-03-23,1,1,1,TX202304,False,15000.0,0.0,0.0,0.0,0.0,15000.0,11242668.751999998,False,0.0013359852638445565,-0.007380281394599897,-83590.98400000669
2023-03-27,2023-03-24,0,1,0,,False,-11400.0,50.0,63.416000000000004,200.0,313.416,-11713.416,11230955.336,False,-0.0010418714860665318,-0.008414463575922126,-95304.40000000596
2023-03-28,2023-03-27,0,0,0,,False,0.0,0.0,0.0,0.0,0.0,0.0,11230955.336,False,0.0,-0.008414463575922126,-95304.40000000596
2023-03-29,2023-03-28,0,0,0,,False,0.0,0.0,0.0,0.0,0.0,0.0,11230955.336,False,0.0,-0.008414463575922126,-95304.40000000596
2023-03-30,2023-03-29,0,0,0,,False,0.0,0.0,0.0,0.0,0.0,0.0,11230955.336,False,0.0,-0.008414463575922126,-95304.40000000596
2023-03-31,2023-03-30,0,0,0,,False,0.0,0.0,0.0,0.0,0.0,0.0,11230955.336,False,0.0,-0.008414463575922126,-95304.40000000596
2023-04-06,2023-03-31,0,0,0,,False,0.0,0.0,0.0,0.0,0.0,0.0,11230955.336,False,0.0,-0.008414463575922126,-95304.40000000596
2023-04-07,2023-04-06,1,0,1,TX202304,False,-6400.0,50.0,63.404,200.0,313.404,-6713.404,11224241.932,False,-0.0005977589438434217,-0.009007192698905375,-102017.80400000513
2023-04-10,2023-04-07,1,1,1,TX202304,False,6200.0,0.0,0.0,0.0,0.0,6200.0,11230441.932,False,0.0005523758341598084,-0.008459792220326112,-95817.80400000513
2023-04-11,2023-04-10,1,1,1,TX202304,False,14400.0,0.0,0.0,0.0,0.0,14400.0,11244841.932,False,0.001282229148878698,-0.007188410463625727,-81417.80400000513
2023-04-12,2023-04-11,1,1,1,TX202304,False,1000.0,0.0,0.0,0.0,0.0,1000.0,11245841.932,False,8.892966268865469e-05,-0.007100120063854853,-80417.80400000513
2023-04-13,2023-04-12,1,1,1,TX202304,False,-22000.0,0.0,0.0,0.0,0.0,-22000.0,11223841.932,False,-0.0019562786079536727,-0.009042508858813747,-102417.80400000513
2023-04-14,2023-04-13,1,1,1,TX202304,False,26200.0,0.0,0.0,0.0,0.0,26200.0,11250041.932,False,0.0023343165520980716,-0.006729300384817227,-76217.80400000513
2023-04-17,2023-04-14,1,1,1,TX202304,False,4600.0,0.0,0.0,0.0,0.0,4600.0,11254641.932,False,0.0004088873648475571,-0.00632316454587134,-71617.80400000513
2023-04-18,2023-04-17,1,1,1,TX202305,True,-16000.0,100.0,127.04400000000001,400.0,627.044,-16627.044,11238014.888,False,-0.0014773498882025562,-0.007791172907638977,-88244.84800000489
2023-04-19,2023-04-18,1,1,1,TX202305,False,-18600.0,0.0,0.0,0.0,0.0,-18600.0,11219414.888,False,-0.0016550965793666246,-0.009433374343376877,-106844.84800000489
2023-04-20,2023-04-19,0,1,0,,False,-9600.0,50.0,62.916000000000004,200.0,312.916,-9912.916,11209501.972000001,False,-0.0008835501760972046,-0.010308589659911771,-116757.76400000416
2023-04-21,2023-04-20,0,0,0,,False,0.0,0.0,0.0,0.0,0.0,0.0,11209501.972000001,False,0.0,-0.010308589659911771,-116757.76400000416
2023-04-24,2023-04-21,0,0,0,,False,0.0,0.0,0.0,0.0,0.0,0.0,11209501.972000001,False,0.0,-0.010308589659911771,-116757.76400000416
2023-04-25,2023-04-24,0,0,0,,False,0.0,0.0,0.0,0.0,0.0,0.0,11209501.972000001,False,0.0,-0.010308589659911771,-116757.76400000416
2023-04-26,2023-04-25,0,0,0,,False,0.0,0.0,0.0,0.0,0.0,0.0,11209501.972000001,False,0.0,-0.010308589659911771,-116757.76400000416
2023-04-27,2023-04-26,0,0,0,,False,0.0,0.0,0.0,0.0,0.0,0.0,11209501.972000001,False,0.0,-0.010308589659911771,-116757.76400000416
2023-04-28,2023-04-27,0,0,0,,False,0.0,0.0,0.0,0.0,0.0,0.0,11209501.972000001,False,0.0,-0.010308589659911771,-116757.76400000416
2023-05-02,2023-04-28,0,0,0,,False,0.0,0.0,0.0,0.0,0.0,0.0,11209501.972000001,False,0.0,-0.010308589659911771,-116757.76400000416
2023-05-03,2023-05-02,0,0,0,,False,0.0,0.0,0.0,0.0,0.0,0.0,11209501.972000001,False,0.0,-0.010308589659911771,-116757.76400000416
2023-05-04,2023-05-03,0,0,0,,False,0.0,0.0,0.0,0.0,0.0,0.0,11209501.972000001,False,0.0,-0.010308589659911771,-116757.76400000416
2023-05-05,2023-05-04,0,0,0,,False,0.0,0.0,0.0,0.0,0.0,0.0,11209501.972000001,False,0.0,-0.010308589659911771,-116757.76400000416
2023-05-08,2023-05-05,0,0,0,,False,0.0,0.0,0.0,0.0,0.0,0.0,11209501.972000001,False,0.0,-0.010308589659911771,-116757.76400000416
2023-05-09,2023-05-08,1,0,1,TX202305,False,6600.0,50.0,62.828,200.0,312.828,6287.172,11215789.144000001,False,0.0005608787986928059,-0.009753492730603552,-110470.5920000039
2023-05-10,2023-05-09,1,1,1,TX202305,False,-26000.0,0.0,0.0,0.0,0.0,-26000.0,11189789.144000001,False,-0.002318160556175306,-0.01204904312464583,-136470.5920000039
2023-05-11,2023-05-10,0,1,0,,False,10200.0,50.0,62.636,200.0,312.63599999999997,9887.364,11199676.508000001,False,0.0008836059261493443,-0.011176083804405823,-126583.22800000384
2023-05-12,2023-05-11,0,0,0,,False,0.0,0.0,0.0,0.0,0.0,0.0,11199676.508000001,False,0.0,-0.011176083804405823,-126583.22800000384
2023-05-15,2023-05-12,0,0,0,,False,0.0,0.0,0.0,0.0,0.0,0.0,11199676.508000001,False,0.0,-0.011176083804405823,-126583.22800000384
2023-05-16,2023-05-15,0,0,0,,False,0.0,0.0,0.0,0.0,0.0,0.0,11199676.508000001,False,0.0,-0.011176083804405823,-126583.22800000384
2023-05-17,2023-05-16,1,0,1,TX202306,False,43000.0,50.0,62.648,200.0,312.648,42687.352,11242363.860000001,False,0.003811480802102467,-0.007407200431166605,-83895.87600000389
2023-05-18,2023-05-17,1,1,1,TX202306,False,38800.0,0.0,0.0,0.0,0.0,38800.0,11281163.860000001,False,0.0034512314743742867,-0.003981532920057318,-45095.87600000389
2023-05-19,2023-05-18,1,1,1,TX202306,False,11800.0,0.0,0.0,0.0,0.0,11800.0,11292963.860000001,False,0.0010459913663553504,-0.002939706202761183,-33295.87600000389
2023-05-22,2023-05-19,1,1,1,TX202306,False,-2600.0,0.0,0.0,0.0,0.0,-2600.0,11290363.860000001,False,-0.0002302318534117756,-0.003169261242165433,-35895.87600000389
2023-05-23,2023-05-22,1,1,1,TX202306,False,3400.0,0.0,0.0,0.0,0.0,3400.0,11293763.860000001,False,0.00030114175611697247,-0.0028690738829445506,-32495.87600000389
2023-05-24,2023-05-23,0,1,0,,False,-15600.0,50.0,64.21600000000001,200.0,314.216,-15914.216,11277849.644000001,False,-0.0014091153487248492,-0.004274146375624288,-48410.092000003904
2023-05-25,2023-05-24,1,0,1,TX202306,False,15000.0,50.0,64.53200000000001,200.0,314.53200000000004,14685.468,11292535.112000002,False,0.0013021514263415373,-0.0029775605350821355,-33724.62400000356
2023-05-26,2023-05-25,1,1,1,TX202306,False,45600.0,0.0,0.0,0.0,0.0,45600.0,11338135.112000002,False,0.004038065814959761,0.0,0.0
2023-05-29,2023-05-26,1,1,1,TX202306,False,27000.0,0.0,0.0,0.0,0.0,27000.0,11365135.112000002,False,0.002381343998222765,0.0,0.0
2023-05-30,2023-05-29,0,1,0,,False,-4000.0,50.0,66.19600000000001,200.0,316.196,-4316.196,11360818.916000001,False,-0.00037977515950889996,-0.0003797751595089327,-4316.196000000462
2023-05-31,2023-05-30,0,0,0,,False,0.0,0.0,0.0,0.0,0.0,0.0,11360818.916000001,False,0.0,-0.0003797751595089327,-4316.196000000462
2023-06-01,2023-05-31,0,0,0,,False,0.0,0.0,0.0,0.0,0.0,0.0,11360818.916000001,False,0.0,-0.0003797751595089327,-4316.196000000462
2023-06-02,2023-06-01,0,0,0,,False,0.0,0.0,0.0,0.0,0.0,0.0,11360818.916000001,False,0.0,-0.0003797751595089327,-4316.196000000462
2023-06-05,2023-06-02,0,0,0,,False,0.0,0.0,0.0,0.0,0.0,0.0,11360818.916000001,False,0.0,-0.0003797751595089327,-4316.196000000462
2023-06-06,2023-06-05,0,0,0,,False,0.0,0.0,0.0,0.0,0.0,0.0,11360818.916000001,False,0.0,-0.0003797751595089327,-4316.196000000462
2023-06-07,2023-06-06,0,0,0,,False,0.0,0.0,0.0,0.0,0.0,0.0,11360818.916000001,False,0.0,-0.0003797751595089327,-4316.196000000462
2023-06-08,2023-06-07,1,0,1,TX202306,False,-26600.0,50.0,67.412,200.0,317.41200000000003,-26917.412,11333901.504,False,-0.0023693196942071565,-0.0027481950449513848,-31233.60800000094
2023-06-09,2023-06-08,1,1,1,TX202306,False,33800.0,0.0,0.0,0.0,0.0,33800.0,11367701.504,False,0.00298220343524877,0.0,0.0
2023-06-12,2023-06-09,0,1,0,,False,13200.0,50.0,67.81200000000001,200.0,317.812,12882.188,11380583.692,False,0.0011332271519855699,0.0,0.0
2023-06-13,2023-06-12,0,0,0,,False,0.0,0.0,0.0,0.0,0.0,0.0,11380583.692,False,0.0,0.0,0.0
2023-06-14,2023-06-13,0,0,0,,False,0.0,0.0,0.0,0.0,0.0,0.0,11380583.692,False,0.0,0.0,0.0
2023-06-15,2023-06-14,0,0,0,,False,0.0,0.0,0.0,0.0,0.0,0.0,11380583.692,False,0.0,0.0,0.0
2023-06-16,2023-06-15,0,0,0,,False,0.0,0.0,0.0,0.0,0.0,0.0,11380583.692,False,0.0,0.0,0.0
2023-06-19,2023-06-16,0,0,0,,False,0.0,0.0,0.0,0.0,0.0,0.0,11380583.692,False,0.0,0.0,0.0
2023-06-20,2023-06-19,0,0,0,,False,0.0,0.0,0.0,0.0,0.0,0.0,11380583.692,False,0.0,0.0,0.0
2023-06-21,2023-06-20,0,0,0,,False,0.0,0.0,0.0,0.0,0.0,0.0,11380583.692,False,0.0,0.0,0.0
2023-06-26,2023-06-21,0,0,0,,False,0.0,0.0,0.0,0.0,0.0,0.0,11380583.692,False,0.0,0.0,0.0
2023-06-27,2023-06-26,0,0,0,,False,0.0,0.0,0.0,0.0,0.0,0.0,11380583.692,False,0.0,0.0,0.0
2023-06-28,2023-06-27,0,0,0,,False,0.0,0.0,0.0,0.0,0.0,0.0,11380583.692,False,0.0,0.0,0.0
2023-06-29,2023-06-28,0,0,0,,False,0.0,0.0,0.0,0.0,0.0,0.0,11380583.692,False,0.0,0.0,0.0
2023-06-30,2023-06-29,0,0,0,,False,0.0,0.0,0.0,0.0,0.0,0.0,11380583.692,False,0.0,0.0,0.0
2023-07-03,2023-06-30,0,0,0,,False,0.0,0.0,0.0,0.0,0.0,0.0,11380583.692,False,0.0,0.0,0.0
2023-07-04,2023-07-03,0,0,0,,False,0.0,0.0,0.0,0.0,0.0,0.0,11380583.692,False,0.0,0.0,0.0
2023-07-05,2023-07-04,0,0,0,,False,0.0,0.0,0.0,0.0,0.0,0.0,11380583.692,False,0.0,0.0,0.0
2023-07-06,2023-07-05,0,0,0,,False,0.0,0.0,0.0,0.0,0.0,0.0,11380583.692,False,0.0,0.0,0.0
2023-07-07,2023-07-06,0,0,0,,False,0.0,0.0,0.0,0.0,0.0,0.0,11380583.692,False,0.0,0.0,0.0
2023-07-10,2023-07-07,0,0,0,,False,0.0,0.0,0.0,0.0,0.0,0.0,11380583.692,False,0.0,0.0,0.0
2023-07-11,2023-07-10,0,0,0,,False,0.0,0.0,0.0,0.0,0.0,0.0,11380583.692,False,0.0,0.0,0.0
2023-07-12,2023-07-11,0,0,0,,False,0.0,0.0,0.0,0.0,0.0,0.0,11380583.692,False,0.0,0.0,0.0
2023-07-13,2023-07-12,0,0,0,,False,0.0,0.0,0.0,0.0,0.0,0.0,11380583.692,False,0.0,0.0,0.0
2023-07-14,2023-07-13,0,0,0,,False,0.0,0.0,0.0,0.0,0.0,0.0,11380583.692,False,0.0,0.0,0.0
2023-07-17,2023-07-14,0,0,0,,False,0.0,0.0,0.0,0.0,0.0,0.0,11380583.692,False,0.0,0.0,0.0
2023-07-18,2023-07-17,0,0,0,,False,0.0,0.0,0.0,0.0,0.0,0.0,11380583.692,False,0.0,0.0,0.0
2023-07-19,2023-07-18,0,0,0,,False,0.0,0.0,0.0,0.0,0.0,0.0,11380583.692,False,0.0,0.0,0.0
2023-07-20,2023-07-19,0,0,0,,False,0.0,0.0,0.0,0.0,0.0,0.0,11380583.692,False,0.0,0.0,0.0
2023-07-21,2023-07-20,0,0,0,,False,0.0,0.0,0.0,0.0,0.0,0.0,11380583.692,False,0.0,0.0,0.0
2023-07-24,2023-07-21,0,0,0,,False,0.0,0.0,0.0,0.0,0.0,0.0,11380583.692,False,0.0,0.0,0.0
2023-07-25,2023-07-24,0,0,0,,False,0.0,0.0,0.0,0.0,0.0,0.0,11380583.692,False,0.0,0.0,0.0
2023-07-26,2023-07-25,1,0,1,TX202308,False,-20800.0,50.0,68.828,200.0,318.828,-21118.828,11359464.864,False,-0.0018556893540395047,-0.0018556893540394581,-21118.827999999747
2023-07-27,2023-07-26,0,1,0,,False,16200.0,50.0,68.72800000000001,200.0,318.728,15881.272,11375346.136,False,0.0013980651544889537,-0.00046021857417399836,-5237.555999999866
2023-07-28,2023-07-27,1,0,1,TX202308,False,21400.0,50.0,68.62400000000001,200.0,318.624,21081.376,11396427.512,False,0.0018532513866354318,0.0,0.0
2023-07-31,2023-07-28,1,1,1,TX202308,False,-32400.0,0.0,0.0,0.0,0.0,-32400.0,11364027.512,False,-0.002842996190331053,-0.0028429961903310152,-32400.0
2023-08-01,2023-07-31,0,1,0,,False,12000.0,50.0,68.63600000000001,200.0,318.636,11681.364,11375708.876,False,0.0010279246497480671,-0.0018179939264462153,-20718.63599999994
2023-08-02,2023-08-01,0,0,0,,False,0.0,0.0,0.0,0.0,0.0,0.0,11375708.876,False,0.0,-0.0018179939264462153,-20718.63599999994
2023-08-04,2023-08-02,0,0,0,,False,0.0,0.0,0.0,0.0,0.0,0.0,11375708.876,False,0.0,-0.0018179939264462153,-20718.63599999994
2023-08-07,2023-08-04,0,0,0,,False,0.0,0.0,0.0,0.0,0.0,0.0,11375708.876,False,0.0,-0.0018179939264462153,-20718.63599999994
2023-08-08,2023-08-07,0,0,0,,False,0.0,0.0,0.0,0.0,0.0,0.0,11375708.876,False,0.0,-0.0018179939264462153,-20718.63599999994
2023-08-09,2023-08-08,0,0,0,,False,0.0,0.0,0.0,0.0,0.0,0.0,11375708.876,False,0.0,-0.0018179939264462153,-20718.63599999994
2023-08-10,2023-08-09,0,0,0,,False,0.0,0.0,0.0,0.0,0.0,0.0,11375708.876,False,0.0,-0.0018179939264462153,-20718.63599999994
2023-08-11,2023-08-10,0,0,0,,False,0.0,0.0,0.0,0.0,0.0,0.0,11375708.876,False,0.0,-0.0018179939264462153,-20718.63599999994
2023-08-14,2023-08-11,0,0,0,,False,0.0,0.0,0.0,0.0,0.0,0.0,11375708.876,False,0.0,-0.0018179939264462153,-20718.63599999994
2023-08-15,2023-08-14,0,0,0,,False,0.0,0.0,0.0,0.0,0.0,0.0,11375708.876,False,0.0,-0.0018179939264462153,-20718.63599999994
2023-08-16,2023-08-15,0,0,0,,False,0.0,0.0,0.0,0.0,0.0,0.0,11375708.876,False,0.0,-0.0018179939264462153,-20718.63599999994
2023-08-17,2023-08-16,0,0,0,,False,0.0,0.0,0.0,0.0,0.0,0.0,11375708.876,False,0.0,-0.0018179939264462153,-20718.63599999994
2023-08-18,2023-08-17,0,0,0,,False,0.0,0.0,0.0,0.0,0.0,0.0,11375708.876,False,0.0,-0.0018179939264462153,-20718.63599999994
2023-08-21,2023-08-18,0,0,0,,False,0.0,0.0,0.0,0.0,0.0,0.0,11375708.876,False,0.0,-0.0018179939264462153,-20718.63599999994
2023-08-22,2023-08-21,0,0,0,,False,0.0,0.0,0.0,0.0,0.0,0.0,11375708.876,False,0.0,-0.0018179939264462153,-20718.63599999994
2023-08-23,2023-08-22,0,0,0,,False,0.0,0.0,0.0,0.0,0.0,0.0,11375708.876,False,0.0,-0.0018179939264462153,-20718.63599999994
2023-08-24,2023-08-23,0,0,0,,False,0.0,0.0,0.0,0.0,0.0,0.0,11375708.876,False,0.0,-0.0018179939264462153,-20718.63599999994
2023-08-25,2023-08-24,1,0,1,TX202309,False,-25600.0,50.0,66.2,200.0,316.2,-25916.2,11349792.676,False,-0.0022782052777982854,-0.004092057440886143,-46634.835999999195
2023-08-28,2023-08-25,0,1,0,,False,9400.0,50.0,65.86800000000001,200.0,315.868,9084.132,11358876.808,False,0.0008003786729258136,-0.0032949539634644642,-37550.70399999991
2023-08-29,2023-08-28,0,0,0,,False,0.0,0.0,0.0,0.0,0.0,0.0,11358876.808,False,0.0,-0.0032949539634644642,-37550.70399999991
2023-08-30,2023-08-29,1,0,1,TX202309,False,-2800.0,50.0,66.956,200.0,316.956,-3116.956,11355759.852,False,-0.0002744070608992558,-0.003568456865730818,-40667.66000000015
2023-08-31,2023-08-30,1,1,1,TX202309,False,-19200.0,0.0,0.0,0.0,0.0,-19200.0,11336559.852,False,-0.0016907719298606386,-0.005253195348890016,-59867.66000000015
2023-09-01,2023-08-31,1,1,1,TX202309,False,4600.0,0.0,0.0,0.0,0.0,4600.0,11341159.852,False,0.00040576683403550034,-0.0048495600872997535,-55267.66000000015
2023-09-04,2023-09-01,1,1,1,TX202309,False,26200.0,0.0,0.0,0.0,0.0,26200.0,11367359.852,False,0.0023101693602687085,-0.0025505940321555176,-29067.66000000015
2023-09-05,2023-09-04,1,1,1,TX202309,False,-5600.0,0.0,0.0,0.0,0.0,-5600.0,11361759.852,False,-0.000492638578606687,-0.0030419760897435477,-34667.66000000015
2023-09-06,2023-09-05,1,1,1,TX202309,False,-8600.0,0.0,0.0,0.0,0.0,-8600.0,11353159.852,False,-0.000756924993313087,-0.003796598535325324,-43267.66000000015
2023-09-07,2023-09-06,1,1,1,TX202309,False,-29400.0,0.0,0.0,0.0,0.0,-29400.0,11323759.852,False,-0.002589587426166718,-0.006376354337662704,-72667.66000000015
2023-09-08,2023-09-07,1,1,1,TX202309,False,-200.0,0.0,0.0,0.0,0.0,-200.0,11323559.852,False,-1.7661978231079852e-05,-0.006393903696862324,-72867.66000000015
2023-09-11,2023-09-08,1,1,1,TX202309,False,-27200.0,0.0,0.0,0.0,0.0,-27200.0,11296359.852,False,-0.0024020714647607798,-0.008780616548004438,-100067.66000000015
2023-09-12,2023-09-11,0,1,0,,False,6400.0,50.0,65.83200000000001,200.0,315.832,6084.168,11302444.02,False,0.0005385954484198562,-0.008246750299691685,-93983.49200000055
2023-09-13,2023-09-12,1,0,1,TX202309,False,1400.0,50.0,66.284,200.0,316.284,1083.716,11303527.736,False,9.588333267409537e-05,-0.008151657692920034,-92899.77600000054
2023-09-14,2023-09-13,1,1,1,TX202309,False,52200.0,0.0,0.0,0.0,0.0,52200.0,11355727.736,False,0.0046180273290922285,-0.0035712749418311818,-40699.77600000054
2023-09-15,2023-09-14,1,1,1,TX202309,False,13600.0,0.0,0.0,0.0,0.0,13600.0,11369327.736,False,0.0011976335040937266,-0.0023779185162601246,-27099.776000000536
2023-09-18,2023-09-15,1,1,1,TX202309,False,-39400.0,0.0,0.0,0.0,0.0,-39400.0,11329927.736,False,-0.0034654643541713803,-0.0058351422785761775,-66499.77600000054
2023-09-19,2023-09-18,1,1,1,TX202310,True,-20000.0,100.0,132.936,400.0,632.936,-20632.936,11309294.799999999,False,-0.0018211004060017424,-0.007645616304605474,-87132.71200000122
2023-09-20,2023-09-19,0,1,0,,False,-1000.0,50.0,66.476,200.0,316.476,-1316.476,11307978.324,False,-0.00011640655083109163,-0.007761132855613528,-88449.18800000101
2023-09-21,2023-09-20,0,0,0,,False,0.0,0.0,0.0,0.0,0.0,0.0,11307978.324,False,0.0,-0.007761132855613528,-88449.18800000101
2023-09-22,2023-09-21,0,0,0,,False,0.0,0.0,0.0,0.0,0.0,0.0,11307978.324,False,0.0,-0.007761132855613528,-88449.18800000101
2023-09-25,2023-09-22,0,0,0,,False,0.0,0.0,0.0,0.0,0.0,0.0,11307978.324,False,0.0,-0.007761132855613528,-88449.18800000101
2023-09-26,2023-09-25,0,0,0,,False,0.0,0.0,0.0,0.0,0.0,0.0,11307978.324,False,0.0,-0.007761132855613528,-88449.18800000101
2023-09-27,2023-09-26,0,0,0,,False,0.0,0.0,0.0,0.0,0.0,0.0,11307978.324,False,0.0,-0.007761132855613528,-88449.18800000101
2023-09-28,2023-09-27,0,0,0,,False,0.0,0.0,0.0,0.0,0.0,0.0,11307978.324,False,0.0,-0.007761132855613528,-88449.18800000101
2023-10-02,2023-09-28,0,0,0,,False,0.0,0.0,0.0,0.0,0.0,0.0,11307978.324,False,0.0,-0.007761132855613528,-88449.18800000101
2023-10-03,2023-10-02,0,0,0,,False,0.0,0.0,0.0,0.0,0.0,0.0,11307978.324,False,0.0,-0.007761132855613528,-88449.18800000101
2023-10-04,2023-10-03,0,0,0,,False,0.0,0.0,0.0,0.0,0.0,0.0,11307978.324,False,0.0,-0.007761132855613528,-88449.18800000101
2023-10-05,2023-10-04,0,0,0,,False,0.0,0.0,0.0,0.0,0.0,0.0,11307978.324,False,0.0,-0.007761132855613528,-88449.18800000101
2023-10-06,2023-10-05,0,0,0,,False,0.0,0.0,0.0,0.0,0.0,0.0,11307978.324,False,0.0,-0.007761132855613528,-88449.18800000101
2023-10-11,2023-10-06,1,0,1,TX202310,False,-22400.0,50.0,67.32000000000001,200.0,317.32,-22717.32,11285261.003999999,False,-0.0020089638792271883,-0.009754504899271876,-111166.50800000131
2023-10-12,2023-10-11,1,1,1,TX202310,False,26200.0,0.0,0.0,0.0,0.0,26200.0,11311461.003999999,False,0.0023216122330457006,-0.0074555388441276405,-84966.50800000131
2023-10-13,2023-10-12,1,1,1,TX202310,False,-15600.0,0.0,0.0,0.0,0.0,-15600.0,11295861.003999999,False,-0.0013791321911894028,-0.008824388861694454,-100566.50800000131
2023-10-16,2023-10-13,1,1,1,TX202310,False,-24400.0,0.0,0.0,0.0,0.0,-24400.0,11271461.003999999,False,-0.0021600832368032564,-0.010965410684042554,-124966.50800000131
2023-10-17,2023-10-16,1,1,1,TX202311,True,400.0,100.0,133.288,400.0,633.288,-233.288,11271227.715999998,False,-2.069722815145358e-05,-0.010985880958587324,-125199.79600000195
2023-10-18,2023-10-17,1,1,1,TX202311,False,-40800.0,0.0,0.0,0.0,0.0,-40800.0,11230427.715999998,False,-0.003619836368143164,-0.014565950235300495,-165999.79600000195
2023-10-19,2023-10-18,0,1,0,,False,-20600.0,50.0,65.456,200.0,315.456,-20915.456,11209512.259999998,False,-0.0018623917564779598,-0.016401214486135074,-186915.2520000022
2023-10-20,2023-10-19,0,0,0,,False,0.0,0.0,0.0,0.0,0.0,0.0,11209512.259999998,False,0.0,-0.016401214486135074,-186915.2520000022
2023-10-23,2023-10-20,0,0,0,,False,0.0,0.0,0.0,0.0,0.0,0.0,11209512.259999998,False,0.0,-0.016401214486135074,-186915.2520000022
2023-10-24,2023-10-23,0,0,0,,False,0.0,0.0,0.0,0.0,0.0,0.0,11209512.259999998,False,0.0,-0.016401214486135074,-186915.2520000022
2023-10-25,2023-10-24,0,0,0,,False,0.0,0.0,0.0,0.0,0.0,0.0,11209512.259999998,False,0.0,-0.016401214486135074,-186915.2520000022
2023-10-26,2023-10-25,0,0,0,,False,0.0,0.0,0.0,0.0,0.0,0.0,11209512.259999998,False,0.0,-0.016401214486135074,-186915.2520000022
2023-10-27,2023-10-26,0,0,0,,False,0.0,0.0,0.0,0.0,0.0,0.0,11209512.259999998,False,0.0,-0.016401214486135074,-186915.2520000022
2023-10-30,2023-10-27,0,0,0,,False,0.0,0.0,0.0,0.0,0.0,0.0,11209512.259999998,False,0.0,-0.016401214486135074,-186915.2520000022
2023-10-31,2023-10-30,0,0,0,,False,0.0,0.0,0.0,0.0,0.0,0.0,11209512.259999998,False,0.0,-0.016401214486135074,-186915.2520000022
2023-11-01,2023-10-31,0,0,0,,False,0.0,0.0,0.0,0.0,0.0,0.0,11209512.259999998,False,0.0,-0.016401214486135074,-186915.2520000022
2023-11-02,2023-11-01,0,0,0,,False,0.0,0.0,0.0,0.0,0.0,0.0,11209512.259999998,False,0.0,-0.016401214486135074,-186915.2520000022
2023-11-03,2023-11-02,0,0,0,,False,0.0,0.0,0.0,0.0,0.0,0.0,11209512.259999998,False,0.0,-0.016401214486135074,-186915.2520000022
2023-11-06,2023-11-03,1,0,1,TX202311,False,-2000.0,50.0,66.724,200.0,316.724,-2316.724,11207195.535999998,False,-0.00020667482636751232,-0.0166044995943464,-189231.97600000165
2023-11-07,2023-11-06,1,1,1,TX202311,False,7800.0,0.0,0.0,0.0,0.0,7800.0,11214995.535999998,False,0.0006959814321919047,-0.015920074585562993,-181431.97600000165
2023-11-08,2023-11-07,1,1,1,TX202311,False,8000.0,0.0,0.0,0.0,0.0,8000.0,11222995.535999998,False,0.0007133306450564424,-0.015218100217579966,-173431.97600000165
2023-11-09,2023-11-08,1,1,1,TX202311,False,2800.0,0.0,0.0,0.0,0.0,2800.0,11225795.535999998,False,0.000249487758506046,-0.014972409188785951,-170631.97600000165
2023-11-10,2023-11-09,1,1,1,TX202311,False,-5400.0,0.0,0.0,0.0,0.0,-5400.0,11220395.535999998,False,-0.00048103495050152507,-0.015446241887174472,-176031.97600000165
2023-11-13,2023-11-10,1,1,1,TX202311,False,28000.0,0.0,0.0,0.0,0.0,28000.0,11248395.535999998,False,0.002495455700306072,-0.012989331599233989,-148031.97600000165
2023-11-14,2023-11-13,1,1,1,TX202312,True,14600.0,100.0,135.668,400.0,635.668,13964.332,11262359.867999999,False,0.001241451010084751,-0.011764006207983457,-134067.64400000125
2023-11-15,2023-11-14,1,1,1,TX202312,False,38800.0,0.0,0.0,0.0,0.0,38800.0,11301159.867999999,False,0.0034451039084839874,-0.008359430523266043,-95267.64400000125
2023-11-16,2023-11-15,1,1,1,TX202312,False,4800.0,0.0,0.0,0.0,0.0,4800.0,11305959.867999999,False,0.0004247351648914839,-0.00793824590247627,-90467.64400000125
2023-11-17,2023-11-16,1,1,1,TX202312,False,7200.0,0.0,0.0,0.0,0.0,7200.0,11313159.867999999,False,0.0006368322622812976,-0.007306468971291502,-83267.64400000125
2023-11-20,2023-11-17,1,1,1,TX202312,False,-4400.0,0.0,0.0,0.0,0.0,-4400.0,11308759.867999999,False,-0.0003889275897572776,-0.007692554873682145,-87667.64400000125
2023-11-21,2023-11-20,1,1,1,TX202312,False,43000.0,0.0,0.0,0.0,0.0,43000.0,11351759.867999999,False,0.0038023621070667167,-0.0039194426457737075,-44667.64400000125
2023-11-22,2023-11-21,1,1,1,TX202312,False,-26200.0,0.0,0.0,0.0,0.0,-26200.0,11325559.867999999,False,-0.002308012176495769,-0.006218408700917943,-70867.64400000125
2023-11-23,2023-11-22,1,1,1,TX202312,False,4600.0,0.0,0.0,0.0,0.0,4600.0,11330159.867999999,False,0.00040616093629041247,-0.005814773439327681,-66267.64400000125
2023-11-24,2023-11-23,1,1,1,TX202312,False,-2800.0,0.0,0.0,0.0,0.0,-2800.0,11327359.867999999,False,-0.0002471280222539575,-0.006060464468121807,-69067.64400000125
2023-11-27,2023-11-24,1,1,1,TX202312,False,-24000.0,0.0,0.0,0.0,0.0,-24000.0,11303359.867999999,False,-0.002118763796654898,-0.008166387572070666,-93067.64400000125
2023-11-28,2023-11-27,1,1,1,TX202312,False,38200.0,0.0,0.0,0.0,0.0,38200.0,11341559.867999999,False,0.0033795261272840512,-0.004814459964952,-54867.64400000125
2023-11-29,2023-11-28,1,1,1,TX202312,False,-6000.0,0.0,0.0,0.0,0.0,-6000.0,11335559.867999999,False,-0.0005290277589530597,-0.00534094074093916,-60867.64400000125
2023-11-30,2023-11-29,1,1,1,TX202312,False,11800.0,0.0,0.0,0.0,0.0,11800.0,11347359.867999999,False,0.00104097196233872,-0.00430552854816435,-49067.64400000125
2023-12-01,2023-11-30,1,1,1,TX202312,False,5600.0,0.0,0.0,0.0,0.0,5600.0,11352959.867999999,False,0.0004935068654861489,-0.003814146490576209,-43467.64400000125
2023-12-04,2023-12-01,1,1,1,TX202312,False,-400.0,0.0,0.0,0.0,0.0,-400.0,11352559.867999999,False,-3.523310261383547e-05,-0.003849245208975338,-43867.64400000125
2023-12-05,2023-12-04,0,1,0,,False,-26800.0,50.0,69.13600000000001,200.0,319.136,-27119.136,11325440.731999999,False,-0.0023888124189894826,-0.0062288625032059786,-70986.78000000119
2023-12-06,2023-12-05,0,0,0,,False,0.0,0.0,0.0,0.0,0.0,0.0,11325440.731999999,False,0.0,-0.0062288625032059786,-70986.78000000119
2023-12-07,2023-12-06,0,0,0,,False,0.0,0.0,0.0,0.0,0.0,0.0,11325440.731999999,False,0.0,-0.0062288625032059786,-70986.78000000119
2023-12-08,2023-12-07,0,0,0,,False,0.0,0.0,0.0,0.0,0.0,0.0,11325440.731999999,False,0.0,-0.0062288625032059786,-70986.78000000119
2023-12-11,2023-12-08,0,0,0,,False,0.0,0.0,0.0,0.0,0.0,0.0,11325440.731999999,False,0.0,-0.0062288625032059786,-70986.78000000119
2023-12-12,2023-12-11,0,0,0,,False,0.0,0.0,0.0,0.0,0.0,0.0,11325440.731999999,False,0.0,-0.0062288625032059786,-70986.78000000119
2023-12-13,2023-12-12,0,0,0,,False,0.0,0.0,0.0,0.0,0.0,0.0,11325440.731999999,False,0.0,-0.0062288625032059786,-70986.78000000119
2023-12-14,2023-12-13,0,0,0,,False,0.0,0.0,0.0,0.0,0.0,0.0,11325440.731999999,False,0.0,-0.0062288625032059786,-70986.78000000119
2023-12-15,2023-12-14,0,0,0,,False,0.0,0.0,0.0,0.0,0.0,0.0,11325440.731999999,False,0.0,-0.0062288625032059786,-70986.78000000119
2023-12-18,2023-12-15,0,0,0,,False,0.0,0.0,0.0,0.0,0.0,0.0,11325440.731999999,False,0.0,-0.0062288625032059786,-70986.78000000119
2023-12-19,2023-12-18,0,0,0,,False,0.0,0.0,0.0,0.0,0.0,0.0,11325440.731999999,False,0.0,-0.0062288625032059786,-70986.78000000119
2023-12-20,2023-12-19,0,0,0,,False,0.0,0.0,0.0,0.0,0.0,0.0,11325440.731999999,False,0.0,-0.0062288625032059786,-70986.78000000119
2023-12-21,2023-12-20,0,0,0,,False,0.0,0.0,0.0,0.0,0.0,0.0,11325440.731999999,False,0.0,-0.0062288625032059786,-70986.78000000119
2023-12-22,2023-12-21,0,0,0,,False,0.0,0.0,0.0,0.0,0.0,0.0,11325440.731999999,False,0.0,-0.0062288625032059786,-70986.78000000119
2023-12-25,2023-12-22,0,0,0,,False,0.0,0.0,0.0,0.0,0.0,0.0,11325440.731999999,False,0.0,-0.0062288625032059786,-70986.78000000119
2023-12-26,2023-12-25,0,0,0,,False,0.0,0.0,0.0,0.0,0.0,0.0,11325440.731999999,False,0.0,-0.0062288625032059786,-70986.78000000119
2023-12-27,2023-12-26,0,0,0,,False,0.0,0.0,0.0,0.0,0.0,0.0,11325440.731999999,False,0.0,-0.0062288625032059786,-70986.78000000119
2023-12-28,2023-12-27,1,0,1,TX202401,False,3000.0,50.0,71.40400000000001,200.0,321.404,2678.596,11328119.328,False,0.0002365114138500266,-0.005993824286433136,-68308.18400000036
2023-12-29,2023-12-28,0,1,0,,False,-2400.0,50.0,71.408,200.0,321.408,-2721.408,11325397.92,False,-0.00024023475752708807,-0.006232619119036054,-71029.59200000018
2024-01-02,2023-12-29,0,0,0,,False,0.0,0.0,0.0,0.0,0.0,0.0,11325397.92,False,0.0,-0.006232619119036054,-71029.59200000018
2024-01-03,2024-01-02,0,0,0,,False,0.0,0.0,0.0,0.0,0.0,0.0,11325397.92,False,0.0,-0.006232619119036054,-71029.59200000018
2024-01-04,2024-01-03,0,0,0,,False,0.0,0.0,0.0,0.0,0.0,0.0,11325397.92,False,0.0,-0.006232619119036054,-71029.59200000018
2024-01-05,2024-01-04,0,0,0,,False,0.0,0.0,0.0,0.0,0.0,0.0,11325397.92,False,0.0,-0.006232619119036054,-71029.59200000018
2024-01-08,2024-01-05,0,0,0,,False,0.0,0.0,0.0,0.0,0.0,0.0,11325397.92,False,0.0,-0.006232619119036054,-71029.59200000018
2024-01-09,2024-01-08,0,0,0,,False,0.0,0.0,0.0,0.0,0.0,0.0,11325397.92,False,0.0,-0.006232619119036054,-71029.59200000018
2024-01-10,2024-01-09,0,0,0,,False,0.0,0.0,0.0,0.0,0.0,0.0,11325397.92,False,0.0,-0.006232619119036054,-71029.59200000018
2024-01-11,2024-01-10,0,0,0,,False,0.0,0.0,0.0,0.0,0.0,0.0,11325397.92,False,0.0,-0.006232619119036054,-71029.59200000018
2024-01-12,2024-01-11,0,0,0,,False,0.0,0.0,0.0,0.0,0.0,0.0,11325397.92,False,0.0,-0.006232619119036054,-71029.59200000018
2024-01-15,2024-01-12,0,0,0,,False,0.0,0.0,0.0,0.0,0.0,0.0,11325397.92,False,0.0,-0.006232619119036054,-71029.59200000018
2024-01-16,2024-01-15,0,0,0,,False,0.0,0.0,0.0,0.0,0.0,0.0,11325397.92,False,0.0,-0.006232619119036054,-71029.59200000018
2024-01-17,2024-01-16,0,0,0,,False,0.0,0.0,0.0,0.0,0.0,0.0,11325397.92,False,0.0,-0.006232619119036054,-71029.59200000018
2024-01-18,2024-01-17,0,0,0,,False,0.0,0.0,0.0,0.0,0.0,0.0,11325397.92,False,0.0,-0.006232619119036054,-71029.59200000018
2024-01-19,2024-01-18,0,0,0,,False,0.0,0.0,0.0,0.0,0.0,0.0,11325397.92,False,0.0,-0.006232619119036054,-71029.59200000018
2024-01-22,2024-01-19,1,0,1,TX202402,False,200.0,50.0,71.268,200.0,321.26800000000003,-121.268,11325276.652,False,-1.0707614942680972e-05,-0.006243259997493089,-71150.8599999994
2024-01-23,2024-01-22,1,1,1,TX202402,False,10600.0,0.0,0.0,0.0,0.0,10600.0,11335876.652,False,0.0009359594759328091,-0.005313143959915667,-60550.859999999404
2024-01-24,2024-01-23,1,1,1,TX202402,False,6600.0,0.0,0.0,0.0,0.0,6600.0,11342476.652,False,0.0005822222843996415,-0.004734015106329648,-53950.859999999404
2024-01-25,2024-01-24,1,1,1,TX202402,False,18400.0,0.0,0.0,0.0,0.0,18400.0,11360876.652,False,0.0016222206634875953,-0.0031194740599688187,-35550.859999999404
2024-01-26,2024-01-25,1,1,1,TX202402,False,800.0,0.0,0.0,0.0,0.0,800.0,11361676.652,False,7.041710111861533e-05,-0.0030492766231705604,-34750.859999999404
2024-01-29,2024-01-26,1,1,1,TX202402,False,25200.0,0.0,0.0,0.0,0.0,25200.0,11386876.652,False,0.0022179825013383067,-0.0008380573640242028,-9550.859999999404
2024-01-30,2024-01-29,1,1,1,TX202402,False,-8800.0,0.0,0.0,0.0,0.0,-8800.0,11378076.652,False,-0.0007728194718307027,-0.0016102291688054882,-18350.859999999404
2024-01-31,2024-01-30,1,1,1,TX202402,False,-32200.0,0.0,0.0,0.0,0.0,-32200.0,11345876.652,False,-0.0028300037857751635,-0.004435675999936883,-50550.859999999404
2024-02-01,2024-01-31,1,1,1,TX202402,False,13200.0,0.0,0.0,0.0,0.0,13200.0,11359076.652,False,0.0011634182535972804,-0.0032774182927650664,-37350.859999999404
2024-02-02,2024-02-01,1,1,1,TX202402,False,19600.0,0.0,0.0,0.0,0.0,19600.0,11378676.652,False,0.0017254923617888445,-0.001557581091206739,-17750.859999999404
2024-02-05,2024-02-02,0,1,0,,False,-15200.0,50.0,72.028,200.0,322.028,-15522.028,11363154.624,False,-0.0013641329721125113,-0.002919589315596105,-33272.88800000027
2024-02-15,2024-02-05,0,0,0,,False,0.0,0.0,0.0,0.0,0.0,0.0,11363154.624,False,0.0,-0.002919589315596105,-33272.88800000027
2024-02-16,2024-02-15,1,0,1,TX202402,False,-9800.0,50.0,74.736,200.0,324.736,-10124.736,11353029.888,False,-0.0008910145408578399,-0.003808002459920301,-43397.623999999836
2024-02-19,2024-02-16,1,1,1,TX202402,False,7400.0,0.0,0.0,0.0,0.0,7400.0,11360429.888,False,0.0006518083782921861,-0.0031586761695361343,-35997.623999999836
2024-02-20,2024-02-19,1,1,1,TX202403,True,16400.0,100.0,150.06,400.0,650.06,15749.94,11376179.828,False,0.0013863859163143668,-0.0017766693973774172,-20247.684000000358
2024-02-21,2024-02-20,1,1,1,TX202403,False,-14000.0,0.0,0.0,0.0,0.0,-14000.0,11362179.828,False,-0.0012306415872173572,-0.0030051245413476035,-34247.68400000036
2024-02-22,2024-02-21,1,1,1,TX202403,False,39400.0,0.0,0.0,0.0,0.0,39400.0,11401579.828,False,0.003467644465801004,0.0,0.0
2024-02-23,2024-02-22,1,1,1,TX202403,False,4800.0,0.0,0.0,0.0,0.0,4800.0,11406379.828,False,0.0004209942895994255,0.0,0.0
2024-02-26,2024-02-23,1,1,1,TX202403,False,10000.0,0.0,0.0,0.0,0.0,10000.0,11416379.828,False,0.0008767023499824488,0.0,0.0
2024-02-27,2024-02-26,1,1,1,TX202403,False,-19200.0,0.0,0.0,0.0,0.0,-19200.0,11397179.828,False,-0.0016817940791449288,-0.001681794079144927,-19200.0
2024-02-29,2024-02-27,0,1,0,,False,-11800.0,50.0,75.22800000000001,200.0,325.228,-12125.228,11385054.6,False,-0.001063879677515605,-0.0027438845301179793,-31325.22800000012
2024-03-01,2024-02-29,1,0,1,TX202403,False,-1400.0,50.0,75.876,200.0,325.876,-1725.876,11383328.724,False,-0.00015159136786221472,-0.0028950599487710393,-33051.10400000028
2024-03-04,2024-03-01,0,1,0,,False,36600.0,50.0,76.572,200.0,326.572,36273.428,11419602.151999999,False,0.0031865396211850625,0.0,0.0
2024-03-05,2024-03-04,0,0,0,,False,0.0,0.0,0.0,0.0,0.0,0.0,11419602.151999999,False,0.0,0.0,0.0
2024-03-06,2024-03-05,0,0,0,,False,0.0,0.0,0.0,0.0,0.0,0.0,11419602.151999999,False,0.0,0.0,0.0
2024-03-07,2024-03-06,0,0,0,,False,0.0,0.0,0.0,0.0,0.0,0.0,11419602.151999999,False,0.0,0.0,0.0
2024-03-08,2024-03-07,0,0,0,,False,0.0,0.0,0.0,0.0,0.0,0.0,11419602.151999999,False,0.0,0.0,0.0
2024-03-11,2024-03-08,0,0,0,,False,0.0,0.0,0.0,0.0,0.0,0.0,11419602.151999999,False,0.0,0.0,0.0
2024-03-12,2024-03-11,0,0,0,,False,0.0,0.0,0.0,0.0,0.0,0.0,11419602.151999999,False,0.0,0.0,0.0
2024-03-13,2024-03-12,0,0,0,,False,0.0,0.0,0.0,0.0,0.0,0.0,11419602.151999999,False,0.0,0.0,0.0
2024-03-14,2024-03-13,0,0,0,,False,0.0,0.0,0.0,0.0,0.0,0.0,11419602.151999999,False,0.0,0.0,0.0
2024-03-15,2024-03-14,0,0,0,,False,0.0,0.0,0.0,0.0,0.0,0.0,11419602.151999999,False,0.0,0.0,0.0
2024-03-18,2024-03-15,0,0,0,,False,0.0,0.0,0.0,0.0,0.0,0.0,11419602.151999999,False,0.0,0.0,0.0
2024-03-19,2024-03-18,0,0,0,,False,0.0,0.0,0.0,0.0,0.0,0.0,11419602.151999999,False,0.0,0.0,0.0
2024-03-20,2024-03-19,0,0,0,,False,0.0,0.0,0.0,0.0,0.0,0.0,11419602.151999999,False,0.0,0.0,0.0
2024-03-21,2024-03-20,0,0,0,,False,0.0,0.0,0.0,0.0,0.0,0.0,11419602.151999999,False,0.0,0.0,0.0
2024-03-22,2024-03-21,1,0,1,TX202404,False,3200.0,50.0,80.908,200.0,330.908,2869.092,11422471.243999999,False,0.00025124272823265695,0.0,0.0
2024-03-25,2024-03-22,0,1,0,,False,2800.0,50.0,81.02000000000001,200.0,331.02,2468.98,11424940.224,False,0.00021615112415335753,0.0,0.0
2024-03-26,2024-03-25,0,0,0,,False,0.0,0.0,0.0,0.0,0.0,0.0,11424940.224,False,0.0,0.0,0.0
2024-03-27,2024-03-26,0,0,0,,False,0.0,0.0,0.0,0.0,0.0,0.0,11424940.224,False,0.0,0.0,0.0
2024-03-28,2024-03-27,0,0,0,,False,0.0,0.0,0.0,0.0,0.0,0.0,11424940.224,False,0.0,0.0,0.0
2024-03-29,2024-03-28,0,0,0,,False,0.0,0.0,0.0,0.0,0.0,0.0,11424940.224,False,0.0,0.0,0.0
2024-04-01,2024-03-29,1,0,1,TX202404,False,-21000.0,50.0,81.57600000000001,200.0,331.576,-21331.576,11403608.648,False,-0.0018671061363795545,-0.001867106136379526,-21331.57599999942
2024-04-02,2024-04-01,0,1,0,,False,12400.0,50.0,81.396,200.0,331.396,12068.604,11415677.252,False,0.00105831446628227,-0.0008107676555314525,-9262.971999999136
2024-04-03,2024-04-02,1,0,1,TX202404,False,-4200.0,50.0,81.48400000000001,200.0,331.48400000000004,-4531.484,11411145.768000001,False,-0.0003969527081020178,-0.001207398527216852,-13794.455999998376
2024-04-08,2024-04-03,0,1,0,,False,11000.0,50.0,81.61200000000001,200.0,331.612,10668.388,11421814.156000001,False,0.0009349094487879651,-0.0002736178867204231,-3126.0679999981076
2024-04-09,2024-04-08,0,0,0,,False,0.0,0.0,0.0,0.0,0.0,0.0,11421814.156000001,False,0.0,-0.0002736178867204231,-3126.0679999981076
2024-04-10,2024-04-09,1,0,1,TX202404,False,5800.0,50.0,83.292,200.0,333.29200000000003,5466.708,11427280.864000002,False,0.0004786199394715488,0.0,0.0
2024-04-11,2024-04-10,1,1,1,TX202404,False,-19600.0,0.0,0.0,0.0,0.0,-19600.0,11407680.864000002,False,-0.0017151936872180126,-0.001715193687218064,-19600.0
2024-04-12,2024-04-11,0,1,0,,False,-1600.0,50.0,82.97600000000001,200.0,332.976,-1932.976,11405747.888000002,False,-0.00016944513289287612,-0.0018843481888886071,-21532.97599999979
2024-04-15,2024-04-12,0,0,0,,False,0.0,0.0,0.0,0.0,0.0,0.0,11405747.888000002,False,0.0,-0.0018843481888886071,-21532.97599999979
2024-04-16,2024-04-15,0,0,0,,False,0.0,0.0,0.0,0.0,0.0,0.0,11405747.888000002,False,0.0,-0.0018843481888886071,-21532.97599999979
2024-04-17,2024-04-16,0,0,0,,False,0.0,0.0,0.0,0.0,0.0,0.0,11405747.888000002,False,0.0,-0.0018843481888886071,-21532.97599999979
2024-04-18,2024-04-17,0,0,0,,False,0.0,0.0,0.0,0.0,0.0,0.0,11405747.888000002,False,0.0,-0.0018843481888886071,-21532.97599999979
2024-04-19,2024-04-18,0,0,0,,False,0.0,0.0,0.0,0.0,0.0,0.0,11405747.888000002,False,0.0,-0.0018843481888886071,-21532.97599999979
2024-04-22,2024-04-19,0,0,0,,False,0.0,0.0,0.0,0.0,0.0,0.0,11405747.888000002,False,0.0,-0.0018843481888886071,-21532.97599999979
2024-04-23,2024-04-22,0,0,0,,False,0.0,0.0,0.0,0.0,0.0,0.0,11405747.888000002,False,0.0,-0.0018843481888886071,-21532.97599999979
2024-04-24,2024-04-23,0,0,0,,False,0.0,0.0,0.0,0.0,0.0,0.0,11405747.888000002,False,0.0,-0.0018843481888886071,-21532.97599999979
2024-04-25,2024-04-24,0,0,0,,False,0.0,0.0,0.0,0.0,0.0,0.0,11405747.888000002,False,0.0,-0.0018843481888886071,-21532.97599999979
2024-04-26,2024-04-25,0,0,0,,False,0.0,0.0,0.0,0.0,0.0,0.0,11405747.888000002,False,0.0,-0.0018843481888886071,-21532.97599999979
2024-04-29,2024-04-26,0,0,0,,False,0.0,0.0,0.0,0.0,0.0,0.0,11405747.888000002,False,0.0,-0.0018843481888886071,-21532.97599999979
2024-04-30,2024-04-29,1,0,1,TX202405,False,-21000.0,50.0,82.07600000000001,200.0,332.076,-21332.076,11384415.812000003,False,-0.0018702917344371164,-0.003751115642483205,-42865.05199999921
2024-05-02,2024-04-30,0,1,0,,False,-32600.0,50.0,80.99600000000001,200.0,330.996,-32930.996,11351484.816000003,False,-0.002892638194512215,-0.006632903216615915,-75796.04799999855
2024-05-03,2024-05-02,0,0,0,,False,0.0,0.0,0.0,0.0,0.0,0.0,11351484.816000003,False,0.0,-0.006632903216615915,-75796.04799999855
2024-05-06,2024-05-03,0,0,0,,False,0.0,0.0,0.0,0.0,0.0,0.0,11351484.816000003,False,0.0,-0.006632903216615915,-75796.04799999855
2024-05-07,2024-05-06,1,0,1,TX202405,False,-16600.0,50.0,82.936,200.0,332.93600000000004,-16932.936,11334551.880000003,False,-0.0014916934898360522,-0.00811470244790502,-92728.98399999924
2024-05-08,2024-05-07,0,1,0,,False,-6400.0,50.0,82.468,200.0,332.468,-6732.468,11327819.412000002,False,-0.0005939774303631313,-0.00870385992816003,-99461.45199999958
2024-05-09,2024-05-08,0,0,0,,False,0.0,0.0,0.0,0.0,0.0,0.0,11327819.412000002,False,0.0,-0.00870385992816003,-99461.45199999958
2024-05-10,2024-05-09,0,0,0,,False,0.0,0.0,0.0,0.0,0.0,0.0,11327819.412000002,False,0.0,-0.00870385992816003,-99461.45199999958
2024-05-13,2024-05-10,1,0,1,TX202405,False,-11800.0,50.0,83.772,200.0,333.772,-12133.772,11315685.640000002,False,-0.0010711480787861272,-0.009765684884106118,-111595.22399999946
2024-05-14,2024-05-13,1,1,1,TX202406,True,26000.0,100.0,168.108,400.0,668.108,25331.892,11341017.532000003,False,0.0022386528581576958,-0.007548894004326012,-86263.33199999854
2024-05-15,2024-05-14,1,1,1,TX202406,False,46600.0,0.0,0.0,0.0,0.0,46600.0,11387617.532000003,False,0.004108978746264404,-0.00347093350308314,-39663.33199999854
2024-05-16,2024-05-15,1,1,1,TX202406,False,24600.0,0.0,0.0,0.0,0.0,24600.0,11412217.532000003,False,0.0021602411506069885,-0.0013181904058605642,-15063.33199999854
2024-05-17,2024-05-16,1,1,1,TX202406,False,-6800.0,0.0,0.0,0.0,0.0,-6800.0,11405417.532000003,False,-0.0005958526448459918,-0.0019132576034668336,-21863.33199999854
2024-05-20,2024-05-17,0,1,0,,False,19800.0,50.0,85.736,200.0,335.736,19464.264,11424881.796000004,False,0.0017065805741341266,-0.00020994215759206902,-2399.0679999981076
2024-05-21,2024-05-20,1,0,1,TX202406,False,-9400.0,50.0,85.30000000000001,200.0,335.3,-9735.3,11415146.496000003,False,-0.0008521138488634913,-0.0010618771118355852,-12134.367999998853
2024-05-22,2024-05-21,0,1,0,,False,3200.0,50.0,85.168,200.0,335.168,2864.832,11418011.328000003,False,0.0002509676070301743,-0.0008111760015631075,-9269.53599999845
2024-05-23,2024-05-22,1,0,1,TX202406,False,-5200.0,50.0,86.524,200.0,336.524,-5536.524,11412474.804000003,False,-0.0004848938962271801,-0.0012956765634983824,-14806.059999998659
2024-05-24,2024-05-23,0,1,0,,False,-31200.0,50.0,85.78800000000001,200.0,335.788,-31535.788,11380939.016000003,False,-0.0027632733952627784,-0.004055369650184493,-46341.8479999993
2024-05-27,2024-05-24,1,0,1,TX202406,False,41000.0,50.0,86.68400000000001,200.0,336.684,40663.316,11421602.332000002,False,0.003572931543068027,-0.0004969276652584398,-5678.531999999657
2024-05-28,2024-05-27,0,1,0,,False,3400.0,50.0,87.56400000000001,200.0,337.564,3062.436,11424664.768000003,False,0.0002681266525468101,-0.00022893425226300224,-2616.095999998972
2024-05-29,2024-05-28,0,0,0,,False,0.0,0.0,0.0,0.0,0.0,0.0,11424664.768000003,False,0.0,-0.00022893425226300224,-2616.095999998972
2024-05-30,2024-05-29,0,0,0,,False,0.0,0.0,0.0,0.0,0.0,0.0,11424664.768000003,False,0.0,-0.00022893425226300224,-2616.095999998972
2024-05-31,2024-05-30,0,0,0,,False,0.0,0.0,0.0,0.0,0.0,0.0,11424664.768000003,False,0.0,-0.00022893425226300224,-2616.095999998972
2024-06-03,2024-05-31,0,0,0,,False,0.0,0.0,0.0,0.0,0.0,0.0,11424664.768000003,False,0.0,-0.00022893425226300224,-2616.095999998972
2024-06-04,2024-06-03,0,0,0,,False,0.0,0.0,0.0,0.0,0.0,0.0,11424664.768000003,False,0.0,-0.00022893425226300224,-2616.095999998972
2024-06-05,2024-06-04,0,0,0,,False,0.0,0.0,0.0,0.0,0.0,0.0,11424664.768000003,False,0.0,-0.00022893425226300224,-2616.095999998972
2024-06-06,2024-06-05,0,0,0,,False,0.0,0.0,0.0,0.0,0.0,0.0,11424664.768000003,False,0.0,-0.00022893425226300224,-2616.095999998972
2024-06-07,2024-06-06,0,0,0,,False,0.0,0.0,0.0,0.0,0.0,0.0,11424664.768000003,False,0.0,-0.00022893425226300224,-2616.095999998972
2024-06-11,2024-06-07,0,0,0,,False,0.0,0.0,0.0,0.0,0.0,0.0,11424664.768000003,False,0.0,-0.00022893425226300224,-2616.095999998972
2024-06-12,2024-06-11,0,0,0,,False,0.0,0.0,0.0,0.0,0.0,0.0,11424664.768000003,False,0.0,-0.00022893425226300224,-2616.095999998972
2024-06-13,2024-06-12,0,0,0,,False,0.0,0.0,0.0,0.0,0.0,0.0,11424664.768000003,False,0.0,-0.00022893425226300224,-2616.095999998972
2024-06-14,2024-06-13,0,0,0,,False,0.0,0.0,0.0,0.0,0.0,0.0,11424664.768000003,False,0.0,-0.00022893425226300224,-2616.095999998972
2024-06-17,2024-06-14,0,0,0,,False,0.0,0.0,0.0,0.0,0.0,0.0,11424664.768000003,False,0.0,-0.00022893425226300224,-2616.095999998972
2024-06-18,2024-06-17,0,0,0,,False,0.0,0.0,0.0,0.0,0.0,0.0,11424664.768000003,False,0.0,-0.00022893425226300224,-2616.095999998972
2024-06-19,2024-06-18,0,0,0,,False,0.0,0.0,0.0,0.0,0.0,0.0,11424664.768000003,False,0.0,-0.00022893425226300224,-2616.095999998972
2024-06-20,2024-06-19,0,0,0,,False,0.0,0.0,0.0,0.0,0.0,0.0,11424664.768000003,False,0.0,-0.00022893425226300224,-2616.095999998972
2024-06-21,2024-06-20,0,0,0,,False,0.0,0.0,0.0,0.0,0.0,0.0,11424664.768000003,False,0.0,-0.00022893425226300224,-2616.095999998972
2024-06-24,2024-06-21,0,0,0,,False,0.0,0.0,0.0,0.0,0.0,0.0,11424664.768000003,False,0.0,-0.00022893425226300224,-2616.095999998972
2024-06-25,2024-06-24,0,0,0,,False,0.0,0.0,0.0,0.0,0.0,0.0,11424664.768000003,False,0.0,-0.00022893425226300224,-2616.095999998972
2024-06-26,2024-06-25,0,0,0,,False,0.0,0.0,0.0,0.0,0.0,0.0,11424664.768000003,False,0.0,-0.00022893425226300224,-2616.095999998972
2024-06-27,2024-06-26,0,0,0,,False,0.0,0.0,0.0,0.0,0.0,0.0,11424664.768000003,False,0.0,-0.00022893425226300224,-2616.095999998972
2024-06-28,2024-06-27,0,0,0,,False,0.0,0.0,0.0,0.0,0.0,0.0,11424664.768000003,False,0.0,-0.00022893425226300224,-2616.095999998972
2024-07-01,2024-06-28,0,0,0,,False,0.0,0.0,0.0,0.0,0.0,0.0,11424664.768000003,False,0.0,-0.00022893425226300224,-2616.095999998972
2024-07-02,2024-07-01,0,0,0,,False,0.0,0.0,0.0,0.0,0.0,0.0,11424664.768000003,False,0.0,-0.00022893425226300224,-2616.095999998972
2024-07-03,2024-07-02,0,0,0,,False,0.0,0.0,0.0,0.0,0.0,0.0,11424664.768000003,False,0.0,-0.00022893425226300224,-2616.095999998972
2024-07-04,2024-07-03,0,0,0,,False,0.0,0.0,0.0,0.0,0.0,0.0,11424664.768000003,False,0.0,-0.00022893425226300224,-2616.095999998972
2024-07-05,2024-07-04,0,0,0,,False,0.0,0.0,0.0,0.0,0.0,0.0,11424664.768000003,False,0.0,-0.00022893425226300224,-2616.095999998972
2024-07-08,2024-07-05,0,0,0,,False,0.0,0.0,0.0,0.0,0.0,0.0,11424664.768000003,False,0.0,-0.00022893425226300224,-2616.095999998972
2024-07-09,2024-07-08,0,0,0,,False,0.0,0.0,0.0,0.0,0.0,0.0,11424664.768000003,False,0.0,-0.00022893425226300224,-2616.095999998972
2024-07-10,2024-07-09,0,0,0,,False,0.0,0.0,0.0,0.0,0.0,0.0,11424664.768000003,False,0.0,-0.00022893425226300224,-2616.095999998972
2024-07-11,2024-07-10,0,0,0,,False,0.0,0.0,0.0,0.0,0.0,0.0,11424664.768000003,False,0.0,-0.00022893425226300224,-2616.095999998972
2024-07-12,2024-07-11,0,0,0,,False,0.0,0.0,0.0,0.0,0.0,0.0,11424664.768000003,False,0.0,-0.00022893425226300224,-2616.095999998972
2024-07-15,2024-07-12,0,0,0,,False,0.0,0.0,0.0,0.0,0.0,0.0,11424664.768000003,False,0.0,-0.00022893425226300224,-2616.095999998972
2024-07-16,2024-07-15,0,0,0,,False,0.0,0.0,0.0,0.0,0.0,0.0,11424664.768000003,False,0.0,-0.00022893425226300224,-2616.095999998972
2024-07-17,2024-07-16,0,0,0,,False,0.0,0.0,0.0,0.0,0.0,0.0,11424664.768000003,False,0.0,-0.00022893425226300224,-2616.095999998972
2024-07-18,2024-07-17,0,0,0,,False,0.0,0.0,0.0,0.0,0.0,0.0,11424664.768000003,False,0.0,-0.00022893425226300224,-2616.095999998972
2024-07-19,2024-07-18,0,0,0,,False,0.0,0.0,0.0,0.0,0.0,0.0,11424664.768000003,False,0.0,-0.00022893425226300224,-2616.095999998972
2024-07-22,2024-07-19,0,0,0,,False,0.0,0.0,0.0,0.0,0.0,0.0,11424664.768000003,False,0.0,-0.00022893425226300224,-2616.095999998972
2024-07-23,2024-07-22,0,0,0,,False,0.0,0.0,0.0,0.0,0.0,0.0,11424664.768000003,False,0.0,-0.00022893425226300224,-2616.095999998972
2024-07-26,2024-07-23,0,0,0,,False,0.0,0.0,0.0,0.0,0.0,0.0,11424664.768000003,False,0.0,-0.00022893425226300224,-2616.095999998972
2024-07-29,2024-07-26,0,0,0,,False,0.0,0.0,0.0,0.0,0.0,0.0,11424664.768000003,False,0.0,-0.00022893425226300224,-2616.095999998972
2024-07-30,2024-07-29,0,0,0,,False,0.0,0.0,0.0,0.0,0.0,0.0,11424664.768000003,False,0.0,-0.00022893425226300224,-2616.095999998972
2024-07-31,2024-07-30,0,0,0,,False,0.0,0.0,0.0,0.0,0.0,0.0,11424664.768000003,False,0.0,-0.00022893425226300224,-2616.095999998972
2024-08-01,2024-07-31,0,0,0,,False,0.0,0.0,0.0,0.0,0.0,0.0,11424664.768000003,False,0.0,-0.00022893425226300224,-2616.095999998972
2024-08-02,2024-08-01,0,0,0,,False,0.0,0.0,0.0,0.0,0.0,0.0,11424664.768000003,False,0.0,-0.00022893425226300224,-2616.095999998972
2024-08-05,2024-08-02,0,0,0,,False,0.0,0.0,0.0,0.0,0.0,0.0,11424664.768000003,False,0.0,-0.00022893425226300224,-2616.095999998972
2024-08-06,2024-08-05,0,0,0,,False,0.0,0.0,0.0,0.0,0.0,0.0,11424664.768000003,False,0.0,-0.00022893425226300224,-2616.095999998972
2024-08-07,2024-08-06,0,0,0,,False,0.0,0.0,0.0,0.0,0.0,0.0,11424664.768000003,False,0.0,-0.00022893425226300224,-2616.095999998972
2024-08-08,2024-08-07,0,0,0,,False,0.0,0.0,0.0,0.0,0.0,0.0,11424664.768000003,False,0.0,-0.00022893425226300224,-2616.095999998972
2024-08-09,2024-08-08,0,0,0,,False,0.0,0.0,0.0,0.0,0.0,0.0,11424664.768000003,False,0.0,-0.00022893425226300224,-2616.095999998972
2024-08-12,2024-08-09,0,0,0,,False,0.0,0.0,0.0,0.0,0.0,0.0,11424664.768000003,False,0.0,-0.00022893425226300224,-2616.095999998972
2024-08-13,2024-08-12,0,0,0,,False,0.0,0.0,0.0,0.0,0.0,0.0,11424664.768000003,False,0.0,-0.00022893425226300224,-2616.095999998972
2024-08-14,2024-08-13,0,0,0,,False,0.0,0.0,0.0,0.0,0.0,0.0,11424664.768000003,False,0.0,-0.00022893425226300224,-2616.095999998972
2024-08-15,2024-08-14,0,0,0,,False,0.0,0.0,0.0,0.0,0.0,0.0,11424664.768000003,False,0.0,-0.00022893425226300224,-2616.095999998972
2024-08-16,2024-08-15,0,0,0,,False,0.0,0.0,0.0,0.0,0.0,0.0,11424664.768000003,False,0.0,-0.00022893425226300224,-2616.095999998972
2024-08-19,2024-08-16,0,0,0,,False,0.0,0.0,0.0,0.0,0.0,0.0,11424664.768000003,False,0.0,-0.00022893425226300224,-2616.095999998972
2024-08-20,2024-08-19,1,0,1,TX202409,True,-23800.0,150.0,269.58000000000004,600.0,1019.58,-24819.58,11399845.188000003,False,-0.0021724558666717806,-0.0024008927693753845,-27435.675999999046
2024-08-21,2024-08-20,0,1,0,,False,-24200.0,50.0,89.12400000000001,200.0,339.124,-24539.124,11375306.064000003,False,-0.0021525839689324026,-0.0045483086150213126,-51974.79999999888
2024-08-22,2024-08-21,0,0,0,,False,0.0,0.0,0.0,0.0,0.0,0.0,11375306.064000003,False,0.0,-0.0045483086150213126,-51974.79999999888
2024-08-23,2024-08-22,0,0,0,,False,0.0,0.0,0.0,0.0,0.0,0.0,11375306.064000003,False,0.0,-0.0045483086150213126,-51974.79999999888
2024-08-26,2024-08-23,1,0,1,TX202409,False,-4800.0,50.0,88.924,200.0,338.924,-5138.924,11370167.140000002,False,-0.0004517613830421151,-0.004998015247873022,-57113.72399999946
2024-08-27,2024-08-26,0,1,0,,False,-18800.0,50.0,88.444,200.0,338.444,-19138.444,11351028.696000002,False,-0.0016832157139248522,-0.006672818223994237,-76252.1679999996
2024-08-28,2024-08-27,1,0,1,TX202409,False,44000.0,50.0,88.72800000000001,200.0,338.728,43661.272,11394689.968000002,False,0.003846459485683956,-0.0028520254632642406,-32590.895999999717
2024-08-29,2024-08-28,1,1,1,TX202409,False,-45000.0,0.0,0.0,0.0,0.0,-45000.0,11349689.968000002,False,-0.0039492079316220665,-0.0067899701533055135,-77590.89599999972
2024-08-30,2024-08-29,1,1,1,TX202409,False,29400.0,0.0,0.0,0.0,0.0,29400.0,11379089.968000002,False,0.0025903791277904617,-0.004217179622478584,-48190.89599999972
2024-09-02,2024-08-30,0,1,0,,False,-1000.0,50.0,89.268,200.0,339.26800000000003,-1339.268,11377750.700000003,False,-0.00011769552782922506,-0.00433437880712606,-49530.16399999894
2024-09-03,2024-09-02,0,0,0,,False,0.0,0.0,0.0,0.0,0.0,0.0,11377750.700000003,False,0.0,-0.00433437880712606,-49530.16399999894
2024-09-04,2024-09-03,0,0,0,,False,0.0,0.0,0.0,0.0,0.0,0.0,11377750.700000003,False,0.0,-0.00433437880712606,-49530.16399999894
2024-09-05,2024-09-04,0,0,0,,False,0.0,0.0,0.0,0.0,0.0,0.0,11377750.700000003,False,0.0,-0.00433437880712606,-49530.16399999894
2024-09-06,2024-09-05,0,0,0,,False,0.0,0.0,0.0,0.0,0.0,0.0,11377750.700000003,False,0.0,-0.00433437880712606,-49530.16399999894
2024-09-09,2024-09-06,0,0,0,,False,0.0,0.0,0.0,0.0,0.0,0.0,11377750.700000003,False,0.0,-0.00433437880712606,-49530.16399999894
2024-09-10,2024-09-09,0,0,0,,False,0.0,0.0,0.0,0.0,0.0,0.0,11377750.700000003,False,0.0,-0.00433437880712606,-49530.16399999894
2024-09-11,2024-09-10,0,0,0,,False,0.0,0.0,0.0,0.0,0.0,0.0,11377750.700000003,False,0.0,-0.00433437880712606,-49530.16399999894
2024-09-12,2024-09-11,0,0,0,,False,0.0,0.0,0.0,0.0,0.0,0.0,11377750.700000003,False,0.0,-0.00433437880712606,-49530.16399999894
2024-09-13,2024-09-12,0,0,0,,False,0.0,0.0,0.0,0.0,0.0,0.0,11377750.700000003,False,0.0,-0.00433437880712606,-49530.16399999894
2024-09-16,2024-09-13,0,0,0,,False,0.0,0.0,0.0,0.0,0.0,0.0,11377750.700000003,False,0.0,-0.00433437880712606,-49530.16399999894
2024-09-18,2024-09-16,0,0,0,,False,0.0,0.0,0.0,0.0,0.0,0.0,11377750.700000003,False,0.0,-0.00433437880712606,-49530.16399999894
2024-09-19,2024-09-18,0,0,0,,False,0.0,0.0,0.0,0.0,0.0,0.0,11377750.700000003,False,0.0,-0.00433437880712606,-49530.16399999894
2024-09-20,2024-09-19,1,0,1,TX202410,False,-25000.0,50.0,89.384,200.0,339.384,-25339.384,11352411.316000003,False,-0.002227099597111052,-0.0065518253109420055,-74869.54799999855
2024-09-23,2024-09-20,0,1,0,,False,14200.0,50.0,89.16000000000001,200.0,339.16,13860.84,11366272.156000003,False,0.001220959989395789,-0.005338864838108415,-61008.7079999987
2024-09-24,2024-09-23,0,0,0,,False,0.0,0.0,0.0,0.0,0.0,0.0,11366272.156000003,False,0.0,-0.005338864838108415,-61008.7079999987
2024-09-25,2024-09-24,0,0,0,,False,0.0,0.0,0.0,0.0,0.0,0.0,11366272.156000003,False,0.0,-0.005338864838108415,-61008.7079999987
2024-09-26,2024-09-25,0,0,0,,False,0.0,0.0,0.0,0.0,0.0,0.0,11366272.156000003,False,0.0,-0.005338864838108415,-61008.7079999987
2024-09-27,2024-09-26,0,0,0,,False,0.0,0.0,0.0,0.0,0.0,0.0,11366272.156000003,False,0.0,-0.005338864838108415,-61008.7079999987
2024-09-30,2024-09-27,0,0,0,,False,0.0,0.0,0.0,0.0,0.0,0.0,11366272.156000003,False,0.0,-0.005338864838108415,-61008.7079999987
2024-10-01,2024-09-30,0,0,0,,False,0.0,0.0,0.0,0.0,0.0,0.0,11366272.156000003,False,0.0,-0.005338864838108415,-61008.7079999987
2024-10-04,2024-10-01,0,0,0,,False,0.0,0.0,0.0,0.0,0.0,0.0,11366272.156000003,False,0.0,-0.005338864838108415,-61008.7079999987
2024-10-07,2024-10-04,0,0,0,,False,0.0,0.0,0.0,0.0,0.0,0.0,11366272.156000003,False,0.0,-0.005338864838108415,-61008.7079999987
2024-10-08,2024-10-07,0,0,0,,False,0.0,0.0,0.0,0.0,0.0,0.0,11366272.156000003,False,0.0,-0.005338864838108415,-61008.7079999987
2024-10-09,2024-10-08,0,0,0,,False,0.0,0.0,0.0,0.0,0.0,0.0,11366272.156000003,False,0.0,-0.005338864838108415,-61008.7079999987
2024-10-11,2024-10-09,0,0,0,,False,0.0,0.0,0.0,0.0,0.0,0.0,11366272.156000003,False,0.0,-0.005338864838108415,-61008.7079999987
2024-10-14,2024-10-11,0,0,0,,False,0.0,0.0,0.0,0.0,0.0,0.0,11366272.156000003,False,0.0,-0.005338864838108415,-61008.7079999987
2024-10-15,2024-10-14,0,0,0,,False,0.0,0.0,0.0,0.0,0.0,0.0,11366272.156000003,False,0.0,-0.005338864838108415,-61008.7079999987
2024-10-16,2024-10-15,0,0,0,,False,0.0,0.0,0.0,0.0,0.0,0.0,11366272.156000003,False,0.0,-0.005338864838108415,-61008.7079999987
2024-10-17,2024-10-16,0,0,0,,False,0.0,0.0,0.0,0.0,0.0,0.0,11366272.156000003,False,0.0,-0.005338864838108415,-61008.7079999987
2024-10-18,2024-10-17,0,0,0,,False,0.0,0.0,0.0,0.0,0.0,0.0,11366272.156000003,False,0.0,-0.005338864838108415,-61008.7079999987
2024-10-21,2024-10-18,0,0,0,,False,0.0,0.0,0.0,0.0,0.0,0.0,11366272.156000003,False,0.0,-0.005338864838108415,-61008.7079999987
2024-10-22,2024-10-21,0,0,0,,False,0.0,0.0,0.0,0.0,0.0,0.0,11366272.156000003,False,0.0,-0.005338864838108415,-61008.7079999987
2024-10-23,2024-10-22,0,0,0,,False,0.0,0.0,0.0,0.0,0.0,0.0,11366272.156000003,False,0.0,-0.005338864838108415,-61008.7079999987
2024-10-24,2024-10-23,0,0,0,,False,0.0,0.0,0.0,0.0,0.0,0.0,11366272.156000003,False,0.0,-0.005338864838108415,-61008.7079999987
2024-10-25,2024-10-24,0,0,0,,False,0.0,0.0,0.0,0.0,0.0,0.0,11366272.156000003,False,0.0,-0.005338864838108415,-61008.7079999987
2024-10-28,2024-10-25,0,0,0,,False,0.0,0.0,0.0,0.0,0.0,0.0,11366272.156000003,False,0.0,-0.005338864838108415,-61008.7079999987
2024-10-29,2024-10-28,0,0,0,,False,0.0,0.0,0.0,0.0,0.0,0.0,11366272.156000003,False,0.0,-0.005338864838108415,-61008.7079999987
2024-10-30,2024-10-29,0,0,0,,False,0.0,0.0,0.0,0.0,0.0,0.0,11366272.156000003,False,0.0,-0.005338864838108415,-61008.7079999987
2024-11-01,2024-10-30,0,0,0,,False,0.0,0.0,0.0,0.0,0.0,0.0,11366272.156000003,False,0.0,-0.005338864838108415,-61008.7079999987
2024-11-04,2024-11-01,0,0,0,,False,0.0,0.0,0.0,0.0,0.0,0.0,11366272.156000003,False,0.0,-0.005338864838108415,-61008.7079999987
2024-11-05,2024-11-04,0,0,0,,False,0.0,0.0,0.0,0.0,0.0,0.0,11366272.156000003,False,0.0,-0.005338864838108415,-61008.7079999987
2024-11-06,2024-11-05,0,0,0,,False,0.0,0.0,0.0,0.0,0.0,0.0,11366272.156000003,False,0.0,-0.005338864838108415,-61008.7079999987
2024-11-07,2024-11-06,0,0,0,,False,0.0,0.0,0.0,0.0,0.0,0.0,11366272.156000003,False,0.0,-0.005338864838108415,-61008.7079999987
2024-11-08,2024-11-07,0,0,0,,False,0.0,0.0,0.0,0.0,0.0,0.0,11366272.156000003,False,0.0,-0.005338864838108415,-61008.7079999987
2024-11-11,2024-11-08,0,0,0,,False,0.0,0.0,0.0,0.0,0.0,0.0,11366272.156000003,False,0.0,-0.005338864838108415,-61008.7079999987
2024-11-12,2024-11-11,0,0,0,,False,0.0,0.0,0.0,0.0,0.0,0.0,11366272.156000003,False,0.0,-0.005338864838108415,-61008.7079999987
2024-11-13,2024-11-12,0,0,0,,False,0.0,0.0,0.0,0.0,0.0,0.0,11366272.156000003,False,0.0,-0.005338864838108415,-61008.7079999987
2024-11-14,2024-11-13,0,0,0,,False,0.0,0.0,0.0,0.0,0.0,0.0,11366272.156000003,False,0.0,-0.005338864838108415,-61008.7079999987
2024-11-15,2024-11-14,0,0,0,,False,0.0,0.0,0.0,0.0,0.0,0.0,11366272.156000003,False,0.0,-0.005338864838108415,-61008.7079999987
2024-11-18,2024-11-15,0,0,0,,False,0.0,0.0,0.0,0.0,0.0,0.0,11366272.156000003,False,0.0,-0.005338864838108415,-61008.7079999987
2024-11-19,2024-11-18,0,0,0,,False,0.0,0.0,0.0,0.0,0.0,0.0,11366272.156000003,False,0.0,-0.005338864838108415,-61008.7079999987
2024-11-20,2024-11-19,0,0,0,,False,0.0,0.0,0.0,0.0,0.0,0.0,11366272.156000003,False,0.0,-0.005338864838108415,-61008.7079999987
2024-11-21,2024-11-20,0,0,0,,False,0.0,0.0,0.0,0.0,0.0,0.0,11366272.156000003,False,0.0,-0.005338864838108415,-61008.7079999987
2024-11-22,2024-11-21,0,0,0,,False,0.0,0.0,0.0,0.0,0.0,0.0,11366272.156000003,False,0.0,-0.005338864838108415,-61008.7079999987
2024-11-25,2024-11-22,0,0,0,,False,0.0,0.0,0.0,0.0,0.0,0.0,11366272.156000003,False,0.0,-0.005338864838108415,-61008.7079999987
2024-11-26,2024-11-25,0,0,0,,False,0.0,0.0,0.0,0.0,0.0,0.0,11366272.156000003,False,0.0,-0.005338864838108415,-61008.7079999987
2024-11-27,2024-11-26,0,0,0,,False,0.0,0.0,0.0,0.0,0.0,0.0,11366272.156000003,False,0.0,-0.005338864838108415,-61008.7079999987
2024-11-28,2024-11-27,0,0,0,,False,0.0,0.0,0.0,0.0,0.0,0.0,11366272.156000003,False,0.0,-0.005338864838108415,-61008.7079999987
2024-11-29,2024-11-28,0,0,0,,False,0.0,0.0,0.0,0.0,0.0,0.0,11366272.156000003,False,0.0,-0.005338864838108415,-61008.7079999987
2024-12-02,2024-11-29,0,0,0,,False,0.0,0.0,0.0,0.0,0.0,0.0,11366272.156000003,False,0.0,-0.005338864838108415,-61008.7079999987
2024-12-03,2024-12-02,0,0,0,,False,0.0,0.0,0.0,0.0,0.0,0.0,11366272.156000003,False,0.0,-0.005338864838108415,-61008.7079999987
2024-12-04,2024-12-03,0,0,0,,False,0.0,0.0,0.0,0.0,0.0,0.0,11366272.156000003,False,0.0,-0.005338864838108415,-61008.7079999987
2024-12-05,2024-12-04,1,0,1,TX202412,False,-1800.0,50.0,93.04400000000001,200.0,343.044,-2143.044,11364129.112000003,False,-0.00018854413923818765,-0.005526402365671146,-63151.751999998465
2024-12-06,2024-12-05,1,1,1,TX202412,False,-14400.0,0.0,0.0,0.0,0.0,-14400.0,11349729.112000003,False,-0.0012671450542386265,-0.006786544666484429,-77551.75199999847
2024-12-09,2024-12-06,1,1,1,TX202412,False,14000.0,0.0,0.0,0.0,0.0,14000.0,11363729.112000003,False,0.0012335096161191971,-0.005561406318471573,-63551.751999998465
2024-12-10,2024-12-09,1,1,1,TX202412,False,-31800.0,0.0,0.0,0.0,0.0,-31800.0,11331929.112000003,False,-0.002798377160048585,-0.008344220566100735,-95351.75199999847
2024-12-11,2024-12-10,1,1,1,TX202412,False,-48400.0,0.0,0.0,0.0,0.0,-48400.0,11283529.112000003,False,-0.0042711174347840365,-0.012579698854945254,-143751.75199999847
2024-12-12,2024-12-11,0,1,0,,False,31200.0,50.0,92.012,200.0,342.012,30857.988,11314387.100000003,False,0.002734781617852398,-0.009879319966279443,-112893.76399999857
2024-12-13,2024-12-12,1,0,1,TX202412,False,-2000.0,50.0,91.98800000000001,200.0,341.988,-2341.988,11312045.112000003,False,-0.00020699203406254318,-0.010084267059807028,-115235.75199999847
2024-12-16,2024-12-13,0,1,0,,False,46800.0,50.0,92.876,200.0,342.876,46457.124,11358502.236000003,False,0.004106872235747851,-0.006018809620464971,-68778.62799999863
2024-12-17,2024-12-16,0,0,0,,False,0.0,0.0,0.0,0.0,0.0,0.0,11358502.236000003,False,0.0,-0.006018809620464971,-68778.62799999863
2024-12-18,2024-12-17,0,0,0,,False,0.0,0.0,0.0,0.0,0.0,0.0,11358502.236000003,False,0.0,-0.006018809620464971,-68778.62799999863
2024-12-19,2024-12-18,1,0,1,TX202501,False,20400.0,50.0,90.992,200.0,340.992,20059.008,11378561.244000003,False,0.001765990584253647,-0.004263448197329489,-48719.61999999918
2024-12-20,2024-12-19,0,1,0,,False,-16400.0,50.0,91.06400000000001,200.0,341.064,-16741.064,11361820.180000003,False,-0.0014712812666739991,-0.0057284567325393,-65460.683999998495
2024-12-23,2024-12-20,0,0,0,,False,0.0,0.0,0.0,0.0,0.0,0.0,11361820.180000003,False,0.0,-0.0057284567325393,-65460.683999998495
2024-12-24,2024-12-23,1,0,1,TX202501,False,-42800.0,50.0,93.724,200.0,343.724,-43143.724,11318676.456000004,False,-0.0037972546050275536,-0.009503958928859468,-108604.40799999796
2024-12-25,2024-12-24,1,1,1,TX202501,False,22600.0,0.0,0.0,0.0,0.0,22600.0,11341276.456000004,False,0.0019966998869395012,-0.007526235595638697,-86004.40799999796
2024-12-26,2024-12-25,1,1,1,TX202501,False,-600.0,0.0,0.0,0.0,0.0,-600.0,11340676.456000004,False,-5.29040979053619e-05,-0.007578741524839283,-86604.40799999796
2024-12-27,2024-12-26,0,1,0,,False,-26400.0,50.0,92.772,200.0,342.772,-26742.772,11313933.684000004,False,-0.0023581284682406417,-0.00991899834693677,-113347.17999999784
2024-12-30,2024-12-27,0,0,0,,False,0.0,0.0,0.0,0.0,0.0,0.0,11313933.684000004,False,0.0,-0.00991899834693677,-113347.17999999784
2024-12-31,2024-12-30,0,0,0,,False,0.0,0.0,0.0,0.0,0.0,0.0,11313933.684000004,False,0.0,-0.00991899834693677,-113347.17999999784
2025-01-02,2024-12-31,0,0,0,,False,0.0,0.0,0.0,0.0,0.0,0.0,11313933.684000004,False,0.0,-0.00991899834693677,-113347.17999999784
2025-01-03,2025-01-02,0,0,0,,False,0.0,0.0,0.0,0.0,0.0,0.0,11313933.684000004,False,0.0,-0.00991899834693677,-113347.17999999784
2025-01-06,2025-01-03,0,0,0,,False,0.0,0.0,0.0,0.0,0.0,0.0,11313933.684000004,False,0.0,-0.00991899834693677,-113347.17999999784
2025-01-07,2025-01-06,0,0,0,,False,0.0,0.0,0.0,0.0,0.0,0.0,11313933.684000004,False,0.0,-0.00991899834693677,-113347.17999999784
2025-01-08,2025-01-07,0,0,0,,False,0.0,0.0,0.0,0.0,0.0,0.0,11313933.684000004,False,0.0,-0.00991899834693677,-113347.17999999784
2025-01-09,2025-01-08,0,0,0,,False,0.0,0.0,0.0,0.0,0.0,0.0,11313933.684000004,False,0.0,-0.00991899834693677,-113347.17999999784
2025-01-10,2025-01-09,0,0,0,,False,0.0,0.0,0.0,0.0,0.0,0.0,11313933.684000004,False,0.0,-0.00991899834693677,-113347.17999999784
2025-01-13,2025-01-10,0,0,0,,False,0.0,0.0,0.0,0.0,0.0,0.0,11313933.684000004,False,0.0,-0.00991899834693677,-113347.17999999784
2025-01-14,2025-01-13,0,0,0,,False,0.0,0.0,0.0,0.0,0.0,0.0,11313933.684000004,False,0.0,-0.00991899834693677,-113347.17999999784
2025-01-15,2025-01-14,0,0,0,,False,0.0,0.0,0.0,0.0,0.0,0.0,11313933.684000004,False,0.0,-0.00991899834693677,-113347.17999999784
2025-01-16,2025-01-15,0,0,0,,False,0.0,0.0,0.0,0.0,0.0,0.0,11313933.684000004,False,0.0,-0.00991899834693677,-113347.17999999784
2025-01-17,2025-01-16,0,0,0,,False,0.0,0.0,0.0,0.0,0.0,0.0,11313933.684000004,False,0.0,-0.00991899834693677,-113347.17999999784
2025-01-20,2025-01-17,0,0,0,,False,0.0,0.0,0.0,0.0,0.0,0.0,11313933.684000004,False,0.0,-0.00991899834693677,-113347.17999999784
2025-01-21,2025-01-20,0,0,0,,False,0.0,0.0,0.0,0.0,0.0,0.0,11313933.684000004,False,0.0,-0.00991899834693677,-113347.17999999784
2025-01-22,2025-01-21,0,0,0,,False,0.0,0.0,0.0,0.0,0.0,0.0,11313933.684000004,False,0.0,-0.00991899834693677,-113347.17999999784
2025-02-03,2025-01-22,0,0,0,,False,0.0,0.0,0.0,0.0,0.0,0.0,11313933.684000004,False,0.0,-0.00991899834693677,-113347.17999999784
2025-02-04,2025-02-03,0,0,0,,False,0.0,0.0,0.0,0.0,0.0,0.0,11313933.684000004,False,0.0,-0.00991899834693677,-113347.17999999784
2025-02-05,2025-02-04,0,0,0,,False,0.0,0.0,0.0,0.0,0.0,0.0,11313933.684000004,False,0.0,-0.00991899834693677,-113347.17999999784
2025-02-06,2025-02-05,0,0,0,,False,0.0,0.0,0.0,0.0,0.0,0.0,11313933.684000004,False,0.0,-0.00991899834693677,-113347.17999999784
2025-02-07,2025-02-06,1,0,1,TX202502,False,29200.0,50.0,93.144,200.0,343.144,28856.856,11342790.540000005,False,0.002550559054523091,-0.007393738283459128,-84490.32399999723
2025-02-10,2025-02-07,1,1,1,TX202502,False,-37000.0,0.0,0.0,0.0,0.0,-37000.0,11305790.540000005,False,-0.0032619838891955757,-0.010631603917493182,-121490.32399999723
2025-02-11,2025-02-10,1,1,1,TX202502,False,17800.0,0.0,0.0,0.0,0.0,17800.0,11323590.540000005,False,0.0015744144504555798,-0.009073928017876765,-103690.32399999723
2025-02-12,2025-02-11,0,1,0,,False,18800.0,50.0,93.712,200.0,343.712,18456.288,11342046.828000005,False,0.0016298971545115576,-0.0074588204328217556,-85234.03599999659
2025-02-13,2025-02-12,0,0,0,,False,0.0,0.0,0.0,0.0,0.0,0.0,11342046.828000005,False,0.0,-0.0074588204328217556,-85234.03599999659
2025-02-14,2025-02-13,0,0,0,,False,0.0,0.0,0.0,0.0,0.0,0.0,11342046.828000005,False,0.0,-0.0074588204328217556,-85234.03599999659
2025-02-17,2025-02-14,0,0,0,,False,0.0,0.0,0.0,0.0,0.0,0.0,11342046.828000005,False,0.0,-0.0074588204328217556,-85234.03599999659
2025-02-18,2025-02-17,0,0,0,,False,0.0,0.0,0.0,0.0,0.0,0.0,11342046.828000005,False,0.0,-0.0074588204328217556,-85234.03599999659
2025-02-19,2025-02-18,1,0,1,TX202503,False,5400.0,50.0,94.33200000000001,200.0,344.332,5055.668,11347102.496000005,False,0.0004457456468544213,-0.007016399522706052,-80178.36799999699
2025-02-20,2025-02-19,1,1,1,TX202503,False,-14200.0,0.0,0.0,0.0,0.0,-14200.0,11332902.496000005,False,-0.0012514207926654119,-0.008259039847119065,-94378.36799999699
2025-02-21,2025-02-20,1,1,1,TX202503,False,41400.0,0.0,0.0,0.0,0.0,41400.0,11374302.496000005,False,0.0036530800485235185,-0.004636130732280974,-52978.36799999699
2025-02-24,2025-02-21,1,1,1,TX202503,False,-37400.0,0.0,0.0,0.0,0.0,-37400.0,11336902.496000005,False,-0.0032881137118651836,-0.007909000319115345,-90378.36799999699
2025-02-25,2025-02-24,0,1,0,,False,-65400.0,50.0,92.92,200.0,342.92,-65742.92,11271159.576000005,False,-0.005799019619617973,-0.013662155490711259,-156121.28799999692
2025-02-26,2025-02-25,0,0,0,,False,0.0,0.0,0.0,0.0,0.0,0.0,11271159.576000005,False,0.0,-0.013662155490711259,-156121.28799999692
2025-02-27,2025-02-26,0,0,0,,False,0.0,0.0,0.0,0.0,0.0,0.0,11271159.576000005,False,0.0,-0.013662155490711259,-156121.28799999692
2025-03-03,2025-02-27,0,0,0,,False,0.0,0.0,0.0,0.0,0.0,0.0,11271159.576000005,False,0.0,-0.013662155490711259,-156121.28799999692
2025-03-04,2025-03-03,0,0,0,,False,0.0,0.0,0.0,0.0,0.0,0.0,11271159.576000005,False,0.0,-0.013662155490711259,-156121.28799999692
2025-03-05,2025-03-04,0,0,0,,False,0.0,0.0,0.0,0.0,0.0,0.0,11271159.576000005,False,0.0,-0.013662155490711259,-156121.28799999692
2025-03-06,2025-03-05,0,0,0,,False,0.0,0.0,0.0,0.0,0.0,0.0,11271159.576000005,False,0.0,-0.013662155490711259,-156121.28799999692
2025-03-07,2025-03-06,0,0,0,,False,0.0,0.0,0.0,0.0,0.0,0.0,11271159.576000005,False,0.0,-0.013662155490711259,-156121.28799999692
2025-03-10,2025-03-07,0,0,0,,False,0.0,0.0,0.0,0.0,0.0,0.0,11271159.576000005,False,0.0,-0.013662155490711259,-156121.28799999692
2025-03-11,2025-03-10,0,0,0,,False,0.0,0.0,0.0,0.0,0.0,0.0,11271159.576000005,False,0.0,-0.013662155490711259,-156121.28799999692
2025-03-12,2025-03-11,0,0,0,,False,0.0,0.0,0.0,0.0,0.0,0.0,11271159.576000005,False,0.0,-0.013662155490711259,-156121.28799999692
2025-03-13,2025-03-12,0,0,0,,False,0.0,0.0,0.0,0.0,0.0,0.0,11271159.576000005,False,0.0,-0.013662155490711259,-156121.28799999692
2025-03-14,2025-03-13,0,0,0,,False,0.0,0.0,0.0,0.0,0.0,0.0,11271159.576000005,False,0.0,-0.013662155490711259,-156121.28799999692
2025-03-17,2025-03-14,0,0,0,,False,0.0,0.0,0.0,0.0,0.0,0.0,11271159.576000005,False,0.0,-0.013662155490711259,-156121.28799999692
2025-03-18,2025-03-17,0,0,0,,False,0.0,0.0,0.0,0.0,0.0,0.0,11271159.576000005,False,0.0,-0.013662155490711259,-156121.28799999692
2025-03-19,2025-03-18,0,0,0,,False,0.0,0.0,0.0,0.0,0.0,0.0,11271159.576000005,False,0.0,-0.013662155490711259,-156121.28799999692
2025-03-20,2025-03-19,0,0,0,,False,0.0,0.0,0.0,0.0,0.0,0.0,11271159.576000005,False,0.0,-0.013662155490711259,-156121.28799999692
2025-03-21,2025-03-20,0,0,0,,False,0.0,0.0,0.0,0.0,0.0,0.0,11271159.576000005,False,0.0,-0.013662155490711259,-156121.28799999692
2025-03-24,2025-03-21,0,0,0,,False,0.0,0.0,0.0,0.0,0.0,0.0,11271159.576000005,False,0.0,-0.013662155490711259,-156121.28799999692
2025-03-25,2025-03-24,0,0,0,,False,0.0,0.0,0.0,0.0,0.0,0.0,11271159.576000005,False,0.0,-0.013662155490711259,-156121.28799999692
2025-03-26,2025-03-25,0,0,0,,False,0.0,0.0,0.0,0.0,0.0,0.0,11271159.576000005,False,0.0,-0.013662155490711259,-156121.28799999692
2025-03-27,2025-03-26,0,0,0,,False,0.0,0.0,0.0,0.0,0.0,0.0,11271159.576000005,False,0.0,-0.013662155490711259,-156121.28799999692
2025-03-28,2025-03-27,0,0,0,,False,0.0,0.0,0.0,0.0,0.0,0.0,11271159.576000005,False,0.0,-0.013662155490711259,-156121.28799999692
2025-03-31,2025-03-28,0,0,0,,False,0.0,0.0,0.0,0.0,0.0,0.0,11271159.576000005,False,0.0,-0.013662155490711259,-156121.28799999692
2025-04-01,2025-03-31,0,0,0,,False,0.0,0.0,0.0,0.0,0.0,0.0,11271159.576000005,False,0.0,-0.013662155490711259,-156121.28799999692
2025-04-02,2025-04-01,0,0,0,,False,0.0,0.0,0.0,0.0,0.0,0.0,11271159.576000005,False,0.0,-0.013662155490711259,-156121.28799999692
2025-04-07,2025-04-02,0,0,0,,False,0.0,0.0,0.0,0.0,0.0,0.0,11271159.576000005,False,0.0,-0.013662155490711259,-156121.28799999692
2025-04-08,2025-04-07,0,0,0,,False,0.0,0.0,0.0,0.0,0.0,0.0,11271159.576000005,False,0.0,-0.013662155490711259,-156121.28799999692
2025-04-09,2025-04-08,0,0,0,,False,0.0,0.0,0.0,0.0,0.0,0.0,11271159.576000005,False,0.0,-0.013662155490711259,-156121.28799999692
2025-04-10,2025-04-09,0,0,0,,False,0.0,0.0,0.0,0.0,0.0,0.0,11271159.576000005,False,0.0,-0.013662155490711259,-156121.28799999692
2025-04-11,2025-04-10,0,0,0,,False,0.0,0.0,0.0,0.0,0.0,0.0,11271159.576000005,False,0.0,-0.013662155490711259,-156121.28799999692
2025-04-14,2025-04-11,0,0,0,,False,0.0,0.0,0.0,0.0,0.0,0.0,11271159.576000005,False,0.0,-0.013662155490711259,-156121.28799999692
2025-04-15,2025-04-14,0,0,0,,False,0.0,0.0,0.0,0.0,0.0,0.0,11271159.576000005,False,0.0,-0.013662155490711259,-156121.28799999692
2025-04-16,2025-04-15,0,0,0,,False,0.0,0.0,0.0,0.0,0.0,0.0,11271159.576000005,False,0.0,-0.013662155490711259,-156121.28799999692
2025-04-17,2025-04-16,0,0,0,,False,0.0,0.0,0.0,0.0,0.0,0.0,11271159.576000005,False,0.0,-0.013662155490711259,-156121.28799999692
2025-04-18,2025-04-17,0,0,0,,False,0.0,0.0,0.0,0.0,0.0,0.0,11271159.576000005,False,0.0,-0.013662155490711259,-156121.28799999692
2025-04-21,2025-04-18,0,0,0,,False,0.0,0.0,0.0,0.0,0.0,0.0,11271159.576000005,False,0.0,-0.013662155490711259,-156121.28799999692
2025-04-22,2025-04-21,0,0,0,,False,0.0,0.0,0.0,0.0,0.0,0.0,11271159.576000005,False,0.0,-0.013662155490711259,-156121.28799999692
2025-04-23,2025-04-22,0,0,0,,False,0.0,0.0,0.0,0.0,0.0,0.0,11271159.576000005,False,0.0,-0.013662155490711259,-156121.28799999692
2025-04-24,2025-04-23,0,0,0,,False,0.0,0.0,0.0,0.0,0.0,0.0,11271159.576000005,False,0.0,-0.013662155490711259,-156121.28799999692
2025-04-25,2025-04-24,0,0,0,,False,0.0,0.0,0.0,0.0,0.0,0.0,11271159.576000005,False,0.0,-0.013662155490711259,-156121.28799999692
2025-04-28,2025-04-25,1,0,1,TX202505,False,0.0,50.0,79.864,200.0,329.86400000000003,-329.86400000000003,11270829.712000005,False,-2.926619907878766e-05,-0.013691021850427587,-156451.15199999698
2025-04-29,2025-04-28,1,1,1,TX202505,False,37800.0,0.0,0.0,0.0,0.0,37800.0,11308629.712000005,False,0.003353790356689934,-0.010383148310792789,-118651.15199999698
2025-04-30,2025-04-29,1,1,1,TX202505,False,-1000.0,0.0,0.0,0.0,0.0,-1000.0,11307629.712000005,False,-8.842804349132266e-05,-0.010470658192793802,-119651.15199999698
2025-05-02,2025-04-30,1,1,1,TX202505,False,105600.0,0.0,0.0,0.0,0.0,105600.0,11413229.712000005,False,0.009338827206902081,-0.0012296146534966912,-14051.151999996975
2025-05-05,2025-05-02,1,1,1,TX202505,False,-54600.0,0.0,0.0,0.0,0.0,-54600.0,11358629.712000005,False,-0.004783921937766039,-0.006007654210746893,-68651.15199999698
2025-05-06,2025-05-05,1,1,1,TX202505,False,-13400.0,0.0,0.0,0.0,0.0,-13400.0,11345229.712000005,False,-0.0011797197672394723,-0.007180286629559163,-82051.15199999698
2025-05-07,2025-05-06,1,1,1,TX202505,False,8800.0,0.0,0.0,0.0,0.0,8800.0,11354029.712000005,False,0.0007756563968636192,-0.006410199667951089,-73251.15199999698
2025-05-08,2025-05-07,1,1,1,TX202505,False,38800.0,0.0,0.0,0.0,0.0,38800.0,11392829.712000005,False,0.0034172889259742305,-0.0030148162463154993,-34451.151999996975
2025-05-09,2025-05-08,1,1,1,TX202505,False,54600.0,0.0,0.0,0.0,0.0,54600.0,11447429.712000005,False,0.004792488028017317,0.0,0.0
2025-05-12,2025-05-09,1,1,1,TX202505,False,43600.0,0.0,0.0,0.0,0.0,43600.0,11491029.712000005,False,0.003808715239744639,0.0,0.0
2025-05-13,2025-05-12,0,1,0,,False,71000.0,50.0,85.68,200.0,335.68,70664.32,11561694.032000005,False,0.006149520258067537,0.0,0.0
2025-05-14,2025-05-13,0,0,0,,False,0.0,0.0,0.0,0.0,0.0,0.0,11561694.032000005,False,0.0,0.0,0.0
2025-05-15,2025-05-14,0,0,0,,False,0.0,0.0,0.0,0.0,0.0,0.0,11561694.032000005,False,0.0,0.0,0.0
2025-05-16,2025-05-15,0,0,0,,False,0.0,0.0,0.0,0.0,0.0,0.0,11561694.032000005,False,0.0,0.0,0.0
2025-05-19,2025-05-16,0,0,0,,False,0.0,0.0,0.0,0.0,0.0,0.0,11561694.032000005,False,0.0,0.0,0.0
2025-05-20,2025-05-19,0,0,0,,False,0.0,0.0,0.0,0.0,0.0,0.0,11561694.032000005,False,0.0,0.0,0.0
2025-05-21,2025-05-20,0,0,0,,False,0.0,0.0,0.0,0.0,0.0,0.0,11561694.032000005,False,0.0,0.0,0.0
2025-05-22,2025-05-21,0,0,0,,False,0.0,0.0,0.0,0.0,0.0,0.0,11561694.032000005,False,0.0,0.0,0.0
2025-05-23,2025-05-22,0,0,0,,False,0.0,0.0,0.0,0.0,0.0,0.0,11561694.032000005,False,0.0,0.0,0.0
2025-05-26,2025-05-23,0,0,0,,False,0.0,0.0,0.0,0.0,0.0,0.0,11561694.032000005,False,0.0,0.0,0.0
2025-05-27,2025-05-26,0,0,0,,False,0.0,0.0,0.0,0.0,0.0,0.0,11561694.032000005,False,0.0,0.0,0.0
2025-05-28,2025-05-27,0,0,0,,False,0.0,0.0,0.0,0.0,0.0,0.0,11561694.032000005,False,0.0,0.0,0.0
2025-05-29,2025-05-28,0,0,0,,False,0.0,0.0,0.0,0.0,0.0,0.0,11561694.032000005,False,0.0,0.0,0.0
2025-06-02,2025-05-29,0,0,0,,False,0.0,0.0,0.0,0.0,0.0,0.0,11561694.032000005,False,0.0,0.0,0.0
2025-06-03,2025-06-02,0,0,0,,False,0.0,0.0,0.0,0.0,0.0,0.0,11561694.032000005,False,0.0,0.0,0.0
2025-06-04,2025-06-03,0,0,0,,False,0.0,0.0,0.0,0.0,0.0,0.0,11561694.032000005,False,0.0,0.0,0.0
2025-06-05,2025-06-04,0,0,0,,False,0.0,0.0,0.0,0.0,0.0,0.0,11561694.032000005,False,0.0,0.0,0.0
2025-06-06,2025-06-05,0,0,0,,False,0.0,0.0,0.0,0.0,0.0,0.0,11561694.032000005,False,0.0,0.0,0.0
2025-06-09,2025-06-06,0,0,0,,False,0.0,0.0,0.0,0.0,0.0,0.0,11561694.032000005,False,0.0,0.0,0.0
2025-06-10,2025-06-09,0,0,0,,False,0.0,0.0,0.0,0.0,0.0,0.0,11561694.032000005,False,0.0,0.0,0.0
2025-06-11,2025-06-10,0,0,0,,False,0.0,0.0,0.0,0.0,0.0,0.0,11561694.032000005,False,0.0,0.0,0.0
2025-06-12,2025-06-11,1,0,1,TX202506,False,-12600.0,50.0,89.26400000000001,200.0,339.264,-12939.264,11548754.768000005,False,-0.0011191494917775207,-0.0011191494917776046,-12939.264000000432
2025-06-13,2025-06-12,0,1,0,,False,-59600.0,50.0,87.81200000000001,200.0,337.812,-59937.812,11488816.956000004,False,-0.005189980496085981,-0.006303321623829072,-72877.07600000128
2025-06-16,2025-06-13,0,0,0,,False,0.0,0.0,0.0,0.0,0.0,0.0,11488816.956000004,False,0.0,-0.006303321623829072,-72877.07600000128
2025-06-17,2025-06-16,0,0,0,,False,0.0,0.0,0.0,0.0,0.0,0.0,11488816.956000004,False,0.0,-0.006303321623829072,-72877.07600000128
2025-06-18,2025-06-17,0,0,0,,False,0.0,0.0,0.0,0.0,0.0,0.0,11488816.956000004,False,0.0,-0.006303321623829072,-72877.07600000128
2025-06-19,2025-06-18,0,0,0,,False,0.0,0.0,0.0,0.0,0.0,0.0,11488816.956000004,False,0.0,-0.006303321623829072,-72877.07600000128
2025-06-20,2025-06-19,0,0,0,,False,0.0,0.0,0.0,0.0,0.0,0.0,11488816.956000004,False,0.0,-0.006303321623829072,-72877.07600000128
2025-06-23,2025-06-20,0,0,0,,False,0.0,0.0,0.0,0.0,0.0,0.0,11488816.956000004,False,0.0,-0.006303321623829072,-72877.07600000128
2025-06-24,2025-06-23,0,0,0,,False,0.0,0.0,0.0,0.0,0.0,0.0,11488816.956000004,False,0.0,-0.006303321623829072,-72877.07600000128
2025-06-25,2025-06-24,1,0,1,TX202507,False,4200.0,50.0,88.55600000000001,200.0,338.55600000000004,3861.444,11492678.400000004,False,0.00033610458020078135,-0.005969335618896565,-69015.63200000115
2025-06-26,2025-06-25,1,1,1,TX202507,False,-8400.0,0.0,0.0,0.0,0.0,-8400.0,11484278.400000004,False,-0.0007309001181134588,-0.006695872748901044,-77415.63200000115
2025-06-27,2025-06-26,1,1,1,TX202507,False,800.0,0.0,0.0,0.0,0.0,800.0,11485078.400000004,False,6.96604498894767e-05,-0.0066266787365196755,-76615.63200000115
2025-06-30,2025-06-27,1,1,1,TX202507,False,4800.0,0.0,0.0,0.0,0.0,4800.0,11489878.400000004,False,0.00041793358589524286,-0.006211514662231354,-71815.63200000115
2025-07-01,2025-06-30,1,1,1,TX202507,False,41600.0,0.0,0.0,0.0,0.0,41600.0,11531478.400000004,False,0.003620577916647054,-0.002613426018399312,-30215.632000001147
2025-07-02,2025-07-01,1,1,1,TX202507,False,8600.0,0.0,0.0,0.0,0.0,8600.0,11540078.400000004,False,0.0007457846862029415,-0.0018695903852994356,-21615.632000001147
2025-07-03,2025-07-02,0,1,0,,False,34400.0,50.0,90.268,200.0,340.26800000000003,34059.732,11574138.132000005,False,0.002951429862036292,0.0,0.0
2025-07-04,2025-07-03,0,0,0,,False,0.0,0.0,0.0,0.0,0.0,0.0,11574138.132000005,False,0.0,0.0,0.0
2025-07-07,2025-07-04,0,0,0,,False,0.0,0.0,0.0,0.0,0.0,0.0,11574138.132000005,False,0.0,0.0,0.0
2025-07-08,2025-07-07,0,0,0,,False,0.0,0.0,0.0,0.0,0.0,0.0,11574138.132000005,False,0.0,0.0,0.0
2025-07-09,2025-07-08,0,0,0,,False,0.0,0.0,0.0,0.0,0.0,0.0,11574138.132000005,False,0.0,0.0,0.0
2025-07-10,2025-07-09,0,0,0,,False,0.0,0.0,0.0,0.0,0.0,0.0,11574138.132000005,False,0.0,0.0,0.0
2025-07-11,2025-07-10,0,0,0,,False,0.0,0.0,0.0,0.0,0.0,0.0,11574138.132000005,False,0.0,0.0,0.0
2025-07-14,2025-07-11,0,0,0,,False,0.0,0.0,0.0,0.0,0.0,0.0,11574138.132000005,False,0.0,0.0,0.0
2025-07-15,2025-07-14,0,0,0,,False,0.0,0.0,0.0,0.0,0.0,0.0,11574138.132000005,False,0.0,0.0,0.0
2025-07-16,2025-07-15,0,0,0,,False,0.0,0.0,0.0,0.0,0.0,0.0,11574138.132000005,False,0.0,0.0,0.0
2025-07-17,2025-07-16,1,0,1,TX202508,False,38000.0,50.0,91.83600000000001,200.0,341.836,37658.164,11611796.296000006,False,0.0032536473619476916,0.0,0.0
2025-07-18,2025-07-17,1,1,1,TX202508,False,22800.0,0.0,0.0,0.0,0.0,22800.0,11634596.296000006,False,0.0019635204940560377,0.0,0.0
2025-07-21,2025-07-18,0,1,0,,False,-5600.0,50.0,92.932,200.0,342.932,-5942.932,11628653.364000006,False,-0.0005107982992107075,-0.0005107982992107463,-5942.93200000003
2025-07-22,2025-07-21,0,0,0,,False,0.0,0.0,0.0,0.0,0.0,0.0,11628653.364000006,False,0.0,-0.0005107982992107463,-5942.93200000003
2025-07-23,2025-07-22,0,0,0,,False,0.0,0.0,0.0,0.0,0.0,0.0,11628653.364000006,False,0.0,-0.0005107982992107463,-5942.93200000003
2025-07-24,2025-07-23,0,0,0,,False,0.0,0.0,0.0,0.0,0.0,0.0,11628653.364000006,False,0.0,-0.0005107982992107463,-5942.93200000003
2025-07-25,2025-07-24,0,0,0,,False,0.0,0.0,0.0,0.0,0.0,0.0,11628653.364000006,False,0.0,-0.0005107982992107463,-5942.93200000003
2025-07-28,2025-07-25,0,0,0,,False,0.0,0.0,0.0,0.0,0.0,0.0,11628653.364000006,False,0.0,-0.0005107982992107463,-5942.93200000003
2025-07-29,2025-07-28,0,0,0,,False,0.0,0.0,0.0,0.0,0.0,0.0,11628653.364000006,False,0.0,-0.0005107982992107463,-5942.93200000003
2025-07-30,2025-07-29,0,0,0,,False,0.0,0.0,0.0,0.0,0.0,0.0,11628653.364000006,False,0.0,-0.0005107982992107463,-5942.93200000003
2025-07-31,2025-07-30,0,0,0,,False,0.0,0.0,0.0,0.0,0.0,0.0,11628653.364000006,False,0.0,-0.0005107982992107463,-5942.93200000003
2025-08-01,2025-07-31,0,0,0,,False,0.0,0.0,0.0,0.0,0.0,0.0,11628653.364000006,False,0.0,-0.0005107982992107463,-5942.93200000003
2025-08-04,2025-08-01,0,0,0,,False,0.0,0.0,0.0,0.0,0.0,0.0,11628653.364000006,False,0.0,-0.0005107982992107463,-5942.93200000003
2025-08-05,2025-08-04,1,0,1,TX202508,False,25800.0,50.0,93.78800000000001,200.0,343.788,25456.212,11654109.576000005,False,0.002189093715598004,0.0,0.0
2025-08-06,2025-08-05,1,1,1,TX202508,False,-30000.0,0.0,0.0,0.0,0.0,-30000.0,11624109.576000005,False,-0.0025741992388488236,-0.002574199238848829,-30000.0
2025-08-07,2025-08-06,1,1,1,TX202508,False,114400.0,0.0,0.0,0.0,0.0,114400.0,11738509.576000005,False,0.009841614039513072,0.0,0.0
2025-08-08,2025-08-07,1,1,1,TX202508,False,-9600.0,0.0,0.0,0.0,0.0,-9600.0,11728909.576000005,False,-0.0008178210306722159,-0.0008178210306721834,-9600.0
2025-08-11,2025-08-08,0,1,0,,False,4800.0,50.0,95.888,200.0,345.88800000000003,4454.112,11733363.688000005,False,0.00037975499522258387,-0.0004383766070712447,-5145.888000000268
2025-08-12,2025-08-11,1,0,1,TX202508,False,-4000.0,50.0,96.62400000000001,200.0,346.624,-4346.624,11729017.064000005,False,-0.0003704499507200478,-0.0008086641611988465,-9492.512000000104
2025-08-13,2025-08-12,0,1,0,,False,32600.0,50.0,97.188,200.0,347.188,32252.812,11761269.876000006,False,0.0027498307679160853,0.0,0.0
2025-08-14,2025-08-13,0,0,0,,False,0.0,0.0,0.0,0.0,0.0,0.0,11761269.876000006,False,0.0,0.0,0.0
2025-08-15,2025-08-14,0,0,0,,False,0.0,0.0,0.0,0.0,0.0,0.0,11761269.876000006,False,0.0,0.0,0.0
2025-08-18,2025-08-15,0,0,0,,False,0.0,0.0,0.0,0.0,0.0,0.0,11761269.876000006,False,0.0,0.0,0.0
2025-08-19,2025-08-18,0,0,0,,False,0.0,0.0,0.0,0.0,0.0,0.0,11761269.876000006,False,0.0,0.0,0.0
2025-08-20,2025-08-19,0,0,0,,False,0.0,0.0,0.0,0.0,0.0,0.0,11761269.876000006,False,0.0,0.0,0.0
2025-08-21,2025-08-20,0,0,0,,False,0.0,0.0,0.0,0.0,0.0,0.0,11761269.876000006,False,0.0,0.0,0.0
2025-08-22,2025-08-21,1,0,1,TX202509,False,-25400.0,50.0,95.51200000000001,200.0,345.512,-25745.512,11735524.364000006,False,-0.002189007842812635,-0.002189007842812618,-25745.512000000104
2025-08-25,2025-08-22,0,1,0,,False,74000.0,50.0,96.47600000000001,200.0,346.476,73653.524,11809177.888000006,False,0.006276117002998194,0.0,0.0
2025-08-26,2025-08-25,1,0,1,TX202509,False,22000.0,50.0,96.57600000000001,200.0,346.576,21653.424,11830831.312000006,False,0.0018336097741404424,0.0,0.0
2025-08-27,2025-08-26,1,1,1,TX202509,False,42000.0,0.0,0.0,0.0,0.0,42000.0,11872831.312000006,False,0.003550046390856695,0.0,0.0
2025-08-28,2025-08-27,1,1,1,TX202509,False,-47000.0,0.0,0.0,0.0,0.0,-47000.0,11825831.312000006,False,-0.003958617684772171,-0.0039586176847721255,-47000.0
2025-08-29,2025-08-28,1,1,1,TX202509,False,7800.0,0.0,0.0,0.0,0.0,7800.0,11833631.312000006,False,0.0006595730815207147,-0.003301655600916331,-39200.0
2025-09-01,2025-08-29,1,1,1,TX202509,False,-51800.0,0.0,0.0,0.0,0.0,-51800.0,11781831.312000006,False,-0.004377354561272474,-0.0076645576449844155,-91000.0
2025-09-02,2025-09-01,0,1,0,,False,15000.0,50.0,96.328,200.0,346.328,14653.672,11796484.984000007,False,0.0012437516385992535,-0.006430338812515202,-76346.32799999975
2025-09-03,2025-09-02,0,0,0,,False,0.0,0.0,0.0,0.0,0.0,0.0,11796484.984000007,False,0.0,-0.006430338812515202,-76346.32799999975
2025-09-04,2025-09-03,0,0,0,,False,0.0,0.0,0.0,0.0,0.0,0.0,11796484.984000007,False,0.0,-0.006430338812515202,-76346.32799999975
2025-09-05,2025-09-04,0,0,0,,False,0.0,0.0,0.0,0.0,0.0,0.0,11796484.984000007,False,0.0,-0.006430338812515202,-76346.32799999975
2025-09-08,2025-09-05,1,0,1,TX202509,False,-7400.0,50.0,98.35600000000001,200.0,348.356,-7748.356,11788736.628000006,False,-0.0006568359990717041,-0.007082951133568716,-84094.68400000036
2025-09-09,2025-09-08,1,1,1,TX202509,False,50200.0,0.0,0.0,0.0,0.0,50200.0,11838936.628000006,False,0.004258301935490485,-0.0028548105425992842,-33894.68400000036
2025-09-10,2025-09-09,1,1,1,TX202509,False,75200.0,0.0,0.0,0.0,0.0,75200.0,11914136.628000006,False,0.006351921829038779,0.0,0.0
2025-09-11,2025-09-10,1,1,1,TX202509,False,12400.0,0.0,0.0,0.0,0.0,12400.0,11926536.628000006,False,0.0010407804096234838,0.0,0.0
2025-09-12,2025-09-11,1,1,1,TX202509,False,43800.0,0.0,0.0,0.0,0.0,43800.0,11970336.628000006,False,0.003672482747185001,0.0,0.0
2025-09-15,2025-09-12,1,1,1,TX202509,False,-21200.0,0.0,0.0,0.0,0.0,-21200.0,11949136.628000006,False,-0.001771044596223864,-0.001771044596223903,-21200.0
2025-09-16,2025-09-15,1,1,1,TX202510,True,55200.0,100.0,205.072,400.0,705.072,54494.928,12003631.556000005,False,0.004560574516513928,0.0,0.0
2025-09-17,2025-09-16,1,1,1,TX202510,False,-33800.0,0.0,0.0,0.0,0.0,-33800.0,11969831.556000005,False,-0.0028158145176577914,-0.0028158145176577776,-33800.0
2025-09-18,2025-09-17,1,1,1,TX202510,False,47800.0,0.0,0.0,0.0,0.0,47800.0,12017631.556000005,False,0.003993372820358507,0.0,0.0
2025-09-19,2025-09-18,1,1,1,TX202510,False,-7600.0,0.0,0.0,0.0,0.0,-7600.0,12010031.556000005,False,-0.000632404144243012,-0.0006324041442430373,-7600.0
2025-09-22,2025-09-19,1,1,1,TX202510,False,44000.0,0.0,0.0,0.0,0.0,44000.0,12054031.556000005,False,0.00366360402925156,0.0,0.0
2025-09-23,2025-09-22,0,1,0,,False,33400.0,50.0,104.22800000000001,200.0,354.228,33045.772,12087077.328000005,False,0.002741470506898678,0.0,0.0
2025-09-24,2025-09-23,1,0,1,TX202510,False,-27800.0,50.0,105.50800000000001,200.0,355.50800000000004,-28155.508,12058921.820000006,False,-0.0023293892506815596,-0.0023293892506814906,-28155.50799999945
2025-09-25,2025-09-24,0,1,0,,False,-9200.0,50.0,104.76,200.0,354.76,-9554.76,12049367.060000006,False,-0.0007923394929182811,-0.003119883076502128,-37710.267999999225
2025-09-26,2025-09-25,0,0,0,,False,0.0,0.0,0.0,0.0,0.0,0.0,12049367.060000006,False,0.0,-0.003119883076502128,-37710.267999999225
2025-09-30,2025-09-26,0,0,0,,False,0.0,0.0,0.0,0.0,0.0,0.0,12049367.060000006,False,0.0,-0.003119883076502128,-37710.267999999225
2025-10-01,2025-09-30,1,0,1,TX202510,False,-9800.0,50.0,104.38000000000001,200.0,354.38,-10154.38,12039212.680000005,False,-0.0008427314023579919,-0.003959985255419851,-47864.648000000045
2025-10-02,2025-10-01,0,1,0,,False,82800.0,50.0,105.83200000000001,200.0,355.832,82444.168,12121656.848000005,False,0.0068479700617764955,0.0,0.0
2025-10-03,2025-10-02,0,0,0,,False,0.0,0.0,0.0,0.0,0.0,0.0,12121656.848000005,False,0.0,0.0,0.0
2025-10-07,2025-10-03,0,0,0,,False,0.0,0.0,0.0,0.0,0.0,0.0,12121656.848000005,False,0.0,0.0,0.0
2025-10-08,2025-10-07,0,0,0,,False,0.0,0.0,0.0,0.0,0.0,0.0,12121656.848000005,False,0.0,0.0,0.0
2025-10-09,2025-10-08,0,0,0,,False,0.0,0.0,0.0,0.0,0.0,0.0,12121656.848000005,False,0.0,0.0,0.0
2025-10-13,2025-10-09,0,0,0,,False,0.0,0.0,0.0,0.0,0.0,0.0,12121656.848000005,False,0.0,0.0,0.0
2025-10-14,2025-10-13,0,0,0,,False,0.0,0.0,0.0,0.0,0.0,0.0,12121656.848000005,False,0.0,0.0,0.0
2025-10-15,2025-10-14,0,0,0,,False,0.0,0.0,0.0,0.0,0.0,0.0,12121656.848000005,False,0.0,0.0,0.0
2025-10-16,2025-10-15,0,0,0,,False,0.0,0.0,0.0,0.0,0.0,0.0,12121656.848000005,False,0.0,0.0,0.0
2025-10-17,2025-10-16,0,0,0,,False,0.0,0.0,0.0,0.0,0.0,0.0,12121656.848000005,False,0.0,0.0,0.0
2025-10-20,2025-10-17,0,0,0,,False,0.0,0.0,0.0,0.0,0.0,0.0,12121656.848000005,False,0.0,0.0,0.0
2025-10-21,2025-10-20,0,0,0,,False,0.0,0.0,0.0,0.0,0.0,0.0,12121656.848000005,False,0.0,0.0,0.0
2025-10-22,2025-10-21,0,0,0,,False,0.0,0.0,0.0,0.0,0.0,0.0,12121656.848000005,False,0.0,0.0,0.0
2025-10-23,2025-10-22,0,0,0,,False,0.0,0.0,0.0,0.0,0.0,0.0,12121656.848000005,False,0.0,0.0,0.0
2025-10-27,2025-10-23,0,0,0,,False,0.0,0.0,0.0,0.0,0.0,0.0,12121656.848000005,False,0.0,0.0,0.0
2025-10-28,2025-10-27,0,0,0,,False,0.0,0.0,0.0,0.0,0.0,0.0,12121656.848000005,False,0.0,0.0,0.0
2025-10-29,2025-10-28,0,0,0,,False,0.0,0.0,0.0,0.0,0.0,0.0,12121656.848000005,False,0.0,0.0,0.0
2025-10-30,2025-10-29,0,0,0,,False,0.0,0.0,0.0,0.0,0.0,0.0,12121656.848000005,False,0.0,0.0,0.0
2025-10-31,2025-10-30,0,0,0,,False,0.0,0.0,0.0,0.0,0.0,0.0,12121656.848000005,False,0.0,0.0,0.0
2025-11-03,2025-10-31,0,0,0,,False,0.0,0.0,0.0,0.0,0.0,0.0,12121656.848000005,False,0.0,0.0,0.0
2025-11-04,2025-11-03,0,0,0,,False,0.0,0.0,0.0,0.0,0.0,0.0,12121656.848000005,False,0.0,0.0,0.0
2025-11-05,2025-11-04,0,0,0,,False,0.0,0.0,0.0,0.0,0.0,0.0,12121656.848000005,False,0.0,0.0,0.0
2025-11-06,2025-11-05,0,0,0,,False,0.0,0.0,0.0,0.0,0.0,0.0,12121656.848000005,False,0.0,0.0,0.0
2025-11-07,2025-11-06,0,0,0,,False,0.0,0.0,0.0,0.0,0.0,0.0,12121656.848000005,False,0.0,0.0,0.0
2025-11-10,2025-11-07,0,0,0,,False,0.0,0.0,0.0,0.0,0.0,0.0,12121656.848000005,False,0.0,0.0,0.0
2025-11-11,2025-11-10,0,0,0,,False,0.0,0.0,0.0,0.0,0.0,0.0,12121656.848000005,False,0.0,0.0,0.0
2025-11-12,2025-11-11,0,0,0,,False,0.0,0.0,0.0,0.0,0.0,0.0,12121656.848000005,False,0.0,0.0,0.0
2025-11-13,2025-11-12,0,0,0,,False,0.0,0.0,0.0,0.0,0.0,0.0,12121656.848000005,False,0.0,0.0,0.0
2025-11-14,2025-11-13,0,0,0,,False,0.0,0.0,0.0,0.0,0.0,0.0,12121656.848000005,False,0.0,0.0,0.0
2025-11-17,2025-11-14,0,0,0,,False,0.0,0.0,0.0,0.0,0.0,0.0,12121656.848000005,False,0.0,0.0,0.0
2025-11-18,2025-11-17,0,0,0,,False,0.0,0.0,0.0,0.0,0.0,0.0,12121656.848000005,False,0.0,0.0,0.0
2025-11-19,2025-11-18,0,0,0,,False,0.0,0.0,0.0,0.0,0.0,0.0,12121656.848000005,False,0.0,0.0,0.0
2025-11-20,2025-11-19,0,0,0,,False,0.0,0.0,0.0,0.0,0.0,0.0,12121656.848000005,False,0.0,0.0,0.0
2025-11-21,2025-11-20,0,0,0,,False,0.0,0.0,0.0,0.0,0.0,0.0,12121656.848000005,False,0.0,0.0,0.0
2025-11-24,2025-11-21,0,0,0,,False,0.0,0.0,0.0,0.0,0.0,0.0,12121656.848000005,False,0.0,0.0,0.0
2025-11-25,2025-11-24,0,0,0,,False,0.0,0.0,0.0,0.0,0.0,0.0,12121656.848000005,False,0.0,0.0,0.0
2025-11-26,2025-11-25,0,0,0,,False,0.0,0.0,0.0,0.0,0.0,0.0,12121656.848000005,False,0.0,0.0,0.0
2025-11-27,2025-11-26,0,0,0,,False,0.0,0.0,0.0,0.0,0.0,0.0,12121656.848000005,False,0.0,0.0,0.0
2025-11-28,2025-11-27,0,0,0,,False,0.0,0.0,0.0,0.0,0.0,0.0,12121656.848000005,False,0.0,0.0,0.0
2025-12-01,2025-11-28,1,0,1,TX202512,False,-49200.0,50.0,110.60400000000001,200.0,360.60400000000004,-49560.604,12072096.244000005,False,-0.004088599819436167,-0.004088599819436212,-49560.60400000028
2025-12-02,2025-12-01,0,1,0,,False,54000.0,50.0,110.69200000000001,200.0,360.692,53639.308,12125735.552000005,False,0.004443247213727231,0.0,0.0
2025-12-03,2025-12-02,1,0,1,TX202512,False,-10000.0,50.0,111.236,200.0,361.236,-10361.236,12115374.316000005,False,-0.0008544830914023216,-0.0008544830914022361,-10361.235999999568
2025-12-04,2025-12-03,1,1,1,TX202512,False,8200.0,0.0,0.0,0.0,0.0,8200.0,12123574.316000005,False,0.0006768259722005272,-0.00017823545555084586,-2161.235999999568
2025-12-05,2025-12-04,1,1,1,TX202512,False,43400.0,0.0,0.0,0.0,0.0,43400.0,12166974.316000005,False,0.003579802364284858,0.0,0.0
2025-12-08,2025-12-05,1,1,1,TX202512,False,54000.0,0.0,0.0,0.0,0.0,54000.0,12220974.316000005,False,0.004438243937852986,0.0,0.0
2025-12-09,2025-12-08,1,1,1,TX202512,False,-13200.0,0.0,0.0,0.0,0.0,-13200.0,12207774.316000005,False,-0.001080110280791461,-0.0010801102807914686,-13200.0
2025-12-10,2025-12-09,0,1,0,,False,11800.0,50.0,113.11200000000001,200.0,363.112,11436.888,12219211.204000005,False,0.0009368528368852913,-0.00014426934828681848,-1763.1119999997318
2025-12-11,2025-12-10,1,0,1,TX202512,False,-98000.0,50.0,114.40400000000001,200.0,364.404,-98364.404,12120846.800000006,False,-0.008049979852038243,-0.008193087834978074,-100127.5159999989
2025-12-12,2025-12-11,1,1,1,TX202512,False,36400.0,0.0,0.0,0.0,0.0,36400.0,12157246.800000006,False,0.0030030905101448837,-0.005214601909159122,-63727.5159999989
2025-12-15,2025-12-12,1,1,1,TX202512,False,-77000.0,0.0,0.0,0.0,0.0,-77000.0,12080246.800000006,False,-0.006333670876863334,-0.011515245213776004,-140727.5159999989
2025-12-16,2025-12-15,0,1,0,,False,-55400.0,50.0,110.516,200.0,360.516,-55760.516,12024486.284000006,False,-0.004615842451165813,-0.01607793510724853,-196488.03199999966
2025-12-17,2025-12-16,0,0,0,,False,0.0,0.0,0.0,0.0,0.0,0.0,12024486.284000006,False,0.0,-0.01607793510724853,-196488.03199999966
2025-12-18,2025-12-17,0,0,0,,False,0.0,0.0,0.0,0.0,0.0,0.0,12024486.284000006,False,0.0,-0.01607793510724853,-196488.03199999966
2025-12-19,2025-12-18,0,0,0,,False,0.0,0.0,0.0,0.0,0.0,0.0,12024486.284000006,False,0.0,-0.01607793510724853,-196488.03199999966
2025-12-22,2025-12-19,1,0,1,TX202601,False,17000.0,50.0,113.028,200.0,363.028,16636.972,12041123.256000005,False,0.001383591082983516,-0.014716589311912331,-179851.06000000052
2025-12-23,2025-12-22,0,1,0,,False,10200.0,50.0,113.56400000000001,200.0,363.564,9836.436,12050959.692000005,False,0.0008169035222771742,-0.013911707823279884,-170014.62399999984
2025-12-24,2025-12-23,1,0,1,TX202601,False,-18600.0,50.0,114.26400000000001,200.0,364.264,-18964.264,12031995.428000005,False,-0.0015736725111270076,-0.015463487862222625,-188978.88800000027
2025-12-26,2025-12-24,1,1,1,TX202601,False,40200.0,0.0,0.0,0.0,0.0,40200.0,12072195.428000005,False,0.003341091695102328,-0.012174061097994016,-148778.88800000027
2025-12-29,2025-12-26,1,1,1,TX202601,False,55400.0,0.0,0.0,0.0,0.0,55400.0,12127595.428000005,False,0.00458905758529276,-0.00764087098012689,-93378.88800000027
2025-12-30,2025-12-29,0,1,0,,False,-34600.0,50.0,115.10400000000001,200.0,365.10400000000004,-34965.104,12092630.324000005,False,-0.0028831027723165226,-0.010501944336137714,-128343.99200000055
2025-12-31,2025-12-30,0,0,0,,False,0.0,0.0,0.0,0.0,0.0,0.0,12092630.324000005,False,0.0,-0.010501944336137714,-128343.99200000055
2026-01-02,2025-12-31,0,0,0,,False,0.0,0.0,0.0,0.0,0.0,0.0,12092630.324000005,False,0.0,-0.010501944336137714,-128343.99200000055
2026-01-05,2026-01-02,1,0,1,TX202601,False,85000.0,50.0,119.55600000000001,200.0,369.55600000000004,84630.444,12177260.768000005,False,0.00699851411417379,-0.0035769282276266745,-43713.54800000042
2026-01-06,2026-01-05,1,1,1,TX202601,False,60800.0,0.0,0.0,0.0,0.0,60800.0,12238060.768000005,False,0.004992912704947009,0.0,0.0
2026-01-07,2026-01-06,0,1,0,,False,-1600.0,50.0,122.43200000000002,200.0,372.432,-1972.432,12236088.336000005,False,-0.0001611719403418474,-0.00016117194034181992,-1972.4320000000298
2026-01-08,2026-01-07,0,0,0,,False,0.0,0.0,0.0,0.0,0.0,0.0,12236088.336000005,False,0.0,-0.00016117194034181992,-1972.4320000000298
2026-01-09,2026-01-08,1,0,1,TX202601,False,1200.0,50.0,121.80400000000002,200.0,371.80400000000003,828.1959999999999,12236916.532000005,False,6.768470259922448e-05,-9.349814661741007e-05,-1144.2359999995679
2026-01-12,2026-01-09,0,1,0,,False,52200.0,50.0,122.864,200.0,372.86400000000003,51827.136,12288743.668000005,False,0.0042353100852220455,0.0,0.0
2026-01-13,2026-01-12,1,0,1,TX202601,False,-38600.0,50.0,124.272,200.0,374.272,-38974.272,12249769.396000005,False,-0.003171542433706168,-0.0031715424337062093,-38974.27199999988
2026-01-14,2026-01-13,0,1,0,,False,25200.0,50.0,123.99600000000001,200.0,373.996,24826.004,12274595.400000006,False,0.0020266507227561844,-0.0011513193197154603,-14148.267999999225
2026-01-15,2026-01-14,0,0,0,,False,0.0,0.0,0.0,0.0,0.0,0.0,12274595.400000006,False,0.0,-0.0011513193197154603,-14148.267999999225
2026-01-16,2026-01-15,0,0,0,,False,0.0,0.0,0.0,0.0,0.0,0.0,12274595.400000006,False,0.0,-0.0011513193197154603,-14148.267999999225
2026-01-19,2026-01-16,0,0,0,,False,0.0,0.0,0.0,0.0,0.0,0.0,12274595.400000006,False,0.0,-0.0011513193197154603,-14148.267999999225
2026-01-20,2026-01-19,0,0,0,,False,0.0,0.0,0.0,0.0,0.0,0.0,12274595.400000006,False,0.0,-0.0011513193197154603,-14148.267999999225
2026-01-21,2026-01-20,0,0,0,,False,0.0,0.0,0.0,0.0,0.0,0.0,12274595.400000006,False,0.0,-0.0011513193197154603,-14148.267999999225
2026-01-22,2026-01-21,0,0,0,,False,0.0,0.0,0.0,0.0,0.0,0.0,12274595.400000006,False,0.0,-0.0011513193197154603,-14148.267999999225
2026-01-23,2026-01-22,0,0,0,,False,0.0,0.0,0.0,0.0,0.0,0.0,12274595.400000006,False,0.0,-0.0011513193197154603,-14148.267999999225
2026-01-26,2026-01-23,0,0,0,,False,0.0,0.0,0.0,0.0,0.0,0.0,12274595.400000006,False,0.0,-0.0011513193197154603,-14148.267999999225
2026-01-27,2026-01-26,0,0,0,,False,0.0,0.0,0.0,0.0,0.0,0.0,12274595.400000006,False,0.0,-0.0011513193197154603,-14148.267999999225
2026-01-28,2026-01-27,0,0,0,,False,0.0,0.0,0.0,0.0,0.0,0.0,12274595.400000006,False,0.0,-0.0011513193197154603,-14148.267999999225
2026-01-29,2026-01-28,0,0,0,,False,0.0,0.0,0.0,0.0,0.0,0.0,12274595.400000006,False,0.0,-0.0011513193197154603,-14148.267999999225
2026-01-30,2026-01-29,0,0,0,,False,0.0,0.0,0.0,0.0,0.0,0.0,12274595.400000006,False,0.0,-0.0011513193197154603,-14148.267999999225
2026-02-02,2026-01-30,0,0,0,,False,0.0,0.0,0.0,0.0,0.0,0.0,12274595.400000006,False,0.0,-0.0011513193197154603,-14148.267999999225
2026-02-03,2026-02-02,0,0,0,,False,0.0,0.0,0.0,0.0,0.0,0.0,12274595.400000006,False,0.0,-0.0011513193197154603,-14148.267999999225
2026-02-04,2026-02-03,0,0,0,,False,0.0,0.0,0.0,0.0,0.0,0.0,12274595.400000006,False,0.0,-0.0011513193197154603,-14148.267999999225
2026-02-05,2026-02-04,1,0,1,TX202602,False,-12600.0,50.0,127.88400000000001,200.0,377.884,-12977.884,12261617.516000006,False,-0.001057296275525301,-0.0022073983096120298,-27126.151999998838
2026-02-06,2026-02-05,1,1,1,TX202602,False,-20000.0,0.0,0.0,0.0,0.0,-20000.0,12241617.516000006,False,-0.0016311061712618495,-0.0038349039798686313,-47126.15199999884
2026-02-09,2026-02-06,0,1,0,,False,203400.0,50.0,131.292,200.0,381.29200000000003,203018.708,12444636.224000007,False,0.01658430413584243,0.0,0.0
2026-02-10,2026-02-09,1,0,1,TX202602,False,80200.0,50.0,131.62800000000001,200.0,381.62800000000004,79818.372,12524454.596000006,False,0.006413877478079022,0.0,0.0
2026-02-11,2026-02-10,1,1,1,TX202603,True,76800.0,100.0,270.16,400.0,770.1600000000001,76029.84,12600484.436000006,False,0.006070511048383856,0.0,0.0
2026-02-23,2026-02-11,1,1,1,TX202603,False,22400.0,0.0,0.0,0.0,0.0,22400.0,12622884.436000006,False,0.0017777094296472006,0.0,0.0
2026-02-24,2026-02-23,1,1,1,TX202603,False,173200.0,0.0,0.0,0.0,0.0,173200.0,12796084.436000006,False,0.013721111119899024,0.0,0.0
2026-02-25,2026-02-24,1,1,1,TX202603,False,132600.0,0.0,0.0,0.0,0.0,132600.0,12928684.436000006,False,0.010362544938117814,0.0,0.0
2026-02-26,2026-02-25,0,1,0,,False,6400.0,50.0,142.084,200.0,392.084,6007.916,12934692.352000006,False,0.00046469662321333474,0.0,0.0
2026-03-02,2026-02-26,0,0,0,,False,0.0,0.0,0.0,0.0,0.0,0.0,12934692.352000006,False,0.0,0.0,0.0
2026-03-03,2026-03-02,0,0,0,,False,0.0,0.0,0.0,0.0,0.0,0.0,12934692.352000006,False,0.0,0.0,0.0
2026-03-04,2026-03-03,0,0,0,,False,0.0,0.0,0.0,0.0,0.0,0.0,12934692.352000006,False,0.0,0.0,0.0
2026-03-05,2026-03-04,0,0,0,,False,0.0,0.0,0.0,0.0,0.0,0.0,12934692.352000006,False,0.0,0.0,0.0
2026-03-06,2026-03-05,0,0,0,,False,0.0,0.0,0.0,0.0,0.0,0.0,12934692.352000006,False,0.0,0.0,0.0
2026-03-09,2026-03-06,0,0,0,,False,0.0,0.0,0.0,0.0,0.0,0.0,12934692.352000006,False,0.0,0.0,0.0
2026-03-10,2026-03-09,0,0,0,,False,0.0,0.0,0.0,0.0,0.0,0.0,12934692.352000006,False,0.0,0.0,0.0
2026-03-11,2026-03-10,0,0,0,,False,0.0,0.0,0.0,0.0,0.0,0.0,12934692.352000006,False,0.0,0.0,0.0
2026-03-12,2026-03-11,0,0,0,,False,0.0,0.0,0.0,0.0,0.0,0.0,12934692.352000006,False,0.0,0.0,0.0
2026-03-13,2026-03-12,0,0,0,,False,0.0,0.0,0.0,0.0,0.0,0.0,12934692.352000006,False,0.0,0.0,0.0
2026-03-16,2026-03-13,0,0,0,,False,0.0,0.0,0.0,0.0,0.0,0.0,12934692.352000006,False,0.0,0.0,0.0
2026-03-17,2026-03-16,0,0,0,,False,0.0,0.0,0.0,0.0,0.0,0.0,12934692.352000006,False,0.0,0.0,0.0
2026-03-18,2026-03-17,0,0,0,,False,0.0,0.0,0.0,0.0,0.0,0.0,12934692.352000006,False,0.0,0.0,0.0
2026-03-19,2026-03-18,0,0,0,,False,0.0,0.0,0.0,0.0,0.0,0.0,12934692.352000006,False,0.0,0.0,0.0
2026-03-20,2026-03-19,0,0,0,,False,0.0,0.0,0.0,0.0,0.0,0.0,12934692.352000006,False,0.0,0.0,0.0
2026-03-23,2026-03-20,0,0,0,,False,0.0,0.0,0.0,0.0,0.0,0.0,12934692.352000006,False,0.0,0.0,0.0
2026-03-24,2026-03-23,0,0,0,,False,0.0,0.0,0.0,0.0,0.0,0.0,12934692.352000006,False,0.0,0.0,0.0
2026-03-25,2026-03-24,0,0,0,,False,0.0,0.0,0.0,0.0,0.0,0.0,12934692.352000006,False,0.0,0.0,0.0
2026-03-26,2026-03-25,0,0,0,,False,0.0,0.0,0.0,0.0,0.0,0.0,12934692.352000006,False,0.0,0.0,0.0
2026-03-27,2026-03-26,0,0,0,,False,0.0,0.0,0.0,0.0,0.0,0.0,12934692.352000006,False,0.0,0.0,0.0
2026-03-30,2026-03-27,0,0,0,,False,0.0,0.0,0.0,0.0,0.0,0.0,12934692.352000006,False,0.0,0.0,0.0
2026-03-31,2026-03-30,0,0,0,,False,0.0,0.0,0.0,0.0,0.0,0.0,12934692.352000006,False,0.0,0.0,0.0
2026-04-01,2026-03-31,0,0,0,,False,0.0,0.0,0.0,0.0,0.0,0.0,12934692.352000006,False,0.0,0.0,0.0
2026-04-02,2026-04-01,1,0,1,TX202604,False,-237800.0,50.0,134.708,200.0,384.70799999999997,-238184.708,12696507.644000005,False,-0.01841440843880381,-0.01841440843880382,-238184.70800000057
2026-04-07,2026-04-02,0,1,0,,False,141000.0,50.0,132.764,200.0,382.764,140617.236,12837124.880000005,False,0.011075268880450882,-0.007543084083087237,-97567.472000001
2026-04-08,2026-04-07,1,0,1,TX202604,False,69000.0,50.0,138.608,200.0,388.608,68611.392,12905736.272000005,False,0.005344763149176437,-0.002238636931749083,-28956.080000000075
2026-04-09,2026-04-08,1,1,1,TX202604,False,-12800.0,0.0,0.0,0.0,0.0,-12800.0,12892936.272000005,False,-0.0009918070329525167,-0.003228223668848451,-41756.080000000075
2026-04-10,2026-04-09,1,1,1,TX202604,False,127000.0,0.0,0.0,0.0,0.0,127000.0,13019936.272000005,False,0.009850355056497865,0.0,0.0
2026-04-13,2026-04-10,1,1,1,TX202604,False,-22000.0,0.0,0.0,0.0,0.0,-22000.0,12997936.272000005,False,-0.0016897164118469651,-0.0016897164118470087,-22000.0
2026-04-14,2026-04-13,1,1,1,TX202605,True,184800.0,100.0,292.08000000000004,400.0,792.08,184007.92,13181944.192000005,False,0.014156702737217416,0.0,0.0
2026-04-15,2026-04-14,0,1,0,,False,71600.0,50.0,147.984,200.0,397.98400000000004,71202.016,13253146.208000006,False,0.005401480613399336,0.0,0.0
2026-04-16,2026-04-15,0,0,0,,False,0.0,0.0,0.0,0.0,0.0,0.0,13253146.208000006,False,0.0,0.0,0.0
2026-04-17,2026-04-16,0,0,0,,False,0.0,0.0,0.0,0.0,0.0,0.0,13253146.208000006,False,0.0,0.0,0.0
2026-04-20,2026-04-17,0,0,0,,False,0.0,0.0,0.0,0.0,0.0,0.0,13253146.208000006,False,0.0,0.0,0.0
2026-04-21,2026-04-20,0,0,0,,False,0.0,0.0,0.0,0.0,0.0,0.0,13253146.208000006,False,0.0,0.0,0.0
2026-04-22,2026-04-21,0,0,0,,False,0.0,0.0,0.0,0.0,0.0,0.0,13253146.208000006,False,0.0,0.0,0.0
2026-04-23,2026-04-22,0,0,0,,False,0.0,0.0,0.0,0.0,0.0,0.0,13253146.208000006,False,0.0,0.0,0.0
2026-04-24,2026-04-23,0,0,0,,False,0.0,0.0,0.0,0.0,0.0,0.0,13253146.208000006,False,0.0,0.0,0.0
2026-04-27,2026-04-24,0,0,0,,False,0.0,0.0,0.0,0.0,0.0,0.0,13253146.208000006,False,0.0,0.0,0.0
2026-04-28,2026-04-27,0,0,0,,False,0.0,0.0,0.0,0.0,0.0,0.0,13253146.208000006,False,0.0,0.0,0.0
2026-04-29,2026-04-28,0,0,0,,False,0.0,0.0,0.0,0.0,0.0,0.0,13253146.208000006,False,0.0,0.0,0.0
2026-04-30,2026-04-29,0,0,0,,False,0.0,0.0,0.0,0.0,0.0,0.0,13253146.208000006,False,0.0,0.0,0.0
2026-05-04,2026-04-30,0,0,0,,False,0.0,0.0,0.0,0.0,0.0,0.0,13253146.208000006,False,0.0,0.0,0.0
2026-05-05,2026-05-04,0,0,0,,False,0.0,0.0,0.0,0.0,0.0,0.0,13253146.208000006,False,0.0,0.0,0.0
2026-05-06,2026-05-05,0,0,0,,False,0.0,0.0,0.0,0.0,0.0,0.0,13253146.208000006,False,0.0,0.0,0.0
2026-05-07,2026-05-06,0,0,0,,False,0.0,0.0,0.0,0.0,0.0,0.0,13253146.208000006,False,0.0,0.0,0.0
2026-05-08,2026-05-07,0,0,0,,False,0.0,0.0,0.0,0.0,0.0,0.0,13253146.208000006,False,0.0,0.0,0.0
2026-05-11,2026-05-08,0,0,0,,False,0.0,0.0,0.0,0.0,0.0,0.0,13253146.208000006,False,0.0,0.0,0.0
2026-05-12,2026-05-11,0,0,0,,False,0.0,0.0,0.0,0.0,0.0,0.0,13253146.208000006,False,0.0,0.0,0.0
2026-05-13,2026-05-12,0,0,0,,False,0.0,0.0,0.0,0.0,0.0,0.0,13253146.208000006,False,0.0,0.0,0.0
2026-05-14,2026-05-13,0,0,0,,False,0.0,0.0,0.0,0.0,0.0,0.0,13253146.208000006,False,0.0,0.0,0.0
2026-05-15,2026-05-14,0,0,0,,False,0.0,0.0,0.0,0.0,0.0,0.0,13253146.208000006,False,0.0,0.0,0.0
2026-05-18,2026-05-15,0,0,0,,False,0.0,0.0,0.0,0.0,0.0,0.0,13253146.208000006,False,0.0,0.0,0.0
2026-05-19,2026-05-18,1,0,1,TX202606,True,-128400.0,150.0,486.088,600.0,1236.088,-129636.088,13123510.120000007,False,-0.009781533076406241,-0.009781533076406168,-129636.08799999952
2026-05-20,2026-05-19,0,1,0,,False,-20200.0,50.0,161.12400000000002,200.0,411.124,-20611.124,13102898.996000007,False,-0.0015705496327990023,-0.011336720326023841,-150247.21199999936
2026-05-21,2026-05-20,0,0,0,,False,0.0,0.0,0.0,0.0,0.0,0.0,13102898.996000007,False,0.0,-0.011336720326023841,-150247.21199999936
2026-05-22,2026-05-21,0,0,0,,False,0.0,0.0,0.0,0.0,0.0,0.0,13102898.996000007,False,0.0,-0.011336720326023841,-150247.21199999936
2026-05-25,2026-05-22,0,0,0,,False,0.0,0.0,0.0,0.0,0.0,0.0,13102898.996000007,False,0.0,-0.011336720326023841,-150247.21199999936
2026-05-26,2026-05-25,0,0,0,,False,0.0,0.0,0.0,0.0,0.0,0.0,13102898.996000007,False,0.0,-0.011336720326023841,-150247.21199999936
2026-05-27,2026-05-26,0,0,0,,False,0.0,0.0,0.0,0.0,0.0,0.0,13102898.996000007,False,0.0,-0.011336720326023841,-150247.21199999936
2026-05-28,2026-05-27,0,0,0,,False,0.0,0.0,0.0,0.0,0.0,0.0,13102898.996000007,False,0.0,-0.011336720326023841,-150247.21199999936
2026-05-29,2026-05-28,0,0,0,,False,0.0,0.0,0.0,0.0,0.0,0.0,13102898.996000007,False,0.0,-0.011336720326023841,-150247.21199999936
2026-06-01,2026-05-29,0,0,0,,False,0.0,0.0,0.0,0.0,0.0,0.0,13102898.996000007,False,0.0,-0.011336720326023841,-150247.21199999936
2026-06-02,2026-06-01,0,0,0,,False,0.0,0.0,0.0,0.0,0.0,0.0,13102898.996000007,False,0.0,-0.011336720326023841,-150247.21199999936
2026-06-03,2026-06-02,0,0,0,,False,0.0,0.0,0.0,0.0,0.0,0.0,13102898.996000007,False,0.0,-0.011336720326023841,-150247.21199999936
2026-06-04,2026-06-03,0,0,0,,False,0.0,0.0,0.0,0.0,0.0,0.0,13102898.996000007,False,0.0,-0.011336720326023841,-150247.21199999936
2026-06-05,2026-06-04,0,0,0,,False,0.0,0.0,0.0,0.0,0.0,0.0,13102898.996000007,False,0.0,-0.011336720326023841,-150247.21199999936
2026-06-08,2026-06-05,0,0,0,,False,0.0,0.0,0.0,0.0,0.0,0.0,13102898.996000007,False,0.0,-0.011336720326023841,-150247.21199999936
2026-06-09,2026-06-08,0,0,0,,False,0.0,0.0,0.0,0.0,0.0,0.0,13102898.996000007,False,0.0,-0.011336720326023841,-150247.21199999936
2026-06-10,2026-06-09,0,0,0,,False,0.0,0.0,0.0,0.0,0.0,0.0,13102898.996000007,False,0.0,-0.011336720326023841,-150247.21199999936
2026-06-11,2026-06-10,0,0,0,,False,0.0,0.0,0.0,0.0,0.0,0.0,13102898.996000007,False,0.0,-0.011336720326023841,-150247.21199999936
2026-06-12,2026-06-11,0,0,0,,False,0.0,0.0,0.0,0.0,0.0,0.0,13102898.996000007,False,0.0,-0.011336720326023841,-150247.21199999936
2026-06-15,2026-06-12,0,0,0,,False,0.0,0.0,0.0,0.0,0.0,0.0,13102898.996000007,False,0.0,-0.011336720326023841,-150247.21199999936
2026-06-16,2026-06-15,0,0,0,,False,0.0,0.0,0.0,0.0,0.0,0.0,13102898.996000007,False,0.0,-0.011336720326023841,-150247.21199999936
2026-06-17,2026-06-16,0,0,0,,False,0.0,0.0,0.0,0.0,0.0,0.0,13102898.996000007,False,0.0,-0.011336720326023841,-150247.21199999936
2026-06-18,2026-06-17,0,0,0,,False,0.0,0.0,0.0,0.0,0.0,0.0,13102898.996000007,False,0.0,-0.011336720326023841,-150247.21199999936
2026-06-22,2026-06-18,0,0,0,,False,0.0,0.0,0.0,0.0,0.0,0.0,13102898.996000007,False,0.0,-0.011336720326023841,-150247.21199999936
2026-06-23,2026-06-22,0,0,0,,False,0.0,0.0,0.0,0.0,0.0,0.0,13102898.996000007,False,0.0,-0.011336720326023841,-150247.21199999936
2026-06-24,2026-06-23,0,0,0,,False,0.0,0.0,0.0,0.0,0.0,0.0,13102898.996000007,False,0.0,-0.011336720326023841,-150247.21199999936
2026-06-25,2026-06-24,0,0,0,,False,0.0,0.0,0.0,0.0,0.0,0.0,13102898.996000007,False,0.0,-0.011336720326023841,-150247.21199999936
2026-06-26,2026-06-25,0,0,0,,False,0.0,0.0,0.0,0.0,0.0,0.0,13102898.996000007,False,0.0,-0.011336720326023841,-150247.21199999936
2026-06-29,2026-06-26,0,0,0,,False,0.0,0.0,0.0,0.0,0.0,0.0,13102898.996000007,False,0.0,-0.011336720326023841,-150247.21199999936
2026-06-30,2026-06-29,0,0,0,,False,0.0,0.0,0.0,0.0,0.0,0.0,13102898.996000007,False,0.0,-0.011336720326023841,-150247.21199999936
2026-07-01,2026-06-30,0,0,0,,False,0.0,0.0,0.0,0.0,0.0,0.0,13102898.996000007,False,0.0,-0.011336720326023841,-150247.21199999936
2026-07-02,2026-07-01,0,0,0,,False,0.0,0.0,0.0,0.0,0.0,0.0,13102898.996000007,False,0.0,-0.011336720326023841,-150247.21199999936
2026-07-03,2026-07-02,0,0,0,,False,0.0,0.0,0.0,0.0,0.0,0.0,13102898.996000007,False,0.0,-0.011336720326023841,-150247.21199999936
2026-07-06,2026-07-03,1,0,1,TX202607,False,-78800.0,50.0,189.12400000000002,200.0,439.124,-79239.124,13023659.872000007,False,-0.006047449806656508,-0.017315611885536653,-229486.3359999992
2026-07-07,2026-07-06,1,1,1,TX202607,False,-222200.0,0.0,0.0,0.0,0.0,-222200.0,12801459.872000007,False,-0.01706125637369531,-0.034081442165585396,-451686.3359999992
2026-07-08,2026-07-07,0,1,0,,False,-33800.0,50.0,182.42000000000002,200.0,432.42,-34232.42,12767227.452000007,False,-0.00267410282438762,-0.03666440770921875,-485918.7559999991
2026-07-09,2026-07-08,0,0,0,,False,0.0,0.0,0.0,0.0,0.0,0.0,12767227.452000007,False,0.0,-0.03666440770921875,-485918.7559999991
2026-07-13,2026-07-09,0,0,0,,False,0.0,0.0,0.0,0.0,0.0,0.0,12767227.452000007,False,0.0,-0.03666440770921875,-485918.7559999991
2026-07-14,2026-07-13,0,0,0,,False,0.0,0.0,0.0,0.0,0.0,0.0,12767227.452000007,False,0.0,-0.03666440770921875,-485918.7559999991
2026-07-15,2026-07-14,0,0,0,,False,0.0,0.0,0.0,0.0,0.0,0.0,12767227.452000007,False,0.0,-0.03666440770921875,-485918.7559999991
2026-07-16,2026-07-15,0,0,0,,False,0.0,0.0,0.0,0.0,0.0,0.0,12767227.452000007,False,0.0,-0.03666440770921875,-485918.7559999991
2026-07-17,2026-07-16,0,0,0,,False,0.0,0.0,0.0,0.0,0.0,0.0,12767227.452000007,False,0.0,-0.03666440770921875,-485918.7559999991
2026-07-20,2026-07-17,0,0,0,,False,0.0,0.0,0.0,0.0,0.0,0.0,12767227.452000007,False,0.0,-0.03666440770921875,-485918.7559999991
2026-07-21,2026-07-20,0,0,0,,False,0.0,0.0,0.0,0.0,0.0,0.0,12767227.452000007,False,0.0,-0.03666440770921875,-485918.7559999991
2026-07-22,2026-07-21,0,0,0,,False,0.0,0.0,0.0,0.0,0.0,0.0,12767227.452000007,False,0.0,-0.03666440770921875,-485918.7559999991
2026-07-23,2026-07-22,0,0,0,,False,0.0,0.0,0.0,0.0,0.0,0.0,12767227.452000007,False,0.0,-0.03666440770921875,-485918.7559999991
2026-07-24,2026-07-23,0,0,0,,False,0.0,0.0,0.0,0.0,0.0,0.0,12767227.452000007,False,0.0,-0.03666440770921875,-485918.7559999991
2026-07-27,2026-07-24,0,0,0,,False,0.0,0.0,0.0,0.0,0.0,0.0,12767227.452000007,False,0.0,-0.03666440770921875,-485918.7559999991
2026-07-28,2026-07-27,0,0,0,,False,0.0,0.0,0.0,0.0,0.0,0.0,12767227.452000007,False,0.0,-0.03666440770921875,-485918.7559999991
2026-07-29,2026-07-28,0,0,0,,False,0.0,0.0,0.0,0.0,0.0,0.0,12767227.452000007,False,0.0,-0.03666440770921875,-485918.7559999991
2026-07-30,2026-07-29,0,0,0,,False,0.0,0.0,0.0,0.0,0.0,0.0,12767227.452000007,False,0.0,-0.03666440770921875,-485918.7559999991
2026-07-31,2026-07-30,0,0,0,,False,0.0,0.0,0.0,0.0,0.0,0.0,12767227.452000007,False,0.0,-0.03666440770921875,-485918.7559999991
2026-08-03,2026-07-31,0,0,0,,False,0.0,0.0,0.0,0.0,0.0,0.0,12767227.452000007,False,0.0,-0.03666440770921875,-485918.7559999991
2026-08-04,2026-08-03,0,0,0,,False,0.0,0.0,0.0,0.0,0.0,0.0,12767227.452000007,False,0.0,-0.03666440770921875,-485918.7559999991
2026-08-05,2026-08-04,0,0,0,,False,0.0,0.0,0.0,0.0,0.0,0.0,12767227.452000007,False,0.0,-0.03666440770921875,-485918.7559999991
2026-08-06,2026-08-05,1,0,1,TX202608,False,20600.0,50.0,176.71200000000002,200.0,426.712,20173.288,12787400.740000008,False,0.001580083700697274,-0.03514225684153849,-465745.4679999985
2026-08-07,2026-08-06,1,1,1,TX202608,False,13800.0,0.0,0.0,0.0,0.0,13800.0,12801200.740000008,False,0.0010791872625710791,-0.03410099465492877,-451945.4679999985
2026-08-10,2026-08-07,1,1,1,TX202608,False,127600.0,0.0,0.0,0.0,0.0,127600.0,12928800.740000008,False,0.009967814941084965,-0.024473092117871076,-324345.4679999985
2026-08-11,2026-08-10,1,1,1,TX202608,False,20600.0,0.0,0.0,0.0,0.0,20600.0,12949400.740000008,False,0.0015933419049661978,-0.02291874421612039,-303745.4679999985
2026-08-12,2026-08-11,1,1,1,TX202608,False,87600.0,0.0,0.0,0.0,0.0,87600.0,13037000.740000008,False,0.0067647918045665445,-0.01630899294459809,-216145.46799999848
2026-08-13,2026-08-12,1,1,1,TX202608,False,95400.0,0.0,0.0,0.0,0.0,95400.0,13132400.740000008,False,0.00731763400973773,-0.009110702176296281,-120745.46799999848
2026-08-14,2026-08-13,1,1,1,TX202608,False,-32800.0,0.0,0.0,0.0,0.0,-32800.0,13099600.740000008,False,-0.00249763928541218,-0.01158558621403527,-153545.46799999848
2026-08-17,2026-08-14,0,1,0,,False,1800.0,50.0,183.39600000000002,200.0,433.396,1366.604,13100967.344000008,False,0.00010432409560598556,-0.011482470774233144,-152178.8639999982
2026-08-18,2026-08-17,0,0,0,,False,0.0,0.0,0.0,0.0,0.0,0.0,13100967.344000008,False,0.0,-0.011482470774233144,-152178.8639999982
2026-08-19,2026-08-18,0,0,0,,False,0.0,0.0,0.0,0.0,0.0,0.0,13100967.344000008,False,0.0,-0.011482470774233144,-152178.8639999982
2026-08-20,2026-08-19,0,0,0,,False,0.0,0.0,0.0,0.0,0.0,0.0,13100967.344000008,False,0.0,-0.011482470774233144,-152178.8639999982
2026-08-21,2026-08-20,0,0,0,,False,0.0,0.0,0.0,0.0,0.0,0.0,13100967.344000008,False,0.0,-0.011482470774233144,-152178.8639999982
2026-08-24,2026-08-21,0,0,0,,False,0.0,0.0,0.0,0.0,0.0,0.0,13100967.344000008,False,0.0,-0.011482470774233144,-152178.8639999982
2026-08-25,2026-08-24,0,0,0,,False,0.0,0.0,0.0,0.0,0.0,0.0,13100967.344000008,False,0.0,-0.011482470774233144,-152178.8639999982
2026-08-26,2026-08-25,0,0,0,,False,0.0,0.0,0.0,0.0,0.0,0.0,13100967.344000008,False,0.0,-0.011482470774233144,-152178.8639999982
2026-08-27,2026-08-26,0,0,0,,False,0.0,0.0,0.0,0.0,0.0,0.0,13100967.344000008,False,0.0,-0.011482470774233144,-152178.8639999982
2026-08-28,2026-08-27,0,0,0,,False,0.0,0.0,0.0,0.0,0.0,0.0,13100967.344000008,False,0.0,-0.011482470774233144,-152178.8639999982
2026-08-31,2026-08-28,0,0,0,,False,0.0,0.0,0.0,0.0,0.0,0.0,13100967.344000008,False,0.0,-0.011482470774233144,-152178.8639999982
2026-09-01,2026-08-31,0,0,0,,False,0.0,0.0,0.0,0.0,0.0,0.0,13100967.344000008,False,0.0,-0.011482470774233144,-152178.8639999982
2026-09-02,2026-09-01,1,0,1,TX202609,False,-102400.0,50.0,186.80800000000002,200.0,436.808,-102836.808,12998130.536000008,False,-0.007849558379908281,-0.01924189682945343,-255015.6719999984
2026-09-03,2026-09-02,0,1,0,,False,-4000.0,50.0,184.67200000000003,200.0,434.672,-4434.6720000000005,12993695.864000008,False,-0.00034117767841441516,-0.01957650960217927,-259450.34399999864
2026-09-04,2026-09-03,1,0,1,TX202609,False,59600.0,50.0,185.62800000000001,200.0,435.62800000000004,59164.372,13052860.236000007,False,0.004553313592933882,-0.015112333996519234,-200285.97199999914
2026-09-07,2026-09-04,0,1,0,,False,115200.0,50.0,189.116,200.0,439.116,114760.884,13167621.120000007,False,0.00879201048085136,-0.006453191314555462,-85525.08799999952
2026-09-08,2026-09-07,0,0,0,,False,0.0,0.0,0.0,0.0,0.0,0.0,13167621.120000007,False,0.0,-0.006453191314555462,-85525.08799999952
2026-09-09,2026-09-08,0,0,0,,False,0.0,0.0,0.0,0.0,0.0,0.0,13167621.120000007,False,0.0,-0.006453191314555462,-85525.08799999952
2026-09-10,2026-09-09,0,0,0,,False,0.0,0.0,0.0,0.0,0.0,0.0,13167621.120000007,False,0.0,-0.006453191314555462,-85525.08799999952
2026-09-11,2026-09-10,0,0,0,,False,0.0,0.0,0.0,0.0,0.0,0.0,13167621.120000007,False,0.0,-0.006453191314555462,-85525.08799999952
2026-09-14,2026-09-11,0,0,0,,False,0.0,0.0,0.0,0.0,0.0,0.0,13167621.120000007,False,0.0,-0.006453191314555462,-85525.08799999952
2026-09-15,2026-09-14,0,0,0,,False,0.0,0.0,0.0,0.0,0.0,0.0,13167621.120000007,False,0.0,-0.006453191314555462,-85525.08799999952
2026-09-16,2026-09-15,0,0,0,,False,0.0,0.0,0.0,0.0,0.0,0.0,13167621.120000007,False,0.0,-0.006453191314555462,-85525.08799999952
2026-09-17,2026-09-16,0,0,0,,False,0.0,0.0,0.0,0.0,0.0,0.0,13167621.120000007,False,0.0,-0.006453191314555462,-85525.08799999952
2026-09-18,2026-09-17,0,0,0,,False,0.0,0.0,0.0,0.0,0.0,0.0,13167621.120000007,False,0.0,-0.006453191314555462,-85525.08799999952
2026-09-21,2026-09-18,1,0,1,TX202610,False,94000.0,50.0,190.43200000000002,200.0,440.432,93559.568,13261180.688000007,False,0.007105274912405739,0.0,0.0
2026-09-22,2026-09-21,1,1,1,TX202610,False,33200.0,0.0,0.0,0.0,0.0,33200.0,13294380.688000007,False,0.002503547819844017,0.0,0.0
2026-09-23,2026-09-22,0,1,0,,False,57200.0,50.0,194.11200000000002,200.0,444.112,56755.888,13351136.576000007,False,0.004269163741582181,0.0,0.0
2026-09-24,2026-09-23,0,0,0,,False,0.0,0.0,0.0,0.0,0.0,0.0,13351136.576000007,False,0.0,0.0,0.0
2026-09-29,2026-09-24,0,0,0,,False,0.0,0.0,0.0,0.0,0.0,0.0,13351136.576000007,False,0.0,0.0,0.0
2026-09-30,2026-09-29,0,0,0,,False,0.0,0.0,0.0,0.0,0.0,0.0,13351136.576000007,False,0.0,0.0,0.0
2026-10-01,2026-09-30,0,0,0,,False,0.0,0.0,0.0,0.0,0.0,0.0,13351136.576000007,False,0.0,0.0,0.0
2026-10-02,2026-10-01,0,0,0,,False,0.0,0.0,0.0,0.0,0.0,0.0,13351136.576000007,False,0.0,0.0,0.0
2026-10-05,2026-10-02,0,0,0,,False,0.0,0.0,0.0,0.0,0.0,0.0,13351136.576000007,False,0.0,0.0,0.0
