date,signal_date,target,position_before,position_after,contract_after,roll,gross_pnl,fee,tax,slippage_cost,cost,pnl,equity,capital_skip,daily_return,drawdown_pct,drawdown_amount
2018-08-31,2018-08-30,1,0,1,TX201809,False,9400.0,50.0,43.908,400.0,493.908,8906.092,10008906.092,False,0.0008906092000000001,0.0,0.0
2018-09-03,2018-08-31,1,1,1,TX201809,False,-17400.0,0.0,0.0,0.0,0.0,-17400.0,9991506.092,False,-0.001738451718905387,-0.0017384517189054094,-17400.0
2018-09-04,2018-09-03,1,1,1,TX201809,False,13400.0,0.0,0.0,0.0,0.0,13400.0,10004906.092,False,0.0013411391512565972,-0.00039964407331161134,-4000.0
2018-09-05,2018-09-04,1,1,1,TX201809,False,-10400.0,0.0,0.0,0.0,0.0,-10400.0,9994506.092,False,-0.001039490016634531,-0.0014387186639216454,-14400.0
2018-09-06,2018-09-05,1,1,1,TX201809,False,-9800.0,0.0,0.0,0.0,0.0,-9800.0,9984706.092,False,-0.0009805386989402418,-0.00241784664353506,-24200.0
2018-09-07,2018-09-06,1,1,1,TX201809,False,-11200.0,0.0,0.0,0.0,0.0,-11200.0,9973506.092,False,-0.001121715541429279,-0.0035368500488075494,-35400.0
2018-09-10,2018-09-07,0,1,0,,False,4000.0,50.0,43.452000000000005,400.0,493.452,3506.548,9977012.64,False,0.0003515862894807564,-0.0031865072673118444,-31893.451999999583
2018-09-11,2018-09-10,0,0,0,,False,0.0,0.0,0.0,0.0,0.0,0.0,9977012.64,False,0.0,-0.0031865072673118444,-31893.451999999583
2018-09-12,2018-09-11,0,0,0,,False,0.0,0.0,0.0,0.0,0.0,0.0,9977012.64,False,0.0,-0.0031865072673118444,-31893.451999999583
2018-09-13,2018-09-12,0,0,0,,False,0.0,0.0,0.0,0.0,0.0,0.0,9977012.64,False,0.0,-0.0031865072673118444,-31893.451999999583
2018-09-14,2018-09-13,0,0,0,,False,0.0,0.0,0.0,0.0,0.0,0.0,9977012.64,False,0.0,-0.0031865072673118444,-31893.451999999583
2018-09-17,2018-09-14,1,0,1,TX201809,False,-6800.0,50.0,43.43600000000001,400.0,493.43600000000004,-7293.436,9969719.204,False,-0.0007310240312575167,-0.003915201885181241,-39186.88800000027
2018-09-18,2018-09-17,0,1,0,,False,-7200.0,50.0,43.14,400.0,493.14,-7693.14,9962026.064,False,-0.0007716506194992331,-0.0046838313367203455,-46880.028000000864
2018-09-19,2018-09-18,0,0,0,,False,0.0,0.0,0.0,0.0,0.0,0.0,9962026.064,False,0.0,-0.0046838313367203455,-46880.028000000864
2018-09-20,2018-09-19,0,0,0,,False,0.0,0.0,0.0,0.0,0.0,0.0,9962026.064,False,0.0,-0.0046838313367203455,-46880.028000000864
2018-09-21,2018-09-20,0,0,0,,False,0.0,0.0,0.0,0.0,0.0,0.0,9962026.064,False,0.0,-0.0046838313367203455,-46880.028000000864
2018-09-25,2018-09-21,1,0,1,TX201810,False,4200.0,50.0,43.848000000000006,400.0,493.848,3706.152,9965732.216,False,0.0003720279365051057,-0.00431354591632227,-43173.876000000164
2018-09-26,2018-09-25,1,1,1,TX201810,False,-1800.0,0.0,0.0,0.0,0.0,-1800.0,9963932.216,False,-0.00018061894108594418,-0.004493385749312573,-44973.876000000164
2018-09-27,2018-09-26,0,1,0,,False,-3400.0,50.0,43.812000000000005,400.0,493.812,-3893.812,9960038.404,False,-0.0003907906954392312,-0.004882420471409965,-48867.68800000101
2018-09-28,2018-09-27,1,0,1,TX201810,False,-11200.0,50.0,44.05200000000001,400.0,494.052,-11694.052,9948344.352,False,-0.001174097079314836,-0.006050785115109258,-60561.74000000022
2018-10-01,2018-09-28,0,1,0,,False,2600.0,50.0,43.864000000000004,400.0,493.86400000000003,2106.136,9950450.488,False,0.00021170718719407672,-0.005840358922612254,-58455.60400000028
2018-10-02,2018-10-01,1,0,1,TX201810,False,-25400.0,50.0,44.032000000000004,400.0,494.03200000000004,-25894.032,9924556.456,False,-0.0026022974569068573,-0.008427458028347323,-84349.63599999994
2018-10-03,2018-10-02,0,1,0,,False,200.0,50.0,43.512,400.0,493.512,-293.512,9924262.944,False,-2.9574319144766826e-05,-0.008456783111158828,-84643.14800000004
2018-10-04,2018-10-03,0,0,0,,False,0.0,0.0,0.0,0.0,0.0,0.0,9924262.944,False,0.0,-0.008456783111158828,-84643.14800000004
2018-10-05,2018-10-04,0,0,0,,False,0.0,0.0,0.0,0.0,0.0,0.0,9924262.944,False,0.0,-0.008456783111158828,-84643.14800000004
2018-10-08,2018-10-05,0,0,0,,False,0.0,0.0,0.0,0.0,0.0,0.0,9924262.944,False,0.0,-0.008456783111158828,-84643.14800000004
2018-10-09,2018-10-08,0,0,0,,False,0.0,0.0,0.0,0.0,0.0,0.0,9924262.944,False,0.0,-0.008456783111158828,-84643.14800000004
2018-10-11,2018-10-09,0,0,0,,False,0.0,0.0,0.0,0.0,0.0,0.0,9924262.944,False,0.0,-0.008456783111158828,-84643.14800000004
2018-10-12,2018-10-11,0,0,0,,False,0.0,0.0,0.0,0.0,0.0,0.0,9924262.944,False,0.0,-0.008456783111158828,-84643.14800000004
2018-10-15,2018-10-12,0,0,0,,False,0.0,0.0,0.0,0.0,0.0,0.0,9924262.944,False,0.0,-0.008456783111158828,-84643.14800000004
2018-10-16,2018-10-15,0,0,0,,False,0.0,0.0,0.0,0.0,0.0,0.0,9924262.944,False,0.0,-0.008456783111158828,-84643.14800000004
2018-10-17,2018-10-16,0,0,0,,False,0.0,0.0,0.0,0.0,0.0,0.0,9924262.944,False,0.0,-0.008456783111158828,-84643.14800000004
2018-10-18,2018-10-17,0,0,0,,False,0.0,0.0,0.0,0.0,0.0,0.0,9924262.944,False,0.0,-0.008456783111158828,-84643.14800000004
2018-10-19,2018-10-18,0,0,0,,False,0.0,0.0,0.0,0.0,0.0,0.0,9924262.944,False,0.0,-0.008456783111158828,-84643.14800000004
2018-10-22,2018-10-19,0,0,0,,False,0.0,0.0,0.0,0.0,0.0,0.0,9924262.944,False,0.0,-0.008456783111158828,-84643.14800000004
2018-10-23,2018-10-22,0,0,0,,False,0.0,0.0,0.0,0.0,0.0,0.0,9924262.944,False,0.0,-0.008456783111158828,-84643.14800000004
2018-10-24,2018-10-23,0,0,0,,False,0.0,0.0,0.0,0.0,0.0,0.0,9924262.944,False,0.0,-0.008456783111158828,-84643.14800000004
2018-10-25,2018-10-24,0,0,0,,False,0.0,0.0,0.0,0.0,0.0,0.0,9924262.944,False,0.0,-0.008456783111158828,-84643.14800000004
2018-10-26,2018-10-25,0,0,0,,False,0.0,0.0,0.0,0.0,0.0,0.0,9924262.944,False,0.0,-0.008456783111158828,-84643.14800000004
2018-10-29,2018-10-26,0,0,0,,False,0.0,0.0,0.0,0.0,0.0,0.0,9924262.944,False,0.0,-0.008456783111158828,-84643.14800000004
2018-10-30,2018-10-29,0,0,0,,False,0.0,0.0,0.0,0.0,0.0,0.0,9924262.944,False,0.0,-0.008456783111158828,-84643.14800000004
2018-10-31,2018-10-30,0,0,0,,False,0.0,0.0,0.0,0.0,0.0,0.0,9924262.944,False,0.0,-0.008456783111158828,-84643.14800000004
2018-11-01,2018-10-31,0,0,0,,False,0.0,0.0,0.0,0.0,0.0,0.0,9924262.944,False,0.0,-0.008456783111158828,-84643.14800000004
2018-11-02,2018-11-01,0,0,0,,False,0.0,0.0,0.0,0.0,0.0,0.0,9924262.944,False,0.0,-0.008456783111158828,-84643.14800000004
2018-11-05,2018-11-02,1,0,1,TX201811,False,2800.0,50.0,39.220000000000006,400.0,489.22,2310.78,9926573.724,False,0.00023284147276620164,-0.008225910728227093,-82332.36800000072
2018-11-06,2018-11-05,0,1,0,,False,6400.0,50.0,39.388000000000005,400.0,489.38800000000003,5910.612,9932484.336,False,0.0005954332445755782,-0.007635375464366101,-76421.75600000098
2018-11-07,2018-11-06,0,0,0,,False,0.0,0.0,0.0,0.0,0.0,0.0,9932484.336,False,0.0,-0.007635375464366101,-76421.75600000098
2018-11-08,2018-11-07,1,0,1,TX201811,False,-11200.0,50.0,39.928000000000004,400.0,489.928,-11689.928,9920794.408,False,-0.001176938981683585,-0.008803328075025818,-88111.68400000036
2018-11-09,2018-11-08,1,1,1,TX201811,False,-27000.0,0.0,0.0,0.0,0.0,-27000.0,9893794.408,False,-0.002721556247373451,-0.011500925569879028,-115111.68400000036
2018-11-12,2018-11-09,0,1,0,,False,-7800.0,50.0,38.992000000000004,400.0,488.992,-8288.992,9885505.416,False,-0.0008377970734157993,-0.012329087201510824,-123400.67600000091
2018-11-13,2018-11-12,1,0,1,TX201811,False,25600.0,50.0,38.408,400.0,488.408,25111.592,9910617.008,False,0.002540243613579545,-0.00982016247295614,-98289.08400000073
2018-11-14,2018-11-13,0,1,0,,False,8000.0,50.0,39.064,400.0,489.06399999999996,7510.936,9918127.944,False,0.0007578676477899468,-0.009069737208600492,-90778.14800000004
2018-11-15,2018-11-14,1,0,1,TX201811,False,7400.0,50.0,39.168000000000006,400.0,489.168,6910.832,9925038.776,False,0.000696787946174936,-0.008379268945987395,-83867.31599999964
2018-11-16,2018-11-15,1,1,1,TX201811,False,-8800.0,0.0,0.0,0.0,0.0,-8800.0,9916238.776,False,-0.0008866464100149929,-0.009258485907272851,-92667.31599999964
2018-11-19,2018-11-16,1,1,1,TX201811,False,7200.0,0.0,0.0,0.0,0.0,7200.0,9923438.776,False,0.0007260817496071153,-0.008539126575311973,-85467.31599999964
2018-11-20,2018-11-19,1,1,1,TX201812,True,-17400.0,100.0,77.772,800.0,977.7719999999999,-18377.772,9905061.004,False,-0.0018519560018294206,-0.010375268490429912,-103845.08799999952
2018-11-21,2018-11-20,1,1,1,TX201812,False,3600.0,0.0,0.0,0.0,0.0,3600.0,9908661.004,False,0.0003634505631561681,-0.010015588824449528,-100245.08799999952
2018-11-22,2018-11-21,1,1,1,TX201812,False,-3000.0,0.0,0.0,0.0,0.0,-3000.0,9905661.004,False,-0.00030276542903112116,-0.010315321879433181,-103245.08799999952
2018-11-23,2018-11-22,0,1,0,,False,200.0,50.0,38.852000000000004,400.0,488.852,-288.852,9905372.152,False,-2.9160295298149088e-05,-0.010344181376899186,-103533.93999999948
2018-11-26,2018-11-23,0,0,0,,False,0.0,0.0,0.0,0.0,0.0,0.0,9905372.152,False,0.0,-0.010344181376899186,-103533.93999999948
2018-11-27,2018-11-26,0,0,0,,False,0.0,0.0,0.0,0.0,0.0,0.0,9905372.152,False,0.0,-0.010344181376899186,-103533.93999999948
2018-11-28,2018-11-27,0,0,0,,False,0.0,0.0,0.0,0.0,0.0,0.0,9905372.152,False,0.0,-0.010344181376899186,-103533.93999999948
2018-11-29,2018-11-28,1,0,1,TX201812,False,-21400.0,50.0,39.944,400.0,489.944,-21889.944,9883482.208,False,-0.0022099062674369265,-0.012531227973079817,-125423.88399999961
2018-11-30,2018-11-29,1,1,1,TX201812,False,-4800.0,0.0,0.0,0.0,0.0,-4800.0,9878682.208,False,-0.000485658788975684,-0.013010800861053773,-130223.88399999961
2018-12-03,2018-11-30,0,1,0,,False,31800.0,50.0,40.040000000000006,400.0,490.04,31309.96,9909992.168000001,False,0.0031694470315731405,-0.009882590873647956,-98913.92399999872
2018-12-04,2018-12-03,1,0,1,TX201812,False,-7600.0,50.0,40.328,400.0,490.328,-8090.328,9901901.840000002,False,-0.0008163808671942433,-0.010690903782734629,-107004.25199999847
2018-12-05,2018-12-04,1,1,1,TX201812,False,-32800.0,0.0,0.0,0.0,0.0,-32800.0,9869101.840000002,False,-0.0033124949661185485,-0.013967985183889642,-139804.25199999847
2018-12-06,2018-12-05,0,1,0,,False,-13000.0,50.0,39.244,400.0,489.244,-13489.244,9855612.596,False,-0.0013668157668945483,-0.015315709288403201,-153293.49599999934
2018-12-07,2018-12-06,0,0,0,,False,0.0,0.0,0.0,0.0,0.0,0.0,9855612.596,False,0.0,-0.015315709288403201,-153293.49599999934
2018-12-10,2018-12-07,0,0,0,,False,0.0,0.0,0.0,0.0,0.0,0.0,9855612.596,False,0.0,-0.015315709288403201,-153293.49599999934
2018-12-11,2018-12-10,0,0,0,,False,0.0,0.0,0.0,0.0,0.0,0.0,9855612.596,False,0.0,-0.015315709288403201,-153293.49599999934
2018-12-12,2018-12-11,0,0,0,,False,0.0,0.0,0.0,0.0,0.0,0.0,9855612.596,False,0.0,-0.015315709288403201,-153293.49599999934
2018-12-13,2018-12-12,0,0,0,,False,0.0,0.0,0.0,0.0,0.0,0.0,9855612.596,False,0.0,-0.015315709288403201,-153293.49599999934
2018-12-14,2018-12-13,0,0,0,,False,0.0,0.0,0.0,0.0,0.0,0.0,9855612.596,False,0.0,-0.015315709288403201,-153293.49599999934
2018-12-17,2018-12-14,0,0,0,,False,0.0,0.0,0.0,0.0,0.0,0.0,9855612.596,False,0.0,-0.015315709288403201,-153293.49599999934
2018-12-18,2018-12-17,0,0,0,,False,0.0,0.0,0.0,0.0,0.0,0.0,9855612.596,False,0.0,-0.015315709288403201,-153293.49599999934
2018-12-19,2018-12-18,0,0,0,,False,0.0,0.0,0.0,0.0,0.0,0.0,9855612.596,False,0.0,-0.015315709288403201,-153293.49599999934
2018-12-20,2018-12-19,0,0,0,,False,0.0,0.0,0.0,0.0,0.0,0.0,9855612.596,False,0.0,-0.015315709288403201,-153293.49599999934
2018-12-21,2018-12-20,0,0,0,,False,0.0,0.0,0.0,0.0,0.0,0.0,9855612.596,False,0.0,-0.015315709288403201,-153293.49599999934
2018-12-22,2018-12-21,0,0,0,,False,0.0,0.0,0.0,0.0,0.0,0.0,9855612.596,False,0.0,-0.015315709288403201,-153293.49599999934
2018-12-24,2018-12-22,0,0,0,,False,0.0,0.0,0.0,0.0,0.0,0.0,9855612.596,False,0.0,-0.015315709288403201,-153293.49599999934
2018-12-25,2018-12-24,0,0,0,,False,0.0,0.0,0.0,0.0,0.0,0.0,9855612.596,False,0.0,-0.015315709288403201,-153293.49599999934
2018-12-26,2018-12-25,0,0,0,,False,0.0,0.0,0.0,0.0,0.0,0.0,9855612.596,False,0.0,-0.015315709288403201,-153293.49599999934
2018-12-27,2018-12-26,0,0,0,,False,0.0,0.0,0.0,0.0,0.0,0.0,9855612.596,False,0.0,-0.015315709288403201,-153293.49599999934
2018-12-28,2018-12-27,0,0,0,,False,0.0,0.0,0.0,0.0,0.0,0.0,9855612.596,False,0.0,-0.015315709288403201,-153293.49599999934
2019-01-02,2018-12-28,0,0,0,,False,0.0,0.0,0.0,0.0,0.0,0.0,9855612.596,False,0.0,-0.015315709288403201,-153293.49599999934
2019-01-03,2019-01-02,0,0,0,,False,0.0,0.0,0.0,0.0,0.0,0.0,9855612.596,False,0.0,-0.015315709288403201,-153293.49599999934
2019-01-04,2019-01-03,0,0,0,,False,0.0,0.0,0.0,0.0,0.0,0.0,9855612.596,False,0.0,-0.015315709288403201,-153293.49599999934
2019-01-07,2019-01-04,0,0,0,,False,0.0,0.0,0.0,0.0,0.0,0.0,9855612.596,False,0.0,-0.015315709288403201,-153293.49599999934
2019-01-08,2019-01-07,0,0,0,,False,0.0,0.0,0.0,0.0,0.0,0.0,9855612.596,False,0.0,-0.015315709288403201,-153293.49599999934
2019-01-09,2019-01-08,0,0,0,,False,0.0,0.0,0.0,0.0,0.0,0.0,9855612.596,False,0.0,-0.015315709288403201,-153293.49599999934
2019-01-10,2019-01-09,1,0,1,TX201901,False,-3200.0,50.0,38.848000000000006,400.0,488.848,-3688.848,9851923.748000002,False,-0.000374289062609579,-0.01568426584853988,-156982.34399999864
2019-01-11,2019-01-10,1,1,1,TX201901,False,11200.0,0.0,0.0,0.0,0.0,11200.0,9863123.748000002,False,0.0011368338089577344,-0.014565262443267502,-145782.34399999864
2019-01-14,2019-01-11,1,1,1,TX201901,False,-11800.0,0.0,0.0,0.0,0.0,-11800.0,9851323.748000002,False,-0.0011963755399898282,-0.01574421245953661,-157582.34399999864
2019-01-15,2019-01-14,1,1,1,TX201902,True,20400.0,100.0,78.34800000000001,800.0,978.348,19421.652,9870745.400000002,False,0.0019714763717863753,-0.013803775430606513,-138160.69199999794
2019-01-16,2019-01-15,1,1,1,TX201902,False,-6000.0,0.0,0.0,0.0,0.0,-6000.0,9864745.400000002,False,-0.000607856829130655,-0.01440324154057393,-144160.69199999794
2019-01-17,2019-01-16,1,1,1,TX201902,False,3000.0,0.0,0.0,0.0,0.0,3000.0,9867745.400000002,False,0.0003041132718944778,-0.014103508485590277,-141160.69199999794
2019-01-18,2019-01-17,1,1,1,TX201902,False,8200.0,0.0,0.0,0.0,0.0,8200.0,9875945.400000002,False,0.0008309902280210836,-0.013284238135301552,-132960.69199999794
2019-01-21,2019-01-18,1,1,1,TX201902,False,9200.0,0.0,0.0,0.0,0.0,9200.0,9885145.400000002,False,0.0009315563854777891,-0.012365056766684868,-123760.69199999794
2019-01-22,2019-01-21,1,1,1,TX201902,False,-3800.0,0.0,0.0,0.0,0.0,-3800.0,9881345.400000002,False,-0.0003844151852333906,-0.012744718636330865,-127560.69199999794
2019-01-23,2019-01-22,1,1,1,TX201902,False,-5800.0,0.0,0.0,0.0,0.0,-5800.0,9875545.400000002,False,-0.000586964605042548,-0.013324202542632668,-133360.69199999794
2019-01-24,2019-01-23,1,1,1,TX201902,False,9000.0,0.0,0.0,0.0,0.0,9000.0,9884545.400000002,False,0.0009113420712946141,-0.012425003377681598,-124360.69199999794
2019-01-25,2019-01-24,1,1,1,TX201902,False,21000.0,0.0,0.0,0.0,0.0,21000.0,9905545.400000002,False,0.002124528660670626,-0.010326871992795805,-103360.69199999794
2019-01-28,2019-01-25,1,1,1,TX201902,False,3400.0,0.0,0.0,0.0,0.0,3400.0,9908945.400000002,False,0.00034324207933063424,-0.009987174530480925,-99960.69199999794
2019-01-29,2019-01-28,1,1,1,TX201902,False,-12400.0,0.0,0.0,0.0,0.0,-12400.0,9896545.400000002,False,-0.001251394522771313,-0.011226071157746875,-112360.69199999794
2019-01-30,2019-01-29,1,1,1,TX201902,False,600.0,0.0,0.0,0.0,0.0,600.0,9897145.400000002,False,6.062721644261844e-05,-0.011166124546750145,-111760.69199999794
2019-02-11,2019-01-30,1,1,1,TX201902,False,14600.0,0.0,0.0,0.0,0.0,14600.0,9911745.400000002,False,0.0014751728311478576,-0.009707423679162885,-97160.69199999794
2019-02-12,2019-02-11,1,1,1,TX201902,False,17000.0,0.0,0.0,0.0,0.0,17000.0,9928745.400000002,False,0.0017151368718570997,-0.008008936367588593,-80160.69199999794
2019-02-13,2019-02-12,1,1,1,TX201902,False,0.0,0.0,0.0,0.0,0.0,0.0,9928745.400000002,False,0.0,-0.008008936367588593,-80160.69199999794
2019-02-14,2019-02-13,1,1,1,TX201902,False,-800.0,0.0,0.0,0.0,0.0,-800.0,9927945.400000002,False,-8.057412772413318e-05,-0.008088865182250937,-80960.69199999794
2019-02-15,2019-02-14,1,1,1,TX201902,False,-7600.0,0.0,0.0,0.0,0.0,-7600.0,9920345.400000002,False,-0.0007655158941546957,-0.008848188921542932,-88560.69199999794
2019-02-18,2019-02-15,1,1,1,TX201902,False,18600.0,0.0,0.0,0.0,0.0,18600.0,9938945.400000002,False,0.001874934717494816,-0.0069898439806440615,-69960.69199999794
2019-02-19,2019-02-18,1,1,1,TX201903,True,1400.0,100.0,81.148,800.0,981.148,418.8520000000001,9939364.252000002,False,4.2142499344045094e-05,-0.006947996050795435,-69541.83999999799
2019-02-20,2019-02-19,1,1,1,TX201903,False,20800.0,0.0,0.0,0.0,0.0,20800.0,9960164.252000002,False,0.002092689177360073,-0.004869846869575145,-48741.83999999799
2019-02-21,2019-02-20,1,1,1,TX201903,False,15000.0,0.0,0.0,0.0,0.0,15000.0,9975164.252000002,False,0.001505999260703758,-0.003371181594656769,-33741.83999999799
2019-02-22,2019-02-21,1,1,1,TX201903,False,-2800.0,0.0,0.0,0.0,0.0,-2800.0,9972364.252000002,False,-0.00028069713232427274,-0.0036509324459748083,-36541.83999999799
2019-02-25,2019-02-22,1,1,1,TX201903,False,11600.0,0.0,0.0,0.0,0.0,11600.0,9983964.252000002,False,0.0011632146306402285,-0.002491964633371202,-24941.83999999799
2019-02-26,2019-02-25,1,1,1,TX201903,False,-2600.0,0.0,0.0,0.0,0.0,-2600.0,9981364.252000002,False,-0.00026041759909939226,-0.0027517332810237383,-27541.83999999799
2019-02-27,2019-02-26,1,1,1,TX201903,False,1400.0,0.0,0.0,0.0,0.0,1400.0,9982764.252000002,False,0.00014026138758732072,-0.002611857855364663,-26141.83999999799
2019-03-04,2019-02-27,1,1,1,TX201903,False,-10200.0,0.0,0.0,0.0,0.0,-10200.0,9972564.252000002,False,-0.0010217610816519557,-0.0036309502423093054,-36341.83999999799
2019-03-05,2019-03-04,0,1,0,,False,-10200.0,50.0,41.032000000000004,400.0,491.03200000000004,-10691.032,9961873.220000003,False,-0.00107204443409386,-0.004699102136405342,-47032.871999997646
2019-03-06,2019-03-05,1,0,1,TX201903,False,7800.0,50.0,41.14,400.0,491.14,7308.86,9969182.080000002,False,0.0007336832981698996,-0.003968866490989376,-39724.01199999824
2019-03-07,2019-03-06,1,1,1,TX201903,False,-12000.0,0.0,0.0,0.0,0.0,-12000.0,9957182.080000002,False,-0.0012037095825618623,-0.005167798710924099,-51724.01199999824
2019-03-08,2019-03-07,0,1,0,,False,-6400.0,50.0,40.912000000000006,400.0,490.91200000000003,-6890.912,9950291.168000001,False,-0.0006920544331353634,-0.005856276746052047,-58614.92399999872
2019-03-11,2019-03-08,0,0,0,,False,0.0,0.0,0.0,0.0,0.0,0.0,9950291.168000001,False,0.0,-0.005856276746052047,-58614.92399999872
2019-03-12,2019-03-11,1,0,1,TX201903,False,9400.0,50.0,41.212,400.0,491.212,8908.788,9959199.956000002,False,0.0008953293777623854,-0.004966190664904668,-49706.13599999808
2019-03-13,2019-03-12,1,1,1,TX201903,False,3400.0,0.0,0.0,0.0,0.0,3400.0,9962599.956000002,False,0.00034139288447076934,-0.004626493202589899,-46306.13599999808
2019-03-14,2019-03-13,1,1,1,TX201903,False,-5400.0,0.0,0.0,0.0,0.0,-5400.0,9957199.956000002,False,-0.0005420271840532787,-0.005166012701560474,-51706.13599999808
2019-03-15,2019-03-14,0,1,0,,False,3400.0,50.0,41.412000000000006,400.0,491.41200000000003,2908.588,9960108.544000002,False,0.0002921090279247978,-0.004875412712584182,-48797.547999998555
2019-03-18,2019-03-15,1,0,1,TX201903,False,8000.0,50.0,41.756,400.0,491.756,7508.244,9967616.788000003,False,0.0007538315437860351,-0.004125256408689881,-41289.303999997675
2019-03-19,2019-03-18,1,1,1,TX201904,True,4800.0,100.0,83.98400000000001,800.0,983.984,3816.0159999999996,9971432.804000003,False,0.00038284136330302094,-0.0037439943641741635,-37473.287999996915
2019-03-20,2019-03-19,1,1,1,TX201904,False,3800.0,0.0,0.0,0.0,0.0,3800.0,9975232.804000003,False,0.0003810886634542274,-0.003364332494528166,-33673.287999996915
2019-03-21,2019-03-20,0,1,0,,False,4800.0,50.0,42.144000000000005,400.0,492.144,4307.856,9979540.660000004,False,0.00043185518419906727,-0.0029339302147581847,-29365.431999996305
2019-03-22,2019-03-21,1,0,1,TX201904,False,-6400.0,50.0,42.588,400.0,492.58799999999997,-6892.588,9972648.072000004,False,-0.0006906718690597526,-0.0036225757007527504,-36258.01999999583
2019-03-25,2019-03-22,0,1,0,,False,-27000.0,50.0,41.904,400.0,491.904,-27491.904,9945156.168000005,False,-0.0027567305896603776,-0.00636931982516542,-63749.92399999499
2019-03-26,2019-03-25,0,0,0,,False,0.0,0.0,0.0,0.0,0.0,0.0,9945156.168000005,False,0.0,-0.00636931982516542,-63749.92399999499
2019-03-27,2019-03-26,0,0,0,,False,0.0,0.0,0.0,0.0,0.0,0.0,9945156.168000005,False,0.0,-0.00636931982516542,-63749.92399999499
2019-03-28,2019-03-27,0,0,0,,False,0.0,0.0,0.0,0.0,0.0,0.0,9945156.168000005,False,0.0,-0.00636931982516542,-63749.92399999499
2019-03-29,2019-03-28,1,0,1,TX201904,False,9400.0,50.0,42.212,400.0,492.212,8907.788,9954063.956000006,False,0.0008956911132941393,-0.005479333655036389,-54842.13599999435
2019-04-01,2019-03-29,1,1,1,TX201904,False,8000.0,0.0,0.0,0.0,0.0,8000.0,9962063.956000006,False,0.0008036918423834161,-0.0046800455084132775,-46842.13599999435
2019-04-02,2019-04-01,1,1,1,TX201904,False,7600.0,0.0,0.0,0.0,0.0,7600.0,9969663.956000006,False,0.0007628941184846169,-0.0039207217691211715,-39242.13599999435
2019-04-03,2019-04-02,1,1,1,TX201904,False,3400.0,0.0,0.0,0.0,0.0,3400.0,9973063.956000006,False,0.00034103456395376204,-0.003581024306806402,-35842.13599999435
2019-04-08,2019-04-03,1,1,1,TX201904,False,15400.0,0.0,0.0,0.0,0.0,15400.0,9988463.956000006,False,0.0015441593544313966,-0.002042394624556798,-20442.135999994352
2019-04-09,2019-04-08,1,1,1,TX201904,False,14600.0,0.0,0.0,0.0,0.0,14600.0,10003063.956000006,False,0.0014616862076405526,-0.0005836937569695388,-5842.1359999943525
2019-04-10,2019-04-09,1,1,1,TX201904,False,3800.0,0.0,0.0,0.0,0.0,3800.0,10006863.956000006,False,0.00037988360533481306,-0.00020403188732354138,-2042.1359999943525
2019-04-11,2019-04-10,1,1,1,TX201904,False,-11200.0,0.0,0.0,0.0,0.0,-11200.0,9995663.956000006,False,-0.0011192317642416435,-0.00132303529259592,-13242.135999994352
2019-04-12,2019-04-11,1,1,1,TX201904,False,-800.0,0.0,0.0,0.0,0.0,-800.0,9994863.956000006,False,-8.00347033995467e-05,-0.0014029641072582644,-14042.135999994352
2019-04-15,2019-04-12,1,1,1,TX201904,False,14800.0,0.0,0.0,0.0,0.0,14800.0,10009663.956000006,False,0.0014807605251210476,0.0,0.0
2019-04-16,2019-04-15,1,1,1,TX201905,True,11000.0,100.0,87.416,800.0,987.4159999999999,10012.584,10019676.540000007,False,0.0010002917224806777,0.0,0.0
2019-04-17,2019-04-16,1,1,1,TX201905,False,14200.0,0.0,0.0,0.0,0.0,14200.0,10033876.540000007,False,0.001417211418283967,0.0,0.0
2019-04-18,2019-04-17,1,1,1,TX201905,False,-11000.0,0.0,0.0,0.0,0.0,-11000.0,10022876.540000007,False,-0.0010962861617988368,-0.0010962861617987985,-11000.0
2019-04-19,2019-04-18,1,1,1,TX201905,False,6600.0,0.0,0.0,0.0,0.0,6600.0,10029476.540000007,False,0.0006584935944945797,-0.0004385144647195416,-4400.0
2019-04-22,2019-04-19,1,1,1,TX201905,False,1200.0,0.0,0.0,0.0,0.0,1200.0,10030676.540000007,False,0.00011964732109538383,-0.0003189196107050707,-3200.0
2019-04-23,2019-04-22,1,1,1,TX201905,False,9200.0,0.0,0.0,0.0,0.0,9200.0,10039876.540000007,False,0.0009171863895034934,0.0,0.0
2019-04-24,2019-04-23,1,1,1,TX201905,False,-3000.0,0.0,0.0,0.0,0.0,-3000.0,10036876.540000007,False,-0.0002988084552681161,-0.00029880845526808475,-3000.0
2019-04-25,2019-04-24,1,1,1,TX201905,False,4400.0,0.0,0.0,0.0,0.0,4400.0,10041276.540000007,False,0.0004383833937245976,0.0,0.0
2019-04-26,2019-04-25,1,1,1,TX201905,False,-19600.0,0.0,0.0,0.0,0.0,-19600.0,10021676.540000007,False,-0.0019519430544435526,-0.0019519430544435723,-19600.0
2019-04-29,2019-04-26,1,1,1,TX201905,False,-200.0,0.0,0.0,0.0,0.0,-200.0,10021476.540000007,False,-1.9956740691213716e-05,-0.0019718608407134353,-19800.0
2019-04-30,2019-04-29,1,1,1,TX201905,False,4000.0,0.0,0.0,0.0,0.0,4000.0,10025476.540000007,False,0.0003991427794132218,-0.0015735051153167312,-15800.0
2019-05-02,2019-04-30,1,1,1,TX201905,False,5200.0,0.0,0.0,0.0,0.0,5200.0,10030676.540000007,False,0.0005186785864245807,-0.0010556426723010714,-10600.0
2019-05-03,2019-05-02,1,1,1,TX201905,False,22800.0,0.0,0.0,0.0,0.0,22800.0,10053476.540000007,False,0.00227302713920431,0.0,0.0
2019-05-06,2019-05-03,1,1,1,TX201905,False,-47000.0,0.0,0.0,0.0,0.0,-47000.0,10006476.540000007,False,-0.004674999719052407,-0.004674999719052386,-47000.0
2019-05-07,2019-05-06,0,1,0,,False,8600.0,50.0,43.592000000000006,400.0,493.592,8106.407999999999,10014582.948000006,False,0.0008101161250511455,-0.003868670886658321,-38893.59200000018
2019-05-08,2019-05-07,1,0,1,TX201905,False,8800.0,50.0,43.404,400.0,493.404,8306.596,10022889.544000007,False,0.0008294500173528339,-0.0030424297384394894,-30586.995999999344
2019-05-09,2019-05-08,0,1,0,,False,-7800.0,50.0,43.408,400.0,493.408,-8293.408,10014596.136000007,False,-0.0008274468119789541,-0.0038673591016306075,-38880.403999999166
2019-05-10,2019-05-09,0,0,0,,False,0.0,0.0,0.0,0.0,0.0,0.0,10014596.136000007,False,0.0,-0.0038673591016306075,-38880.403999999166
2019-05-13,2019-05-10,0,0,0,,False,0.0,0.0,0.0,0.0,0.0,0.0,10014596.136000007,False,0.0,-0.0038673591016306075,-38880.403999999166
2019-05-14,2019-05-13,0,0,0,,False,0.0,0.0,0.0,0.0,0.0,0.0,10014596.136000007,False,0.0,-0.0038673591016306075,-38880.403999999166
2019-05-15,2019-05-14,0,0,0,,False,0.0,0.0,0.0,0.0,0.0,0.0,10014596.136000007,False,0.0,-0.0038673591016306075,-38880.403999999166
2019-05-16,2019-05-15,0,0,0,,False,0.0,0.0,0.0,0.0,0.0,0.0,10014596.136000007,False,0.0,-0.0038673591016306075,-38880.403999999166
2019-05-17,2019-05-16,0,0,0,,False,0.0,0.0,0.0,0.0,0.0,0.0,10014596.136000007,False,0.0,-0.0038673591016306075,-38880.403999999166
2019-05-20,2019-05-17,0,0,0,,False,0.0,0.0,0.0,0.0,0.0,0.0,10014596.136000007,False,0.0,-0.0038673591016306075,-38880.403999999166
2019-05-21,2019-05-20,0,0,0,,False,0.0,0.0,0.0,0.0,0.0,0.0,10014596.136000007,False,0.0,-0.0038673591016306075,-38880.403999999166
2019-05-22,2019-05-21,0,0,0,,False,0.0,0.0,0.0,0.0,0.0,0.0,10014596.136000007,False,0.0,-0.0038673591016306075,-38880.403999999166
2019-05-23,2019-05-22,0,0,0,,False,0.0,0.0,0.0,0.0,0.0,0.0,10014596.136000007,False,0.0,-0.0038673591016306075,-38880.403999999166
2019-05-24,2019-05-23,0,0,0,,False,0.0,0.0,0.0,0.0,0.0,0.0,10014596.136000007,False,0.0,-0.0038673591016306075,-38880.403999999166
2019-05-27,2019-05-24,0,0,0,,False,0.0,0.0,0.0,0.0,0.0,0.0,10014596.136000007,False,0.0,-0.0038673591016306075,-38880.403999999166
2019-05-28,2019-05-27,0,0,0,,False,0.0,0.0,0.0,0.0,0.0,0.0,10014596.136000007,False,0.0,-0.0038673591016306075,-38880.403999999166
2019-05-29,2019-05-28,0,0,0,,False,0.0,0.0,0.0,0.0,0.0,0.0,10014596.136000007,False,0.0,-0.0038673591016306075,-38880.403999999166
2019-05-30,2019-05-29,0,0,0,,False,0.0,0.0,0.0,0.0,0.0,0.0,10014596.136000007,False,0.0,-0.0038673591016306075,-38880.403999999166
2019-05-31,2019-05-30,0,0,0,,False,0.0,0.0,0.0,0.0,0.0,0.0,10014596.136000007,False,0.0,-0.0038673591016306075,-38880.403999999166
2019-06-03,2019-05-31,0,0,0,,False,0.0,0.0,0.0,0.0,0.0,0.0,10014596.136000007,False,0.0,-0.0038673591016306075,-38880.403999999166
2019-06-04,2019-06-03,0,0,0,,False,0.0,0.0,0.0,0.0,0.0,0.0,10014596.136000007,False,0.0,-0.0038673591016306075,-38880.403999999166
2019-06-05,2019-06-04,0,0,0,,False,0.0,0.0,0.0,0.0,0.0,0.0,10014596.136000007,False,0.0,-0.0038673591016306075,-38880.403999999166
2019-06-06,2019-06-05,0,0,0,,False,0.0,0.0,0.0,0.0,0.0,0.0,10014596.136000007,False,0.0,-0.0038673591016306075,-38880.403999999166
2019-06-10,2019-06-06,0,0,0,,False,0.0,0.0,0.0,0.0,0.0,0.0,10014596.136000007,False,0.0,-0.0038673591016306075,-38880.403999999166
2019-06-11,2019-06-10,0,0,0,,False,0.0,0.0,0.0,0.0,0.0,0.0,10014596.136000007,False,0.0,-0.0038673591016306075,-38880.403999999166
2019-06-12,2019-06-11,1,0,1,TX201906,False,1000.0,50.0,42.356,400.0,492.356,507.644,10015103.780000007,False,5.0690411585859644e-05,-0.0038168647280694135,-38372.75999999978
2019-06-13,2019-06-12,1,1,1,TX201906,False,-12600.0,0.0,0.0,0.0,0.0,-12600.0,10002503.780000007,False,-0.001258099793749715,-0.00507016252509207,-50972.75999999978
2019-06-14,2019-06-13,0,1,0,,False,1000.0,50.0,42.128,400.0,492.128,507.87199999999996,10003011.652000006,False,5.0774487185447446e-05,-0.005019645472808754,-50464.88800000027
2019-06-17,2019-06-14,0,0,0,,False,0.0,0.0,0.0,0.0,0.0,0.0,10003011.652000006,False,0.0,-0.005019645472808754,-50464.88800000027
2019-06-18,2019-06-17,1,0,1,TX201907,True,2800.0,150.0,125.72800000000001,1200.0,1475.728,1324.272,10004335.924000006,False,0.0001323873295434205,-0.004887922680724799,-49140.61600000039
2019-06-19,2019-06-18,0,1,0,,False,24800.0,50.0,41.84,400.0,491.84000000000003,24308.16,10028644.084000006,False,0.002429762473457702,-0.0024700366983698707,-24832.45600000024
2019-06-20,2019-06-19,1,0,1,TX201907,False,3200.0,50.0,42.30800000000001,400.0,492.308,2707.692,10031351.776000006,False,0.00026999582170035644,-0.002200707776257471,-22124.764000000432
2019-06-21,2019-06-20,1,1,1,TX201907,False,-1200.0,0.0,0.0,0.0,0.0,-1200.0,10030151.776000006,False,-0.00011962495452218096,-0.002320069471211994,-23324.764000000432
2019-06-24,2019-06-21,1,1,1,TX201907,False,7600.0,0.0,0.0,0.0,0.0,7600.0,10037751.776000006,False,0.0007577153536385326,-0.0015641120698333122,-15724.764000000432
2019-06-25,2019-06-24,0,1,0,,False,-600.0,50.0,42.472,400.0,492.472,-1092.472,10036659.304000007,False,-0.00010883632354927037,-0.0016727781611752812,-16817.235999999568
2019-06-26,2019-06-25,0,0,0,,False,0.0,0.0,0.0,0.0,0.0,0.0,10036659.304000007,False,0.0,-0.0016727781611752812,-16817.235999999568
2019-06-27,2019-06-26,0,0,0,,False,0.0,0.0,0.0,0.0,0.0,0.0,10036659.304000007,False,0.0,-0.0016727781611752812,-16817.235999999568
2019-06-28,2019-06-27,1,0,1,TX201907,False,-8200.0,50.0,42.492000000000004,400.0,492.492,-8692.492,10027966.812000006,False,-0.0008660742321437271,-0.0025374036432574965,-25509.72800000012
2019-07-01,2019-06-28,1,1,1,TX201907,False,37400.0,0.0,0.0,0.0,0.0,37400.0,10065366.812000006,False,0.003729569582863511,0.0,0.0
2019-07-02,2019-07-01,0,1,0,,False,-5800.0,50.0,42.944,400.0,492.944,-6292.944,10059073.868000006,False,-0.0006252076171230546,-0.0006252076171230359,-6292.944000000134
2019-07-03,2019-07-02,0,0,0,,False,0.0,0.0,0.0,0.0,0.0,0.0,10059073.868000006,False,0.0,-0.0006252076171230359,-6292.944000000134
2019-07-04,2019-07-03,1,0,1,TX201907,False,3800.0,50.0,42.772000000000006,400.0,492.772,3307.228,10062381.096000006,False,0.00032878056602417207,-0.000296632607213132,-2985.716000000015
2019-07-05,2019-07-04,1,1,1,TX201907,False,1600.0,0.0,0.0,0.0,0.0,1600.0,10063981.096000006,False,0.00015900809010662808,-0.0001376716840908454,-1385.716000000015
2019-07-08,2019-07-05,1,1,1,TX201907,False,-10600.0,0.0,0.0,0.0,0.0,-10600.0,10053381.096000006,False,-0.0010532611199173495,-0.0011907877997759941,-11985.716000000015
2019-07-09,2019-07-08,1,1,1,TX201907,False,-3000.0,0.0,0.0,0.0,0.0,-3000.0,10050381.096000006,False,-0.0002984070703530404,-0.0014888395306302815,-14985.716000000015
2019-07-10,2019-07-09,0,1,0,,False,9800.0,50.0,42.788000000000004,400.0,492.788,9307.212,10059688.308000006,False,0.0009260556302391574,-0.000564162648621136,-5678.504000000656
2019-07-11,2019-07-10,0,0,0,,False,0.0,0.0,0.0,0.0,0.0,0.0,10059688.308000006,False,0.0,-0.000564162648621136,-5678.504000000656
2019-07-12,2019-07-11,1,0,1,TX201907,False,4200.0,50.0,43.164,400.0,493.164,3706.8360000000002,10063395.144000005,False,0.0003684841802754589,-0.00019588635335676674,-1971.6680000014603
2019-07-15,2019-07-12,1,1,1,TX201907,False,7800.0,0.0,0.0,0.0,0.0,7800.0,10071195.144000005,False,0.0007750863290557078,0.0,0.0
2019-07-16,2019-07-15,1,1,1,TX201908,True,5400.0,100.0,86.412,800.0,986.412,4413.588,10075608.732000005,False,0.00043823875288817436,0.0,0.0
2019-07-17,2019-07-16,1,1,1,TX201908,False,-12200.0,0.0,0.0,0.0,0.0,-12200.0,10063408.732000005,False,-0.0012108449548316575,-0.0012108449548317024,-12200.0
2019-07-18,2019-07-17,0,1,0,,False,-8200.0,50.0,42.492000000000004,400.0,492.492,-8692.492,10054716.240000004,False,-0.0008637721304471405,-0.00207357119115259,-20892.49200000055
2019-07-19,2019-07-18,0,0,0,,False,0.0,0.0,0.0,0.0,0.0,0.0,10054716.240000004,False,0.0,-0.00207357119115259,-20892.49200000055
2019-07-22,2019-07-19,1,0,1,TX201908,False,11800.0,50.0,42.948,400.0,492.948,11307.052,10066023.292000003,False,0.00112455207388329,-0.0009513509560526989,-9585.440000001341
2019-07-23,2019-07-22,1,1,1,TX201908,False,1800.0,0.0,0.0,0.0,0.0,1800.0,10067823.292000003,False,0.00017881937561485225,-0.0007727017004218739,-7785.440000001341
2019-07-24,2019-07-23,1,1,1,TX201908,False,200.0,0.0,0.0,0.0,0.0,200.0,10068023.292000003,False,1.9865267218081e-05,-0.000752851783129449,-7585.440000001341
2019-07-25,2019-07-24,1,1,1,TX201908,False,3600.0,0.0,0.0,0.0,0.0,3600.0,10071623.292000003,False,0.0003575677067474149,-0.00039555327186768796,-3985.440000001341
2019-07-26,2019-07-25,1,1,1,TX201908,False,-7000.0,0.0,0.0,0.0,0.0,-7000.0,10064623.292000003,False,-0.0006950220234666813,-0.0010903003770990072,-10985.440000001341
2019-07-29,2019-07-26,1,1,1,TX201908,False,-1000.0,0.0,0.0,0.0,0.0,-1000.0,10063623.292000003,False,-9.935791643536853e-05,-0.0011895499635605766,-11985.440000001341
2019-07-30,2019-07-29,1,1,1,TX201908,False,-6000.0,0.0,0.0,0.0,0.0,-6000.0,10057623.292000003,False,-0.0005962067364713117,-0.0017850474823302154,-17985.44000000134
2019-07-31,2019-07-30,0,1,0,,False,-6200.0,50.0,42.876000000000005,400.0,492.876,-6692.876,10050930.416000003,False,-0.0006654530405134205,-0.0024493126575690916,-24678.316000001505
2019-08-01,2019-07-31,0,0,0,,False,0.0,0.0,0.0,0.0,0.0,0.0,10050930.416000003,False,0.0,-0.0024493126575690916,-24678.316000001505
2019-08-02,2019-08-01,0,0,0,,False,0.0,0.0,0.0,0.0,0.0,0.0,10050930.416000003,False,0.0,-0.0024493126575690916,-24678.316000001505
2019-08-05,2019-08-02,0,0,0,,False,0.0,0.0,0.0,0.0,0.0,0.0,10050930.416000003,False,0.0,-0.0024493126575690916,-24678.316000001505
2019-08-06,2019-08-05,0,0,0,,False,0.0,0.0,0.0,0.0,0.0,0.0,10050930.416000003,False,0.0,-0.0024493126575690916,-24678.316000001505
2019-08-07,2019-08-06,0,0,0,,False,0.0,0.0,0.0,0.0,0.0,0.0,10050930.416000003,False,0.0,-0.0024493126575690916,-24678.316000001505
2019-08-08,2019-08-07,0,0,0,,False,0.0,0.0,0.0,0.0,0.0,0.0,10050930.416000003,False,0.0,-0.0024493126575690916,-24678.316000001505
2019-08-12,2019-08-08,0,0,0,,False,0.0,0.0,0.0,0.0,0.0,0.0,10050930.416000003,False,0.0,-0.0024493126575690916,-24678.316000001505
2019-08-13,2019-08-12,0,0,0,,False,0.0,0.0,0.0,0.0,0.0,0.0,10050930.416000003,False,0.0,-0.0024493126575690916,-24678.316000001505
2019-08-14,2019-08-13,0,0,0,,False,0.0,0.0,0.0,0.0,0.0,0.0,10050930.416000003,False,0.0,-0.0024493126575690916,-24678.316000001505
2019-08-15,2019-08-14,0,0,0,,False,0.0,0.0,0.0,0.0,0.0,0.0,10050930.416000003,False,0.0,-0.0024493126575690916,-24678.316000001505
2019-08-16,2019-08-15,0,0,0,,False,0.0,0.0,0.0,0.0,0.0,0.0,10050930.416000003,False,0.0,-0.0024493126575690916,-24678.316000001505
2019-08-19,2019-08-16,0,0,0,,False,0.0,0.0,0.0,0.0,0.0,0.0,10050930.416000003,False,0.0,-0.0024493126575690916,-24678.316000001505
2019-08-20,2019-08-19,0,0,0,,False,0.0,0.0,0.0,0.0,0.0,0.0,10050930.416000003,False,0.0,-0.0024493126575690916,-24678.316000001505
2019-08-21,2019-08-20,0,0,0,,False,0.0,0.0,0.0,0.0,0.0,0.0,10050930.416000003,False,0.0,-0.0024493126575690916,-24678.316000001505
2019-08-22,2019-08-21,0,0,0,,False,0.0,0.0,0.0,0.0,0.0,0.0,10050930.416000003,False,0.0,-0.0024493126575690916,-24678.316000001505
2019-08-23,2019-08-22,0,0,0,,False,0.0,0.0,0.0,0.0,0.0,0.0,10050930.416000003,False,0.0,-0.0024493126575690916,-24678.316000001505
2019-08-26,2019-08-23,0,0,0,,False,0.0,0.0,0.0,0.0,0.0,0.0,10050930.416000003,False,0.0,-0.0024493126575690916,-24678.316000001505
2019-08-27,2019-08-26,0,0,0,,False,0.0,0.0,0.0,0.0,0.0,0.0,10050930.416000003,False,0.0,-0.0024493126575690916,-24678.316000001505
2019-08-28,2019-08-27,0,0,0,,False,0.0,0.0,0.0,0.0,0.0,0.0,10050930.416000003,False,0.0,-0.0024493126575690916,-24678.316000001505
2019-08-29,2019-08-28,0,0,0,,False,0.0,0.0,0.0,0.0,0.0,0.0,10050930.416000003,False,0.0,-0.0024493126575690916,-24678.316000001505
2019-08-30,2019-08-29,1,0,1,TX201909,False,11200.0,50.0,42.088,400.0,492.08799999999997,10707.912,10061638.328000003,False,0.0010653652504602114,-0.0013865568197017897,-13970.404000001028
2019-09-02,2019-08-30,1,1,1,TX201909,False,5800.0,0.0,0.0,0.0,0.0,5800.0,10067438.328000003,False,0.0005764468778269922,-0.0008109092182243538,-8170.404000001028
2019-09-03,2019-09-02,1,1,1,TX201909,False,-12400.0,0.0,0.0,0.0,0.0,-12400.0,10055038.328000003,False,-0.0012316936638700406,-0.00204160409034837,-20570.404000001028
2019-09-04,2019-09-03,1,1,1,TX201909,False,20200.0,0.0,0.0,0.0,0.0,20200.0,10075238.328000003,False,0.0020089431130013284,-3.676244382377902e-05,-370.4040000010282
2019-09-05,2019-09-04,1,1,1,TX201909,False,18200.0,0.0,0.0,0.0,0.0,18200.0,10093438.328000003,False,0.0018064088816063582,0.0,0.0
2019-09-06,2019-09-05,1,1,1,TX201909,False,6600.0,0.0,0.0,0.0,0.0,6600.0,10100038.328000003,False,0.0006538901596783995,0.0,0.0
2019-09-09,2019-09-06,1,1,1,TX201909,False,4800.0,0.0,0.0,0.0,0.0,4800.0,10104838.328000003,False,0.00047524572126554393,0.0,0.0
2019-09-10,2019-09-09,1,1,1,TX201909,False,-9800.0,0.0,0.0,0.0,0.0,-9800.0,10095038.328000003,False,-0.0009698324388669028,-0.0009698324388669466,-9800.0
2019-09-11,2019-09-10,1,1,1,TX201909,False,6000.0,0.0,0.0,0.0,0.0,6000.0,10101038.328000003,False,0.0005943513838236908,-0.0003760574762953217,-3800.0
2019-09-12,2019-09-11,1,1,1,TX201909,False,10200.0,0.0,0.0,0.0,0.0,10200.0,10111238.328000003,False,0.0010097971781500596,0.0,0.0
2019-09-16,2019-09-12,1,1,1,TX201909,False,11400.0,0.0,0.0,0.0,0.0,11400.0,10122638.328000003,False,0.0011274583419155655,0.0,0.0
2019-09-17,2019-09-16,1,1,1,TX201910,True,-3600.0,100.0,86.808,800.0,986.808,-4586.808,10118051.520000003,False,-0.0004531237658973287,-0.00045312376589734527,-4586.808000000194
2019-09-18,2019-09-17,1,1,1,TX201910,False,11200.0,0.0,0.0,0.0,0.0,11200.0,10129251.520000003,False,0.0011069324936586206,0.0,0.0
2019-09-19,2019-09-18,1,1,1,TX201910,False,-5000.0,0.0,0.0,0.0,0.0,-5000.0,10124251.520000003,False,-0.0004936198879184311,-0.0004936198879184062,-5000.0
2019-09-20,2019-09-19,1,1,1,TX201910,False,6200.0,0.0,0.0,0.0,0.0,6200.0,10130451.520000003,False,0.0006123909493706452,0.0,0.0
2019-09-23,2019-09-20,1,1,1,TX201910,False,-1400.0,0.0,0.0,0.0,0.0,-1400.0,10129051.520000003,False,-0.00013819719656483776,-0.00013819719656482654,-1400.0
2019-09-24,2019-09-23,1,1,1,TX201910,False,2800.0,0.0,0.0,0.0,0.0,2800.0,10131851.520000003,False,0.0002764325953393906,0.0,0.0
2019-09-25,2019-09-24,1,1,1,TX201910,False,-13400.0,0.0,0.0,0.0,0.0,-13400.0,10118451.520000003,False,-0.0013225618213560237,-0.0013225618213560386,-13400.0
2019-09-26,2019-09-25,1,1,1,TX201910,False,400.0,0.0,0.0,0.0,0.0,400.0,10118851.520000003,False,3.953174052466082e-05,-0.0012830823640020972,-13000.0
2019-09-27,2019-09-26,1,1,1,TX201910,False,-3800.0,0.0,0.0,0.0,0.0,-3800.0,10115051.520000003,False,-0.0003755366893653163,-0.0016581372088643187,-16800.0
2019-10-01,2019-09-27,1,1,1,TX201910,False,26000.0,0.0,0.0,0.0,0.0,26000.0,10141051.520000003,False,0.0025704268484042277,0.0,0.0
2019-10-02,2019-10-01,1,1,1,TX201910,False,-6400.0,0.0,0.0,0.0,0.0,-6400.0,10134651.520000003,False,-0.0006310982630724272,-0.0006310982630723938,-6400.0
2019-10-03,2019-10-02,1,1,1,TX201910,False,-14200.0,0.0,0.0,0.0,0.0,-14200.0,10120451.520000003,False,-0.001401133524125356,-0.0020313475342643716,-20600.0
2019-10-04,2019-10-03,1,1,1,TX201910,False,5800.0,0.0,0.0,0.0,0.0,5800.0,10126251.520000003,False,0.0005730969600059898,-0.00145941473335498,-14800.0
2019-10-07,2019-10-04,1,1,1,TX201910,False,7000.0,0.0,0.0,0.0,0.0,7000.0,10133251.520000003,False,0.0006912725786214717,-0.000769151008119473,-7800.0
2019-10-08,2019-10-07,1,1,1,TX201910,False,17200.0,0.0,0.0,0.0,0.0,17200.0,10150451.520000003,False,0.0016973821251798943,0.0,0.0
2019-10-09,2019-10-08,1,1,1,TX201910,False,-24200.0,0.0,0.0,0.0,0.0,-24200.0,10126251.520000003,False,-0.002384130395807259,-0.0023841303958072046,-24200.0
2019-10-14,2019-10-09,1,1,1,TX201910,False,39200.0,0.0,0.0,0.0,0.0,39200.0,10165451.520000003,False,0.003871126440280242,0.0,0.0
2019-10-15,2019-10-14,1,1,1,TX201911,True,6400.0,100.0,88.78,800.0,988.78,5411.22,10170862.740000004,False,0.0005323147711986726,0.0,0.0
2019-10-16,2019-10-15,1,1,1,TX201911,False,8800.0,0.0,0.0,0.0,0.0,8800.0,10179662.740000004,False,0.000865216670891775,0.0,0.0
2019-10-17,2019-10-16,1,1,1,TX201911,False,5200.0,0.0,0.0,0.0,0.0,5200.0,10184862.740000004,False,0.0005108224243586284,0.0,0.0
2019-10-18,2019-10-17,1,1,1,TX201911,False,-1400.0,0.0,0.0,0.0,0.0,-1400.0,10183462.740000004,False,-0.00013745889716330133,-0.00013745889716332282,-1400.0
2019-10-21,2019-10-18,1,1,1,TX201911,False,1000.0,0.0,0.0,0.0,0.0,1000.0,10184462.740000004,False,9.819842479239037e-05,-3.9273970618092235e-05,-400.0
2019-10-22,2019-10-21,1,1,1,TX201911,False,17400.0,0.0,0.0,0.0,0.0,17400.0,10201862.740000004,False,0.0017084848208694014,0.0,0.0
2019-10-23,2019-10-22,1,1,1,TX201911,False,-8200.0,0.0,0.0,0.0,0.0,-8200.0,10193662.740000004,False,-0.0008037747820159358,-0.0008037747820159868,-8200.0
2019-10-24,2019-10-23,1,1,1,TX201911,False,17800.0,0.0,0.0,0.0,0.0,17800.0,10211462.740000004,False,0.0017461829426779715,0.0,0.0
2019-10-25,2019-10-24,1,1,1,TX201911,False,-1200.0,0.0,0.0,0.0,0.0,-1200.0,10210262.740000004,False,-0.00011751499570178127,-0.00011751499570178403,-1200.0
2019-10-28,2019-10-25,1,1,1,TX201911,False,5400.0,0.0,0.0,0.0,0.0,5400.0,10215662.740000004,False,0.0005288796319456905,0.0,0.0
2019-10-29,2019-10-28,1,1,1,TX201911,False,3000.0,0.0,0.0,0.0,0.0,3000.0,10218662.740000004,False,0.0002936667034095919,0.0,0.0
2019-10-30,2019-10-29,1,1,1,TX201911,False,2400.0,0.0,0.0,0.0,0.0,2400.0,10221062.740000004,False,0.0002348643908762566,0.0,0.0
2019-10-31,2019-10-30,1,1,1,TX201911,False,1600.0,0.0,0.0,0.0,0.0,1600.0,10222662.740000004,False,0.00015653949503102252,0.0,0.0
2019-11-01,2019-10-31,1,1,1,TX201911,False,5000.0,0.0,0.0,0.0,0.0,5000.0,10227662.740000004,False,0.0004891093570401794,0.0,0.0
2019-11-04,2019-11-01,1,1,1,TX201911,False,34600.0,0.0,0.0,0.0,0.0,34600.0,10262262.740000004,False,0.0033829821025170006,0.0,0.0
2019-11-05,2019-11-04,1,1,1,TX201911,False,20200.0,0.0,0.0,0.0,0.0,20200.0,10282462.740000004,False,0.001968376810434303,0.0,0.0
2019-11-06,2019-11-05,1,1,1,TX201911,False,1600.0,0.0,0.0,0.0,0.0,1600.0,10284062.740000004,False,0.00015560474571678335,0.0,0.0
2019-11-07,2019-11-06,1,1,1,TX201911,False,-11400.0,0.0,0.0,0.0,0.0,-11400.0,10272662.740000004,False,-0.001108511323609447,-0.0011085113236094513,-11400.0
2019-11-08,2019-11-07,1,1,1,TX201911,False,-4600.0,0.0,0.0,0.0,0.0,-4600.0,10268062.740000004,False,-0.0004477904236151335,-0.001555805366469376,-16000.0
2019-11-11,2019-11-08,1,1,1,TX201911,False,-27200.0,0.0,0.0,0.0,0.0,-27200.0,10240862.740000004,False,-0.002648990436534866,-0.004200674489467371,-43200.0
2019-11-12,2019-11-11,1,1,1,TX201911,False,17200.0,0.0,0.0,0.0,0.0,17200.0,10258062.740000004,False,0.0016795459949695598,-0.0025281837205127777,-26000.0
2019-11-13,2019-11-12,1,1,1,TX201911,False,-11400.0,0.0,0.0,0.0,0.0,-11400.0,10246662.740000004,False,-0.0011113209471362616,-0.003636695044122229,-37400.0
2019-11-14,2019-11-13,1,1,1,TX201911,False,-2000.0,0.0,0.0,0.0,0.0,-2000.0,10244662.740000004,False,-0.000195185500952674,-0.003831170714930887,-39400.0
2019-11-15,2019-11-14,1,1,1,TX201911,False,15200.0,0.0,0.0,0.0,0.0,15200.0,10259862.740000004,False,0.0014836994038517264,-0.002353155616784952,-24200.0
2019-11-18,2019-11-15,1,1,1,TX201911,False,12200.0,0.0,0.0,0.0,0.0,12200.0,10272062.740000004,False,0.0011890997286382796,-0.0011668540248520598,-12000.0
2019-11-19,2019-11-18,1,1,1,TX201912,True,10200.0,100.0,93.13600000000001,800.0,993.136,9206.864,10281269.604000004,False,0.0008963013790937959,-0.00027159849862989915,-2793.1359999999404
2019-11-20,2019-11-19,1,1,1,TX201912,False,-7800.0,0.0,0.0,0.0,0.0,-7800.0,10273469.604000004,False,-0.0007586611673878634,-0.0010300536147838102,-10593.13599999994
2019-11-21,2019-11-20,1,1,1,TX201912,False,-11400.0,0.0,0.0,0.0,0.0,-11400.0,10262069.604000004,False,-0.0011096543270601958,-0.0021385649383931504,-21993.13599999994
2019-11-22,2019-11-21,0,1,0,,False,4200.0,50.0,46.252,400.0,496.252,3703.7479999999996,10265773.352000004,False,0.00036091628130804465,-0.0017784204999901077,-18289.38800000027
2019-11-25,2019-11-22,0,0,0,,False,0.0,0.0,0.0,0.0,0.0,0.0,10265773.352000004,False,0.0,-0.0017784204999901077,-18289.38800000027
2019-11-26,2019-11-25,0,0,0,,False,0.0,0.0,0.0,0.0,0.0,0.0,10265773.352000004,False,0.0,-0.0017784204999901077,-18289.38800000027
2019-11-27,2019-11-26,0,0,0,,False,0.0,0.0,0.0,0.0,0.0,0.0,10265773.352000004,False,0.0,-0.0017784204999901077,-18289.38800000027
2019-11-28,2019-11-27,1,0,1,TX201912,False,-8800.0,50.0,46.64,400.0,496.64,-9296.64,10256476.712000003,False,-0.0009055956800554929,-0.002682405650123565,-27586.028000000864
2019-11-29,2019-11-28,0,1,0,,False,-2000.0,50.0,46.408,400.0,496.408,-2496.408,10253980.304000003,False,-0.00024339820292081595,-0.0029251509603296366,-30082.436000000685
2019-12-02,2019-11-29,0,0,0,,False,0.0,0.0,0.0,0.0,0.0,0.0,10253980.304000003,False,0.0,-0.0029251509603296366,-30082.436000000685
2019-12-03,2019-12-02,0,0,0,,False,0.0,0.0,0.0,0.0,0.0,0.0,10253980.304000003,False,0.0,-0.0029251509603296366,-30082.436000000685
2019-12-04,2019-12-03,0,0,0,,False,0.0,0.0,0.0,0.0,0.0,0.0,10253980.304000003,False,0.0,-0.0029251509603296366,-30082.436000000685
2019-12-05,2019-12-04,0,0,0,,False,0.0,0.0,0.0,0.0,0.0,0.0,10253980.304000003,False,0.0,-0.0029251509603296366,-30082.436000000685
2019-12-06,2019-12-05,1,0,1,TX201912,False,-6600.0,50.0,46.588,400.0,496.58799999999997,-7096.588,10246883.716000004,False,-0.0006920812981503068,-0.0036152078162059453,-37179.02400000021
2019-12-09,2019-12-06,1,1,1,TX201912,False,11800.0,0.0,0.0,0.0,0.0,11800.0,10258683.716000004,False,0.0011515696212668913,-0.002467801358434718,-25379.02400000021
2019-12-10,2019-12-09,1,1,1,TX201912,False,-9200.0,0.0,0.0,0.0,0.0,-9200.0,10249483.716000004,False,-0.0008968012129715216,-0.0033623894441546787,-34579.02400000021
2019-12-11,2019-12-10,0,1,0,,False,-5000.0,50.0,46.392,400.0,496.392,-5496.392,10243987.324000003,False,-0.0005362603768441362,-0.0038968467047684197,-40075.41600000113
2019-12-12,2019-12-11,1,0,1,TX201912,False,17600.0,50.0,47.068000000000005,400.0,497.068,17102.932,10261090.256000003,False,0.0016695580987230042,-0.002233794618020868,-22972.484000001103
2019-12-13,2019-12-12,1,1,1,TX201912,False,22400.0,0.0,0.0,0.0,0.0,22400.0,10283490.256000003,False,0.002183003895409844,-5.566710496374139e-05,-572.4840000011027
2019-12-16,2019-12-13,1,1,1,TX201912,False,-800.0,0.0,0.0,0.0,0.0,-800.0,10282690.256000003,False,-7.779459892357386e-05,-0.00013345737328718243,-1372.4840000011027
2019-12-17,2019-12-16,1,1,1,TX202001,True,27800.0,100.0,96.76,800.0,996.76,26803.24,10309493.496000003,False,0.002606636914338655,0.0,0.0
2019-12-18,2019-12-17,1,1,1,TX202001,False,800.0,0.0,0.0,0.0,0.0,800.0,10310293.496000003,False,7.759838059070442e-05,0.0,0.0
2019-12-19,2019-12-18,1,1,1,TX202001,False,-12800.0,0.0,0.0,0.0,0.0,-12800.0,10297493.496000003,False,-0.0012414777527881148,-0.001241477752788156,-12800.0
2019-12-20,2019-12-19,0,1,0,,False,6600.0,50.0,48.24400000000001,400.0,498.244,6101.756,10303595.252000002,False,0.0005925476915688453,-0.0006496656959958935,-6698.244000000879
2019-12-23,2019-12-20,1,0,1,TX202001,False,4000.0,50.0,48.008,400.0,498.00800000000004,3501.992,10307097.244000003,False,0.00033988058676123154,-0.00031000591799257293,-3196.252000000328
2019-12-24,2019-12-23,0,1,0,,False,2000.0,50.0,48.112,400.0,498.11199999999997,1501.888,10308599.132000003,False,0.00014571396431466515,-0.00016433712586916283,-1694.3640000000596
2019-12-25,2019-12-24,0,0,0,,False,0.0,0.0,0.0,0.0,0.0,0.0,10308599.132000003,False,0.0,-0.00016433712586916283,-1694.3640000000596
2019-12-26,2019-12-25,0,0,0,,False,0.0,0.0,0.0,0.0,0.0,0.0,10308599.132000003,False,0.0,-0.00016433712586916283,-1694.3640000000596
2019-12-27,2019-12-26,0,0,0,,False,0.0,0.0,0.0,0.0,0.0,0.0,10308599.132000003,False,0.0,-0.00016433712586916283,-1694.3640000000596
2019-12-30,2019-12-27,1,0,1,TX202001,False,-4400.0,50.0,48.37200000000001,400.0,498.372,-4898.372,10303700.760000004,False,-0.0004751733904167881,-0.0006394324276566277,-6592.735999999568
2019-12-31,2019-12-30,0,1,0,,False,-8000.0,50.0,48.108000000000004,400.0,498.108,-8498.108,10295202.652000004,False,-0.0008247626942923755,-0.0014636677419370692,-15090.843999998644
2020-01-02,2019-12-31,0,0,0,,False,0.0,0.0,0.0,0.0,0.0,0.0,10295202.652000004,False,0.0,-0.0014636677419370692,-15090.843999998644
2020-01-03,2020-01-02,0,0,0,,False,0.0,0.0,0.0,0.0,0.0,0.0,10295202.652000004,False,0.0,-0.0014636677419370692,-15090.843999998644
2020-01-06,2020-01-03,0,0,0,,False,0.0,0.0,0.0,0.0,0.0,0.0,10295202.652000004,False,0.0,-0.0014636677419370692,-15090.843999998644
2020-01-07,2020-01-06,0,0,0,,False,0.0,0.0,0.0,0.0,0.0,0.0,10295202.652000004,False,0.0,-0.0014636677419370692,-15090.843999998644
2020-01-08,2020-01-07,0,0,0,,False,0.0,0.0,0.0,0.0,0.0,0.0,10295202.652000004,False,0.0,-0.0014636677419370692,-15090.843999998644
2020-01-09,2020-01-08,0,0,0,,False,0.0,0.0,0.0,0.0,0.0,0.0,10295202.652000004,False,0.0,-0.0014636677419370692,-15090.843999998644
2020-01-10,2020-01-09,0,0,0,,False,0.0,0.0,0.0,0.0,0.0,0.0,10295202.652000004,False,0.0,-0.0014636677419370692,-15090.843999998644
2020-01-13,2020-01-10,0,0,0,,False,0.0,0.0,0.0,0.0,0.0,0.0,10295202.652000004,False,0.0,-0.0014636677419370692,-15090.843999998644
2020-01-14,2020-01-13,0,0,0,,False,0.0,0.0,0.0,0.0,0.0,0.0,10295202.652000004,False,0.0,-0.0014636677419370692,-15090.843999998644
2020-01-15,2020-01-14,0,0,0,,False,0.0,0.0,0.0,0.0,0.0,0.0,10295202.652000004,False,0.0,-0.0014636677419370692,-15090.843999998644
2020-01-16,2020-01-15,0,0,0,,False,0.0,0.0,0.0,0.0,0.0,0.0,10295202.652000004,False,0.0,-0.0014636677419370692,-15090.843999998644
2020-01-17,2020-01-16,0,0,0,,False,0.0,0.0,0.0,0.0,0.0,0.0,10295202.652000004,False,0.0,-0.0014636677419370692,-15090.843999998644
2020-01-20,2020-01-17,0,0,0,,False,0.0,0.0,0.0,0.0,0.0,0.0,10295202.652000004,False,0.0,-0.0014636677419370692,-15090.843999998644
2020-01-30,2020-01-20,0,0,0,,False,0.0,0.0,0.0,0.0,0.0,0.0,10295202.652000004,False,0.0,-0.0014636677419370692,-15090.843999998644
2020-01-31,2020-01-30,0,0,0,,False,0.0,0.0,0.0,0.0,0.0,0.0,10295202.652000004,False,0.0,-0.0014636677419370692,-15090.843999998644
2020-02-03,2020-01-31,0,0,0,,False,0.0,0.0,0.0,0.0,0.0,0.0,10295202.652000004,False,0.0,-0.0014636677419370692,-15090.843999998644
2020-02-04,2020-02-03,0,0,0,,False,0.0,0.0,0.0,0.0,0.0,0.0,10295202.652000004,False,0.0,-0.0014636677419370692,-15090.843999998644
2020-02-05,2020-02-04,0,0,0,,False,0.0,0.0,0.0,0.0,0.0,0.0,10295202.652000004,False,0.0,-0.0014636677419370692,-15090.843999998644
2020-02-06,2020-02-05,0,0,0,,False,0.0,0.0,0.0,0.0,0.0,0.0,10295202.652000004,False,0.0,-0.0014636677419370692,-15090.843999998644
2020-02-07,2020-02-06,0,0,0,,False,0.0,0.0,0.0,0.0,0.0,0.0,10295202.652000004,False,0.0,-0.0014636677419370692,-15090.843999998644
2020-02-10,2020-02-07,0,0,0,,False,0.0,0.0,0.0,0.0,0.0,0.0,10295202.652000004,False,0.0,-0.0014636677419370692,-15090.843999998644
2020-02-11,2020-02-10,0,0,0,,False,0.0,0.0,0.0,0.0,0.0,0.0,10295202.652000004,False,0.0,-0.0014636677419370692,-15090.843999998644
2020-02-12,2020-02-11,0,0,0,,False,0.0,0.0,0.0,0.0,0.0,0.0,10295202.652000004,False,0.0,-0.0014636677419370692,-15090.843999998644
2020-02-13,2020-02-12,0,0,0,,False,0.0,0.0,0.0,0.0,0.0,0.0,10295202.652000004,False,0.0,-0.0014636677419370692,-15090.843999998644
2020-02-14,2020-02-13,0,0,0,,False,0.0,0.0,0.0,0.0,0.0,0.0,10295202.652000004,False,0.0,-0.0014636677419370692,-15090.843999998644
2020-02-17,2020-02-14,1,0,1,TX202002,False,12000.0,50.0,46.848000000000006,400.0,496.848,11503.152,10306705.804000005,False,0.0011173312841748998,-0.00034797185951984666,-3587.6919999979436
2020-02-18,2020-02-17,0,1,0,,False,-11000.0,50.0,46.852000000000004,400.0,496.852,-11496.852,10295208.952000005,False,-0.0011154729957983378,-0.0014630567021055585,-15084.543999997899
2020-02-19,2020-02-18,0,0,0,,False,0.0,0.0,0.0,0.0,0.0,0.0,10295208.952000005,False,0.0,-0.0014630567021055585,-15084.543999997899
2020-02-20,2020-02-19,1,0,1,TX202003,False,-21000.0,50.0,47.288000000000004,400.0,497.288,-21497.288,10273711.664000005,False,-0.0020880866139024617,-0.0035480883268930175,-36581.83199999854
2020-02-21,2020-02-20,0,1,0,,False,-10000.0,50.0,46.652,400.0,496.652,-10496.652,10263215.012000004,False,-0.0010217000771767031,-0.004566163321952366,-47078.48399999924
2020-02-24,2020-02-21,0,0,0,,False,0.0,0.0,0.0,0.0,0.0,0.0,10263215.012000004,False,0.0,-0.004566163321952366,-47078.48399999924
2020-02-25,2020-02-24,0,0,0,,False,0.0,0.0,0.0,0.0,0.0,0.0,10263215.012000004,False,0.0,-0.004566163321952366,-47078.48399999924
2020-02-26,2020-02-25,0,0,0,,False,0.0,0.0,0.0,0.0,0.0,0.0,10263215.012000004,False,0.0,-0.004566163321952366,-47078.48399999924
2020-02-27,2020-02-26,0,0,0,,False,0.0,0.0,0.0,0.0,0.0,0.0,10263215.012000004,False,0.0,-0.004566163321952366,-47078.48399999924
2020-03-02,2020-02-27,0,0,0,,False,0.0,0.0,0.0,0.0,0.0,0.0,10263215.012000004,False,0.0,-0.004566163321952366,-47078.48399999924
2020-03-03,2020-03-02,0,0,0,,False,0.0,0.0,0.0,0.0,0.0,0.0,10263215.012000004,False,0.0,-0.004566163321952366,-47078.48399999924
2020-03-04,2020-03-03,0,0,0,,False,0.0,0.0,0.0,0.0,0.0,0.0,10263215.012000004,False,0.0,-0.004566163321952366,-47078.48399999924
2020-03-05,2020-03-04,0,0,0,,False,0.0,0.0,0.0,0.0,0.0,0.0,10263215.012000004,False,0.0,-0.004566163321952366,-47078.48399999924
2020-03-06,2020-03-05,0,0,0,,False,0.0,0.0,0.0,0.0,0.0,0.0,10263215.012000004,False,0.0,-0.004566163321952366,-47078.48399999924
2020-03-09,2020-03-06,0,0,0,,False,0.0,0.0,0.0,0.0,0.0,0.0,10263215.012000004,False,0.0,-0.004566163321952366,-47078.48399999924
2020-03-10,2020-03-09,0,0,0,,False,0.0,0.0,0.0,0.0,0.0,0.0,10263215.012000004,False,0.0,-0.004566163321952366,-47078.48399999924
2020-03-11,2020-03-10,0,0,0,,False,0.0,0.0,0.0,0.0,0.0,0.0,10263215.012000004,False,0.0,-0.004566163321952366,-47078.48399999924
2020-03-12,2020-03-11,0,0,0,,False,0.0,0.0,0.0,0.0,0.0,0.0,10263215.012000004,False,0.0,-0.004566163321952366,-47078.48399999924
2020-03-13,2020-03-12,0,0,0,,False,0.0,0.0,0.0,0.0,0.0,0.0,10263215.012000004,False,0.0,-0.004566163321952366,-47078.48399999924
2020-03-16,2020-03-13,0,0,0,,False,0.0,0.0,0.0,0.0,0.0,0.0,10263215.012000004,False,0.0,-0.004566163321952366,-47078.48399999924
2020-03-17,2020-03-16,0,0,0,,False,0.0,0.0,0.0,0.0,0.0,0.0,10263215.012000004,False,0.0,-0.004566163321952366,-47078.48399999924
2020-03-18,2020-03-17,0,0,0,,False,0.0,0.0,0.0,0.0,0.0,0.0,10263215.012000004,False,0.0,-0.004566163321952366,-47078.48399999924
2020-03-19,2020-03-18,0,0,0,,False,0.0,0.0,0.0,0.0,0.0,0.0,10263215.012000004,False,0.0,-0.004566163321952366,-47078.48399999924
2020-03-20,2020-03-19,0,0,0,,False,0.0,0.0,0.0,0.0,0.0,0.0,10263215.012000004,False,0.0,-0.004566163321952366,-47078.48399999924
2020-03-23,2020-03-20,0,0,0,,False,0.0,0.0,0.0,0.0,0.0,0.0,10263215.012000004,False,0.0,-0.004566163321952366,-47078.48399999924
2020-03-24,2020-03-23,0,0,0,,False,0.0,0.0,0.0,0.0,0.0,0.0,10263215.012000004,False,0.0,-0.004566163321952366,-47078.48399999924
2020-03-25,2020-03-24,0,0,0,,False,0.0,0.0,0.0,0.0,0.0,0.0,10263215.012000004,False,0.0,-0.004566163321952366,-47078.48399999924
2020-03-26,2020-03-25,0,0,0,,False,0.0,0.0,0.0,0.0,0.0,0.0,10263215.012000004,False,0.0,-0.004566163321952366,-47078.48399999924
2020-03-27,2020-03-26,0,0,0,,False,0.0,0.0,0.0,0.0,0.0,0.0,10263215.012000004,False,0.0,-0.004566163321952366,-47078.48399999924
2020-03-30,2020-03-27,0,0,0,,False,0.0,0.0,0.0,0.0,0.0,0.0,10263215.012000004,False,0.0,-0.004566163321952366,-47078.48399999924
2020-03-31,2020-03-30,0,0,0,,False,0.0,0.0,0.0,0.0,0.0,0.0,10263215.012000004,False,0.0,-0.004566163321952366,-47078.48399999924
2020-04-01,2020-03-31,0,0,0,,False,0.0,0.0,0.0,0.0,0.0,0.0,10263215.012000004,False,0.0,-0.004566163321952366,-47078.48399999924
2020-04-06,2020-04-01,0,0,0,,False,0.0,0.0,0.0,0.0,0.0,0.0,10263215.012000004,False,0.0,-0.004566163321952366,-47078.48399999924
2020-04-07,2020-04-06,0,0,0,,False,0.0,0.0,0.0,0.0,0.0,0.0,10263215.012000004,False,0.0,-0.004566163321952366,-47078.48399999924
2020-04-08,2020-04-07,1,0,1,TX202004,False,35400.0,50.0,39.808,400.0,489.808,34910.192,10298125.204000004,False,0.0034014869569800638,-0.0011802081099553385,-12168.291999999434
2020-04-09,2020-04-08,1,1,1,TX202004,False,-5200.0,0.0,0.0,0.0,0.0,-5200.0,10292925.204000004,False,-0.0005049462787634601,-0.0016845584470255304,-17368.291999999434
2020-04-10,2020-04-09,1,1,1,TX202004,False,6400.0,0.0,0.0,0.0,0.0,6400.0,10299325.204000004,False,0.0006217863117778076,-0.001063819570631508,-10968.291999999434
2020-04-13,2020-04-10,1,1,1,TX202004,False,-12000.0,0.0,0.0,0.0,0.0,-12000.0,10287325.204000004,False,-0.0011651248758840528,-0.0022277049638703694,-22968.291999999434
2020-04-14,2020-04-13,1,1,1,TX202005,True,54600.0,100.0,82.42800000000001,800.0,982.428,53617.572,10340942.776000004,False,0.005212003211403482,0.0,0.0
2020-04-15,2020-04-14,1,1,1,TX202005,False,12200.0,0.0,0.0,0.0,0.0,12200.0,10353142.776000004,False,0.0011797763767066411,0.0,0.0
2020-04-16,2020-04-15,1,1,1,TX202005,False,-4000.0,0.0,0.0,0.0,0.0,-4000.0,10349142.776000004,False,-0.00038635611297397975,-0.00038635611297399564,-4000.0
2020-04-17,2020-04-16,1,1,1,TX202005,False,51800.0,0.0,0.0,0.0,0.0,51800.0,10400942.776000004,False,0.005005245470197384,0.0,0.0
2020-04-20,2020-04-17,0,1,0,,False,-9200.0,50.0,42.05200000000001,400.0,492.052,-9692.052,10391250.724000005,False,-0.0009318436038667805,-0.0009318436038666666,-9692.05199999921
2020-04-21,2020-04-20,0,0,0,,False,0.0,0.0,0.0,0.0,0.0,0.0,10391250.724000005,False,0.0,-0.0009318436038666666,-9692.05199999921
2020-04-22,2020-04-21,0,0,0,,False,0.0,0.0,0.0,0.0,0.0,0.0,10391250.724000005,False,0.0,-0.0009318436038666666,-9692.05199999921
2020-04-23,2020-04-22,0,0,0,,False,0.0,0.0,0.0,0.0,0.0,0.0,10391250.724000005,False,0.0,-0.0009318436038666666,-9692.05199999921
2020-04-24,2020-04-23,0,0,0,,False,0.0,0.0,0.0,0.0,0.0,0.0,10391250.724000005,False,0.0,-0.0009318436038666666,-9692.05199999921
2020-04-27,2020-04-24,0,0,0,,False,0.0,0.0,0.0,0.0,0.0,0.0,10391250.724000005,False,0.0,-0.0009318436038666666,-9692.05199999921
2020-04-28,2020-04-27,0,0,0,,False,0.0,0.0,0.0,0.0,0.0,0.0,10391250.724000005,False,0.0,-0.0009318436038666666,-9692.05199999921
2020-04-29,2020-04-28,0,0,0,,False,0.0,0.0,0.0,0.0,0.0,0.0,10391250.724000005,False,0.0,-0.0009318436038666666,-9692.05199999921
2020-04-30,2020-04-29,0,0,0,,False,0.0,0.0,0.0,0.0,0.0,0.0,10391250.724000005,False,0.0,-0.0009318436038666666,-9692.05199999921
2020-05-04,2020-04-30,0,0,0,,False,0.0,0.0,0.0,0.0,0.0,0.0,10391250.724000005,False,0.0,-0.0009318436038666666,-9692.05199999921
2020-05-05,2020-05-04,0,0,0,,False,0.0,0.0,0.0,0.0,0.0,0.0,10391250.724000005,False,0.0,-0.0009318436038666666,-9692.05199999921
2020-05-06,2020-05-05,0,0,0,,False,0.0,0.0,0.0,0.0,0.0,0.0,10391250.724000005,False,0.0,-0.0009318436038666666,-9692.05199999921
2020-05-07,2020-05-06,0,0,0,,False,0.0,0.0,0.0,0.0,0.0,0.0,10391250.724000005,False,0.0,-0.0009318436038666666,-9692.05199999921
2020-05-08,2020-05-07,0,0,0,,False,0.0,0.0,0.0,0.0,0.0,0.0,10391250.724000005,False,0.0,-0.0009318436038666666,-9692.05199999921
2020-05-11,2020-05-08,0,0,0,,False,0.0,0.0,0.0,0.0,0.0,0.0,10391250.724000005,False,0.0,-0.0009318436038666666,-9692.05199999921
2020-05-12,2020-05-11,0,0,0,,False,0.0,0.0,0.0,0.0,0.0,0.0,10391250.724000005,False,0.0,-0.0009318436038666666,-9692.05199999921
2020-05-13,2020-05-12,0,0,0,,False,0.0,0.0,0.0,0.0,0.0,0.0,10391250.724000005,False,0.0,-0.0009318436038666666,-9692.05199999921
2020-05-14,2020-05-13,0,0,0,,False,0.0,0.0,0.0,0.0,0.0,0.0,10391250.724000005,False,0.0,-0.0009318436038666666,-9692.05199999921
2020-05-15,2020-05-14,0,0,0,,False,0.0,0.0,0.0,0.0,0.0,0.0,10391250.724000005,False,0.0,-0.0009318436038666666,-9692.05199999921
2020-05-18,2020-05-15,0,0,0,,False,0.0,0.0,0.0,0.0,0.0,0.0,10391250.724000005,False,0.0,-0.0009318436038666666,-9692.05199999921
2020-05-19,2020-05-18,0,0,0,,False,0.0,0.0,0.0,0.0,0.0,0.0,10391250.724000005,False,0.0,-0.0009318436038666666,-9692.05199999921
2020-05-20,2020-05-19,1,0,1,TX202006,False,800.0,50.0,43.404,400.0,493.404,306.596,10391557.320000006,False,2.9505206653504655e-05,-0.0009023658914512067,-9385.455999998376
2020-05-21,2020-05-20,0,1,0,,False,10000.0,50.0,43.604000000000006,400.0,493.60400000000004,9506.396,10401063.716000006,False,0.0009148191851575135,0.0,0.0
2020-05-22,2020-05-21,1,0,1,TX202006,False,-37000.0,50.0,43.720000000000006,400.0,493.72,-37493.72,10363569.996000005,False,-0.0036047966846240193,-0.003604796684624101,-37493.72000000067
2020-05-25,2020-05-22,0,1,0,,False,11400.0,50.0,43.192,400.0,493.192,10906.808,10374476.804000005,False,0.0010524180378199469,-0.0025561723998577257,-26586.912000000477
2020-05-26,2020-05-25,0,0,0,,False,0.0,0.0,0.0,0.0,0.0,0.0,10374476.804000005,False,0.0,-0.0025561723998577257,-26586.912000000477
2020-05-27,2020-05-26,1,0,1,TX202006,False,2000.0,50.0,43.856,400.0,493.856,1506.144,10375982.948000005,False,0.0001451778271285245,-0.0024113656722839494,-25080.768000001088
2020-05-28,2020-05-27,1,1,1,TX202006,False,-13000.0,0.0,0.0,0.0,0.0,-13000.0,10362982.948000005,False,-0.001252893346601517,-0.0036612378348784835,-38080.76800000109
2020-05-29,2020-05-28,1,1,1,TX202006,False,3000.0,0.0,0.0,0.0,0.0,3000.0,10365982.948000005,False,0.0002894919363520696,-0.0033728057973566594,-35080.76800000109
2020-06-01,2020-05-29,1,1,1,TX202006,False,27000.0,0.0,0.0,0.0,0.0,27000.0,10392982.948000005,False,0.0026046733952238784,-0.0007769174596604644,-8080.768000001088
2020-06-02,2020-06-01,1,1,1,TX202006,False,9800.0,0.0,0.0,0.0,0.0,9800.0,10402782.948000005,False,0.0009429439121600679,0.0,0.0
2020-06-03,2020-06-02,1,1,1,TX202006,False,35400.0,0.0,0.0,0.0,0.0,35400.0,10438182.948000005,False,0.0034029355583936175,0.0,0.0
2020-06-04,2020-06-03,1,1,1,TX202006,False,14800.0,0.0,0.0,0.0,0.0,14800.0,10452982.948000005,False,0.001417871297497783,0.0,0.0
2020-06-05,2020-06-04,1,1,1,TX202006,False,20000.0,0.0,0.0,0.0,0.0,20000.0,10472982.948000005,False,0.0019133294390216765,0.0,0.0
2020-06-08,2020-06-05,1,1,1,TX202006,False,22600.0,0.0,0.0,0.0,0.0,22600.0,10495582.948000005,False,0.0021579334285382235,0.0,0.0
2020-06-09,2020-06-08,1,1,1,TX202006,False,7800.0,0.0,0.0,0.0,0.0,7800.0,10503382.948000005,False,0.0007431697732888992,0.0,0.0
2020-06-10,2020-06-09,1,1,1,TX202006,False,19400.0,0.0,0.0,0.0,0.0,19400.0,10522782.948000005,False,0.001847023963235963,0.0,0.0
2020-06-11,2020-06-10,1,1,1,TX202006,False,-43000.0,0.0,0.0,0.0,0.0,-43000.0,10479782.948000005,False,-0.004086371467746821,-0.004086371467746819,-43000.0
2020-06-12,2020-06-11,1,1,1,TX202006,False,-19200.0,0.0,0.0,0.0,0.0,-19200.0,10460582.948000005,False,-0.001832099013430826,-0.005910983844043094,-62200.0
2020-06-15,2020-06-12,1,1,1,TX202006,False,-33200.0,0.0,0.0,0.0,0.0,-33200.0,10427382.948000005,False,-0.003173819295257118,-0.009066042744722003,-95400.0
2020-06-16,2020-06-15,1,1,1,TX202007,True,59400.0,100.0,91.42000000000002,800.0,991.4200000000001,58408.58,10485791.528000005,False,0.005601461104025426,-0.0035153647264986043,-36991.419999999925
2020-06-17,2020-06-16,1,1,1,TX202007,False,5800.0,0.0,0.0,0.0,0.0,5800.0,10491591.528000005,False,0.0005531294403967858,-0.0029641797378257007,-31191.419999999925
2020-06-18,2020-06-17,1,1,1,TX202007,False,7200.0,0.0,0.0,0.0,0.0,7200.0,10498791.528000005,False,0.0006862638505115843,-0.002279950096714667,-23991.419999999925
2020-06-19,2020-06-18,1,1,1,TX202007,False,3200.0,0.0,0.0,0.0,0.0,3200.0,10501991.528000005,False,0.00030479698463062944,-0.0019758480339986395,-20791.419999999925
2020-06-22,2020-06-19,1,1,1,TX202007,False,2600.0,0.0,0.0,0.0,0.0,2600.0,10504591.528000005,False,0.00024757209078563627,-0.0017287651080418742,-18191.419999999925
2020-06-23,2020-06-22,1,1,1,TX202007,False,6400.0,0.0,0.0,0.0,0.0,6400.0,10510991.528000005,False,0.0006092573883468758,-0.0011205609826097085,-11791.419999999925
2020-06-24,2020-06-23,1,1,1,TX202007,False,13600.0,0.0,0.0,0.0,0.0,13600.0,10524591.528000005,False,0.0012938836420685197,0.0,0.0
2020-06-29,2020-06-24,1,1,1,TX202007,False,-32400.0,0.0,0.0,0.0,0.0,-32400.0,10492191.528000005,False,-0.0030785042739000243,-0.0030785042738999957,-32400.0
2020-06-30,2020-06-29,0,1,0,,False,19800.0,50.0,45.832,400.0,495.832,19304.168,10511495.696000004,False,0.0018398604284418467,-0.0012443078636505955,-13095.832000000402
2020-07-01,2020-06-30,0,0,0,,False,0.0,0.0,0.0,0.0,0.0,0.0,10511495.696000004,False,0.0,-0.0012443078636505955,-13095.832000000402
2020-07-02,2020-07-01,1,0,1,TX202007,False,22000.0,50.0,46.348000000000006,400.0,496.348,21503.652,10532999.348000005,False,0.0020457271374028055,0.0,0.0
2020-07-03,2020-07-02,1,1,1,TX202007,False,28600.0,0.0,0.0,0.0,0.0,28600.0,10561599.348000005,False,0.0027152759679445475,0.0,0.0
2020-07-06,2020-07-03,1,1,1,TX202007,False,45400.0,0.0,0.0,0.0,0.0,45400.0,10606999.348000005,False,0.004298591387922433,0.0,0.0
2020-07-07,2020-07-06,1,1,1,TX202007,False,-7600.0,0.0,0.0,0.0,0.0,-7600.0,10599399.348000005,False,-0.0007165080104801752,-0.0007165080104801769,-7600.0
2020-07-08,2020-07-07,1,1,1,TX202007,False,19600.0,0.0,0.0,0.0,0.0,19600.0,10618999.348000005,False,0.0018491613870269274,0.0,0.0
2020-07-09,2020-07-08,1,1,1,TX202007,False,4400.0,0.0,0.0,0.0,0.0,4400.0,10623399.348000005,False,0.00041435165930476316,0.0,0.0
2020-07-10,2020-07-09,1,1,1,TX202007,False,-29600.0,0.0,0.0,0.0,0.0,-29600.0,10593799.348000005,False,-0.0027863021082392605,-0.002786302108239269,-29600.0
2020-07-13,2020-07-10,1,1,1,TX202007,False,41200.0,0.0,0.0,0.0,0.0,41200.0,10634999.348000005,False,0.003889067429597684,0.0,0.0
2020-07-14,2020-07-13,1,1,1,TX202008,True,-3400.0,100.0,96.88400000000001,800.0,996.884,-4396.884,10630602.464000005,False,-0.0004134352862773676,-0.0004134352862773527,-4396.883999999613
2020-07-15,2020-07-14,1,1,1,TX202008,False,9600.0,0.0,0.0,0.0,0.0,9600.0,10640202.464000005,False,0.0009030532401630022,0.0,0.0
2020-07-16,2020-07-15,1,1,1,TX202008,False,-9800.0,0.0,0.0,0.0,0.0,-9800.0,10630402.464000005,False,-0.0009210351055966518,-0.0009210351055966015,-9800.0
2020-07-17,2020-07-16,1,1,1,TX202008,False,1400.0,0.0,0.0,0.0,0.0,1400.0,10631802.464000005,False,0.0001316977419002825,-0.0007894586619400235,-8400.0
2020-07-20,2020-07-17,1,1,1,TX202008,False,-1600.0,0.0,0.0,0.0,0.0,-1600.0,10630202.464000005,False,-0.00015049188558738814,-0.0009398317404047951,-10000.0
2020-07-21,2020-07-20,1,1,1,TX202008,False,51600.0,0.0,0.0,0.0,0.0,51600.0,10681802.464000005,False,0.004854093811923842,0.0,0.0
2020-07-22,2020-07-21,1,1,1,TX202008,False,8400.0,0.0,0.0,0.0,0.0,8400.0,10690202.464000005,False,0.0007863841358525235,0.0,0.0
2020-07-23,2020-07-22,1,1,1,TX202008,False,-8600.0,0.0,0.0,0.0,0.0,-8600.0,10681602.464000005,False,-0.0008044749413269854,-0.0008044749413269603,-8600.0
2020-07-24,2020-07-23,1,1,1,TX202008,False,-27600.0,0.0,0.0,0.0,0.0,-27600.0,10654002.464000005,False,-0.0025838819683675495,-0.0033862782413995873,-36200.0
2020-07-27,2020-07-24,1,1,1,TX202008,False,70600.0,0.0,0.0,0.0,0.0,70600.0,10724602.464000005,False,0.006626617577624765,0.0,0.0
2020-07-28,2020-07-27,1,1,1,TX202008,False,-9200.0,0.0,0.0,0.0,0.0,-9200.0,10715402.464000005,False,-0.0008578406547825208,-0.0008578406547825601,-9200.0
2020-07-29,2020-07-28,1,1,1,TX202008,False,-6800.0,0.0,0.0,0.0,0.0,-6800.0,10708602.464000005,False,-0.0006346005222711527,-0.001491896790926095,-16000.0
2020-07-30,2020-07-29,1,1,1,TX202008,False,34600.0,0.0,0.0,0.0,0.0,34600.0,10743202.464000005,False,0.003231047199325746,0.0,0.0
2020-07-31,2020-07-30,1,1,1,TX202008,False,-3800.0,0.0,0.0,0.0,0.0,-3800.0,10739402.464000005,False,-0.0003537120344453743,-0.0003537120344453415,-3800.0
2020-08-03,2020-07-31,0,1,0,,False,-9200.0,50.0,50.11600000000001,400.0,500.116,-9700.116,10729702.348000005,False,-0.0009032267886892367,-0.0012566193409496718,-13500.116000000387
2020-08-04,2020-08-03,1,0,1,TX202008,False,22600.0,50.0,50.072,400.0,500.072,22099.928,10751802.276000004,False,0.002059696278911165,0.0,0.0
2020-08-05,2020-08-04,1,1,1,TX202008,False,23000.0,0.0,0.0,0.0,0.0,23000.0,10774802.276000004,False,0.0021391762431625275,0.0,0.0
2020-08-06,2020-08-05,1,1,1,TX202008,False,18200.0,0.0,0.0,0.0,0.0,18200.0,10793002.276000004,False,0.001689126123505674,0.0,0.0
2020-08-07,2020-08-06,1,1,1,TX202008,False,-14400.0,0.0,0.0,0.0,0.0,-14400.0,10778602.276000004,False,-0.001334197810003315,-0.0013341978100033236,-14400.0
2020-08-10,2020-08-07,1,1,1,TX202008,False,18400.0,0.0,0.0,0.0,0.0,18400.0,10797002.276000004,False,0.0017070859030553576,0.0,0.0
2020-08-11,2020-08-10,1,1,1,TX202008,False,-23600.0,0.0,0.0,0.0,0.0,-23600.0,10773402.276000004,False,-0.0021857918889633837,-0.0021857918889633954,-23600.0
2020-08-12,2020-08-11,0,1,0,,False,-7400.0,50.0,50.792,400.0,500.79200000000003,-7900.792,10765501.484000005,False,-0.0007333609010034517,-0.0029175498156577273,-31500.791999999434
2020-08-13,2020-08-12,1,0,1,TX202008,False,-18600.0,50.0,51.272000000000006,400.0,501.272,-19101.272,10746400.212000005,False,-0.0017743039679469512,-0.004686677163389996,-50602.063999999315
2020-08-14,2020-08-13,1,1,1,TX202008,False,13000.0,0.0,0.0,0.0,0.0,13000.0,10759400.212000005,False,0.0012097074130445566,-0.0034826392584526022,-37602.063999999315
2020-08-17,2020-08-14,1,1,1,TX202008,False,33400.0,0.0,0.0,0.0,0.0,33400.0,10792800.212000005,False,0.0031042622582947363,-0.00038918802576715095,-4202.063999999315
2020-08-18,2020-08-17,1,1,1,TX202009,True,-16000.0,100.0,102.82400000000001,800.0,1002.8240000000001,-17002.824,10775797.388000006,False,-0.001575385781819195,-0.0019639606863040004,-21204.887999998406
2020-08-19,2020-08-18,1,1,1,TX202009,False,-16200.0,0.0,0.0,0.0,0.0,-16200.0,10759597.388000006,False,-0.0015033690238126062,-0.0034643771524568434,-37404.887999998406
2020-08-20,2020-08-19,1,1,1,TX202009,False,-89000.0,0.0,0.0,0.0,0.0,-89000.0,10670597.388000006,False,-0.00827168497022576,-0.011707405886259403,-126404.8879999984
2020-08-21,2020-08-20,0,1,0,,False,32200.0,50.0,49.856,400.0,499.856,31700.144,10702297.532000005,False,0.002970793747278808,-0.008771392427184388,-94704.74399999902
2020-08-24,2020-08-21,0,0,0,,False,0.0,0.0,0.0,0.0,0.0,0.0,10702297.532000005,False,0.0,-0.008771392427184388,-94704.74399999902
2020-08-25,2020-08-24,0,0,0,,False,0.0,0.0,0.0,0.0,0.0,0.0,10702297.532000005,False,0.0,-0.008771392427184388,-94704.74399999902
2020-08-26,2020-08-25,1,0,1,TX202009,False,12400.0,50.0,50.928000000000004,400.0,500.928,11899.072,10714196.604000006,False,0.0011118240699645682,-0.007669320602447405,-82805.67199999839
2020-08-27,2020-08-26,1,1,1,TX202009,False,-6400.0,0.0,0.0,0.0,0.0,-6400.0,10707796.604000006,False,-0.000597338301372092,-0.008262077724878192,-89205.67199999839
2020-08-28,2020-08-27,1,1,1,TX202009,False,-13800.0,0.0,0.0,0.0,0.0,-13800.0,10693996.604000006,False,-0.001288780550318342,-0.00954021027011942,-103005.67199999839
2020-08-31,2020-08-28,0,1,0,,False,21800.0,50.0,51.19200000000001,400.0,501.192,21298.808,10715295.412000006,False,0.0019916602546921837,-0.007567550873043616,-81706.8639999982
2020-09-01,2020-08-31,0,0,0,,False,0.0,0.0,0.0,0.0,0.0,0.0,10715295.412000006,False,0.0,-0.007567550873043616,-81706.8639999982
2020-09-02,2020-09-01,0,0,0,,False,0.0,0.0,0.0,0.0,0.0,0.0,10715295.412000006,False,0.0,-0.007567550873043616,-81706.8639999982
2020-09-03,2020-09-02,0,0,0,,False,0.0,0.0,0.0,0.0,0.0,0.0,10715295.412000006,False,0.0,-0.007567550873043616,-81706.8639999982
2020-09-04,2020-09-03,1,0,1,TX202009,False,9600.0,50.0,50.24,400.0,500.24,9099.76,10724395.172000006,False,0.0008492309031264993,-0.0067247465679795,-72607.10399999842
2020-09-07,2020-09-04,0,1,0,,False,400.0,50.0,50.42400000000001,400.0,500.424,-100.42399999999998,10724294.748000005,False,-9.364071203026342e-06,-0.006734047668176979,-72707.527999999
2020-09-08,2020-09-07,0,0,0,,False,0.0,0.0,0.0,0.0,0.0,0.0,10724294.748000005,False,0.0,-0.006734047668176979,-72707.527999999
2020-09-09,2020-09-08,0,0,0,,False,0.0,0.0,0.0,0.0,0.0,0.0,10724294.748000005,False,0.0,-0.006734047668176979,-72707.527999999
2020-09-10,2020-09-09,0,0,0,,False,0.0,0.0,0.0,0.0,0.0,0.0,10724294.748000005,False,0.0,-0.006734047668176979,-72707.527999999
2020-09-11,2020-09-10,1,0,1,TX202009,False,600.0,50.0,50.64000000000001,400.0,500.64,99.36000000000001,10724394.108000005,False,9.26494490637996e-06,-0.006724845113851297,-72608.1679999996
2020-09-14,2020-09-11,0,1,0,,False,6600.0,50.0,50.768,400.0,500.76800000000003,6099.232,10730493.340000005,False,0.00056872508960205,-0.006159944612389112,-66508.93599999882
2020-09-15,2020-09-14,1,0,1,TX202010,True,14400.0,150.0,153.556,1200.0,1503.556,12896.444,10743389.784000006,False,0.0012018500539882906,-0.004965497888165693,-53612.49199999869
2020-09-16,2020-09-15,1,1,1,TX202010,False,25200.0,0.0,0.0,0.0,0.0,25200.0,10768589.784000006,False,0.002345628382350051,-0.0026315167185946287,-28412.49199999869
2020-09-17,2020-09-16,1,1,1,TX202010,False,-17800.0,0.0,0.0,0.0,0.0,-17800.0,10750789.784000006,False,-0.0016529555268645557,-0.004280122465355141,-46212.49199999869
2020-09-18,2020-09-17,1,1,1,TX202010,False,3800.0,0.0,0.0,0.0,0.0,3800.0,10754589.784000006,False,0.0003534624038184987,-0.003928172923911899,-42412.49199999869
2020-09-21,2020-09-18,1,1,1,TX202010,False,-35200.0,0.0,0.0,0.0,0.0,-35200.0,10719389.784000006,False,-0.0032730211664947296,-0.007188337097281061,-77612.49199999869
2020-09-22,2020-09-21,0,1,0,,False,-6400.0,50.0,50.50000000000001,400.0,500.5,-6900.5,10712489.284000006,False,-0.000643740001907556,-0.007827449679051912,-84512.99199999869
2020-09-23,2020-09-22,0,0,0,,False,0.0,0.0,0.0,0.0,0.0,0.0,10712489.284000006,False,0.0,-0.007827449679051912,-84512.99199999869
2020-09-24,2020-09-23,0,0,0,,False,0.0,0.0,0.0,0.0,0.0,0.0,10712489.284000006,False,0.0,-0.007827449679051912,-84512.99199999869
2020-09-25,2020-09-24,0,0,0,,False,0.0,0.0,0.0,0.0,0.0,0.0,10712489.284000006,False,0.0,-0.007827449679051912,-84512.99199999869
2020-09-28,2020-09-25,0,0,0,,False,0.0,0.0,0.0,0.0,0.0,0.0,10712489.284000006,False,0.0,-0.007827449679051912,-84512.99199999869
2020-09-29,2020-09-28,0,0,0,,False,0.0,0.0,0.0,0.0,0.0,0.0,10712489.284000006,False,0.0,-0.007827449679051912,-84512.99199999869
2020-09-30,2020-09-29,0,0,0,,False,0.0,0.0,0.0,0.0,0.0,0.0,10712489.284000006,False,0.0,-0.007827449679051912,-84512.99199999869
2020-10-05,2020-09-30,0,0,0,,False,0.0,0.0,0.0,0.0,0.0,0.0,10712489.284000006,False,0.0,-0.007827449679051912,-84512.99199999869
2020-10-06,2020-10-05,0,0,0,,False,0.0,0.0,0.0,0.0,0.0,0.0,10712489.284000006,False,0.0,-0.007827449679051912,-84512.99199999869
2020-10-07,2020-10-06,1,0,1,TX202010,False,27000.0,50.0,50.48800000000001,400.0,500.488,26499.512,10738988.796000006,False,0.0024737025445224227,-0.005373109916717689,-58013.479999998584
2020-10-08,2020-10-07,1,1,1,TX202010,False,23600.0,0.0,0.0,0.0,0.0,23600.0,10762588.796000006,False,0.002197599834426719,-0.0031873180277542934,-34413.479999998584
2020-10-12,2020-10-08,1,1,1,TX202010,False,9400.0,0.0,0.0,0.0,0.0,9400.0,10771988.796000006,False,0.0008733958137928282,-0.0023167060041840992,-25013.479999998584
2020-10-13,2020-10-12,1,1,1,TX202010,False,-200.0,0.0,0.0,0.0,0.0,-200.0,10771788.796000006,False,-1.8566673600168114e-05,-0.00233522966426003,-25213.479999998584
2020-10-14,2020-10-13,1,1,1,TX202010,False,-6200.0,0.0,0.0,0.0,0.0,-6200.0,10765588.796000006,False,-0.0005755775681660512,-0.0029094631266148863,-31413.479999998584
2020-10-15,2020-10-14,1,1,1,TX202010,False,-9600.0,0.0,0.0,0.0,0.0,-9600.0,10755988.796000006,False,-0.0008917301396061975,-0.0037985988102610113,-41013.479999998584
2020-10-16,2020-10-15,1,1,1,TX202010,False,-19000.0,0.0,0.0,0.0,0.0,-19000.0,10736988.796000006,False,-0.0017664577716058818,-0.0055583465174772195,-60013.479999998584
2020-10-19,2020-10-16,1,1,1,TX202010,False,30200.0,0.0,0.0,0.0,0.0,30200.0,10767188.796000006,False,0.0028127066697928205,-0.0027612738460071062,-29813.479999998584
2020-10-20,2020-10-19,0,1,0,,False,-800.0,50.0,51.56,400.0,501.56,-1301.56,10765887.236000005,False,-0.00012088206352279506,-0.002881822121049593,-31115.039999999106
2020-10-21,2020-10-20,1,0,1,TX202011,False,-2800.0,50.0,51.288000000000004,400.0,501.288,-3301.288,10762585.948000005,False,-0.00030664337528641734,-0.0031875818046738225,-34416.32799999975
2020-10-22,2020-10-21,1,1,1,TX202011,False,6200.0,0.0,0.0,0.0,0.0,6200.0,10768785.948000005,False,0.0005760697317499366,-0.0026133483423190773,-28216.327999999747
2020-10-23,2020-10-22,1,1,1,TX202011,False,400.0,0.0,0.0,0.0,0.0,400.0,10769185.948000005,False,3.71443913855757e-05,-0.0025763010221671045,-27816.327999999747
2020-10-26,2020-10-23,1,1,1,TX202011,False,3800.0,0.0,0.0,0.0,0.0,3800.0,10772985.948000005,False,0.0003528586114446019,-0.002224351480723863,-24016.327999999747
2020-10-27,2020-10-26,1,1,1,TX202011,False,-10200.0,0.0,0.0,0.0,0.0,-10200.0,10762785.948000005,False,-0.0009468127081232869,-0.0031690581445978916,-34216.32799999975
2020-10-28,2020-10-27,1,1,1,TX202011,False,-13600.0,0.0,0.0,0.0,0.0,-13600.0,10749185.948000005,False,-0.0012636133493416936,-0.004428667029763189,-47816.32799999975
2020-10-29,2020-10-28,0,1,0,,False,-28200.0,50.0,50.38400000000001,400.0,500.384,-28700.384,10720485.564000005,False,-0.0026700053509949744,-0.007086847816090924,-76516.71199999936
2020-10-30,2020-10-29,0,0,0,,False,0.0,0.0,0.0,0.0,0.0,0.0,10720485.564000005,False,0.0,-0.007086847816090924,-76516.71199999936
2020-11-02,2020-10-30,0,0,0,,False,0.0,0.0,0.0,0.0,0.0,0.0,10720485.564000005,False,0.0,-0.007086847816090924,-76516.71199999936
2020-11-03,2020-11-02,0,0,0,,False,0.0,0.0,0.0,0.0,0.0,0.0,10720485.564000005,False,0.0,-0.007086847816090924,-76516.71199999936
2020-11-04,2020-11-03,0,0,0,,False,0.0,0.0,0.0,0.0,0.0,0.0,10720485.564000005,False,0.0,-0.007086847816090924,-76516.71199999936
2020-11-05,2020-11-04,1,0,1,TX202011,False,-6800.0,50.0,51.70400000000001,400.0,501.704,-7301.704,10713183.860000005,False,-0.0006810982540305388,-0.007763119230447368,-83818.41599999927
2020-11-06,2020-11-05,1,1,1,TX202011,False,9200.0,0.0,0.0,0.0,0.0,9200.0,10722383.860000005,False,0.0008587549807998904,-0.006911030866953105,-74618.41599999927
2020-11-09,2020-11-06,1,1,1,TX202011,False,37000.0,0.0,0.0,0.0,0.0,37000.0,10759383.860000005,False,0.003450725182301017,-0.003484153752900343,-37618.41599999927
2020-11-10,2020-11-09,1,1,1,TX202011,False,-10000.0,0.0,0.0,0.0,0.0,-10000.0,10749383.860000005,False,-0.0009294212503354254,-0.004410336756698441,-47618.41599999927
2020-11-11,2020-11-10,1,1,1,TX202011,False,38400.0,0.0,0.0,0.0,0.0,38400.0,10787783.860000005,False,0.003572297770748693,-0.0008537940221139406,-9218.41599999927
2020-11-12,2020-11-11,1,1,1,TX202011,False,-6600.0,0.0,0.0,0.0,0.0,-6600.0,10781183.860000005,False,-0.0006118031363672498,-0.0014650748046206585,-15818.41599999927
2020-11-13,2020-11-12,1,1,1,TX202011,False,10800.0,0.0,0.0,0.0,0.0,10800.0,10791983.860000005,False,0.0010017452758662067,-0.0004647971605187262,-5018.41599999927
2020-11-16,2020-11-13,1,1,1,TX202011,False,59400.0,0.0,0.0,0.0,0.0,59400.0,10851383.860000005,False,0.005504085325791061,0.0,0.0
2020-11-17,2020-11-16,1,1,1,TX202012,True,8800.0,100.0,108.82400000000001,800.0,1008.8240000000001,7791.1759999999995,10859175.036000006,False,0.0007179891616146363,0.0,0.0
2020-11-18,2020-11-17,1,1,1,TX202012,False,27200.0,0.0,0.0,0.0,0.0,27200.0,10886375.036000006,False,0.0025047943245990042,0.0,0.0
2020-11-19,2020-11-18,1,1,1,TX202012,False,4600.0,0.0,0.0,0.0,0.0,4600.0,10890975.036000006,False,0.00042254653039127554,0.0,0.0
2020-11-20,2020-11-19,1,1,1,TX202012,False,-800.0,0.0,0.0,0.0,0.0,-800.0,10890175.036000006,False,-7.345531482310887e-05,-7.345531482305656e-05,-800.0
2020-11-23,2020-11-20,1,1,1,TX202012,False,27800.0,0.0,0.0,0.0,0.0,27800.0,10917975.036000006,False,0.002552759703870749,0.0,0.0
2020-11-24,2020-11-23,0,1,0,,False,9200.0,50.0,55.676,400.0,505.676,8694.324,10926669.360000005,False,0.0007963311851631894,0.0,0.0
2020-11-25,2020-11-24,1,0,1,TX202012,False,-35400.0,50.0,55.55200000000001,400.0,505.552,-35905.552,10890763.808000006,False,-0.003286047268112814,-0.0032860472681127684,-35905.55199999921
2020-11-26,2020-11-25,1,1,1,TX202012,False,26400.0,0.0,0.0,0.0,0.0,26400.0,10917163.808000006,False,0.002424072403499138,-0.0008699404811127742,-9505.55199999921
2020-11-27,2020-11-26,1,1,1,TX202012,False,7400.0,0.0,0.0,0.0,0.0,7400.0,10924563.808000006,False,0.0006778317271906594,-0.00019269842718105945,-2105.5519999992102
2020-11-30,2020-11-27,1,1,1,TX202012,False,-31200.0,0.0,0.0,0.0,0.0,-31200.0,10893363.808000006,False,-0.0028559492670226696,-0.0030480973572718506,-33305.55199999921
2020-12-01,2020-11-30,1,1,1,TX202012,False,31000.0,0.0,0.0,0.0,0.0,31000.0,10924363.808000006,False,0.0028457692725945526,-0.0002110022664765232,-2305.5519999992102
2020-12-02,2020-12-01,0,1,0,,False,11000.0,50.0,55.720000000000006,400.0,505.72,10494.28,10934858.088000005,False,0.0009606307684768746,0.0,0.0
2020-12-03,2020-12-02,0,0,0,,False,0.0,0.0,0.0,0.0,0.0,0.0,10934858.088000005,False,0.0,0.0,0.0
2020-12-04,2020-12-03,0,0,0,,False,0.0,0.0,0.0,0.0,0.0,0.0,10934858.088000005,False,0.0,0.0,0.0
2020-12-07,2020-12-04,0,0,0,,False,0.0,0.0,0.0,0.0,0.0,0.0,10934858.088000005,False,0.0,0.0,0.0
2020-12-08,2020-12-07,0,0,0,,False,0.0,0.0,0.0,0.0,0.0,0.0,10934858.088000005,False,0.0,0.0,0.0
2020-12-09,2020-12-08,0,0,0,,False,0.0,0.0,0.0,0.0,0.0,0.0,10934858.088000005,False,0.0,0.0,0.0
2020-12-10,2020-12-09,0,0,0,,False,0.0,0.0,0.0,0.0,0.0,0.0,10934858.088000005,False,0.0,0.0,0.0
2020-12-11,2020-12-10,0,0,0,,False,0.0,0.0,0.0,0.0,0.0,0.0,10934858.088000005,False,0.0,0.0,0.0
2020-12-14,2020-12-11,0,0,0,,False,0.0,0.0,0.0,0.0,0.0,0.0,10934858.088000005,False,0.0,0.0,0.0
2020-12-15,2020-12-14,0,0,0,,False,0.0,0.0,0.0,0.0,0.0,0.0,10934858.088000005,False,0.0,0.0,0.0
2020-12-16,2020-12-15,0,0,0,,False,0.0,0.0,0.0,0.0,0.0,0.0,10934858.088000005,False,0.0,0.0,0.0
2020-12-17,2020-12-16,0,0,0,,False,0.0,0.0,0.0,0.0,0.0,0.0,10934858.088000005,False,0.0,0.0,0.0
2020-12-18,2020-12-17,0,0,0,,False,0.0,0.0,0.0,0.0,0.0,0.0,10934858.088000005,False,0.0,0.0,0.0
2020-12-21,2020-12-18,0,0,0,,False,0.0,0.0,0.0,0.0,0.0,0.0,10934858.088000005,False,0.0,0.0,0.0
2020-12-22,2020-12-21,0,0,0,,False,0.0,0.0,0.0,0.0,0.0,0.0,10934858.088000005,False,0.0,0.0,0.0
2020-12-23,2020-12-22,0,0,0,,False,0.0,0.0,0.0,0.0,0.0,0.0,10934858.088000005,False,0.0,0.0,0.0
2020-12-24,2020-12-23,0,0,0,,False,0.0,0.0,0.0,0.0,0.0,0.0,10934858.088000005,False,0.0,0.0,0.0
2020-12-25,2020-12-24,0,0,0,,False,0.0,0.0,0.0,0.0,0.0,0.0,10934858.088000005,False,0.0,0.0,0.0
2020-12-28,2020-12-25,0,0,0,,False,0.0,0.0,0.0,0.0,0.0,0.0,10934858.088000005,False,0.0,0.0,0.0
2020-12-29,2020-12-28,0,0,0,,False,0.0,0.0,0.0,0.0,0.0,0.0,10934858.088000005,False,0.0,0.0,0.0
2020-12-30,2020-12-29,0,0,0,,False,0.0,0.0,0.0,0.0,0.0,0.0,10934858.088000005,False,0.0,0.0,0.0
2020-12-31,2020-12-30,0,0,0,,False,0.0,0.0,0.0,0.0,0.0,0.0,10934858.088000005,False,0.0,0.0,0.0
2021-01-04,2020-12-31,0,0,0,,False,0.0,0.0,0.0,0.0,0.0,0.0,10934858.088000005,False,0.0,0.0,0.0
2021-01-05,2021-01-04,0,0,0,,False,0.0,0.0,0.0,0.0,0.0,0.0,10934858.088000005,False,0.0,0.0,0.0
2021-01-06,2021-01-05,1,0,1,TX202101,False,-27400.0,50.0,60.2,400.0,510.2,-27910.2,10906947.888000006,False,-0.0025524062384155548,-0.002552406238415461,-27910.199999999255
2021-01-07,2021-01-06,1,1,1,TX202101,False,63800.0,0.0,0.0,0.0,0.0,63800.0,10970747.888000006,False,0.005849482426719372,0.0,0.0
2021-01-08,2021-01-07,1,1,1,TX202101,False,44800.0,0.0,0.0,0.0,0.0,44800.0,11015547.888000006,False,0.0040835866850065,0.0,0.0
2021-01-11,2021-01-08,1,1,1,TX202101,False,16000.0,0.0,0.0,0.0,0.0,16000.0,11031547.888000006,False,0.0014524924372967324,0.0,0.0
2021-01-12,2021-01-11,1,1,1,TX202101,False,-8200.0,0.0,0.0,0.0,0.0,-8200.0,11023347.888000006,False,-0.0007433227035092572,-0.0007433227035092971,-8200.0
2021-01-13,2021-01-12,1,1,1,TX202101,False,54200.0,0.0,0.0,0.0,0.0,54200.0,11077547.888000006,False,0.0049168365682264285,0.0,0.0
2021-01-14,2021-01-13,1,1,1,TX202101,False,-7000.0,0.0,0.0,0.0,0.0,-7000.0,11070547.888000006,False,-0.0006319088006455744,-0.0006319088006455642,-7000.0
2021-01-15,2021-01-14,0,1,0,,False,44200.0,50.0,63.79200000000001,400.0,513.792,43686.208,11114234.096000006,False,0.003946164945219555,0.0,0.0
2021-01-18,2021-01-15,1,0,1,TX202101,False,-6200.0,50.0,62.556000000000004,400.0,512.556,-6712.556,11107521.540000007,False,-0.0006039602857038828,-0.000603960285703864,-6712.555999999866
2021-01-19,2021-01-18,1,1,1,TX202102,True,56400.0,100.0,126.94000000000001,800.0,1026.94,55373.06,11162894.600000007,False,0.004985185921142942,0.0,0.0
2021-01-20,2021-01-19,0,1,0,,False,-400.0,50.0,63.37200000000001,400.0,513.3720000000001,-913.372,11161981.228000008,False,-8.182214673960994e-05,-8.182214673957411e-05,-913.3719999995083
2021-01-21,2021-01-20,0,0,0,,False,0.0,0.0,0.0,0.0,0.0,0.0,11161981.228000008,False,0.0,-8.182214673957411e-05,-913.3719999995083
2021-01-22,2021-01-21,1,0,1,TX202102,False,-13400.0,50.0,64.212,400.0,514.212,-13914.212,11148067.016000008,False,-0.0012465718868166502,-0.001328292036368306,-14827.583999998868
2021-01-25,2021-01-22,0,1,0,,False,-5600.0,50.0,63.816,400.0,513.816,-6113.816,11141953.200000009,False,-0.0005484193799001464,-0.0018759829551735496,-20941.39999999851
2021-01-26,2021-01-25,0,0,0,,False,0.0,0.0,0.0,0.0,0.0,0.0,11141953.200000009,False,0.0,-0.0018759829551735496,-20941.39999999851
2021-01-27,2021-01-26,0,0,0,,False,0.0,0.0,0.0,0.0,0.0,0.0,11141953.200000009,False,0.0,-0.0018759829551735496,-20941.39999999851
2021-01-28,2021-01-27,0,0,0,,False,0.0,0.0,0.0,0.0,0.0,0.0,11141953.200000009,False,0.0,-0.0018759829551735496,-20941.39999999851
2021-01-29,2021-01-28,0,0,0,,False,0.0,0.0,0.0,0.0,0.0,0.0,11141953.200000009,False,0.0,-0.0018759829551735496,-20941.39999999851
2021-02-01,2021-01-29,0,0,0,,False,0.0,0.0,0.0,0.0,0.0,0.0,11141953.200000009,False,0.0,-0.0018759829551735496,-20941.39999999851
2021-02-02,2021-02-01,0,0,0,,False,0.0,0.0,0.0,0.0,0.0,0.0,11141953.200000009,False,0.0,-0.0018759829551735496,-20941.39999999851
2021-02-03,2021-02-02,0,0,0,,False,0.0,0.0,0.0,0.0,0.0,0.0,11141953.200000009,False,0.0,-0.0018759829551735496,-20941.39999999851
2021-02-04,2021-02-03,0,0,0,,False,0.0,0.0,0.0,0.0,0.0,0.0,11141953.200000009,False,0.0,-0.0018759829551735496,-20941.39999999851
2021-02-05,2021-02-04,0,0,0,,False,0.0,0.0,0.0,0.0,0.0,0.0,11141953.200000009,False,0.0,-0.0018759829551735496,-20941.39999999851
2021-02-17,2021-02-05,0,0,0,,False,0.0,0.0,0.0,0.0,0.0,0.0,11141953.200000009,False,0.0,-0.0018759829551735496,-20941.39999999851
2021-02-18,2021-02-17,0,0,0,,False,0.0,0.0,0.0,0.0,0.0,0.0,11141953.200000009,False,0.0,-0.0018759829551735496,-20941.39999999851
2021-02-19,2021-02-18,0,0,0,,False,0.0,0.0,0.0,0.0,0.0,0.0,11141953.200000009,False,0.0,-0.0018759829551735496,-20941.39999999851
2021-02-22,2021-02-19,0,0,0,,False,0.0,0.0,0.0,0.0,0.0,0.0,11141953.200000009,False,0.0,-0.0018759829551735496,-20941.39999999851
2021-02-23,2021-02-22,0,0,0,,False,0.0,0.0,0.0,0.0,0.0,0.0,11141953.200000009,False,0.0,-0.0018759829551735496,-20941.39999999851
2021-02-24,2021-02-23,0,0,0,,False,0.0,0.0,0.0,0.0,0.0,0.0,11141953.200000009,False,0.0,-0.0018759829551735496,-20941.39999999851
2021-02-25,2021-02-24,0,0,0,,False,0.0,0.0,0.0,0.0,0.0,0.0,11141953.200000009,False,0.0,-0.0018759829551735496,-20941.39999999851
2021-02-26,2021-02-25,0,0,0,,False,0.0,0.0,0.0,0.0,0.0,0.0,11141953.200000009,False,0.0,-0.0018759829551735496,-20941.39999999851
2021-03-02,2021-02-26,0,0,0,,False,0.0,0.0,0.0,0.0,0.0,0.0,11141953.200000009,False,0.0,-0.0018759829551735496,-20941.39999999851
2021-03-03,2021-03-02,0,0,0,,False,0.0,0.0,0.0,0.0,0.0,0.0,11141953.200000009,False,0.0,-0.0018759829551735496,-20941.39999999851
2021-03-04,2021-03-03,0,0,0,,False,0.0,0.0,0.0,0.0,0.0,0.0,11141953.200000009,False,0.0,-0.0018759829551735496,-20941.39999999851
2021-03-05,2021-03-04,0,0,0,,False,0.0,0.0,0.0,0.0,0.0,0.0,11141953.200000009,False,0.0,-0.0018759829551735496,-20941.39999999851
2021-03-08,2021-03-05,0,0,0,,False,0.0,0.0,0.0,0.0,0.0,0.0,11141953.200000009,False,0.0,-0.0018759829551735496,-20941.39999999851
2021-03-09,2021-03-08,0,0,0,,False,0.0,0.0,0.0,0.0,0.0,0.0,11141953.200000009,False,0.0,-0.0018759829551735496,-20941.39999999851
2021-03-10,2021-03-09,0,0,0,,False,0.0,0.0,0.0,0.0,0.0,0.0,11141953.200000009,False,0.0,-0.0018759829551735496,-20941.39999999851
2021-03-11,2021-03-10,0,0,0,,False,0.0,0.0,0.0,0.0,0.0,0.0,11141953.200000009,False,0.0,-0.0018759829551735496,-20941.39999999851
2021-03-12,2021-03-11,0,0,0,,False,0.0,0.0,0.0,0.0,0.0,0.0,11141953.200000009,False,0.0,-0.0018759829551735496,-20941.39999999851
2021-03-15,2021-03-12,0,0,0,,False,0.0,0.0,0.0,0.0,0.0,0.0,11141953.200000009,False,0.0,-0.0018759829551735496,-20941.39999999851
2021-03-16,2021-03-15,0,0,0,,False,0.0,0.0,0.0,0.0,0.0,0.0,11141953.200000009,False,0.0,-0.0018759829551735496,-20941.39999999851
2021-03-17,2021-03-16,0,0,0,,False,0.0,0.0,0.0,0.0,0.0,0.0,11141953.200000009,False,0.0,-0.0018759829551735496,-20941.39999999851
2021-03-18,2021-03-17,0,0,0,,False,0.0,0.0,0.0,0.0,0.0,0.0,11141953.200000009,False,0.0,-0.0018759829551735496,-20941.39999999851
2021-03-19,2021-03-18,0,0,0,,False,0.0,0.0,0.0,0.0,0.0,0.0,11141953.200000009,False,0.0,-0.0018759829551735496,-20941.39999999851
2021-03-22,2021-03-19,0,0,0,,False,0.0,0.0,0.0,0.0,0.0,0.0,11141953.200000009,False,0.0,-0.0018759829551735496,-20941.39999999851
2021-03-23,2021-03-22,0,0,0,,False,0.0,0.0,0.0,0.0,0.0,0.0,11141953.200000009,False,0.0,-0.0018759829551735496,-20941.39999999851
2021-03-24,2021-03-23,0,0,0,,False,0.0,0.0,0.0,0.0,0.0,0.0,11141953.200000009,False,0.0,-0.0018759829551735496,-20941.39999999851
2021-03-25,2021-03-24,0,0,0,,False,0.0,0.0,0.0,0.0,0.0,0.0,11141953.200000009,False,0.0,-0.0018759829551735496,-20941.39999999851
2021-03-26,2021-03-25,0,0,0,,False,0.0,0.0,0.0,0.0,0.0,0.0,11141953.200000009,False,0.0,-0.0018759829551735496,-20941.39999999851
2021-03-29,2021-03-26,1,0,1,TX202104,False,8200.0,50.0,65.488,400.0,515.488,7684.512,11149637.712000009,False,0.0006896916422158365,-0.0011875851627227707,-13256.887999998406
2021-03-30,2021-03-29,1,1,1,TX202104,False,21600.0,0.0,0.0,0.0,0.0,21600.0,11171237.712000009,False,0.0019372826775127044,0.0,0.0
2021-03-31,2021-03-30,1,1,1,TX202104,False,-19400.0,0.0,0.0,0.0,0.0,-19400.0,11151837.712000009,False,-0.001736602559191875,-0.0017366025591918355,-19400.0
2021-04-01,2021-03-31,0,1,0,,False,22600.0,50.0,66.132,400.0,516.1320000000001,22083.868,11173921.58000001,False,0.0019802895783030006,0.0,0.0
2021-04-06,2021-04-01,1,0,1,TX202104,False,-5800.0,50.0,67.048,400.0,517.048,-6317.048,11167604.532000009,False,-0.000565338494169027,-0.0005653384941690653,-6317.048000000417
2021-04-07,2021-04-06,1,1,1,TX202104,False,7400.0,0.0,0.0,0.0,0.0,7400.0,11175004.532000009,False,0.0006626309141585202,0.0,0.0
2021-04-08,2021-04-07,0,1,0,,False,-10600.0,50.0,66.852,400.0,516.852,-11116.852,11163887.680000009,False,-0.0009947961961148664,-0.0009947961961148666,-11116.851999999955
2021-04-09,2021-04-08,0,0,0,,False,0.0,0.0,0.0,0.0,0.0,0.0,11163887.680000009,False,0.0,-0.0009947961961148666,-11116.851999999955
2021-04-12,2021-04-09,0,0,0,,False,0.0,0.0,0.0,0.0,0.0,0.0,11163887.680000009,False,0.0,-0.0009947961961148666,-11116.851999999955
2021-04-13,2021-04-12,0,0,0,,False,0.0,0.0,0.0,0.0,0.0,0.0,11163887.680000009,False,0.0,-0.0009947961961148666,-11116.851999999955
2021-04-14,2021-04-13,0,0,0,,False,0.0,0.0,0.0,0.0,0.0,0.0,11163887.680000009,False,0.0,-0.0009947961961148666,-11116.851999999955
2021-04-15,2021-04-14,0,0,0,,False,0.0,0.0,0.0,0.0,0.0,0.0,11163887.680000009,False,0.0,-0.0009947961961148666,-11116.851999999955
2021-04-16,2021-04-15,0,0,0,,False,0.0,0.0,0.0,0.0,0.0,0.0,11163887.680000009,False,0.0,-0.0009947961961148666,-11116.851999999955
2021-04-19,2021-04-16,1,0,1,TX202104,False,30600.0,50.0,68.48,400.0,518.48,30081.52,11193969.200000009,False,0.00269453803748767,0.0,0.0
2021-04-20,2021-04-19,1,1,1,TX202105,True,9600.0,100.0,138.3,800.0,1038.3,8561.7,11202530.900000008,False,0.0007648493440557255,0.0,0.0
2021-04-21,2021-04-20,1,1,1,TX202105,False,-23600.0,0.0,0.0,0.0,0.0,-23600.0,11178930.900000008,False,-0.0021066668068730776,-0.002106666806873103,-23600.0
2021-04-22,2021-04-21,0,1,0,,False,24000.0,50.0,69.024,400.0,519.024,23480.976,11202411.876000008,False,0.002100467049134366,-1.0624741950127081e-05,-119.02400000020862
2021-04-23,2021-04-22,0,0,0,,False,0.0,0.0,0.0,0.0,0.0,0.0,11202411.876000008,False,0.0,-1.0624741950127081e-05,-119.02400000020862
2021-04-26,2021-04-23,0,0,0,,False,0.0,0.0,0.0,0.0,0.0,0.0,11202411.876000008,False,0.0,-1.0624741950127081e-05,-119.02400000020862
2021-04-27,2021-04-26,0,0,0,,False,0.0,0.0,0.0,0.0,0.0,0.0,11202411.876000008,False,0.0,-1.0624741950127081e-05,-119.02400000020862
2021-04-28,2021-04-27,0,0,0,,False,0.0,0.0,0.0,0.0,0.0,0.0,11202411.876000008,False,0.0,-1.0624741950127081e-05,-119.02400000020862
2021-04-29,2021-04-28,0,0,0,,False,0.0,0.0,0.0,0.0,0.0,0.0,11202411.876000008,False,0.0,-1.0624741950127081e-05,-119.02400000020862
2021-05-03,2021-04-29,0,0,0,,False,0.0,0.0,0.0,0.0,0.0,0.0,11202411.876000008,False,0.0,-1.0624741950127081e-05,-119.02400000020862
2021-05-04,2021-05-03,0,0,0,,False,0.0,0.0,0.0,0.0,0.0,0.0,11202411.876000008,False,0.0,-1.0624741950127081e-05,-119.02400000020862
2021-05-05,2021-05-04,0,0,0,,False,0.0,0.0,0.0,0.0,0.0,0.0,11202411.876000008,False,0.0,-1.0624741950127081e-05,-119.02400000020862
2021-05-06,2021-05-05,0,0,0,,False,0.0,0.0,0.0,0.0,0.0,0.0,11202411.876000008,False,0.0,-1.0624741950127081e-05,-119.02400000020862
2021-05-07,2021-05-06,0,0,0,,False,0.0,0.0,0.0,0.0,0.0,0.0,11202411.876000008,False,0.0,-1.0624741950127081e-05,-119.02400000020862
2021-05-10,2021-05-07,0,0,0,,False,0.0,0.0,0.0,0.0,0.0,0.0,11202411.876000008,False,0.0,-1.0624741950127081e-05,-119.02400000020862
2021-05-11,2021-05-10,0,0,0,,False,0.0,0.0,0.0,0.0,0.0,0.0,11202411.876000008,False,0.0,-1.0624741950127081e-05,-119.02400000020862
2021-05-12,2021-05-11,0,0,0,,False,0.0,0.0,0.0,0.0,0.0,0.0,11202411.876000008,False,0.0,-1.0624741950127081e-05,-119.02400000020862
2021-05-13,2021-05-12,0,0,0,,False,0.0,0.0,0.0,0.0,0.0,0.0,11202411.876000008,False,0.0,-1.0624741950127081e-05,-119.02400000020862
2021-05-14,2021-05-13,0,0,0,,False,0.0,0.0,0.0,0.0,0.0,0.0,11202411.876000008,False,0.0,-1.0624741950127081e-05,-119.02400000020862
2021-05-17,2021-05-14,0,0,0,,False,0.0,0.0,0.0,0.0,0.0,0.0,11202411.876000008,False,0.0,-1.0624741950127081e-05,-119.02400000020862
2021-05-18,2021-05-17,0,0,0,,False,0.0,0.0,0.0,0.0,0.0,0.0,11202411.876000008,False,0.0,-1.0624741950127081e-05,-119.02400000020862
2021-05-19,2021-05-18,0,0,0,,False,0.0,0.0,0.0,0.0,0.0,0.0,11202411.876000008,False,0.0,-1.0624741950127081e-05,-119.02400000020862
2021-05-20,2021-05-19,0,0,0,,False,0.0,0.0,0.0,0.0,0.0,0.0,11202411.876000008,False,0.0,-1.0624741950127081e-05,-119.02400000020862
2021-05-21,2021-05-20,0,0,0,,False,0.0,0.0,0.0,0.0,0.0,0.0,11202411.876000008,False,0.0,-1.0624741950127081e-05,-119.02400000020862
2021-05-24,2021-05-21,0,0,0,,False,0.0,0.0,0.0,0.0,0.0,0.0,11202411.876000008,False,0.0,-1.0624741950127081e-05,-119.02400000020862
2021-05-25,2021-05-24,0,0,0,,False,0.0,0.0,0.0,0.0,0.0,0.0,11202411.876000008,False,0.0,-1.0624741950127081e-05,-119.02400000020862
2021-05-26,2021-05-25,0,0,0,,False,0.0,0.0,0.0,0.0,0.0,0.0,11202411.876000008,False,0.0,-1.0624741950127081e-05,-119.02400000020862
2021-05-27,2021-05-26,1,0,1,TX202106,False,-11800.0,50.0,66.38000000000001,400.0,516.38,-12316.38,11190095.496000007,False,-0.0010994400256239955,-0.0011100530863076274,-12435.404000001028
2021-05-28,2021-05-27,1,1,1,TX202106,False,65800.0,0.0,0.0,0.0,0.0,65800.0,11255895.496000007,False,0.0058802000415028415,0.0,0.0
2021-05-31,2021-05-28,0,1,0,,False,5600.0,50.0,67.55600000000001,400.0,517.556,5082.444,11260977.940000007,False,0.00045153617513649997,0.0,0.0
2021-06-01,2021-05-31,1,0,1,TX202106,False,16000.0,50.0,68.20800000000001,400.0,518.208,15481.792,11276459.732000006,False,0.0013748177185399929,0.0,0.0
2021-06-02,2021-06-01,1,1,1,TX202106,False,-6400.0,0.0,0.0,0.0,0.0,-6400.0,11270059.732000006,False,-0.0005675540153651476,-0.0005675540153651237,-6400.0
2021-06-03,2021-06-02,1,1,1,TX202106,False,26400.0,0.0,0.0,0.0,0.0,26400.0,11296459.732000006,False,0.0023424898028748076,0.0,0.0
2021-06-04,2021-06-03,1,1,1,TX202106,False,-26000.0,0.0,0.0,0.0,0.0,-26000.0,11270459.732000006,False,-0.002301606044444933,-0.0023016060444449593,-26000.0
2021-06-07,2021-06-04,1,1,1,TX202106,False,-2000.0,0.0,0.0,0.0,0.0,-2000.0,11268459.732000006,False,-0.0001774550504201206,-0.0024786526632484263,-28000.0
2021-06-08,2021-06-07,1,1,1,TX202106,False,0.0,0.0,0.0,0.0,0.0,0.0,11268459.732000006,False,0.0,-0.0024786526632484263,-28000.0
2021-06-09,2021-06-08,0,1,0,,False,-18600.0,50.0,67.98,400.0,517.98,-19117.98,11249341.752000006,False,-0.0016965921212558485,-0.004171039521924436,-47117.98000000045
2021-06-10,2021-06-09,0,0,0,,False,0.0,0.0,0.0,0.0,0.0,0.0,11249341.752000006,False,0.0,-0.004171039521924436,-47117.98000000045
2021-06-11,2021-06-10,0,0,0,,False,0.0,0.0,0.0,0.0,0.0,0.0,11249341.752000006,False,0.0,-0.004171039521924436,-47117.98000000045
2021-06-15,2021-06-11,0,0,0,,False,0.0,0.0,0.0,0.0,0.0,0.0,11249341.752000006,False,0.0,-0.004171039521924436,-47117.98000000045
2021-06-16,2021-06-15,0,0,0,,False,0.0,0.0,0.0,0.0,0.0,0.0,11249341.752000006,False,0.0,-0.004171039521924436,-47117.98000000045
2021-06-17,2021-06-16,0,0,0,,False,0.0,0.0,0.0,0.0,0.0,0.0,11249341.752000006,False,0.0,-0.004171039521924436,-47117.98000000045
2021-06-18,2021-06-17,0,0,0,,False,0.0,0.0,0.0,0.0,0.0,0.0,11249341.752000006,False,0.0,-0.004171039521924436,-47117.98000000045
2021-06-21,2021-06-18,0,0,0,,False,0.0,0.0,0.0,0.0,0.0,0.0,11249341.752000006,False,0.0,-0.004171039521924436,-47117.98000000045
2021-06-22,2021-06-21,0,0,0,,False,0.0,0.0,0.0,0.0,0.0,0.0,11249341.752000006,False,0.0,-0.004171039521924436,-47117.98000000045
2021-06-23,2021-06-22,0,0,0,,False,0.0,0.0,0.0,0.0,0.0,0.0,11249341.752000006,False,0.0,-0.004171039521924436,-47117.98000000045
2021-06-24,2021-06-23,0,0,0,,False,0.0,0.0,0.0,0.0,0.0,0.0,11249341.752000006,False,0.0,-0.004171039521924436,-47117.98000000045
2021-06-25,2021-06-24,0,0,0,,False,0.0,0.0,0.0,0.0,0.0,0.0,11249341.752000006,False,0.0,-0.004171039521924436,-47117.98000000045
2021-06-28,2021-06-25,0,0,0,,False,0.0,0.0,0.0,0.0,0.0,0.0,11249341.752000006,False,0.0,-0.004171039521924436,-47117.98000000045
2021-06-29,2021-06-28,0,0,0,,False,0.0,0.0,0.0,0.0,0.0,0.0,11249341.752000006,False,0.0,-0.004171039521924436,-47117.98000000045
2021-06-30,2021-06-29,0,0,0,,False,0.0,0.0,0.0,0.0,0.0,0.0,11249341.752000006,False,0.0,-0.004171039521924436,-47117.98000000045
2021-07-01,2021-06-30,0,0,0,,False,0.0,0.0,0.0,0.0,0.0,0.0,11249341.752000006,False,0.0,-0.004171039521924436,-47117.98000000045
2021-07-02,2021-07-01,0,0,0,,False,0.0,0.0,0.0,0.0,0.0,0.0,11249341.752000006,False,0.0,-0.004171039521924436,-47117.98000000045
2021-07-05,2021-07-02,0,0,0,,False,0.0,0.0,0.0,0.0,0.0,0.0,11249341.752000006,False,0.0,-0.004171039521924436,-47117.98000000045
2021-07-06,2021-07-05,1,0,1,TX202107,False,-15600.0,50.0,71.83200000000001,400.0,521.832,-16121.832,11233219.920000006,False,-0.0014331355874341466,-0.005598197444183217,-63239.81200000085
2021-07-07,2021-07-06,0,1,0,,False,-11400.0,50.0,71.27600000000001,400.0,521.2760000000001,-11921.276,11221298.644000005,False,-0.0010612519014939748,-0.0066535082479945995,-75161.08800000139
2021-07-08,2021-07-07,1,0,1,TX202107,False,-10200.0,50.0,71.512,400.0,521.512,-10721.512,11210577.132000005,False,-0.0009554608909489064,-0.007602611972024942,-85882.60000000149
2021-07-09,2021-07-08,1,1,1,TX202107,False,-33400.0,0.0,0.0,0.0,0.0,-33400.0,11177177.132000005,False,-0.002979329217999085,-0.010559290506042762,-119282.60000000149
2021-07-12,2021-07-09,0,1,0,,False,38000.0,50.0,71.384,400.0,521.384,37478.616,11214655.748000005,False,0.0033531378770673297,-0.007241559385926077,-81803.9840000011
2021-07-13,2021-07-12,0,0,0,,False,0.0,0.0,0.0,0.0,0.0,0.0,11214655.748000005,False,0.0,-0.007241559385926077,-81803.9840000011
2021-07-14,2021-07-13,0,0,0,,False,0.0,0.0,0.0,0.0,0.0,0.0,11214655.748000005,False,0.0,-0.007241559385926077,-81803.9840000011
2021-07-15,2021-07-14,0,0,0,,False,0.0,0.0,0.0,0.0,0.0,0.0,11214655.748000005,False,0.0,-0.007241559385926077,-81803.9840000011
2021-07-16,2021-07-15,1,0,1,TX202107,False,19800.0,50.0,71.31200000000001,400.0,521.312,19278.688,11233934.436000004,False,0.001719061951896126,-0.00553494612324279,-62525.29600000195
2021-07-19,2021-07-16,0,1,0,,False,-41600.0,50.0,70.86,400.0,520.86,-42120.86,11191813.576000005,False,-0.0037494308196263345,-0.009263624045289687,-104646.15600000136
2021-07-20,2021-07-19,0,0,0,,False,0.0,0.0,0.0,0.0,0.0,0.0,11191813.576000005,False,0.0,-0.009263624045289687,-104646.15600000136
2021-07-21,2021-07-20,0,0,0,,False,0.0,0.0,0.0,0.0,0.0,0.0,11191813.576000005,False,0.0,-0.009263624045289687,-104646.15600000136
2021-07-22,2021-07-21,0,0,0,,False,0.0,0.0,0.0,0.0,0.0,0.0,11191813.576000005,False,0.0,-0.009263624045289687,-104646.15600000136
2021-07-23,2021-07-22,0,0,0,,False,0.0,0.0,0.0,0.0,0.0,0.0,11191813.576000005,False,0.0,-0.009263624045289687,-104646.15600000136
2021-07-26,2021-07-23,0,0,0,,False,0.0,0.0,0.0,0.0,0.0,0.0,11191813.576000005,False,0.0,-0.009263624045289687,-104646.15600000136
2021-07-27,2021-07-26,0,0,0,,False,0.0,0.0,0.0,0.0,0.0,0.0,11191813.576000005,False,0.0,-0.009263624045289687,-104646.15600000136
2021-07-28,2021-07-27,0,0,0,,False,0.0,0.0,0.0,0.0,0.0,0.0,11191813.576000005,False,0.0,-0.009263624045289687,-104646.15600000136
2021-07-29,2021-07-28,0,0,0,,False,0.0,0.0,0.0,0.0,0.0,0.0,11191813.576000005,False,0.0,-0.009263624045289687,-104646.15600000136
2021-07-30,2021-07-29,0,0,0,,False,0.0,0.0,0.0,0.0,0.0,0.0,11191813.576000005,False,0.0,-0.009263624045289687,-104646.15600000136
2021-08-02,2021-07-30,0,0,0,,False,0.0,0.0,0.0,0.0,0.0,0.0,11191813.576000005,False,0.0,-0.009263624045289687,-104646.15600000136
2021-08-03,2021-08-02,0,0,0,,False,0.0,0.0,0.0,0.0,0.0,0.0,11191813.576000005,False,0.0,-0.009263624045289687,-104646.15600000136
2021-08-04,2021-08-03,0,0,0,,False,0.0,0.0,0.0,0.0,0.0,0.0,11191813.576000005,False,0.0,-0.009263624045289687,-104646.15600000136
2021-08-05,2021-08-04,1,0,1,TX202108,False,-5600.0,50.0,70.28800000000001,400.0,520.288,-6120.2880000000005,11185693.288000004,False,-0.000546853998097725,-0.009805412193541363,-110766.444000002
2021-08-06,2021-08-05,0,1,0,,False,2600.0,50.0,70.212,400.0,520.212,2079.788,11187773.076000005,False,0.0001859328649956095,-0.009621302476927274,-108686.65600000136
2021-08-09,2021-08-06,0,0,0,,False,0.0,0.0,0.0,0.0,0.0,0.0,11187773.076000005,False,0.0,-0.009621302476927274,-108686.65600000136
2021-08-10,2021-08-09,0,0,0,,False,0.0,0.0,0.0,0.0,0.0,0.0,11187773.076000005,False,0.0,-0.009621302476927274,-108686.65600000136
2021-08-11,2021-08-10,0,0,0,,False,0.0,0.0,0.0,0.0,0.0,0.0,11187773.076000005,False,0.0,-0.009621302476927274,-108686.65600000136
2021-08-12,2021-08-11,0,0,0,,False,0.0,0.0,0.0,0.0,0.0,0.0,11187773.076000005,False,0.0,-0.009621302476927274,-108686.65600000136
2021-08-13,2021-08-12,0,0,0,,False,0.0,0.0,0.0,0.0,0.0,0.0,11187773.076000005,False,0.0,-0.009621302476927274,-108686.65600000136
2021-08-16,2021-08-13,0,0,0,,False,0.0,0.0,0.0,0.0,0.0,0.0,11187773.076000005,False,0.0,-0.009621302476927274,-108686.65600000136
2021-08-17,2021-08-16,0,0,0,,False,0.0,0.0,0.0,0.0,0.0,0.0,11187773.076000005,False,0.0,-0.009621302476927274,-108686.65600000136
2021-08-18,2021-08-17,0,0,0,,False,0.0,0.0,0.0,0.0,0.0,0.0,11187773.076000005,False,0.0,-0.009621302476927274,-108686.65600000136
2021-08-19,2021-08-18,0,0,0,,False,0.0,0.0,0.0,0.0,0.0,0.0,11187773.076000005,False,0.0,-0.009621302476927274,-108686.65600000136
2021-08-20,2021-08-19,0,0,0,,False,0.0,0.0,0.0,0.0,0.0,0.0,11187773.076000005,False,0.0,-0.009621302476927274,-108686.65600000136
2021-08-23,2021-08-20,0,0,0,,False,0.0,0.0,0.0,0.0,0.0,0.0,11187773.076000005,False,0.0,-0.009621302476927274,-108686.65600000136
2021-08-24,2021-08-23,0,0,0,,False,0.0,0.0,0.0,0.0,0.0,0.0,11187773.076000005,False,0.0,-0.009621302476927274,-108686.65600000136
2021-08-25,2021-08-24,0,0,0,,False,0.0,0.0,0.0,0.0,0.0,0.0,11187773.076000005,False,0.0,-0.009621302476927274,-108686.65600000136
2021-08-26,2021-08-25,0,0,0,,False,0.0,0.0,0.0,0.0,0.0,0.0,11187773.076000005,False,0.0,-0.009621302476927274,-108686.65600000136
2021-08-27,2021-08-26,0,0,0,,False,0.0,0.0,0.0,0.0,0.0,0.0,11187773.076000005,False,0.0,-0.009621302476927274,-108686.65600000136
2021-08-30,2021-08-27,0,0,0,,False,0.0,0.0,0.0,0.0,0.0,0.0,11187773.076000005,False,0.0,-0.009621302476927274,-108686.65600000136
2021-08-31,2021-08-30,0,0,0,,False,0.0,0.0,0.0,0.0,0.0,0.0,11187773.076000005,False,0.0,-0.009621302476927274,-108686.65600000136
2021-09-01,2021-08-31,0,0,0,,False,0.0,0.0,0.0,0.0,0.0,0.0,11187773.076000005,False,0.0,-0.009621302476927274,-108686.65600000136
2021-09-02,2021-09-01,0,0,0,,False,0.0,0.0,0.0,0.0,0.0,0.0,11187773.076000005,False,0.0,-0.009621302476927274,-108686.65600000136
2021-09-03,2021-09-02,1,0,1,TX202109,False,13400.0,50.0,69.77600000000001,400.0,519.7760000000001,12880.224,11200653.300000004,False,0.0011512768369990128,-0.008481102422611797,-95806.43200000189
2021-09-06,2021-09-03,0,1,0,,False,-13800.0,50.0,69.75200000000001,400.0,519.752,-14319.752,11186333.548000004,False,-0.0012784747118277462,-0.009748734259463876,-110126.18400000222
2021-09-07,2021-09-06,0,0,0,,False,0.0,0.0,0.0,0.0,0.0,0.0,11186333.548000004,False,0.0,-0.009748734259463876,-110126.18400000222
2021-09-08,2021-09-07,1,0,1,TX202109,False,-26600.0,50.0,69.58800000000001,400.0,519.588,-27119.588,11159213.960000005,False,-0.0024243500235024452,-0.012149449938835155,-137245.77200000174
2021-09-09,2021-09-08,1,1,1,TX202109,False,-5400.0,0.0,0.0,0.0,0.0,-5400.0,11153813.960000005,False,-0.000483905050961134,-0.01262747580960455,-142645.77200000174
2021-09-10,2021-09-09,1,1,1,TX202109,False,47600.0,0.0,0.0,0.0,0.0,47600.0,11201413.960000005,False,0.004267598524657478,-0.008413766282082236,-95045.77200000174
2021-09-13,2021-09-10,1,1,1,TX202109,False,-6200.0,0.0,0.0,0.0,0.0,-6200.0,11195213.960000005,False,-0.0005535015509774087,-0.008962610800372972,-101245.77200000174
2021-09-14,2021-09-13,1,1,1,TX202110,True,3800.0,100.0,139.44800000000004,800.0,1039.448,2760.552,11197974.512000004,False,0.0002465832283208993,-0.008718237601557544,-98485.22000000253
2021-09-15,2021-09-14,1,1,1,TX202110,False,-15600.0,0.0,0.0,0.0,0.0,-15600.0,11182374.512000004,False,-0.0013931090826544287,-0.010099201228224497,-114085.22000000253
2021-09-16,2021-09-15,1,1,1,TX202110,False,-15000.0,0.0,0.0,0.0,0.0,-15000.0,11167374.512000004,False,-0.001341396675983552,-0.011427050869250333,-129085.22000000253
2021-09-17,2021-09-16,1,1,1,TX202110,False,10000.0,0.0,0.0,0.0,0.0,10000.0,11177374.512000004,False,0.0008954656252688946,-0.010541817775233109,-119085.22000000253
2021-09-22,2021-09-17,0,1,0,,False,-92600.0,50.0,67.33200000000001,400.0,517.332,-93117.332,11084257.180000003,False,-0.008330876978312701,-0.018784872166532574,-212202.55200000294
2021-09-23,2021-09-22,0,0,0,,False,0.0,0.0,0.0,0.0,0.0,0.0,11084257.180000003,False,0.0,-0.018784872166532574,-212202.55200000294
2021-09-24,2021-09-23,0,0,0,,False,0.0,0.0,0.0,0.0,0.0,0.0,11084257.180000003,False,0.0,-0.018784872166532574,-212202.55200000294
2021-09-27,2021-09-24,0,0,0,,False,0.0,0.0,0.0,0.0,0.0,0.0,11084257.180000003,False,0.0,-0.018784872166532574,-212202.55200000294
2021-09-28,2021-09-27,0,0,0,,False,0.0,0.0,0.0,0.0,0.0,0.0,11084257.180000003,False,0.0,-0.018784872166532574,-212202.55200000294
2021-09-29,2021-09-28,0,0,0,,False,0.0,0.0,0.0,0.0,0.0,0.0,11084257.180000003,False,0.0,-0.018784872166532574,-212202.55200000294
2021-09-30,2021-09-29,0,0,0,,False,0.0,0.0,0.0,0.0,0.0,0.0,11084257.180000003,False,0.0,-0.018784872166532574,-212202.55200000294
2021-10-01,2021-09-30,0,0,0,,False,0.0,0.0,0.0,0.0,0.0,0.0,11084257.180000003,False,0.0,-0.018784872166532574,-212202.55200000294
2021-10-04,2021-10-01,0,0,0,,False,0.0,0.0,0.0,0.0,0.0,0.0,11084257.180000003,False,0.0,-0.018784872166532574,-212202.55200000294
2021-10-05,2021-10-04,0,0,0,,False,0.0,0.0,0.0,0.0,0.0,0.0,11084257.180000003,False,0.0,-0.018784872166532574,-212202.55200000294
2021-10-06,2021-10-05,0,0,0,,False,0.0,0.0,0.0,0.0,0.0,0.0,11084257.180000003,False,0.0,-0.018784872166532574,-212202.55200000294
2021-10-07,2021-10-06,0,0,0,,False,0.0,0.0,0.0,0.0,0.0,0.0,11084257.180000003,False,0.0,-0.018784872166532574,-212202.55200000294
2021-10-08,2021-10-07,0,0,0,,False,0.0,0.0,0.0,0.0,0.0,0.0,11084257.180000003,False,0.0,-0.018784872166532574,-212202.55200000294
2021-10-12,2021-10-08,0,0,0,,False,0.0,0.0,0.0,0.0,0.0,0.0,11084257.180000003,False,0.0,-0.018784872166532574,-212202.55200000294
2021-10-13,2021-10-12,0,0,0,,False,0.0,0.0,0.0,0.0,0.0,0.0,11084257.180000003,False,0.0,-0.018784872166532574,-212202.55200000294
2021-10-14,2021-10-13,0,0,0,,False,0.0,0.0,0.0,0.0,0.0,0.0,11084257.180000003,False,0.0,-0.018784872166532574,-212202.55200000294
2021-10-15,2021-10-14,0,0,0,,False,0.0,0.0,0.0,0.0,0.0,0.0,11084257.180000003,False,0.0,-0.018784872166532574,-212202.55200000294
2021-10-18,2021-10-15,0,0,0,,False,0.0,0.0,0.0,0.0,0.0,0.0,11084257.180000003,False,0.0,-0.018784872166532574,-212202.55200000294
2021-10-19,2021-10-18,0,0,0,,False,0.0,0.0,0.0,0.0,0.0,0.0,11084257.180000003,False,0.0,-0.018784872166532574,-212202.55200000294
2021-10-20,2021-10-19,1,0,1,TX202111,False,-6400.0,50.0,67.69200000000001,400.0,517.692,-6917.692,11077339.488000004,False,-0.0006241006400033743,-0.019397249155794438,-219120.24400000274
2021-10-21,2021-10-20,0,1,0,,False,-2000.0,50.0,67.50800000000001,400.0,517.508,-2517.508,11074821.980000004,False,-0.00022726648422459171,-0.019620107295399647,-221637.7520000022
2021-10-22,2021-10-21,0,0,0,,False,0.0,0.0,0.0,0.0,0.0,0.0,11074821.980000004,False,0.0,-0.019620107295399647,-221637.7520000022
2021-10-25,2021-10-22,0,0,0,,False,0.0,0.0,0.0,0.0,0.0,0.0,11074821.980000004,False,0.0,-0.019620107295399647,-221637.7520000022
2021-10-26,2021-10-25,0,0,0,,False,0.0,0.0,0.0,0.0,0.0,0.0,11074821.980000004,False,0.0,-0.019620107295399647,-221637.7520000022
2021-10-27,2021-10-26,0,0,0,,False,0.0,0.0,0.0,0.0,0.0,0.0,11074821.980000004,False,0.0,-0.019620107295399647,-221637.7520000022
2021-10-28,2021-10-27,0,0,0,,False,0.0,0.0,0.0,0.0,0.0,0.0,11074821.980000004,False,0.0,-0.019620107295399647,-221637.7520000022
2021-10-29,2021-10-28,0,0,0,,False,0.0,0.0,0.0,0.0,0.0,0.0,11074821.980000004,False,0.0,-0.019620107295399647,-221637.7520000022
2021-11-01,2021-10-29,0,0,0,,False,0.0,0.0,0.0,0.0,0.0,0.0,11074821.980000004,False,0.0,-0.019620107295399647,-221637.7520000022
2021-11-02,2021-11-01,0,0,0,,False,0.0,0.0,0.0,0.0,0.0,0.0,11074821.980000004,False,0.0,-0.019620107295399647,-221637.7520000022
2021-11-03,2021-11-02,0,0,0,,False,0.0,0.0,0.0,0.0,0.0,0.0,11074821.980000004,False,0.0,-0.019620107295399647,-221637.7520000022
2021-11-04,2021-11-03,0,0,0,,False,0.0,0.0,0.0,0.0,0.0,0.0,11074821.980000004,False,0.0,-0.019620107295399647,-221637.7520000022
2021-11-05,2021-11-04,0,0,0,,False,0.0,0.0,0.0,0.0,0.0,0.0,11074821.980000004,False,0.0,-0.019620107295399647,-221637.7520000022
2021-11-08,2021-11-05,1,0,1,TX202111,False,33600.0,50.0,69.03200000000001,400.0,519.032,33080.968,11107902.948000005,False,0.0029870428671215526,-0.016691670529827007,-188556.78400000185
2021-11-09,2021-11-08,1,1,1,TX202111,False,26200.0,0.0,0.0,0.0,0.0,26200.0,11134102.948000005,False,0.0023586810330132883,-0.014372359823501712,-162356.78400000185
2021-11-10,2021-11-09,1,1,1,TX202111,False,0.0,0.0,0.0,0.0,0.0,0.0,11134102.948000005,False,0.0,-0.014372359823501712,-162356.78400000185
2021-11-11,2021-11-10,1,1,1,TX202111,False,-17000.0,0.0,0.0,0.0,0.0,-17000.0,11117102.948000005,False,-0.0015268405617763464,-0.015877256083331126,-179356.78400000185
2021-11-12,2021-11-11,1,1,1,TX202111,False,15400.0,0.0,0.0,0.0,0.0,15400.0,11132502.948000005,False,0.0013852529811078614,-0.014513997118544508,-163956.78400000185
2021-11-15,2021-11-12,1,1,1,TX202111,False,23400.0,0.0,0.0,0.0,0.0,23400.0,11155902.948000005,False,0.002101953182433596,-0.012442551678544023,-140556.78400000185
2021-11-16,2021-11-15,1,1,1,TX202112,True,7400.0,100.0,141.524,800.0,1041.524,6358.476,11162261.424000004,False,0.0005699651592200278,-0.011879678340272593,-134198.30800000206
2021-11-17,2021-11-16,1,1,1,TX202112,False,16800.0,0.0,0.0,0.0,0.0,16800.0,11179061.424000004,False,0.0015050713616040457,-0.010392486742323515,-117398.30800000206
2021-11-18,2021-11-17,1,1,1,TX202112,False,19200.0,0.0,0.0,0.0,0.0,19200.0,11198261.424000004,False,0.001717496601170835,-0.00869283920181041,-98198.30800000206
2021-11-19,2021-11-18,1,1,1,TX202112,False,-1800.0,0.0,0.0,0.0,0.0,-1800.0,11196461.424000004,False,-0.00016073923726608646,-0.00885218115873354,-99998.30800000206
2021-11-22,2021-11-19,1,1,1,TX202112,False,-3000.0,0.0,0.0,0.0,0.0,-3000.0,11193461.424000004,False,-0.00026794179753697857,-0.009117751086938686,-102998.30800000206
2021-11-23,2021-11-22,1,1,1,TX202112,False,-35400.0,0.0,0.0,0.0,0.0,-35400.0,11158061.424000004,False,-0.0031625605931064837,-0.012251476239759862,-138398.30800000206
2021-11-24,2021-11-23,1,1,1,TX202112,False,4000.0,0.0,0.0,0.0,0.0,4000.0,11162061.424000004,False,0.0003584852106474655,-0.011897383002152928,-134398.30800000206
2021-11-25,2021-11-24,1,1,1,TX202112,False,-600.0,0.0,0.0,0.0,0.0,-600.0,11161461.424000004,False,-5.3753511758134166e-05,-0.011950496987793935,-134998.30800000206
2021-11-26,2021-11-25,1,1,1,TX202112,False,-66800.0,0.0,0.0,0.0,0.0,-66800.0,11094661.424000004,False,-0.0059848793506881515,-0.017863854055829465,-201798.30800000206
2021-11-29,2021-11-26,0,1,0,,False,-19800.0,50.0,68.964,400.0,518.9639999999999,-20318.964,11074342.460000005,False,-0.0018314181229583048,-0.01966255599272393,-222117.27200000174
2021-11-30,2021-11-29,0,0,0,,False,0.0,0.0,0.0,0.0,0.0,0.0,11074342.460000005,False,0.0,-0.01966255599272393,-222117.27200000174
2021-12-01,2021-11-30,0,0,0,,False,0.0,0.0,0.0,0.0,0.0,0.0,11074342.460000005,False,0.0,-0.01966255599272393,-222117.27200000174
2021-12-02,2021-12-01,0,0,0,,False,0.0,0.0,0.0,0.0,0.0,0.0,11074342.460000005,False,0.0,-0.01966255599272393,-222117.27200000174
2021-12-03,2021-12-02,0,0,0,,False,0.0,0.0,0.0,0.0,0.0,0.0,11074342.460000005,False,0.0,-0.01966255599272393,-222117.27200000174
2021-12-06,2021-12-03,0,0,0,,False,0.0,0.0,0.0,0.0,0.0,0.0,11074342.460000005,False,0.0,-0.01966255599272393,-222117.27200000174
2021-12-07,2021-12-06,0,0,0,,False,0.0,0.0,0.0,0.0,0.0,0.0,11074342.460000005,False,0.0,-0.01966255599272393,-222117.27200000174
2021-12-08,2021-12-07,0,0,0,,False,0.0,0.0,0.0,0.0,0.0,0.0,11074342.460000005,False,0.0,-0.01966255599272393,-222117.27200000174
2021-12-09,2021-12-08,0,0,0,,False,0.0,0.0,0.0,0.0,0.0,0.0,11074342.460000005,False,0.0,-0.01966255599272393,-222117.27200000174
2021-12-10,2021-12-09,0,0,0,,False,0.0,0.0,0.0,0.0,0.0,0.0,11074342.460000005,False,0.0,-0.01966255599272393,-222117.27200000174
2021-12-13,2021-12-10,0,0,0,,False,0.0,0.0,0.0,0.0,0.0,0.0,11074342.460000005,False,0.0,-0.01966255599272393,-222117.27200000174
2021-12-14,2021-12-13,0,0,0,,False,0.0,0.0,0.0,0.0,0.0,0.0,11074342.460000005,False,0.0,-0.01966255599272393,-222117.27200000174
2021-12-15,2021-12-14,0,0,0,,False,0.0,0.0,0.0,0.0,0.0,0.0,11074342.460000005,False,0.0,-0.01966255599272393,-222117.27200000174
2021-12-16,2021-12-15,0,0,0,,False,0.0,0.0,0.0,0.0,0.0,0.0,11074342.460000005,False,0.0,-0.01966255599272393,-222117.27200000174
2021-12-17,2021-12-16,0,0,0,,False,0.0,0.0,0.0,0.0,0.0,0.0,11074342.460000005,False,0.0,-0.01966255599272393,-222117.27200000174
2021-12-20,2021-12-17,0,0,0,,False,0.0,0.0,0.0,0.0,0.0,0.0,11074342.460000005,False,0.0,-0.01966255599272393,-222117.27200000174
2021-12-21,2021-12-20,0,0,0,,False,0.0,0.0,0.0,0.0,0.0,0.0,11074342.460000005,False,0.0,-0.01966255599272393,-222117.27200000174
2021-12-22,2021-12-21,0,0,0,,False,0.0,0.0,0.0,0.0,0.0,0.0,11074342.460000005,False,0.0,-0.01966255599272393,-222117.27200000174
2021-12-23,2021-12-22,1,0,1,TX202201,False,3800.0,50.0,71.748,400.0,521.748,3278.252,11077620.712000005,False,0.0002960222705628699,-0.019372354276631087,-218839.02000000142
2021-12-24,2021-12-23,1,1,1,TX202201,False,800.0,0.0,0.0,0.0,0.0,800.0,11078420.712000005,False,7.221767388491533e-05,-0.019301535629109745,-218039.02000000142
2021-12-27,2021-12-24,1,1,1,TX202201,False,22000.0,0.0,0.0,0.0,0.0,22000.0,11100420.712000005,False,0.001985842618900533,-0.01735402282227172,-196039.02000000142
2021-12-28,2021-12-27,1,1,1,TX202201,False,27800.0,0.0,0.0,0.0,0.0,27800.0,11128220.712000005,False,0.002504409582417635,-0.014893074820903629,-168239.02000000142
2021-12-29,2021-12-28,1,1,1,TX202201,False,13800.0,0.0,0.0,0.0,0.0,13800.0,11142020.712000005,False,0.001240090429291981,-0.013671453151159807,-154439.02000000142
2021-12-30,2021-12-29,1,1,1,TX202201,False,-12800.0,0.0,0.0,0.0,0.0,-12800.0,11129220.712000005,False,-0.0011488041829086123,-0.014804551511501951,-167239.02000000142
2022-01-03,2021-12-30,1,1,1,TX202201,False,12200.0,0.0,0.0,0.0,0.0,12200.0,11141420.712000005,False,0.0010962133212836218,-0.013724567136800814,-155039.02000000142
2022-01-04,2022-01-03,1,1,1,TX202201,False,48600.0,0.0,0.0,0.0,0.0,48600.0,11190020.712000005,False,0.00436210078196354,-0.009422334299876822,-106439.02000000142
2022-01-05,2022-01-04,1,1,1,TX202201,False,-7200.0,0.0,0.0,0.0,0.0,-7200.0,11182820.712000005,False,-0.0006434304444386624,-0.010059702127569348,-113639.02000000142
2022-01-06,2022-01-05,1,1,1,TX202201,False,-29000.0,0.0,0.0,0.0,0.0,-29000.0,11153820.712000005,False,-0.002593263430297226,-0.012626878100219452,-142639.02000000142
2022-01-07,2022-01-06,1,1,1,TX202201,False,-38400.0,0.0,0.0,0.0,0.0,-38400.0,11115420.712000005,False,-0.003442766473616237,-0.016026173181245773,-181039.02000000142
2022-01-10,2022-01-07,1,1,1,TX202201,False,23000.0,0.0,0.0,0.0,0.0,23000.0,11138420.712000005,False,0.002069197432641449,-0.01399013706500607,-158039.02000000142
2022-01-11,2022-01-10,1,1,1,TX202201,False,4400.0,0.0,0.0,0.0,0.0,4400.0,11142820.712000005,False,0.0003950290722328031,-0.013600634503638465,-153639.02000000142
2022-01-12,2022-01-11,1,1,1,TX202201,False,19000.0,0.0,0.0,0.0,0.0,19000.0,11161820.712000005,False,0.0017051337799537944,-0.011918691625005584,-134639.02000000142
2022-01-13,2022-01-12,1,1,1,TX202201,False,10000.0,0.0,0.0,0.0,0.0,10000.0,11171820.712000005,False,0.0008959111831324312,-0.01103345853098836,-124639.02000000142
2022-01-14,2022-01-13,1,1,1,TX202201,False,-13600.0,0.0,0.0,0.0,0.0,-13600.0,11158220.712000005,False,-0.001217348572859911,-0.012237375538851847,-138239.02000000142
2022-01-17,2022-01-14,1,1,1,TX202201,False,30400.0,0.0,0.0,0.0,0.0,30400.0,11188620.712000005,False,0.002724448707786054,-0.009546266933039282,-107839.02000000142
2022-01-18,2022-01-17,1,1,1,TX202202,True,-32000.0,100.0,146.65200000000002,800.0,1046.652,-33046.652,11155574.060000004,False,-0.0029535948040992086,-0.012471665932726528,-140885.67200000212
2022-01-19,2022-01-18,1,1,1,TX202202,False,-34200.0,0.0,0.0,0.0,0.0,-34200.0,11121374.060000004,False,-0.0030657319664641252,-0.01549916311426569,-175085.67200000212
2022-01-20,2022-01-19,0,1,0,,False,12000.0,50.0,72.804,400.0,522.804,11477.196,11132851.256000005,False,0.0010319944224589813,-0.014483163741693339,-163608.47600000165
2022-01-21,2022-01-20,0,0,0,,False,0.0,0.0,0.0,0.0,0.0,0.0,11132851.256000005,False,0.0,-0.014483163741693339,-163608.47600000165
2022-01-24,2022-01-21,0,0,0,,False,0.0,0.0,0.0,0.0,0.0,0.0,11132851.256000005,False,0.0,-0.014483163741693339,-163608.47600000165
2022-01-25,2022-01-24,0,0,0,,False,0.0,0.0,0.0,0.0,0.0,0.0,11132851.256000005,False,0.0,-0.014483163741693339,-163608.47600000165
2022-01-26,2022-01-25,0,0,0,,False,0.0,0.0,0.0,0.0,0.0,0.0,11132851.256000005,False,0.0,-0.014483163741693339,-163608.47600000165
2022-02-07,2022-01-26,0,0,0,,False,0.0,0.0,0.0,0.0,0.0,0.0,11132851.256000005,False,0.0,-0.014483163741693339,-163608.47600000165
2022-02-08,2022-02-07,0,0,0,,False,0.0,0.0,0.0,0.0,0.0,0.0,11132851.256000005,False,0.0,-0.014483163741693339,-163608.47600000165
2022-02-09,2022-02-08,0,0,0,,False,0.0,0.0,0.0,0.0,0.0,0.0,11132851.256000005,False,0.0,-0.014483163741693339,-163608.47600000165
2022-02-10,2022-02-09,0,0,0,,False,0.0,0.0,0.0,0.0,0.0,0.0,11132851.256000005,False,0.0,-0.014483163741693339,-163608.47600000165
2022-02-11,2022-02-10,1,0,1,TX202202,False,14600.0,50.0,72.816,400.0,522.816,14077.184,11146928.440000005,False,0.0012644724766634385,-0.013237004826956222,-149531.2920000013
2022-02-14,2022-02-11,1,1,1,TX202202,False,-59600.0,0.0,0.0,0.0,0.0,-59600.0,11087328.440000005,False,-0.005346764386333494,-0.018512994067299227,-209131.2920000013
2022-02-15,2022-02-14,0,1,0,,False,-11000.0,50.0,71.68,400.0,521.6800000000001,-11521.68,11075806.760000005,False,-0.0010391754932083527,-0.019532931310766943,-220652.972000001
2022-02-16,2022-02-15,0,0,0,,False,0.0,0.0,0.0,0.0,0.0,0.0,11075806.760000005,False,0.0,-0.019532931310766943,-220652.972000001
2022-02-17,2022-02-16,1,0,1,TX202203,False,-5200.0,50.0,73.084,400.0,523.0840000000001,-5723.084,11070083.676000005,False,-0.0005167193798169874,-0.02003955764643106,-226376.05600000173
2022-02-18,2022-02-17,1,1,1,TX202203,False,-3400.0,0.0,0.0,0.0,0.0,-3400.0,11066683.676000005,False,-0.00030713408312994203,-0.020340536898396988,-229776.05600000173
2022-02-21,2022-02-18,1,1,1,TX202203,False,-3200.0,0.0,0.0,0.0,0.0,-3200.0,11063483.676000005,False,-0.00028915618207645596,-0.02062381148848247,-232976.05600000173
2022-02-22,2022-02-21,1,1,1,TX202203,False,-66400.0,0.0,0.0,0.0,0.0,-66400.0,10997083.676000005,False,-0.0060017262143244625,-0.026501759232757216,-299376.0560000017
2022-02-23,2022-02-22,0,1,0,,False,15200.0,50.0,71.808,400.0,521.808,14678.192,11011761.868000004,False,0.0013347349563260695,-0.025202397100883345,-284697.8640000019
2022-02-24,2022-02-23,0,0,0,,False,0.0,0.0,0.0,0.0,0.0,0.0,11011761.868000004,False,0.0,-0.025202397100883345,-284697.8640000019
2022-02-25,2022-02-24,0,0,0,,False,0.0,0.0,0.0,0.0,0.0,0.0,11011761.868000004,False,0.0,-0.025202397100883345,-284697.8640000019
2022-03-01,2022-02-25,0,0,0,,False,0.0,0.0,0.0,0.0,0.0,0.0,11011761.868000004,False,0.0,-0.025202397100883345,-284697.8640000019
2022-03-02,2022-03-01,0,0,0,,False,0.0,0.0,0.0,0.0,0.0,0.0,11011761.868000004,False,0.0,-0.025202397100883345,-284697.8640000019
2022-03-03,2022-03-02,0,0,0,,False,0.0,0.0,0.0,0.0,0.0,0.0,11011761.868000004,False,0.0,-0.025202397100883345,-284697.8640000019
2022-03-04,2022-03-03,0,0,0,,False,0.0,0.0,0.0,0.0,0.0,0.0,11011761.868000004,False,0.0,-0.025202397100883345,-284697.8640000019
2022-03-07,2022-03-04,0,0,0,,False,0.0,0.0,0.0,0.0,0.0,0.0,11011761.868000004,False,0.0,-0.025202397100883345,-284697.8640000019
2022-03-08,2022-03-07,0,0,0,,False,0.0,0.0,0.0,0.0,0.0,0.0,11011761.868000004,False,0.0,-0.025202397100883345,-284697.8640000019
2022-03-09,2022-03-08,0,0,0,,False,0.0,0.0,0.0,0.0,0.0,0.0,11011761.868000004,False,0.0,-0.025202397100883345,-284697.8640000019
2022-03-10,2022-03-09,0,0,0,,False,0.0,0.0,0.0,0.0,0.0,0.0,11011761.868000004,False,0.0,-0.025202397100883345,-284697.8640000019
2022-03-11,2022-03-10,0,0,0,,False,0.0,0.0,0.0,0.0,0.0,0.0,11011761.868000004,False,0.0,-0.025202397100883345,-284697.8640000019
2022-03-14,2022-03-11,0,0,0,,False,0.0,0.0,0.0,0.0,0.0,0.0,11011761.868000004,False,0.0,-0.025202397100883345,-284697.8640000019
2022-03-15,2022-03-14,0,0,0,,False,0.0,0.0,0.0,0.0,0.0,0.0,11011761.868000004,False,0.0,-0.025202397100883345,-284697.8640000019
2022-03-16,2022-03-15,0,0,0,,False,0.0,0.0,0.0,0.0,0.0,0.0,11011761.868000004,False,0.0,-0.025202397100883345,-284697.8640000019
2022-03-17,2022-03-16,0,0,0,,False,0.0,0.0,0.0,0.0,0.0,0.0,11011761.868000004,False,0.0,-0.025202397100883345,-284697.8640000019
2022-03-18,2022-03-17,0,0,0,,False,0.0,0.0,0.0,0.0,0.0,0.0,11011761.868000004,False,0.0,-0.025202397100883345,-284697.8640000019
2022-03-21,2022-03-18,0,0,0,,False,0.0,0.0,0.0,0.0,0.0,0.0,11011761.868000004,False,0.0,-0.025202397100883345,-284697.8640000019
2022-03-22,2022-03-21,1,0,1,TX202204,False,-3200.0,50.0,70.152,400.0,520.152,-3720.152,11008041.716000004,False,-0.0003378344033038618,-0.025531717267400778,-288418.0160000026
2022-03-23,2022-03-22,1,1,1,TX202204,False,36400.0,0.0,0.0,0.0,0.0,36400.0,11044441.716000004,False,0.00330667351551668,-0.022309468805177923,-252018.01600000262
2022-03-24,2022-03-23,1,1,1,TX202204,False,-6200.0,0.0,0.0,0.0,0.0,-6200.0,11038241.716000004,False,-0.0005613683479372347,-0.02285831332346866,-258218.01600000262
2022-03-25,2022-03-24,1,1,1,TX202204,False,-10000.0,0.0,0.0,0.0,0.0,-10000.0,11028241.716000004,False,-0.0009059413860728321,-0.023743546417485883,-268218.0160000026
2022-03-28,2022-03-25,1,1,1,TX202204,False,-36600.0,0.0,0.0,0.0,0.0,-36600.0,10991641.716000004,False,-0.003318752067874968,-0.026983499541589184,-304818.0160000026
2022-03-29,2022-03-28,1,1,1,TX202204,False,21400.0,0.0,0.0,0.0,0.0,21400.0,11013041.716000004,False,0.001946933911505599,-0.025089100720392166,-283418.0160000026
2022-03-30,2022-03-29,1,1,1,TX202204,False,39200.0,0.0,0.0,0.0,0.0,39200.0,11052241.716000004,False,0.003559416282156575,-0.02161898699184439,-244218.01600000262
2022-03-31,2022-03-30,1,1,1,TX202204,False,-20400.0,0.0,0.0,0.0,0.0,-20400.0,11031841.716000004,False,-0.0018457793924708979,-0.023424862503639732,-264618.0160000026
2022-04-01,2022-03-31,1,1,1,TX202204,False,-17000.0,0.0,0.0,0.0,0.0,-17000.0,11014841.716000004,False,-0.0015409938283780934,-0.024929758763469034,-281618.0160000026
2022-04-06,2022-04-01,1,1,1,TX202204,False,-9600.0,0.0,0.0,0.0,0.0,-9600.0,11005241.716000004,False,-0.0008715513347827028,-0.025779582533725698,-291218.0160000026
2022-04-07,2022-04-06,1,1,1,TX202204,False,-72600.0,0.0,0.0,0.0,0.0,-72600.0,10932641.716000004,False,-0.006596856468354555,-0.03220637479629118,-363818.0160000026
2022-04-08,2022-04-07,0,1,0,,False,11400.0,50.0,68.792,400.0,518.792,10881.208,10943522.924000004,False,0.0009952953991051651,-0.03124313425384251,-352936.80800000206
2022-04-11,2022-04-08,0,0,0,,False,0.0,0.0,0.0,0.0,0.0,0.0,10943522.924000004,False,0.0,-0.03124313425384251,-352936.80800000206
2022-04-12,2022-04-11,0,0,0,,False,0.0,0.0,0.0,0.0,0.0,0.0,10943522.924000004,False,0.0,-0.03124313425384251,-352936.80800000206
2022-04-13,2022-04-12,0,0,0,,False,0.0,0.0,0.0,0.0,0.0,0.0,10943522.924000004,False,0.0,-0.03124313425384251,-352936.80800000206
2022-04-14,2022-04-13,0,0,0,,False,0.0,0.0,0.0,0.0,0.0,0.0,10943522.924000004,False,0.0,-0.03124313425384251,-352936.80800000206
2022-04-15,2022-04-14,0,0,0,,False,0.0,0.0,0.0,0.0,0.0,0.0,10943522.924000004,False,0.0,-0.03124313425384251,-352936.80800000206
2022-04-18,2022-04-15,0,0,0,,False,0.0,0.0,0.0,0.0,0.0,0.0,10943522.924000004,False,0.0,-0.03124313425384251,-352936.80800000206
2022-04-19,2022-04-18,0,0,0,,False,0.0,0.0,0.0,0.0,0.0,0.0,10943522.924000004,False,0.0,-0.03124313425384251,-352936.80800000206
2022-04-20,2022-04-19,0,0,0,,False,0.0,0.0,0.0,0.0,0.0,0.0,10943522.924000004,False,0.0,-0.03124313425384251,-352936.80800000206
2022-04-21,2022-04-20,0,0,0,,False,0.0,0.0,0.0,0.0,0.0,0.0,10943522.924000004,False,0.0,-0.03124313425384251,-352936.80800000206
2022-04-22,2022-04-21,0,0,0,,False,0.0,0.0,0.0,0.0,0.0,0.0,10943522.924000004,False,0.0,-0.03124313425384251,-352936.80800000206
2022-04-25,2022-04-22,0,0,0,,False,0.0,0.0,0.0,0.0,0.0,0.0,10943522.924000004,False,0.0,-0.03124313425384251,-352936.80800000206
2022-04-26,2022-04-25,0,0,0,,False,0.0,0.0,0.0,0.0,0.0,0.0,10943522.924000004,False,0.0,-0.03124313425384251,-352936.80800000206
2022-04-27,2022-04-26,0,0,0,,False,0.0,0.0,0.0,0.0,0.0,0.0,10943522.924000004,False,0.0,-0.03124313425384251,-352936.80800000206
2022-04-28,2022-04-27,0,0,0,,False,0.0,0.0,0.0,0.0,0.0,0.0,10943522.924000004,False,0.0,-0.03124313425384251,-352936.80800000206
2022-04-29,2022-04-28,0,0,0,,False,0.0,0.0,0.0,0.0,0.0,0.0,10943522.924000004,False,0.0,-0.03124313425384251,-352936.80800000206
2022-05-03,2022-04-29,0,0,0,,False,0.0,0.0,0.0,0.0,0.0,0.0,10943522.924000004,False,0.0,-0.03124313425384251,-352936.80800000206
2022-05-04,2022-05-03,0,0,0,,False,0.0,0.0,0.0,0.0,0.0,0.0,10943522.924000004,False,0.0,-0.03124313425384251,-352936.80800000206
2022-05-05,2022-05-04,0,0,0,,False,0.0,0.0,0.0,0.0,0.0,0.0,10943522.924000004,False,0.0,-0.03124313425384251,-352936.80800000206
2022-05-06,2022-05-05,0,0,0,,False,0.0,0.0,0.0,0.0,0.0,0.0,10943522.924000004,False,0.0,-0.03124313425384251,-352936.80800000206
2022-05-09,2022-05-06,0,0,0,,False,0.0,0.0,0.0,0.0,0.0,0.0,10943522.924000004,False,0.0,-0.03124313425384251,-352936.80800000206
2022-05-10,2022-05-09,0,0,0,,False,0.0,0.0,0.0,0.0,0.0,0.0,10943522.924000004,False,0.0,-0.03124313425384251,-352936.80800000206
2022-05-11,2022-05-10,0,0,0,,False,0.0,0.0,0.0,0.0,0.0,0.0,10943522.924000004,False,0.0,-0.03124313425384251,-352936.80800000206
2022-05-12,2022-05-11,0,0,0,,False,0.0,0.0,0.0,0.0,0.0,0.0,10943522.924000004,False,0.0,-0.03124313425384251,-352936.80800000206
2022-05-13,2022-05-12,0,0,0,,False,0.0,0.0,0.0,0.0,0.0,0.0,10943522.924000004,False,0.0,-0.03124313425384251,-352936.80800000206
2022-05-16,2022-05-13,0,0,0,,False,0.0,0.0,0.0,0.0,0.0,0.0,10943522.924000004,False,0.0,-0.03124313425384251,-352936.80800000206
2022-05-17,2022-05-16,0,0,0,,False,0.0,0.0,0.0,0.0,0.0,0.0,10943522.924000004,False,0.0,-0.03124313425384251,-352936.80800000206
2022-05-18,2022-05-17,0,0,0,,False,0.0,0.0,0.0,0.0,0.0,0.0,10943522.924000004,False,0.0,-0.03124313425384251,-352936.80800000206
2022-05-19,2022-05-18,0,0,0,,False,0.0,0.0,0.0,0.0,0.0,0.0,10943522.924000004,False,0.0,-0.03124313425384251,-352936.80800000206
2022-05-20,2022-05-19,0,0,0,,False,0.0,0.0,0.0,0.0,0.0,0.0,10943522.924000004,False,0.0,-0.03124313425384251,-352936.80800000206
2022-05-23,2022-05-20,0,0,0,,False,0.0,0.0,0.0,0.0,0.0,0.0,10943522.924000004,False,0.0,-0.03124313425384251,-352936.80800000206
2022-05-24,2022-05-23,0,0,0,,False,0.0,0.0,0.0,0.0,0.0,0.0,10943522.924000004,False,0.0,-0.03124313425384251,-352936.80800000206
2022-05-25,2022-05-24,0,0,0,,False,0.0,0.0,0.0,0.0,0.0,0.0,10943522.924000004,False,0.0,-0.03124313425384251,-352936.80800000206
2022-05-26,2022-05-25,0,0,0,,False,0.0,0.0,0.0,0.0,0.0,0.0,10943522.924000004,False,0.0,-0.03124313425384251,-352936.80800000206
2022-05-27,2022-05-26,0,0,0,,False,0.0,0.0,0.0,0.0,0.0,0.0,10943522.924000004,False,0.0,-0.03124313425384251,-352936.80800000206
2022-05-30,2022-05-27,1,0,1,TX202206,False,32000.0,50.0,65.608,400.0,515.608,31484.392,10975007.316000005,False,0.0028769887191401828,-0.02845603167950117,-321452.41600000113
2022-05-31,2022-05-30,1,1,1,TX202206,False,24400.0,0.0,0.0,0.0,0.0,24400.0,10999407.316000005,False,0.002223233142125405,-0.026296062930099007,-297052.41600000113
2022-06-01,2022-05-31,1,1,1,TX202206,False,-14400.0,0.0,0.0,0.0,0.0,-14400.0,10985007.316000005,False,-0.0013091614471857414,-0.027570798585483836,-311452.41600000113
2022-06-02,2022-06-01,1,1,1,TX202206,False,-15600.0,0.0,0.0,0.0,0.0,-15600.0,10969407.316000005,False,-0.0014201173973983716,-0.02895176221215079,-327052.41600000113
2022-06-06,2022-06-02,1,1,1,TX202206,False,13600.0,0.0,0.0,0.0,0.0,13600.0,10983007.316000005,False,0.0012398117426237793,-0.027747845204287303,-313452.41600000113
2022-06-07,2022-06-06,1,1,1,TX202206,False,-27600.0,0.0,0.0,0.0,0.0,-27600.0,10955407.316000005,False,-0.002512972923162167,-0.030191088543775058,-341052.41600000113
2022-06-08,2022-06-07,1,1,1,TX202206,False,36400.0,0.0,0.0,0.0,0.0,36400.0,10991807.316000005,False,0.003322560170523192,-0.026968840081552092,-304652.41600000113
2022-06-09,2022-06-08,1,1,1,TX202206,False,-12400.0,0.0,0.0,0.0,0.0,-12400.0,10979407.316000005,False,-0.0011281129338894238,-0.028066529118133565,-317052.41600000113
2022-06-10,2022-06-09,1,1,1,TX202206,False,-22200.0,0.0,0.0,0.0,0.0,-22200.0,10957207.316000005,False,-0.002021967066259443,-0.030031746586851926,-339252.41600000113
2022-06-13,2022-06-10,1,1,1,TX202206,False,-83600.0,0.0,0.0,0.0,0.0,-83600.0,10873607.316000005,False,-0.007629681321984759,-0.03743229525283642,-422852.41600000113
2022-06-14,2022-06-13,0,1,0,,False,-20600.0,50.0,63.79200000000001,400.0,513.792,-21113.792,10852493.524000006,False,-0.0019417467806596292,-0.03930135799469603,-443966.20800000057
2022-06-15,2022-06-14,0,0,0,,False,0.0,0.0,0.0,0.0,0.0,0.0,10852493.524000006,False,0.0,-0.03930135799469603,-443966.20800000057
2022-06-16,2022-06-15,0,0,0,,False,0.0,0.0,0.0,0.0,0.0,0.0,10852493.524000006,False,0.0,-0.03930135799469603,-443966.20800000057
2022-06-17,2022-06-16,0,0,0,,False,0.0,0.0,0.0,0.0,0.0,0.0,10852493.524000006,False,0.0,-0.03930135799469603,-443966.20800000057
2022-06-20,2022-06-17,0,0,0,,False,0.0,0.0,0.0,0.0,0.0,0.0,10852493.524000006,False,0.0,-0.03930135799469603,-443966.20800000057
2022-06-21,2022-06-20,0,0,0,,False,0.0,0.0,0.0,0.0,0.0,0.0,10852493.524000006,False,0.0,-0.03930135799469603,-443966.20800000057
2022-06-22,2022-06-21,0,0,0,,False,0.0,0.0,0.0,0.0,0.0,0.0,10852493.524000006,False,0.0,-0.03930135799469603,-443966.20800000057
2022-06-23,2022-06-22,0,0,0,,False,0.0,0.0,0.0,0.0,0.0,0.0,10852493.524000006,False,0.0,-0.03930135799469603,-443966.20800000057
2022-06-24,2022-06-23,0,0,0,,False,0.0,0.0,0.0,0.0,0.0,0.0,10852493.524000006,False,0.0,-0.03930135799469603,-443966.20800000057
2022-06-27,2022-06-24,0,0,0,,False,0.0,0.0,0.0,0.0,0.0,0.0,10852493.524000006,False,0.0,-0.03930135799469603,-443966.20800000057
2022-06-28,2022-06-27,0,0,0,,False,0.0,0.0,0.0,0.0,0.0,0.0,10852493.524000006,False,0.0,-0.03930135799469603,-443966.20800000057
2022-06-29,2022-06-28,0,0,0,,False,0.0,0.0,0.0,0.0,0.0,0.0,10852493.524000006,False,0.0,-0.03930135799469603,-443966.20800000057
2022-06-30,2022-06-29,0,0,0,,False,0.0,0.0,0.0,0.0,0.0,0.0,10852493.524000006,False,0.0,-0.03930135799469603,-443966.20800000057
2022-07-01,2022-06-30,0,0,0,,False,0.0,0.0,0.0,0.0,0.0,0.0,10852493.524000006,False,0.0,-0.03930135799469603,-443966.20800000057
2022-07-04,2022-07-01,0,0,0,,False,0.0,0.0,0.0,0.0,0.0,0.0,10852493.524000006,False,0.0,-0.03930135799469603,-443966.20800000057
2022-07-05,2022-07-04,0,0,0,,False,0.0,0.0,0.0,0.0,0.0,0.0,10852493.524000006,False,0.0,-0.03930135799469603,-443966.20800000057
2022-07-06,2022-07-05,0,0,0,,False,0.0,0.0,0.0,0.0,0.0,0.0,10852493.524000006,False,0.0,-0.03930135799469603,-443966.20800000057
2022-07-07,2022-07-06,0,0,0,,False,0.0,0.0,0.0,0.0,0.0,0.0,10852493.524000006,False,0.0,-0.03930135799469603,-443966.20800000057
2022-07-08,2022-07-07,0,0,0,,False,0.0,0.0,0.0,0.0,0.0,0.0,10852493.524000006,False,0.0,-0.03930135799469603,-443966.20800000057
2022-07-11,2022-07-08,0,0,0,,False,0.0,0.0,0.0,0.0,0.0,0.0,10852493.524000006,False,0.0,-0.03930135799469603,-443966.20800000057
2022-07-12,2022-07-11,0,0,0,,False,0.0,0.0,0.0,0.0,0.0,0.0,10852493.524000006,False,0.0,-0.03930135799469603,-443966.20800000057
2022-07-13,2022-07-12,0,0,0,,False,0.0,0.0,0.0,0.0,0.0,0.0,10852493.524000006,False,0.0,-0.03930135799469603,-443966.20800000057
2022-07-14,2022-07-13,0,0,0,,False,0.0,0.0,0.0,0.0,0.0,0.0,10852493.524000006,False,0.0,-0.03930135799469603,-443966.20800000057
2022-07-15,2022-07-14,0,0,0,,False,0.0,0.0,0.0,0.0,0.0,0.0,10852493.524000006,False,0.0,-0.03930135799469603,-443966.20800000057
2022-07-18,2022-07-15,0,0,0,,False,0.0,0.0,0.0,0.0,0.0,0.0,10852493.524000006,False,0.0,-0.03930135799469603,-443966.20800000057
2022-07-19,2022-07-18,1,0,1,TX202208,True,23200.0,150.0,175.08,1200.0,1525.08,21674.92,10874168.444000006,False,0.001997229480217286,-0.03738262234527834,-422291.28800000064
2022-07-20,2022-07-19,1,1,1,TX202208,False,17600.0,0.0,0.0,0.0,0.0,17600.0,10891768.444000006,False,0.0016185145641836253,-0.03582461209980792,-404691.28800000064
2022-07-21,2022-07-20,1,1,1,TX202208,False,26400.0,0.0,0.0,0.0,0.0,26400.0,10918168.444000006,False,0.002423848811672367,-0.03348759673160229,-378291.28800000064
2022-07-22,2022-07-21,1,1,1,TX202208,False,600.0,0.0,0.0,0.0,0.0,600.0,10918768.444000006,False,5.495427214531805e-05,-0.03343448274596128,-377691.28800000064
2022-07-25,2022-07-22,1,1,1,TX202208,False,8600.0,0.0,0.0,0.0,0.0,8600.0,10927368.444000006,False,0.0007876346168624725,-0.032673182285106406,-369091.28800000064
2022-07-26,2022-07-25,1,1,1,TX202208,False,-17800.0,0.0,0.0,0.0,0.0,-17800.0,10909568.444000006,False,-0.0016289374785174024,-0.03424889719245716,-386891.28800000064
2022-07-27,2022-07-26,1,1,1,TX202208,False,17800.0,0.0,0.0,0.0,0.0,17800.0,10927368.444000006,False,0.0016315952451620176,-0.032673182285106406,-369091.28800000064
2022-07-28,2022-07-27,1,1,1,TX202208,False,7400.0,0.0,0.0,0.0,0.0,7400.0,10934768.444000006,False,0.0006771987270240887,-0.032018109795533656,-361691.28800000064
2022-07-29,2022-07-28,1,1,1,TX202208,False,21400.0,0.0,0.0,0.0,0.0,21400.0,10956168.444000006,False,0.001957060189211629,-0.030123710974336637,-340291.28800000064
2022-08-01,2022-07-29,1,1,1,TX202208,False,-13600.0,0.0,0.0,0.0,0.0,-13600.0,10942568.444000006,False,-0.0012413098675429595,-0.031327627982200124,-353891.28800000064
2022-08-02,2022-08-01,1,1,1,TX202208,False,-45400.0,0.0,0.0,0.0,0.0,-45400.0,10897168.444000006,False,-0.004148934524133005,-0.035346586229038635,-399291.28800000064
2022-08-03,2022-08-02,1,1,1,TX202208,False,5200.0,0.0,0.0,0.0,0.0,5200.0,10902368.444000006,False,0.0004771881821156143,-0.034886265020149576,-394091.28800000064
2022-08-04,2022-08-03,1,1,1,TX202208,False,-2200.0,0.0,0.0,0.0,0.0,-2200.0,10900168.444000006,False,-0.00020179101553027636,-0.03508101630083338,-396291.28800000064
2022-08-05,2022-08-04,1,1,1,TX202208,False,70200.0,0.0,0.0,0.0,0.0,70200.0,10970368.444000006,False,0.006440267447301841,-0.028866679980832144,-326091.28800000064
2022-08-08,2022-08-05,1,1,1,TX202208,False,-9600.0,0.0,0.0,0.0,0.0,-9600.0,10960768.444000006,False,-0.0008750845560935105,-0.029716503751088696,-335691.28800000064
2022-08-09,2022-08-08,1,1,1,TX202208,False,11000.0,0.0,0.0,0.0,0.0,11000.0,10971768.444000006,False,0.0010035792705776455,-0.028742747347669684,-324691.28800000064
2022-08-10,2022-08-09,1,1,1,TX202208,False,-28000.0,0.0,0.0,0.0,0.0,-28000.0,10943768.444000006,False,-0.002552004277424576,-0.03122140001091811,-352691.28800000064
2022-08-11,2022-08-10,0,1,0,,False,47800.0,50.0,60.452000000000005,400.0,510.452,47289.548,10991057.992000006,False,0.004321139307906941,-0.02703517272184619,-305401.7400000002
2022-08-12,2022-08-11,1,0,1,TX202208,False,8600.0,50.0,60.92400000000001,400.0,510.924,8089.075999999999,10999147.068000006,False,0.0007359688217356095,-0.026319100944324103,-297312.6640000008
2022-08-15,2022-08-12,1,1,1,TX202208,False,23000.0,0.0,0.0,0.0,0.0,23000.0,11022147.068000006,False,0.0020910712310515667,-0.0242830648280844,-274312.6640000008
2022-08-16,2022-08-15,1,1,1,TX202209,True,7000.0,100.0,123.15200000000002,800.0,1023.152,5976.848,11028123.916000005,False,0.0005422580521858808,-0.023753974463333383,-268335.8160000015
2022-08-17,2022-08-16,1,1,1,TX202209,False,2600.0,0.0,0.0,0.0,0.0,2600.0,11030723.916000005,False,0.00023576086193843226,-0.023523813858888798,-265735.8160000015
2022-08-18,2022-08-17,1,1,1,TX202209,False,-12800.0,0.0,0.0,0.0,0.0,-12800.0,11017923.916000005,False,-0.0011603952829817154,-0.024656912219230942,-278535.8160000015
2022-08-19,2022-08-18,1,1,1,TX202209,False,7600.0,0.0,0.0,0.0,0.0,7600.0,11025523.916000005,False,0.0006897851226730142,-0.023984135067777856,-270935.8160000015
2022-08-22,2022-08-19,1,1,1,TX202209,False,-35600.0,0.0,0.0,0.0,0.0,-35600.0,10989923.916000005,False,-0.0032288715049937937,-0.027135564882479368,-306535.8160000015
2022-08-23,2022-08-22,0,1,0,,False,-23200.0,50.0,60.228,400.0,510.228,-23710.228,10966213.688000005,False,-0.0021574515147899037,-0.02923447273170887,-330246.0440000016
2022-08-24,2022-08-23,0,0,0,,False,0.0,0.0,0.0,0.0,0.0,0.0,10966213.688000005,False,0.0,-0.02923447273170887,-330246.0440000016
2022-08-25,2022-08-24,0,0,0,,False,0.0,0.0,0.0,0.0,0.0,0.0,10966213.688000005,False,0.0,-0.02923447273170887,-330246.0440000016
2022-08-26,2022-08-25,0,0,0,,False,0.0,0.0,0.0,0.0,0.0,0.0,10966213.688000005,False,0.0,-0.02923447273170887,-330246.0440000016
2022-08-29,2022-08-26,0,0,0,,False,0.0,0.0,0.0,0.0,0.0,0.0,10966213.688000005,False,0.0,-0.02923447273170887,-330246.0440000016
2022-08-30,2022-08-29,0,0,0,,False,0.0,0.0,0.0,0.0,0.0,0.0,10966213.688000005,False,0.0,-0.02923447273170887,-330246.0440000016
2022-08-31,2022-08-30,0,0,0,,False,0.0,0.0,0.0,0.0,0.0,0.0,10966213.688000005,False,0.0,-0.02923447273170887,-330246.0440000016
2022-09-01,2022-08-31,0,0,0,,False,0.0,0.0,0.0,0.0,0.0,0.0,10966213.688000005,False,0.0,-0.02923447273170887,-330246.0440000016
2022-09-02,2022-09-01,0,0,0,,False,0.0,0.0,0.0,0.0,0.0,0.0,10966213.688000005,False,0.0,-0.02923447273170887,-330246.0440000016
2022-09-05,2022-09-02,0,0,0,,False,0.0,0.0,0.0,0.0,0.0,0.0,10966213.688000005,False,0.0,-0.02923447273170887,-330246.0440000016
2022-09-06,2022-09-05,0,0,0,,False,0.0,0.0,0.0,0.0,0.0,0.0,10966213.688000005,False,0.0,-0.02923447273170887,-330246.0440000016
2022-09-07,2022-09-06,0,0,0,,False,0.0,0.0,0.0,0.0,0.0,0.0,10966213.688000005,False,0.0,-0.02923447273170887,-330246.0440000016
2022-09-08,2022-09-07,0,0,0,,False,0.0,0.0,0.0,0.0,0.0,0.0,10966213.688000005,False,0.0,-0.02923447273170887,-330246.0440000016
2022-09-12,2022-09-08,0,0,0,,False,0.0,0.0,0.0,0.0,0.0,0.0,10966213.688000005,False,0.0,-0.02923447273170887,-330246.0440000016
2022-09-13,2022-09-12,0,0,0,,False,0.0,0.0,0.0,0.0,0.0,0.0,10966213.688000005,False,0.0,-0.02923447273170887,-330246.0440000016
2022-09-14,2022-09-13,0,0,0,,False,0.0,0.0,0.0,0.0,0.0,0.0,10966213.688000005,False,0.0,-0.02923447273170887,-330246.0440000016
2022-09-15,2022-09-14,0,0,0,,False,0.0,0.0,0.0,0.0,0.0,0.0,10966213.688000005,False,0.0,-0.02923447273170887,-330246.0440000016
2022-09-16,2022-09-15,0,0,0,,False,0.0,0.0,0.0,0.0,0.0,0.0,10966213.688000005,False,0.0,-0.02923447273170887,-330246.0440000016
2022-09-19,2022-09-16,0,0,0,,False,0.0,0.0,0.0,0.0,0.0,0.0,10966213.688000005,False,0.0,-0.02923447273170887,-330246.0440000016
2022-09-20,2022-09-19,0,0,0,,False,0.0,0.0,0.0,0.0,0.0,0.0,10966213.688000005,False,0.0,-0.02923447273170887,-330246.0440000016
2022-09-21,2022-09-20,0,0,0,,False,0.0,0.0,0.0,0.0,0.0,0.0,10966213.688000005,False,0.0,-0.02923447273170887,-330246.0440000016
2022-09-22,2022-09-21,0,0,0,,False,0.0,0.0,0.0,0.0,0.0,0.0,10966213.688000005,False,0.0,-0.02923447273170887,-330246.0440000016
2022-09-23,2022-09-22,0,0,0,,False,0.0,0.0,0.0,0.0,0.0,0.0,10966213.688000005,False,0.0,-0.02923447273170887,-330246.0440000016
2022-09-26,2022-09-23,0,0,0,,False,0.0,0.0,0.0,0.0,0.0,0.0,10966213.688000005,False,0.0,-0.02923447273170887,-330246.0440000016
2022-09-27,2022-09-26,0,0,0,,False,0.0,0.0,0.0,0.0,0.0,0.0,10966213.688000005,False,0.0,-0.02923447273170887,-330246.0440000016
2022-09-28,2022-09-27,0,0,0,,False,0.0,0.0,0.0,0.0,0.0,0.0,10966213.688000005,False,0.0,-0.02923447273170887,-330246.0440000016
2022-09-29,2022-09-28,0,0,0,,False,0.0,0.0,0.0,0.0,0.0,0.0,10966213.688000005,False,0.0,-0.02923447273170887,-330246.0440000016
2022-09-30,2022-09-29,0,0,0,,False,0.0,0.0,0.0,0.0,0.0,0.0,10966213.688000005,False,0.0,-0.02923447273170887,-330246.0440000016
2022-10-03,2022-09-30,0,0,0,,False,0.0,0.0,0.0,0.0,0.0,0.0,10966213.688000005,False,0.0,-0.02923447273170887,-330246.0440000016
2022-10-04,2022-10-03,0,0,0,,False,0.0,0.0,0.0,0.0,0.0,0.0,10966213.688000005,False,0.0,-0.02923447273170887,-330246.0440000016
2022-10-05,2022-10-04,0,0,0,,False,0.0,0.0,0.0,0.0,0.0,0.0,10966213.688000005,False,0.0,-0.02923447273170887,-330246.0440000016
2022-10-06,2022-10-05,0,0,0,,False,0.0,0.0,0.0,0.0,0.0,0.0,10966213.688000005,False,0.0,-0.02923447273170887,-330246.0440000016
2022-10-07,2022-10-06,0,0,0,,False,0.0,0.0,0.0,0.0,0.0,0.0,10966213.688000005,False,0.0,-0.02923447273170887,-330246.0440000016
2022-10-11,2022-10-07,0,0,0,,False,0.0,0.0,0.0,0.0,0.0,0.0,10966213.688000005,False,0.0,-0.02923447273170887,-330246.0440000016
2022-10-12,2022-10-11,0,0,0,,False,0.0,0.0,0.0,0.0,0.0,0.0,10966213.688000005,False,0.0,-0.02923447273170887,-330246.0440000016
2022-10-13,2022-10-12,0,0,0,,False,0.0,0.0,0.0,0.0,0.0,0.0,10966213.688000005,False,0.0,-0.02923447273170887,-330246.0440000016
2022-10-14,2022-10-13,0,0,0,,False,0.0,0.0,0.0,0.0,0.0,0.0,10966213.688000005,False,0.0,-0.02923447273170887,-330246.0440000016
2022-10-17,2022-10-14,0,0,0,,False,0.0,0.0,0.0,0.0,0.0,0.0,10966213.688000005,False,0.0,-0.02923447273170887,-330246.0440000016
2022-10-18,2022-10-17,0,0,0,,False,0.0,0.0,0.0,0.0,0.0,0.0,10966213.688000005,False,0.0,-0.02923447273170887,-330246.0440000016
2022-10-19,2022-10-18,0,0,0,,False,0.0,0.0,0.0,0.0,0.0,0.0,10966213.688000005,False,0.0,-0.02923447273170887,-330246.0440000016
2022-10-20,2022-10-19,0,0,0,,False,0.0,0.0,0.0,0.0,0.0,0.0,10966213.688000005,False,0.0,-0.02923447273170887,-330246.0440000016
2022-10-21,2022-10-20,0,0,0,,False,0.0,0.0,0.0,0.0,0.0,0.0,10966213.688000005,False,0.0,-0.02923447273170887,-330246.0440000016
2022-10-24,2022-10-21,0,0,0,,False,0.0,0.0,0.0,0.0,0.0,0.0,10966213.688000005,False,0.0,-0.02923447273170887,-330246.0440000016
2022-10-25,2022-10-24,0,0,0,,False,0.0,0.0,0.0,0.0,0.0,0.0,10966213.688000005,False,0.0,-0.02923447273170887,-330246.0440000016
2022-10-26,2022-10-25,0,0,0,,False,0.0,0.0,0.0,0.0,0.0,0.0,10966213.688000005,False,0.0,-0.02923447273170887,-330246.0440000016
2022-10-27,2022-10-26,0,0,0,,False,0.0,0.0,0.0,0.0,0.0,0.0,10966213.688000005,False,0.0,-0.02923447273170887,-330246.0440000016
2022-10-28,2022-10-27,0,0,0,,False,0.0,0.0,0.0,0.0,0.0,0.0,10966213.688000005,False,0.0,-0.02923447273170887,-330246.0440000016
2022-10-31,2022-10-28,0,0,0,,False,0.0,0.0,0.0,0.0,0.0,0.0,10966213.688000005,False,0.0,-0.02923447273170887,-330246.0440000016
2022-11-01,2022-10-31,0,0,0,,False,0.0,0.0,0.0,0.0,0.0,0.0,10966213.688000005,False,0.0,-0.02923447273170887,-330246.0440000016
2022-11-02,2022-11-01,0,0,0,,False,0.0,0.0,0.0,0.0,0.0,0.0,10966213.688000005,False,0.0,-0.02923447273170887,-330246.0440000016
2022-11-03,2022-11-02,1,0,1,TX202211,False,15000.0,50.0,51.540000000000006,400.0,501.54,14498.46,10980712.148000006,False,0.0013221026338256772,-0.027951021071280224,-315747.58400000073
2022-11-04,2022-11-03,0,1,0,,False,-15600.0,50.0,51.51200000000001,400.0,501.512,-16101.512,10964610.636000006,False,-0.0014663449677016333,-0.02937638019989186,-331849.09600000083
2022-11-07,2022-11-04,0,0,0,,False,0.0,0.0,0.0,0.0,0.0,0.0,10964610.636000006,False,0.0,-0.02937638019989186,-331849.09600000083
2022-11-08,2022-11-07,0,0,0,,False,0.0,0.0,0.0,0.0,0.0,0.0,10964610.636000006,False,0.0,-0.02937638019989186,-331849.09600000083
2022-11-09,2022-11-08,0,0,0,,False,0.0,0.0,0.0,0.0,0.0,0.0,10964610.636000006,False,0.0,-0.02937638019989186,-331849.09600000083
2022-11-10,2022-11-09,1,0,1,TX202211,False,-13200.0,50.0,54.18000000000001,400.0,504.18,-13704.18,10950906.456000006,False,-0.0012498555995235428,-0.030589519566128875,-345553.27600000054
2022-11-11,2022-11-10,0,1,0,,False,97600.0,50.0,55.852000000000004,400.0,505.852,97094.148,11048000.604000006,False,0.008866311514039285,-0.021994424261627676,-248459.1280000005
2022-11-14,2022-11-11,0,0,0,,False,0.0,0.0,0.0,0.0,0.0,0.0,11048000.604000006,False,0.0,-0.021994424261627676,-248459.1280000005
2022-11-15,2022-11-14,0,0,0,,False,0.0,0.0,0.0,0.0,0.0,0.0,11048000.604000006,False,0.0,-0.021994424261627676,-248459.1280000005
2022-11-16,2022-11-15,0,0,0,,False,0.0,0.0,0.0,0.0,0.0,0.0,11048000.604000006,False,0.0,-0.021994424261627676,-248459.1280000005
2022-11-17,2022-11-16,0,0,0,,False,0.0,0.0,0.0,0.0,0.0,0.0,11048000.604000006,False,0.0,-0.021994424261627676,-248459.1280000005
2022-11-18,2022-11-17,0,0,0,,False,0.0,0.0,0.0,0.0,0.0,0.0,11048000.604000006,False,0.0,-0.021994424261627676,-248459.1280000005
2022-11-21,2022-11-18,0,0,0,,False,0.0,0.0,0.0,0.0,0.0,0.0,11048000.604000006,False,0.0,-0.021994424261627676,-248459.1280000005
2022-11-22,2022-11-21,0,0,0,,False,0.0,0.0,0.0,0.0,0.0,0.0,11048000.604000006,False,0.0,-0.021994424261627676,-248459.1280000005
2022-11-23,2022-11-22,0,0,0,,False,0.0,0.0,0.0,0.0,0.0,0.0,11048000.604000006,False,0.0,-0.021994424261627676,-248459.1280000005
2022-11-24,2022-11-23,0,0,0,,False,0.0,0.0,0.0,0.0,0.0,0.0,11048000.604000006,False,0.0,-0.021994424261627676,-248459.1280000005
2022-11-25,2022-11-24,0,0,0,,False,0.0,0.0,0.0,0.0,0.0,0.0,11048000.604000006,False,0.0,-0.021994424261627676,-248459.1280000005
2022-11-28,2022-11-25,0,0,0,,False,0.0,0.0,0.0,0.0,0.0,0.0,11048000.604000006,False,0.0,-0.021994424261627676,-248459.1280000005
2022-11-29,2022-11-28,0,0,0,,False,0.0,0.0,0.0,0.0,0.0,0.0,11048000.604000006,False,0.0,-0.021994424261627676,-248459.1280000005
2022-11-30,2022-11-29,1,0,1,TX202212,False,32000.0,50.0,58.568000000000005,400.0,508.568,31491.432,11079492.036000006,False,0.0028504191055708583,-0.019206698483188123,-216967.69600000046
2022-12-01,2022-11-30,1,1,1,TX202212,False,35400.0,0.0,0.0,0.0,0.0,35400.0,11114892.036000006,False,0.003195092327786929,-0.016072973330366946,-181567.69600000046
2022-12-02,2022-12-01,0,1,0,,False,-23400.0,50.0,59.432,400.0,509.432,-23909.432,11090982.604000006,False,-0.002151116890974719,-0.018189515376922594,-205477.1280000005
2022-12-05,2022-12-02,0,0,0,,False,0.0,0.0,0.0,0.0,0.0,0.0,11090982.604000006,False,0.0,-0.018189515376922594,-205477.1280000005
2022-12-06,2022-12-05,0,0,0,,False,0.0,0.0,0.0,0.0,0.0,0.0,11090982.604000006,False,0.0,-0.018189515376922594,-205477.1280000005
2022-12-07,2022-12-06,0,0,0,,False,0.0,0.0,0.0,0.0,0.0,0.0,11090982.604000006,False,0.0,-0.018189515376922594,-205477.1280000005
2022-12-08,2022-12-07,0,0,0,,False,0.0,0.0,0.0,0.0,0.0,0.0,11090982.604000006,False,0.0,-0.018189515376922594,-205477.1280000005
2022-12-09,2022-12-08,0,0,0,,False,0.0,0.0,0.0,0.0,0.0,0.0,11090982.604000006,False,0.0,-0.018189515376922594,-205477.1280000005
2022-12-12,2022-12-09,0,0,0,,False,0.0,0.0,0.0,0.0,0.0,0.0,11090982.604000006,False,0.0,-0.018189515376922594,-205477.1280000005
2022-12-13,2022-12-12,0,0,0,,False,0.0,0.0,0.0,0.0,0.0,0.0,11090982.604000006,False,0.0,-0.018189515376922594,-205477.1280000005
2022-12-14,2022-12-13,0,0,0,,False,0.0,0.0,0.0,0.0,0.0,0.0,11090982.604000006,False,0.0,-0.018189515376922594,-205477.1280000005
2022-12-15,2022-12-14,0,0,0,,False,0.0,0.0,0.0,0.0,0.0,0.0,11090982.604000006,False,0.0,-0.018189515376922594,-205477.1280000005
2022-12-16,2022-12-15,1,0,1,TX202212,False,4200.0,50.0,57.76800000000001,400.0,507.76800000000003,3692.232,11094674.836000007,False,0.0003329039573705924,-0.017862666781203518,-201784.89599999972
2022-12-19,2022-12-16,0,1,0,,False,-11200.0,50.0,57.612,400.0,507.61199999999997,-11707.612,11082967.224000007,False,-0.0010552460683219966,-0.018899063340634847,-213492.50799999945
2022-12-20,2022-12-19,0,0,0,,False,0.0,0.0,0.0,0.0,0.0,0.0,11082967.224000007,False,0.0,-0.018899063340634847,-213492.50799999945
2022-12-21,2022-12-20,0,0,0,,False,0.0,0.0,0.0,0.0,0.0,0.0,11082967.224000007,False,0.0,-0.018899063340634847,-213492.50799999945
2022-12-22,2022-12-21,0,0,0,,False,0.0,0.0,0.0,0.0,0.0,0.0,11082967.224000007,False,0.0,-0.018899063340634847,-213492.50799999945
2022-12-23,2022-12-22,0,0,0,,False,0.0,0.0,0.0,0.0,0.0,0.0,11082967.224000007,False,0.0,-0.018899063340634847,-213492.50799999945
2022-12-26,2022-12-23,0,0,0,,False,0.0,0.0,0.0,0.0,0.0,0.0,11082967.224000007,False,0.0,-0.018899063340634847,-213492.50799999945
2022-12-27,2022-12-26,0,0,0,,False,0.0,0.0,0.0,0.0,0.0,0.0,11082967.224000007,False,0.0,-0.018899063340634847,-213492.50799999945
2022-12-28,2022-12-27,0,0,0,,False,0.0,0.0,0.0,0.0,0.0,0.0,11082967.224000007,False,0.0,-0.018899063340634847,-213492.50799999945
2022-12-29,2022-12-28,0,0,0,,False,0.0,0.0,0.0,0.0,0.0,0.0,11082967.224000007,False,0.0,-0.018899063340634847,-213492.50799999945
2022-12-30,2022-12-29,0,0,0,,False,0.0,0.0,0.0,0.0,0.0,0.0,11082967.224000007,False,0.0,-0.018899063340634847,-213492.50799999945
2023-01-03,2022-12-30,0,0,0,,False,0.0,0.0,0.0,0.0,0.0,0.0,11082967.224000007,False,0.0,-0.018899063340634847,-213492.50799999945
2023-01-04,2023-01-03,0,0,0,,False,0.0,0.0,0.0,0.0,0.0,0.0,11082967.224000007,False,0.0,-0.018899063340634847,-213492.50799999945
2023-01-05,2023-01-04,0,0,0,,False,0.0,0.0,0.0,0.0,0.0,0.0,11082967.224000007,False,0.0,-0.018899063340634847,-213492.50799999945
2023-01-06,2023-01-05,0,0,0,,False,0.0,0.0,0.0,0.0,0.0,0.0,11082967.224000007,False,0.0,-0.018899063340634847,-213492.50799999945
2023-01-09,2023-01-06,1,0,1,TX202301,False,30200.0,50.0,58.480000000000004,400.0,508.48,29691.52,11112658.744000006,False,0.002679022629941866,-0.016270671729067265,-183800.9879999999
2023-01-10,2023-01-09,1,1,1,TX202301,False,7800.0,0.0,0.0,0.0,0.0,7800.0,11120458.744000006,False,0.0007019022341715846,-0.015580189915733844,-176000.9879999999
2023-01-11,2023-01-10,1,1,1,TX202301,False,-3200.0,0.0,0.0,0.0,0.0,-3200.0,11117258.744000006,False,-0.0002877579130201392,-0.015863464505819325,-179200.9879999999
2023-01-12,2023-01-11,1,1,1,TX202301,False,-4800.0,0.0,0.0,0.0,0.0,-4800.0,11112458.744000006,False,-0.00043176111220678067,-0.016288376390947712,-184000.9879999999
2023-01-13,2023-01-12,1,1,1,TX202301,False,13000.0,0.0,0.0,0.0,0.0,13000.0,11125458.744000006,False,0.0011698581114660282,-0.015137573368725232,-171000.9879999999
2023-01-16,2023-01-13,1,1,1,TX202301,False,20600.0,0.0,0.0,0.0,0.0,20600.0,11146058.744000006,False,0.0018516090413898342,-0.013313993195049556,-150400.9879999999
2023-01-17,2023-01-16,1,1,1,TX202302,True,-2200.0,100.0,119.34,800.0,1019.34,-3219.34,11142839.404000007,False,-0.0002888321400363147,-0.01359897982593894,-153620.32799999975
2023-01-30,2023-01-17,1,1,1,TX202302,False,109600.0,0.0,0.0,0.0,0.0,109600.0,11252439.404000007,False,0.009835913094166671,-0.0038968251155094835,-44020.32799999975
2023-01-31,2023-01-30,1,1,1,TX202302,False,-38000.0,0.0,0.0,0.0,0.0,-38000.0,11214439.404000007,False,-0.003377045513037093,-0.0072607108727752445,-82020.32799999975
2023-02-01,2023-01-31,0,1,0,,False,16400.0,50.0,61.392,400.0,511.392,15888.608,11230328.012000006,False,0.001416799130800314,-0.005854198710828484,-66131.72000000067
2023-02-02,2023-02-01,0,0,0,,False,0.0,0.0,0.0,0.0,0.0,0.0,11230328.012000006,False,0.0,-0.005854198710828484,-66131.72000000067
2023-02-03,2023-02-02,1,0,1,TX202302,False,-400.0,50.0,62.33200000000001,400.0,512.332,-912.332,11229415.680000005,False,-8.123823267006455e-05,-0.005934961358741608,-67044.05200000107
2023-02-06,2023-02-03,0,1,0,,False,-15000.0,50.0,62.008,400.0,512.008,-15512.008,11213903.672000006,False,-0.0013813726770866134,-0.0073081356423676525,-82556.06000000052
2023-02-07,2023-02-06,0,0,0,,False,0.0,0.0,0.0,0.0,0.0,0.0,11213903.672000006,False,0.0,-0.0073081356423676525,-82556.06000000052
2023-02-08,2023-02-07,0,0,0,,False,0.0,0.0,0.0,0.0,0.0,0.0,11213903.672000006,False,0.0,-0.0073081356423676525,-82556.06000000052
2023-02-09,2023-02-08,1,0,1,TX202302,False,10400.0,50.0,62.20400000000001,400.0,512.204,9887.796,11223791.468000006,False,0.0008817443317877642,-0.0064328352177585035,-72668.26400000043
2023-02-10,2023-02-09,0,1,0,,False,-1000.0,50.0,62.376000000000005,400.0,512.376,-1512.376,11222279.092000006,False,-0.00013474733598819205,-0.00656671574633827,-74180.6400000006
2023-02-13,2023-02-10,0,0,0,,False,0.0,0.0,0.0,0.0,0.0,0.0,11222279.092000006,False,0.0,-0.00656671574633827,-74180.6400000006
2023-02-14,2023-02-13,1,0,1,TX202303,True,5600.0,150.0,187.764,1200.0,1537.7640000000001,4062.236,11226341.328000005,False,0.0003619795913733632,-0.006207113172047474,-70118.40400000103
2023-02-15,2023-02-14,0,1,0,,False,-30000.0,50.0,61.97200000000001,400.0,511.972,-30511.972,11195829.356000006,False,-0.0027178909948069223,-0.008908133909860227,-100630.37600000016
2023-02-16,2023-02-15,0,0,0,,False,0.0,0.0,0.0,0.0,0.0,0.0,11195829.356000006,False,0.0,-0.008908133909860227,-100630.37600000016
2023-02-17,2023-02-16,1,0,1,TX202303,False,1000.0,50.0,61.720000000000006,400.0,511.72,488.28,11196317.636000006,False,4.361266901038677e-05,-0.00886490974834564,-100142.09600000083
2023-02-20,2023-02-17,1,1,1,TX202303,False,17800.0,0.0,0.0,0.0,0.0,17800.0,11214117.636000006,False,0.0015898084154710732,-0.007289194840994884,-82342.09600000083
2023-02-21,2023-02-20,1,1,1,TX202303,False,1200.0,0.0,0.0,0.0,0.0,1200.0,11215317.636000006,False,0.000107007973248623,-0.007182966869712759,-81142.09600000083
2023-02-22,2023-02-21,1,1,1,TX202303,False,-30400.0,0.0,0.0,0.0,0.0,-30400.0,11184917.636000006,False,-0.00271057860210924,-0.009874075475525323,-111542.09600000083
2023-02-23,2023-02-22,0,1,0,,False,11800.0,50.0,61.732000000000006,400.0,511.73199999999997,11288.268,11196205.904000005,False,0.0010092401542294196,-0.008874800634751767,-100253.82800000161
2023-02-24,2023-02-23,1,0,1,TX202303,False,-20000.0,50.0,62.57600000000001,400.0,512.576,-20512.576,11175693.328000005,False,-0.0018321006397954498,-0.01069064174662615,-120766.40400000103
2023-03-01,2023-02-24,1,1,1,TX202303,False,400.0,0.0,0.0,0.0,0.0,400.0,11176093.328000005,False,3.579196281252858e-05,-0.01065523242286548,-120366.40400000103
2023-03-02,2023-03-01,1,1,1,TX202303,False,-400.0,0.0,0.0,0.0,0.0,-400.0,11175693.328000005,False,-3.5790681793776785e-05,-0.01069064174662615,-120766.40400000103
2023-03-03,2023-03-02,1,1,1,TX202303,False,15400.0,0.0,0.0,0.0,0.0,15400.0,11191093.328000005,False,0.0013779905682823504,-0.009327382781839533,-105366.40400000103
2023-03-06,2023-03-03,1,1,1,TX202303,False,31000.0,0.0,0.0,0.0,0.0,31000.0,11222093.328000005,False,0.0027700600014154385,-0.0065831601903859616,-74366.40400000103
2023-03-07,2023-03-06,1,1,1,TX202303,False,20000.0,0.0,0.0,0.0,0.0,20000.0,11242093.328000005,False,0.0017821986874853755,-0.004812694002351403,-54366.40400000103
2023-03-08,2023-03-07,1,1,1,TX202303,False,-17800.0,0.0,0.0,0.0,0.0,-17800.0,11224293.328000005,False,-0.001583335014277689,-0.006388408909702159,-72166.40400000103
2023-03-09,2023-03-08,1,1,1,TX202303,False,-3600.0,0.0,0.0,0.0,0.0,-3600.0,11220693.328000005,False,-0.000320732886677104,-0.006707092823548422,-75766.40400000103
2023-03-10,2023-03-09,1,1,1,TX202303,False,-56600.0,0.0,0.0,0.0,0.0,-56600.0,11164093.328000005,False,-0.005044251575681239,-0.011717512135686281,-132366.40400000103
2023-03-13,2023-03-10,0,1,0,,False,-6800.0,50.0,61.792,400.0,511.79200000000003,-7311.792,11156781.536000006,False,-0.0006549382726550418,-0.012364776161183255,-139678.19600000046
2023-03-14,2023-03-13,0,0,0,,False,0.0,0.0,0.0,0.0,0.0,0.0,11156781.536000006,False,0.0,-0.012364776161183255,-139678.19600000046
2023-03-15,2023-03-14,0,0,0,,False,0.0,0.0,0.0,0.0,0.0,0.0,11156781.536000006,False,0.0,-0.012364776161183255,-139678.19600000046
2023-03-16,2023-03-15,0,0,0,,False,0.0,0.0,0.0,0.0,0.0,0.0,11156781.536000006,False,0.0,-0.012364776161183255,-139678.19600000046
2023-03-17,2023-03-16,0,0,0,,False,0.0,0.0,0.0,0.0,0.0,0.0,11156781.536000006,False,0.0,-0.012364776161183255,-139678.19600000046
2023-03-20,2023-03-17,0,0,0,,False,0.0,0.0,0.0,0.0,0.0,0.0,11156781.536000006,False,0.0,-0.012364776161183255,-139678.19600000046
2023-03-21,2023-03-20,0,0,0,,False,0.0,0.0,0.0,0.0,0.0,0.0,11156781.536000006,False,0.0,-0.012364776161183255,-139678.19600000046
2023-03-22,2023-03-21,0,0,0,,False,0.0,0.0,0.0,0.0,0.0,0.0,11156781.536000006,False,0.0,-0.012364776161183255,-139678.19600000046
2023-03-23,2023-03-22,1,0,1,TX202304,False,28400.0,50.0,62.788000000000004,400.0,512.788,27887.212,11184668.748000005,False,0.002499574981370325,-0.009896107864955761,-111790.9840000011
2023-03-24,2023-03-23,1,1,1,TX202304,False,15000.0,0.0,0.0,0.0,0.0,15000.0,11199668.748000005,False,0.0013411215242903137,-0.008568258223929814,-96790.9840000011
2023-03-27,2023-03-24,0,1,0,,False,-11400.0,50.0,63.412000000000006,400.0,513.412,-11913.412,11187755.336000005,False,-0.0010637289609237285,-0.009622872880436173,-108704.39600000158
2023-03-28,2023-03-27,0,0,0,,False,0.0,0.0,0.0,0.0,0.0,0.0,11187755.336000005,False,0.0,-0.009622872880436173,-108704.39600000158
2023-03-29,2023-03-28,0,0,0,,False,0.0,0.0,0.0,0.0,0.0,0.0,11187755.336000005,False,0.0,-0.009622872880436173,-108704.39600000158
2023-03-30,2023-03-29,0,0,0,,False,0.0,0.0,0.0,0.0,0.0,0.0,11187755.336000005,False,0.0,-0.009622872880436173,-108704.39600000158
2023-03-31,2023-03-30,0,0,0,,False,0.0,0.0,0.0,0.0,0.0,0.0,11187755.336000005,False,0.0,-0.009622872880436173,-108704.39600000158
2023-04-06,2023-03-31,0,0,0,,False,0.0,0.0,0.0,0.0,0.0,0.0,11187755.336000005,False,0.0,-0.009622872880436173,-108704.39600000158
2023-04-07,2023-04-06,1,0,1,TX202304,False,-6400.0,50.0,63.40800000000001,400.0,513.408,-6913.408,11180841.928000005,False,-0.0006179441534401462,-0.010234870635840498,-115617.8040000014
2023-04-10,2023-04-07,1,1,1,TX202304,False,6200.0,0.0,0.0,0.0,0.0,6200.0,11187041.928000005,False,0.0005545199583292058,-0.009686026117549762,-109417.8040000014
2023-04-11,2023-04-10,1,1,1,TX202304,False,14400.0,0.0,0.0,0.0,0.0,14400.0,11201441.928000005,False,0.0012872035425163014,-0.008411290462164933,-95017.8040000014
2023-04-12,2023-04-11,1,1,1,TX202304,False,1000.0,0.0,0.0,0.0,0.0,1000.0,11202441.928000005,False,8.927422080369148e-05,-0.008322767152763144,-94017.8040000014
2023-04-13,2023-04-12,1,1,1,TX202304,False,-22000.0,0.0,0.0,0.0,0.0,-22000.0,11180441.928000005,False,-0.001963857535829932,-0.01027027995960117,-116017.8040000014
2023-04-14,2023-04-13,1,1,1,TX202304,False,26200.0,0.0,0.0,0.0,0.0,26200.0,11206641.928000005,False,0.002343377852925957,-0.007950969253275875,-89817.8040000014
2023-04-17,2023-04-14,1,1,1,TX202304,False,4600.0,0.0,0.0,0.0,0.0,4600.0,11211241.928000005,False,0.0004104708644707219,-0.007543762030027934,-85217.8040000014
2023-04-18,2023-04-17,1,1,1,TX202305,True,-16000.0,100.0,127.04400000000001,800.0,1027.044,-17027.044,11194214.884000005,False,-0.0015187473528222657,-0.009051052314236752,-102244.84800000116
2023-04-19,2023-04-18,1,1,1,TX202305,False,-18600.0,0.0,0.0,0.0,0.0,-18600.0,11175614.884000005,False,-0.001661572534808596,-0.010697585869108961,-120844.84800000116
2023-04-20,2023-04-19,0,1,0,,False,-9600.0,50.0,62.912000000000006,400.0,512.912,-10112.912,11165501.972000005,False,-0.0009049087772770817,-0.011592814307037402,-130957.76000000164
2023-04-21,2023-04-20,0,0,0,,False,0.0,0.0,0.0,0.0,0.0,0.0,11165501.972000005,False,0.0,-0.011592814307037402,-130957.76000000164
2023-04-24,2023-04-21,0,0,0,,False,0.0,0.0,0.0,0.0,0.0,0.0,11165501.972000005,False,0.0,-0.011592814307037402,-130957.76000000164
2023-04-25,2023-04-24,0,0,0,,False,0.0,0.0,0.0,0.0,0.0,0.0,11165501.972000005,False,0.0,-0.011592814307037402,-130957.76000000164
2023-04-26,2023-04-25,0,0,0,,False,0.0,0.0,0.0,0.0,0.0,0.0,11165501.972000005,False,0.0,-0.011592814307037402,-130957.76000000164
2023-04-27,2023-04-26,0,0,0,,False,0.0,0.0,0.0,0.0,0.0,0.0,11165501.972000005,False,0.0,-0.011592814307037402,-130957.76000000164
2023-04-28,2023-04-27,0,0,0,,False,0.0,0.0,0.0,0.0,0.0,0.0,11165501.972000005,False,0.0,-0.011592814307037402,-130957.76000000164
2023-05-02,2023-04-28,0,0,0,,False,0.0,0.0,0.0,0.0,0.0,0.0,11165501.972000005,False,0.0,-0.011592814307037402,-130957.76000000164
2023-05-03,2023-05-02,0,0,0,,False,0.0,0.0,0.0,0.0,0.0,0.0,11165501.972000005,False,0.0,-0.011592814307037402,-130957.76000000164
2023-05-04,2023-05-03,0,0,0,,False,0.0,0.0,0.0,0.0,0.0,0.0,11165501.972000005,False,0.0,-0.011592814307037402,-130957.76000000164
2023-05-05,2023-05-04,0,0,0,,False,0.0,0.0,0.0,0.0,0.0,0.0,11165501.972000005,False,0.0,-0.011592814307037402,-130957.76000000164
2023-05-08,2023-05-05,0,0,0,,False,0.0,0.0,0.0,0.0,0.0,0.0,11165501.972000005,False,0.0,-0.011592814307037402,-130957.76000000164
2023-05-09,2023-05-08,1,0,1,TX202305,False,6600.0,50.0,62.83200000000001,400.0,512.832,6087.168,11171589.140000004,False,0.0005451763848383115,-0.011053958050793122,-124870.59200000204
2023-05-10,2023-05-09,1,1,1,TX202305,False,-26000.0,0.0,0.0,0.0,0.0,-26000.0,11145589.140000004,False,-0.0023273322778141472,-0.013355564095238082,-150870.59200000204
2023-05-11,2023-05-10,0,1,0,,False,10200.0,50.0,62.632000000000005,400.0,512.6320000000001,9687.368,11155276.508000005,False,0.0008691660780167604,-0.01249800622048558,-141183.22400000133
2023-05-12,2023-05-11,0,0,0,,False,0.0,0.0,0.0,0.0,0.0,0.0,11155276.508000005,False,0.0,-0.01249800622048558,-141183.22400000133
2023-05-15,2023-05-12,0,0,0,,False,0.0,0.0,0.0,0.0,0.0,0.0,11155276.508000005,False,0.0,-0.01249800622048558,-141183.22400000133
2023-05-16,2023-05-15,0,0,0,,False,0.0,0.0,0.0,0.0,0.0,0.0,11155276.508000005,False,0.0,-0.01249800622048558,-141183.22400000133
2023-05-17,2023-05-16,1,0,1,TX202306,False,43000.0,50.0,62.65200000000001,400.0,512.652,42487.348,11197763.856000004,False,0.0038087220849729905,-0.008736885567822816,-98695.87600000203
2023-05-18,2023-05-17,1,1,1,TX202306,False,38800.0,0.0,0.0,0.0,0.0,38800.0,11236563.856000004,False,0.003464977516846823,-0.005302181163035713,-59895.87600000203
2023-05-19,2023-05-18,1,1,1,TX202306,False,11800.0,0.0,0.0,0.0,0.0,11800.0,11248363.856000004,False,0.0010501430999031913,-0.004257606112095358,-48095.87600000203
2023-05-22,2023-05-19,1,1,1,TX202306,False,-2600.0,0.0,0.0,0.0,0.0,-2600.0,11245763.856000004,False,-0.00023114472764971332,-0.004487766716539832,-50695.87600000203
2023-05-23,2023-05-22,1,1,1,TX202306,False,3400.0,0.0,0.0,0.0,0.0,3400.0,11249163.856000004,False,0.0003023360656987282,-0.0041867874645739045,-47295.87600000203
2023-05-24,2023-05-23,0,1,0,,False,-15600.0,50.0,64.212,400.0,514.212,-16114.212,11233049.644000005,False,-0.00143248086758067,-0.005613270839214923,-63410.088000001386
2023-05-25,2023-05-24,1,0,1,TX202306,False,15000.0,50.0,64.536,400.0,514.5360000000001,14485.464,11247535.108000005,False,0.0012895397473594566,-0.0043309696277153975,-48924.6240000017
2023-05-26,2023-05-25,1,1,1,TX202306,False,45600.0,0.0,0.0,0.0,0.0,45600.0,11293135.108000005,False,0.004054221619416525,-0.0002943067189965509,-3324.6240000016987
2023-05-29,2023-05-26,1,1,1,TX202306,False,27000.0,0.0,0.0,0.0,0.0,27000.0,11320135.108000005,False,0.002390832992060223,0.0,0.0
2023-05-30,2023-05-29,0,1,0,,False,-4000.0,50.0,66.19200000000001,400.0,516.192,-4516.192,11315618.916000005,False,-0.0003989521288317823,-0.00039895212883178655,-4516.191999999806
2023-05-31,2023-05-30,0,0,0,,False,0.0,0.0,0.0,0.0,0.0,0.0,11315618.916000005,False,0.0,-0.00039895212883178655,-4516.191999999806
2023-06-01,2023-05-31,0,0,0,,False,0.0,0.0,0.0,0.0,0.0,0.0,11315618.916000005,False,0.0,-0.00039895212883178655,-4516.191999999806
2023-06-02,2023-06-01,0,0,0,,False,0.0,0.0,0.0,0.0,0.0,0.0,11315618.916000005,False,0.0,-0.00039895212883178655,-4516.191999999806
2023-06-05,2023-06-02,0,0,0,,False,0.0,0.0,0.0,0.0,0.0,0.0,11315618.916000005,False,0.0,-0.00039895212883178655,-4516.191999999806
2023-06-06,2023-06-05,0,0,0,,False,0.0,0.0,0.0,0.0,0.0,0.0,11315618.916000005,False,0.0,-0.00039895212883178655,-4516.191999999806
2023-06-07,2023-06-06,0,0,0,,False,0.0,0.0,0.0,0.0,0.0,0.0,11315618.916000005,False,0.0,-0.00039895212883178655,-4516.191999999806
2023-06-08,2023-06-07,1,0,1,TX202306,False,-26600.0,50.0,67.41600000000001,400.0,517.416,-27117.416,11288501.500000006,False,-0.0023964589300242913,-0.0027944549864642454,-31633.607999999076
2023-06-09,2023-06-08,1,1,1,TX202306,False,33800.0,0.0,0.0,0.0,0.0,33800.0,11322301.500000006,False,0.0029941972368963217,0.0,0.0
2023-06-12,2023-06-09,0,1,0,,False,13200.0,50.0,67.808,400.0,517.808,12682.192,11334983.692000005,False,0.0011201072502794588,0.0,0.0
2023-06-13,2023-06-12,0,0,0,,False,0.0,0.0,0.0,0.0,0.0,0.0,11334983.692000005,False,0.0,0.0,0.0
2023-06-14,2023-06-13,0,0,0,,False,0.0,0.0,0.0,0.0,0.0,0.0,11334983.692000005,False,0.0,0.0,0.0
2023-06-15,2023-06-14,0,0,0,,False,0.0,0.0,0.0,0.0,0.0,0.0,11334983.692000005,False,0.0,0.0,0.0
2023-06-16,2023-06-15,0,0,0,,False,0.0,0.0,0.0,0.0,0.0,0.0,11334983.692000005,False,0.0,0.0,0.0
2023-06-19,2023-06-16,0,0,0,,False,0.0,0.0,0.0,0.0,0.0,0.0,11334983.692000005,False,0.0,0.0,0.0
2023-06-20,2023-06-19,0,0,0,,False,0.0,0.0,0.0,0.0,0.0,0.0,11334983.692000005,False,0.0,0.0,0.0
2023-06-21,2023-06-20,0,0,0,,False,0.0,0.0,0.0,0.0,0.0,0.0,11334983.692000005,False,0.0,0.0,0.0
2023-06-26,2023-06-21,0,0,0,,False,0.0,0.0,0.0,0.0,0.0,0.0,11334983.692000005,False,0.0,0.0,0.0
2023-06-27,2023-06-26,0,0,0,,False,0.0,0.0,0.0,0.0,0.0,0.0,11334983.692000005,False,0.0,0.0,0.0
2023-06-28,2023-06-27,0,0,0,,False,0.0,0.0,0.0,0.0,0.0,0.0,11334983.692000005,False,0.0,0.0,0.0
2023-06-29,2023-06-28,0,0,0,,False,0.0,0.0,0.0,0.0,0.0,0.0,11334983.692000005,False,0.0,0.0,0.0
2023-06-30,2023-06-29,0,0,0,,False,0.0,0.0,0.0,0.0,0.0,0.0,11334983.692000005,False,0.0,0.0,0.0
2023-07-03,2023-06-30,0,0,0,,False,0.0,0.0,0.0,0.0,0.0,0.0,11334983.692000005,False,0.0,0.0,0.0
2023-07-04,2023-07-03,0,0,0,,False,0.0,0.0,0.0,0.0,0.0,0.0,11334983.692000005,False,0.0,0.0,0.0
2023-07-05,2023-07-04,0,0,0,,False,0.0,0.0,0.0,0.0,0.0,0.0,11334983.692000005,False,0.0,0.0,0.0
2023-07-06,2023-07-05,0,0,0,,False,0.0,0.0,0.0,0.0,0.0,0.0,11334983.692000005,False,0.0,0.0,0.0
2023-07-07,2023-07-06,0,0,0,,False,0.0,0.0,0.0,0.0,0.0,0.0,11334983.692000005,False,0.0,0.0,0.0
2023-07-10,2023-07-07,0,0,0,,False,0.0,0.0,0.0,0.0,0.0,0.0,11334983.692000005,False,0.0,0.0,0.0
2023-07-11,2023-07-10,0,0,0,,False,0.0,0.0,0.0,0.0,0.0,0.0,11334983.692000005,False,0.0,0.0,0.0
2023-07-12,2023-07-11,0,0,0,,False,0.0,0.0,0.0,0.0,0.0,0.0,11334983.692000005,False,0.0,0.0,0.0
2023-07-13,2023-07-12,0,0,0,,False,0.0,0.0,0.0,0.0,0.0,0.0,11334983.692000005,False,0.0,0.0,0.0
2023-07-14,2023-07-13,0,0,0,,False,0.0,0.0,0.0,0.0,0.0,0.0,11334983.692000005,False,0.0,0.0,0.0
2023-07-17,2023-07-14,0,0,0,,False,0.0,0.0,0.0,0.0,0.0,0.0,11334983.692000005,False,0.0,0.0,0.0
2023-07-18,2023-07-17,0,0,0,,False,0.0,0.0,0.0,0.0,0.0,0.0,11334983.692000005,False,0.0,0.0,0.0
2023-07-19,2023-07-18,0,0,0,,False,0.0,0.0,0.0,0.0,0.0,0.0,11334983.692000005,False,0.0,0.0,0.0
2023-07-20,2023-07-19,0,0,0,,False,0.0,0.0,0.0,0.0,0.0,0.0,11334983.692000005,False,0.0,0.0,0.0
2023-07-21,2023-07-20,0,0,0,,False,0.0,0.0,0.0,0.0,0.0,0.0,11334983.692000005,False,0.0,0.0,0.0
2023-07-24,2023-07-21,0,0,0,,False,0.0,0.0,0.0,0.0,0.0,0.0,11334983.692000005,False,0.0,0.0,0.0
2023-07-25,2023-07-24,0,0,0,,False,0.0,0.0,0.0,0.0,0.0,0.0,11334983.692000005,False,0.0,0.0,0.0
2023-07-26,2023-07-25,1,0,1,TX202308,False,-20800.0,50.0,68.83200000000001,400.0,518.832,-21318.832,11313664.860000005,False,-0.001880799529958423,-0.0018807995299584546,-21318.832000000402
2023-07-27,2023-07-26,0,1,0,,False,16200.0,50.0,68.724,400.0,518.724,15681.276,11329346.136000006,False,0.0013860474208885125,-0.00049735898640757,-5637.555999999866
2023-07-28,2023-07-27,1,0,1,TX202308,False,21400.0,50.0,68.628,400.0,518.628,20881.372,11350227.508000005,False,0.0018431224317215962,0.0,0.0
2023-07-31,2023-07-28,1,1,1,TX202308,False,-32400.0,0.0,0.0,0.0,0.0,-32400.0,11317827.508000005,False,-0.0028545683315302217,-0.002854568331530194,-32400.0
2023-08-01,2023-07-31,0,1,0,,False,12000.0,50.0,68.632,400.0,518.6320000000001,11481.368,11329308.876000006,False,0.0010144498130833322,-0.0018430143347571981,-20918.631999999285
2023-08-02,2023-08-01,0,0,0,,False,0.0,0.0,0.0,0.0,0.0,0.0,11329308.876000006,False,0.0,-0.0018430143347571981,-20918.631999999285
2023-08-04,2023-08-02,0,0,0,,False,0.0,0.0,0.0,0.0,0.0,0.0,11329308.876000006,False,0.0,-0.0018430143347571981,-20918.631999999285
2023-08-07,2023-08-04,0,0,0,,False,0.0,0.0,0.0,0.0,0.0,0.0,11329308.876000006,False,0.0,-0.0018430143347571981,-20918.631999999285
2023-08-08,2023-08-07,0,0,0,,False,0.0,0.0,0.0,0.0,0.0,0.0,11329308.876000006,False,0.0,-0.0018430143347571981,-20918.631999999285
2023-08-09,2023-08-08,0,0,0,,False,0.0,0.0,0.0,0.0,0.0,0.0,11329308.876000006,False,0.0,-0.0018430143347571981,-20918.631999999285
2023-08-10,2023-08-09,0,0,0,,False,0.0,0.0,0.0,0.0,0.0,0.0,11329308.876000006,False,0.0,-0.0018430143347571981,-20918.631999999285
2023-08-11,2023-08-10,0,0,0,,False,0.0,0.0,0.0,0.0,0.0,0.0,11329308.876000006,False,0.0,-0.0018430143347571981,-20918.631999999285
2023-08-14,2023-08-11,0,0,0,,False,0.0,0.0,0.0,0.0,0.0,0.0,11329308.876000006,False,0.0,-0.0018430143347571981,-20918.631999999285
2023-08-15,2023-08-14,0,0,0,,False,0.0,0.0,0.0,0.0,0.0,0.0,11329308.876000006,False,0.0,-0.0018430143347571981,-20918.631999999285
2023-08-16,2023-08-15,0,0,0,,False,0.0,0.0,0.0,0.0,0.0,0.0,11329308.876000006,False,0.0,-0.0018430143347571981,-20918.631999999285
2023-08-17,2023-08-16,0,0,0,,False,0.0,0.0,0.0,0.0,0.0,0.0,11329308.876000006,False,0.0,-0.0018430143347571981,-20918.631999999285
2023-08-18,2023-08-17,0,0,0,,False,0.0,0.0,0.0,0.0,0.0,0.0,11329308.876000006,False,0.0,-0.0018430143347571981,-20918.631999999285
2023-08-21,2023-08-18,0,0,0,,False,0.0,0.0,0.0,0.0,0.0,0.0,11329308.876000006,False,0.0,-0.0018430143347571981,-20918.631999999285
2023-08-22,2023-08-21,0,0,0,,False,0.0,0.0,0.0,0.0,0.0,0.0,11329308.876000006,False,0.0,-0.0018430143347571981,-20918.631999999285
2023-08-23,2023-08-22,0,0,0,,False,0.0,0.0,0.0,0.0,0.0,0.0,11329308.876000006,False,0.0,-0.0018430143347571981,-20918.631999999285
2023-08-24,2023-08-23,0,0,0,,False,0.0,0.0,0.0,0.0,0.0,0.0,11329308.876000006,False,0.0,-0.0018430143347571981,-20918.631999999285
2023-08-25,2023-08-24,1,0,1,TX202309,False,-25600.0,50.0,66.20400000000001,400.0,516.204,-26116.204,11303192.672000006,False,-0.0023051895120738157,-0.004143955349515949,-47034.835999999195
2023-08-28,2023-08-25,0,1,0,,False,9400.0,50.0,65.864,400.0,515.864,8884.136,11312076.808000006,False,0.0007859846556457952,-0.003361227779188569,-38150.699999999255
2023-08-29,2023-08-28,0,0,0,,False,0.0,0.0,0.0,0.0,0.0,0.0,11312076.808000006,False,0.0,-0.003361227779188569,-38150.699999999255
2023-08-30,2023-08-29,1,0,1,TX202309,False,-2800.0,50.0,66.96000000000001,400.0,516.96,-3316.96,11308759.848000005,False,-0.00029322290294689433,-0.003653465093168662,-41467.66000000015
2023-08-31,2023-08-30,1,1,1,TX202309,False,-19200.0,0.0,0.0,0.0,0.0,-19200.0,11289559.848000005,False,-0.001697798897320787,-0.00534506114148281,-60667.66000000015
2023-09-01,2023-08-31,1,1,1,TX202309,False,4600.0,0.0,0.0,0.0,0.0,4600.0,11294159.848000005,False,0.00040745609766309094,-0.004939782921574154,-56067.66000000015
2023-09-04,2023-09-01,1,1,1,TX202309,False,26200.0,0.0,0.0,0.0,0.0,26200.0,11320359.848000005,False,0.0023197829987008332,-0.0026314591473121096,-29867.66000000015
2023-09-05,2023-09-04,1,1,1,TX202309,False,-5600.0,0.0,0.0,0.0,0.0,-5600.0,11314759.848000005,False,-0.0004946839212880115,-0.003124841328070449,-35467.66000000015
2023-09-06,2023-09-05,1,1,1,TX202309,False,-8600.0,0.0,0.0,0.0,0.0,-8600.0,11306159.848000005,False,-0.0007600691588270992,-0.0038825353913778393,-44067.66000000015
2023-09-07,2023-09-06,1,1,1,TX202309,False,-29400.0,0.0,0.0,0.0,0.0,-29400.0,11276759.848000005,False,-0.002600352409240056,-0.006472791840358982,-73467.66000000015
2023-09-08,2023-09-07,1,1,1,TX202309,False,-200.0,0.0,0.0,0.0,0.0,-200.0,11276559.848000005,False,-1.773559095837898e-05,-0.006490412632528919,-73667.66000000015
2023-09-11,2023-09-08,1,1,1,TX202309,False,-27200.0,0.0,0.0,0.0,0.0,-27200.0,11249359.848000005,False,-0.002412083150059648,-0.008886840367640647,-100867.66000000015
2023-09-12,2023-09-11,0,1,0,,False,6400.0,50.0,65.828,400.0,515.828,5884.172,11255244.020000005,False,0.0005230672748944138,-0.008368421508119783,-94983.4879999999
2023-09-13,2023-09-12,1,0,1,TX202309,False,1400.0,50.0,66.28800000000001,400.0,516.288,883.712,11256127.732000005,False,7.851557890967873e-05,-0.008290562980669436,-94099.77600000054
2023-09-14,2023-09-13,1,1,1,TX202309,False,52200.0,0.0,0.0,0.0,0.0,52200.0,11308327.732000005,False,0.0046374740268450235,-0.003691536224315173,-41899.77600000054
2023-09-15,2023-09-14,1,1,1,TX202309,False,13600.0,0.0,0.0,0.0,0.0,13600.0,11321927.732000005,False,0.0012026535065405898,-0.0024933223567592533,-28299.776000000536
2023-09-18,2023-09-15,1,1,1,TX202309,False,-39400.0,0.0,0.0,0.0,0.0,-39400.0,11282527.732000005,False,-0.003479972751339938,-0.005964618414237344,-67699.77600000054
2023-09-19,2023-09-18,1,1,1,TX202310,True,-20000.0,100.0,132.93600000000004,800.0,1032.9360000000001,-21032.936,11261494.796000004,False,-0.0018642042368170262,-0.007817703384135677,-88732.71200000122
2023-09-20,2023-09-19,0,1,0,,False,-1000.0,50.0,66.47200000000001,400.0,516.472,-1516.472,11259978.324000005,False,-0.0001346599210380703,-0.007951310573853232,-90249.18400000036
2023-09-21,2023-09-20,0,0,0,,False,0.0,0.0,0.0,0.0,0.0,0.0,11259978.324000005,False,0.0,-0.007951310573853232,-90249.18400000036
2023-09-22,2023-09-21,0,0,0,,False,0.0,0.0,0.0,0.0,0.0,0.0,11259978.324000005,False,0.0,-0.007951310573853232,-90249.18400000036
2023-09-25,2023-09-22,0,0,0,,False,0.0,0.0,0.0,0.0,0.0,0.0,11259978.324000005,False,0.0,-0.007951310573853232,-90249.18400000036
2023-09-26,2023-09-25,0,0,0,,False,0.0,0.0,0.0,0.0,0.0,0.0,11259978.324000005,False,0.0,-0.007951310573853232,-90249.18400000036
2023-09-27,2023-09-26,0,0,0,,False,0.0,0.0,0.0,0.0,0.0,0.0,11259978.324000005,False,0.0,-0.007951310573853232,-90249.18400000036
2023-09-28,2023-09-27,0,0,0,,False,0.0,0.0,0.0,0.0,0.0,0.0,11259978.324000005,False,0.0,-0.007951310573853232,-90249.18400000036
2023-10-02,2023-09-28,0,0,0,,False,0.0,0.0,0.0,0.0,0.0,0.0,11259978.324000005,False,0.0,-0.007951310573853232,-90249.18400000036
2023-10-03,2023-10-02,0,0,0,,False,0.0,0.0,0.0,0.0,0.0,0.0,11259978.324000005,False,0.0,-0.007951310573853232,-90249.18400000036
2023-10-04,2023-10-03,0,0,0,,False,0.0,0.0,0.0,0.0,0.0,0.0,11259978.324000005,False,0.0,-0.007951310573853232,-90249.18400000036
2023-10-05,2023-10-04,0,0,0,,False,0.0,0.0,0.0,0.0,0.0,0.0,11259978.324000005,False,0.0,-0.007951310573853232,-90249.18400000036
2023-10-06,2023-10-05,0,0,0,,False,0.0,0.0,0.0,0.0,0.0,0.0,11259978.324000005,False,0.0,-0.007951310573853232,-90249.18400000036
2023-10-11,2023-10-06,1,0,1,TX202310,False,-22400.0,50.0,67.32400000000001,400.0,517.3240000000001,-22917.324,11237061.000000006,False,-0.002035290241292297,-0.009970417590329017,-113166.50799999945
2023-10-12,2023-10-11,1,1,1,TX202310,False,26200.0,0.0,0.0,0.0,0.0,26200.0,11263261.000000006,False,0.002331570505846679,-0.007662093816066862,-86966.50799999945
2023-10-13,2023-10-12,1,1,1,TX202310,False,-15600.0,0.0,0.0,0.0,0.0,-15600.0,11247661.000000006,False,-0.0013850340500854942,-0.00903651560532226,-102566.50799999945
2023-10-16,2023-10-13,1,1,1,TX202310,False,-24400.0,0.0,0.0,0.0,0.0,-24400.0,11223261.000000006,False,-0.002169339918761775,-0.011186252250054873,-126966.50799999945
2023-10-17,2023-10-16,1,1,1,TX202311,True,400.0,100.0,133.288,800.0,1033.288,-633.288,11222627.712000005,False,-5.642638088876305e-05,-0.011242047431213487,-127599.79600000009
2023-10-18,2023-10-17,1,1,1,TX202311,False,-40800.0,0.0,0.0,0.0,0.0,-40800.0,11181827.712000005,False,-0.003635512203293872,-0.014836689033881134,-168399.7960000001
2023-10-19,2023-10-18,0,1,0,,False,-20600.0,50.0,65.45200000000001,400.0,515.452,-21115.452,11160712.260000005,False,-0.001888372146651797,-0.016697043990212768,-189515.24799999967
2023-10-20,2023-10-19,0,0,0,,False,0.0,0.0,0.0,0.0,0.0,0.0,11160712.260000005,False,0.0,-0.016697043990212768,-189515.24799999967
2023-10-23,2023-10-20,0,0,0,,False,0.0,0.0,0.0,0.0,0.0,0.0,11160712.260000005,False,0.0,-0.016697043990212768,-189515.24799999967
2023-10-24,2023-10-23,0,0,0,,False,0.0,0.0,0.0,0.0,0.0,0.0,11160712.260000005,False,0.0,-0.016697043990212768,-189515.24799999967
2023-10-25,2023-10-24,0,0,0,,False,0.0,0.0,0.0,0.0,0.0,0.0,11160712.260000005,False,0.0,-0.016697043990212768,-189515.24799999967
2023-10-26,2023-10-25,0,0,0,,False,0.0,0.0,0.0,0.0,0.0,0.0,11160712.260000005,False,0.0,-0.016697043990212768,-189515.24799999967
2023-10-27,2023-10-26,0,0,0,,False,0.0,0.0,0.0,0.0,0.0,0.0,11160712.260000005,False,0.0,-0.016697043990212768,-189515.24799999967
2023-10-30,2023-10-27,0,0,0,,False,0.0,0.0,0.0,0.0,0.0,0.0,11160712.260000005,False,0.0,-0.016697043990212768,-189515.24799999967
2023-10-31,2023-10-30,0,0,0,,False,0.0,0.0,0.0,0.0,0.0,0.0,11160712.260000005,False,0.0,-0.016697043990212768,-189515.24799999967
2023-11-01,2023-10-31,0,0,0,,False,0.0,0.0,0.0,0.0,0.0,0.0,11160712.260000005,False,0.0,-0.016697043990212768,-189515.24799999967
2023-11-02,2023-11-01,0,0,0,,False,0.0,0.0,0.0,0.0,0.0,0.0,11160712.260000005,False,0.0,-0.016697043990212768,-189515.24799999967
2023-11-03,2023-11-02,0,0,0,,False,0.0,0.0,0.0,0.0,0.0,0.0,11160712.260000005,False,0.0,-0.016697043990212768,-189515.24799999967
2023-11-06,2023-11-03,1,0,1,TX202311,False,-2000.0,50.0,66.72800000000001,400.0,516.7280000000001,-2516.728,11158195.532000005,False,-0.00022549886972894674,-0.016918777695394183,-192031.9759999998
2023-11-07,2023-11-06,1,1,1,TX202311,False,7800.0,0.0,0.0,0.0,0.0,7800.0,11165995.532000005,False,0.0006990377590741073,-0.01623156680076654,-184231.9759999998
2023-11-08,2023-11-07,1,1,1,TX202311,False,8000.0,0.0,0.0,0.0,0.0,8000.0,11173995.532000005,False,0.0007164609709070047,-0.015526735113968959,-176231.9759999998
2023-11-09,2023-11-08,1,1,1,TX202311,False,2800.0,0.0,0.0,0.0,0.0,2800.0,11176795.532000005,False,0.0002505818077321922,-0.015280044023589734,-173431.9759999998
2023-11-10,2023-11-09,1,1,1,TX202311,False,-5400.0,0.0,0.0,0.0,0.0,-5400.0,11171395.532000005,False,-0.00048314384785329517,-0.015755805412178137,-178831.9759999998
2023-11-13,2023-11-10,1,1,1,TX202311,False,28000.0,0.0,0.0,0.0,0.0,28000.0,11199395.532000005,False,0.002506401274558326,-0.01328889450838655,-150831.9759999998
2023-11-14,2023-11-13,1,1,1,TX202312,True,14600.0,100.0,135.668,800.0,1035.6680000000001,13564.332,11212959.864000006,False,0.001211166438513817,-0.0120938231329063,-137267.6439999994
2023-11-15,2023-11-14,1,1,1,TX202312,False,38800.0,0.0,0.0,0.0,0.0,38800.0,11251759.864000006,False,0.0034602817160320105,-0.00867538945193802,-98467.64399999939
2023-11-16,2023-11-15,1,1,1,TX202312,False,4800.0,0.0,0.0,0.0,0.0,4800.0,11256559.864000006,False,0.00042659993263432464,-0.008252490439859428,-93667.64399999939
2023-11-17,2023-11-16,1,1,1,TX202312,False,7200.0,0.0,0.0,0.0,0.0,7200.0,11263759.864000006,False,0.000639627034101828,-0.007618141921741595,-86467.64399999939
2023-11-20,2023-11-17,1,1,1,TX202312,False,-4400.0,0.0,0.0,0.0,0.0,-4400.0,11259359.864000006,False,-0.00039063332786974604,-0.008005799349480314,-90867.64399999939
2023-11-21,2023-11-20,1,1,1,TX202312,False,43000.0,0.0,0.0,0.0,0.0,43000.0,11302359.864000006,False,0.0038190448230974116,-0.004217329032943251,-47867.64399999939
2023-11-22,2023-11-21,1,1,1,TX202312,False,-26200.0,0.0,0.0,0.0,0.0,-26200.0,11276159.864000006,False,-0.002318099964543828,-0.0065256528072052955,-74067.64399999939
2023-11-23,2023-11-22,1,1,1,TX202312,False,4600.0,0.0,0.0,0.0,0.0,4600.0,11280759.864000006,False,0.000407940296650622,-0.006120374587296751,-69467.64399999939
2023-11-24,2023-11-23,1,1,1,TX202312,False,-2800.0,0.0,0.0,0.0,0.0,-2800.0,11277959.864000006,False,-0.00024821022996292713,-0.006367065677675865,-72267.64399999939
2023-11-27,2023-11-24,1,1,1,TX202312,False,-24000.0,0.0,0.0,0.0,0.0,-24000.0,11253959.864000006,False,-0.0021280444592296863,-0.008481560738068605,-96267.64399999939
2023-11-28,2023-11-27,1,1,1,TX202312,False,38200.0,0.0,0.0,0.0,0.0,38200.0,11292159.864000006,False,0.003394360781594483,-0.005115989433610135,-58067.64399999939
2023-11-29,2023-11-28,1,1,1,TX202312,False,-6000.0,0.0,0.0,0.0,0.0,-6000.0,11286159.864000006,False,-0.000531342105696565,-0.005644613198708348,-64067.64399999939
2023-11-30,2023-11-29,1,1,1,TX202312,False,11800.0,0.0,0.0,0.0,0.0,11800.0,11297959.864000006,False,0.0010455283411002368,-0.004604986460681859,-52267.64399999939
2023-12-01,2023-11-30,1,1,1,TX202312,False,5600.0,0.0,0.0,0.0,0.0,5600.0,11303559.864000006,False,0.0004956647100370685,-0.004111604279923631,-46667.64399999939
2023-12-04,2023-12-01,1,1,1,TX202312,False,-400.0,0.0,0.0,0.0,0.0,-400.0,11303159.864000006,False,-3.53870820177575e-05,-0.004146845864263504,-47067.64399999939
2023-12-05,2023-12-04,0,1,0,,False,-26800.0,50.0,69.132,400.0,519.1320000000001,-27319.132,11275840.732000006,False,-0.0024169464405267823,-0.0065537696004391854,-74386.77599999867
2023-12-06,2023-12-05,0,0,0,,False,0.0,0.0,0.0,0.0,0.0,0.0,11275840.732000006,False,0.0,-0.0065537696004391854,-74386.77599999867
2023-12-07,2023-12-06,0,0,0,,False,0.0,0.0,0.0,0.0,0.0,0.0,11275840.732000006,False,0.0,-0.0065537696004391854,-74386.77599999867
2023-12-08,2023-12-07,0,0,0,,False,0.0,0.0,0.0,0.0,0.0,0.0,11275840.732000006,False,0.0,-0.0065537696004391854,-74386.77599999867
2023-12-11,2023-12-08,0,0,0,,False,0.0,0.0,0.0,0.0,0.0,0.0,11275840.732000006,False,0.0,-0.0065537696004391854,-74386.77599999867
2023-12-12,2023-12-11,0,0,0,,False,0.0,0.0,0.0,0.0,0.0,0.0,11275840.732000006,False,0.0,-0.0065537696004391854,-74386.77599999867
2023-12-13,2023-12-12,0,0,0,,False,0.0,0.0,0.0,0.0,0.0,0.0,11275840.732000006,False,0.0,-0.0065537696004391854,-74386.77599999867
2023-12-14,2023-12-13,0,0,0,,False,0.0,0.0,0.0,0.0,0.0,0.0,11275840.732000006,False,0.0,-0.0065537696004391854,-74386.77599999867
2023-12-15,2023-12-14,0,0,0,,False,0.0,0.0,0.0,0.0,0.0,0.0,11275840.732000006,False,0.0,-0.0065537696004391854,-74386.77599999867
2023-12-18,2023-12-15,0,0,0,,False,0.0,0.0,0.0,0.0,0.0,0.0,11275840.732000006,False,0.0,-0.0065537696004391854,-74386.77599999867
2023-12-19,2023-12-18,0,0,0,,False,0.0,0.0,0.0,0.0,0.0,0.0,11275840.732000006,False,0.0,-0.0065537696004391854,-74386.77599999867
2023-12-20,2023-12-19,0,0,0,,False,0.0,0.0,0.0,0.0,0.0,0.0,11275840.732000006,False,0.0,-0.0065537696004391854,-74386.77599999867
2023-12-21,2023-12-20,0,0,0,,False,0.0,0.0,0.0,0.0,0.0,0.0,11275840.732000006,False,0.0,-0.0065537696004391854,-74386.77599999867
2023-12-22,2023-12-21,0,0,0,,False,0.0,0.0,0.0,0.0,0.0,0.0,11275840.732000006,False,0.0,-0.0065537696004391854,-74386.77599999867
2023-12-25,2023-12-22,0,0,0,,False,0.0,0.0,0.0,0.0,0.0,0.0,11275840.732000006,False,0.0,-0.0065537696004391854,-74386.77599999867
2023-12-26,2023-12-25,0,0,0,,False,0.0,0.0,0.0,0.0,0.0,0.0,11275840.732000006,False,0.0,-0.0065537696004391854,-74386.77599999867
2023-12-27,2023-12-26,0,0,0,,False,0.0,0.0,0.0,0.0,0.0,0.0,11275840.732000006,False,0.0,-0.0065537696004391854,-74386.77599999867
2023-12-28,2023-12-27,1,0,1,TX202401,False,3000.0,50.0,71.408,400.0,521.408,2478.592,11278319.324000007,False,0.0002198143853669322,-0.006335395827908763,-71908.1839999985
2023-12-29,2023-12-28,0,1,0,,False,-2400.0,50.0,71.40400000000001,400.0,521.404,-2921.404,11275397.920000007,False,-0.00025902831051992993,-0.006592783091550869,-74829.58799999766
2024-01-02,2023-12-29,0,0,0,,False,0.0,0.0,0.0,0.0,0.0,0.0,11275397.920000007,False,0.0,-0.006592783091550869,-74829.58799999766
2024-01-03,2024-01-02,0,0,0,,False,0.0,0.0,0.0,0.0,0.0,0.0,11275397.920000007,False,0.0,-0.006592783091550869,-74829.58799999766
2024-01-04,2024-01-03,0,0,0,,False,0.0,0.0,0.0,0.0,0.0,0.0,11275397.920000007,False,0.0,-0.006592783091550869,-74829.58799999766
2024-01-05,2024-01-04,0,0,0,,False,0.0,0.0,0.0,0.0,0.0,0.0,11275397.920000007,False,0.0,-0.006592783091550869,-74829.58799999766
2024-01-08,2024-01-05,0,0,0,,False,0.0,0.0,0.0,0.0,0.0,0.0,11275397.920000007,False,0.0,-0.006592783091550869,-74829.58799999766
2024-01-09,2024-01-08,0,0,0,,False,0.0,0.0,0.0,0.0,0.0,0.0,11275397.920000007,False,0.0,-0.006592783091550869,-74829.58799999766
2024-01-10,2024-01-09,0,0,0,,False,0.0,0.0,0.0,0.0,0.0,0.0,11275397.920000007,False,0.0,-0.006592783091550869,-74829.58799999766
2024-01-11,2024-01-10,0,0,0,,False,0.0,0.0,0.0,0.0,0.0,0.0,11275397.920000007,False,0.0,-0.006592783091550869,-74829.58799999766
2024-01-12,2024-01-11,0,0,0,,False,0.0,0.0,0.0,0.0,0.0,0.0,11275397.920000007,False,0.0,-0.006592783091550869,-74829.58799999766
2024-01-15,2024-01-12,0,0,0,,False,0.0,0.0,0.0,0.0,0.0,0.0,11275397.920000007,False,0.0,-0.006592783091550869,-74829.58799999766
2024-01-16,2024-01-15,0,0,0,,False,0.0,0.0,0.0,0.0,0.0,0.0,11275397.920000007,False,0.0,-0.006592783091550869,-74829.58799999766
2024-01-17,2024-01-16,0,0,0,,False,0.0,0.0,0.0,0.0,0.0,0.0,11275397.920000007,False,0.0,-0.006592783091550869,-74829.58799999766
2024-01-18,2024-01-17,0,0,0,,False,0.0,0.0,0.0,0.0,0.0,0.0,11275397.920000007,False,0.0,-0.006592783091550869,-74829.58799999766
2024-01-19,2024-01-18,0,0,0,,False,0.0,0.0,0.0,0.0,0.0,0.0,11275397.920000007,False,0.0,-0.006592783091550869,-74829.58799999766
2024-01-22,2024-01-19,1,0,1,TX202402,False,200.0,50.0,71.272,400.0,521.272,-321.272,11275076.648000007,False,-2.849318509904968e-05,-0.006621088427260946,-75150.85999999754
2024-01-23,2024-01-22,1,1,1,TX202402,False,10600.0,0.0,0.0,0.0,0.0,10600.0,11285676.648000007,False,0.0009401266466672088,-0.0056871864422540774,-64550.85999999754
2024-01-24,2024-01-23,1,1,1,TX202402,False,6600.0,0.0,0.0,0.0,0.0,6600.0,11292276.648000007,False,0.000584812076923152,-0.005105700300646165,-57950.85999999754
2024-01-25,2024-01-24,1,1,1,TX202402,False,18400.0,0.0,0.0,0.0,0.0,18400.0,11310676.648000007,False,0.0016294322724779199,-0.0034845874210116534,-39550.85999999754
2024-01-26,2024-01-25,1,1,1,TX202402,False,800.0,0.0,0.0,0.0,0.0,800.0,11311476.648000007,False,7.07296322666477e-05,-0.0034141042523319065,-38750.85999999754
2024-01-29,2024-01-26,1,1,1,TX202402,False,25200.0,0.0,0.0,0.0,0.0,25200.0,11336676.648000007,False,0.002227825843096766,-0.0011938844389195458,-13550.859999997541
2024-01-30,2024-01-29,1,1,1,TX202402,False,-8800.0,0.0,0.0,0.0,0.0,-8800.0,11327876.648000007,False,-0.0007762415982423277,-0.001969199294396873,-22350.85999999754
2024-01-31,2024-01-30,1,1,1,TX202402,False,-32200.0,0.0,0.0,0.0,0.0,-32200.0,11295676.648000007,False,-0.002842545077120439,-0.00480614683375713,-54550.85999999754
2024-02-01,2024-01-31,1,1,1,TX202402,False,13200.0,0.0,0.0,0.0,0.0,13200.0,11308876.648000007,False,0.0011685886920583168,-0.003643174550541084,-41350.85999999754
2024-02-02,2024-02-01,1,1,1,TX202402,False,19600.0,0.0,0.0,0.0,0.0,19600.0,11328476.648000007,False,0.0017331518072103377,-0.0019163369178870626,-21750.85999999754
2024-02-05,2024-02-02,0,1,0,,False,-15200.0,50.0,72.024,400.0,522.024,-15722.024,11312754.624000007,False,-0.001387832140941532,-0.0033015095048610776,-37472.88399999775
2024-02-15,2024-02-05,0,0,0,,False,0.0,0.0,0.0,0.0,0.0,0.0,11312754.624000007,False,0.0,-0.0033015095048610776,-37472.88399999775
2024-02-16,2024-02-15,1,0,1,TX202402,False,-9800.0,50.0,74.74000000000001,400.0,524.74,-10324.74,11302429.884000007,False,-0.0009126636564799227,-0.004211159993604441,-47797.62399999797
2024-02-19,2024-02-16,1,1,1,TX202402,False,7400.0,0.0,0.0,0.0,0.0,7400.0,11309829.884000007,False,0.0006547264681973934,-0.003559190683316671,-40397.62399999797
2024-02-20,2024-02-19,1,1,1,TX202403,True,16400.0,100.0,150.06,800.0,1050.06,15349.94,11325179.824000007,False,0.0013572211215763315,-0.002206800170511447,-25047.683999998495
2024-02-21,2024-02-20,1,1,1,TX202403,False,-14000.0,0.0,0.0,0.0,0.0,-14000.0,11311179.824000007,False,-0.0012361834617699923,-0.00344025562240724,-39047.683999998495
2024-02-22,2024-02-21,1,1,1,TX202403,False,39400.0,0.0,0.0,0.0,0.0,39400.0,11350579.824000007,False,0.00348327942911855,0.0,0.0
2024-02-23,2024-02-22,1,1,1,TX202403,False,4800.0,0.0,0.0,0.0,0.0,4800.0,11355379.824000007,False,0.0004228858855166796,0.0,0.0
2024-02-26,2024-02-23,1,1,1,TX202403,False,10000.0,0.0,0.0,0.0,0.0,10000.0,11365379.824000007,False,0.0008806398513297317,0.0,0.0
2024-02-27,2024-02-26,1,1,1,TX202403,False,-19200.0,0.0,0.0,0.0,0.0,-19200.0,11346179.824000007,False,-0.0016893408137100539,-0.001689340813710083,-19200.0
2024-02-29,2024-02-27,0,1,0,,False,-11800.0,50.0,75.224,400.0,525.224,-12325.224,11333854.600000007,False,-0.0010862884416770013,-0.0027737941439870406,-31525.223999999464
2024-03-01,2024-02-29,1,0,1,TX202403,False,-1400.0,50.0,75.88000000000001,400.0,525.88,-1925.88,11331928.720000006,False,-0.00016992277278729152,-0.002943245585982246,-33451.10400000028
2024-03-04,2024-03-01,0,1,0,,False,36600.0,50.0,76.56800000000001,400.0,526.568,36073.432,11368002.152000006,False,0.0031833444148243796,0.0,0.0
2024-03-05,2024-03-04,0,0,0,,False,0.0,0.0,0.0,0.0,0.0,0.0,11368002.152000006,False,0.0,0.0,0.0
2024-03-06,2024-03-05,0,0,0,,False,0.0,0.0,0.0,0.0,0.0,0.0,11368002.152000006,False,0.0,0.0,0.0
2024-03-07,2024-03-06,0,0,0,,False,0.0,0.0,0.0,0.0,0.0,0.0,11368002.152000006,False,0.0,0.0,0.0
2024-03-08,2024-03-07,0,0,0,,False,0.0,0.0,0.0,0.0,0.0,0.0,11368002.152000006,False,0.0,0.0,0.0
2024-03-11,2024-03-08,0,0,0,,False,0.0,0.0,0.0,0.0,0.0,0.0,11368002.152000006,False,0.0,0.0,0.0
2024-03-12,2024-03-11,0,0,0,,False,0.0,0.0,0.0,0.0,0.0,0.0,11368002.152000006,False,0.0,0.0,0.0
2024-03-13,2024-03-12,0,0,0,,False,0.0,0.0,0.0,0.0,0.0,0.0,11368002.152000006,False,0.0,0.0,0.0
2024-03-14,2024-03-13,0,0,0,,False,0.0,0.0,0.0,0.0,0.0,0.0,11368002.152000006,False,0.0,0.0,0.0
2024-03-15,2024-03-14,0,0,0,,False,0.0,0.0,0.0,0.0,0.0,0.0,11368002.152000006,False,0.0,0.0,0.0
2024-03-18,2024-03-15,0,0,0,,False,0.0,0.0,0.0,0.0,0.0,0.0,11368002.152000006,False,0.0,0.0,0.0
2024-03-19,2024-03-18,0,0,0,,False,0.0,0.0,0.0,0.0,0.0,0.0,11368002.152000006,False,0.0,0.0,0.0
2024-03-20,2024-03-19,0,0,0,,False,0.0,0.0,0.0,0.0,0.0,0.0,11368002.152000006,False,0.0,0.0,0.0
2024-03-21,2024-03-20,0,0,0,,False,0.0,0.0,0.0,0.0,0.0,0.0,11368002.152000006,False,0.0,0.0,0.0
2024-03-22,2024-03-21,1,0,1,TX202404,False,3200.0,50.0,80.912,400.0,530.912,2669.088,11370671.240000006,False,0.00023478954035300033,0.0,0.0
2024-03-25,2024-03-22,0,1,0,,False,2800.0,50.0,81.016,400.0,531.0160000000001,2268.984,11372940.224000005,False,0.0001995470585780474,0.0,0.0
2024-03-26,2024-03-25,0,0,0,,False,0.0,0.0,0.0,0.0,0.0,0.0,11372940.224000005,False,0.0,0.0,0.0
2024-03-27,2024-03-26,0,0,0,,False,0.0,0.0,0.0,0.0,0.0,0.0,11372940.224000005,False,0.0,0.0,0.0
2024-03-28,2024-03-27,0,0,0,,False,0.0,0.0,0.0,0.0,0.0,0.0,11372940.224000005,False,0.0,0.0,0.0
2024-03-29,2024-03-28,0,0,0,,False,0.0,0.0,0.0,0.0,0.0,0.0,11372940.224000005,False,0.0,0.0,0.0
2024-04-01,2024-03-29,1,0,1,TX202404,False,-21000.0,50.0,81.58000000000001,400.0,531.58,-21531.58,11351408.644000005,False,-0.0018932289782515955,-0.0018932289782516154,-21531.580000000075
2024-04-02,2024-04-01,0,1,0,,False,12400.0,50.0,81.39200000000001,400.0,531.392,11868.608,11363277.252000004,False,0.0010455625704456838,-0.000849645897162965,-9662.972000000998
2024-04-03,2024-04-02,1,0,1,TX202404,False,-4200.0,50.0,81.48800000000001,400.0,531.488,-4731.488,11358545.764000004,False,-0.00041638410249712337,-0.0012656762206156857,-14394.460000000894
2024-04-08,2024-04-03,0,1,0,,False,11000.0,50.0,81.608,400.0,531.608,10468.392,11369014.156000005,False,0.0009216313617521994,-0.00034521134576215307,-3926.06799999997
2024-04-09,2024-04-08,0,0,0,,False,0.0,0.0,0.0,0.0,0.0,0.0,11369014.156000005,False,0.0,-0.00034521134576215307,-3926.06799999997
2024-04-10,2024-04-09,1,0,1,TX202404,False,5800.0,50.0,83.296,400.0,533.296,5266.704,11374280.860000005,False,0.0004632507205754945,0.0,0.0
2024-04-11,2024-04-10,1,1,1,TX202404,False,-19600.0,0.0,0.0,0.0,0.0,-19600.0,11354680.860000005,False,-0.0017231858647809046,-0.0017231858647809295,-19600.0
2024-04-12,2024-04-11,0,1,0,,False,-1600.0,50.0,82.97200000000001,400.0,532.972,-2132.9719999999998,11352547.888000006,False,-0.00018784957730639369,-0.0019107117423509123,-21732.971999999136
2024-04-15,2024-04-12,0,0,0,,False,0.0,0.0,0.0,0.0,0.0,0.0,11352547.888000006,False,0.0,-0.0019107117423509123,-21732.971999999136
2024-04-16,2024-04-15,0,0,0,,False,0.0,0.0,0.0,0.0,0.0,0.0,11352547.888000006,False,0.0,-0.0019107117423509123,-21732.971999999136
2024-04-17,2024-04-16,0,0,0,,False,0.0,0.0,0.0,0.0,0.0,0.0,11352547.888000006,False,0.0,-0.0019107117423509123,-21732.971999999136
2024-04-18,2024-04-17,0,0,0,,False,0.0,0.0,0.0,0.0,0.0,0.0,11352547.888000006,False,0.0,-0.0019107117423509123,-21732.971999999136
2024-04-19,2024-04-18,0,0,0,,False,0.0,0.0,0.0,0.0,0.0,0.0,11352547.888000006,False,0.0,-0.0019107117423509123,-21732.971999999136
2024-04-22,2024-04-19,0,0,0,,False,0.0,0.0,0.0,0.0,0.0,0.0,11352547.888000006,False,0.0,-0.0019107117423509123,-21732.971999999136
2024-04-23,2024-04-22,0,0,0,,False,0.0,0.0,0.0,0.0,0.0,0.0,11352547.888000006,False,0.0,-0.0019107117423509123,-21732.971999999136
2024-04-24,2024-04-23,0,0,0,,False,0.0,0.0,0.0,0.0,0.0,0.0,11352547.888000006,False,0.0,-0.0019107117423509123,-21732.971999999136
2024-04-25,2024-04-24,0,0,0,,False,0.0,0.0,0.0,0.0,0.0,0.0,11352547.888000006,False,0.0,-0.0019107117423509123,-21732.971999999136
2024-04-26,2024-04-25,0,0,0,,False,0.0,0.0,0.0,0.0,0.0,0.0,11352547.888000006,False,0.0,-0.0019107117423509123,-21732.971999999136
2024-04-29,2024-04-26,0,0,0,,False,0.0,0.0,0.0,0.0,0.0,0.0,11352547.888000006,False,0.0,-0.0019107117423509123,-21732.971999999136
2024-04-30,2024-04-29,1,0,1,TX202405,False,-21000.0,50.0,82.08000000000001,400.0,532.08,-21532.08,11331015.808000006,False,-0.001896673787455244,-0.003803761532929051,-43265.05199999921
2024-05-02,2024-04-30,0,1,0,,False,-32600.0,50.0,80.992,400.0,530.992,-33130.992,11297884.816000005,False,-0.0029239207288554495,-0.0067165603645907845,-76396.04399999976
2024-05-03,2024-05-02,0,0,0,,False,0.0,0.0,0.0,0.0,0.0,0.0,11297884.816000005,False,0.0,-0.0067165603645907845,-76396.04399999976
2024-05-06,2024-05-03,0,0,0,,False,0.0,0.0,0.0,0.0,0.0,0.0,11297884.816000005,False,0.0,-0.0067165603645907845,-76396.04399999976
2024-05-07,2024-05-06,1,0,1,TX202405,False,-16600.0,50.0,82.94000000000001,400.0,532.94,-17132.94,11280751.876000006,False,-0.001516473240702226,-0.00822284812123053,-93528.98399999924
2024-05-08,2024-05-07,0,1,0,,False,-6400.0,50.0,82.46400000000001,400.0,532.4639999999999,-6932.464,11273819.412000006,False,-0.0006145391793209225,-0.008832334038215262,-100461.44799999893
2024-05-09,2024-05-08,0,0,0,,False,0.0,0.0,0.0,0.0,0.0,0.0,11273819.412000006,False,0.0,-0.008832334038215262,-100461.44799999893
2024-05-10,2024-05-09,0,0,0,,False,0.0,0.0,0.0,0.0,0.0,0.0,11273819.412000006,False,0.0,-0.008832334038215262,-100461.44799999893
2024-05-13,2024-05-10,1,0,1,TX202405,False,-11800.0,50.0,83.77600000000001,400.0,533.7760000000001,-12333.776,11261485.636000006,False,-0.001094019298098013,-0.009916690592428279,-112795.22399999946
2024-05-14,2024-05-13,1,1,1,TX202406,True,26000.0,100.0,168.108,800.0,1068.108,24931.892,11286417.528000006,False,0.002213907898643435,-0.007724737333415721,-87863.33199999854
2024-05-15,2024-05-14,1,1,1,TX202406,False,46600.0,0.0,0.0,0.0,0.0,46600.0,11333017.528000006,False,0.004128856644226743,-0.003627775022252977,-41263.33199999854
2024-05-16,2024-05-15,1,1,1,TX202406,False,24600.0,0.0,0.0,0.0,0.0,24600.0,11357617.528000006,False,0.002170648720803777,-0.0014650009266606867,-16663.33199999854
2024-05-17,2024-05-16,1,1,1,TX202406,False,-6800.0,0.0,0.0,0.0,0.0,-6800.0,11350817.528000006,False,-0.0005987171150319085,-0.0020628409205641907,-23463.33199999854
2024-05-20,2024-05-17,0,1,0,,False,19800.0,50.0,85.73200000000001,400.0,535.732,19264.268,11370081.796000006,False,0.0016971700895093437,-0.0003691718229648089,-4199.063999999315
2024-05-21,2024-05-20,1,0,1,TX202406,False,-9400.0,50.0,85.304,400.0,535.304,-9935.304,11360146.492000006,False,-0.0008738111280338581,-0.0012426603645515621,-14134.367999998853
2024-05-22,2024-05-21,0,1,0,,False,3200.0,50.0,85.164,400.0,535.164,2664.836,11362811.328000005,False,0.00023457760882543364,-0.0010083742560230702,-11469.531999999657
2024-05-23,2024-05-22,1,0,1,TX202406,False,-5200.0,50.0,86.528,400.0,536.528,-5736.528,11357074.800000004,False,-0.0005048511177743633,-0.0015127162949272188,-17206.06000000052
2024-05-24,2024-05-23,0,1,0,,False,-31200.0,50.0,85.784,400.0,535.784,-31735.784,11325339.016000004,False,-0.0027943625060917964,-0.004302851723322121,-48941.84400000051
2024-05-27,2024-05-24,1,0,1,TX202406,False,41000.0,50.0,86.688,400.0,536.688,40463.312,11365802.328000005,False,0.0035728124290879933,-0.0007454125763516339,-8478.531999999657
2024-05-28,2024-05-27,0,1,0,,False,3400.0,50.0,87.56,400.0,537.56,2862.44,11368664.768000005,False,0.00025184671679079714,-0.00049375358927084,-5616.092000000179
2024-05-29,2024-05-28,0,0,0,,False,0.0,0.0,0.0,0.0,0.0,0.0,11368664.768000005,False,0.0,-0.00049375358927084,-5616.092000000179
2024-05-30,2024-05-29,0,0,0,,False,0.0,0.0,0.0,0.0,0.0,0.0,11368664.768000005,False,0.0,-0.00049375358927084,-5616.092000000179
2024-05-31,2024-05-30,0,0,0,,False,0.0,0.0,0.0,0.0,0.0,0.0,11368664.768000005,False,0.0,-0.00049375358927084,-5616.092000000179
2024-06-03,2024-05-31,0,0,0,,False,0.0,0.0,0.0,0.0,0.0,0.0,11368664.768000005,False,0.0,-0.00049375358927084,-5616.092000000179
2024-06-04,2024-06-03,0,0,0,,False,0.0,0.0,0.0,0.0,0.0,0.0,11368664.768000005,False,0.0,-0.00049375358927084,-5616.092000000179
2024-06-05,2024-06-04,0,0,0,,False,0.0,0.0,0.0,0.0,0.0,0.0,11368664.768000005,False,0.0,-0.00049375358927084,-5616.092000000179
2024-06-06,2024-06-05,0,0,0,,False,0.0,0.0,0.0,0.0,0.0,0.0,11368664.768000005,False,0.0,-0.00049375358927084,-5616.092000000179
2024-06-07,2024-06-06,0,0,0,,False,0.0,0.0,0.0,0.0,0.0,0.0,11368664.768000005,False,0.0,-0.00049375358927084,-5616.092000000179
2024-06-11,2024-06-07,0,0,0,,False,0.0,0.0,0.0,0.0,0.0,0.0,11368664.768000005,False,0.0,-0.00049375358927084,-5616.092000000179
2024-06-12,2024-06-11,0,0,0,,False,0.0,0.0,0.0,0.0,0.0,0.0,11368664.768000005,False,0.0,-0.00049375358927084,-5616.092000000179
2024-06-13,2024-06-12,0,0,0,,False,0.0,0.0,0.0,0.0,0.0,0.0,11368664.768000005,False,0.0,-0.00049375358927084,-5616.092000000179
2024-06-14,2024-06-13,0,0,0,,False,0.0,0.0,0.0,0.0,0.0,0.0,11368664.768000005,False,0.0,-0.00049375358927084,-5616.092000000179
2024-06-17,2024-06-14,0,0,0,,False,0.0,0.0,0.0,0.0,0.0,0.0,11368664.768000005,False,0.0,-0.00049375358927084,-5616.092000000179
2024-06-18,2024-06-17,0,0,0,,False,0.0,0.0,0.0,0.0,0.0,0.0,11368664.768000005,False,0.0,-0.00049375358927084,-5616.092000000179
2024-06-19,2024-06-18,0,0,0,,False,0.0,0.0,0.0,0.0,0.0,0.0,11368664.768000005,False,0.0,-0.00049375358927084,-5616.092000000179
2024-06-20,2024-06-19,0,0,0,,False,0.0,0.0,0.0,0.0,0.0,0.0,11368664.768000005,False,0.0,-0.00049375358927084,-5616.092000000179
2024-06-21,2024-06-20,0,0,0,,False,0.0,0.0,0.0,0.0,0.0,0.0,11368664.768000005,False,0.0,-0.00049375358927084,-5616.092000000179
2024-06-24,2024-06-21,0,0,0,,False,0.0,0.0,0.0,0.0,0.0,0.0,11368664.768000005,False,0.0,-0.00049375358927084,-5616.092000000179
2024-06-25,2024-06-24,0,0,0,,False,0.0,0.0,0.0,0.0,0.0,0.0,11368664.768000005,False,0.0,-0.00049375358927084,-5616.092000000179
2024-06-26,2024-06-25,0,0,0,,False,0.0,0.0,0.0,0.0,0.0,0.0,11368664.768000005,False,0.0,-0.00049375358927084,-5616.092000000179
2024-06-27,2024-06-26,0,0,0,,False,0.0,0.0,0.0,0.0,0.0,0.0,11368664.768000005,False,0.0,-0.00049375358927084,-5616.092000000179
2024-06-28,2024-06-27,0,0,0,,False,0.0,0.0,0.0,0.0,0.0,0.0,11368664.768000005,False,0.0,-0.00049375358927084,-5616.092000000179
2024-07-01,2024-06-28,0,0,0,,False,0.0,0.0,0.0,0.0,0.0,0.0,11368664.768000005,False,0.0,-0.00049375358927084,-5616.092000000179
2024-07-02,2024-07-01,0,0,0,,False,0.0,0.0,0.0,0.0,0.0,0.0,11368664.768000005,False,0.0,-0.00049375358927084,-5616.092000000179
2024-07-03,2024-07-02,0,0,0,,False,0.0,0.0,0.0,0.0,0.0,0.0,11368664.768000005,False,0.0,-0.00049375358927084,-5616.092000000179
2024-07-04,2024-07-03,0,0,0,,False,0.0,0.0,0.0,0.0,0.0,0.0,11368664.768000005,False,0.0,-0.00049375358927084,-5616.092000000179
2024-07-05,2024-07-04,0,0,0,,False,0.0,0.0,0.0,0.0,0.0,0.0,11368664.768000005,False,0.0,-0.00049375358927084,-5616.092000000179
2024-07-08,2024-07-05,0,0,0,,False,0.0,0.0,0.0,0.0,0.0,0.0,11368664.768000005,False,0.0,-0.00049375358927084,-5616.092000000179
2024-07-09,2024-07-08,0,0,0,,False,0.0,0.0,0.0,0.0,0.0,0.0,11368664.768000005,False,0.0,-0.00049375358927084,-5616.092000000179
2024-07-10,2024-07-09,0,0,0,,False,0.0,0.0,0.0,0.0,0.0,0.0,11368664.768000005,False,0.0,-0.00049375358927084,-5616.092000000179
2024-07-11,2024-07-10,0,0,0,,False,0.0,0.0,0.0,0.0,0.0,0.0,11368664.768000005,False,0.0,-0.00049375358927084,-5616.092000000179
2024-07-12,2024-07-11,0,0,0,,False,0.0,0.0,0.0,0.0,0.0,0.0,11368664.768000005,False,0.0,-0.00049375358927084,-5616.092000000179
2024-07-15,2024-07-12,0,0,0,,False,0.0,0.0,0.0,0.0,0.0,0.0,11368664.768000005,False,0.0,-0.00049375358927084,-5616.092000000179
2024-07-16,2024-07-15,0,0,0,,False,0.0,0.0,0.0,0.0,0.0,0.0,11368664.768000005,False,0.0,-0.00049375358927084,-5616.092000000179
2024-07-17,2024-07-16,0,0,0,,False,0.0,0.0,0.0,0.0,0.0,0.0,11368664.768000005,False,0.0,-0.00049375358927084,-5616.092000000179
2024-07-18,2024-07-17,0,0,0,,False,0.0,0.0,0.0,0.0,0.0,0.0,11368664.768000005,False,0.0,-0.00049375358927084,-5616.092000000179
2024-07-19,2024-07-18,0,0,0,,False,0.0,0.0,0.0,0.0,0.0,0.0,11368664.768000005,False,0.0,-0.00049375358927084,-5616.092000000179
2024-07-22,2024-07-19,0,0,0,,False,0.0,0.0,0.0,0.0,0.0,0.0,11368664.768000005,False,0.0,-0.00049375358927084,-5616.092000000179
2024-07-23,2024-07-22,0,0,0,,False,0.0,0.0,0.0,0.0,0.0,0.0,11368664.768000005,False,0.0,-0.00049375358927084,-5616.092000000179
2024-07-26,2024-07-23,0,0,0,,False,0.0,0.0,0.0,0.0,0.0,0.0,11368664.768000005,False,0.0,-0.00049375358927084,-5616.092000000179
2024-07-29,2024-07-26,0,0,0,,False,0.0,0.0,0.0,0.0,0.0,0.0,11368664.768000005,False,0.0,-0.00049375358927084,-5616.092000000179
2024-07-30,2024-07-29,0,0,0,,False,0.0,0.0,0.0,0.0,0.0,0.0,11368664.768000005,False,0.0,-0.00049375358927084,-5616.092000000179
2024-07-31,2024-07-30,0,0,0,,False,0.0,0.0,0.0,0.0,0.0,0.0,11368664.768000005,False,0.0,-0.00049375358927084,-5616.092000000179
2024-08-01,2024-07-31,0,0,0,,False,0.0,0.0,0.0,0.0,0.0,0.0,11368664.768000005,False,0.0,-0.00049375358927084,-5616.092000000179
2024-08-02,2024-08-01,0,0,0,,False,0.0,0.0,0.0,0.0,0.0,0.0,11368664.768000005,False,0.0,-0.00049375358927084,-5616.092000000179
2024-08-05,2024-08-02,0,0,0,,False,0.0,0.0,0.0,0.0,0.0,0.0,11368664.768000005,False,0.0,-0.00049375358927084,-5616.092000000179
2024-08-06,2024-08-05,0,0,0,,False,0.0,0.0,0.0,0.0,0.0,0.0,11368664.768000005,False,0.0,-0.00049375358927084,-5616.092000000179
2024-08-07,2024-08-06,0,0,0,,False,0.0,0.0,0.0,0.0,0.0,0.0,11368664.768000005,False,0.0,-0.00049375358927084,-5616.092000000179
2024-08-08,2024-08-07,0,0,0,,False,0.0,0.0,0.0,0.0,0.0,0.0,11368664.768000005,False,0.0,-0.00049375358927084,-5616.092000000179
2024-08-09,2024-08-08,0,0,0,,False,0.0,0.0,0.0,0.0,0.0,0.0,11368664.768000005,False,0.0,-0.00049375358927084,-5616.092000000179
2024-08-12,2024-08-09,0,0,0,,False,0.0,0.0,0.0,0.0,0.0,0.0,11368664.768000005,False,0.0,-0.00049375358927084,-5616.092000000179
2024-08-13,2024-08-12,0,0,0,,False,0.0,0.0,0.0,0.0,0.0,0.0,11368664.768000005,False,0.0,-0.00049375358927084,-5616.092000000179
2024-08-14,2024-08-13,0,0,0,,False,0.0,0.0,0.0,0.0,0.0,0.0,11368664.768000005,False,0.0,-0.00049375358927084,-5616.092000000179
2024-08-15,2024-08-14,0,0,0,,False,0.0,0.0,0.0,0.0,0.0,0.0,11368664.768000005,False,0.0,-0.00049375358927084,-5616.092000000179
2024-08-16,2024-08-15,0,0,0,,False,0.0,0.0,0.0,0.0,0.0,0.0,11368664.768000005,False,0.0,-0.00049375358927084,-5616.092000000179
2024-08-19,2024-08-16,0,0,0,,False,0.0,0.0,0.0,0.0,0.0,0.0,11368664.768000005,False,0.0,-0.00049375358927084,-5616.092000000179
2024-08-20,2024-08-19,1,0,1,TX202409,True,-23800.0,150.0,269.584,1200.0,1619.584,-25419.584,11343245.184000004,False,-0.0022359339921386263,-0.0027285835809756076,-31035.67600000091
2024-08-21,2024-08-20,0,1,0,,False,-24200.0,50.0,89.12,400.0,539.12,-24739.12,11318506.064000005,False,-0.002180956119585186,-0.004903588779501922,-55774.79600000009
2024-08-22,2024-08-21,0,0,0,,False,0.0,0.0,0.0,0.0,0.0,0.0,11318506.064000005,False,0.0,-0.004903588779501922,-55774.79600000009
2024-08-23,2024-08-22,0,0,0,,False,0.0,0.0,0.0,0.0,0.0,0.0,11318506.064000005,False,0.0,-0.004903588779501922,-55774.79600000009
2024-08-26,2024-08-23,1,0,1,TX202409,False,-4800.0,50.0,88.92800000000001,400.0,538.928,-5338.928,11313167.136000006,False,-0.0004716990007171672,-0.005372974762291816,-61113.72399999946
2024-08-27,2024-08-26,0,1,0,,False,-18800.0,50.0,88.44000000000001,400.0,538.44,-19338.44,11293828.696000006,False,-0.0017093745515756153,-0.007073164887542505,-80452.16399999894
2024-08-28,2024-08-27,1,0,1,TX202409,False,44000.0,50.0,88.73200000000001,400.0,538.732,43461.268,11337289.964000005,False,0.0038482315581245623,-0.003252152505754058,-36990.89599999972
2024-08-29,2024-08-28,1,1,1,TX202409,False,-45000.0,0.0,0.0,0.0,0.0,-45000.0,11292289.964000005,False,-0.003969202529254458,-0.007208446583057193,-81990.89599999972
2024-08-30,2024-08-29,1,1,1,TX202409,False,29400.0,0.0,0.0,0.0,0.0,29400.0,11321689.964000005,False,0.0026035463217582663,-0.004623667785885854,-52590.89599999972
2024-09-02,2024-08-30,0,1,0,,False,-1000.0,50.0,89.26400000000001,400.0,539.264,-1539.2640000000001,11320150.700000005,False,-0.00013595708811091405,-0.004758996253588221,-54130.16000000015
2024-09-03,2024-09-02,0,0,0,,False,0.0,0.0,0.0,0.0,0.0,0.0,11320150.700000005,False,0.0,-0.004758996253588221,-54130.16000000015
2024-09-04,2024-09-03,0,0,0,,False,0.0,0.0,0.0,0.0,0.0,0.0,11320150.700000005,False,0.0,-0.004758996253588221,-54130.16000000015
2024-09-05,2024-09-04,0,0,0,,False,0.0,0.0,0.0,0.0,0.0,0.0,11320150.700000005,False,0.0,-0.004758996253588221,-54130.16000000015
2024-09-06,2024-09-05,0,0,0,,False,0.0,0.0,0.0,0.0,0.0,0.0,11320150.700000005,False,0.0,-0.004758996253588221,-54130.16000000015
2024-09-09,2024-09-06,0,0,0,,False,0.0,0.0,0.0,0.0,0.0,0.0,11320150.700000005,False,0.0,-0.004758996253588221,-54130.16000000015
2024-09-10,2024-09-09,0,0,0,,False,0.0,0.0,0.0,0.0,0.0,0.0,11320150.700000005,False,0.0,-0.004758996253588221,-54130.16000000015
2024-09-11,2024-09-10,0,0,0,,False,0.0,0.0,0.0,0.0,0.0,0.0,11320150.700000005,False,0.0,-0.004758996253588221,-54130.16000000015
2024-09-12,2024-09-11,0,0,0,,False,0.0,0.0,0.0,0.0,0.0,0.0,11320150.700000005,False,0.0,-0.004758996253588221,-54130.16000000015
2024-09-13,2024-09-12,0,0,0,,False,0.0,0.0,0.0,0.0,0.0,0.0,11320150.700000005,False,0.0,-0.004758996253588221,-54130.16000000015
2024-09-16,2024-09-13,0,0,0,,False,0.0,0.0,0.0,0.0,0.0,0.0,11320150.700000005,False,0.0,-0.004758996253588221,-54130.16000000015
2024-09-18,2024-09-16,0,0,0,,False,0.0,0.0,0.0,0.0,0.0,0.0,11320150.700000005,False,0.0,-0.004758996253588221,-54130.16000000015
2024-09-19,2024-09-18,0,0,0,,False,0.0,0.0,0.0,0.0,0.0,0.0,11320150.700000005,False,0.0,-0.004758996253588221,-54130.16000000015
2024-09-20,2024-09-19,1,0,1,TX202410,False,-25000.0,50.0,89.388,400.0,539.388,-25539.388,11294611.312000005,False,-0.0022560996471539894,-0.007004359130973747,-79669.54800000042
2024-09-23,2024-09-20,0,1,0,,False,14200.0,50.0,89.156,400.0,539.156,13660.844,11308272.156000005,False,0.0012095010286441625,-0.005803329881903352,-66008.70399999991
2024-09-24,2024-09-23,0,0,0,,False,0.0,0.0,0.0,0.0,0.0,0.0,11308272.156000005,False,0.0,-0.005803329881903352,-66008.70399999991
2024-09-25,2024-09-24,0,0,0,,False,0.0,0.0,0.0,0.0,0.0,0.0,11308272.156000005,False,0.0,-0.005803329881903352,-66008.70399999991
2024-09-26,2024-09-25,0,0,0,,False,0.0,0.0,0.0,0.0,0.0,0.0,11308272.156000005,False,0.0,-0.005803329881903352,-66008.70399999991
2024-09-27,2024-09-26,0,0,0,,False,0.0,0.0,0.0,0.0,0.0,0.0,11308272.156000005,False,0.0,-0.005803329881903352,-66008.70399999991
2024-09-30,2024-09-27,0,0,0,,False,0.0,0.0,0.0,0.0,0.0,0.0,11308272.156000005,False,0.0,-0.005803329881903352,-66008.70399999991
2024-10-01,2024-09-30,0,0,0,,False,0.0,0.0,0.0,0.0,0.0,0.0,11308272.156000005,False,0.0,-0.005803329881903352,-66008.70399999991
2024-10-04,2024-10-01,0,0,0,,False,0.0,0.0,0.0,0.0,0.0,0.0,11308272.156000005,False,0.0,-0.005803329881903352,-66008.70399999991
2024-10-07,2024-10-04,0,0,0,,False,0.0,0.0,0.0,0.0,0.0,0.0,11308272.156000005,False,0.0,-0.005803329881903352,-66008.70399999991
2024-10-08,2024-10-07,0,0,0,,False,0.0,0.0,0.0,0.0,0.0,0.0,11308272.156000005,False,0.0,-0.005803329881903352,-66008.70399999991
2024-10-09,2024-10-08,0,0,0,,False,0.0,0.0,0.0,0.0,0.0,0.0,11308272.156000005,False,0.0,-0.005803329881903352,-66008.70399999991
2024-10-11,2024-10-09,0,0,0,,False,0.0,0.0,0.0,0.0,0.0,0.0,11308272.156000005,False,0.0,-0.005803329881903352,-66008.70399999991
2024-10-14,2024-10-11,0,0,0,,False,0.0,0.0,0.0,0.0,0.0,0.0,11308272.156000005,False,0.0,-0.005803329881903352,-66008.70399999991
2024-10-15,2024-10-14,0,0,0,,False,0.0,0.0,0.0,0.0,0.0,0.0,11308272.156000005,False,0.0,-0.005803329881903352,-66008.70399999991
2024-10-16,2024-10-15,0,0,0,,False,0.0,0.0,0.0,0.0,0.0,0.0,11308272.156000005,False,0.0,-0.005803329881903352,-66008.70399999991
2024-10-17,2024-10-16,0,0,0,,False,0.0,0.0,0.0,0.0,0.0,0.0,11308272.156000005,False,0.0,-0.005803329881903352,-66008.70399999991
2024-10-18,2024-10-17,0,0,0,,False,0.0,0.0,0.0,0.0,0.0,0.0,11308272.156000005,False,0.0,-0.005803329881903352,-66008.70399999991
2024-10-21,2024-10-18,0,0,0,,False,0.0,0.0,0.0,0.0,0.0,0.0,11308272.156000005,False,0.0,-0.005803329881903352,-66008.70399999991
2024-10-22,2024-10-21,0,0,0,,False,0.0,0.0,0.0,0.0,0.0,0.0,11308272.156000005,False,0.0,-0.005803329881903352,-66008.70399999991
2024-10-23,2024-10-22,0,0,0,,False,0.0,0.0,0.0,0.0,0.0,0.0,11308272.156000005,False,0.0,-0.005803329881903352,-66008.70399999991
2024-10-24,2024-10-23,0,0,0,,False,0.0,0.0,0.0,0.0,0.0,0.0,11308272.156000005,False,0.0,-0.005803329881903352,-66008.70399999991
2024-10-25,2024-10-24,0,0,0,,False,0.0,0.0,0.0,0.0,0.0,0.0,11308272.156000005,False,0.0,-0.005803329881903352,-66008.70399999991
2024-10-28,2024-10-25,0,0,0,,False,0.0,0.0,0.0,0.0,0.0,0.0,11308272.156000005,False,0.0,-0.005803329881903352,-66008.70399999991
2024-10-29,2024-10-28,0,0,0,,False,0.0,0.0,0.0,0.0,0.0,0.0,11308272.156000005,False,0.0,-0.005803329881903352,-66008.70399999991
2024-10-30,2024-10-29,0,0,0,,False,0.0,0.0,0.0,0.0,0.0,0.0,11308272.156000005,False,0.0,-0.005803329881903352,-66008.70399999991
2024-11-01,2024-10-30,0,0,0,,False,0.0,0.0,0.0,0.0,0.0,0.0,11308272.156000005,False,0.0,-0.005803329881903352,-66008.70399999991
2024-11-04,2024-11-01,0,0,0,,False,0.0,0.0,0.0,0.0,0.0,0.0,11308272.156000005,False,0.0,-0.005803329881903352,-66008.70399999991
2024-11-05,2024-11-04,0,0,0,,False,0.0,0.0,0.0,0.0,0.0,0.0,11308272.156000005,False,0.0,-0.005803329881903352,-66008.70399999991
2024-11-06,2024-11-05,0,0,0,,False,0.0,0.0,0.0,0.0,0.0,0.0,11308272.156000005,False,0.0,-0.005803329881903352,-66008.70399999991
2024-11-07,2024-11-06,0,0,0,,False,0.0,0.0,0.0,0.0,0.0,0.0,11308272.156000005,False,0.0,-0.005803329881903352,-66008.70399999991
2024-11-08,2024-11-07,0,0,0,,False,0.0,0.0,0.0,0.0,0.0,0.0,11308272.156000005,False,0.0,-0.005803329881903352,-66008.70399999991
2024-11-11,2024-11-08,0,0,0,,False,0.0,0.0,0.0,0.0,0.0,0.0,11308272.156000005,False,0.0,-0.005803329881903352,-66008.70399999991
2024-11-12,2024-11-11,0,0,0,,False,0.0,0.0,0.0,0.0,0.0,0.0,11308272.156000005,False,0.0,-0.005803329881903352,-66008.70399999991
2024-11-13,2024-11-12,0,0,0,,False,0.0,0.0,0.0,0.0,0.0,0.0,11308272.156000005,False,0.0,-0.005803329881903352,-66008.70399999991
2024-11-14,2024-11-13,0,0,0,,False,0.0,0.0,0.0,0.0,0.0,0.0,11308272.156000005,False,0.0,-0.005803329881903352,-66008.70399999991
2024-11-15,2024-11-14,0,0,0,,False,0.0,0.0,0.0,0.0,0.0,0.0,11308272.156000005,False,0.0,-0.005803329881903352,-66008.70399999991
2024-11-18,2024-11-15,0,0,0,,False,0.0,0.0,0.0,0.0,0.0,0.0,11308272.156000005,False,0.0,-0.005803329881903352,-66008.70399999991
2024-11-19,2024-11-18,0,0,0,,False,0.0,0.0,0.0,0.0,0.0,0.0,11308272.156000005,False,0.0,-0.005803329881903352,-66008.70399999991
2024-11-20,2024-11-19,0,0,0,,False,0.0,0.0,0.0,0.0,0.0,0.0,11308272.156000005,False,0.0,-0.005803329881903352,-66008.70399999991
2024-11-21,2024-11-20,0,0,0,,False,0.0,0.0,0.0,0.0,0.0,0.0,11308272.156000005,False,0.0,-0.005803329881903352,-66008.70399999991
2024-11-22,2024-11-21,0,0,0,,False,0.0,0.0,0.0,0.0,0.0,0.0,11308272.156000005,False,0.0,-0.005803329881903352,-66008.70399999991
2024-11-25,2024-11-22,0,0,0,,False,0.0,0.0,0.0,0.0,0.0,0.0,11308272.156000005,False,0.0,-0.005803329881903352,-66008.70399999991
2024-11-26,2024-11-25,0,0,0,,False,0.0,0.0,0.0,0.0,0.0,0.0,11308272.156000005,False,0.0,-0.005803329881903352,-66008.70399999991
2024-11-27,2024-11-26,0,0,0,,False,0.0,0.0,0.0,0.0,0.0,0.0,11308272.156000005,False,0.0,-0.005803329881903352,-66008.70399999991
2024-11-28,2024-11-27,0,0,0,,False,0.0,0.0,0.0,0.0,0.0,0.0,11308272.156000005,False,0.0,-0.005803329881903352,-66008.70399999991
2024-11-29,2024-11-28,0,0,0,,False,0.0,0.0,0.0,0.0,0.0,0.0,11308272.156000005,False,0.0,-0.005803329881903352,-66008.70399999991
2024-12-02,2024-11-29,0,0,0,,False,0.0,0.0,0.0,0.0,0.0,0.0,11308272.156000005,False,0.0,-0.005803329881903352,-66008.70399999991
2024-12-03,2024-12-02,0,0,0,,False,0.0,0.0,0.0,0.0,0.0,0.0,11308272.156000005,False,0.0,-0.005803329881903352,-66008.70399999991
2024-12-04,2024-12-03,0,0,0,,False,0.0,0.0,0.0,0.0,0.0,0.0,11308272.156000005,False,0.0,-0.005803329881903352,-66008.70399999991
2024-12-05,2024-12-04,1,0,1,TX202412,False,-1800.0,50.0,93.048,400.0,543.048,-2343.048,11305929.108000005,False,-0.00020719770161852822,-0.006009325146908662,-68351.75200000033
2024-12-06,2024-12-05,1,1,1,TX202412,False,-14400.0,0.0,0.0,0.0,0.0,-14400.0,11291529.108000005,False,-0.0012736679898170112,-0.007275339251645696,-82751.75200000033
2024-12-09,2024-12-06,1,1,1,TX202412,False,14000.0,0.0,0.0,0.0,0.0,14000.0,11305529.108000005,False,0.0012398675029833695,-0.006044492205373619,-68751.75200000033
2024-12-10,2024-12-09,1,1,1,TX202412,False,-31800.0,0.0,0.0,0.0,0.0,-31800.0,11273729.108000005,False,-0.002812782992836463,-0.008840273353334482,-100551.75200000033
2024-12-11,2024-12-10,1,1,1,TX202412,False,-48400.0,0.0,0.0,0.0,0.0,-48400.0,11225329.108000005,False,-0.004293166842695789,-0.01309548742758937,-148951.75200000033
2024-12-12,2024-12-11,0,1,0,,False,31200.0,50.0,92.00800000000001,400.0,542.008,30657.992,11255987.100000005,False,0.0027311441566689417,-0.010400108934886965,-118293.75999999978
2024-12-13,2024-12-12,1,0,1,TX202412,False,-2000.0,50.0,91.992,400.0,541.992,-2541.992,11253445.108000005,False,-0.00022583465825045225,-0.010623594888090393,-120835.75200000033
2024-12-16,2024-12-13,0,1,0,,False,46800.0,50.0,92.87200000000001,400.0,542.8720000000001,46257.128,11299702.236000005,False,0.004110485949508572,-0.006556777076102582,-74578.62399999984
2024-12-17,2024-12-16,0,0,0,,False,0.0,0.0,0.0,0.0,0.0,0.0,11299702.236000005,False,0.0,-0.006556777076102582,-74578.62399999984
2024-12-18,2024-12-17,0,0,0,,False,0.0,0.0,0.0,0.0,0.0,0.0,11299702.236000005,False,0.0,-0.006556777076102582,-74578.62399999984
2024-12-19,2024-12-18,1,0,1,TX202501,False,20400.0,50.0,90.99600000000001,400.0,540.996,19859.004,11319561.240000006,False,0.001757480293306376,-0.0048108201892949065,-54719.61999999918
2024-12-20,2024-12-19,0,1,0,,False,-16400.0,50.0,91.06,400.0,541.06,-16941.06,11302620.180000005,False,-0.0014966180791650535,-0.006300238307989092,-71660.6799999997
2024-12-23,2024-12-20,0,0,0,,False,0.0,0.0,0.0,0.0,0.0,0.0,11302620.180000005,False,0.0,-0.006300238307989092,-71660.6799999997
2024-12-24,2024-12-23,1,0,1,TX202501,False,-42800.0,50.0,93.72800000000001,400.0,543.7280000000001,-43343.728,11259276.452000005,False,-0.0038348389408587543,-0.010110916849647711,-115004.40799999982
2024-12-25,2024-12-24,1,1,1,TX202501,False,22600.0,0.0,0.0,0.0,0.0,22600.0,11281876.452000005,False,0.0020072337770856955,-0.008123978046379987,-92404.40799999982
2024-12-26,2024-12-25,1,1,1,TX202501,False,-600.0,0.0,0.0,0.0,0.0,-600.0,11281276.452000005,False,-5.318264231599828e-05,-0.008176728634077368,-93004.40799999982
2024-12-27,2024-12-26,0,1,0,,False,-26400.0,50.0,92.768,400.0,542.768,-26942.768,11254333.684000006,False,-0.002388273003913794,-0.010545473377733927,-119947.17599999905
2024-12-30,2024-12-27,0,0,0,,False,0.0,0.0,0.0,0.0,0.0,0.0,11254333.684000006,False,0.0,-0.010545473377733927,-119947.17599999905
2024-12-31,2024-12-30,0,0,0,,False,0.0,0.0,0.0,0.0,0.0,0.0,11254333.684000006,False,0.0,-0.010545473377733927,-119947.17599999905
2025-01-02,2024-12-31,0,0,0,,False,0.0,0.0,0.0,0.0,0.0,0.0,11254333.684000006,False,0.0,-0.010545473377733927,-119947.17599999905
2025-01-03,2025-01-02,0,0,0,,False,0.0,0.0,0.0,0.0,0.0,0.0,11254333.684000006,False,0.0,-0.010545473377733927,-119947.17599999905
2025-01-06,2025-01-03,0,0,0,,False,0.0,0.0,0.0,0.0,0.0,0.0,11254333.684000006,False,0.0,-0.010545473377733927,-119947.17599999905
2025-01-07,2025-01-06,0,0,0,,False,0.0,0.0,0.0,0.0,0.0,0.0,11254333.684000006,False,0.0,-0.010545473377733927,-119947.17599999905
2025-01-08,2025-01-07,0,0,0,,False,0.0,0.0,0.0,0.0,0.0,0.0,11254333.684000006,False,0.0,-0.010545473377733927,-119947.17599999905
2025-01-09,2025-01-08,0,0,0,,False,0.0,0.0,0.0,0.0,0.0,0.0,11254333.684000006,False,0.0,-0.010545473377733927,-119947.17599999905
2025-01-10,2025-01-09,0,0,0,,False,0.0,0.0,0.0,0.0,0.0,0.0,11254333.684000006,False,0.0,-0.010545473377733927,-119947.17599999905
2025-01-13,2025-01-10,0,0,0,,False,0.0,0.0,0.0,0.0,0.0,0.0,11254333.684000006,False,0.0,-0.010545473377733927,-119947.17599999905
2025-01-14,2025-01-13,0,0,0,,False,0.0,0.0,0.0,0.0,0.0,0.0,11254333.684000006,False,0.0,-0.010545473377733927,-119947.17599999905
2025-01-15,2025-01-14,0,0,0,,False,0.0,0.0,0.0,0.0,0.0,0.0,11254333.684000006,False,0.0,-0.010545473377733927,-119947.17599999905
2025-01-16,2025-01-15,0,0,0,,False,0.0,0.0,0.0,0.0,0.0,0.0,11254333.684000006,False,0.0,-0.010545473377733927,-119947.17599999905
2025-01-17,2025-01-16,0,0,0,,False,0.0,0.0,0.0,0.0,0.0,0.0,11254333.684000006,False,0.0,-0.010545473377733927,-119947.17599999905
2025-01-20,2025-01-17,0,0,0,,False,0.0,0.0,0.0,0.0,0.0,0.0,11254333.684000006,False,0.0,-0.010545473377733927,-119947.17599999905
2025-01-21,2025-01-20,0,0,0,,False,0.0,0.0,0.0,0.0,0.0,0.0,11254333.684000006,False,0.0,-0.010545473377733927,-119947.17599999905
2025-01-22,2025-01-21,0,0,0,,False,0.0,0.0,0.0,0.0,0.0,0.0,11254333.684000006,False,0.0,-0.010545473377733927,-119947.17599999905
2025-02-03,2025-01-22,0,0,0,,False,0.0,0.0,0.0,0.0,0.0,0.0,11254333.684000006,False,0.0,-0.010545473377733927,-119947.17599999905
2025-02-04,2025-02-03,0,0,0,,False,0.0,0.0,0.0,0.0,0.0,0.0,11254333.684000006,False,0.0,-0.010545473377733927,-119947.17599999905
2025-02-05,2025-02-04,0,0,0,,False,0.0,0.0,0.0,0.0,0.0,0.0,11254333.684000006,False,0.0,-0.010545473377733927,-119947.17599999905
2025-02-06,2025-02-05,0,0,0,,False,0.0,0.0,0.0,0.0,0.0,0.0,11254333.684000006,False,0.0,-0.010545473377733927,-119947.17599999905
2025-02-07,2025-02-06,1,0,1,TX202502,False,29200.0,50.0,93.14800000000001,400.0,543.148,28656.852,11282990.536000006,False,0.0025462948589076136,-0.008026030403472828,-91290.32399999909
2025-02-10,2025-02-07,1,1,1,TX202502,False,-37000.0,0.0,0.0,0.0,0.0,-37000.0,11245990.536000006,False,-0.0032792724483767114,-0.011278983311477586,-128290.32399999909
2025-02-11,2025-02-10,1,1,1,TX202502,False,17800.0,0.0,0.0,0.0,0.0,17800.0,11263790.536000006,False,0.0015827863222025382,-0.0097140492097888,-110490.32399999909
2025-02-12,2025-02-11,0,1,0,,False,18800.0,50.0,93.70800000000001,400.0,543.7080000000001,18256.292,11282046.828000005,False,0.0016207946997639367,-0.008108998989497351,-92234.03199999966
2025-02-13,2025-02-12,0,0,0,,False,0.0,0.0,0.0,0.0,0.0,0.0,11282046.828000005,False,0.0,-0.008108998989497351,-92234.03199999966
2025-02-14,2025-02-13,0,0,0,,False,0.0,0.0,0.0,0.0,0.0,0.0,11282046.828000005,False,0.0,-0.008108998989497351,-92234.03199999966
2025-02-17,2025-02-14,0,0,0,,False,0.0,0.0,0.0,0.0,0.0,0.0,11282046.828000005,False,0.0,-0.008108998989497351,-92234.03199999966
2025-02-18,2025-02-17,0,0,0,,False,0.0,0.0,0.0,0.0,0.0,0.0,11282046.828000005,False,0.0,-0.008108998989497351,-92234.03199999966
2025-02-19,2025-02-18,1,0,1,TX202503,False,5400.0,50.0,94.33600000000001,400.0,544.336,4855.664,11286902.492000006,False,0.00043038856991349457,-0.007682100440062345,-87378.36799999885
2025-02-20,2025-02-19,1,1,1,TX202503,False,-14200.0,0.0,0.0,0.0,0.0,-14200.0,11272702.492000006,False,-0.001258095390658753,-0.008930531015566845,-101578.36799999885
2025-02-21,2025-02-20,1,1,1,TX202503,False,41400.0,0.0,0.0,0.0,0.0,41400.0,11314102.492000006,False,0.003672588718577527,-0.005290740464447996,-60178.36799999885
2025-02-24,2025-02-21,1,1,1,TX202503,False,-37400.0,0.0,0.0,0.0,0.0,-37400.0,11276702.492000006,False,-0.0033056090862218063,-0.008578860430917712,-97578.36799999885
2025-02-25,2025-02-24,0,1,0,,False,-65400.0,50.0,92.91600000000001,400.0,542.9159999999999,-65942.916,11210759.576000007,False,-0.0058477126666045915,-0.014376406386715335,-163521.28399999812
2025-02-26,2025-02-25,0,0,0,,False,0.0,0.0,0.0,0.0,0.0,0.0,11210759.576000007,False,0.0,-0.014376406386715335,-163521.28399999812
2025-02-27,2025-02-26,0,0,0,,False,0.0,0.0,0.0,0.0,0.0,0.0,11210759.576000007,False,0.0,-0.014376406386715335,-163521.28399999812
2025-03-03,2025-02-27,0,0,0,,False,0.0,0.0,0.0,0.0,0.0,0.0,11210759.576000007,False,0.0,-0.014376406386715335,-163521.28399999812
2025-03-04,2025-03-03,0,0,0,,False,0.0,0.0,0.0,0.0,0.0,0.0,11210759.576000007,False,0.0,-0.014376406386715335,-163521.28399999812
2025-03-05,2025-03-04,0,0,0,,False,0.0,0.0,0.0,0.0,0.0,0.0,11210759.576000007,False,0.0,-0.014376406386715335,-163521.28399999812
2025-03-06,2025-03-05,0,0,0,,False,0.0,0.0,0.0,0.0,0.0,0.0,11210759.576000007,False,0.0,-0.014376406386715335,-163521.28399999812
2025-03-07,2025-03-06,0,0,0,,False,0.0,0.0,0.0,0.0,0.0,0.0,11210759.576000007,False,0.0,-0.014376406386715335,-163521.28399999812
2025-03-10,2025-03-07,0,0,0,,False,0.0,0.0,0.0,0.0,0.0,0.0,11210759.576000007,False,0.0,-0.014376406386715335,-163521.28399999812
2025-03-11,2025-03-10,0,0,0,,False,0.0,0.0,0.0,0.0,0.0,0.0,11210759.576000007,False,0.0,-0.014376406386715335,-163521.28399999812
2025-03-12,2025-03-11,0,0,0,,False,0.0,0.0,0.0,0.0,0.0,0.0,11210759.576000007,False,0.0,-0.014376406386715335,-163521.28399999812
2025-03-13,2025-03-12,0,0,0,,False,0.0,0.0,0.0,0.0,0.0,0.0,11210759.576000007,False,0.0,-0.014376406386715335,-163521.28399999812
2025-03-14,2025-03-13,0,0,0,,False,0.0,0.0,0.0,0.0,0.0,0.0,11210759.576000007,False,0.0,-0.014376406386715335,-163521.28399999812
2025-03-17,2025-03-14,0,0,0,,False,0.0,0.0,0.0,0.0,0.0,0.0,11210759.576000007,False,0.0,-0.014376406386715335,-163521.28399999812
2025-03-18,2025-03-17,0,0,0,,False,0.0,0.0,0.0,0.0,0.0,0.0,11210759.576000007,False,0.0,-0.014376406386715335,-163521.28399999812
2025-03-19,2025-03-18,0,0,0,,False,0.0,0.0,0.0,0.0,0.0,0.0,11210759.576000007,False,0.0,-0.014376406386715335,-163521.28399999812
2025-03-20,2025-03-19,0,0,0,,False,0.0,0.0,0.0,0.0,0.0,0.0,11210759.576000007,False,0.0,-0.014376406386715335,-163521.28399999812
2025-03-21,2025-03-20,0,0,0,,False,0.0,0.0,0.0,0.0,0.0,0.0,11210759.576000007,False,0.0,-0.014376406386715335,-163521.28399999812
2025-03-24,2025-03-21,0,0,0,,False,0.0,0.0,0.0,0.0,0.0,0.0,11210759.576000007,False,0.0,-0.014376406386715335,-163521.28399999812
2025-03-25,2025-03-24,0,0,0,,False,0.0,0.0,0.0,0.0,0.0,0.0,11210759.576000007,False,0.0,-0.014376406386715335,-163521.28399999812
2025-03-26,2025-03-25,0,0,0,,False,0.0,0.0,0.0,0.0,0.0,0.0,11210759.576000007,False,0.0,-0.014376406386715335,-163521.28399999812
2025-03-27,2025-03-26,0,0,0,,False,0.0,0.0,0.0,0.0,0.0,0.0,11210759.576000007,False,0.0,-0.014376406386715335,-163521.28399999812
2025-03-28,2025-03-27,0,0,0,,False,0.0,0.0,0.0,0.0,0.0,0.0,11210759.576000007,False,0.0,-0.014376406386715335,-163521.28399999812
2025-03-31,2025-03-28,0,0,0,,False,0.0,0.0,0.0,0.0,0.0,0.0,11210759.576000007,False,0.0,-0.014376406386715335,-163521.28399999812
2025-04-01,2025-03-31,0,0,0,,False,0.0,0.0,0.0,0.0,0.0,0.0,11210759.576000007,False,0.0,-0.014376406386715335,-163521.28399999812
2025-04-02,2025-04-01,0,0,0,,False,0.0,0.0,0.0,0.0,0.0,0.0,11210759.576000007,False,0.0,-0.014376406386715335,-163521.28399999812
2025-04-07,2025-04-02,0,0,0,,False,0.0,0.0,0.0,0.0,0.0,0.0,11210759.576000007,False,0.0,-0.014376406386715335,-163521.28399999812
2025-04-08,2025-04-07,0,0,0,,False,0.0,0.0,0.0,0.0,0.0,0.0,11210759.576000007,False,0.0,-0.014376406386715335,-163521.28399999812
2025-04-09,2025-04-08,0,0,0,,False,0.0,0.0,0.0,0.0,0.0,0.0,11210759.576000007,False,0.0,-0.014376406386715335,-163521.28399999812
2025-04-10,2025-04-09,0,0,0,,False,0.0,0.0,0.0,0.0,0.0,0.0,11210759.576000007,False,0.0,-0.014376406386715335,-163521.28399999812
2025-04-11,2025-04-10,0,0,0,,False,0.0,0.0,0.0,0.0,0.0,0.0,11210759.576000007,False,0.0,-0.014376406386715335,-163521.28399999812
2025-04-14,2025-04-11,0,0,0,,False,0.0,0.0,0.0,0.0,0.0,0.0,11210759.576000007,False,0.0,-0.014376406386715335,-163521.28399999812
2025-04-15,2025-04-14,0,0,0,,False,0.0,0.0,0.0,0.0,0.0,0.0,11210759.576000007,False,0.0,-0.014376406386715335,-163521.28399999812
2025-04-16,2025-04-15,0,0,0,,False,0.0,0.0,0.0,0.0,0.0,0.0,11210759.576000007,False,0.0,-0.014376406386715335,-163521.28399999812
2025-04-17,2025-04-16,0,0,0,,False,0.0,0.0,0.0,0.0,0.0,0.0,11210759.576000007,False,0.0,-0.014376406386715335,-163521.28399999812
2025-04-18,2025-04-17,0,0,0,,False,0.0,0.0,0.0,0.0,0.0,0.0,11210759.576000007,False,0.0,-0.014376406386715335,-163521.28399999812
2025-04-21,2025-04-18,0,0,0,,False,0.0,0.0,0.0,0.0,0.0,0.0,11210759.576000007,False,0.0,-0.014376406386715335,-163521.28399999812
2025-04-22,2025-04-21,0,0,0,,False,0.0,0.0,0.0,0.0,0.0,0.0,11210759.576000007,False,0.0,-0.014376406386715335,-163521.28399999812
2025-04-23,2025-04-22,0,0,0,,False,0.0,0.0,0.0,0.0,0.0,0.0,11210759.576000007,False,0.0,-0.014376406386715335,-163521.28399999812
2025-04-24,2025-04-23,0,0,0,,False,0.0,0.0,0.0,0.0,0.0,0.0,11210759.576000007,False,0.0,-0.014376406386715335,-163521.28399999812
2025-04-25,2025-04-24,0,0,0,,False,0.0,0.0,0.0,0.0,0.0,0.0,11210759.576000007,False,0.0,-0.014376406386715335,-163521.28399999812
2025-04-28,2025-04-25,1,0,1,TX202505,False,0.0,50.0,79.86800000000001,400.0,529.8679999999999,-529.8679999999999,11210229.708000006,False,-4.726423721853257e-05,-0.014422991134052099,-164051.15199999884
2025-04-29,2025-04-28,1,1,1,TX202505,False,37800.0,0.0,0.0,0.0,0.0,37800.0,11248029.708000006,False,0.003371920200085161,-0.011099704109117536,-126251.15199999884
2025-04-30,2025-04-29,1,1,1,TX202505,False,-1000.0,0.0,0.0,0.0,0.0,-1000.0,11247029.708000006,False,-8.890445935511388e-05,-0.011187621755279764,-127251.15199999884
2025-05-02,2025-04-30,1,1,1,TX202505,False,105600.0,0.0,0.0,0.0,0.0,105600.0,11352629.708000006,False,0.009389145644817385,-0.0019035183205419193,-21651.151999998838
2025-05-05,2025-05-02,1,1,1,TX202505,False,-54600.0,0.0,0.0,0.0,0.0,-54600.0,11298029.708000006,False,-0.004809458372585191,-0.006703821801002929,-76251.15199999884
2025-05-06,2025-05-05,1,1,1,TX202505,False,-13400.0,0.0,0.0,0.0,0.0,-13400.0,11284629.708000006,False,-0.0011860475097274362,-0.007881918259577625,-89651.15199999884
2025-05-07,2025-05-06,1,1,1,TX202505,False,8800.0,0.0,0.0,0.0,0.0,8800.0,11293429.708000006,False,0.0007798217777373254,-0.0071082429733495545,-80851.15199999884
2025-05-08,2025-05-07,1,1,1,TX202505,False,38800.0,0.0,0.0,0.0,0.0,38800.0,11332229.708000006,False,0.003435625935008474,-0.003697038302252653,-42051.15199999884
2025-05-09,2025-05-08,1,1,1,TX202505,False,54600.0,0.0,0.0,0.0,0.0,54600.0,11386829.708000006,False,0.004818116240747842,0.0,0.0
2025-05-12,2025-05-09,1,1,1,TX202505,False,43600.0,0.0,0.0,0.0,0.0,43600.0,11430429.708000006,False,0.003828984986871991,0.0,0.0
2025-05-13,2025-05-12,0,1,0,,False,71000.0,50.0,85.676,400.0,535.6759999999999,70464.324,11500894.032000005,False,0.006164625985205346,0.0,0.0
2025-05-14,2025-05-13,0,0,0,,False,0.0,0.0,0.0,0.0,0.0,0.0,11500894.032000005,False,0.0,0.0,0.0
2025-05-15,2025-05-14,0,0,0,,False,0.0,0.0,0.0,0.0,0.0,0.0,11500894.032000005,False,0.0,0.0,0.0
2025-05-16,2025-05-15,0,0,0,,False,0.0,0.0,0.0,0.0,0.0,0.0,11500894.032000005,False,0.0,0.0,0.0
2025-05-19,2025-05-16,0,0,0,,False,0.0,0.0,0.0,0.0,0.0,0.0,11500894.032000005,False,0.0,0.0,0.0
2025-05-20,2025-05-19,0,0,0,,False,0.0,0.0,0.0,0.0,0.0,0.0,11500894.032000005,False,0.0,0.0,0.0
2025-05-21,2025-05-20,0,0,0,,False,0.0,0.0,0.0,0.0,0.0,0.0,11500894.032000005,False,0.0,0.0,0.0
2025-05-22,2025-05-21,0,0,0,,False,0.0,0.0,0.0,0.0,0.0,0.0,11500894.032000005,False,0.0,0.0,0.0
2025-05-23,2025-05-22,0,0,0,,False,0.0,0.0,0.0,0.0,0.0,0.0,11500894.032000005,False,0.0,0.0,0.0
2025-05-26,2025-05-23,0,0,0,,False,0.0,0.0,0.0,0.0,0.0,0.0,11500894.032000005,False,0.0,0.0,0.0
2025-05-27,2025-05-26,0,0,0,,False,0.0,0.0,0.0,0.0,0.0,0.0,11500894.032000005,False,0.0,0.0,0.0
2025-05-28,2025-05-27,0,0,0,,False,0.0,0.0,0.0,0.0,0.0,0.0,11500894.032000005,False,0.0,0.0,0.0
2025-05-29,2025-05-28,0,0,0,,False,0.0,0.0,0.0,0.0,0.0,0.0,11500894.032000005,False,0.0,0.0,0.0
2025-06-02,2025-05-29,0,0,0,,False,0.0,0.0,0.0,0.0,0.0,0.0,11500894.032000005,False,0.0,0.0,0.0
2025-06-03,2025-06-02,0,0,0,,False,0.0,0.0,0.0,0.0,0.0,0.0,11500894.032000005,False,0.0,0.0,0.0
2025-06-04,2025-06-03,0,0,0,,False,0.0,0.0,0.0,0.0,0.0,0.0,11500894.032000005,False,0.0,0.0,0.0
2025-06-05,2025-06-04,0,0,0,,False,0.0,0.0,0.0,0.0,0.0,0.0,11500894.032000005,False,0.0,0.0,0.0
2025-06-06,2025-06-05,0,0,0,,False,0.0,0.0,0.0,0.0,0.0,0.0,11500894.032000005,False,0.0,0.0,0.0
2025-06-09,2025-06-06,0,0,0,,False,0.0,0.0,0.0,0.0,0.0,0.0,11500894.032000005,False,0.0,0.0,0.0
2025-06-10,2025-06-09,0,0,0,,False,0.0,0.0,0.0,0.0,0.0,0.0,11500894.032000005,False,0.0,0.0,0.0
2025-06-11,2025-06-10,0,0,0,,False,0.0,0.0,0.0,0.0,0.0,0.0,11500894.032000005,False,0.0,0.0,0.0
2025-06-12,2025-06-11,1,0,1,TX202506,False,-12600.0,50.0,89.268,400.0,539.268,-13139.268,11487754.764000006,False,-0.0011424562267456247,-0.0011424562267455807,-13139.267999999225
2025-06-13,2025-06-12,0,1,0,,False,-59600.0,50.0,87.808,400.0,537.808,-60137.808,11427616.956000006,False,-0.005234948798564026,-0.006371424325458008,-73277.07599999942
2025-06-16,2025-06-13,0,0,0,,False,0.0,0.0,0.0,0.0,0.0,0.0,11427616.956000006,False,0.0,-0.006371424325458008,-73277.07599999942
2025-06-17,2025-06-16,0,0,0,,False,0.0,0.0,0.0,0.0,0.0,0.0,11427616.956000006,False,0.0,-0.006371424325458008,-73277.07599999942
2025-06-18,2025-06-17,0,0,0,,False,0.0,0.0,0.0,0.0,0.0,0.0,11427616.956000006,False,0.0,-0.006371424325458008,-73277.07599999942
2025-06-19,2025-06-18,0,0,0,,False,0.0,0.0,0.0,0.0,0.0,0.0,11427616.956000006,False,0.0,-0.006371424325458008,-73277.07599999942
2025-06-20,2025-06-19,0,0,0,,False,0.0,0.0,0.0,0.0,0.0,0.0,11427616.956000006,False,0.0,-0.006371424325458008,-73277.07599999942
2025-06-23,2025-06-20,0,0,0,,False,0.0,0.0,0.0,0.0,0.0,0.0,11427616.956000006,False,0.0,-0.006371424325458008,-73277.07599999942
2025-06-24,2025-06-23,0,0,0,,False,0.0,0.0,0.0,0.0,0.0,0.0,11427616.956000006,False,0.0,-0.006371424325458008,-73277.07599999942
2025-06-25,2025-06-24,1,0,1,TX202507,False,4200.0,50.0,88.56,400.0,538.56,3661.44,11431278.396000005,False,0.0003204027588689505,-0.00605306298852093,-69615.63599999994
2025-06-26,2025-06-25,1,1,1,TX202507,False,-8400.0,0.0,0.0,0.0,0.0,-8400.0,11422878.396000005,False,-0.000734825949382818,-0.006783440990146494,-78015.63599999994
2025-06-27,2025-06-26,1,1,1,TX202507,False,800.0,0.0,0.0,0.0,0.0,800.0,11423678.396000005,False,7.00348872032236e-05,-0.0067138811804678955,-77215.63599999994
2025-06-30,2025-06-27,1,1,1,TX202507,False,4800.0,0.0,0.0,0.0,0.0,4800.0,11428478.396000005,False,0.0004201798959677224,-0.006296522322396081,-72415.63599999994
2025-07-01,2025-06-30,1,1,1,TX202507,False,41600.0,0.0,0.0,0.0,0.0,41600.0,11470078.396000005,False,0.003640029631115206,-0.002679412219107391,-30815.63599999994
2025-07-02,2025-07-01,1,1,1,TX202507,False,8600.0,0.0,0.0,0.0,0.0,8600.0,11478678.396000005,False,0.0007497769154741875,-0.0019316442650620935,-22215.63599999994
2025-07-03,2025-07-02,0,1,0,,False,34400.0,50.0,90.26400000000001,400.0,540.264,33859.736,11512538.132000005,False,0.00294979394246285,0.0,0.0
2025-07-04,2025-07-03,0,0,0,,False,0.0,0.0,0.0,0.0,0.0,0.0,11512538.132000005,False,0.0,0.0,0.0
2025-07-07,2025-07-04,0,0,0,,False,0.0,0.0,0.0,0.0,0.0,0.0,11512538.132000005,False,0.0,0.0,0.0
2025-07-08,2025-07-07,0,0,0,,False,0.0,0.0,0.0,0.0,0.0,0.0,11512538.132000005,False,0.0,0.0,0.0
2025-07-09,2025-07-08,0,0,0,,False,0.0,0.0,0.0,0.0,0.0,0.0,11512538.132000005,False,0.0,0.0,0.0
2025-07-10,2025-07-09,0,0,0,,False,0.0,0.0,0.0,0.0,0.0,0.0,11512538.132000005,False,0.0,0.0,0.0
2025-07-11,2025-07-10,0,0,0,,False,0.0,0.0,0.0,0.0,0.0,0.0,11512538.132000005,False,0.0,0.0,0.0
2025-07-14,2025-07-11,0,0,0,,False,0.0,0.0,0.0,0.0,0.0,0.0,11512538.132000005,False,0.0,0.0,0.0
2025-07-15,2025-07-14,0,0,0,,False,0.0,0.0,0.0,0.0,0.0,0.0,11512538.132000005,False,0.0,0.0,0.0
2025-07-16,2025-07-15,0,0,0,,False,0.0,0.0,0.0,0.0,0.0,0.0,11512538.132000005,False,0.0,0.0,0.0
2025-07-17,2025-07-16,1,0,1,TX202508,False,38000.0,50.0,91.84,400.0,541.84,37458.16,11549996.292000005,False,0.0032536839027600788,0.0,0.0
2025-07-18,2025-07-17,1,1,1,TX202508,False,22800.0,0.0,0.0,0.0,0.0,22800.0,11572796.292000005,False,0.001974026607765424,0.0,0.0
2025-07-21,2025-07-18,0,1,0,,False,-5600.0,50.0,92.92800000000001,400.0,542.928,-6142.928,11566653.364000006,False,-0.0005308075805539287,-0.0005308075805539048,-6142.927999999374
2025-07-22,2025-07-21,0,0,0,,False,0.0,0.0,0.0,0.0,0.0,0.0,11566653.364000006,False,0.0,-0.0005308075805539048,-6142.927999999374
2025-07-23,2025-07-22,0,0,0,,False,0.0,0.0,0.0,0.0,0.0,0.0,11566653.364000006,False,0.0,-0.0005308075805539048,-6142.927999999374
2025-07-24,2025-07-23,0,0,0,,False,0.0,0.0,0.0,0.0,0.0,0.0,11566653.364000006,False,0.0,-0.0005308075805539048,-6142.927999999374
2025-07-25,2025-07-24,0,0,0,,False,0.0,0.0,0.0,0.0,0.0,0.0,11566653.364000006,False,0.0,-0.0005308075805539048,-6142.927999999374
2025-07-28,2025-07-25,0,0,0,,False,0.0,0.0,0.0,0.0,0.0,0.0,11566653.364000006,False,0.0,-0.0005308075805539048,-6142.927999999374
2025-07-29,2025-07-28,0,0,0,,False,0.0,0.0,0.0,0.0,0.0,0.0,11566653.364000006,False,0.0,-0.0005308075805539048,-6142.927999999374
2025-07-30,2025-07-29,0,0,0,,False,0.0,0.0,0.0,0.0,0.0,0.0,11566653.364000006,False,0.0,-0.0005308075805539048,-6142.927999999374
2025-07-31,2025-07-30,0,0,0,,False,0.0,0.0,0.0,0.0,0.0,0.0,11566653.364000006,False,0.0,-0.0005308075805539048,-6142.927999999374
2025-08-01,2025-07-31,0,0,0,,False,0.0,0.0,0.0,0.0,0.0,0.0,11566653.364000006,False,0.0,-0.0005308075805539048,-6142.927999999374
2025-08-04,2025-08-01,0,0,0,,False,0.0,0.0,0.0,0.0,0.0,0.0,11566653.364000006,False,0.0,-0.0005308075805539048,-6142.927999999374
2025-08-05,2025-08-04,1,0,1,TX202508,False,25800.0,50.0,93.792,400.0,543.792,25256.208,11591909.572000006,False,0.0021835363441085986,0.0,0.0
2025-08-06,2025-08-05,1,1,1,TX202508,False,-30000.0,0.0,0.0,0.0,0.0,-30000.0,11561909.572000006,False,-0.0025880119072412638,-0.0025880119072412278,-30000.0
2025-08-07,2025-08-06,1,1,1,TX202508,False,114400.0,0.0,0.0,0.0,0.0,114400.0,11676309.572000006,False,0.00989455931025854,0.0,0.0
2025-08-08,2025-08-07,1,1,1,TX202508,False,-9600.0,0.0,0.0,0.0,0.0,-9600.0,11666709.572000006,False,-0.0008221775845187393,-0.0008221775845187462,-9600.0
2025-08-11,2025-08-08,0,1,0,,False,4800.0,50.0,95.88400000000001,400.0,545.884,4254.116,11670963.688000007,False,0.0003646371732960456,-0.0004578402077329846,-5345.883999999613
2025-08-12,2025-08-11,1,0,1,TX202508,False,-4000.0,50.0,96.62800000000001,400.0,546.628,-4546.628,11666417.060000006,False,-0.00038956748744534326,-0.0008472293355190619,-9892.512000000104
2025-08-13,2025-08-12,0,1,0,,False,32600.0,50.0,97.18400000000001,400.0,547.184,32052.816,11698469.876000006,False,0.002747443009722128,0.0,0.0
2025-08-14,2025-08-13,0,0,0,,False,0.0,0.0,0.0,0.0,0.0,0.0,11698469.876000006,False,0.0,0.0,0.0
2025-08-15,2025-08-14,0,0,0,,False,0.0,0.0,0.0,0.0,0.0,0.0,11698469.876000006,False,0.0,0.0,0.0
2025-08-18,2025-08-15,0,0,0,,False,0.0,0.0,0.0,0.0,0.0,0.0,11698469.876000006,False,0.0,0.0,0.0
2025-08-19,2025-08-18,0,0,0,,False,0.0,0.0,0.0,0.0,0.0,0.0,11698469.876000006,False,0.0,0.0,0.0
2025-08-20,2025-08-19,0,0,0,,False,0.0,0.0,0.0,0.0,0.0,0.0,11698469.876000006,False,0.0,0.0,0.0
2025-08-21,2025-08-20,0,0,0,,False,0.0,0.0,0.0,0.0,0.0,0.0,11698469.876000006,False,0.0,0.0,0.0
2025-08-22,2025-08-21,1,0,1,TX202509,False,-25400.0,50.0,95.516,400.0,545.5160000000001,-25945.516,11672524.360000005,False,-0.0022178555208513654,-0.0022178555208514084,-25945.51600000076
2025-08-25,2025-08-22,0,1,0,,False,74000.0,50.0,96.47200000000001,400.0,546.472,73453.528,11745977.888000006,False,0.006292857117669787,0.0,0.0
2025-08-26,2025-08-25,1,0,1,TX202509,False,22000.0,50.0,96.58000000000001,400.0,546.58,21453.42,11767431.308000006,False,0.001826448185460775,0.0,0.0
2025-08-27,2025-08-26,1,1,1,TX202509,False,42000.0,0.0,0.0,0.0,0.0,42000.0,11809431.308000006,False,0.0035691731611338655,0.0,0.0
2025-08-28,2025-08-27,1,1,1,TX202509,False,-47000.0,0.0,0.0,0.0,0.0,-47000.0,11762431.308000006,False,-0.003979869883163723,-0.003979869883163678,-47000.0
2025-08-29,2025-08-28,1,1,1,TX202509,False,7800.0,0.0,0.0,0.0,0.0,7800.0,11770231.308000006,False,0.0006631282084253253,-0.00331938083872374,-39200.0
2025-09-01,2025-08-29,1,1,1,TX202509,False,-51800.0,0.0,0.0,0.0,0.0,-51800.0,11718431.308000006,False,-0.004400933052589417,-0.007705705518465944,-91000.0
2025-09-02,2025-09-01,0,1,0,,False,15000.0,50.0,96.32400000000001,400.0,546.3240000000001,14453.676,11732884.984000007,False,0.0012334138947533602,-0.006481795947967828,-76546.32399999909
2025-09-03,2025-09-02,0,0,0,,False,0.0,0.0,0.0,0.0,0.0,0.0,11732884.984000007,False,0.0,-0.006481795947967828,-76546.32399999909
2025-09-04,2025-09-03,0,0,0,,False,0.0,0.0,0.0,0.0,0.0,0.0,11732884.984000007,False,0.0,-0.006481795947967828,-76546.32399999909
2025-09-05,2025-09-04,0,0,0,,False,0.0,0.0,0.0,0.0,0.0,0.0,11732884.984000007,False,0.0,-0.006481795947967828,-76546.32399999909
2025-09-08,2025-09-05,1,0,1,TX202509,False,-7400.0,50.0,98.36000000000001,400.0,548.36,-7948.36,11724936.624000007,False,-0.0006774429316267126,-0.007154847832745337,-84494.6839999985
2025-09-09,2025-09-08,1,1,1,TX202509,False,50200.0,0.0,0.0,0.0,0.0,50200.0,11775136.624000007,False,0.004281473035619196,-0.002904008085195975,-34294.683999998495
2025-09-10,2025-09-09,1,1,1,TX202509,False,75200.0,0.0,0.0,0.0,0.0,75200.0,11850336.624000007,False,0.006386337789637858,0.0,0.0
2025-09-11,2025-09-10,1,1,1,TX202509,False,12400.0,0.0,0.0,0.0,0.0,12400.0,11862736.624000007,False,0.001046383777393022,0.0,0.0
2025-09-12,2025-09-11,1,1,1,TX202509,False,43800.0,0.0,0.0,0.0,0.0,43800.0,11906536.624000007,False,0.003692234042470972,0.0,0.0
2025-09-15,2025-09-12,1,1,1,TX202509,False,-21200.0,0.0,0.0,0.0,0.0,-21200.0,11885336.624000007,False,-0.0017805345642885907,-0.0017805345642886161,-21200.0
2025-09-16,2025-09-15,1,1,1,TX202510,True,55200.0,100.0,205.072,800.0,1105.0720000000001,54094.928,11939431.552000007,False,0.004551400579666069,0.0,0.0
2025-09-17,2025-09-16,1,1,1,TX202510,False,-33800.0,0.0,0.0,0.0,0.0,-33800.0,11905631.552000007,False,-0.002830955548661617,-0.00283095554866164,-33800.0
2025-09-18,2025-09-17,1,1,1,TX202510,False,47800.0,0.0,0.0,0.0,0.0,47800.0,11953431.552000007,False,0.004014906709587377,0.0,0.0
2025-09-19,2025-09-18,1,1,1,TX202510,False,-7600.0,0.0,0.0,0.0,0.0,-7600.0,11945831.552000007,False,-0.0006358006876049241,-0.0006358006876049371,-7600.0
2025-09-22,2025-09-19,1,1,1,TX202510,False,44000.0,0.0,0.0,0.0,0.0,44000.0,11989831.552000007,False,0.0036832931896342864,0.0,0.0
2025-09-23,2025-09-22,0,1,0,,False,33400.0,50.0,104.224,400.0,554.2239999999999,32845.776,12022677.328000007,False,0.0027394693459660024,0.0,0.0
2025-09-24,2025-09-23,1,0,1,TX202510,False,-27800.0,50.0,105.51200000000001,400.0,555.512,-28355.512,11994321.816000007,False,-0.00235850228916665,-0.002358502289166675,-28355.512000000104
2025-09-25,2025-09-24,0,1,0,,False,-9200.0,50.0,104.75600000000001,400.0,554.7560000000001,-9754.756,11984567.060000008,False,-0.0008132811633407648,-0.0031698653270219035,-38110.267999999225
2025-09-26,2025-09-25,0,0,0,,False,0.0,0.0,0.0,0.0,0.0,0.0,11984567.060000008,False,0.0,-0.0031698653270219035,-38110.267999999225
2025-09-30,2025-09-26,0,0,0,,False,0.0,0.0,0.0,0.0,0.0,0.0,11984567.060000008,False,0.0,-0.0031698653270219035,-38110.267999999225
2025-10-01,2025-09-30,1,0,1,TX202510,False,-9800.0,50.0,104.38400000000001,400.0,554.384,-10354.384,11974212.676000008,False,-0.0008639764747580288,-0.004031103112709156,-48464.65199999884
2025-10-02,2025-10-01,0,1,0,,False,82800.0,50.0,105.828,400.0,555.828,82244.172,12056456.848000009,False,0.0068684408925559284,0.0,0.0
2025-10-03,2025-10-02,0,0,0,,False,0.0,0.0,0.0,0.0,0.0,0.0,12056456.848000009,False,0.0,0.0,0.0
2025-10-07,2025-10-03,0,0,0,,False,0.0,0.0,0.0,0.0,0.0,0.0,12056456.848000009,False,0.0,0.0,0.0
2025-10-08,2025-10-07,0,0,0,,False,0.0,0.0,0.0,0.0,0.0,0.0,12056456.848000009,False,0.0,0.0,0.0
2025-10-09,2025-10-08,0,0,0,,False,0.0,0.0,0.0,0.0,0.0,0.0,12056456.848000009,False,0.0,0.0,0.0
2025-10-13,2025-10-09,0,0,0,,False,0.0,0.0,0.0,0.0,0.0,0.0,12056456.848000009,False,0.0,0.0,0.0
2025-10-14,2025-10-13,0,0,0,,False,0.0,0.0,0.0,0.0,0.0,0.0,12056456.848000009,False,0.0,0.0,0.0
2025-10-15,2025-10-14,0,0,0,,False,0.0,0.0,0.0,0.0,0.0,0.0,12056456.848000009,False,0.0,0.0,0.0
2025-10-16,2025-10-15,0,0,0,,False,0.0,0.0,0.0,0.0,0.0,0.0,12056456.848000009,False,0.0,0.0,0.0
2025-10-17,2025-10-16,0,0,0,,False,0.0,0.0,0.0,0.0,0.0,0.0,12056456.848000009,False,0.0,0.0,0.0
2025-10-20,2025-10-17,0,0,0,,False,0.0,0.0,0.0,0.0,0.0,0.0,12056456.848000009,False,0.0,0.0,0.0
2025-10-21,2025-10-20,0,0,0,,False,0.0,0.0,0.0,0.0,0.0,0.0,12056456.848000009,False,0.0,0.0,0.0
2025-10-22,2025-10-21,0,0,0,,False,0.0,0.0,0.0,0.0,0.0,0.0,12056456.848000009,False,0.0,0.0,0.0
2025-10-23,2025-10-22,0,0,0,,False,0.0,0.0,0.0,0.0,0.0,0.0,12056456.848000009,False,0.0,0.0,0.0
2025-10-27,2025-10-23,0,0,0,,False,0.0,0.0,0.0,0.0,0.0,0.0,12056456.848000009,False,0.0,0.0,0.0
2025-10-28,2025-10-27,0,0,0,,False,0.0,0.0,0.0,0.0,0.0,0.0,12056456.848000009,False,0.0,0.0,0.0
2025-10-29,2025-10-28,0,0,0,,False,0.0,0.0,0.0,0.0,0.0,0.0,12056456.848000009,False,0.0,0.0,0.0
2025-10-30,2025-10-29,0,0,0,,False,0.0,0.0,0.0,0.0,0.0,0.0,12056456.848000009,False,0.0,0.0,0.0
2025-10-31,2025-10-30,0,0,0,,False,0.0,0.0,0.0,0.0,0.0,0.0,12056456.848000009,False,0.0,0.0,0.0
2025-11-03,2025-10-31,0,0,0,,False,0.0,0.0,0.0,0.0,0.0,0.0,12056456.848000009,False,0.0,0.0,0.0
2025-11-04,2025-11-03,0,0,0,,False,0.0,0.0,0.0,0.0,0.0,0.0,12056456.848000009,False,0.0,0.0,0.0
2025-11-05,2025-11-04,0,0,0,,False,0.0,0.0,0.0,0.0,0.0,0.0,12056456.848000009,False,0.0,0.0,0.0
2025-11-06,2025-11-05,0,0,0,,False,0.0,0.0,0.0,0.0,0.0,0.0,12056456.848000009,False,0.0,0.0,0.0
2025-11-07,2025-11-06,0,0,0,,False,0.0,0.0,0.0,0.0,0.0,0.0,12056456.848000009,False,0.0,0.0,0.0
2025-11-10,2025-11-07,0,0,0,,False,0.0,0.0,0.0,0.0,0.0,0.0,12056456.848000009,False,0.0,0.0,0.0
2025-11-11,2025-11-10,0,0,0,,False,0.0,0.0,0.0,0.0,0.0,0.0,12056456.848000009,False,0.0,0.0,0.0
2025-11-12,2025-11-11,0,0,0,,False,0.0,0.0,0.0,0.0,0.0,0.0,12056456.848000009,False,0.0,0.0,0.0
2025-11-13,2025-11-12,0,0,0,,False,0.0,0.0,0.0,0.0,0.0,0.0,12056456.848000009,False,0.0,0.0,0.0
2025-11-14,2025-11-13,0,0,0,,False,0.0,0.0,0.0,0.0,0.0,0.0,12056456.848000009,False,0.0,0.0,0.0
2025-11-17,2025-11-14,0,0,0,,False,0.0,0.0,0.0,0.0,0.0,0.0,12056456.848000009,False,0.0,0.0,0.0
2025-11-18,2025-11-17,0,0,0,,False,0.0,0.0,0.0,0.0,0.0,0.0,12056456.848000009,False,0.0,0.0,0.0
2025-11-19,2025-11-18,0,0,0,,False,0.0,0.0,0.0,0.0,0.0,0.0,12056456.848000009,False,0.0,0.0,0.0
2025-11-20,2025-11-19,0,0,0,,False,0.0,0.0,0.0,0.0,0.0,0.0,12056456.848000009,False,0.0,0.0,0.0
2025-11-21,2025-11-20,0,0,0,,False,0.0,0.0,0.0,0.0,0.0,0.0,12056456.848000009,False,0.0,0.0,0.0
2025-11-24,2025-11-21,0,0,0,,False,0.0,0.0,0.0,0.0,0.0,0.0,12056456.848000009,False,0.0,0.0,0.0
2025-11-25,2025-11-24,0,0,0,,False,0.0,0.0,0.0,0.0,0.0,0.0,12056456.848000009,False,0.0,0.0,0.0
2025-11-26,2025-11-25,0,0,0,,False,0.0,0.0,0.0,0.0,0.0,0.0,12056456.848000009,False,0.0,0.0,0.0
2025-11-27,2025-11-26,0,0,0,,False,0.0,0.0,0.0,0.0,0.0,0.0,12056456.848000009,False,0.0,0.0,0.0
2025-11-28,2025-11-27,0,0,0,,False,0.0,0.0,0.0,0.0,0.0,0.0,12056456.848000009,False,0.0,0.0,0.0
2025-12-01,2025-11-28,1,0,1,TX202512,False,-49200.0,50.0,110.608,400.0,560.608,-49760.608,12006696.24000001,False,-0.004127299473414908,-0.004127299473414836,-49760.607999999076
2025-12-02,2025-12-01,0,1,0,,False,54000.0,50.0,110.688,400.0,560.688,53439.312,12060135.55200001,False,0.004450792368842335,0.0,0.0
2025-12-03,2025-12-02,1,0,1,TX202512,False,-10000.0,50.0,111.24000000000001,400.0,561.24,-10561.24,12049574.31200001,False,-0.0008757148669235779,-0.0008757148669236159,-10561.240000000224
2025-12-04,2025-12-03,1,1,1,TX202512,False,8200.0,0.0,0.0,0.0,0.0,8200.0,12057774.31200001,False,0.0006805219659779789,-0.0001957888441485034,-2361.2400000002235
2025-12-05,2025-12-04,1,1,1,TX202512,False,43400.0,0.0,0.0,0.0,0.0,43400.0,12101174.31200001,False,0.0035993375623897617,0.0,0.0
2025-12-08,2025-12-05,1,1,1,TX202512,False,54000.0,0.0,0.0,0.0,0.0,54000.0,12155174.31200001,False,0.004462376841101399,0.0,0.0
2025-12-09,2025-12-08,1,1,1,TX202512,False,-13200.0,0.0,0.0,0.0,0.0,-13200.0,12141974.31200001,False,-0.0010859572772204922,-0.001085957277220495,-13200.0
2025-12-10,2025-12-09,0,1,0,,False,11800.0,50.0,113.108,400.0,563.108,11236.892,12153211.204000011,False,0.0009254583901478436,-0.00016150389534608234,-1963.1079999990761
2025-12-11,2025-12-10,1,0,1,TX202512,False,-98000.0,50.0,114.40800000000002,400.0,564.408,-98564.408,12054646.796000011,False,-0.008110153468538365,-0.008270347542507439,-100527.5159999989
2025-12-12,2025-12-11,1,1,1,TX202512,False,36400.0,0.0,0.0,0.0,0.0,36400.0,12091046.796000011,False,0.0030195824577853494,-0.005275738081081283,-64127.5159999989
2025-12-15,2025-12-12,1,1,1,TX202512,False,-77000.0,0.0,0.0,0.0,0.0,-77000.0,12014046.796000011,False,-0.006368348522600485,-0.011610488864867485,-141127.5159999989
2025-12-16,2025-12-15,0,1,0,,False,-55400.0,50.0,110.51200000000001,400.0,560.512,-55960.512,11958086.284000011,False,-0.004657923591460593,-0.016214331686336014,-197088.027999999
2025-12-17,2025-12-16,0,0,0,,False,0.0,0.0,0.0,0.0,0.0,0.0,11958086.284000011,False,0.0,-0.016214331686336014,-197088.027999999
2025-12-18,2025-12-17,0,0,0,,False,0.0,0.0,0.0,0.0,0.0,0.0,11958086.284000011,False,0.0,-0.016214331686336014,-197088.027999999
2025-12-19,2025-12-18,0,0,0,,False,0.0,0.0,0.0,0.0,0.0,0.0,11958086.284000011,False,0.0,-0.016214331686336014,-197088.027999999
2025-12-22,2025-12-19,1,0,1,TX202601,False,17000.0,50.0,113.03200000000001,400.0,563.032,16436.968,11974523.252000012,False,0.0013745483691644507,-0.014862070700348062,-180651.05999999866
2025-12-23,2025-12-22,0,1,0,,False,10200.0,50.0,113.56,400.0,563.56,9636.44,11984159.692000011,False,0.0008047451908693318,-0.014069285689401245,-171014.61999999918
2025-12-24,2025-12-23,1,0,1,TX202601,False,-18600.0,50.0,114.26800000000001,400.0,564.268,-19164.268,11964995.424000012,False,-0.0015991332302416705,-0.015645920257371104,-190178.8879999984
2025-12-26,2025-12-24,1,1,1,TX202601,False,40200.0,0.0,0.0,0.0,0.0,40200.0,12005195.424000012,False,0.0033598006999120736,-0.012338686731290571,-149978.8879999984
2025-12-29,2025-12-26,1,1,1,TX202601,False,55400.0,0.0,0.0,0.0,0.0,55400.0,12060595.424000012,False,0.00461466873660781,-0.007780956946592421,-94578.8879999984
2025-12-30,2025-12-29,0,1,0,,False,-34600.0,50.0,115.10000000000001,400.0,565.1,-35165.1,12025430.324000012,False,-0.002915701817675031,-0.010673971813955019,-129743.98799999803
2025-12-31,2025-12-30,0,0,0,,False,0.0,0.0,0.0,0.0,0.0,0.0,12025430.324000012,False,0.0,-0.010673971813955019,-129743.98799999803
2026-01-02,2025-12-31,0,0,0,,False,0.0,0.0,0.0,0.0,0.0,0.0,12025430.324000012,False,0.0,-0.010673971813955019,-129743.98799999803
2026-01-05,2026-01-02,1,0,1,TX202601,False,85000.0,50.0,119.56000000000002,400.0,569.56,84430.44,12109860.764000012,False,0.007020991159999998,-0.003727922515702864,-45313.547999998555
2026-01-06,2026-01-05,1,1,1,TX202601,False,60800.0,0.0,0.0,0.0,0.0,60800.0,12170660.764000012,False,0.0050207018218364,0.0,0.0
2026-01-07,2026-01-06,0,1,0,,False,-1600.0,50.0,122.42800000000001,400.0,572.428,-2172.428,12168488.336000012,False,-0.0001784971286379039,-0.0001784971286378223,-2172.427999999374
2026-01-08,2026-01-07,0,0,0,,False,0.0,0.0,0.0,0.0,0.0,0.0,12168488.336000012,False,0.0,-0.0001784971286378223,-2172.427999999374
2026-01-09,2026-01-08,1,0,1,TX202601,False,1200.0,50.0,121.808,400.0,571.808,628.192,12169116.528000012,False,5.162448963701742e-05,-0.0001268818538240346,-1544.2359999995679
2026-01-12,2026-01-09,0,1,0,,False,52200.0,50.0,122.86000000000001,400.0,572.86,51627.14,12220743.668000013,False,0.004242472317625583,0.0,0.0
2026-01-13,2026-01-12,1,0,1,TX202601,False,-38600.0,50.0,124.27600000000001,400.0,574.2760000000001,-39174.276,12181569.392000012,False,-0.0032055558208440083,-0.0032055558208440305,-39174.27600000054
2026-01-14,2026-01-13,0,1,0,,False,25200.0,50.0,123.992,400.0,573.992,24626.008,12206195.400000012,False,0.002021579256952935,-0.001190456849045618,-14548.268000001088
2026-01-15,2026-01-14,0,0,0,,False,0.0,0.0,0.0,0.0,0.0,0.0,12206195.400000012,False,0.0,-0.001190456849045618,-14548.268000001088
2026-01-16,2026-01-15,0,0,0,,False,0.0,0.0,0.0,0.0,0.0,0.0,12206195.400000012,False,0.0,-0.001190456849045618,-14548.268000001088
2026-01-19,2026-01-16,0,0,0,,False,0.0,0.0,0.0,0.0,0.0,0.0,12206195.400000012,False,0.0,-0.001190456849045618,-14548.268000001088
2026-01-20,2026-01-19,0,0,0,,False,0.0,0.0,0.0,0.0,0.0,0.0,12206195.400000012,False,0.0,-0.001190456849045618,-14548.268000001088
2026-01-21,2026-01-20,0,0,0,,False,0.0,0.0,0.0,0.0,0.0,0.0,12206195.400000012,False,0.0,-0.001190456849045618,-14548.268000001088
2026-01-22,2026-01-21,0,0,0,,False,0.0,0.0,0.0,0.0,0.0,0.0,12206195.400000012,False,0.0,-0.001190456849045618,-14548.268000001088
2026-01-23,2026-01-22,0,0,0,,False,0.0,0.0,0.0,0.0,0.0,0.0,12206195.400000012,False,0.0,-0.001190456849045618,-14548.268000001088
2026-01-26,2026-01-23,0,0,0,,False,0.0,0.0,0.0,0.0,0.0,0.0,12206195.400000012,False,0.0,-0.001190456849045618,-14548.268000001088
2026-01-27,2026-01-26,0,0,0,,False,0.0,0.0,0.0,0.0,0.0,0.0,12206195.400000012,False,0.0,-0.001190456849045618,-14548.268000001088
2026-01-28,2026-01-27,0,0,0,,False,0.0,0.0,0.0,0.0,0.0,0.0,12206195.400000012,False,0.0,-0.001190456849045618,-14548.268000001088
2026-01-29,2026-01-28,0,0,0,,False,0.0,0.0,0.0,0.0,0.0,0.0,12206195.400000012,False,0.0,-0.001190456849045618,-14548.268000001088
2026-01-30,2026-01-29,0,0,0,,False,0.0,0.0,0.0,0.0,0.0,0.0,12206195.400000012,False,0.0,-0.001190456849045618,-14548.268000001088
2026-02-02,2026-01-30,0,0,0,,False,0.0,0.0,0.0,0.0,0.0,0.0,12206195.400000012,False,0.0,-0.001190456849045618,-14548.268000001088
2026-02-03,2026-02-02,0,0,0,,False,0.0,0.0,0.0,0.0,0.0,0.0,12206195.400000012,False,0.0,-0.001190456849045618,-14548.268000001088
2026-02-04,2026-02-03,0,0,0,,False,0.0,0.0,0.0,0.0,0.0,0.0,12206195.400000012,False,0.0,-0.001190456849045618,-14548.268000001088
2026-02-05,2026-02-04,1,0,1,TX202602,False,-12600.0,50.0,127.888,400.0,577.888,-13177.888,12193017.512000011,False,-0.0010796065086750937,-0.0022687781327581646,-27726.156000001356
2026-02-06,2026-02-05,1,1,1,TX202602,False,-20000.0,0.0,0.0,0.0,0.0,-20000.0,12173017.512000011,False,-0.0016402830538311444,-0.0039053397482652352,-47726.156000001356
2026-02-09,2026-02-06,0,1,0,,False,203400.0,50.0,131.288,400.0,581.288,202818.712,12375836.22400001,False,0.01666133411868206,0.0,0.0
2026-02-10,2026-02-09,1,0,1,TX202602,False,80200.0,50.0,131.632,400.0,581.6320000000001,79618.368,12455454.592000011,False,0.006433372788628132,0.0,0.0
2026-02-11,2026-02-10,1,1,1,TX202603,True,76800.0,100.0,270.16,800.0,1170.16,75629.84,12531084.432000011,False,0.006072025668864478,0.0,0.0
2026-02-23,2026-02-11,1,1,1,TX202603,False,22400.0,0.0,0.0,0.0,0.0,22400.0,12553484.432000011,False,0.0017875547899747787,0.0,0.0
2026-02-24,2026-02-23,1,1,1,TX202603,False,173200.0,0.0,0.0,0.0,0.0,173200.0,12726684.432000011,False,0.01379696616809409,0.0,0.0
2026-02-25,2026-02-24,1,1,1,TX202603,False,132600.0,0.0,0.0,0.0,0.0,132600.0,12859284.432000011,False,0.010419053030543461,0.0,0.0
2026-02-26,2026-02-25,0,1,0,,False,6400.0,50.0,142.08,400.0,592.08,5807.92,12865092.352000011,False,0.00045165188084238456,0.0,0.0
2026-03-02,2026-02-26,0,0,0,,False,0.0,0.0,0.0,0.0,0.0,0.0,12865092.352000011,False,0.0,0.0,0.0
2026-03-03,2026-03-02,0,0,0,,False,0.0,0.0,0.0,0.0,0.0,0.0,12865092.352000011,False,0.0,0.0,0.0
2026-03-04,2026-03-03,0,0,0,,False,0.0,0.0,0.0,0.0,0.0,0.0,12865092.352000011,False,0.0,0.0,0.0
2026-03-05,2026-03-04,0,0,0,,False,0.0,0.0,0.0,0.0,0.0,0.0,12865092.352000011,False,0.0,0.0,0.0
2026-03-06,2026-03-05,0,0,0,,False,0.0,0.0,0.0,0.0,0.0,0.0,12865092.352000011,False,0.0,0.0,0.0
2026-03-09,2026-03-06,0,0,0,,False,0.0,0.0,0.0,0.0,0.0,0.0,12865092.352000011,False,0.0,0.0,0.0
2026-03-10,2026-03-09,0,0,0,,False,0.0,0.0,0.0,0.0,0.0,0.0,12865092.352000011,False,0.0,0.0,0.0
2026-03-11,2026-03-10,0,0,0,,False,0.0,0.0,0.0,0.0,0.0,0.0,12865092.352000011,False,0.0,0.0,0.0
2026-03-12,2026-03-11,0,0,0,,False,0.0,0.0,0.0,0.0,0.0,0.0,12865092.352000011,False,0.0,0.0,0.0
2026-03-13,2026-03-12,0,0,0,,False,0.0,0.0,0.0,0.0,0.0,0.0,12865092.352000011,False,0.0,0.0,0.0
2026-03-16,2026-03-13,0,0,0,,False,0.0,0.0,0.0,0.0,0.0,0.0,12865092.352000011,False,0.0,0.0,0.0
2026-03-17,2026-03-16,0,0,0,,False,0.0,0.0,0.0,0.0,0.0,0.0,12865092.352000011,False,0.0,0.0,0.0
2026-03-18,2026-03-17,0,0,0,,False,0.0,0.0,0.0,0.0,0.0,0.0,12865092.352000011,False,0.0,0.0,0.0
2026-03-19,2026-03-18,0,0,0,,False,0.0,0.0,0.0,0.0,0.0,0.0,12865092.352000011,False,0.0,0.0,0.0
2026-03-20,2026-03-19,0,0,0,,False,0.0,0.0,0.0,0.0,0.0,0.0,12865092.352000011,False,0.0,0.0,0.0
2026-03-23,2026-03-20,0,0,0,,False,0.0,0.0,0.0,0.0,0.0,0.0,12865092.352000011,False,0.0,0.0,0.0
2026-03-24,2026-03-23,0,0,0,,False,0.0,0.0,0.0,0.0,0.0,0.0,12865092.352000011,False,0.0,0.0,0.0
2026-03-25,2026-03-24,0,0,0,,False,0.0,0.0,0.0,0.0,0.0,0.0,12865092.352000011,False,0.0,0.0,0.0
2026-03-26,2026-03-25,0,0,0,,False,0.0,0.0,0.0,0.0,0.0,0.0,12865092.352000011,False,0.0,0.0,0.0
2026-03-27,2026-03-26,0,0,0,,False,0.0,0.0,0.0,0.0,0.0,0.0,12865092.352000011,False,0.0,0.0,0.0
2026-03-30,2026-03-27,0,0,0,,False,0.0,0.0,0.0,0.0,0.0,0.0,12865092.352000011,False,0.0,0.0,0.0
2026-03-31,2026-03-30,0,0,0,,False,0.0,0.0,0.0,0.0,0.0,0.0,12865092.352000011,False,0.0,0.0,0.0
2026-04-01,2026-03-31,0,0,0,,False,0.0,0.0,0.0,0.0,0.0,0.0,12865092.352000011,False,0.0,0.0,0.0
2026-04-02,2026-04-01,1,0,1,TX202604,False,-237800.0,50.0,134.71200000000002,400.0,584.712,-238384.712,12626707.640000012,False,-0.018529576428803533,-0.018529576428803485,-238384.71199999936
2026-04-07,2026-04-02,0,1,0,,False,141000.0,50.0,132.76000000000002,400.0,582.76,140417.24,12767124.880000012,False,0.011120653459590188,-0.007614983967430988,-97967.47199999914
2026-04-08,2026-04-07,1,0,1,TX202604,False,69000.0,50.0,138.61200000000002,400.0,588.6120000000001,68411.388,12835536.268000012,False,0.00535840203984908,-0.0022973860732063978,-29556.083999998868
2026-04-09,2026-04-08,1,1,1,TX202604,False,-12800.0,0.0,0.0,0.0,0.0,-12800.0,12822736.268000012,False,-0.0009972314154034524,-0.003292326463044337,-42356.08399999887
2026-04-10,2026-04-09,1,1,1,TX202604,False,127000.0,0.0,0.0,0.0,0.0,127000.0,12949736.268000012,False,0.009904282311173858,0.0,0.0
2026-04-13,2026-04-10,1,1,1,TX202604,False,-22000.0,0.0,0.0,0.0,0.0,-22000.0,12927736.268000012,False,-0.0016988762971462223,-0.0016988762971462679,-22000.0
2026-04-14,2026-04-13,1,1,1,TX202605,True,184800.0,100.0,292.08000000000004,800.0,1192.08,183607.92,13111344.188000012,False,0.014202635031663212,0.0,0.0
2026-04-15,2026-04-14,0,1,0,,False,71600.0,50.0,147.98000000000002,400.0,597.98,71002.02,13182346.208000012,False,0.0054153120368073075,0.0,0.0
2026-04-16,2026-04-15,0,0,0,,False,0.0,0.0,0.0,0.0,0.0,0.0,13182346.208000012,False,0.0,0.0,0.0
2026-04-17,2026-04-16,0,0,0,,False,0.0,0.0,0.0,0.0,0.0,0.0,13182346.208000012,False,0.0,0.0,0.0
2026-04-20,2026-04-17,0,0,0,,False,0.0,0.0,0.0,0.0,0.0,0.0,13182346.208000012,False,0.0,0.0,0.0
2026-04-21,2026-04-20,0,0,0,,False,0.0,0.0,0.0,0.0,0.0,0.0,13182346.208000012,False,0.0,0.0,0.0
2026-04-22,2026-04-21,0,0,0,,False,0.0,0.0,0.0,0.0,0.0,0.0,13182346.208000012,False,0.0,0.0,0.0
2026-04-23,2026-04-22,0,0,0,,False,0.0,0.0,0.0,0.0,0.0,0.0,13182346.208000012,False,0.0,0.0,0.0
2026-04-24,2026-04-23,0,0,0,,False,0.0,0.0,0.0,0.0,0.0,0.0,13182346.208000012,False,0.0,0.0,0.0
2026-04-27,2026-04-24,0,0,0,,False,0.0,0.0,0.0,0.0,0.0,0.0,13182346.208000012,False,0.0,0.0,0.0
2026-04-28,2026-04-27,0,0,0,,False,0.0,0.0,0.0,0.0,0.0,0.0,13182346.208000012,False,0.0,0.0,0.0
2026-04-29,2026-04-28,0,0,0,,False,0.0,0.0,0.0,0.0,0.0,0.0,13182346.208000012,False,0.0,0.0,0.0
2026-04-30,2026-04-29,0,0,0,,False,0.0,0.0,0.0,0.0,0.0,0.0,13182346.208000012,False,0.0,0.0,0.0
2026-05-04,2026-04-30,0,0,0,,False,0.0,0.0,0.0,0.0,0.0,0.0,13182346.208000012,False,0.0,0.0,0.0
2026-05-05,2026-05-04,0,0,0,,False,0.0,0.0,0.0,0.0,0.0,0.0,13182346.208000012,False,0.0,0.0,0.0
2026-05-06,2026-05-05,0,0,0,,False,0.0,0.0,0.0,0.0,0.0,0.0,13182346.208000012,False,0.0,0.0,0.0
2026-05-07,2026-05-06,0,0,0,,False,0.0,0.0,0.0,0.0,0.0,0.0,13182346.208000012,False,0.0,0.0,0.0
2026-05-08,2026-05-07,0,0,0,,False,0.0,0.0,0.0,0.0,0.0,0.0,13182346.208000012,False,0.0,0.0,0.0
2026-05-11,2026-05-08,0,0,0,,False,0.0,0.0,0.0,0.0,0.0,0.0,13182346.208000012,False,0.0,0.0,0.0
2026-05-12,2026-05-11,0,0,0,,False,0.0,0.0,0.0,0.0,0.0,0.0,13182346.208000012,False,0.0,0.0,0.0
2026-05-13,2026-05-12,0,0,0,,False,0.0,0.0,0.0,0.0,0.0,0.0,13182346.208000012,False,0.0,0.0,0.0
2026-05-14,2026-05-13,0,0,0,,False,0.0,0.0,0.0,0.0,0.0,0.0,13182346.208000012,False,0.0,0.0,0.0
2026-05-15,2026-05-14,0,0,0,,False,0.0,0.0,0.0,0.0,0.0,0.0,13182346.208000012,False,0.0,0.0,0.0
2026-05-18,2026-05-15,0,0,0,,False,0.0,0.0,0.0,0.0,0.0,0.0,13182346.208000012,False,0.0,0.0,0.0
2026-05-19,2026-05-18,1,0,1,TX202606,True,-128400.0,150.0,486.09200000000004,1200.0,1836.092,-130236.092,13052110.116000012,False,-0.009879583645054264,-0.009879583645054257,-130236.09200000018
2026-05-20,2026-05-19,0,1,0,,False,-20200.0,50.0,161.12,400.0,611.12,-20811.12,13031298.996000012,False,-0.0015944640226784907,-0.011458295027051646,-151047.21199999936
2026-05-21,2026-05-20,0,0,0,,False,0.0,0.0,0.0,0.0,0.0,0.0,13031298.996000012,False,0.0,-0.011458295027051646,-151047.21199999936
2026-05-22,2026-05-21,0,0,0,,False,0.0,0.0,0.0,0.0,0.0,0.0,13031298.996000012,False,0.0,-0.011458295027051646,-151047.21199999936
2026-05-25,2026-05-22,0,0,0,,False,0.0,0.0,0.0,0.0,0.0,0.0,13031298.996000012,False,0.0,-0.011458295027051646,-151047.21199999936
2026-05-26,2026-05-25,0,0,0,,False,0.0,0.0,0.0,0.0,0.0,0.0,13031298.996000012,False,0.0,-0.011458295027051646,-151047.21199999936
2026-05-27,2026-05-26,0,0,0,,False,0.0,0.0,0.0,0.0,0.0,0.0,13031298.996000012,False,0.0,-0.011458295027051646,-151047.21199999936
2026-05-28,2026-05-27,0,0,0,,False,0.0,0.0,0.0,0.0,0.0,0.0,13031298.996000012,False,0.0,-0.011458295027051646,-151047.21199999936
2026-05-29,2026-05-28,0,0,0,,False,0.0,0.0,0.0,0.0,0.0,0.0,13031298.996000012,False,0.0,-0.011458295027051646,-151047.21199999936
2026-06-01,2026-05-29,0,0,0,,False,0.0,0.0,0.0,0.0,0.0,0.0,13031298.996000012,False,0.0,-0.011458295027051646,-151047.21199999936
2026-06-02,2026-06-01,0,0,0,,False,0.0,0.0,0.0,0.0,0.0,0.0,13031298.996000012,False,0.0,-0.011458295027051646,-151047.21199999936
2026-06-03,2026-06-02,0,0,0,,False,0.0,0.0,0.0,0.0,0.0,0.0,13031298.996000012,False,0.0,-0.011458295027051646,-151047.21199999936
2026-06-04,2026-06-03,0,0,0,,False,0.0,0.0,0.0,0.0,0.0,0.0,13031298.996000012,False,0.0,-0.011458295027051646,-151047.21199999936
2026-06-05,2026-06-04,0,0,0,,False,0.0,0.0,0.0,0.0,0.0,0.0,13031298.996000012,False,0.0,-0.011458295027051646,-151047.21199999936
2026-06-08,2026-06-05,0,0,0,,False,0.0,0.0,0.0,0.0,0.0,0.0,13031298.996000012,False,0.0,-0.011458295027051646,-151047.21199999936
2026-06-09,2026-06-08,0,0,0,,False,0.0,0.0,0.0,0.0,0.0,0.0,13031298.996000012,False,0.0,-0.011458295027051646,-151047.21199999936
2026-06-10,2026-06-09,0,0,0,,False,0.0,0.0,0.0,0.0,0.0,0.0,13031298.996000012,False,0.0,-0.011458295027051646,-151047.21199999936
2026-06-11,2026-06-10,0,0,0,,False,0.0,0.0,0.0,0.0,0.0,0.0,13031298.996000012,False,0.0,-0.011458295027051646,-151047.21199999936
2026-06-12,2026-06-11,0,0,0,,False,0.0,0.0,0.0,0.0,0.0,0.0,13031298.996000012,False,0.0,-0.011458295027051646,-151047.21199999936
2026-06-15,2026-06-12,0,0,0,,False,0.0,0.0,0.0,0.0,0.0,0.0,13031298.996000012,False,0.0,-0.011458295027051646,-151047.21199999936
2026-06-16,2026-06-15,0,0,0,,False,0.0,0.0,0.0,0.0,0.0,0.0,13031298.996000012,False,0.0,-0.011458295027051646,-151047.21199999936
2026-06-17,2026-06-16,0,0,0,,False,0.0,0.0,0.0,0.0,0.0,0.0,13031298.996000012,False,0.0,-0.011458295027051646,-151047.21199999936
2026-06-18,2026-06-17,0,0,0,,False,0.0,0.0,0.0,0.0,0.0,0.0,13031298.996000012,False,0.0,-0.011458295027051646,-151047.21199999936
2026-06-22,2026-06-18,0,0,0,,False,0.0,0.0,0.0,0.0,0.0,0.0,13031298.996000012,False,0.0,-0.011458295027051646,-151047.21199999936
2026-06-23,2026-06-22,0,0,0,,False,0.0,0.0,0.0,0.0,0.0,0.0,13031298.996000012,False,0.0,-0.011458295027051646,-151047.21199999936
2026-06-24,2026-06-23,0,0,0,,False,0.0,0.0,0.0,0.0,0.0,0.0,13031298.996000012,False,0.0,-0.011458295027051646,-151047.21199999936
2026-06-25,2026-06-24,0,0,0,,False,0.0,0.0,0.0,0.0,0.0,0.0,13031298.996000012,False,0.0,-0.011458295027051646,-151047.21199999936
2026-06-26,2026-06-25,0,0,0,,False,0.0,0.0,0.0,0.0,0.0,0.0,13031298.996000012,False,0.0,-0.011458295027051646,-151047.21199999936
2026-06-29,2026-06-26,0,0,0,,False,0.0,0.0,0.0,0.0,0.0,0.0,13031298.996000012,False,0.0,-0.011458295027051646,-151047.21199999936
2026-06-30,2026-06-29,0,0,0,,False,0.0,0.0,0.0,0.0,0.0,0.0,13031298.996000012,False,0.0,-0.011458295027051646,-151047.21199999936
2026-07-01,2026-06-30,0,0,0,,False,0.0,0.0,0.0,0.0,0.0,0.0,13031298.996000012,False,0.0,-0.011458295027051646,-151047.21199999936
2026-07-02,2026-07-01,0,0,0,,False,0.0,0.0,0.0,0.0,0.0,0.0,13031298.996000012,False,0.0,-0.011458295027051646,-151047.21199999936
2026-07-03,2026-07-02,0,0,0,,False,0.0,0.0,0.0,0.0,0.0,0.0,13031298.996000012,False,0.0,-0.011458295027051646,-151047.21199999936
2026-07-06,2026-07-03,1,0,1,TX202607,False,-78800.0,50.0,189.12800000000001,400.0,639.128,-79439.128,12951859.868000012,False,-0.0060960252714931966,-0.01748447024249178,-230486.33999999985
2026-07-07,2026-07-06,1,1,1,TX202607,False,-222200.0,0.0,0.0,0.0,0.0,-222200.0,12729659.868000012,False,-0.017155837251527604,-0.03434034676810993,-452686.33999999985
2026-07-08,2026-07-07,0,1,0,,False,-33800.0,50.0,182.41600000000003,400.0,632.416,-34432.416,12695227.452000013,False,-0.0027048967809860077,-0.03695235645566486,-487118.7559999991
2026-07-09,2026-07-08,0,0,0,,False,0.0,0.0,0.0,0.0,0.0,0.0,12695227.452000013,False,0.0,-0.03695235645566486,-487118.7559999991
2026-07-13,2026-07-09,0,0,0,,False,0.0,0.0,0.0,0.0,0.0,0.0,12695227.452000013,False,0.0,-0.03695235645566486,-487118.7559999991
2026-07-14,2026-07-13,0,0,0,,False,0.0,0.0,0.0,0.0,0.0,0.0,12695227.452000013,False,0.0,-0.03695235645566486,-487118.7559999991
2026-07-15,2026-07-14,0,0,0,,False,0.0,0.0,0.0,0.0,0.0,0.0,12695227.452000013,False,0.0,-0.03695235645566486,-487118.7559999991
2026-07-16,2026-07-15,0,0,0,,False,0.0,0.0,0.0,0.0,0.0,0.0,12695227.452000013,False,0.0,-0.03695235645566486,-487118.7559999991
2026-07-17,2026-07-16,0,0,0,,False,0.0,0.0,0.0,0.0,0.0,0.0,12695227.452000013,False,0.0,-0.03695235645566486,-487118.7559999991
2026-07-20,2026-07-17,0,0,0,,False,0.0,0.0,0.0,0.0,0.0,0.0,12695227.452000013,False,0.0,-0.03695235645566486,-487118.7559999991
2026-07-21,2026-07-20,0,0,0,,False,0.0,0.0,0.0,0.0,0.0,0.0,12695227.452000013,False,0.0,-0.03695235645566486,-487118.7559999991
2026-07-22,2026-07-21,0,0,0,,False,0.0,0.0,0.0,0.0,0.0,0.0,12695227.452000013,False,0.0,-0.03695235645566486,-487118.7559999991
2026-07-23,2026-07-22,0,0,0,,False,0.0,0.0,0.0,0.0,0.0,0.0,12695227.452000013,False,0.0,-0.03695235645566486,-487118.7559999991
2026-07-24,2026-07-23,0,0,0,,False,0.0,0.0,0.0,0.0,0.0,0.0,12695227.452000013,False,0.0,-0.03695235645566486,-487118.7559999991
2026-07-27,2026-07-24,0,0,0,,False,0.0,0.0,0.0,0.0,0.0,0.0,12695227.452000013,False,0.0,-0.03695235645566486,-487118.7559999991
2026-07-28,2026-07-27,0,0,0,,False,0.0,0.0,0.0,0.0,0.0,0.0,12695227.452000013,False,0.0,-0.03695235645566486,-487118.7559999991
2026-07-29,2026-07-28,0,0,0,,False,0.0,0.0,0.0,0.0,0.0,0.0,12695227.452000013,False,0.0,-0.03695235645566486,-487118.7559999991
2026-07-30,2026-07-29,0,0,0,,False,0.0,0.0,0.0,0.0,0.0,0.0,12695227.452000013,False,0.0,-0.03695235645566486,-487118.7559999991
2026-07-31,2026-07-30,0,0,0,,False,0.0,0.0,0.0,0.0,0.0,0.0,12695227.452000013,False,0.0,-0.03695235645566486,-487118.7559999991
2026-08-03,2026-07-31,0,0,0,,False,0.0,0.0,0.0,0.0,0.0,0.0,12695227.452000013,False,0.0,-0.03695235645566486,-487118.7559999991
2026-08-04,2026-08-03,0,0,0,,False,0.0,0.0,0.0,0.0,0.0,0.0,12695227.452000013,False,0.0,-0.03695235645566486,-487118.7559999991
2026-08-05,2026-08-04,0,0,0,,False,0.0,0.0,0.0,0.0,0.0,0.0,12695227.452000013,False,0.0,-0.03695235645566486,-487118.7559999991
2026-08-06,2026-08-05,1,0,1,TX202608,False,20600.0,50.0,176.716,400.0,626.716,19973.284,12715200.736000013,False,0.0015732907563506,-0.035437202500151366,-467145.47199999914
2026-08-07,2026-08-06,1,1,1,TX202608,False,13800.0,0.0,0.0,0.0,0.0,13800.0,12729000.736000013,False,0.0010853151504662164,-0.03439034788244877,-453345.47199999914
2026-08-10,2026-08-07,1,1,1,TX202608,False,127600.0,0.0,0.0,0.0,0.0,127600.0,12856600.736000013,False,0.01002435325807808,-0.02471073562021253,-325745.47199999914
2026-08-11,2026-08-10,1,1,1,TX202608,False,20600.0,0.0,0.0,0.0,0.0,20600.0,12877200.736000013,False,0.0016022897827353032,-0.02314803959668532,-305145.47199999914
2026-08-12,2026-08-11,1,1,1,TX202608,False,87600.0,0.0,0.0,0.0,0.0,87600.0,12964800.736000013,False,0.006802720699623946,-0.0165027885451815,-217545.47199999914
2026-08-13,2026-08-12,1,1,1,TX202608,False,95400.0,0.0,0.0,0.0,0.0,95400.0,13060200.736000013,False,0.007358385365314411,-0.00926583705758477,-122145.47199999914
2026-08-14,2026-08-13,1,1,1,TX202608,False,-32800.0,0.0,0.0,0.0,0.0,-32800.0,13027400.736000013,False,-0.002511446850092272,-0.011754013250385387,-154945.47199999914
2026-08-17,2026-08-14,0,1,0,,False,1800.0,50.0,183.39200000000002,400.0,633.392,1166.608,13028567.344000012,False,8.9550327317113e-05,-0.011665515498802126,-153778.86400000006
2026-08-18,2026-08-17,0,0,0,,False,0.0,0.0,0.0,0.0,0.0,0.0,13028567.344000012,False,0.0,-0.011665515498802126,-153778.86400000006
2026-08-19,2026-08-18,0,0,0,,False,0.0,0.0,0.0,0.0,0.0,0.0,13028567.344000012,False,0.0,-0.011665515498802126,-153778.86400000006
2026-08-20,2026-08-19,0,0,0,,False,0.0,0.0,0.0,0.0,0.0,0.0,13028567.344000012,False,0.0,-0.011665515498802126,-153778.86400000006
2026-08-21,2026-08-20,0,0,0,,False,0.0,0.0,0.0,0.0,0.0,0.0,13028567.344000012,False,0.0,-0.011665515498802126,-153778.86400000006
2026-08-24,2026-08-21,0,0,0,,False,0.0,0.0,0.0,0.0,0.0,0.0,13028567.344000012,False,0.0,-0.011665515498802126,-153778.86400000006
2026-08-25,2026-08-24,0,0,0,,False,0.0,0.0,0.0,0.0,0.0,0.0,13028567.344000012,False,0.0,-0.011665515498802126,-153778.86400000006
2026-08-26,2026-08-25,0,0,0,,False,0.0,0.0,0.0,0.0,0.0,0.0,13028567.344000012,False,0.0,-0.011665515498802126,-153778.86400000006
2026-08-27,2026-08-26,0,0,0,,False,0.0,0.0,0.0,0.0,0.0,0.0,13028567.344000012,False,0.0,-0.011665515498802126,-153778.86400000006
2026-08-28,2026-08-27,0,0,0,,False,0.0,0.0,0.0,0.0,0.0,0.0,13028567.344000012,False,0.0,-0.011665515498802126,-153778.86400000006
2026-08-31,2026-08-28,0,0,0,,False,0.0,0.0,0.0,0.0,0.0,0.0,13028567.344000012,False,0.0,-0.011665515498802126,-153778.86400000006
2026-09-01,2026-08-31,0,0,0,,False,0.0,0.0,0.0,0.0,0.0,0.0,13028567.344000012,False,0.0,-0.011665515498802126,-153778.86400000006
2026-09-02,2026-09-01,1,0,1,TX202609,False,-102400.0,50.0,186.812,400.0,636.812,-103036.812,12925530.53200001,False,-0.007908529716235537,-0.01948178813906032,-256815.6760000009
2026-09-03,2026-09-02,0,1,0,,False,-4000.0,50.0,184.668,400.0,634.668,-4634.668,12920895.864000011,False,-0.00035856694535871107,-0.019833369559155822,-261450.3440000005
2026-09-04,2026-09-03,1,0,1,TX202609,False,59600.0,50.0,185.632,400.0,635.6320000000001,58964.368,12979860.232000012,False,0.004563489143526461,-0.015360389782292039,-202485.9759999998
2026-09-07,2026-09-04,0,1,0,,False,115200.0,50.0,189.11200000000002,400.0,639.1120000000001,114560.888,13094421.120000012,False,0.00882604942983641,-0.0066699119119356665,-87925.08799999952
2026-09-08,2026-09-07,0,0,0,,False,0.0,0.0,0.0,0.0,0.0,0.0,13094421.120000012,False,0.0,-0.0066699119119356665,-87925.08799999952
2026-09-09,2026-09-08,0,0,0,,False,0.0,0.0,0.0,0.0,0.0,0.0,13094421.120000012,False,0.0,-0.0066699119119356665,-87925.08799999952
2026-09-10,2026-09-09,0,0,0,,False,0.0,0.0,0.0,0.0,0.0,0.0,13094421.120000012,False,0.0,-0.0066699119119356665,-87925.08799999952
2026-09-11,2026-09-10,0,0,0,,False,0.0,0.0,0.0,0.0,0.0,0.0,13094421.120000012,False,0.0,-0.0066699119119356665,-87925.08799999952
2026-09-14,2026-09-11,0,0,0,,False,0.0,0.0,0.0,0.0,0.0,0.0,13094421.120000012,False,0.0,-0.0066699119119356665,-87925.08799999952
2026-09-15,2026-09-14,0,0,0,,False,0.0,0.0,0.0,0.0,0.0,0.0,13094421.120000012,False,0.0,-0.0066699119119356665,-87925.08799999952
2026-09-16,2026-09-15,0,0,0,,False,0.0,0.0,0.0,0.0,0.0,0.0,13094421.120000012,False,0.0,-0.0066699119119356665,-87925.08799999952
2026-09-17,2026-09-16,0,0,0,,False,0.0,0.0,0.0,0.0,0.0,0.0,13094421.120000012,False,0.0,-0.0066699119119356665,-87925.08799999952
2026-09-18,2026-09-17,0,0,0,,False,0.0,0.0,0.0,0.0,0.0,0.0,13094421.120000012,False,0.0,-0.0066699119119356665,-87925.08799999952
2026-09-21,2026-09-18,1,0,1,TX202610,False,94000.0,50.0,190.436,400.0,640.436,93359.564,13187780.684000012,False,0.0071297205996686255,0.0,0.0
2026-09-22,2026-09-21,1,1,1,TX202610,False,33200.0,0.0,0.0,0.0,0.0,33200.0,13220980.684000012,False,0.0025174819626989763,0.0,0.0
2026-09-23,2026-09-22,0,1,0,,False,57200.0,50.0,194.108,400.0,644.108,56555.892,13277536.576000012,False,0.0042777380401473365,0.0,0.0
2026-09-24,2026-09-23,0,0,0,,False,0.0,0.0,0.0,0.0,0.0,0.0,13277536.576000012,False,0.0,0.0,0.0
2026-09-29,2026-09-24,0,0,0,,False,0.0,0.0,0.0,0.0,0.0,0.0,13277536.576000012,False,0.0,0.0,0.0
2026-09-30,2026-09-29,0,0,0,,False,0.0,0.0,0.0,0.0,0.0,0.0,13277536.576000012,False,0.0,0.0,0.0
2026-10-01,2026-09-30,0,0,0,,False,0.0,0.0,0.0,0.0,0.0,0.0,13277536.576000012,False,0.0,0.0,0.0
2026-10-02,2026-10-01,0,0,0,,False,0.0,0.0,0.0,0.0,0.0,0.0,13277536.576000012,False,0.0,0.0,0.0
2026-10-05,2026-10-02,0,0,0,,False,0.0,0.0,0.0,0.0,0.0,0.0,13277536.576000012,False,0.0,0.0,0.0
