date,signal_date,target,position_before,position_after,contract_after,roll,gross_pnl,fee,tax,slippage_cost,cost,pnl,equity,capital_skip,daily_return,drawdown_pct,drawdown_amount,institution_net_trade_qty,institution_total_trade_qty,trade_intensity,intensity_ma20,signal_close,price_ma20,buy_condition
2018-08-31,2018-08-30,1,0,1,TX201809,False,9400.0,50.0,43.908,400.0,493.908,8906.092,10008906.092,False,0.0008906092,0.0,0.0,6230.0,172650.0,0.03608456414711845,0.005699681757468081,11023.0,10867.5,True
2018-09-03,2018-08-31,1,1,1,TX201809,False,-17400.0,0.0,0.0,0.0,0.0,-17400.0,9991506.092,False,-0.0017384517189053,-0.0017384517189054,-17400.0,-6350.0,162404.0,-0.0391000221669417,0.001999535018053035,11022.0,10870.1,True
2018-09-04,2018-09-03,1,1,1,TX201809,False,13400.0,0.0,0.0,0.0,0.0,13400.0,10004906.092,False,0.0013411391512565,-0.0003996440733116,-4000.0,-1332.0,162712.0,-0.008186243178130685,0.0017848822566979808,10935.0,10867.75,True
2018-09-05,2018-09-04,1,1,1,TX201809,False,-10400.0,0.0,0.0,0.0,0.0,-10400.0,9994506.092,False,-0.0010394900166345,-0.0014387186639216,-14400.0,250.0,140442.0,0.00178009427379274,0.0021808088311731613,11002.0,10869.45,True
2018-09-06,2018-09-05,1,1,1,TX201809,False,-9800.0,0.0,0.0,0.0,0.0,-9800.0,9984706.092,False,-0.0009805386989402,-0.002417846643535,-24200.0,-498.0,180228.0,-0.0027631666555696117,0.001015051152551442,10950.0,10864.5,True
2018-09-07,2018-09-06,1,1,1,TX201809,False,-11200.0,0.0,0.0,0.0,0.0,-11200.0,9973506.092,False,-0.0011217155414292,-0.0035368500488075,-35400.0,617.0,193505.0,0.003188548099532312,0.0013899620563538168,10901.0,10858.7,True
2018-09-10,2018-09-07,0,1,0,,False,4000.0,50.0,43.452000000000005,400.0,493.452,3506.548,9977012.64,False,0.0003515862894807,-0.0031865072673118,-31893.451999999583,-3222.0,203274.0,-0.015850526875055344,0.0014037208843838207,10845.0,10853.0,False
2018-09-11,2018-09-10,0,0,0,,False,0.0,0.0,0.0,0.0,0.0,0.0,9977012.64,False,0.0,-0.0031865072673118,-31893.451999999583,-11003.0,231871.0,-0.04745310970324016,0.0007161439739845323,10734.0,10851.85,False
2018-09-12,2018-09-11,0,0,0,,False,0.0,0.0,0.0,0.0,0.0,0.0,9977012.64,False,0.0,-0.0031865072673118,-31893.451999999583,-3386.0,193592.0,-0.017490392164965493,-0.00034768153627886563,10740.0,10847.85,False
2018-09-13,2018-09-12,0,0,0,,False,0.0,0.0,0.0,0.0,0.0,0.0,9977012.64,False,0.0,-0.0031865072673118,-31893.451999999583,-2590.0,183638.0,-0.01410383471830449,0.00037777136054782277,10726.0,10847.3,False
2018-09-14,2018-09-13,0,0,0,,False,0.0,0.0,0.0,0.0,0.0,0.0,9977012.64,False,0.0,-0.0031865072673118,-31893.451999999583,-1955.0,166821.0,-0.01171914806888821,-0.0001486453870415786,10717.0,10848.65,False
2018-09-17,2018-09-14,1,0,1,TX201809,False,-6800.0,50.0,43.43600000000001,400.0,493.436,-7293.436,9969719.204,False,-0.0007310240312575,-0.0039152018851812,-39186.88800000027,11838.0,215178.0,0.0550149178819396,0.003258317277948377,10881.0,10859.6,True
2018-09-18,2018-09-17,0,1,0,,False,-7200.0,50.0,43.14,400.0,493.14,-7693.14,9962026.064,False,-0.0007716506194992,-0.0046838313367203,-46880.028000000864,-8088.0,213874.0,-0.0378166584063514,0.0010005030702467319,10823.0,10867.2,False
2018-09-19,2018-09-18,0,0,0,,False,0.0,0.0,0.0,0.0,0.0,0.0,9962026.064,False,0.0,-0.0046838313367203,-46880.028000000864,-1568.0,274796.0,-0.00570605103422175,0.00028566650691208063,10781.0,10867.9,False
2018-09-20,2018-09-19,0,0,0,,False,0.0,0.0,0.0,0.0,0.0,0.0,9962026.064,False,0.0,-0.0046838313367203,-46880.028000000864,5125.0,149455.0,0.0342912582382657,0.0006269643166664649,10873.0,10873.35,False
2018-09-21,2018-09-20,0,0,0,,False,0.0,0.0,0.0,0.0,0.0,0.0,9962026.064,False,0.0,-0.0046838313367203,-46880.028000000864,-6150.0,139330.0,-0.04413981195722386,-0.0028718053829607385,10848.0,10873.65,False
2018-09-25,2018-09-21,1,0,1,TX201810,False,4200.0,50.0,43.848000000000006,400.0,493.848,3706.152,9965732.216,False,0.0003720279365051,-0.0043135459163222,-43173.87600000016,8471.0,158915.0,0.05330522606424818,0.0017203072448991569,10974.0,10882.95,True
2018-09-26,2018-09-25,1,1,1,TX201810,False,-1800.0,0.0,0.0,0.0,0.0,-1800.0,9963932.216,False,-0.0001806189410859,-0.0044933857493125,-44973.87600000016,2657.0,100607.0,0.026409693162503602,0.0015770267917495924,10981.0,10887.7,True
2018-09-27,2018-09-26,0,1,0,,False,-3400.0,50.0,43.812000000000005,400.0,493.812,-3893.812,9960038.404,False,-0.0003907906954392,-0.0048824204714099,-48867.68800000101,-977.0,106419.0,-0.009180691417885904,-0.00017978610624664015,10972.0,10888.6,False
2018-09-28,2018-09-27,1,0,1,TX201810,False,-11200.0,50.0,44.05200000000001,400.0,494.052,-11694.052,9948344.352,False,-0.0011740970793148,-0.0060507851151092,-60561.74000000022,6101.0,132145.0,0.04616898104355065,0.00013668132820863105,10982.0,10885.5,True
2018-10-01,2018-09-28,0,1,0,,False,2600.0,50.0,43.864,400.0,493.864,2106.136,9950450.488,False,0.000211707187194,-0.0058403589226122,-58455.60400000028,-5541.0,160957.0,-0.03442534341470082,-0.0033888140498823326,10955.0,10882.1,False
2018-10-02,2018-10-01,1,0,1,TX201810,False,-25400.0,50.0,44.032,400.0,494.032,-25894.032,9924556.456,False,-0.0026022974569068,-0.0084274580283473,-84349.63599999994,5056.0,91128.0,0.055482398384689664,0.001340306977699236,11006.0,10881.3,True
2018-10-03,2018-10-02,0,1,0,,False,200.0,50.0,43.512,400.0,493.512,-293.512,9924262.944,False,-2.9574319144766826e-05,-0.0084567831111588,-84643.14800000004,-14396.0,152804.0,-0.09421219339807858,-0.002960990533298159,10879.0,10878.5,False
2018-10-04,2018-10-03,0,0,0,,False,0.0,0.0,0.0,0.0,0.0,0.0,9924262.944,False,0.0,-0.0084567831111588,-84643.14800000004,2367.0,151961.0,0.015576364988385178,-0.002271176997568537,10856.0,10871.2,False
2018-10-05,2018-10-04,0,0,0,,False,0.0,0.0,0.0,0.0,0.0,0.0,9924262.944,False,0.0,-0.0084567831111588,-84643.14800000004,-13356.0,173238.0,-0.07709624909084611,-0.0059878311193323625,10694.0,10858.4,False
2018-10-08,2018-10-05,0,0,0,,False,0.0,0.0,0.0,0.0,0.0,0.0,9924262.944,False,0.0,-0.0084567831111588,-84643.14800000004,-869.0,308589.0,-0.0028160433456798526,-0.006288060691592971,10506.0,10838.65,False
2018-10-09,2018-10-08,0,0,0,,False,0.0,0.0,0.0,0.0,0.0,0.0,9924262.944,False,0.0,-0.0084567831111588,-84643.14800000004,369.0,221617.0,0.0016650347220655455,-0.005412282611736927,10461.0,10819.45,False
2018-10-11,2018-10-09,0,0,0,,False,0.0,0.0,0.0,0.0,0.0,0.0,9924262.944,False,0.0,-0.0084567831111588,-84643.14800000004,839.0,196023.0,0.004280109987093351,-0.0028256216272202505,10460.0,10805.75,False
2018-10-12,2018-10-11,0,0,0,,False,0.0,0.0,0.0,0.0,0.0,0.0,9924262.944,False,0.0,-0.0084567831111588,-84643.14800000004,11282.0,465572.0,0.024232556940709492,-0.0007394741719365013,9642.0,10750.85,False
2018-10-15,2018-10-12,0,0,0,,False,0.0,0.0,0.0,0.0,0.0,0.0,9924262.944,False,0.0,-0.0084567831111588,-84643.14800000004,10544.0,424712.0,0.024826235189964022,0.0012070293234769242,9948.0,10711.95,False
2018-10-16,2018-10-15,0,0,0,,False,0.0,0.0,0.0,0.0,0.0,0.0,9924262.944,False,0.0,-0.0084567831111588,-84643.14800000004,-1098.0,326172.0,-0.003366322063205916,0.0016246706237610393,9860.0,10669.1,False
2018-10-17,2018-10-16,0,0,0,,False,0.0,0.0,0.0,0.0,0.0,0.0,9924262.944,False,0.0,-0.0084567831111588,-84643.14800000004,784.0,379328.0,0.002066812890163658,-0.001022734625827758,9951.0,10622.6,False
2018-10-18,2018-10-17,0,0,0,,False,0.0,0.0,0.0,0.0,0.0,0.0,9924262.944,False,0.0,-0.0084567831111588,-84643.14800000004,-1734.0,266180.0,-0.006514388759486062,0.000542378856515509,9993.0,10581.1,False
2018-10-19,2018-10-18,0,0,0,,False,0.0,0.0,0.0,0.0,0.0,0.0,9924262.944,False,0.0,-0.0084567831111588,-84643.14800000004,-1698.0,189860.0,-0.008943432002528178,0.0003805098081001874,9884.0,10536.25,False
2018-10-22,2018-10-19,0,0,0,,False,0.0,0.0,0.0,0.0,0.0,0.0,9924262.944,False,0.0,-0.0084567831111588,-84643.14800000004,3731.0,243143.0,0.015344879350834693,-0.0005668091362713626,9905.0,10487.85,False
2018-10-23,2018-10-22,0,0,0,,False,0.0,0.0,0.0,0.0,0.0,0.0,9924262.944,False,0.0,-0.0084567831111588,-84643.14800000004,-4394.0,236486.0,-0.01858038107964108,0.0007111624076077763,9935.0,10442.2,False
2018-10-24,2018-10-23,0,0,0,,False,0.0,0.0,0.0,0.0,0.0,0.0,9924262.944,False,0.0,-0.0084567831111588,-84643.14800000004,-288.0,239922.0,-0.001200390126791207,-0.002014118401944193,9728.0,10379.9,False
2018-10-25,2018-10-24,0,0,0,,False,0.0,0.0,0.0,0.0,0.0,0.0,9924262.944,False,0.0,-0.0084567831111588,-84643.14800000004,660.0,330916.0,0.0019944638518536425,-0.0032348798674766907,9715.0,10316.6,False
2018-10-26,2018-10-25,0,0,0,,False,0.0,0.0,0.0,0.0,0.0,0.0,9924262.944,False,0.0,-0.0084567831111588,-84643.14800000004,3074.0,314000.0,0.009789808917197452,-0.0022863548507225237,9486.0,10242.3,False
2018-10-29,2018-10-26,0,0,0,,False,0.0,0.0,0.0,0.0,0.0,0.0,9924262.944,False,0.0,-0.0084567831111588,-84643.14800000004,2005.0,333645.0,0.006009381228551305,-0.004294334841472491,9424.0,10164.4,False
2018-10-30,2018-10-29,0,0,0,,False,0.0,0.0,0.0,0.0,0.0,0.0,9924262.944,False,0.0,-0.0084567831111588,-84643.14800000004,1524.0,287338.0,0.005303858173997174,-0.002307874762037591,9473.0,10090.3,False
2018-10-31,2018-10-30,0,0,0,,False,0.0,0.0,0.0,0.0,0.0,0.0,9924262.944,False,0.0,-0.0084567831111588,-84643.14800000004,-1171.0,233405.0,-0.005017030483494355,-0.005332846205446792,9524.0,10016.2,False
2018-11-01,2018-10-31,0,0,0,,False,0.0,0.0,0.0,0.0,0.0,0.0,9924262.944,False,0.0,-0.0084567831111588,-84643.14800000004,-1035.0,235393.0,-0.004396902201849673,-0.0008420816456353464,9724.0,9958.45,False
2018-11-02,2018-11-01,0,0,0,,False,0.0,0.0,0.0,0.0,0.0,0.0,9924262.944,False,0.0,-0.0084567831111588,-84643.14800000004,-181.0,182117.0,-0.0009938665802753175,-0.0016705932240683712,9787.0,9905.0,False
2018-11-05,2018-11-02,1,0,1,TX201811,False,2800.0,50.0,39.220000000000006,400.0,489.22,2310.78,9926573.724,False,0.0002328414727662,-0.008225910728227,-82332.36800000072,2347.0,189053.0,0.012414508100902921,0.0028049446355190807,9874.0,9864.0,True
2018-11-06,2018-11-05,0,1,0,,False,6400.0,50.0,39.388000000000005,400.0,489.388,5910.612,9932484.336,False,0.0005954332445755,-0.0076353754643661,-76421.75600000098,-4874.0,208724.0,-0.023351411433280313,0.0017781762311390573,9817.0,9829.55,False
2018-11-07,2018-11-06,0,0,0,,False,0.0,0.0,0.0,0.0,0.0,0.0,9932484.336,False,0.0,-0.0076353754643661,-76421.75600000098,-1311.0,142801.0,-0.009180607978935721,0.0012358940960889942,9774.0,9795.2,False
2018-11-08,2018-11-07,1,0,1,TX201811,False,-11200.0,50.0,39.928,400.0,489.928,-11689.928,9920794.408,False,-0.0011769389816835,-0.0088033280750258,-88111.68400000036,3381.0,183601.0,0.01841493238054259,0.001942635215761456,9848.0,9764.6,True
2018-11-09,2018-11-08,1,1,1,TX201811,False,-27000.0,0.0,0.0,0.0,0.0,-27000.0,9893794.408,False,-0.0027215562473734,-0.011500925569879,-115111.68400000036,2779.0,141533.0,0.019634996785202037,0.0017127572079860833,9924.0,9778.7,True
2018-11-12,2018-11-09,0,1,0,,False,-7800.0,50.0,38.992,400.0,488.992,-8288.992,9885505.416,False,-0.0008377970734157,-0.0123290872015108,-123400.67600000092,-4303.0,158169.0,-0.027205078112651656,-0.0008888084571447007,9789.0,9770.75,False
2018-11-13,2018-11-12,1,0,1,TX201811,False,25600.0,50.0,38.408,400.0,488.408,25111.592,9910617.008,False,0.0025402436135795,-0.0098201624729561,-98289.08400000072,2765.0,146223.0,0.018909473885777205,0.00022498134030445532,9812.0,9768.35,True
2018-11-14,2018-11-13,0,1,0,,False,8000.0,50.0,39.064,400.0,489.064,7510.936,9918127.944,False,0.0007578676477899,-0.0090697372086004,-90778.14800000004,1031.0,225187.0,0.0045784170489415466,0.0003505615482433498,9728.0,9757.2,False
2018-11-15,2018-11-14,1,0,1,TX201811,False,7400.0,50.0,39.168000000000006,400.0,489.168,6910.832,9925038.776,False,0.0006967879461749,-0.0083792689459873,-83867.31599999964,2023.0,173285.0,0.011674409210260554,0.0012600014467306806,9769.0,9746.0,True
2018-11-16,2018-11-15,1,1,1,TX201811,False,-8800.0,0.0,0.0,0.0,0.0,-8800.0,9916238.776,False,-0.0008866464100149,-0.0092584859072728,-92667.31599999964,976.0,228918.0,0.004263535414427874,0.001920349817578483,9827.0,9743.15,True
2018-11-19,2018-11-16,1,1,1,TX201811,False,7200.0,0.0,0.0,0.0,0.0,7200.0,9923438.776,False,0.0007260817496071,-0.0085391265753119,-85467.31599999964,-4222.0,235132.0,-0.01795587159552932,0.00025531227026028247,9783.0,9737.05,True
2018-11-20,2018-11-19,1,1,1,TX201812,True,-17400.0,100.0,77.772,800.0,977.772,-18377.772,9905061.004,False,-0.0018519560018294,-0.0103752684904299,-103845.08799999952,1932.0,238030.0,0.00811662395496366,0.0015901625219905194,9819.0,9731.25,True
2018-11-21,2018-11-20,1,1,1,TX201812,False,3600.0,0.0,0.0,0.0,0.0,3600.0,9908661.004,False,0.0003634505631561,-0.0100155888244495,-100245.08799999952,-1227.0,307811.0,-0.0039862123185981,0.0014508714124001746,9732.0,9731.45,True
2018-11-22,2018-11-21,1,1,1,TX201812,False,-3000.0,0.0,0.0,0.0,0.0,-3000.0,9905661.004,False,-0.0003027654290311,-0.0103153218794331,-103245.08799999952,1474.0,225234.0,0.00654430503387588,0.0016783634715012868,9743.0,9732.85,True
2018-11-23,2018-11-22,0,1,0,,False,200.0,50.0,38.852,400.0,488.852,-288.852,9905372.152,False,-2.9160295298149088e-05,-0.0103441813768991,-103533.93999999948,-845.0,100489.0,-0.008408880573993173,0.0007684289969417553,9714.0,9744.25,False
2018-11-26,2018-11-23,0,0,0,,False,0.0,0.0,0.0,0.0,0.0,0.0,9905372.152,False,0.0,-0.0103441813768991,-103533.93999999948,-1221.0,117311.0,-0.01040823111217192,-5.245162009440583e-05,9620.0,9754.05,False
2018-11-27,2018-11-26,0,0,0,,False,0.0,0.0,0.0,0.0,0.0,0.0,9905372.152,False,0.0,-0.0103441813768991,-103533.93999999948,3840.0,165294.0,0.023231333260735416,0.0008439221342425062,9768.0,9768.8,False
2018-11-28,2018-11-27,0,0,0,,False,0.0,0.0,0.0,0.0,0.0,0.0,9905372.152,False,0.0,-0.0103441813768991,-103533.93999999948,-3366.0,146002.0,-0.023054478705771153,-5.7950276871333686e-05,9741.0,9779.65,False
2018-11-29,2018-11-28,1,0,1,TX201812,False,-21400.0,50.0,39.944,400.0,489.944,-21889.944,9883482.208,False,-0.0022099062674369,-0.0125312279730798,-125423.8839999996,4940.0,173014.0,0.028552602679551942,0.0015895249671987472,9870.0,9786.95,True
2018-11-30,2018-11-29,1,1,1,TX201812,False,-4800.0,0.0,0.0,0.0,0.0,-4800.0,9878682.208,False,-0.0004856587889756,-0.0130108008610537,-130223.8839999996,-2076.0,156880.0,-0.013233044365119837,0.000977566077956521,9877.0,9791.45,True
2018-12-03,2018-11-30,0,1,0,,False,31800.0,50.0,40.040000000000006,400.0,490.04,31309.96,9909992.168,False,0.0031694470315731,-0.0098825908736479,-98913.92399999872,-2888.0,144318.0,-0.02001136379384415,-0.0006437275167808325,9853.0,9790.4,False
2018-12-04,2018-12-03,1,0,1,TX201812,False,-7600.0,50.0,40.328,400.0,490.328,-8090.328,9901901.840000002,False,-0.0008163808671942,-0.0106909037827346,-107004.25199999848,3347.0,155927.0,0.021465172805222955,0.001597101695144331,10122.0,9805.65,True
2018-12-05,2018-12-04,1,1,1,TX201812,False,-32800.0,0.0,0.0,0.0,0.0,-32800.0,9869101.840000002,False,-0.0033124949661185,-0.0139679851838896,-139804.2519999985,-3200.0,131592.0,-0.024317587695300628,0.0008402527093260856,10042.0,9819.05,True
2018-12-06,2018-12-05,0,1,0,,False,-13000.0,50.0,39.244,400.0,489.244,-13489.244,9855612.596,False,-0.0013668157668945,-0.0153157092884032,-153293.49599999934,-1909.0,175127.0,-0.010900660663404272,-0.0006255269428712574,9878.0,9820.55,False
2018-12-07,2018-12-06,0,0,0,,False,0.0,0.0,0.0,0.0,0.0,0.0,9855612.596,False,0.0,-0.0153157092884032,-153293.49599999934,-5500.0,185312.0,-0.029679675358314627,-0.0030912605500470905,9674.0,9808.05,False
2018-12-10,2018-12-07,0,0,0,,False,0.0,0.0,0.0,0.0,0.0,0.0,9855612.596,False,0.0,-0.0153157092884032,-153293.49599999934,6460.0,181218.0,0.035647672968468914,5.137700400893799e-05,9746.0,9805.9,False
2018-12-11,2018-12-10,0,0,0,,False,0.0,0.0,0.0,0.0,0.0,0.0,9855612.596,False,0.0,-0.0153157092884032,-153293.49599999934,-2029.0,180379.0,-0.011248537800963528,-0.0014565235803280989,9626.0,9796.6,False
2018-12-12,2018-12-11,0,0,0,,False,0.0,0.0,0.0,0.0,0.0,0.0,9855612.596,False,0.0,-0.0153157092884032,-153293.49599999934,1520.0,178654.0,0.008508065870341554,-0.0012600411392580983,9687.0,9794.55,False
2018-12-13,2018-12-12,0,0,0,,False,0.0,0.0,0.0,0.0,0.0,0.0,9855612.596,False,0.0,-0.0153157092884032,-153293.49599999934,2817.0,187081.0,0.015057648825909632,-0.0010908791584756446,9818.0,9797.0,False
2018-12-14,2018-12-13,0,0,0,,False,0.0,0.0,0.0,0.0,0.0,0.0,9855612.596,False,0.0,-0.0153157092884032,-153293.49599999934,1082.0,150314.0,0.007198264965339223,-0.0009441426809300771,9856.0,9798.45,False
2018-12-17,2018-12-14,0,0,0,,False,0.0,0.0,0.0,0.0,0.0,0.0,9855612.596,False,0.0,-0.0153157092884032,-153293.49599999934,-4152.0,210664.0,-0.019709110241901796,-0.0010318046132487008,9730.0,9795.8,False
2018-12-18,2018-12-17,0,0,0,,False,0.0,0.0,0.0,0.0,0.0,0.0,9855612.596,False,0.0,-0.0153157092884032,-153293.49599999934,2170.0,233166.0,0.009306674214936998,-0.0009723021002500338,9790.0,9794.35,False
2018-12-19,2018-12-18,0,0,0,,False,0.0,0.0,0.0,0.0,0.0,0.0,9855612.596,False,0.0,-0.0153157092884032,-153293.49599999934,-2612.0,310186.0,-0.008420753999213375,-0.0011940291842807978,9718.0,9793.65,False
2018-12-20,2018-12-19,0,0,0,,False,0.0,0.0,0.0,0.0,0.0,0.0,9855612.596,False,0.0,-0.0153157092884032,-153293.49599999934,3433.0,151937.0,0.022594891303632427,-0.0003914998707929702,9768.0,9794.9,False
2018-12-21,2018-12-20,0,0,0,,False,0.0,0.0,0.0,0.0,0.0,0.0,9855612.596,False,0.0,-0.0153157092884032,-153293.49599999934,-3280.0,186062.0,-0.017628532424675644,-0.0008524824633270939,9641.0,9791.25,False
2018-12-22,2018-12-21,0,0,0,,False,0.0,0.0,0.0,0.0,0.0,0.0,9855612.596,False,0.0,-0.0153157092884032,-153293.49599999934,-824.0,151550.0,-0.0054371494556252065,-0.0006039283804997583,9660.0,9793.25,False
2018-12-24,2018-12-22,0,0,0,,False,0.0,0.0,0.0,0.0,0.0,0.0,9855612.596,False,0.0,-0.0153157092884032,-153293.49599999934,-3668.0,70062.0,-0.0523536296423168,-0.00438317652565237,9585.0,9784.1,False
2018-12-25,2018-12-24,0,0,0,,False,0.0,0.0,0.0,0.0,0.0,0.0,9855612.596,False,0.0,-0.0153157092884032,-153293.49599999934,331.0,82437.0,0.00401518735519245,-0.0030296932226041894,9620.0,9778.05,False
2018-12-26,2018-12-25,0,0,0,,False,0.0,0.0,0.0,0.0,0.0,0.0,9855612.596,False,0.0,-0.0153157092884032,-153293.49599999934,-1085.0,124403.0,-0.00872165462247695,-0.004893406087705634,9477.0,9758.4,False
2018-12-27,2018-12-26,0,0,0,,False,0.0,0.0,0.0,0.0,0.0,0.0,9855612.596,False,0.0,-0.0153157092884032,-153293.49599999934,695.0,119349.0,0.005823257840451114,-0.003940590977427086,9459.0,9737.5,False
2018-12-28,2018-12-27,0,0,0,,False,0.0,0.0,0.0,0.0,0.0,0.0,9855612.596,False,0.0,-0.0153157092884032,-153293.49599999934,7893.0,164151.0,0.04808377652283568,-0.0005358339615930949,9633.0,9726.5,False
2019-01-02,2018-12-28,0,0,0,,False,0.0,0.0,0.0,0.0,0.0,0.0,9855612.596,False,0.0,-0.0153157092884032,-153293.49599999934,42.0,134088.0,0.0003132271344191874,-0.0015934312451332828,9671.0,9703.95,False
2019-01-03,2019-01-02,0,0,0,,False,0.0,0.0,0.0,0.0,0.0,0.0,9855612.596,False,0.0,-0.0153157092884032,-153293.49599999934,-8167.0,210611.0,-0.03877765168960785,-0.002316434444848644,9536.0,9678.65,False
2019-01-04,2019-01-03,0,0,0,,False,0.0,0.0,0.0,0.0,0.0,0.0,9855612.596,False,0.0,-0.0153157092884032,-153293.49599999934,1433.0,170795.0,0.00839017535642144,-0.0013518926438573584,9440.0,9656.75,False
2019-01-07,2019-01-04,0,0,0,,False,0.0,0.0,0.0,0.0,0.0,0.0,9855612.596,False,0.0,-0.0153157092884032,-153293.49599999934,-2150.0,227586.0,-0.009446978285131774,-0.00034025779019821595,9367.0,9641.4,False
2019-01-08,2019-01-07,0,0,0,,False,0.0,0.0,0.0,0.0,0.0,0.0,9855612.596,False,0.0,-0.0153157092884032,-153293.49599999934,10022.0,205860.0,0.04868357135917614,0.00031153712933714545,9563.0,9632.25,False
2019-01-09,2019-01-08,0,0,0,,False,0.0,0.0,0.0,0.0,0.0,0.0,9855612.596,False,0.0,-0.0153157092884032,-153293.49599999934,-2539.0,155851.0,-0.016291201211413465,5.940395881464857e-05,9561.0,9629.0,False
2019-01-10,2019-01-09,1,0,1,TX201901,False,-3200.0,50.0,38.848000000000006,400.0,488.848,-3688.848,9851923.748000002,False,-0.0003742890626095,-0.0156842658485398,-156982.34399999864,9504.0,203048.0,0.046806666404002994,0.0019743339854977207,9708.0,9630.05,True
2019-01-11,2019-01-10,1,1,1,TX201901,False,11200.0,0.0,0.0,0.0,0.0,11200.0,9863123.748000002,False,0.0011368338089577,-0.0145652624432675,-145782.34399999864,1800.0,136110.0,0.013224597751818383,0.001882681431793158,9694.0,9623.85,True
2019-01-14,2019-01-11,1,1,1,TX201901,False,-11800.0,0.0,0.0,0.0,0.0,-11800.0,9851323.748000002,False,-0.0011963755399898,-0.0157442124595366,-157582.34399999864,1234.0,194450.0,0.006346104397017228,0.0018400734033770585,9750.0,9618.55,True
2019-01-15,2019-01-14,1,1,1,TX201902,True,20400.0,100.0,78.34800000000001,800.0,978.348,19421.652,9870745.400000002,False,0.0019714763717863,-0.0138037754306065,-138160.69199999794,-3214.0,228738.0,-0.014051010326224763,0.00212297839916091,9691.0,9616.6,True
2019-01-16,2019-01-15,1,1,1,TX201902,False,-6000.0,0.0,0.0,0.0,0.0,-6000.0,9864745.400000002,False,-0.0006078568291306,-0.0144032415405739,-144160.69199999794,6441.0,297649.0,0.021639582192448152,0.0027396237980364677,9793.0,9616.75,True
2019-01-17,2019-01-16,1,1,1,TX201902,False,3000.0,0.0,0.0,0.0,0.0,3000.0,9867745.400000002,False,0.0003041132718944,-0.0141035084855902,-141160.69199999794,-2368.0,166630.0,-0.01421112644781852,0.0024501051756062103,9784.0,9620.05,True
2019-01-18,2019-01-17,1,1,1,TX201902,False,8200.0,0.0,0.0,0.0,0.0,8200.0,9875945.400000002,False,0.000830990228021,-0.0132842381353015,-132960.69199999794,2729.0,156889.0,0.017394463601654673,0.0021900837905073226,9779.0,9620.6,True
2019-01-21,2019-01-18,1,1,1,TX201902,False,9200.0,0.0,0.0,0.0,0.0,9200.0,9885145.400000002,False,0.0009315563854777,-0.0123650567666848,-123760.69199999794,1709.0,144237.0,0.011848554809098914,0.0036639381521960507,9820.0,9629.55,True
2019-01-22,2019-01-21,1,1,1,TX201902,False,-3800.0,0.0,0.0,0.0,0.0,-3800.0,9881345.400000002,False,-0.0003844151852333,-0.0127447186363308,-127560.69199999794,-645.0,152321.0,-0.004234478502635881,0.0037240716998455173,9866.0,9639.85,True
2019-01-23,2019-01-22,1,1,1,TX201902,False,-5800.0,0.0,0.0,0.0,0.0,-5800.0,9875545.400000002,False,-0.0005869646050425,-0.0133242025426326,-133360.69199999794,1337.0,98293.0,0.013602189372590114,0.007021862650590863,9847.0,9652.95,True
2019-01-24,2019-01-23,1,1,1,TX201902,False,9000.0,0.0,0.0,0.0,0.0,9000.0,9884545.400000002,False,0.0009113420712946,-0.0124250033776815,-124360.69199999794,-5642.0,136080.0,-0.04146090534979424,0.004748058015341529,9818.0,9662.85,True
2019-01-25,2019-01-24,1,1,1,TX201902,False,21000.0,0.0,0.0,0.0,0.0,21000.0,9905545.400000002,False,0.0021245286606706,-0.0103268719927958,-103360.69199999794,4420.0,126640.0,0.034902084649399874,0.00692924497893537,9863.0,9682.15,True
2019-01-28,2019-01-25,1,1,1,TX201902,False,3400.0,0.0,0.0,0.0,0.0,3400.0,9908945.400000002,False,0.0003432420793306,-0.0099871745304809,-99960.69199999794,5775.0,151145.0,0.03820834298190479,0.008548499236008053,9968.0,9707.6,True
2019-01-29,2019-01-28,1,1,1,TX201902,False,-12400.0,0.0,0.0,0.0,0.0,-12400.0,9896545.400000002,False,-0.0012513945227713,-0.0112260711577468,-112360.69199999794,-1579.0,108251.0,-0.014586470332837572,0.005414986893224391,9985.0,9725.2,True
2019-01-30,2019-01-29,1,1,1,TX201902,False,600.0,0.0,0.0,0.0,0.0,600.0,9897145.400000002,False,6.062721644261844e-05,-0.0111661245467501,-111760.69199999794,-5784.0,146458.0,-0.03949255076540715,0.0034246979982330743,9923.0,9737.8,True
2019-02-11,2019-01-30,1,1,1,TX201902,False,14600.0,0.0,0.0,0.0,0.0,14600.0,9911745.400000002,False,0.0014751728311478,-0.0097074236791628,-97160.69199999794,-2020.0,107106.0,-0.01885982111179579,0.004420589527123677,9926.0,9757.3,True
2019-02-12,2019-02-11,1,1,1,TX201902,False,17000.0,0.0,0.0,0.0,0.0,17000.0,9928745.400000002,False,0.001715136871857,-0.0080089363675885,-80160.69199999794,2478.0,133780.0,0.01852294812378532,0.004927228165491871,9999.0,9785.25,True
2019-02-13,2019-02-12,1,1,1,TX201902,False,0.0,0.0,0.0,0.0,0.0,0.0,9928745.400000002,False,0.0,-0.0080089363675885,-80160.69199999794,6199.0,95607.0,0.06483834865647913,0.008641494512572415,10084.0,9821.1,True
2019-02-14,2019-02-13,1,1,1,TX201902,False,-800.0,0.0,0.0,0.0,0.0,-800.0,9927945.400000002,False,-8.057412772413318e-05,-0.0080888651822509,-80960.69199999794,-3065.0,118403.0,-0.025886168424786533,0.004913007523374281,10084.0,9847.15,True
2019-02-15,2019-02-14,1,1,1,TX201902,False,-7600.0,0.0,0.0,0.0,0.0,-7600.0,9920345.400000002,False,-0.0007655158941546,-0.0088481889215429,-88560.69199999794,2089.0,120621.0,0.017318709014184926,0.006593503034654202,10080.0,9873.1,True
2019-02-18,2019-02-15,1,1,1,TX201902,False,18600.0,0.0,0.0,0.0,0.0,18600.0,9938945.400000002,False,0.0018749347174948,-0.006989843980644,-69960.69199999794,-96.0,189256.0,-0.0005072494399120768,0.0042278072424584475,10042.0,9889.8,True
2019-02-19,2019-02-18,1,1,1,TX201903,True,1400.0,100.0,81.148,800.0,981.148,418.8520000000001,9939364.252000002,False,4.214249934404509e-05,-0.0069479960507954,-69541.83999999799,1293.0,205927.0,0.006278924084748479,0.0038805235591049523,10135.0,9911.85,True
2019-02-20,2019-02-19,1,1,1,TX201903,False,20800.0,0.0,0.0,0.0,0.0,20800.0,9960164.252000002,False,0.00209268917736,-0.0048698468695751,-48741.83999999799,2891.0,185909.0,0.015550618851158363,0.00434074928181201,10142.0,9931.45,True
2019-02-21,2019-02-20,1,1,1,TX201903,False,15000.0,0.0,0.0,0.0,0.0,15000.0,9975164.252000002,False,0.0015059992607037,-0.0033711815946567,-33741.83999999799,2671.0,179037.0,0.014918703955048398,0.005789234995875667,10256.0,9959.7,True
2019-02-22,2019-02-21,1,1,1,TX201903,False,-2800.0,0.0,0.0,0.0,0.0,-2800.0,9972364.252000002,False,-0.0002806971323242,-0.0036509324459748,-36541.83999999799,1580.0,110730.0,0.014268942472681297,0.005420703009887325,10324.0,9986.25,True
2019-02-25,2019-02-22,1,1,1,TX201903,False,11600.0,0.0,0.0,0.0,0.0,11600.0,9983964.252000002,False,0.0011632146306402,-0.0024919646333712,-24941.83999999799,-4087.0,112231.0,-0.036415963503844746,0.004310461157086014,10310.0,10012.55,True
2019-02-26,2019-02-25,1,1,1,TX201903,False,-2600.0,0.0,0.0,0.0,0.0,-2600.0,9981364.252000002,False,-0.0002604175990993,-0.0027517332810237,-27541.83999999799,-811.0,129373.0,-0.006268695941193294,0.0031273031799436157,10368.0,10042.0,True
2019-02-27,2019-02-26,1,1,1,TX201903,False,1400.0,0.0,0.0,0.0,0.0,1400.0,9982764.252000002,False,0.0001402613875873,-0.0026118578553646,-26141.83999999799,1004.0,115902.0,0.00866249072492278,0.0029679999757348087,10355.0,10068.75,True
2019-03-04,2019-02-27,1,1,1,TX201903,False,-10200.0,0.0,0.0,0.0,0.0,-10200.0,9972564.252000002,False,-0.0010217610816519,-0.0036309502423093,-36341.83999999799,-1839.0,94911.0,-0.01937604703353668,0.0022109215491897686,10362.0,10093.55,True
2019-03-05,2019-03-04,0,1,0,,False,-10200.0,50.0,41.032,400.0,491.032,-10691.032,9961873.220000004,False,-0.0010720444340938,-0.0046991021364053,-47032.871999997646,-5420.0,148886.0,-0.03640369141490805,-0.00028937249018513926,10311.0,10116.75,False
2019-03-06,2019-03-05,1,0,1,TX201903,False,7800.0,50.0,41.14,400.0,491.14,7308.86,9969182.080000002,False,0.0007336832981698,-0.0039688664909893,-39724.01199999824,1726.0,128062.0,0.013477846668020177,0.0024575651107055815,10274.0,10139.55,True
2019-03-07,2019-03-06,1,1,1,TX201903,False,-12000.0,0.0,0.0,0.0,0.0,-12000.0,9957182.080000002,False,-0.0012037095825618,-0.005167798710924,-51724.01199999824,3201.0,120021.0,0.026670332691778938,0.0020459775128245346,10322.0,10162.5,True
2019-03-08,2019-03-07,0,1,0,,False,-6400.0,50.0,40.912000000000006,400.0,490.912,-6890.912,9950291.168,False,-0.0006920544331353,-0.005856276746052,-58614.92399999872,-688.0,109862.0,-0.006262401922411753,-0.0001775597323912925,10262.0,10177.2,False
2019-03-11,2019-03-08,0,0,0,,False,0.0,0.0,0.0,0.0,0.0,0.0,9950291.168,False,0.0,-0.005856276746052,-58614.92399999872,-2866.0,161000.0,-0.017801242236024844,-0.0003382983275506561,10200.0,10187.95,False
2019-03-12,2019-03-11,1,0,1,TX201903,False,9400.0,50.0,41.212,400.0,491.212,8908.788,9959199.956000002,False,0.0008953293777623,-0.0049661906649046,-49706.13599999808,107.0,109687.0,0.0009755030222359988,0.0016851043618315014,10229.0,10203.25,True
2019-03-13,2019-03-12,1,1,1,TX201903,False,3400.0,0.0,0.0,0.0,0.0,3400.0,9962599.956000002,False,0.0003413928844707,-0.0046264932025898,-46306.13599999808,2116.0,138032.0,0.01532977860206329,0.0033945843475244554,10348.0,10224.35,True
2019-03-14,2019-03-13,1,1,1,TX201903,False,-5400.0,0.0,0.0,0.0,0.0,-5400.0,9957199.956000002,False,-0.0005420271840532,-0.0051660127015604,-51706.13599999808,2060.0,119804.0,0.017194751427331307,0.0033281745127017545,10365.0,10242.65,True
2019-03-15,2019-03-14,0,1,0,,False,3400.0,50.0,41.412000000000006,400.0,491.412,2908.588,9960108.544000002,False,0.0002921090279247,-0.0048754127125841,-48797.54799999856,-4655.0,117457.0,-0.039631524728198406,-0.0018953191565321222,10338.0,10255.35,False
2019-03-18,2019-03-15,1,0,1,TX201903,False,8000.0,50.0,41.756,400.0,491.756,7508.244,9967616.788000004,False,0.000753831543786,-0.0041252564086898,-41289.30399999768,2813.0,174951.0,0.016078787774862675,0.00020292865345033825,10414.0,10271.85,True
2019-03-19,2019-03-18,1,1,1,TX201904,True,4800.0,100.0,83.98400000000001,800.0,983.984,3816.016,9971432.804000003,False,0.000382841363303,-0.0037439943641741,-37473.28799999692,3591.0,212113.0,0.016929655419516954,0.00018347597371693968,10477.0,10291.7,True
2019-03-20,2019-03-19,1,1,1,TX201904,False,3800.0,0.0,0.0,0.0,0.0,3800.0,9975232.804000003,False,0.0003810886634542,-0.0033643324945281,-33673.287999996915,572.0,229672.0,0.002490508203002543,0.00033336385586267065,10501.0,10314.65,True
2019-03-21,2019-03-20,0,1,0,,False,4800.0,50.0,42.144000000000005,400.0,492.144,4307.856,9979540.660000004,False,0.000431855184199,-0.0029339302147581,-29365.431999996305,-336.0,154556.0,-0.0021739693056238517,-8.928081365594588e-05,10545.0,10335.15,False
2019-03-22,2019-03-21,1,0,1,TX201904,False,-6400.0,50.0,42.588,400.0,492.588,-6892.588,9972648.072000004,False,-0.0006906718690597,-0.0036225757007527,-36258.01999999583,4260.0,109524.0,0.03889558452941821,0.0010779674702570464,10590.0,10357.55,True
2019-03-25,2019-03-22,0,1,0,,False,-27000.0,50.0,41.904,400.0,491.904,-27491.904,9945156.168000003,False,-0.0027567305896603,-0.0063693198251654,-63749.92399999499,-2619.0,131125.0,-0.019973307912297428,-0.0006666331231102449,10613.0,10375.4,False
2019-03-26,2019-03-25,0,0,0,,False,0.0,0.0,0.0,0.0,0.0,0.0,9945156.168000003,False,0.0,-0.0063693198251654,-63749.92399999499,-5623.0,138517.0,-0.04059429528505527,-0.003409795010997073,10438.0,10381.1,False
2019-03-27,2019-03-26,0,0,0,,False,0.0,0.0,0.0,0.0,0.0,0.0,9945156.168000003,False,0.0,-0.0063693198251654,-63749.92399999499,2126.0,117334.0,0.01811921523173164,-0.000683036074218254,10522.0,10391.7,False
2019-03-28,2019-03-27,0,0,0,,False,0.0,0.0,0.0,0.0,0.0,0.0,9945156.168000003,False,0.0,-0.0063693198251654,-63749.92399999499,-535.0,115075.0,-0.004649141864001738,-0.0006020583703586762,10520.0,10399.3,False
2019-03-29,2019-03-28,1,0,1,TX201904,False,9400.0,50.0,42.212,400.0,492.212,8907.788,9954063.956000006,False,0.0008956911132941,-0.0054793336550363,-54842.13599999435,3620.0,110846.0,0.03265792180141818,0.0005977131834660938,10493.0,10406.2,True
2019-04-01,2019-03-29,1,1,1,TX201904,False,8000.0,0.0,0.0,0.0,0.0,8000.0,9962063.956000006,False,0.0008036918423834,-0.0046800455084132,-46842.13599999435,-129.0,145197.0,-0.0008884481084319924,0.0015220931297213283,10598.0,10418.0,True
2019-04-02,2019-04-01,1,1,1,TX201904,False,7600.0,0.0,0.0,0.0,0.0,7600.0,9969663.956000006,False,0.0007628941184846,-0.0039207217691211,-39242.13599999435,-368.0,139440.0,-0.00263912794033276,0.0032103213034500927,10638.0,10434.35,True
2019-04-03,2019-04-02,1,1,1,TX201904,False,3400.0,0.0,0.0,0.0,0.0,3400.0,9973063.956000006,False,0.0003410345639537,-0.0035810243068064,-35842.13599999435,1086.0,91034.0,0.011929608717621987,0.003132909405930183,10676.0,10454.45,True
2019-04-08,2019-04-03,1,1,1,TX201904,False,15400.0,0.0,0.0,0.0,0.0,15400.0,9988463.956000006,False,0.0015441593544313,-0.0020423946245567,-20442.135999994352,74.0,112968.0,0.0006550527583032363,0.0018321454092563982,10693.0,10473.0,True
2019-04-09,2019-04-08,1,1,1,TX201904,False,14600.0,0.0,0.0,0.0,0.0,14600.0,10003063.956000006,False,0.0014616862076405,-0.0005836937569695,-5842.1359999943525,1728.0,117564.0,0.014698377054200266,0.0028801843580869993,10770.0,10498.4,True
2019-04-10,2019-04-09,1,1,1,TX201904,False,3800.0,0.0,0.0,0.0,0.0,3800.0,10006863.956000006,False,0.0003798836053348,-0.0002040318873235,-2042.1359999943525,4653.0,80901.0,0.057514740238068754,0.006645983481791679,10843.0,10530.55,True
2019-04-11,2019-04-10,1,1,1,TX201904,False,-11200.0,0.0,0.0,0.0,0.0,-11200.0,9995663.956000006,False,-0.0011192317642416,-0.0013230352925959,-13242.135999994352,-2751.0,94581.0,-0.02908618009959717,0.00514289932570002,10862.0,10562.2,True
2019-04-12,2019-04-11,1,1,1,TX201904,False,-800.0,0.0,0.0,0.0,0.0,-800.0,9994863.956000006,False,-8.00347033995467e-05,-0.0014029641072582,-14042.135999994352,-288.0,122286.0,-0.0023551346842647564,0.004258653661383617,10806.0,10585.1,True
2019-04-15,2019-04-12,1,1,1,TX201904,False,14800.0,0.0,0.0,0.0,0.0,14800.0,10009663.956000006,False,0.001480760525121,0.0,0.0,-756.0,135974.0,-0.005559886448879933,0.0031209217675730564,10802.0,10606.95,True
2019-04-16,2019-04-15,1,1,1,TX201905,True,11000.0,100.0,87.416,800.0,987.416,10012.584,10019676.540000008,False,0.0010002917224806,0.0,0.0,-116.0,213452.0,-0.0005434477072128629,0.005075325618622333,10876.0,10633.85,True
2019-04-17,2019-04-16,1,1,1,TX201905,False,14200.0,0.0,0.0,0.0,0.0,14200.0,10033876.540000008,False,0.0014172114182839,0.0,0.0,1223.0,216435.0,0.005650657241204057,0.004553919091939402,10931.0,10659.7,True
2019-04-18,2019-04-17,1,1,1,TX201905,False,-11000.0,0.0,0.0,0.0,0.0,-11000.0,10022876.540000008,False,-0.0010962861617988,-0.0010962861617987,-11000.0,679.0,157265.0,0.0043175531745779415,0.003923313979692452,11004.0,10686.05,True
2019-04-19,2019-04-18,1,1,1,TX201905,False,6600.0,0.0,0.0,0.0,0.0,6600.0,10029476.540000008,False,0.0006584935944945,-0.0004385144647195,-4400.0,-245.0,124857.0,-0.0019622448080604212,0.0037006763291393035,10939.0,10707.95,True
2019-04-22,2019-04-19,1,1,1,TX201905,False,1200.0,0.0,0.0,0.0,0.0,1200.0,10030676.540000008,False,0.0001196473210953,-0.000318919610705,-3200.0,425.0,93103.0,0.004564836793658636,0.004037616634103429,10972.0,10729.3,True
2019-04-23,2019-04-22,1,1,1,TX201905,False,9200.0,0.0,0.0,0.0,0.0,9200.0,10039876.540000008,False,0.0009171863895034,0.0,0.0,-1879.0,65365.0,-0.02874627094010556,0.0006555238606272397,10978.0,10748.7,True
2019-04-24,2019-04-23,1,1,1,TX201905,False,-3000.0,0.0,0.0,0.0,0.0,-3000.0,10036876.540000008,False,-0.0002988084552681,-0.000298808455268,-3000.0,797.0,108575.0,0.007340548008289201,0.0020212166566565713,11024.0,10769.25,True
2019-04-25,2019-04-24,1,1,1,TX201905,False,4400.0,0.0,0.0,0.0,0.0,4400.0,10041276.540000008,False,0.0004383833937245,0.0,0.0,-3462.0,116442.0,-0.029731540165919515,0.002564354412613359,11009.0,10797.8,True
2019-04-26,2019-04-25,1,1,1,TX201905,False,-19600.0,0.0,0.0,0.0,0.0,-19600.0,10021676.540000008,False,-0.0019519430544435,-0.0019519430544435,-19600.0,3465.0,105739.0,0.0327693660806325,0.003296861955058402,11031.0,10823.25,True
2019-04-29,2019-04-26,1,1,1,TX201905,False,-200.0,0.0,0.0,0.0,0.0,-200.0,10021476.540000008,False,-1.995674069121372e-05,-0.0019718608407134,-19800.0,-7104.0,140446.0,-0.05058171824046253,0.0010002331362353625,10933.0,10843.9,True
2019-04-30,2019-04-29,1,1,1,TX201905,False,4000.0,0.0,0.0,0.0,0.0,4000.0,10025476.540000008,False,0.0003991427794132,-0.0015735051153167,-15800.0,1735.0,102125.0,0.016988984088127296,0.00021678625057081798,10932.0,10865.85,True
2019-05-02,2019-04-30,1,1,1,TX201905,False,5200.0,0.0,0.0,0.0,0.0,5200.0,10030676.540000008,False,0.0005186785864245,-0.001055642672301,-10600.0,3859.0,102753.0,0.03755608108765681,0.002139012710375258,10952.0,10883.55,True
2019-05-03,2019-05-02,1,1,1,TX201905,False,22800.0,0.0,0.0,0.0,0.0,22800.0,10053476.540000008,False,0.0022730271392043,0.0,0.0,-1225.0,127927.0,-0.00957577368342883,0.0017921804232204548,10978.0,10900.55,True
2019-05-06,2019-05-03,1,1,1,TX201905,False,-47000.0,0.0,0.0,0.0,0.0,-47000.0,10006476.540000008,False,-0.0046749997190524,-0.0046749997190523,-47000.0,5661.0,125193.0,0.04521818312525461,0.0034566091436020853,11092.0,10921.35,True
2019-05-07,2019-05-06,0,1,0,,False,8600.0,50.0,43.592000000000006,400.0,493.592,8106.407999999999,10014582.948000006,False,0.0008101161250511,-0.0038686708866583,-38893.59200000018,-10931.0,172587.0,-0.06333617248112546,0.00025704788163065167,10857.0,10929.55,False
2019-05-08,2019-05-07,1,0,1,TX201905,False,8800.0,50.0,43.404,400.0,493.404,8306.596,10022889.544000007,False,0.0008294500173528,-0.0030424297384394,-30586.995999999344,5410.0,151794.0,0.03564040739423165,0.0013041493986322207,10970.0,10939.55,True
2019-05-09,2019-05-08,0,1,0,,False,-7800.0,50.0,43.408,400.0,493.408,-8293.408,10014596.136000007,False,-0.0008274468119789,-0.0038673591016306,-38880.403999999166,-3223.0,181965.0,-0.017712197400599015,-0.0024571974833011677,10893.0,10942.05,False
2019-05-10,2019-05-09,0,0,0,,False,0.0,0.0,0.0,0.0,0.0,0.0,10014596.136000007,False,0.0,-0.0038673591016306,-38880.403999999166,-6187.0,223677.0,-0.027660421053572786,-0.0023859095309999487,10746.0,10936.25,False
2019-05-13,2019-05-10,0,0,0,,False,0.0,0.0,0.0,0.0,0.0,0.0,10014596.136000007,False,0.0,-0.0038673591016306,-38880.403999999166,5696.0,399664.0,0.0142519716561912,-0.0015555542139771507,10745.0,10933.2,False
2019-05-14,2019-05-13,0,0,0,,False,0.0,0.0,0.0,0.0,0.0,0.0,10014596.136000007,False,0.0,-0.0038673591016306,-38880.403999999166,-9154.0,343620.0,-0.026639892904953145,-0.0026095545367808117,10576.0,10921.9,False
2019-05-15,2019-05-14,0,0,0,,False,0.0,0.0,0.0,0.0,0.0,0.0,10014596.136000007,False,0.0,-0.0038673591016306,-38880.403999999166,-25.0,386767.0,-6.46383998634837e-05,-0.0025856140714133422,10532.0,10904.7,False
2019-05-16,2019-05-15,0,0,0,,False,0.0,0.0,0.0,0.0,0.0,0.0,10014596.136000007,False,0.0,-0.0038673591016306,-38880.403999999166,4563.0,229135.0,0.01991402448338316,-0.0018724457093043875,10579.0,10887.1,False
2019-05-17,2019-05-16,0,0,0,,False,0.0,0.0,0.0,0.0,0.0,0.0,10014596.136000007,False,0.0,-0.0038673591016306,-38880.403999999166,-819.0,184711.0,-0.004433953581540894,-0.0023100210471103293,10488.0,10861.3,False
2019-05-20,2019-05-17,0,0,0,,False,0.0,0.0,0.0,0.0,0.0,0.0,10014596.136000007,False,0.0,-0.0038673591016306,-38880.403999999166,-3289.0,183271.0,-0.017946101674569354,-0.003109213890435776,10411.0,10834.9,False
2019-05-21,2019-05-20,0,0,0,,False,0.0,0.0,0.0,0.0,0.0,0.0,10014596.136000007,False,0.0,-0.0038673591016306,-38880.403999999166,2669.0,197197.0,0.013534688661592215,-0.002660721297039097,10433.0,10807.95,False
2019-05-22,2019-05-21,0,0,0,,False,0.0,0.0,0.0,0.0,0.0,0.0,10014596.136000007,False,0.0,-0.0038673591016306,-38880.403999999166,-1182.0,193544.0,-0.006107138428471046,-0.0015287646714573712,10487.0,10783.4,False
2019-05-23,2019-05-22,0,0,0,,False,0.0,0.0,0.0,0.0,0.0,0.0,10014596.136000007,False,0.0,-0.0038673591016306,-38880.403999999166,280.0,157548.0,0.0017772361439053494,-0.0018069302646765636,10480.0,10756.2,False
2019-05-24,2019-05-23,0,0,0,,False,0.0,0.0,0.0,0.0,0.0,0.0,10014596.136000007,False,0.0,-0.0038673591016306,-38880.403999999166,-5338.0,179458.0,-0.029745121421168183,-0.001807609327438997,10310.0,10721.25,False
2019-05-27,2019-05-24,0,0,0,,False,0.0,0.0,0.0,0.0,0.0,0.0,10014596.136000007,False,0.0,-0.0038673591016306,-38880.403999999166,2597.0,161969.0,0.01603393241916663,-0.0026443810105122906,10344.0,10686.9,False
2019-05-28,2019-05-27,0,0,0,,False,0.0,0.0,0.0,0.0,0.0,0.0,10014596.136000007,False,0.0,-0.0038673591016306,-38880.403999999166,822.0,127056.0,0.006469588213071402,0.00020818431216440572,10333.0,10656.9,False
2019-05-29,2019-05-28,0,0,0,,False,0.0,0.0,0.0,0.0,0.0,0.0,10014596.136000007,False,0.0,-0.0038673591016306,-38880.403999999166,-1216.0,87472.0,-0.0139015913663801,-0.001336344460560964,10340.0,10627.3,False
2019-05-30,2019-05-29,0,0,0,,False,0.0,0.0,0.0,0.0,0.0,0.0,10014596.136000007,False,0.0,-0.0038673591016306,-38880.403999999166,1946.0,124796.0,0.015593448507965,-0.0024344760895455542,10291.0,10594.25,False
2019-05-31,2019-05-30,0,0,0,,False,0.0,0.0,0.0,0.0,0.0,0.0,10014596.136000007,False,0.0,-0.0038673591016306,-38880.403999999166,-211.0,149839.0,-0.0014081781111726587,-0.002026096310932746,10367.0,10563.7,False
2019-06-03,2019-05-31,0,0,0,,False,0.0,0.0,0.0,0.0,0.0,0.0,10014596.136000007,False,0.0,-0.0038673591016306,-38880.403999999166,3423.0,154483.0,0.022157777878472066,-0.0031791165732718727,10455.0,10531.85,False
2019-06-04,2019-06-03,0,0,0,,False,0.0,0.0,0.0,0.0,0.0,0.0,10014596.136000007,False,0.0,-0.0038673591016306,-38880.403999999166,-1733.0,160317.0,-0.010809833018332429,-0.0005527996001322221,10471.0,10512.55,False
2019-06-05,2019-06-04,0,0,0,,False,0.0,0.0,0.0,0.0,0.0,0.0,10014596.136000007,False,0.0,-0.0038673591016306,-38880.403999999166,-3654.0,129948.0,-0.028118939883645767,-0.0037407669640260933,10416.0,10484.85,False
2019-06-06,2019-06-05,0,0,0,,False,0.0,0.0,0.0,0.0,0.0,0.0,10014596.136000007,False,0.0,-0.0038673591016306,-38880.403999999166,-1631.0,131531.0,-0.012400118603219013,-0.003475163024157093,10456.0,10463.0,False
2019-06-10,2019-06-06,0,0,0,,False,0.0,0.0,0.0,0.0,0.0,0.0,10014596.136000007,False,0.0,-0.0038673591016306,-38880.403999999166,-1568.0,140286.0,-0.011177166645281782,-0.002651000303742543,10360.0,10443.7,False
2019-06-11,2019-06-10,0,0,0,,False,0.0,0.0,0.0,0.0,0.0,0.0,10014596.136000007,False,0.0,-0.0038673591016306,-38880.403999999166,6341.0,148699.0,0.04264319195152624,-0.001231439288975791,10539.0,10433.4,False
2019-06-12,2019-06-11,1,0,1,TX201906,False,1000.0,50.0,42.356,400.0,492.356,507.644,10015103.780000009,False,5.069041158585965e-05,-0.0038168647280694,-38372.75999999978,2380.0,119864.0,0.01985583661483014,0.0010933471870133733,10592.0,10434.2,True
2019-06-13,2019-06-12,1,1,1,TX201906,False,-12600.0,0.0,0.0,0.0,0.0,-12600.0,10002503.780000009,False,-0.0012580997937497,-0.005070162525092,-50972.75999999978,1564.0,112286.0,0.013928717738631708,0.0017930149939381329,10592.0,10437.2,True
2019-06-14,2019-06-13,0,1,0,,False,1000.0,50.0,42.128,400.0,492.128,507.872,10003011.652000006,False,5.0774487185447446e-05,-0.0050196454728087,-50464.88800000027,-3848.0,144224.0,-0.026680718881739517,-0.0005367221743180009,10529.0,10434.7,False
2019-06-17,2019-06-14,0,0,0,,False,0.0,0.0,0.0,0.0,0.0,0.0,10003011.652000006,False,0.0,-0.0050196454728087,-50464.88800000027,134.0,137666.0,0.0009733703310911918,-0.0002663559786863966,10529.0,10436.75,False
2019-06-18,2019-06-17,1,0,1,TX201907,True,2800.0,150.0,125.728,1200.0,1475.728,1324.272,10004335.924000006,False,0.0001323873295434,-0.0048879226807247,-49140.61600000039,536.0,228514.0,0.0023455893293189913,0.0007482285715080207,10545.0,10443.45,True
2019-06-19,2019-06-18,0,1,0,,False,24800.0,50.0,41.84,400.0,491.84,24308.16,10028644.084000006,False,0.0024297624734577,-0.0024700366983698,-24832.45600000024,-2071.0,188699.0,-0.010975150901700592,-0.00047726340665661963,10553.0,10449.45,False
2019-06-20,2019-06-19,1,0,1,TX201907,False,3200.0,50.0,42.30800000000001,400.0,492.308,2707.692,10031351.776000006,False,0.0002699958217003,-0.0022007077762574,-22124.764000000432,6509.0,230689.0,0.02821547624724196,0.0012388673271290305,10770.0,10463.6,True
2019-06-21,2019-06-20,1,1,1,TX201907,False,-1200.0,0.0,0.0,0.0,0.0,-1200.0,10030151.776000006,False,-0.0001196249545221,-0.0023200694712119,-23324.764000000432,63.0,104679.0,0.0006018399105837848,0.0011800975154629522,10591.0,10469.15,True
2019-06-24,2019-06-21,1,1,1,TX201907,False,7600.0,0.0,0.0,0.0,0.0,7600.0,10037751.776000006,False,0.0007577153536385,-0.0015641120698333,-15724.764000000432,-1034.0,131872.0,-0.007840936665857801,0.0022753067532284713,10585.0,10482.9,True
2019-06-25,2019-06-24,0,1,0,,False,-600.0,50.0,42.472,400.0,492.472,-1092.472,10036659.304000009,False,-0.0001088363235492,-0.0016727781611752,-16817.235999999568,-3132.0,104892.0,-0.02985928383480151,-1.9354059469935647e-05,10623.0,10496.85,False
2019-06-26,2019-06-25,0,0,0,,False,0.0,0.0,0.0,0.0,0.0,0.0,10036659.304000009,False,0.0,-0.0016727781611752,-16817.235999999568,-1678.0,110762.0,-0.015149600043336162,-0.0011003134722903137,10540.0,10507.2,False
2019-06-27,2019-06-26,0,0,0,,False,0.0,0.0,0.0,0.0,0.0,0.0,10036659.304000009,False,0.0,-0.0016727781611752,-16817.235999999568,-1133.0,115059.0,-0.009847121911367211,-0.0008975899995396694,10503.0,10515.35,False
2019-06-28,2019-06-27,1,0,1,TX201907,False,-8200.0,50.0,42.492,400.0,492.492,-8692.492,10027966.812000006,False,-0.0008660742321437,-0.0025374036432574,-25509.72800000012,4728.0,128894.0,0.03668130401725449,0.00015680277592480495,10622.0,10531.9,True
2019-07-01,2019-06-28,1,1,1,TX201907,False,37400.0,0.0,0.0,0.0,0.0,37400.0,10065366.812000006,False,0.0037295695828635,0.0,0.0,-19.0,103233.0,-0.00018404967403834045,0.0002180091977815209,10580.0,10542.55,True
2019-07-02,2019-07-01,0,1,0,,False,-5800.0,50.0,42.944,400.0,492.944,-6292.944,10059073.868000006,False,-0.000625207617123,-0.000625207617123,-6292.944000000134,1643.0,113871.0,0.014428607810592688,-0.00016844930561244796,10767.0,10558.15,False
2019-07-03,2019-07-02,0,0,0,,False,0.0,0.0,0.0,0.0,0.0,0.0,10059073.868000006,False,0.0,-0.000625207617123,-6292.944000000134,-1275.0,82669.0,-0.015422951771522577,-0.0003991052432719554,10749.0,10572.05,False
2019-07-04,2019-07-03,1,0,1,TX201907,False,3800.0,50.0,42.772000000000006,400.0,492.772,3307.228,10062381.096000006,False,0.0003287805660241,-0.0002966326072131,-2985.716000000015,451.0,132823.0,0.0033954962619425853,0.001176616564007462,10641.0,10583.3,True
2019-07-05,2019-07-04,1,1,1,TX201907,False,1600.0,0.0,0.0,0.0,0.0,1600.0,10063981.096000006,False,0.0001590080901066,-0.0001376716840908,-1385.716000000015,2220.0,82696.0,0.026845312953468124,0.00313888814184182,10710.0,10596.0,True
2019-07-08,2019-07-05,1,1,1,TX201907,False,-10600.0,0.0,0.0,0.0,0.0,-10600.0,10053381.096000006,False,-0.0010532611199173,-0.0011907877997759,-11985.716000000017,-1087.0,75065.0,-0.014480783321121694,0.0029737073080498234,10718.0,10613.9,True
2019-07-09,2019-07-08,1,1,1,TX201907,False,-3000.0,0.0,0.0,0.0,0.0,-3000.0,10050381.096000006,False,-0.000298407070353,-0.0014888395306302,-14985.716000000017,85.0,123409.0,0.0006887666215592055,0.0008759860415514722,10665.0,10620.2,True
2019-07-10,2019-07-09,0,1,0,,False,9800.0,50.0,42.788,400.0,492.788,9307.212,10059688.308000006,False,0.0009260556302391,-0.0005641626486211,-5678.504000000656,-2431.0,85429.0,-0.02845637898137635,-0.0015396247382588523,10650.0,10623.1,False
2019-07-11,2019-07-10,0,0,0,,False,0.0,0.0,0.0,0.0,0.0,0.0,10059688.308000006,False,0.0,-0.0005641626486211,-5678.504000000656,4056.0,118320.0,0.03427991886409736,-0.0005220646819855696,10731.0,10630.05,False
2019-07-12,2019-07-11,1,0,1,TX201907,False,4200.0,50.0,43.164,400.0,493.164,3706.836,10063395.144000003,False,0.0003684841802754,-0.0001958863533567,-1971.6680000014603,1092.0,122946.0,0.008881948172368356,0.001256068670719824,10814.0,10644.3,True
2019-07-15,2019-07-12,1,1,1,TX201907,False,7800.0,0.0,0.0,0.0,0.0,7800.0,10071195.144000003,False,0.0007750863290557,0.0,0.0,-505.0,128685.0,-0.003924311302793643,0.0010111845890255823,10810.0,10658.35,True
2019-07-16,2019-07-15,1,1,1,TX201908,True,5400.0,100.0,86.412,800.0,986.412,4413.588,10075608.732000005,False,0.0004382387528881,0.0,0.0,-275.0,242693.0,-0.001133118796174591,0.0008372491827509031,10849.0,10673.55,True
2019-07-17,2019-07-16,1,1,1,TX201908,False,-12200.0,0.0,0.0,0.0,0.0,-12200.0,10063408.732000005,False,-0.0012108449548316,-0.0012108449548317,-12200.0,-2932.0,201750.0,-0.014532837670384139,0.000659364844316726,10876.0,10689.7,True
2019-07-18,2019-07-17,0,1,0,,False,-8200.0,50.0,42.492,400.0,492.492,-8692.492,10054716.240000004,False,-0.0008637721304471,-0.0020735711911525,-20892.49200000055,-3504.0,150388.0,-0.023299731361544805,-0.0019163955361226122,10831.0,10692.75,False
2019-07-19,2019-07-18,0,0,0,,False,0.0,0.0,0.0,0.0,0.0,0.0,10054716.240000004,False,0.0,-0.0020735711911525,-20892.49200000055,4494.0,83232.0,0.05399365628604383,0.0007531952826503902,10651.0,10695.75,False
2019-07-22,2019-07-19,1,0,1,TX201908,False,11800.0,50.0,42.948,400.0,492.948,11307.052,10066023.292000003,False,0.0011245520738832,-0.0009513509560526,-9585.44000000134,199.0,121553.0,0.0016371459363405264,0.0012270994127603063,10744.0,10703.7,True
2019-07-23,2019-07-22,1,1,1,TX201908,False,1800.0,0.0,0.0,0.0,0.0,1800.0,10067823.292000003,False,0.0001788193756148,-0.0007727017004218,-7785.440000001341,4931.0,95029.0,0.051889423228698606,0.005314534765935313,10794.0,10712.25,True
2019-07-24,2019-07-23,1,1,1,TX201908,False,200.0,0.0,0.0,0.0,0.0,200.0,10068023.292000003,False,1.9865267218081e-05,-0.0007528517831294,-7585.440000001341,-878.0,87336.0,-0.010053128148758816,0.00556935836066418,10803.0,10725.4,True
2019-07-25,2019-07-24,1,1,1,TX201908,False,3600.0,0.0,0.0,0.0,0.0,3600.0,10071623.292000003,False,0.0003575677067474,-0.0003955532718676,-3985.440000001341,-430.0,83330.0,-0.00516020640825633,0.005803704135819723,10804.0,10740.45,True
2019-07-26,2019-07-25,1,1,1,TX201908,False,-7000.0,0.0,0.0,0.0,0.0,-7000.0,10064623.292000003,False,-0.0006950220234666,-0.001090300377099,-10985.44000000134,1268.0,80354.0,0.015780172735644773,0.004758647571739237,10822.0,10750.45,True
2019-07-29,2019-07-26,1,1,1,TX201908,False,-1000.0,0.0,0.0,0.0,0.0,-1000.0,10063623.292000003,False,-9.935791643536851e-05,-0.0011895499635605,-11985.44000000134,-3117.0,73017.0,-0.04268868893545339,0.002633415608668485,10787.0,10760.8,True
2019-07-30,2019-07-29,1,1,1,TX201908,False,-6000.0,0.0,0.0,0.0,0.0,-6000.0,10057623.292000003,False,-0.0005962067364713,-0.0017850474823302,-17985.44000000134,-103.0,88607.0,-0.001162436376358527,0.0018538633993209243,10782.0,10761.55,True
2019-07-31,2019-07-30,0,1,0,,False,-6200.0,50.0,42.876000000000005,400.0,492.876,-6692.876,10050930.416000005,False,-0.0006654530405134,-0.002449312657569,-24678.316000001505,-5877.0,95753.0,-0.06137666704959636,-0.000443822364582765,10752.0,10761.7,False
2019-08-01,2019-07-31,0,0,0,,False,0.0,0.0,0.0,0.0,0.0,0.0,10050930.416000005,False,0.0,-0.002449312657569,-24678.316000001505,2217.0,128385.0,0.017268372473419794,0.0002498214459910954,10737.0,10766.5,False
2019-08-02,2019-08-01,0,0,0,,False,0.0,0.0,0.0,0.0,0.0,0.0,10050930.416000005,False,0.0,-0.002449312657569,-24678.316000001505,-3817.0,142435.0,-0.026798188647453224,-0.002432353634054972,10644.0,10763.2,False
2019-08-05,2019-08-02,0,0,0,,False,0.0,0.0,0.0,0.0,0.0,0.0,10050930.416000005,False,0.0,-0.002449312657569,-24678.316000001505,-3053.0,212835.0,-0.014344445227523669,-0.0024255367293750706,10469.0,10750.75,False
2019-08-06,2019-08-05,0,0,0,,False,0.0,0.0,0.0,0.0,0.0,0.0,10050930.416000005,False,0.0,-0.002449312657569,-24678.316000001505,1419.0,202391.0,0.00701118132723293,-0.0021094159940913846,10379.0,10736.45,False
2019-08-07,2019-08-06,0,0,0,,False,0.0,0.0,0.0,0.0,0.0,0.0,10050930.416000005,False,0.0,-0.002449312657569,-24678.316000001505,1531.0,273851.0,0.005590631401747666,-0.0004070654749351836,10331.0,10720.5,False
2019-08-08,2019-08-07,0,0,0,,False,0.0,0.0,0.0,0.0,0.0,0.0,10050930.416000005,False,0.0,-0.002449312657569,-24678.316000001505,4545.0,170971.0,0.026583455673769237,-0.0007918886344515897,10347.0,10701.3,False
2019-08-12,2019-08-08,0,0,0,,False,0.0,0.0,0.0,0.0,0.0,0.0,10050930.416000005,False,0.0,-0.002449312657569,-24678.316000001505,1860.0,205200.0,0.009064327485380117,-0.0007827696688010019,10439.0,10682.55,False
2019-08-13,2019-08-12,0,0,0,,False,0.0,0.0,0.0,0.0,0.0,0.0,10050930.416000005,False,0.0,-0.002449312657569,-24678.316000001505,-566.0,112374.0,-0.005036752273657607,-0.0008383917173442002,10441.0,10664.1,False
2019-08-14,2019-08-13,0,0,0,,False,0.0,0.0,0.0,0.0,0.0,0.0,10050930.416000005,False,0.0,-0.002449312657569,-24678.316000001505,-238.0,140294.0,-0.0016964374812892926,-0.0008665576515999353,10342.0,10638.75,False
2019-08-15,2019-08-14,0,0,0,,False,0.0,0.0,0.0,0.0,0.0,0.0,10050930.416000005,False,0.0,-0.002449312657569,-24678.316000001505,-418.0,188310.0,-0.0022197440390844883,-0.00025090297003495276,10429.0,10616.4,False
2019-08-16,2019-08-15,0,0,0,,False,0.0,0.0,0.0,0.0,0.0,0.0,10050930.416000005,False,0.0,-0.002449312657569,-24678.316000001505,-1189.0,193005.0,-0.006160462164192637,0.0006060604898326556,10301.0,10589.9,False
2019-08-19,2019-08-16,0,0,0,,False,0.0,0.0,0.0,0.0,0.0,0.0,10050930.416000005,False,0.0,-0.002449312657569,-24678.316000001505,2227.0,270613.0,0.00822946421642715,-0.0016821491136481785,10414.0,10578.05,False
2019-08-20,2019-08-19,0,0,0,,False,0.0,0.0,0.0,0.0,0.0,0.0,10050930.416000005,False,0.0,-0.002449312657569,-24678.316000001505,741.0,236533.0,0.0031327552603653613,-0.0016073686474469366,10484.0,10565.05,False
2019-08-21,2019-08-20,0,0,0,,False,0.0,0.0,0.0,0.0,0.0,0.0,10050930.416000005,False,0.0,-0.002449312657569,-24678.316000001505,928.0,196240.0,0.004728903383611904,-0.003965394639701272,10527.0,10551.7,False
2019-08-22,2019-08-21,0,0,0,,False,0.0,0.0,0.0,0.0,0.0,0.0,10050930.416000005,False,0.0,-0.002449312657569,-24678.316000001505,1519.0,148555.0,0.010225169129278719,-0.002951479775799395,10528.0,10537.95,False
2019-08-23,2019-08-22,0,0,0,,False,0.0,0.0,0.0,0.0,0.0,0.0,10050930.416000005,False,0.0,-0.002449312657569,-24678.316000001505,-2275.0,119119.0,-0.019098548510313215,-0.0036483968809022395,10477.0,10521.6,False
2019-08-26,2019-08-23,0,0,0,,False,0.0,0.0,0.0,0.0,0.0,0.0,10050930.416000005,False,0.0,-0.002449312657569,-24678.316000001505,2153.0,97573.0,0.022065530423375317,-0.0033341289965157124,10499.0,10505.45,False
2019-08-27,2019-08-26,0,0,0,,False,0.0,0.0,0.0,0.0,0.0,0.0,10050930.416000005,False,0.0,-0.002449312657569,-24678.316000001505,-4365.0,203377.0,-0.021462603932598082,-0.0022728247463729466,10307.0,10481.45,False
2019-08-28,2019-08-27,0,0,0,,False,0.0,0.0,0.0,0.0,0.0,0.0,10050930.416000005,False,0.0,-0.002449312657569,-24678.316000001505,3894.0,116248.0,0.03349735049205148,-0.000539835402952446,10364.0,10460.55,False
2019-08-29,2019-08-28,0,0,0,,False,0.0,0.0,0.0,0.0,0.0,0.0,10050930.416000005,False,0.0,-0.002449312657569,-24678.316000001505,99.0,120159.0,0.0008239083214740469,0.002570193365601074,10413.0,10443.6,False
2019-08-30,2019-08-29,1,0,1,TX201909,False,11200.0,50.0,42.088,400.0,492.088,10707.912,10061638.328000003,False,0.0010653652504602,-0.0013865568197017,-13970.404000001028,3604.0,102808.0,0.035055637693564706,0.003459556626608319,10430.0,10428.25,True
2019-09-02,2019-08-30,1,1,1,TX201909,False,5800.0,0.0,0.0,0.0,0.0,5800.0,10067438.328000003,False,0.0005764468778269,-0.0008109092182243,-8170.404000001028,2333.0,110561.0,0.021101473394777543,0.0058545397287198585,10576.0,10424.85,True
2019-09-03,2019-09-02,1,1,1,TX201909,False,-12400.0,0.0,0.0,0.0,0.0,-12400.0,10055038.328000003,False,-0.00123169366387,-0.0020416040903483,-20570.404000001028,2061.0,76327.0,0.02700224036055393,0.007921874008123737,10605.0,10431.65,True
2019-09-04,2019-09-03,1,1,1,TX201909,False,20200.0,0.0,0.0,0.0,0.0,20200.0,10075238.328000003,False,0.0020089431130013,-3.676244382377902e-05,-370.4040000010282,-3645.0,98749.0,-0.03691176619510071,0.0057257266320070565,10543.0,10439.85,True
2019-09-05,2019-09-04,1,1,1,TX201909,False,18200.0,0.0,0.0,0.0,0.0,18200.0,10093438.328000003,False,0.0018064088816063,0.0,0.0,3822.0,111872.0,0.03416404462242563,0.007154397293040954,10644.0,10455.5,True
2019-09-06,2019-09-05,1,1,1,TX201909,False,6600.0,0.0,0.0,0.0,0.0,6600.0,10100038.328000003,False,0.0006538901596783,0.0,0.0,55.0,109457.0,0.0005024804261034013,0.005850348530657662,10735.0,10474.9,True
2019-09-09,2019-09-06,1,1,1,TX201909,False,4800.0,0.0,0.0,0.0,0.0,4800.0,10104838.328000003,False,0.0004752457212655,0.0,0.0,2800.0,85752.0,0.03265229965481855,0.007029747139129584,10768.0,10491.35,True
2019-09-10,2019-09-09,1,1,1,TX201909,False,-9800.0,0.0,0.0,0.0,0.0,-9800.0,10095038.328000003,False,-0.0009698324388669,-0.0009698324388669,-9800.0,689.0,83349.0,0.008266445908169264,0.007694907048220926,10792.0,10508.9,True
2019-09-11,2019-09-10,1,1,1,TX201909,False,6000.0,0.0,0.0,0.0,0.0,6000.0,10101038.328000003,False,0.0005943513838236,-0.0003760574762953,-3800.0,-3117.0,83711.0,-0.03723524984769027,0.00591796642990088,10743.0,10528.95,True
2019-09-12,2019-09-11,1,1,1,TX201909,False,10200.0,0.0,0.0,0.0,0.0,10200.0,10111238.328000003,False,0.00100979717815,0.0,0.0,970.0,121466.0,0.007985773796782638,0.006428242321694236,10773.0,10546.15,True
2019-09-16,2019-09-12,1,1,1,TX201909,False,11400.0,0.0,0.0,0.0,0.0,11400.0,10122638.328000003,False,0.0011274583419155,0.0,0.0,-1231.0,151215.0,-0.008140726779750687,0.006329229090916333,10824.0,10572.3,True
2019-09-17,2019-09-16,1,1,1,TX201910,True,-3600.0,100.0,86.808,800.0,986.808,-4586.808,10118051.520000003,False,-0.0004531237658973,-0.0004531237658973,-4586.808000000194,6853.0,234267.0,0.02925294642437902,0.007380403201313926,10881.0,10595.65,True
2019-09-18,2019-09-17,1,1,1,TX201910,False,11200.0,0.0,0.0,0.0,0.0,11200.0,10129251.520000003,False,0.0011069324936586,0.0,0.0,-4624.0,198314.0,-0.023316558588904465,0.006057937508850435,10863.0,10614.6,True
2019-09-19,2019-09-18,1,1,1,TX201910,False,-5000.0,0.0,0.0,0.0,0.0,-5000.0,10124251.520000003,False,-0.0004936198879184,-0.0004936198879184,-5000.0,1514.0,135166.0,0.011201041682079813,0.00638154442377383,10959.0,10636.2,True
2019-09-20,2019-09-19,1,1,1,TX201910,False,6200.0,0.0,0.0,0.0,0.0,6200.0,10130451.520000003,False,0.0006123909493706,0.0,0.0,-2997.0,97363.0,-0.030781713792713866,0.004331200277674202,10870.0,10653.3,True
2019-09-23,2019-09-20,1,1,1,TX201910,False,-1400.0,0.0,0.0,0.0,0.0,-1400.0,10129051.520000003,False,-0.0001381971965648,-0.0001381971965648,-1400.0,3434.0,75036.0,0.04576469961085346,0.007574362683732535,10901.0,10674.5,True
2019-09-24,2019-09-23,1,1,1,TX201910,False,2800.0,0.0,0.0,0.0,0.0,2800.0,10131851.520000003,False,0.0002764325953393,0.0,0.0,-868.0,87124.0,-0.009962811624810615,0.005972945581323237,10894.0,10694.25,True
2019-09-25,2019-09-24,1,1,1,TX201910,False,-13400.0,0.0,0.0,0.0,0.0,-13400.0,10118451.520000003,False,-0.001322561821356,-0.001322561821356,-13400.0,-835.0,102283.0,-0.008163624453721537,0.006637894555267065,10908.0,10724.3,True
2019-09-26,2019-09-25,1,1,1,TX201910,False,400.0,0.0,0.0,0.0,0.0,400.0,10118851.520000003,False,3.953174052466082e-05,-0.001283082364002,-13000.0,-3523.0,117507.0,-0.02998119260980197,0.003463967400174393,10841.0,10748.15,True
2019-09-27,2019-09-26,1,1,1,TX201910,False,-3800.0,0.0,0.0,0.0,0.0,-3800.0,10115051.520000003,False,-0.0003755366893653,-0.0016581372088643,-16800.0,2059.0,104981.0,0.019613072841752316,0.004403425626188307,10843.0,10769.65,True
2019-10-01,2019-09-27,1,1,1,TX201910,False,26000.0,0.0,0.0,0.0,0.0,26000.0,10141051.520000003,False,0.0025704268484042,0.0,0.0,3216.0,113404.0,0.02835878804980424,0.004068583144000283,10824.0,10789.35,True
2019-10-02,2019-10-01,1,1,1,TX201910,False,-6400.0,0.0,0.0,0.0,0.0,-6400.0,10134651.520000003,False,-0.0006310982630724,-0.0006310982630723,-6400.0,4047.0,128129.0,0.031585355384027035,0.004592777243462758,10954.0,10808.25,True
2019-10-03,2019-10-02,1,1,1,TX201910,False,-14200.0,0.0,0.0,0.0,0.0,-14200.0,10120451.520000003,False,-0.0014011335241253,-0.0020313475342643,-20600.0,-1233.0,96401.0,-0.0127903237518283,0.002603149037843646,10922.0,10824.1,True
2019-10-04,2019-10-03,1,1,1,TX201910,False,5800.0,0.0,0.0,0.0,0.0,5800.0,10126251.520000003,False,0.0005730969600059,-0.0014594147333549,-14800.0,1013.0,128381.0,0.007890575708243431,0.004843266133010853,10851.0,10839.5,True
2019-10-07,2019-10-04,1,1,1,TX201910,False,7000.0,0.0,0.0,0.0,0.0,7000.0,10133251.520000003,False,0.0006912725786214,-0.0007691510081194,-7800.0,1168.0,136002.0,0.008588108998397083,0.003564469351809426,10880.0,10851.3,True
2019-10-08,2019-10-07,1,1,1,TX201910,False,17200.0,0.0,0.0,0.0,0.0,17200.0,10150451.520000003,False,0.0016973821251798,0.0,0.0,249.0,94771.0,0.002627386014709141,0.0036707146312397127,10915.0,10860.3,True
2019-10-09,2019-10-08,1,1,1,TX201910,False,-24200.0,0.0,0.0,0.0,0.0,-24200.0,10126251.520000003,False,-0.0023841303958072,-0.0023841303958072,-24200.0,3457.0,120711.0,0.02863864933601743,0.0034700321152996566,11001.0,10871.95,True
2019-10-14,2019-10-09,1,1,1,TX201910,False,39200.0,0.0,0.0,0.0,0.0,39200.0,10165451.520000003,False,0.0038711264402802,0.0,0.0,-6846.0,159920.0,-0.04280890445222611,0.0009162645972798881,10880.0,10876.35,True
2019-10-15,2019-10-14,1,1,1,TX201911,True,6400.0,100.0,88.78,800.0,988.78,5411.22,10170862.740000004,False,0.0005323147711986,0.0,0.0,4249.0,259821.0,0.016353566493855384,0.0035957054143571704,11076.0,10893.0,True
2019-10-16,2019-10-15,1,1,1,TX201911,False,8800.0,0.0,0.0,0.0,0.0,8800.0,10179662.740000004,False,0.0008652166708917,0.0,0.0,637.0,234537.0,0.0027159893748107972,0.0033322161932585782,11108.0,10909.75,True
2019-10-17,2019-10-16,1,1,1,TX201911,False,5200.0,0.0,0.0,0.0,0.0,5200.0,10184862.740000004,False,0.0005108224243586,0.0,0.0,452.0,149792.0,0.0030175176244392225,0.0038901284134680745,11145.0,10925.8,True
2019-10-18,2019-10-17,1,1,1,TX201911,False,-1400.0,0.0,0.0,0.0,0.0,-1400.0,10183462.740000004,False,-0.0001374588971633,-0.0001374588971633,-1400.0,3204.0,68394.0,0.046846214580226336,0.00476979182126044,11157.0,10939.6,True
2019-10-21,2019-10-18,1,1,1,TX201911,False,1000.0,0.0,0.0,0.0,0.0,1000.0,10184462.740000004,False,9.819842479239036e-05,-3.927397061809224e-05,-400.0,-4051.0,125617.0,-0.03224881982534211,0.004323178759438558,11150.0,10953.95,True
2019-10-22,2019-10-21,1,1,1,TX201911,False,17400.0,0.0,0.0,0.0,0.0,17400.0,10201862.740000004,False,0.0017084848208694,0.0,0.0,-692.0,72486.0,-0.009546671081312253,0.003285793121268954,11155.0,10963.75,True
2019-10-23,2019-10-22,1,1,1,TX201911,False,-8200.0,0.0,0.0,0.0,0.0,-8200.0,10193662.740000004,False,-0.0008037747820159,-0.0008037747820159,-8200.0,2623.0,90085.0,0.029116945107398567,0.006280726066274575,11242.0,10982.35,True
2019-10-24,2019-10-23,1,1,1,TX201911,False,17800.0,0.0,0.0,0.0,0.0,17800.0,10211462.740000004,False,0.0017461829426779,0.0,0.0,-1077.0,90599.0,-0.01188754842768684,0.003398113664347561,11201.0,10997.35,True
2019-10-25,2019-10-24,1,1,1,TX201911,False,-1200.0,0.0,0.0,0.0,0.0,-1200.0,10210262.740000004,False,-0.0001175149957017,-0.0001175149957017,-1200.0,4128.0,76234.0,0.05414906734527901,0.006603707612852042,11290.0,11017.15,True
2019-10-28,2019-10-25,1,1,1,TX201911,False,5400.0,0.0,0.0,0.0,0.0,5400.0,10215662.740000004,False,0.0005288796319456,0.0,0.0,-2213.0,75469.0,-0.029323298307914508,0.0055457239201423935,11284.0,11035.95,True
2019-10-29,2019-10-28,1,1,1,TX201911,False,3000.0,0.0,0.0,0.0,0.0,3000.0,10218662.740000004,False,0.0002936667034095,0.0,0.0,2061.0,59847.0,0.03443781643190135,0.00876667437222756,11311.0,11059.45,True
2019-10-30,2019-10-29,1,1,1,TX201911,False,2400.0,0.0,0.0,0.0,0.0,2400.0,10221062.740000004,False,0.0002348643908762,0.0,0.0,-1491.0,84559.0,-0.017632658853581524,0.006904387787460867,11326.0,11083.6,True
2019-10-31,2019-10-30,1,1,1,TX201911,False,1600.0,0.0,0.0,0.0,0.0,1600.0,10222662.740000004,False,0.000156539495031,0.0,0.0,1075.0,72509.0,0.014825745769490684,0.00622773567344519,11338.0,11109.3,True
2019-11-01,2019-10-31,1,1,1,TX201911,False,5000.0,0.0,0.0,0.0,0.0,5000.0,10227662.740000004,False,0.0004891093570401,0.0,0.0,1350.0,88258.0,0.015296063812912144,0.005413271094889445,11346.0,11128.9,True
2019-11-04,2019-11-01,1,1,1,TX201911,False,34600.0,0.0,0.0,0.0,0.0,34600.0,10262262.740000004,False,0.003382982102517,0.0,0.0,739.0,77663.0,0.009515470687457348,0.006528560816853728,11371.0,11151.35,True
2019-11-05,2019-11-04,1,1,1,TX201911,False,20200.0,0.0,0.0,0.0,0.0,20200.0,10282462.740000004,False,0.0019683768104343,0.0,0.0,2354.0,114562.0,0.020547825631535763,0.007161423313018345,11544.0,11186.0,True
2019-11-06,2019-11-05,1,1,1,TX201911,False,1600.0,0.0,0.0,0.0,0.0,1600.0,10284062.740000004,False,0.0001556047457167,0.0,0.0,-2609.0,116965.0,-0.02230581797973753,0.005616726964111614,11645.0,11224.25,True
2019-11-07,2019-11-06,1,1,1,TX201911,False,-11400.0,0.0,0.0,0.0,0.0,-11400.0,10272662.740000004,False,-0.0011085113236094,-0.0011085113236094,-11400.0,-301.0,115893.0,-0.002597223300803327,0.00535549649833599,11653.0,11261.15,True
2019-11-08,2019-11-07,1,1,1,TX201911,False,-4600.0,0.0,0.0,0.0,0.0,-4600.0,10268062.740000004,False,-0.0004477904236151,-0.0015558053664693,-16000.0,-3031.0,100825.0,-0.030061988594098685,0.0024204646018301844,11596.0,11290.9,True
2019-11-11,2019-11-08,1,1,1,TX201911,False,-27200.0,0.0,0.0,0.0,0.0,-27200.0,10240862.740000004,False,-0.0026489904365348,-0.0042006744894673,-43200.0,-587.0,113569.0,-0.005168663984009721,0.004302476625241004,11573.0,11325.55,True
2019-11-12,2019-11-11,1,1,1,TX201911,False,17200.0,0.0,0.0,0.0,0.0,17200.0,10258062.740000004,False,0.0016795459949695,-0.0025281837205127,-26000.0,-3258.0,131182.0,-0.024835724413410375,0.002243012079877716,11437.0,11343.6,True
2019-11-13,2019-11-12,1,1,1,TX201911,False,-11400.0,0.0,0.0,0.0,0.0,-11400.0,10246662.740000004,False,-0.0011113209471362,-0.0036366950441222,-37400.0,1780.0,98792.0,0.018017653251275408,0.0030080952737009466,11523.0,11364.35,True
2019-11-14,2019-11-13,1,1,1,TX201911,False,-2000.0,0.0,0.0,0.0,0.0,-2000.0,10244662.740000004,False,-0.0001951855009526,-0.0038311707149308,-39400.0,-167.0,116747.0,-0.001430443608829349,0.002785697212037518,11466.0,11380.4,True
2019-11-15,2019-11-14,1,1,1,TX201911,False,15200.0,0.0,0.0,0.0,0.0,15200.0,10259862.740000004,False,0.0014836994038517,-0.0023531556167849,-24200.0,-890.0,135274.0,-0.006579239173824978,0.00011442452433495236,11456.0,11395.35,True
2019-11-18,2019-11-15,1,1,1,TX201911,False,12200.0,0.0,0.0,0.0,0.0,12200.0,10272062.740000004,False,0.0011890997286382,-0.001166854024852,-12000.0,-1697.0,153889.0,-0.011027428861062194,0.0011754940725489482,11532.0,11414.45,True
2019-11-19,2019-11-18,1,1,1,TX201912,True,10200.0,100.0,93.136,800.0,993.136,9206.864,10281269.604000004,False,0.0008963013790937,-0.0002715984986298,-2793.1359999999404,870.0,216746.0,0.004013914905004014,0.0018535233718647616,11593.0,11436.35,True
2019-11-20,2019-11-19,1,1,1,TX201912,False,-7800.0,0.0,0.0,0.0,0.0,-7800.0,10273469.604000004,False,-0.0007586611673878,-0.0010300536147838,-10593.13599999994,-82.0,182664.0,-0.00044891166294398456,0.00037523053334763407,11644.0,11456.45,True
2019-11-21,2019-11-20,1,1,1,TX201912,False,-11400.0,0.0,0.0,0.0,0.0,-11400.0,10262069.604000004,False,-0.0011096543270601,-0.0021385649383931,-21993.13599999994,-1133.0,144145.0,-0.00786014083041382,0.000576600913211285,11607.0,11476.75,True
2019-11-22,2019-11-21,0,1,0,,False,4200.0,50.0,46.252,400.0,496.252,3703.748,10265773.352000004,False,0.000360916281308,-0.0017784204999901,-18289.38800000027,614.0,153280.0,0.004005741127348643,-0.001930565397685233,11544.0,11489.45,False
2019-11-25,2019-11-22,0,0,0,,False,0.0,0.0,0.0,0.0,0.0,0.0,10265773.352000004,False,0.0,-0.0017784204999901,-18289.38800000027,-2147.0,93269.0,-0.02301943839861047,-0.0016153724022200313,11556.0,11503.05,False
2019-11-26,2019-11-25,0,0,0,,False,0.0,0.0,0.0,0.0,0.0,0.0,10265773.352000004,False,0.0,-0.0017784204999901,-18289.38800000027,419.0,91659.0,0.004571291417100339,-0.0031086986529600814,11565.0,11515.75,False
2019-11-27,2019-11-26,0,0,0,,False,0.0,0.0,0.0,0.0,0.0,0.0,10265773.352000004,False,0.0,-0.0017784204999901,-18289.38800000027,2369.0,113793.0,0.02081850377439737,-0.0011861405215611374,11618.0,11530.35,False
2019-11-28,2019-11-27,1,0,1,TX201912,False,-8800.0,50.0,46.64,400.0,496.64,-9296.64,10256476.712000003,False,-0.0009055956800554,-0.0026824056501235,-27586.028000000864,2956.0,76040.0,0.038874276696475536,1.6286024788105328e-05,11647.0,11545.8,True
2019-11-29,2019-11-28,0,1,0,,False,-2000.0,50.0,46.408,400.0,496.408,-2496.408,10253980.304000003,False,-0.0002433982029208,-0.0029251509603296,-30082.436000000685,-4917.0,92355.0,-0.05324021439012506,-0.0034105278853637545,11614.0,11559.2,False
2019-12-02,2019-11-29,0,0,0,,False,0.0,0.0,0.0,0.0,0.0,0.0,10253980.304000003,False,0.0,-0.0029251509603296,-30082.436000000685,-7670.0,127126.0,-0.06033384201500873,-0.006902993520487059,11465.0,11563.9,False
2019-12-03,2019-12-02,0,0,0,,False,0.0,0.0,0.0,0.0,0.0,0.0,10253980.304000003,False,0.0,-0.0029251509603296,-30082.436000000685,5695.0,109901.0,0.05181936470095814,-0.00533941656701594,11502.0,11561.8,False
2019-12-04,2019-12-03,0,0,0,,False,0.0,0.0,0.0,0.0,0.0,0.0,10253980.304000003,False,0.0,-0.0029251509603296,-30082.436000000685,4336.0,121184.0,0.03578030102983892,-0.0024351106165371172,11524.0,11555.75,False
2019-12-05,2019-12-04,0,0,0,,False,0.0,0.0,0.0,0.0,0.0,0.0,10253980.304000003,False,0.0,-0.0029251509603296,-30082.436000000685,-1654.0,153886.0,-0.010748216212001092,-0.0028426602620970054,11503.0,11548.25,False
2019-12-06,2019-12-05,1,0,1,TX201912,False,-6600.0,50.0,46.588,400.0,496.588,-7096.588,10246883.716000004,False,-0.0006920812981503,-0.0036152078162059,-37179.02400000021,3955.0,117093.0,0.03377657075999419,0.0003492677056076379,11598.0,11548.35,True
2019-12-09,2019-12-06,1,1,1,TX201912,False,11800.0,0.0,0.0,0.0,0.0,11800.0,10258683.716000004,False,0.0011515696212668,-0.0024678013584347,-25379.02400000021,762.0,98320.0,0.0077502034174125305,0.0009952110756787503,11612.0,11550.3,True
2019-12-10,2019-12-09,1,1,1,TX201912,False,-9200.0,0.0,0.0,0.0,0.0,-9200.0,10249483.716000004,False,-0.0008968012129715,-0.0033623894441546,-34579.02400000021,813.0,92001.0,0.008836860468907947,0.0026788403197946665,11671.0,11562.0,True
2019-12-11,2019-12-10,0,1,0,,False,-5000.0,50.0,46.392,400.0,496.392,-5496.392,10243987.324000005,False,-0.0005362603768441,-0.0038968467047684,-40075.41600000113,-5907.0,83955.0,-0.07035912095765588,-0.001739998390651898,11625.0,11567.1,False
2019-12-12,2019-12-11,1,0,1,TX201912,False,17600.0,50.0,47.068000000000005,400.0,497.068,17102.932,10261090.256000005,False,0.001669558098723,-0.0022337946180208,-22972.484000001103,6300.0,127474.0,0.049421842885608046,0.000802615934069972,11706.0,11579.1,True
2019-12-13,2019-12-12,1,1,1,TX201912,False,22400.0,0.0,0.0,0.0,0.0,22400.0,10283490.256000005,False,0.0021830038954098,-5.566710496374139e-05,-572.4840000011027,1523.0,163493.0,0.009315383533239956,0.0015973470694232185,11853.0,11598.95,True
2019-12-16,2019-12-13,1,1,1,TX201912,False,-800.0,0.0,0.0,0.0,0.0,-800.0,10282690.256000005,False,-7.779459892357386e-05,-0.0001334573732871,-1372.484000001103,-2109.0,205857.0,-0.010244975881315671,0.0016364697184105448,11965.0,11620.6,True
2019-12-17,2019-12-16,1,1,1,TX202001,True,27800.0,100.0,96.76,800.0,996.76,26803.24,10309493.496000003,False,0.0026066369143386,0.0,0.0,1087.0,239635.0,0.0045360652659252616,0.0016625772364566068,11961.0,11639.0,True
2019-12-18,2019-12-17,1,1,1,TX202001,False,800.0,0.0,0.0,0.0,0.0,800.0,10310293.496000003,False,7.759838059070442e-05,0.0,0.0,-3687.0,210225.0,-0.01753835176596504,0.0008081052313055542,12100.0,11661.8,True
2019-12-19,2019-12-18,1,1,1,TX202001,False,-12800.0,0.0,0.0,0.0,0.0,-12800.0,10297493.496000003,False,-0.0012414777527881,-0.0012414777527881,-12800.0,326.0,128058.0,0.002545721469958925,0.0013283983463241917,12118.0,11687.35,True
2019-12-20,2019-12-19,0,1,0,,False,6600.0,50.0,48.24400000000001,400.0,498.244,6101.756,10303595.252000002,False,0.0005925476915688,-0.0006496656959958,-6698.244000000879,-2109.0,91737.0,-0.02298963340854835,-2.1370380470658e-05,12030.0,11711.65,False
2019-12-23,2019-12-20,1,0,1,TX202001,False,4000.0,50.0,48.008,400.0,498.008,3501.992,10307097.244000005,False,0.0003398805867612,-0.0003100059179925,-3196.252000000328,-2499.0,126215.0,-0.019799548389652578,0.00013962411997723665,11979.0,11732.8,True
2019-12-24,2019-12-23,0,1,0,,False,2000.0,50.0,48.112,400.0,498.112,1501.888,10308599.132000005,False,0.0001457139643146,-0.0001643371258691,-1694.3640000000596,-372.0,80468.0,-0.0046229557091017545,-0.00032008823633286805,12020.0,11755.55,False
2019-12-25,2019-12-24,0,0,0,,False,0.0,0.0,0.0,0.0,0.0,0.0,10308599.132000005,False,0.0,-0.0001643371258691,-1694.3640000000596,-3663.0,56445.0,-0.06489503056072282,-0.004605764953088878,11983.0,11773.8,False
2019-12-26,2019-12-25,0,0,0,,False,0.0,0.0,0.0,0.0,0.0,0.0,10308599.132000005,False,0.0,-0.0001643371258691,-1694.3640000000596,1421.0,38403.0,0.037002317527276514,-0.00469936291154883,12020.0,11792.45,False
2019-12-27,2019-12-26,0,0,0,,False,0.0,0.0,0.0,0.0,0.0,0.0,10308599.132000005,False,0.0,-0.0001643371258691,-1694.3640000000596,-2006.0,42800.0,-0.04686915887850467,-0.00438081013596781,12009.0,11812.2,False
2019-12-30,2019-12-27,1,0,1,TX202001,False,-4400.0,50.0,48.37200000000001,400.0,498.372,-4898.372,10303700.760000004,False,-0.0004751733904167,-0.0006394324276566,-6592.735999999568,2632.0,73218.0,0.0359474446174438,0.00043325419565481694,12097.0,11843.8,True
2019-12-31,2019-12-30,0,1,0,,False,-8000.0,50.0,48.108,400.0,498.108,-8498.108,10295202.652000004,False,-0.0008247626942923,-0.001463667741937,-15090.843999998644,-1100.0,66544.0,-0.016530415965376292,-0.002984234837661905,12069.0,11872.15,False
2020-01-02,2019-12-31,0,0,0,,False,0.0,0.0,0.0,0.0,0.0,0.0,10295202.652000004,False,0.0,-0.001463667741937,-15090.843999998644,-2384.0,75916.0,-0.03140312977501449,-0.006343406377904576,11995.0,11895.7,False
2020-01-03,2020-01-02,0,0,0,,False,0.0,0.0,0.0,0.0,0.0,0.0,10295202.652000004,False,0.0,-0.001463667741937,-15090.843999998644,1928.0,109698.0,0.01757552553373808,-0.004927219290617617,12102.0,11925.65,False
2020-01-06,2020-01-03,0,0,0,,False,0.0,0.0,0.0,0.0,0.0,0.0,10295202.652000004,False,0.0,-0.001463667741937,-15090.843999998644,204.0,193258.0,0.0010555837274524211,-0.006563268642244704,12086.0,11950.05,False
2020-01-07,2020-01-06,0,0,0,,False,0.0,0.0,0.0,0.0,0.0,0.0,10295202.652000004,False,0.0,-0.001463667741937,-15090.843999998644,-4954.0,141124.0,-0.035103880275502396,-0.008705972826890451,11950.0,11966.95,False
2020-01-08,2020-01-07,0,0,0,,False,0.0,0.0,0.0,0.0,0.0,0.0,10295202.652000004,False,0.0,-0.001463667741937,-15090.843999998644,-2913.0,184559.0,-0.015783570565510215,-0.009936994378611359,11871.0,11976.95,False
2020-01-09,2020-01-08,0,0,0,,False,0.0,0.0,0.0,0.0,0.0,0.0,10295202.652000004,False,0.0,-0.001463667741937,-15090.843999998644,4416.0,204626.0,0.021580835279974196,-0.005339996566729856,11788.0,11985.1,False
2020-01-10,2020-01-09,0,0,0,,False,0.0,0.0,0.0,0.0,0.0,0.0,10295202.652000004,False,0.0,-0.001463667741937,-15090.843999998644,3339.0,160915.0,0.02075008544883945,-0.006773584438568287,11968.0,11998.2,False
2020-01-13,2020-01-10,0,0,0,,False,0.0,0.0,0.0,0.0,0.0,0.0,10295202.652000004,False,0.0,-0.001463667741937,-15090.843999998644,480.0,175026.0,0.0027424496931884408,-0.007102231130570862,12010.0,12006.05,False
2020-01-14,2020-01-13,0,0,0,,False,0.0,0.0,0.0,0.0,0.0,0.0,10295202.652000004,False,0.0,-0.001463667741937,-15090.843999998644,2399.0,254063.0,0.009442539842480014,-0.006117855344381078,12117.0,12013.65,False
2020-01-15,2020-01-14,0,0,0,,False,0.0,0.0,0.0,0.0,0.0,0.0,10295202.652000004,False,0.0,-0.001463667741937,-15090.843999998644,-2739.0,205545.0,-0.013325549149821207,-0.007010936065168401,12181.0,12024.65,False
2020-01-16,2020-01-15,0,0,0,,False,0.0,0.0,0.0,0.0,0.0,0.0,10295202.652000004,False,0.0,-0.001463667741937,-15090.843999998644,-766.0,184170.0,-0.0041592007384481725,-0.006341978513792557,12063.0,12022.8,False
2020-01-17,2020-01-16,0,0,0,,False,0.0,0.0,0.0,0.0,0.0,0.0,10295202.652000004,False,0.0,-0.001463667741937,-15090.843999998644,-3443.0,115529.0,-0.02980204104597114,-0.007959366639589061,12056.0,12019.7,False
2020-01-20,2020-01-17,0,0,0,,False,0.0,0.0,0.0,0.0,0.0,0.0,10295202.652000004,False,0.0,-0.001463667741937,-15090.843999998644,770.0,112390.0,0.006851143340154818,-0.006467327802153901,12072.0,12021.8,False
2020-01-30,2020-01-20,0,0,0,,False,0.0,0.0,0.0,0.0,0.0,0.0,10295202.652000004,False,0.0,-0.001463667741937,-15090.843999998644,845.0,81167.0,0.010410634863922531,-0.0049568186394751464,12111.0,12028.4,False
2020-01-31,2020-01-30,0,0,0,,False,0.0,0.0,0.0,0.0,0.0,0.0,10295202.652000004,False,0.0,-0.001463667741937,-15090.843999998644,-16033.0,297337.0,-0.053921980782748194,-0.007421769893157468,11370.0,11995.9,False
2020-02-03,2020-01-31,0,0,0,,False,0.0,0.0,0.0,0.0,0.0,0.0,10295202.652000004,False,0.0,-0.001463667741937,-15090.843999998644,12499.0,233003.0,0.053643086140521795,-0.0014948640580952372,11468.0,11970.15,False
2020-02-04,2020-02-03,0,0,0,,False,0.0,0.0,0.0,0.0,0.0,0.0,10295202.652000004,False,0.0,-0.001463667741937,-15090.843999998644,2523.0,298651.0,0.008447987785073547,-0.0029225805452053858,11325.0,11935.4,False
2020-02-05,2020-02-04,0,0,0,,False,0.0,0.0,0.0,0.0,0.0,0.0,10295202.652000004,False,0.0,-0.001463667741937,-15090.843999998644,5477.0,196669.0,0.027848822132618765,0.0008133185053507862,11534.0,11911.65,False
2020-02-06,2020-02-05,0,0,0,,False,0.0,0.0,0.0,0.0,0.0,0.0,10295202.652000004,False,0.0,-0.001463667741937,-15090.843999998644,-1255.0,202919.0,-0.006184733810042431,-0.0012932904160235252,11542.0,11883.9,False
2020-02-07,2020-02-06,0,0,0,,False,0.0,0.0,0.0,0.0,0.0,0.0,10295202.652000004,False,0.0,-0.001463667741937,-15090.843999998644,4368.0,174812.0,0.02498684300848912,0.0007825725326697454,11741.0,11867.5,False
2020-02-10,2020-02-07,0,0,0,,False,0.0,0.0,0.0,0.0,0.0,0.0,10295202.652000004,False,0.0,-0.001463667741937,-15090.843999998644,-2358.0,160768.0,-0.014667097929936306,0.001619374124923655,11592.0,11847.35,False
2020-02-11,2020-02-10,0,0,0,,False,0.0,0.0,0.0,0.0,0.0,0.0,10295202.652000004,False,0.0,-0.001463667741937,-15090.843999998644,624.0,199254.0,0.0031316811707669608,0.0008971819067750986,11564.0,11820.45,False
2020-02-12,2020-02-11,0,0,0,,False,0.0,0.0,0.0,0.0,0.0,0.0,10295202.652000004,False,0.0,-0.001463667741937,-15090.843999998644,-840.0,123160.0,-0.006820396232543034,0.000503382908775326,11666.0,11799.45,False
2020-02-13,2020-02-12,0,0,0,,False,0.0,0.0,0.0,0.0,0.0,0.0,10295202.652000004,False,0.0,-0.001463667741937,-15090.843999998644,5766.0,129680.0,0.04446329426280074,0.004481741635690482,11771.0,11790.5,False
2020-02-14,2020-02-13,0,0,0,,False,0.0,0.0,0.0,0.0,0.0,0.0,10295202.652000004,False,0.0,-0.001463667741937,-15090.843999998644,589.0,144435.0,0.00407795894346938,0.005474818111139463,11774.0,11785.65,False
2020-02-17,2020-02-14,1,0,1,TX202002,False,12000.0,50.0,46.848000000000006,400.0,496.848,11503.152,10306705.804000003,False,0.0011173312841748,-0.0003479718595198,-3587.691999997944,-3136.0,165554.0,-0.018942459862038973,0.003448653354038804,11812.0,11786.85,True
2020-02-18,2020-02-17,0,1,0,,False,-11000.0,50.0,46.852,400.0,496.852,-11496.852,10295208.952000003,False,-0.0011154729957983,-0.0014630567021055,-15084.5439999979,-1010.0,217892.0,-0.0046353239219429805,0.0021793828854996824,11770.0,11776.95,False
2020-02-19,2020-02-18,0,0,0,,False,0.0,0.0,0.0,0.0,0.0,0.0,10295208.952000003,False,0.0,-0.0014630567021055,-15084.5439999979,-3409.0,255401.0,-0.013347637636501031,0.0013748785190152092,11640.0,11758.45,False
2020-02-20,2020-02-19,1,0,1,TX202003,False,-21000.0,50.0,47.288,400.0,497.288,-21497.288,10273711.664000005,False,-0.0020880866139024,-0.003548088326893,-36581.83199999854,3771.0,205459.0,0.018354026837471223,0.0018204528687647693,11760.0,11740.6,True
2020-02-21,2020-02-20,0,1,0,,False,-10000.0,50.0,46.652,400.0,496.652,-10496.652,10263215.012000004,False,-0.0010217000771767,-0.0045661633219523,-47078.48399999924,-4360.0,147992.0,-0.029461051948753987,0.0010136777288181304,11715.0,11717.3,False
2020-02-24,2020-02-21,0,0,0,,False,0.0,0.0,0.0,0.0,0.0,0.0,10263215.012000004,False,0.0,-0.0045661633219523,-47078.48399999924,-1097.0,177731.0,-0.006172249073037343,0.0009130253120886719,11664.0,11697.35,False
2020-02-25,2020-02-24,0,0,0,,False,0.0,0.0,0.0,0.0,0.0,0.0,10263215.012000004,False,0.0,-0.0045661633219523,-47078.48399999924,-630.0,175682.0,-0.003586024749262873,0.002223826126924085,11508.0,11669.95,False
2020-02-26,2020-02-25,0,0,0,,False,0.0,0.0,0.0,0.0,0.0,0.0,10263215.012000004,False,0.0,-0.0045661633219523,-47078.48399999924,1674.0,237164.0,0.007058406840835877,0.002234189301958138,11542.0,11643.45,False
2020-02-27,2020-02-26,0,0,0,,False,0.0,0.0,0.0,0.0,0.0,0.0,10263215.012000004,False,0.0,-0.0045661633219523,-47078.48399999924,-3392.0,275100.0,-0.01233006179571065,0.0010971544689764793,11421.0,11608.95,False
2020-03-02,2020-02-27,0,0,0,,False,0.0,0.0,0.0,0.0,0.0,0.0,10263215.012000004,False,0.0,-0.0045661633219523,-47078.48399999924,-3272.0,285104.0,-0.01147651383354846,0.003219427816436466,11273.0,11604.1,False
2020-03-03,2020-03-02,0,0,0,,False,0.0,0.0,0.0,0.0,0.0,0.0,10263215.012000004,False,0.0,-0.0045661633219523,-47078.48399999924,-1096.0,364518.0,-0.003006710231044832,0.00038693799785813473,11174.0,11589.4,False
2020-03-04,2020-03-03,0,0,0,,False,0.0,0.0,0.0,0.0,0.0,0.0,10263215.012000004,False,0.0,-0.0045661633219523,-47078.48399999924,2878.0,314158.0,0.0091609954226854,0.0004225883797387274,11324.0,11589.35,False
2020-03-05,2020-03-04,0,0,0,,False,0.0,0.0,0.0,0.0,0.0,0.0,10263215.012000004,False,0.0,-0.0045661633219523,-47078.48399999924,3446.0,279140.0,0.012345059826610303,-0.00035259973556169574,11364.0,11580.85,False
2020-03-06,2020-03-05,0,0,0,,False,0.0,0.0,0.0,0.0,0.0,0.0,10263215.012000004,False,0.0,-0.0045661633219523,-47078.48399999924,2433.0,173895.0,0.013991201587164668,0.0006561970342986593,11492.0,11578.35,False
2020-03-09,2020-03-06,0,0,0,,False,0.0,0.0,0.0,0.0,0.0,0.0,10263215.012000004,False,0.0,-0.0045661633219523,-47078.48399999924,-7818.0,223308.0,-0.035009941426191626,-0.0023436421874353784,11269.0,11554.75,False
2020-03-10,2020-03-09,0,0,0,,False,0.0,0.0,0.0,0.0,0.0,0.0,10263215.012000004,False,0.0,-0.0045661633219523,-47078.48399999924,2693.0,363291.0,0.007412790297585132,-0.0012396477760593064,10950.0,11522.65,False
2020-03-11,2020-03-10,0,0,0,,False,0.0,0.0,0.0,0.0,0.0,0.0,10263215.012000004,False,0.0,-0.0045661633219523,-47078.48399999924,-5856.0,386070.0,-0.015168233739995337,-0.0021546435215974214,10984.0,11493.65,False
2020-03-12,2020-03-11,0,0,0,,False,0.0,0.0,0.0,0.0,0.0,0.0,10263215.012000004,False,0.0,-0.0045661633219523,-47078.48399999924,1511.0,334311.0,0.004519743592044534,-0.0015876365303680432,10821.0,11451.4,False
2020-03-13,2020-03-12,0,0,0,,False,0.0,0.0,0.0,0.0,0.0,0.0,10263215.012000004,False,0.0,-0.0045661633219523,-47078.48399999924,-848.0,515456.0,-0.0016451452694313386,-0.003893058506979647,10367.0,11381.2,False
2020-03-16,2020-03-13,0,0,0,,False,0.0,0.0,0.0,0.0,0.0,0.0,10263215.012000004,False,0.0,-0.0045661633219523,-47078.48399999924,1243.0,655567.0,0.001896068594056748,-0.004002153024450278,10021.0,11293.55,False
2020-03-17,2020-03-16,0,0,0,,False,0.0,0.0,0.0,0.0,0.0,0.0,10263215.012000004,False,0.0,-0.0045661633219523,-47078.48399999924,1543.0,616267.0,0.0025037848854473793,-0.002929840787075961,9668.0,11186.35,False
2020-03-18,2020-03-17,0,0,0,,False,0.0,0.0,0.0,0.0,0.0,0.0,10263215.012000004,False,0.0,-0.0045661633219523,-47078.48399999924,546.0,619334.0,0.0008815921619029474,-0.002653994982883665,9363.0,11066.0,False
2020-03-19,2020-03-18,0,0,0,,False,0.0,0.0,0.0,0.0,0.0,0.0,10263215.012000004,False,0.0,-0.0045661633219523,-47078.48399999924,6986.0,482872.0,0.014467602180287944,-0.0012632329920442159,9263.0,10947.15,False
2020-03-20,2020-03-19,0,0,0,,False,0.0,0.0,0.0,0.0,0.0,0.0,10263215.012000004,False,0.0,-0.0045661633219523,-47078.48399999924,1085.0,523707.0,0.0020717691380867545,-0.0020773458770134397,8353.0,10776.8,False
2020-03-23,2020-03-20,0,0,0,,False,0.0,0.0,0.0,0.0,0.0,0.0,10263215.012000004,False,0.0,-0.0045661633219523,-47078.48399999924,3341.0,468011.0,0.00713872109843572,-0.0002473572246539539,9013.0,10641.7,False
2020-03-24,2020-03-23,0,0,0,,False,0.0,0.0,0.0,0.0,0.0,0.0,10263215.012000004,False,0.0,-0.0045661633219523,-47078.48399999924,1389.0,352633.0,0.003938939350542916,0.00025820219652505905,8688.0,10492.9,False
2020-03-25,2020-03-24,0,0,0,,False,0.0,0.0,0.0,0.0,0.0,0.0,10263215.012000004,False,0.0,-0.0045661633219523,-47078.48399999924,-946.0,379076.0,-0.002495541791092024,0.0003127263444336015,9193.0,10377.15,False
2020-03-26,2020-03-25,0,0,0,,False,0.0,0.0,0.0,0.0,0.0,0.0,10263215.012000004,False,0.0,-0.0045661633219523,-47078.48399999924,2456.0,348118.0,0.007055079024928329,0.00031255995363822407,9583.0,10279.2,False
2020-03-27,2020-03-26,0,0,0,,False,0.0,0.0,0.0,0.0,0.0,0.0,10263215.012000004,False,0.0,-0.0045661633219523,-47078.48399999924,-1205.0,371475.0,-0.0032438252910693857,0.0007668717788702872,9638.0,10190.05,False
2020-03-30,2020-03-27,0,0,0,,False,0.0,0.0,0.0,0.0,0.0,0.0,10263215.012000004,False,0.0,-0.0045661633219523,-47078.48399999924,1213.0,306333.0,0.003959743155324435,0.001538684628313932,9583.0,10105.55,False
2020-03-31,2020-03-30,0,0,0,,False,0.0,0.0,0.0,0.0,0.0,0.0,10263215.012000004,False,0.0,-0.0045661633219523,-47078.48399999924,411.0,264389.0,0.0015545276089398575,0.0017667465203131665,9576.0,10025.65,False
2020-04-01,2020-03-31,0,0,0,,False,0.0,0.0,0.0,0.0,0.0,0.0,10263215.012000004,False,0.0,-0.0045661633219523,-47078.48399999924,199.0,204377.0,0.0009736907773379588,0.0013573812880457946,9596.0,9939.25,False
2020-04-06,2020-04-01,0,0,0,,False,0.0,0.0,0.0,0.0,0.0,0.0,10263215.012000004,False,0.0,-0.0045661633219523,-47078.48399999924,1546.0,186698.0,0.008280752873624784,0.0011541659403965184,9552.0,9848.65,False
2020-04-07,2020-04-06,0,0,0,,False,0.0,0.0,0.0,0.0,0.0,0.0,10263215.012000004,False,0.0,-0.0045661633219523,-47078.48399999924,-3040.0,211718.0,-0.014358722451562929,-0.00026333026153986137,9826.0,9765.35,False
2020-04-08,2020-04-07,1,0,1,TX202004,False,35400.0,50.0,39.808,400.0,489.808,34910.192,10298125.204000004,False,0.00340148695698,-0.0011802081099553,-12168.291999999434,1191.0,190487.0,0.00625239517657373,0.0017997865685984063,9997.0,9701.75,True
2020-04-09,2020-04-08,1,1,1,TX202004,False,-5200.0,0.0,0.0,0.0,0.0,-5200.0,10292925.204000004,False,-0.0005049462787634,-0.0016845584470255,-17368.291999999434,-2534.0,228562.0,-0.011086707326677225,0.0008748116873852884,10127.0,9660.6,True
2020-04-10,2020-04-09,1,1,1,TX202004,False,6400.0,0.0,0.0,0.0,0.0,6400.0,10299325.204000004,False,0.0006217863117778,-0.0010638195706315,-10968.291999999434,962.0,207602.0,0.004633866725754087,0.0018649167106727597,10101.0,9616.45,True
2020-04-13,2020-04-10,1,1,1,TX202004,False,-12000.0,0.0,0.0,0.0,0.0,-12000.0,10287325.204000004,False,-0.001165124875884,-0.0022277049638703,-22968.291999999437,743.0,148223.0,0.00501271732457176,0.001889565397299121,10133.0,9582.05,True
2020-04-14,2020-04-13,1,1,1,TX202005,True,54600.0,100.0,82.42800000000001,800.0,982.428,53617.572,10340942.776000004,False,0.0052120032114034,0.0,0.0,-404.0,212028.0,-0.0019054087196030713,0.0018765522247905346,10073.0,9567.35,True
2020-04-15,2020-04-14,1,1,1,TX202005,False,12200.0,0.0,0.0,0.0,0.0,12200.0,10353142.776000004,False,0.0011797763767066,0.0,0.0,-1445.0,261221.0,-0.005531714525248736,0.00150516306882526,10346.0,9583.6,True
2020-04-16,2020-04-15,1,1,1,TX202005,False,-4000.0,0.0,0.0,0.0,0.0,-4000.0,10349142.776000004,False,-0.0003863561129739,-0.0003863561129739,-4000.0,-923.0,165485.0,-0.005577544792579388,0.0011010965849239218,10450.0,9622.7,True
2020-04-17,2020-04-16,1,1,1,TX202005,False,51800.0,0.0,0.0,0.0,0.0,51800.0,10400942.776000004,False,0.0050052454701973,0.0,0.0,-777.0,151027.0,-0.005144775437504552,0.0007997782049535468,10302.0,9669.65,True
2020-04-20,2020-04-17,0,1,0,,False,-9200.0,50.0,42.05200000000001,400.0,492.052,-9692.052,10391250.724000003,False,-0.0009318436038667,-0.0009318436038666,-9692.05199999921,-746.0,210042.0,-0.003551670618257301,-0.00010118543497371537,10561.0,9734.55,False
2020-04-21,2020-04-20,0,0,0,,False,0.0,0.0,0.0,0.0,0.0,0.0,10391250.724000003,False,0.0,-0.0009318436038666,-9692.05199999921,-1723.0,134019.0,-0.012856386034815958,-0.0008475931936188511,10476.0,9840.7,False
2020-04-22,2020-04-21,0,0,0,,False,0.0,0.0,0.0,0.0,0.0,0.0,10391250.724000003,False,0.0,-0.0009318436038666,-9692.05199999921,5045.0,241087.0,0.020926055739214473,-0.00015822646157991337,10198.0,9899.95,False
2020-04-23,2020-04-22,0,0,0,,False,0.0,0.0,0.0,0.0,0.0,0.0,10391250.724000003,False,0.0,-0.0009318436038666,-9692.05199999921,-4619.0,205015.0,-0.02253005877618711,-0.0014816763679164147,10225.0,9976.8,False
2020-04-24,2020-04-23,0,0,0,,False,0.0,0.0,0.0,0.0,0.0,0.0,10391250.724000003,False,0.0,-0.0009318436038666,-9692.05199999921,3255.0,200399.0,0.01624259602093823,-0.000544769477314902,10292.0,10031.75,False
2020-04-27,2020-04-24,0,0,0,,False,0.0,0.0,0.0,0.0,0.0,0.0,10391250.724000003,False,0.0,-0.0009318436038666,-9692.05199999921,69.0,148331.0,0.0004651758566988694,-0.000874264635726375,10270.0,10066.1,False
2020-04-28,2020-04-27,0,0,0,,False,0.0,0.0,0.0,0.0,0.0,0.0,10391250.724000003,False,0.0,-0.0009318436038666,-9692.05199999921,-427.0,165979.0,-0.0025726146078720803,-0.0008407041015665098,10547.0,10111.55,False
2020-04-29,2020-04-28,0,0,0,,False,0.0,0.0,0.0,0.0,0.0,0.0,10391250.724000003,False,0.0,-0.0009318436038666,-9692.05199999921,131.0,137329.0,0.0009539135943609871,-0.0009909955796146821,10582.0,10161.5,False
2020-04-30,2020-04-29,0,0,0,,False,0.0,0.0,0.0,0.0,0.0,0.0,10391250.724000003,False,0.0,-0.0009318436038666,-9692.05199999921,2007.0,151019.0,0.013289718512240182,-0.000404236034449666,10707.0,10218.05,False
2020-05-04,2020-04-30,0,0,0,,False,0.0,0.0,0.0,0.0,0.0,0.0,10391250.724000003,False,0.0,-0.0009318436038666,-9692.05199999921,-112.0,148178.0,-0.0007558476966891171,-0.0004907129581510197,10944.0,10285.45,False
2020-05-05,2020-05-04,0,0,0,,False,0.0,0.0,0.0,0.0,0.0,0.0,10391250.724000003,False,0.0,-0.0009318436038666,-9692.05199999921,-4024.0,197352.0,-0.02038996311159755,-0.0019242487574121364,10615.0,10338.6,False
2020-05-06,2020-05-05,0,0,0,,False,0.0,0.0,0.0,0.0,0.0,0.0,10391250.724000003,False,0.0,-0.0009318436038666,-9692.05199999921,-443.0,149713.0,-0.0029589948768644005,-0.00135426237867721,10725.0,10383.55,False
2020-05-07,2020-05-06,0,0,0,,False,0.0,0.0,0.0,0.0,0.0,0.0,10391250.724000003,False,0.0,-0.0009318436038666,-9692.05199999921,2105.0,158383.0,0.01329056780083721,-0.001002353747464036,10750.0,10421.2,False
2020-05-08,2020-05-07,0,0,0,,False,0.0,0.0,0.0,0.0,0.0,0.0,10391250.724000003,False,0.0,-0.0009318436038666,-9692.05199999921,-1105.0,151547.0,-0.007291467333566485,-0.000812591747808499,10833.0,10456.5,False
2020-05-11,2020-05-08,0,0,0,,False,0.0,0.0,0.0,0.0,0.0,0.0,10391250.724000003,False,0.0,-0.0009318436038666,-9692.05199999921,-1115.0,135167.0,-0.00824905487286098,-0.0014567378277392522,10896.0,10496.25,False
2020-05-12,2020-05-11,0,0,0,,False,0.0,0.0,0.0,0.0,0.0,0.0,10391250.724000003,False,0.0,-0.0009318436038666,-9692.05199999921,-121.0,121219.0,-0.000998193352527244,-0.0017572833615942026,10983.0,10538.75,False
2020-05-13,2020-05-12,0,0,0,,False,0.0,0.0,0.0,0.0,0.0,0.0,10391250.724000003,False,0.0,-0.0009318436038666,-9692.05199999921,609.0,148691.0,0.004095742176728921,-0.001457225816777603,10865.0,10578.35,False
2020-05-14,2020-05-13,0,0,0,,False,0.0,0.0,0.0,0.0,0.0,0.0,10391250.724000003,False,0.0,-0.0009318436038666,-9692.05199999921,2755.0,135775.0,0.020290922482047506,-0.00016609396641279075,10915.0,10606.8,False
2020-05-15,2020-05-14,0,0,0,,False,0.0,0.0,0.0,0.0,0.0,0.0,10391250.724000003,False,0.0,-0.0009318436038666,-9692.05199999921,-4576.0,192054.0,-0.02382663209305716,-0.0010785483314366795,10750.0,10621.8,False
2020-05-18,2020-05-15,0,0,0,,False,0.0,0.0,0.0,0.0,0.0,0.0,10391250.724000003,False,0.0,-0.0009318436038666,-9692.05199999921,3129.0,232699.0,0.013446555421381269,-0.0001489817884923885,10818.0,10647.6,False
2020-05-19,2020-05-18,0,0,0,,False,0.0,0.0,0.0,0.0,0.0,0.0,10391250.724000003,False,0.0,-0.0009318436038666,-9692.05199999921,-4692.0,274078.0,-0.017119214238282533,-0.00082735896949365,10763.0,10657.7,False
2020-05-20,2020-05-19,1,0,1,TX202006,False,800.0,50.0,43.404,400.0,493.404,306.596,10391557.320000006,False,2.950520665350465e-05,-0.0009023658914512,-9385.455999998376,2285.0,260595.0,0.008768395402828144,0.0002538801023885551,10872.0,10677.5,True
2020-05-21,2020-05-20,0,1,0,,False,10000.0,50.0,43.604000000000006,400.0,493.604,9506.396,10401063.716000006,False,0.0009148191851575,0.0,0.0,706.0,160874.0,0.004388527667615649,-0.0005729963011913862,10887.0,10711.95,False
2020-05-22,2020-05-21,1,0,1,TX202006,False,-37000.0,50.0,43.720000000000006,400.0,493.72,-37493.72,10363569.996000003,False,-0.003604796684624,-0.0036047966846241,-37493.72000000067,816.0,148024.0,0.0055126195752040206,0.0008291376163781703,10952.0,10748.3,True
2020-05-25,2020-05-22,0,1,0,,False,11400.0,50.0,43.192,400.0,493.192,10906.808,10374476.804000003,False,0.0010524180378199,-0.0025561723998577,-26586.91200000048,-2552.0,181026.0,-0.014097422469700485,-0.0006878633081537653,10743.0,10770.85,False
2020-05-26,2020-05-25,0,0,0,,False,0.0,0.0,0.0,0.0,0.0,0.0,10374476.804000003,False,0.0,-0.0025561723998577,-26586.91200000048,1213.0,160617.0,0.007552127109832708,-0.00033351574549707346,10817.0,10798.2,False
2020-05-27,2020-05-26,1,0,1,TX202006,False,2000.0,50.0,43.856,400.0,493.856,1506.144,10375982.948000005,False,0.0001451778271285,-0.0024113656722839,-25080.768000001088,2349.0,118977.0,0.019743311732519732,0.0007822805715225171,10984.0,10820.05,True
2020-05-28,2020-05-27,1,1,1,TX202006,False,-13000.0,0.0,0.0,0.0,0.0,-13000.0,10362982.948000005,False,-0.0012528933466015,-0.0036612378348784,-38080.76800000109,-249.0,129261.0,-0.0019263350894701417,0.0006382681373309606,10972.0,10839.55,True
2020-05-29,2020-05-28,1,1,1,TX202006,False,3000.0,0.0,0.0,0.0,0.0,3000.0,10365982.948000005,False,0.000289491936352,-0.0033728057973566,-35080.76800000109,216.0,172848.0,0.0012496528742016106,3.626485542903216e-05,10907.0,10849.55,True
2020-06-01,2020-05-29,1,1,1,TX202006,False,27000.0,0.0,0.0,0.0,0.0,27000.0,10392982.948000005,False,0.0026046733952238,-0.0007769174596604,-8080.768000001088,1970.0,148212.0,0.01329177124659272,0.000738645802593124,10922.0,10848.45,True
2020-06-02,2020-06-01,1,1,1,TX202006,False,9800.0,0.0,0.0,0.0,0.0,9800.0,10402782.948000005,False,0.00094294391216,0.0,0.0,259.0,153021.0,0.0016925781428692795,0.0018427728653164655,11057.0,10870.55,True
2020-06-03,2020-06-02,1,1,1,TX202006,False,35400.0,0.0,0.0,0.0,0.0,35400.0,10438182.948000005,False,0.0034029355583936,0.0,0.0,1289.0,111569.0,0.011553388486048992,0.002568392033462135,11106.0,10889.6,True
2020-06-04,2020-06-03,1,1,1,TX202006,False,14800.0,0.0,0.0,0.0,0.0,14800.0,10452982.948000005,False,0.0014178712974977,0.0,0.0,1807.0,142989.0,0.012637335739112798,0.0025357304303759145,11283.0,10916.25,True
2020-06-05,2020-06-04,1,1,1,TX202006,False,20000.0,0.0,0.0,0.0,0.0,20000.0,10472982.948000005,False,0.0019133294390216,0.0,0.0,-1361.0,150503.0,-0.009043009109452967,0.00244815334158159,11357.0,10942.45,True
2020-06-08,2020-06-05,1,1,1,TX202006,False,22600.0,0.0,0.0,0.0,0.0,22600.0,10495582.948000005,False,0.0021579334285382,0.0,0.0,2337.0,122399.0,0.01909329324585985,0.0038152707475176324,11457.0,10970.5,True
2020-06-09,2020-06-08,1,1,1,TX202006,False,7800.0,0.0,0.0,0.0,0.0,7800.0,10503382.948000005,False,0.0007431697732888,0.0,0.0,-3394.0,168016.0,-0.020200457099323874,0.0028551575601778,11570.0,10999.85,True
2020-06-10,2020-06-09,1,1,1,TX202006,False,19400.0,0.0,0.0,0.0,0.0,19400.0,10522782.948000005,False,0.0018470239632359,0.0,0.0,1299.0,129615.0,0.01002198819581067,0.0031514698611318876,11609.0,11037.05,True
2020-06-11,2020-06-10,1,1,1,TX202006,False,-43000.0,0.0,0.0,0.0,0.0,-43000.0,10479782.948000005,False,-0.0040863714677468,-0.0040863714677468,-43000.0,-1484.0,134568.0,-0.011027881814398668,0.0015855296463095797,11706.0,11076.6,True
2020-06-12,2020-06-11,1,1,1,TX202006,False,-19200.0,0.0,0.0,0.0,0.0,-19200.0,10460582.948000005,False,-0.0018320990134308,-0.005910983844043,-62200.0,-89.0,189387.0,-0.0004699372184996858,0.002753364390037453,11491.0,11113.65,True
2020-06-15,2020-06-12,1,1,1,TX202006,False,-33200.0,0.0,0.0,0.0,0.0,-33200.0,10427382.948000005,False,-0.0031738192952571,-0.009066042744722,-95400.0,-5977.0,239837.0,-0.02492109224181423,0.0008349820068776781,11395.0,11142.5,True
2020-06-16,2020-06-15,1,1,1,TX202007,True,59400.0,100.0,91.42000000000002,800.0,991.42,58408.58,10485791.528000005,False,0.0056014611040254,-0.0035153647264986,-36991.419999999925,1069.0,335993.0,0.0031816139026705913,0.0018500234139253342,11229.0,11165.8,True
2020-06-17,2020-06-16,1,1,1,TX202007,False,5800.0,0.0,0.0,0.0,0.0,5800.0,10491591.528000005,False,0.0005531294403967,-0.0029641797378257,-31191.419999999925,-1078.0,305138.0,-0.003532827769730417,0.001234962255297406,11526.0,11198.5,True
2020-06-18,2020-06-17,1,1,1,TX202007,False,7200.0,0.0,0.0,0.0,0.0,7200.0,10498791.528000005,False,0.0006862638505115,-0.0022799500967146,-23991.419999999925,-1220.0,206754.0,-0.0059007322712015245,0.0007204992583565473,11521.0,11230.2,True
2020-06-19,2020-06-18,1,1,1,TX202007,False,3200.0,0.0,0.0,0.0,0.0,3200.0,10501991.528000005,False,0.0003047969846306,-0.0019758480339986,-20791.419999999925,1715.0,151225.0,0.011340717473962638,0.0010119041532944783,11394.0,11252.3,True
2020-06-22,2020-06-19,1,1,1,TX202007,False,2600.0,0.0,0.0,0.0,0.0,2600.0,10504591.528000005,False,0.0002475720907856,-0.0017287651080418,-18191.419999999925,-1188.0,130216.0,-0.009123302819929962,0.001260610135783004,11410.0,11285.65,True
2020-06-23,2020-06-22,1,1,1,TX202007,False,6400.0,0.0,0.0,0.0,0.0,6400.0,10510991.528000005,False,0.0006092573883468,-0.0011205609826097,-11791.419999999924,869.0,156077.0,0.005567764628997226,0.0011613920117412304,11423.0,11315.95,True
2020-06-24,2020-06-23,1,1,1,TX202007,False,13600.0,0.0,0.0,0.0,0.0,13600.0,10524591.528000005,False,0.0012938836420685,0.0,0.0,606.0,175754.0,0.003448001183472353,0.0003466264842888614,11455.0,11339.5,True
2020-06-29,2020-06-24,1,1,1,TX202007,False,-32400.0,0.0,0.0,0.0,0.0,-32400.0,10492191.528000005,False,-0.0030785042739,-0.0030785042738999,-32400.0,31.0,117787.0,0.00026318693913589784,0.00045610258571916344,11523.0,11367.05,True
2020-06-30,2020-06-29,0,1,0,,False,19800.0,50.0,45.832,400.0,495.832,19304.168,10511495.696000004,False,0.0018398604284418,-0.0012443078636505,-13095.832000000402,-1733.0,185619.0,-0.00933632871634908,-7.319649380837113e-05,11361.0,11389.75,False
2020-07-01,2020-06-30,0,0,0,,False,0.0,0.0,0.0,0.0,0.0,0.0,10511495.696000004,False,0.0,-0.0012443078636505,-13095.832000000402,1326.0,121116.0,0.010948181908253245,-0.00019037596072534485,11469.0,11417.1,False
2020-07-02,2020-07-01,1,0,1,TX202007,False,22000.0,50.0,46.348000000000006,400.0,496.348,21503.652,10532999.348000005,False,0.0020457271374028,0.0,0.0,1844.0,136148.0,0.013544084378764285,0.00040219935106940543,11546.0,11441.55,True
2020-07-03,2020-07-02,1,1,1,TX202007,False,28600.0,0.0,0.0,0.0,0.0,28600.0,10561599.348000005,False,0.0027152759679445,0.0,0.0,4342.0,130890.0,0.03317289326915731,0.0014831745902248214,11695.0,11471.0,True
2020-07-06,2020-07-03,1,1,1,TX202007,False,45400.0,0.0,0.0,0.0,0.0,45400.0,10606999.348000005,False,0.0042985913879224,0.0,0.0,3082.0,140876.0,0.021877395723899032,0.001945177589464133,11838.0,11498.75,True
2020-07-07,2020-07-06,1,1,1,TX202007,False,-7600.0,0.0,0.0,0.0,0.0,-7600.0,10599399.348000005,False,-0.0007165080104801,-0.0007165080104801,-7600.0,-3888.0,130116.0,-0.029881029235451443,0.0009032765831642091,12065.0,11534.15,True
2020-07-08,2020-07-07,1,1,1,TX202007,False,19600.0,0.0,0.0,0.0,0.0,19600.0,10618999.348000005,False,0.0018491613870269,0.0,0.0,535.0,177203.0,0.003019136244871701,9.956873311480171e-05,12027.0,11562.65,True
2020-07-09,2020-07-08,1,1,1,TX202007,False,4400.0,0.0,0.0,0.0,0.0,4400.0,10623399.348000005,False,0.0004143516593047,0.0,0.0,379.0,148573.0,0.00255093455742295,0.001237138315952143,12125.0,11590.4,True
2020-07-10,2020-07-09,1,1,1,TX202007,False,-29600.0,0.0,0.0,0.0,0.0,-29600.0,10593799.348000005,False,-0.0027863021082392,-0.0027863021082392,-29600.0,2491.0,146743.0,0.016975256059914273,0.001584801709157323,12147.0,11617.3,True
2020-07-13,2020-07-10,1,1,1,TX202007,False,41200.0,0.0,0.0,0.0,0.0,41200.0,10634999.348000005,False,0.0038890674295976,0.0,0.0,1946.0,210944.0,0.009225197208737865,0.00259745566031415,11999.0,11631.95,True
2020-07-14,2020-07-13,1,1,1,TX202008,True,-3400.0,100.0,96.884,800.0,996.884,-4396.884,10630602.464000003,False,-0.0004134352862773,-0.0004134352862773,-4396.883999999613,-2606.0,233430.0,-0.011163946365077325,0.002062755202985268,12205.0,11667.65,True
2020-07-15,2020-07-14,1,1,1,TX202008,False,9600.0,0.0,0.0,0.0,0.0,9600.0,10640202.464000003,False,0.000903053240163,0.0,0.0,-778.0,295028.0,-0.0026370378404761583,0.0031769579230521714,12188.0,11707.3,True
2020-07-16,2020-07-15,1,1,1,TX202008,False,-9800.0,0.0,0.0,0.0,0.0,-9800.0,10630402.464000003,False,-0.0009210351055966,-0.0009210351055966,-9800.0,-1315.0,201007.0,-0.006542060724253384,0.0026907741917059727,12220.0,11756.85,True
2020-07-17,2020-07-16,1,1,1,TX202008,False,1400.0,0.0,0.0,0.0,0.0,1400.0,10631802.464000003,False,0.0001316977419002,-0.00078945866194,-8400.0,-899.0,166023.0,-0.005414912391656578,0.002596669960609664,12032.0,11782.15,True
2020-07-20,2020-07-17,1,1,1,TX202008,False,-1600.0,0.0,0.0,0.0,0.0,-1600.0,10630202.464000003,False,-0.0001504918855873,-0.0009398317404047,-10000.0,2451.0,146235.0,0.01676069340445174,0.0037297412443923275,12039.0,11808.05,True
2020-07-21,2020-07-20,1,1,1,TX202008,False,51600.0,0.0,0.0,0.0,0.0,51600.0,10681802.464000003,False,0.0048540938119238,0.0,0.0,1116.0,142292.0,0.00784302701487083,0.003554856721437737,12031.0,11839.9,True
2020-07-22,2020-07-21,1,1,1,TX202008,False,8400.0,0.0,0.0,0.0,0.0,8400.0,10690202.464000003,False,0.0007863841358525,0.0,0.0,531.0,151485.0,0.0035052975542132886,0.004186286740144899,12289.0,11883.85,True
2020-07-23,2020-07-22,1,1,1,TX202008,False,-8600.0,0.0,0.0,0.0,0.0,-8600.0,10681602.464000003,False,-0.0008044749413269,-0.0008044749413269,-8600.0,-2872.0,139198.0,-0.020632480351729193,0.002876274491108579,12331.0,11929.25,True
2020-07-24,2020-07-23,1,1,1,TX202008,False,-27600.0,0.0,0.0,0.0,0.0,-27600.0,10654002.464000003,False,-0.0025838819683675,-0.0033862782413995,-36200.0,-916.0,160060.0,-0.005722853929776334,0.0024177317354461443,12288.0,11970.9,True
2020-07-27,2020-07-24,1,1,1,TX202008,False,70600.0,0.0,0.0,0.0,0.0,70600.0,10724602.464000003,False,0.0066266175776247,0.0,0.0,1617.0,214697.0,0.007531544455674741,0.002781149611273087,12150.0,12002.25,True
2020-07-28,2020-07-27,1,1,1,TX202008,False,-9200.0,0.0,0.0,0.0,0.0,-9200.0,10715402.464000003,False,-0.0008578406547825,-0.0008578406547825,-9200.0,3699.0,228999.0,0.016152908964667968,0.004055611495323939,12503.0,12059.35,True
2020-07-29,2020-07-28,1,1,1,TX202008,False,-6800.0,0.0,0.0,0.0,0.0,-6800.0,10708602.464000003,False,-0.0006346005222711,-0.001491896790926,-16000.0,-3708.0,324918.0,-0.011412110132402637,0.0029375968932911453,12457.0,12108.75,True
2020-07-30,2020-07-29,1,1,1,TX202008,False,34600.0,0.0,0.0,0.0,0.0,34600.0,10743202.464000003,False,0.0032310471993257,0.0,0.0,-1848.0,202088.0,-0.009144531095364396,0.0018031661195847108,12423.0,12152.6,True
2020-07-31,2020-07-30,1,1,1,TX202008,False,-3800.0,0.0,0.0,0.0,0.0,-3800.0,10739402.464000003,False,-0.0003537120344453,-0.0003537120344453,-3800.0,3752.0,174216.0,0.021536483445837352,0.0012213456284187129,12596.0,12197.65,True
2020-08-03,2020-07-31,0,1,0,,False,-9200.0,50.0,50.11600000000001,400.0,500.116,-9700.116,10729702.348000005,False,-0.0009032267886892,-0.0012566193409496,-13500.116000000387,-2373.0,193969.0,-0.01223391366661683,-0.0004842198411070801,12577.0,12234.6,False
2020-08-04,2020-08-03,1,0,1,TX202008,False,22600.0,50.0,50.072,400.0,500.072,22099.928,10751802.276000004,False,0.0020596962789111,0.0,0.0,-2500.0,188278.0,-0.013278237499867217,0.00034591974567213117,12443.0,12253.5,True
2020-08-05,2020-08-04,1,1,1,TX202008,False,23000.0,0.0,0.0,0.0,0.0,23000.0,10774802.276000004,False,0.0021391762431625,0.0,0.0,6973.0,153037.0,0.04556414461862164,0.002473170164359628,12629.0,12283.6,True
2020-08-06,2020-08-05,1,1,1,TX202008,False,18200.0,0.0,0.0,0.0,0.0,18200.0,10793002.276000004,False,0.0016891261235056,0.0,0.0,48.0,136796.0,0.00035088745284949854,0.002363167809130955,12744.0,12314.55,True
2020-08-07,2020-08-06,1,1,1,TX202008,False,-14400.0,0.0,0.0,0.0,0.0,-14400.0,10778602.276000004,False,-0.0013341978100033,-0.0013341978100033,-14400.0,-7.0,176745.0,-3.960508076607542e-05,0.0015124247520969382,12835.0,12348.95,True
2020-08-10,2020-08-07,1,1,1,TX202008,False,18400.0,0.0,0.0,0.0,0.0,18400.0,10797002.276000004,False,0.0017070859030553,0.0,0.0,98.0,145662.0,0.0006727904326454395,0.001084804413292317,12763.0,12387.15,True
2020-08-11,2020-08-10,1,1,1,TX202008,False,-23600.0,0.0,0.0,0.0,0.0,-23600.0,10773402.276000004,False,-0.0021857918889633,-0.0021857918889633,-23600.0,-2431.0,140949.0,-0.01724737316334277,0.0007806330733790447,12855.0,12419.65,True
2020-08-12,2020-08-11,0,1,0,,False,-7400.0,50.0,50.792,400.0,500.792,-7900.792,10765501.484000005,False,-0.0007333609010034,-0.0029175498156577,-31500.791999999437,-2649.0,137179.0,-0.019310535869192808,-5.3041828056787746e-05,12737.0,12447.1,False
2020-08-13,2020-08-12,1,0,1,TX202008,False,-18600.0,50.0,51.272000000000006,400.0,501.272,-19101.272,10746400.212000003,False,-0.0017743039679469,-0.0046866771633899,-50602.06399999932,1544.0,185978.0,0.008302057232575896,0.0006891640697846763,12655.0,12468.85,True
2020-08-14,2020-08-13,1,1,1,TX202008,False,13000.0,0.0,0.0,0.0,0.0,13000.0,10759400.212000003,False,0.0012097074130445,-0.0034826392584526,-37602.06399999932,718.0,155284.0,0.004623786095154684,0.0011910989941252394,12723.0,12503.4,True
2020-08-17,2020-08-14,1,1,1,TX202008,False,33400.0,0.0,0.0,0.0,0.0,33400.0,10792800.212000003,False,0.0031042622582947,-0.0003891880257671,-4202.063999999315,2577.0,161897.0,0.01591752781089211,0.001148940714447258,12788.0,12540.85,True
2020-08-18,2020-08-17,1,1,1,TX202009,True,-16000.0,100.0,102.824,800.0,1002.824,-17002.824,10775797.388000006,False,-0.0015753857818191,-0.001963960686304,-21204.88799999841,665.0,230751.0,0.0028818943363192358,0.0009008840805196783,12955.0,12587.05,True
2020-08-19,2020-08-18,1,1,1,TX202009,False,-16200.0,0.0,0.0,0.0,0.0,-16200.0,10759597.388000006,False,-0.0015033690238126,-0.0034643771524568,-37404.887999998406,-2221.0,257503.0,-0.008625142231352644,0.00029436209124138164,12875.0,12616.35,True
2020-08-20,2020-08-19,1,1,1,TX202009,False,-89000.0,0.0,0.0,0.0,0.0,-89000.0,10670597.388000006,False,-0.0082716849702257,-0.0117074058862594,-126404.8879999984,-3194.0,177458.0,-0.0179986250267669,0.00042605485748949644,12806.0,12640.1,True
2020-08-21,2020-08-20,0,1,0,,False,32200.0,50.0,49.856,400.0,499.856,31700.144,10702297.532000003,False,0.0029707937472788,-0.0087713924271843,-94704.74399999902,-2617.0,284789.0,-0.009189259416620726,0.0002527345831472767,12305.0,12640.95,False
2020-08-24,2020-08-21,0,0,0,,False,0.0,0.0,0.0,0.0,0.0,0.0,10702297.532000003,False,0.0,-0.0087713924271843,-94704.74399999902,7477.0,188099.0,0.03975034423362166,0.0018636745720446222,12543.0,12660.6,False
2020-08-25,2020-08-24,0,0,0,,False,0.0,0.0,0.0,0.0,0.0,0.0,10702297.532000003,False,0.0,-0.0087713924271843,-94704.74399999902,931.0,139749.0,0.006661943913731047,0.0013891263194977762,12604.0,12665.65,False
2020-08-26,2020-08-25,1,0,1,TX202009,False,12400.0,50.0,50.928,400.0,500.928,11899.072,10714196.604000006,False,0.0011118240699645,-0.0076693206024474,-82805.67199999839,-99.0,142625.0,-0.000694127957931639,0.0019250254282213262,12737.0,12679.65,True
2020-08-27,2020-08-26,1,1,1,TX202009,False,-6400.0,0.0,0.0,0.0,0.0,-6400.0,10707796.604000006,False,-0.000597338301372,-0.0082620777248781,-89205.67199999839,1224.0,108566.0,0.011274247922922462,0.0029459643791356687,12792.0,12698.1,True
2020-08-28,2020-08-27,1,1,1,TX202009,False,-13800.0,0.0,0.0,0.0,0.0,-13800.0,10693996.604000006,False,-0.0012887805503183,-0.0095402102701194,-103005.6719999984,517.0,144121.0,0.0035872634799925065,0.0020485033808434272,12760.0,12706.3,True
2020-08-31,2020-08-28,0,1,0,,False,21800.0,50.0,51.19200000000001,400.0,501.192,21298.808,10715295.412000006,False,0.0019916602546921,-0.0075675508730436,-81706.8639999982,-2354.0,185254.0,-0.01270687812408909,0.002024855157969814,12691.0,12712.0,False
2020-09-01,2020-08-31,0,0,0,,False,0.0,0.0,0.0,0.0,0.0,0.0,10715295.412000006,False,0.0,-0.0075675508730436,-81706.8639999982,-3367.0,171731.0,-0.01960624465006318,0.0017084548004600159,12591.0,12719.4,False
2020-09-02,2020-09-01,0,0,0,,False,0.0,0.0,0.0,0.0,0.0,0.0,10715295.412000006,False,0.0,-0.0075675508730436,-81706.8639999982,1348.0,161378.0,0.008353059276977035,-0.00015209946662221447,12691.0,12722.5,False
2020-09-03,2020-09-02,0,0,0,,False,0.0,0.0,0.0,0.0,0.0,0.0,10715295.412000006,False,0.0,-0.0075675508730436,-81706.8639999982,1158.0,155334.0,0.00745490362702306,0.0002031013420864636,12691.0,12719.85,False
2020-09-04,2020-09-03,1,0,1,TX202009,False,9600.0,50.0,50.24,400.0,500.24,9099.76,10724395.172000006,False,0.0008492309031264,-0.0067247465679795,-72607.10399999842,702.0,165912.0,0.0042311586865326194,0.0004166395304513983,12732.0,12714.7,True
2020-09-07,2020-09-04,0,1,0,,False,400.0,50.0,50.42400000000001,400.0,500.424,-100.42399999999998,10724294.748000003,False,-9.364071203026342e-06,-0.0067340476681769,-72707.527999999,-191.0,211525.0,-0.000902966552416972,0.00033785168119827776,12606.0,12706.85,False
2020-09-08,2020-09-07,0,0,0,,False,0.0,0.0,0.0,0.0,0.0,0.0,10724294.748000003,False,0.0,-0.0067340476681769,-72707.527999999,-225.0,220019.0,-0.0010226389539085261,0.00114908839166999,12582.0,12693.2,False
2020-09-09,2020-09-08,0,0,0,,False,0.0,0.0,0.0,0.0,0.0,0.0,10724294.748000003,False,0.0,-0.0067340476681769,-72707.527999999,1657.0,131289.0,0.012621011661296833,0.002745665768194472,12667.0,12689.7,False
2020-09-10,2020-09-09,0,0,0,,False,0.0,0.0,0.0,0.0,0.0,0.0,10724294.748000003,False,0.0,-0.0067340476681769,-72707.527999999,-2648.0,243022.0,-0.01089613286039947,0.0017857562635457038,12598.0,12686.85,False
2020-09-11,2020-09-10,1,0,1,TX202009,False,600.0,50.0,50.64000000000001,400.0,500.64,99.36,10724394.108000005,False,9.26494490637996e-06,-0.0067248451138512,-72608.1679999996,2622.0,159752.0,0.016412940057088488,0.002375213961642394,12699.0,12685.65,True
2020-09-14,2020-09-11,0,1,0,,False,6600.0,50.0,50.768,400.0,500.768,6099.232,10730493.340000004,False,0.000568725089602,-0.0061599446123891,-66508.93599999882,-1317.0,197815.0,-0.0066577357632131035,0.0012464507829371332,12661.0,12679.3,False
2020-09-15,2020-09-14,1,0,1,TX202010,True,14400.0,150.0,153.556,1200.0,1503.556,12896.444,10743389.784000006,False,0.0012018500539882,-0.0049654978881656,-53612.49199999869,1554.0,249990.0,0.006216248649945998,0.0014131684986184712,12785.0,12670.8,True
2020-09-16,2020-09-15,1,1,1,TX202010,False,25200.0,0.0,0.0,0.0,0.0,25200.0,10768589.784000006,False,0.00234562838235,-0.0026315167185946,-28412.49199999869,940.0,237592.0,0.0039563621670763325,0.00204224371853992,12840.0,12669.05,True
2020-09-17,2020-09-16,1,1,1,TX202010,False,-17800.0,0.0,0.0,0.0,0.0,-17800.0,10750789.784000006,False,-0.0016529555268645,-0.0042801224653551,-46212.49199999869,5352.0,190050.0,0.028161010260457774,0.004350225482901153,12968.0,12677.15,True
2020-09-18,2020-09-17,1,1,1,TX202010,False,3800.0,0.0,0.0,0.0,0.0,3800.0,10754589.784000006,False,0.0003534624038184,-0.0039281729239118,-42412.49199999869,-5830.0,147170.0,-0.039614051776856694,0.002828985864889355,12816.0,12702.7,True
2020-09-21,2020-09-18,1,1,1,TX202010,False,-35200.0,0.0,0.0,0.0,0.0,-35200.0,10719389.784000006,False,-0.0032730211664947,-0.007188337097281,-77612.49199999869,-1402.0,135320.0,-0.010360626662725391,0.0003234373200720027,12835.0,12717.3,True
2020-09-22,2020-09-21,0,1,0,,False,-6400.0,50.0,50.50000000000001,400.0,500.5,-6900.5,10712489.284000006,False,-0.0006437400019075,-0.0078274496790519,-84512.99199999869,-6626.0,173964.0,-0.03808834011634591,-0.0019140768814318453,12659.0,12720.05,False
2020-09-23,2020-09-22,0,0,0,,False,0.0,0.0,0.0,0.0,0.0,0.0,10712489.284000006,False,0.0,-0.0078274496790519,-84512.99199999869,-1207.0,206817.0,-0.005836077305057127,-0.0021711743487881196,12507.0,12708.55,False
2020-09-24,2020-09-23,0,0,0,,False,0.0,0.0,0.0,0.0,0.0,0.0,10712489.284000006,False,0.0,-0.0078274496790519,-84512.99199999869,830.0,160938.0,0.005157265530825536,-0.002477023468392966,12528.0,12695.35,False
2020-09-25,2020-09-24,0,0,0,,False,0.0,0.0,0.0,0.0,0.0,0.0,10712489.284000006,False,0.0,-0.0078274496790519,-84512.99199999869,1130.0,222066.0,0.0050885772698206835,-0.0024019577789015567,12175.0,12666.1,False
2020-09-28,2020-09-25,0,0,0,,False,0.0,0.0,0.0,0.0,0.0,0.0,10712489.284000006,False,0.0,-0.0078274496790519,-84512.99199999869,7269.0,209359.0,0.03472026519041455,-3.060061317637468e-05,12195.0,12641.3,False
2020-09-29,2020-09-28,0,0,0,,False,0.0,0.0,0.0,0.0,0.0,0.0,10712489.284000006,False,0.0,-0.0078274496790519,-84512.99199999869,855.0,136925.0,0.006244294321708965,0.0012619263354122323,12417.0,12632.6,False
2020-09-30,2020-09-29,0,0,0,,False,0.0,0.0,0.0,0.0,0.0,0.0,10712489.284000006,False,0.0,-0.0078274496790519,-84512.99199999869,1347.0,130501.0,0.010321759986513513,0.0013603613708890563,12421.0,12619.1,False
2020-10-05,2020-09-30,0,0,0,,False,0.0,0.0,0.0,0.0,0.0,0.0,10712489.284000006,False,0.0,-0.0078274496790519,-84512.99199999869,4162.0,137958.0,0.03016860203830151,0.002496046291452979,12472.0,12608.15,False
2020-10-06,2020-10-05,0,0,0,,False,0.0,0.0,0.0,0.0,0.0,0.0,10712489.284000006,False,0.0,-0.0078274496790519,-84512.99199999869,-2909.0,126163.0,-0.02305747326870794,0.0011316146936909508,12529.0,12598.0,False
2020-10-07,2020-10-06,1,0,1,TX202010,False,27000.0,50.0,50.48800000000001,400.0,500.488,26499.512,10738988.796000006,False,0.0024737025445224,-0.0053731099167176,-58013.47999999858,968.0,123268.0,0.007852808514780802,0.0015694034470508395,12675.0,12601.45,True
2020-10-08,2020-10-07,1,1,1,TX202010,False,23600.0,0.0,0.0,0.0,0.0,23600.0,10762588.796000006,False,0.0021975998344267,-0.0031873180277542,-34413.479999998584,2522.0,125806.0,0.020046738629318158,0.002622872326212174,12755.0,12610.1,True
2020-10-12,2020-10-08,1,1,1,TX202010,False,9400.0,0.0,0.0,0.0,0.0,9400.0,10771988.796000006,False,0.0008733958137928,-0.002316706004184,-25013.479999998584,-405.0,120437.0,-0.0033627539709557694,0.001823684044599544,12873.0,12620.4,True
2020-10-13,2020-10-12,1,1,1,TX202010,False,-200.0,0.0,0.0,0.0,0.0,-200.0,10771788.796000006,False,-1.8566673600168114e-05,-0.00233522966426,-25213.479999998584,35.0,135433.0,0.000258430367783332,0.002381412206008684,12920.0,12636.5,True
2020-10-14,2020-10-13,1,1,1,TX202010,False,-6200.0,0.0,0.0,0.0,0.0,-6200.0,10765588.796000006,False,-0.000575577568166,-0.0029094631266148,-31413.479999998584,1970.0,121946.0,0.01615469142079281,0.0023684997741939,12919.0,12647.5,True
2020-10-15,2020-10-14,1,1,1,TX202010,False,-9600.0,0.0,0.0,0.0,0.0,-9600.0,10755988.796000006,False,-0.0008917301396061,-0.003798598810261,-41013.47999999858,-2769.0,116555.0,-0.02375702458067007,0.0015135353333210516,12888.0,12658.85,True
2020-10-16,2020-10-15,1,1,1,TX202010,False,-19000.0,0.0,0.0,0.0,0.0,-19000.0,10736988.796000006,False,-0.0017664577716058,-0.0055583465174772,-60013.47999999858,1159.0,164807.0,0.007032468281080294,0.0015543463148777665,12840.0,12661.6,True
2020-10-19,2020-10-16,1,1,1,TX202010,False,30200.0,0.0,0.0,0.0,0.0,30200.0,10767188.796000006,False,0.0028127066697928,-0.0027612738460071,-29813.479999998584,-2745.0,176485.0,-0.015553729778734737,0.000578841717587213,12745.0,12656.85,True
2020-10-20,2020-10-19,0,1,0,,False,-800.0,50.0,51.56,400.0,501.56,-1301.56,10765887.236000003,False,-0.0001208820635227,-0.0028818221210495,-31115.039999999102,508.0,250880.0,0.002024872448979592,-0.000727965172986696,12896.0,12653.25,False
2020-10-21,2020-10-20,1,0,1,TX202011,False,-2800.0,50.0,51.288,400.0,501.288,-3301.288,10762585.948000005,False,-0.0003066433752864,-0.0031875818046738,-34416.32799999975,-949.0,237693.0,-0.003992545005532346,0.0010531101655795213,12856.0,12655.25,True
2020-10-22,2020-10-21,1,1,1,TX202011,False,6200.0,0.0,0.0,0.0,0.0,6200.0,10768785.948000005,False,0.0005760697317499,-0.002613348342319,-28216.327999999747,-402.0,143762.0,-0.002796288309845439,0.0014313270832235193,12860.0,12656.5,True
2020-10-23,2020-10-22,1,1,1,TX202011,False,400.0,0.0,0.0,0.0,0.0,400.0,10769185.948000005,False,3.71443913855757e-05,-0.0025763010221671,-27816.327999999747,3960.0,124930.0,0.03169775074041463,0.004920631626061546,12837.0,12665.4,True
2020-10-26,2020-10-23,1,1,1,TX202011,False,3800.0,0.0,0.0,0.0,0.0,3800.0,10772985.948000005,False,0.0003528586114446,-0.0022243514807238,-24016.327999999747,-1813.0,102265.0,-0.017728450594044882,0.004326012961612159,12839.0,12682.0,True
2020-10-27,2020-10-26,1,1,1,TX202011,False,-10200.0,0.0,0.0,0.0,0.0,-10200.0,10762785.948000005,False,-0.0009468127081232,-0.0031690581445978,-34216.32799999975,917.0,108519.0,0.008450133156405791,0.004490656342891171,12858.0,12698.5,True
2020-10-28,2020-10-27,1,1,1,TX202011,False,-13600.0,0.0,0.0,0.0,0.0,-13600.0,10749185.948000005,False,-0.0012636133493416,-0.0044286670297631,-47816.32799999975,-2896.0,115602.0,-0.025051469697756096,0.0029836539945123325,12807.0,12730.1,True
2020-10-29,2020-10-28,0,1,0,,False,-28200.0,50.0,50.38400000000001,400.0,500.384,-28700.384,10720485.564000005,False,-0.0026700053509949,-0.0070868478160909,-76516.71199999936,-497.0,105565.0,-0.004707999810543267,0.0010122407444644412,12739.0,12757.3,False
2020-10-30,2020-10-29,0,0,0,,False,0.0,0.0,0.0,0.0,0.0,0.0,10720485.564000005,False,0.0,-0.0070868478160909,-76516.71199999936,-4365.0,182197.0,-0.02395758437295894,-0.000497853190268954,12602.0,12766.55,False
2020-11-02,2020-10-30,0,0,0,,False,0.0,0.0,0.0,0.0,0.0,0.0,10720485.564000005,False,0.0,-0.0070868478160909,-76516.71199999936,3512.0,165290.0,0.021247504386230263,4.8434029716883445e-05,12414.0,12766.2,False
2020-11-03,2020-11-02,0,0,0,,False,0.0,0.0,0.0,0.0,0.0,0.0,10720485.564000005,False,0.0,-0.0070868478160909,-76516.71199999936,-806.0,138376.0,-0.005824709487194311,-0.0017512315465579077,12515.0,12768.35,False
2020-11-04,2020-11-03,0,0,0,,False,0.0,0.0,0.0,0.0,0.0,0.0,10720485.564000005,False,0.0,-0.0070868478160909,-76516.71199999936,4812.0,116492.0,0.041307557600521926,0.0014670199969035857,12685.0,12776.15,False
2020-11-05,2020-11-04,1,0,1,TX202011,False,-6800.0,50.0,51.70400000000001,400.0,501.704,-7301.704,10713183.860000003,False,-0.0006810982540305,-0.0077631192304473,-83818.41599999927,3170.0,181708.0,0.017445572016642086,0.00194665817199665,12865.0,12785.65,True
2020-11-06,2020-11-05,1,1,1,TX202011,False,9200.0,0.0,0.0,0.0,0.0,9200.0,10722383.860000003,False,0.0008587549807998,-0.0069110308669531,-74618.41599999927,2653.0,146045.0,0.0181656338799685,0.001852602934529167,12890.0,12792.4,True
2020-11-09,2020-11-06,1,1,1,TX202011,False,37000.0,0.0,0.0,0.0,0.0,37000.0,10759383.860000003,False,0.003450725182301,-0.0034841537529003,-37618.41599999927,703.0,128475.0,0.0054718816890445615,0.0022943347175291835,12936.0,12795.55,True
2020-11-10,2020-11-09,1,1,1,TX202011,False,-10000.0,0.0,0.0,0.0,0.0,-10000.0,10749383.860000003,False,-0.0009294212503354,-0.0044103367566984,-47618.41599999927,-1204.0,156188.0,-0.0077086587958101775,0.001895980259349508,13121.0,12805.6,True
2020-11-11,2020-11-10,1,1,1,TX202011,False,38400.0,0.0,0.0,0.0,0.0,38400.0,10787783.860000003,False,0.0035722977707486,-0.0008537940221139,-9218.41599999927,-224.0,190116.0,-0.0011782280292032233,0.0010293342868497066,13071.0,12813.2,True
2020-11-12,2020-11-11,1,1,1,TX202011,False,-6600.0,0.0,0.0,0.0,0.0,-6600.0,10781183.860000003,False,-0.0006118031363672,-0.0014650748046206,-15818.41599999927,877.0,163397.0,0.0053672956051824695,0.0024855502961423333,13263.0,12831.95,True
2020-11-13,2020-11-12,1,1,1,TX202011,False,10800.0,0.0,0.0,0.0,0.0,10800.0,10791983.860000003,False,0.0010017452758662,-0.0004647971605187,-5018.41599999927,1868.0,142714.0,0.013089115293524111,0.0027883826467645246,13230.0,12851.45,True
2020-11-16,2020-11-13,1,1,1,TX202011,False,59400.0,0.0,0.0,0.0,0.0,59400.0,10851383.860000003,False,0.005504085325791,0.0,0.0,-545.0,135271.0,-0.004028949294379431,0.00336462167098229,13284.0,12878.4,True
2020-11-17,2020-11-16,1,1,1,TX202012,True,8800.0,100.0,108.824,800.0,1008.824,7791.175999999999,10859175.036000006,False,0.0007179891616146,0.0,0.0,-2142.0,271576.0,-0.007887294900874893,0.002869013303489565,13581.0,12912.65,True
2020-11-18,2020-11-17,1,1,1,TX202012,False,27200.0,0.0,0.0,0.0,0.0,27200.0,10886375.036000006,False,0.002504794324599,0.0,0.0,180.0,299180.0,0.0006016444949528711,0.0030987227785138267,13625.0,12951.1,True
2020-11-19,2020-11-18,1,1,1,TX202012,False,4600.0,0.0,0.0,0.0,0.0,4600.0,10890975.036000006,False,0.0004225465303912,0.0,0.0,643.0,161503.0,0.003981350191637307,0.003437604703587964,13756.0,12995.9,True
2020-11-20,2020-11-19,1,1,1,TX202012,False,-800.0,0.0,0.0,0.0,0.0,-800.0,10890175.036000006,False,-7.345531482310887e-05,-7.345531482305656e-05,-800.0,-1183.0,127225.0,-0.009298486932599725,0.0013877928199372458,13740.0,13041.05,True
2020-11-23,2020-11-20,1,1,1,TX202012,False,27800.0,0.0,0.0,0.0,0.0,27800.0,10917975.036000006,False,0.0025527597038707,0.0,0.0,-422.0,109788.0,-0.003843771632601013,0.002082026768009439,13736.0,13085.9,True
2020-11-24,2020-11-23,0,1,0,,False,9200.0,50.0,55.676,400.0,505.676,8694.324,10926669.360000003,False,0.0007963311851631,0.0,0.0,-3795.0,112213.0,-0.03381961091852103,-3.146043573690194e-05,13875.0,13136.75,False
2020-11-25,2020-11-24,1,0,1,TX202012,False,-35400.0,50.0,55.55200000000001,400.0,505.552,-35905.552,10890763.808000006,False,-0.0032860472681128,-0.0032860472681127,-35905.55199999921,127.0,112139.0,0.0011325230294545162,0.0012777392006236286,13804.0,13186.6,True
2020-11-26,2020-11-25,1,1,1,TX202012,False,26400.0,0.0,0.0,0.0,0.0,26400.0,10917163.808000006,False,0.0024240724034991,-0.0008699404811127,-9505.55199999921,467.0,143619.0,0.003251658903069928,0.0016757221363042883,13709.0,13235.1,True
2020-11-27,2020-11-26,1,1,1,TX202012,False,7400.0,0.0,0.0,0.0,0.0,7400.0,10924563.808000006,False,0.0006778317271906,-0.000192698427181,-2105.5519999992102,-2271.0,116577.0,-0.019480686584832343,0.0018995670257106183,13841.0,13297.05,True
2020-11-30,2020-11-27,1,1,1,TX202012,False,-31200.0,0.0,0.0,0.0,0.0,-31200.0,10893363.808000006,False,-0.0028559492670226,-0.0030480973572718,-33305.55199999921,2294.0,104120.0,0.02203227045716481,0.0019388053292573454,13878.0,13370.25,True
2020-12-01,2020-11-30,1,1,1,TX202012,False,31000.0,0.0,0.0,0.0,0.0,31000.0,10924363.808000006,False,0.0028457692725945,-0.0002110022664765,-2305.5519999992102,-1331.0,162259.0,-0.008202934814093517,0.001819894062912385,13722.0,13430.6,True
2020-12-02,2020-12-01,0,1,0,,False,11000.0,50.0,55.720000000000006,400.0,505.72,10494.28,10934858.088000003,False,0.0009606307684768,0.0,0.0,-2415.0,125755.0,-0.0192040077929307,-0.0012056842067602461,13877.0,13490.2,False
2020-12-03,2020-12-02,0,0,0,,False,0.0,0.0,0.0,0.0,0.0,0.0,10934858.088000003,False,0.0,0.0,0.0,2397.0,135891.0,0.017639137249707487,-0.0011960059451069762,13956.0,13544.75,False
2020-12-04,2020-12-03,0,0,0,,False,0.0,0.0,0.0,0.0,0.0,0.0,10934858.088000003,False,0.0,0.0,0.0,1002.0,136802.0,0.007324454320843263,-0.001738064923063238,13986.0,13599.55,False
2020-12-07,2020-12-04,0,0,0,,False,0.0,0.0,0.0,0.0,0.0,0.0,10934858.088000003,False,0.0,0.0,0.0,135.0,142483.0,0.000947481453927837,-0.001964284934819074,14138.0,13659.65,False
2020-12-08,2020-12-07,0,0,0,,False,0.0,0.0,0.0,0.0,0.0,0.0,10934858.088000003,False,0.0,0.0,0.0,-2486.0,142246.0,-0.017476765603250708,-0.002452690275191101,14225.0,13714.85,False
2020-12-09,2020-12-08,0,0,0,,False,0.0,0.0,0.0,0.0,0.0,0.0,10934858.088000003,False,0.0,0.0,0.0,-315.0,130123.0,-0.002420786486631879,-0.0025148181980625336,14342.0,13778.4,False
2020-12-10,2020-12-09,0,0,0,,False,0.0,0.0,0.0,0.0,0.0,0.0,10934858.088000003,False,0.0,0.0,0.0,-2686.0,120892.0,-0.02221817820864904,-0.0038940918887541095,14397.0,13835.1,False
2020-12-11,2020-12-10,0,0,0,,False,0.0,0.0,0.0,0.0,0.0,0.0,10934858.088000003,False,0.0,0.0,0.0,-15.0,163175.0,-9.192584648383637e-05,-0.004553143945754507,14241.0,13885.65,False
2020-12-14,2020-12-11,0,0,0,,False,0.0,0.0,0.0,0.0,0.0,0.0,10934858.088000003,False,0.0,0.0,0.0,459.0,220887.0,0.0020779855763354113,-0.0042477972022187645,14236.0,13933.25,False
2020-12-15,2020-12-14,0,0,0,,False,0.0,0.0,0.0,0.0,0.0,0.0,10934858.088000003,False,0.0,0.0,0.0,-1968.0,236006.0,-0.00833877104819369,-0.004270371009584705,14200.0,13964.2,False
2020-12-16,2020-12-15,0,0,0,,False,0.0,0.0,0.0,0.0,0.0,0.0,10934858.088000003,False,0.0,0.0,0.0,4111.0,281481.0,0.014604893403107137,-0.0035702085641769908,14085.0,13987.2,False
2020-12-17,2020-12-16,0,0,0,,False,0.0,0.0,0.0,0.0,0.0,0.0,10934858.088000003,False,0.0,0.0,0.0,-827.0,153321.0,-0.005393912119018269,-0.00403897167970977,14323.0,14015.55,False
2020-12-18,2020-12-17,0,0,0,,False,0.0,0.0,0.0,0.0,0.0,0.0,10934858.088000003,False,0.0,0.0,0.0,-1923.0,126617.0,-0.015187534059407504,-0.004333424036050159,14186.0,14037.85,False
2020-12-21,2020-12-18,0,0,0,,False,0.0,0.0,0.0,0.0,0.0,0.0,10934858.088000003,False,0.0,0.0,0.0,178.0,94906.0,0.0018755400080079237,-0.004047458454019713,14137.0,14057.9,False
2020-12-22,2020-12-21,0,0,0,,False,0.0,0.0,0.0,0.0,0.0,0.0,10934858.088000003,False,0.0,0.0,0.0,2621.0,149189.0,0.017568319380115157,-0.0014780619390879026,14312.0,14079.75,False
2020-12-23,2020-12-22,0,0,0,,False,0.0,0.0,0.0,0.0,0.0,0.0,10934858.088000003,False,0.0,0.0,0.0,-2318.0,189026.0,-0.012262863309809233,-0.0021478312560510903,14046.0,14091.85,False
2020-12-24,2020-12-23,0,0,0,,False,0.0,0.0,0.0,0.0,0.0,0.0,10934858.088000003,False,0.0,0.0,0.0,-980.0,146426.0,-0.006692800458934889,-0.002645054224151331,14113.0,14112.05,False
2020-12-25,2020-12-24,0,0,0,,False,0.0,0.0,0.0,0.0,0.0,0.0,10934858.088000003,False,0.0,0.0,0.0,2284.0,112028.0,0.02038776020280644,-0.0006516318847693915,14242.0,14132.1,False
2020-12-28,2020-12-25,0,0,0,,False,0.0,0.0,0.0,0.0,0.0,0.0,10934858.088000003,False,0.0,0.0,0.0,393.0,84419.0,0.0046553500989113825,-0.001520477902682063,14305.0,14153.45,False
2020-12-29,2020-12-28,0,0,0,,False,0.0,0.0,0.0,0.0,0.0,0.0,10934858.088000003,False,0.0,0.0,0.0,-900.0,80130.0,-0.011231748408835642,-0.0016719185824191692,14437.0,14189.2,False
2020-12-30,2020-12-29,0,0,0,,False,0.0,0.0,0.0,0.0,0.0,0.0,10934858.088000003,False,0.0,0.0,0.0,561.0,95691.0,0.00586262030911998,-0.0004185871773166354,14459.0,14218.3,False
2020-12-31,2020-12-30,0,0,0,,False,0.0,0.0,0.0,0.0,0.0,0.0,10934858.088000003,False,0.0,0.0,0.0,2237.0,103863.0,0.02153798754128034,-0.00022364466273799253,14638.0,14252.4,False
2021-01-04,2020-12-31,0,0,0,,False,0.0,0.0,0.0,0.0,0.0,0.0,10934858.088000003,False,0.0,0.0,0.0,-184.0,107628.0,-0.0017095922994016426,-0.000675346993750238,14678.0,14287.0,False
2021-01-05,2021-01-04,0,0,0,,False,0.0,0.0,0.0,0.0,0.0,0.0,10934858.088000003,False,0.0,0.0,0.0,1234.0,152390.0,0.008097644202375484,-0.00031783885632785566,14874.0,14323.8,False
2021-01-06,2021-01-05,1,0,1,TX202101,False,-27400.0,50.0,60.2,400.0,510.2,-27910.2,10906947.888000006,False,-0.0025524062384155,-0.0025524062384154,-27910.19999999925,-59.0,167975.0,-0.00035124274445602025,0.0005384372866118787,14977.0,14361.4,True
2021-01-07,2021-01-06,1,1,1,TX202101,False,63800.0,0.0,0.0,0.0,0.0,63800.0,10970747.888000006,False,0.0058494824267193,0.0,0.0,-358.0,285646.0,-0.001253299538589723,0.0005968116340139865,14911.0,14389.85,True
2021-01-08,2021-01-07,1,1,1,TX202101,False,44800.0,0.0,0.0,0.0,0.0,44800.0,11015547.888000006,False,0.0040835866850065,0.0,0.0,853.0,203203.0,0.0041977726706790746,0.0019176091779803926,15230.0,14431.5,True
2021-01-11,2021-01-08,1,1,1,TX202101,False,16000.0,0.0,0.0,0.0,0.0,16000.0,11031547.888000006,False,0.0014524924372967,0.0,0.0,-1939.0,217571.0,-0.008912033313263257,0.0014766038046414214,15454.0,14492.15,True
2021-01-12,2021-01-11,1,1,1,TX202101,False,-8200.0,0.0,0.0,0.0,0.0,-8200.0,11023347.888000006,False,-0.0007433227035092,-0.0007433227035092,-8200.0,-1524.0,202778.0,-0.007515608202073203,0.0009969241157209907,15534.0,14557.05,True
2021-01-13,2021-01-12,1,1,1,TX202101,False,54200.0,0.0,0.0,0.0,0.0,54200.0,11077547.888000006,False,0.0049168365682264,0.0,0.0,-266.0,228124.0,-0.0011660325086356542,0.0013555610426988925,15493.0,14621.7,True
2021-01-14,2021-01-13,1,1,1,TX202101,False,-7000.0,0.0,0.0,0.0,0.0,-7000.0,11070547.888000006,False,-0.0006319088006455,-0.0006319088006455,-7000.0,-1170.0,192162.0,-0.0060886127330065255,0.0003208857358932094,15764.0,14705.65,True
2021-01-15,2021-01-14,0,1,0,,False,44200.0,50.0,63.79200000000001,400.0,513.792,43686.208,11114234.096000006,False,0.0039461649452195,0.0,0.0,-4159.0,176747.0,-0.023530809575268603,-0.0005859591369193073,15729.0,14775.95,False
2021-01-18,2021-01-15,1,0,1,TX202101,False,-6200.0,50.0,62.556,400.0,512.556,-6712.556,11107521.540000008,False,-0.0006039602857038,-0.0006039602857038,-6712.555999999866,2887.0,348379.0,0.008286951854158833,0.0005877651587590095,15634.0,14848.35,True
2021-01-19,2021-01-18,1,1,1,TX202102,True,56400.0,100.0,126.94,800.0,1026.94,55373.06,11162894.600000007,False,0.0049851859211429,0.0,0.0,-1880.0,342730.0,-0.005485367490444373,0.0002197197838363946,15606.0,14921.8,True
2021-01-20,2021-01-19,0,1,0,,False,-400.0,50.0,63.37200000000001,400.0,513.3720000000001,-913.372,11161981.228000008,False,-8.182214673960994e-05,-8.182214673957411e-05,-913.3719999995084,-1069.0,306061.0,-0.0034927677815860237,-0.0008333345742486644,15888.0,15000.6,False
2021-01-21,2021-01-20,0,0,0,,False,0.0,0.0,0.0,0.0,0.0,0.0,11161981.228000008,False,0.0,-8.182214673957411e-05,-913.3719999995084,974.0,268938.0,0.003621652574199258,-3.9108780048239935e-05,15766.0,15086.6,False
2021-01-22,2021-01-21,1,0,1,TX202102,False,-13400.0,50.0,64.212,400.0,514.212,-13914.212,11148067.016000008,False,-0.0012465718868166,-0.0013282920363683,-14827.583999998868,-1048.0,259606.0,-0.004036886666718026,9.368690956260321e-05,16129.0,15187.4,True
2021-01-25,2021-01-22,0,1,0,,False,-5600.0,50.0,63.816,400.0,513.816,-6113.816,11141953.200000009,False,-0.0005484193799001,-0.0018759829551735,-20941.39999999851,-5026.0,196120.0,-0.025627167040587394,-0.0022070594526070885,15984.0,15274.5,False
2021-01-26,2021-01-25,0,0,0,,False,0.0,0.0,0.0,0.0,0.0,0.0,11141953.200000009,False,0.0,-0.0018759829551735,-20941.39999999851,-1382.0,225144.0,-0.006138293714245105,-0.002746741643264913,15912.0,15354.85,False
2021-01-27,2021-01-26,0,0,0,,False,0.0,0.0,0.0,0.0,0.0,0.0,11141953.200000009,False,0.0,-0.0018759829551735,-20941.39999999851,1930.0,285530.0,0.006759359787062655,-0.0018471862334699981,15626.0,15414.3,False
2021-01-28,2021-01-27,0,0,0,,False,0.0,0.0,0.0,0.0,0.0,0.0,11141953.200000009,False,0.0,-0.0018759829551735,-20941.39999999851,-1950.0,229688.0,-0.008489777437219185,-0.002564806120786956,15660.0,15474.35,False
2021-01-29,2021-01-28,0,0,0,,False,0.0,0.0,0.0,0.0,0.0,0.0,11141953.200000009,False,0.0,-0.0018759829551735,-20941.39999999851,-1100.0,285200.0,-0.0038569424964936885,-0.0038345526226756577,15383.0,15511.6,False
2021-02-01,2021-01-29,0,0,0,,False,0.0,0.0,0.0,0.0,0.0,0.0,11141953.200000009,False,0.0,-0.0018759829551735,-20941.39999999851,7943.0,301543.0,0.02634118517093748,-0.0024320137491587015,15075.0,15531.45,False
2021-02-02,2021-02-01,0,0,0,,False,0.0,0.0,0.0,0.0,0.0,0.0,11141953.200000009,False,0.0,-0.0018759829551735,-20941.39999999851,-1100.0,252784.0,-0.004351541236787138,-0.0030544730211168325,15360.0,15555.75,False
2021-02-03,2021-02-02,0,0,0,,False,0.0,0.0,0.0,0.0,0.0,0.0,11141953.200000009,False,0.0,-0.0018759829551735,-20941.39999999851,2250.0,242236.0,0.009288462491124357,-0.002572487759337814,15755.0,15594.65,False
2021-02-04,2021-02-03,0,0,0,,False,0.0,0.0,0.0,0.0,0.0,0.0,11141953.200000009,False,0.0,-0.0018759829551735,-20941.39999999851,-1444.0,207932.0,-0.006944578035126868,-0.0028570516841646713,15772.0,15637.7,False
2021-02-05,2021-02-04,0,0,0,,False,0.0,0.0,0.0,0.0,0.0,0.0,11141953.200000009,False,0.0,-0.0018759829551735,-20941.39999999851,103.0,277243.0,0.00037151524114224706,-0.0030483645556415124,15701.0,15661.25,False
2021-02-17,2021-02-05,0,0,0,,False,0.0,0.0,0.0,0.0,0.0,0.0,11141953.200000009,False,0.0,-0.0018759829551735,-20941.39999999851,-1365.0,276739.0,-0.0049324453727158084,-0.00284938515861414,15804.0,15678.75,False
2021-02-18,2021-02-17,0,0,0,,False,0.0,0.0,0.0,0.0,0.0,0.0,11141953.200000009,False,0.0,-0.0018759829551735,-20941.39999999851,1838.0,201892.0,0.00910387732054762,-0.0020184108824830987,16326.0,15718.35,False
2021-02-19,2021-02-18,0,0,0,,False,0.0,0.0,0.0,0.0,0.0,0.0,11141953.200000009,False,0.0,-0.0018759829551735,-20941.39999999851,-4861.0,185361.0,-0.026224502457366974,-0.0032713343799196646,16380.0,15762.7,False
2021-02-22,2021-02-19,0,0,0,,False,0.0,0.0,0.0,0.0,0.0,0.0,11141953.200000009,False,0.0,-0.0018759829551735,-20941.39999999851,1172.0,191232.0,0.006128681392235609,-0.002660469673657558,16314.0,15790.2,False
2021-02-23,2021-02-22,0,0,0,,False,0.0,0.0,0.0,0.0,0.0,0.0,11141953.200000009,False,0.0,-0.0018759829551735,-20941.39999999851,-2197.0,193241.0,-0.01136922288748247,-0.0020523903392682514,16385.0,15823.0,False
2021-02-24,2021-02-23,0,0,0,,False,0.0,0.0,0.0,0.0,0.0,0.0,11141953.200000009,False,0.0,-0.0018759829551735,-20941.39999999851,-1780.0,182934.0,-0.009730285239485279,-0.0029532521939504572,16437.0,15863.15,False
2021-02-25,2021-02-24,0,0,0,,False,0.0,0.0,0.0,0.0,0.0,0.0,11141953.200000009,False,0.0,-0.0018759829551735,-20941.39999999851,-923.0,245521.0,-0.003759352560473442,-0.0028669514474519106,16182.0,15891.95,False
2021-02-26,2021-02-25,0,0,0,,False,0.0,0.0,0.0,0.0,0.0,0.0,11141953.200000009,False,0.0,-0.0018759829551735,-20941.39999999851,1408.0,183488.0,0.0076735263341471925,-0.0023086367416652502,16388.0,15916.95,False
2021-03-02,2021-02-26,0,0,0,,False,0.0,0.0,0.0,0.0,0.0,0.0,11141953.200000009,False,0.0,-0.0018759829551735,-20941.39999999851,-1763.0,278065.0,-0.006340244187510114,-0.0028067315797507186,15935.0,15925.4,False
2021-03-03,2021-03-02,0,0,0,,False,0.0,0.0,0.0,0.0,0.0,0.0,11141953.200000009,False,0.0,-0.0018759829551735,-20941.39999999851,4220.0,247618.0,0.017042379794683746,-0.00175276825668063,15907.0,15914.3,False
2021-03-04,2021-03-03,0,0,0,,False,0.0,0.0,0.0,0.0,0.0,0.0,11141953.200000009,False,0.0,-0.0018759829551735,-20941.39999999851,-220.0,205056.0,-0.0010728776529338327,-0.0005250537872979516,16181.0,15924.15,False
2021-03-05,2021-03-04,0,0,0,,False,0.0,0.0,0.0,0.0,0.0,0.0,11141953.200000009,False,0.0,-0.0018759829551735,-20941.39999999851,242.0,270830.0,0.0008935494590702655,-0.00017346162863218312,15925.0,15924.8,False
2021-03-08,2021-03-05,0,0,0,,False,0.0,0.0,0.0,0.0,0.0,0.0,11141953.200000009,False,0.0,-0.0018759829551735,-20941.39999999851,-1737.0,274333.0,-0.006331720937692512,-0.0008280156648699415,15855.0,15936.25,False
2021-03-09,2021-03-08,0,0,0,,False,0.0,0.0,0.0,0.0,0.0,0.0,11141953.200000009,False,0.0,-0.0018759829551735,-20941.39999999851,5046.0,262170.0,0.019247053438608535,0.0005588258789214444,15816.0,15944.05,False
2021-03-10,2021-03-09,0,0,0,,False,0.0,0.0,0.0,0.0,0.0,0.0,11141953.200000009,False,0.0,-0.0018759829551735,-20941.39999999851,-2926.0,248310.0,-0.011783657524868109,0.00016249012750272344,15822.0,15966.0,False
2021-03-11,2021-03-10,0,0,0,,False,0.0,0.0,0.0,0.0,0.0,0.0,11141953.200000009,False,0.0,-0.0018759829551735,-20941.39999999851,2635.0,186285.0,0.014144992887242665,-0.00044731948668201734,15883.0,16006.4,False
2021-03-12,2021-03-11,0,0,0,,False,0.0,0.0,0.0,0.0,0.0,0.0,11141953.200000009,False,0.0,-0.0018759829551735,-20941.39999999851,-4414.0,190472.0,-0.02317400982821622,-0.0013884429162534712,16174.0,16047.1,False
2021-03-15,2021-03-12,0,0,0,,False,0.0,0.0,0.0,0.0,0.0,0.0,11141953.200000009,False,0.0,-0.0018759829551735,-20941.39999999851,-681.0,163043.0,-0.004176812251982606,-0.002061706653408819,16222.0,16070.45,False
2021-03-16,2021-03-15,0,0,0,,False,0.0,0.0,0.0,0.0,0.0,0.0,11141953.200000009,False,0.0,-0.0018759829551735,-20941.39999999851,-471.0,235825.0,-0.0019972437188593237,-0.0018143399375954426,16200.0,16091.85,False
2021-03-17,2021-03-16,0,0,0,,False,0.0,0.0,0.0,0.0,0.0,0.0,11141953.200000009,False,0.0,-0.0018759829551735,-20941.39999999851,2206.0,232204.0,0.009500267006597648,-0.0013579023493226724,16305.0,16122.05,False
2021-03-18,2021-03-17,0,0,0,,False,0.0,0.0,0.0,0.0,0.0,0.0,11141953.200000009,False,0.0,-0.0018759829551735,-20941.39999999851,-5162.0,150678.0,-0.034258484981218223,-0.002824204329747793,16176.0,16140.65,False
2021-03-19,2021-03-18,0,0,0,,False,0.0,0.0,0.0,0.0,0.0,0.0,11141953.200000009,False,0.0,-0.0018759829551735,-20941.39999999851,-48.0,161140.0,-0.00029787762194365147,-0.0032942920768723565,16239.0,16136.3,False
2021-03-22,2021-03-19,0,0,0,,False,0.0,0.0,0.0,0.0,0.0,0.0,11141953.200000009,False,0.0,-0.0018759829551735,-20941.39999999851,-568.0,194286.0,-0.00292352511246307,-0.0021292432096271614,16012.0,16117.9,False
2021-03-23,2021-03-22,0,0,0,,False,0.0,0.0,0.0,0.0,0.0,0.0,11141953.200000009,False,0.0,-0.0018759829551735,-20941.39999999851,2523.0,173949.0,0.014504251246054879,-0.001710464716936198,16140.0,16109.2,False
2021-03-24,2021-03-23,0,0,0,,False,0.0,0.0,0.0,0.0,0.0,0.0,11141953.200000009,False,0.0,-0.0018759829551735,-20941.39999999851,653.0,142983.0,0.004566976493709043,-0.0009136547478766227,16120.0,16095.95,False
2021-03-25,2021-03-24,0,0,0,,False,0.0,0.0,0.0,0.0,0.0,0.0,11141953.200000009,False,0.0,-0.0018759829551735,-20941.39999999851,-2955.0,154961.0,-0.019069314214544306,-0.0013806061966295737,15983.0,16073.25,False
2021-03-26,2021-03-25,0,0,0,,False,0.0,0.0,0.0,0.0,0.0,0.0,11141953.200000009,False,0.0,-0.0018759829551735,-20941.39999999851,2768.0,161298.0,0.017160783146722217,-0.0003345994112697908,16032.0,16065.75,False
2021-03-29,2021-03-26,1,0,1,TX202104,False,8200.0,50.0,65.488,400.0,515.488,7684.512,11149637.712000009,False,0.0006896916422158,-0.0011875851627227,-13256.887999998406,3340.0,159614.0,0.02092548272707908,0.00032799840837680354,16288.0,16060.75,True
2021-03-30,2021-03-29,1,1,1,TX202104,False,21600.0,0.0,0.0,0.0,0.0,21600.0,11171237.712000009,False,0.0019372826775127,0.0,0.0,1494.0,146520.0,0.010196560196560197,0.001154838627580319,16411.0,16084.55,True
2021-03-31,2021-03-30,1,1,1,TX202104,False,-19400.0,0.0,0.0,0.0,0.0,-19400.0,11151837.712000009,False,-0.0017366025591918,-0.0017366025591918,-19400.0,953.0,123069.0,0.007743623495762539,0.0006899008126342587,16519.0,16115.15,True
2021-04-01,2021-03-31,0,1,0,,False,22600.0,50.0,66.132,400.0,516.1320000000001,22083.868,11173921.58000001,False,0.001980289578303,0.0,0.0,-2273.0,119037.0,-0.01909490326537127,-0.00021120046798761316,16422.0,16127.2,False
2021-04-06,2021-04-01,1,0,1,TX202104,False,-5800.0,50.0,67.048,400.0,517.048,-6317.048,11167604.532000007,False,-0.000565338494169,-0.000565338494169,-6317.048000000417,1033.0,130097.0,0.007940229213586785,0.00014113351973821285,16551.0,16158.5,True
2021-04-07,2021-04-06,1,1,1,TX202104,False,7400.0,0.0,0.0,0.0,0.0,7400.0,11175004.532000007,False,0.0006626309141585,0.0,0.0,922.0,129764.0,0.007105206374649364,0.0008129798853553066,16731.0,16202.3,True
2021-04-08,2021-04-07,0,1,0,,False,-10600.0,50.0,66.852,400.0,516.852,-11116.852,11163887.680000007,False,-0.0009947961961148,-0.0009947961961148,-11116.851999999955,-2618.0,107196.0,-0.02442255308033882,-0.001370500440592061,16768.0,16249.9,False
2021-04-09,2021-04-08,0,0,0,,False,0.0,0.0,0.0,0.0,0.0,0.0,11163887.680000007,False,0.0,-0.0009947961961148,-11116.851999999955,283.0,121775.0,0.0023239581194826526,-0.0006651196583745231,16930.0,16305.3,False
2021-04-12,2021-04-09,0,0,0,,False,0.0,0.0,0.0,0.0,0.0,0.0,11163887.680000007,False,0.0,-0.0009947961961148,-11116.851999999955,-2494.0,116538.0,-0.021400744821431637,-0.0024424065438082383,16841.0,16353.2,False
2021-04-13,2021-04-12,0,0,0,,False,0.0,0.0,0.0,0.0,0.0,0.0,11163887.680000007,False,0.0,-0.0009947961961148,-11116.851999999955,-683.0,124451.0,-0.005488103751677367,-0.0015581112399812955,16834.0,16386.2,False
2021-04-14,2021-04-13,0,0,0,,False,0.0,0.0,0.0,0.0,0.0,0.0,11163887.680000007,False,0.0,-0.0009947961961148,-11116.851999999955,702.0,164014.0,0.004280122428573171,-0.0011352645059535065,16795.0,16414.85,False
2021-04-15,2021-04-14,0,0,0,,False,0.0,0.0,0.0,0.0,0.0,0.0,11163887.680000007,False,0.0,-0.0009947961961148,-11116.851999999955,477.0,206911.0,0.0023053390104924337,-0.0009201353694859188,16856.0,16447.65,False
2021-04-16,2021-04-15,0,0,0,,False,0.0,0.0,0.0,0.0,0.0,0.0,11163887.680000007,False,0.0,-0.0009947961961148,-11116.851999999955,1328.0,153196.0,0.008668633645787096,-0.0009617170375264463,17071.0,16485.95,False
2021-04-19,2021-04-16,1,0,1,TX202104,False,30600.0,50.0,68.48,400.0,518.48,30081.52,11193969.200000009,False,0.0026945380374876,0.0,0.0,-2305.0,173741.0,-0.013266874255357112,8.786349876660927e-05,17158.0,16535.05,True
2021-04-20,2021-04-19,1,1,1,TX202105,True,9600.0,100.0,138.3,800.0,1038.3,8561.7,11202530.900000008,False,0.0007648493440557,0.0,0.0,3099.0,210131.0,0.014747942949874126,0.0008401545273574982,17271.0,16586.65,True
2021-04-21,2021-04-20,1,1,1,TX202105,False,-23600.0,0.0,0.0,0.0,0.0,-23600.0,11178930.900000008,False,-0.002106666806873,-0.0021066668068731,-23600.0,-3118.0,193338.0,-0.016127196929729283,0.00017997093649418754,17319.0,16652.0,True
2021-04-22,2021-04-21,0,1,0,,False,24000.0,50.0,69.024,400.0,519.024,23480.976,11202411.876000008,False,0.0021004670491343,-1.062474195012708e-05,-119.02400000020862,-2286.0,166714.0,-0.013712105761963602,-0.0012308469139067364,17231.0,16706.55,False
2021-04-23,2021-04-22,0,0,0,,False,0.0,0.0,0.0,0.0,0.0,0.0,11202411.876000008,False,0.0,-1.062474195012708e-05,-119.02400000020862,-1571.0,203837.0,-0.007707138546976261,-0.0018445526659410017,17109.0,16756.0,False
2021-04-26,2021-04-23,0,0,0,,False,0.0,0.0,0.0,0.0,0.0,0.0,11202411.876000008,False,0.0,-1.062474195012708e-05,-119.02400000020862,-692.0,144776.0,-0.0047797977565342325,-0.001130076843040498,17257.0,16819.7,False
2021-04-27,2021-04-26,0,0,0,,False,0.0,0.0,0.0,0.0,0.0,0.0,11202411.876000008,False,0.0,-1.062474195012708e-05,-119.02400000020862,239.0,140347.0,0.001702922043221444,-0.0019029698982155365,17530.0,16894.6,False
2021-04-28,2021-04-27,0,0,0,,False,0.0,0.0,0.0,0.0,0.0,0.0,11202411.876000008,False,0.0,-1.062474195012708e-05,-119.02400000020862,-104.0,133492.0,-0.0007790729032451383,-0.002988197679731747,17571.0,16958.75,False
2021-04-29,2021-04-28,0,0,0,,False,0.0,0.0,0.0,0.0,0.0,0.0,11202411.876000008,False,0.0,-1.062474195012708e-05,-119.02400000020862,-1689.0,107681.0,-0.01568521837650096,-0.004282286608384806,17533.0,17014.85,False
2021-05-03,2021-04-29,0,0,0,,False,0.0,0.0,0.0,0.0,0.0,0.0,11202411.876000008,False,0.0,-1.062474195012708e-05,-119.02400000020862,1714.0,162846.0,0.010525281554351965,-0.004143203705455334,17571.0,17067.45,False
2021-05-04,2021-05-03,0,0,0,,False,0.0,0.0,0.0,0.0,0.0,0.0,11202411.876000008,False,0.0,-1.062474195012708e-05,-119.02400000020862,-4858.0,209072.0,-0.023236014387388076,-0.004350259261556174,17253.0,17109.0,False
2021-05-05,2021-05-04,0,0,0,,False,0.0,0.0,0.0,0.0,0.0,0.0,11202411.876000008,False,0.0,-1.062474195012708e-05,-119.02400000020862,-2507.0,276335.0,-0.009072321638590841,-0.005200886804165056,16933.0,17128.1,False
2021-05-06,2021-05-05,0,0,0,,False,0.0,0.0,0.0,0.0,0.0,0.0,11202411.876000008,False,0.0,-1.062474195012708e-05,-119.02400000020862,835.0,214919.0,0.003885184650961525,-0.005361887890349448,16769.0,17130.0,False
2021-05-07,2021-05-06,0,0,0,,False,0.0,0.0,0.0,0.0,0.0,0.0,11202411.876000008,False,0.0,-1.062474195012708e-05,-119.02400000020862,4575.0,220331.0,0.020764213841901503,-0.003102549544237431,16944.0,17138.8,False
2021-05-10,2021-05-07,0,0,0,,False,0.0,0.0,0.0,0.0,0.0,0.0,11202411.876000008,False,0.0,-1.062474195012708e-05,-119.02400000020862,-334.0,171238.0,-0.0019505016409909015,-0.0033162725322611096,17287.0,17156.65,False
2021-05-11,2021-05-10,0,0,0,,False,0.0,0.0,0.0,0.0,0.0,0.0,11202411.876000008,False,0.0,-1.062474195012708e-05,-119.02400000020862,-769.0,155851.0,-0.004934199973051183,-0.002492945289842087,17228.0,17176.0,False
2021-05-12,2021-05-11,0,0,0,,False,0.0,0.0,0.0,0.0,0.0,0.0,11202411.876000008,False,0.0,-1.062474195012708e-05,-119.02400000020862,3041.0,298799.0,0.010177410232296628,-0.0017096695906433867,16556.0,17162.1,False
2021-05-13,2021-05-12,0,0,0,,False,0.0,0.0,0.0,0.0,0.0,0.0,11202411.876000008,False,0.0,-1.062474195012708e-05,-119.02400000020862,4449.0,525419.0,0.008467527820653612,-0.0015002993210393649,15692.0,17106.95,False
2021-05-14,2021-05-13,0,0,0,,False,0.0,0.0,0.0,0.0,0.0,0.0,11202411.876000008,False,0.0,-1.062474195012708e-05,-119.02400000020862,1693.0,360531.0,0.004695851396967251,-0.001380773701715624,15566.0,17042.45,False
2021-05-17,2021-05-14,0,0,0,,False,0.0,0.0,0.0,0.0,0.0,0.0,11202411.876000008,False,0.0,-1.062474195012708e-05,-119.02400000020862,4151.0,358615.0,0.011575087489368821,-0.0012354510095365378,15772.0,16977.5,False
2021-05-18,2021-05-17,0,0,0,,False,0.0,0.0,0.0,0.0,0.0,0.0,11202411.876000008,False,0.0,-1.062474195012708e-05,-119.02400000020862,-861.0,419959.0,-0.002050200138584957,-0.00067461730369793,15263.0,16882.75,False
2021-05-19,2021-05-18,0,0,0,,False,0.0,0.0,0.0,0.0,0.0,0.0,11202411.876000008,False,0.0,-1.062474195012708e-05,-119.02400000020862,-2194.0,373756.0,-0.00587013987735314,-0.0017055214450592934,16147.0,16826.55,False
2021-05-20,2021-05-19,0,0,0,,False,0.0,0.0,0.0,0.0,0.0,0.0,11202411.876000008,False,0.0,-1.062474195012708e-05,-119.02400000020862,-396.0,234516.0,-0.0016885841477766975,-0.000983590805961664,16138.0,16767.5,False
2021-05-21,2021-05-20,0,0,0,,False,0.0,0.0,0.0,0.0,0.0,0.0,11202411.876000008,False,0.0,-1.062474195012708e-05,-119.02400000020862,757.0,219729.0,0.003445152892881686,-0.0001257278732193997,15981.0,16705.0,False
2021-05-24,2021-05-21,0,0,0,,False,0.0,0.0,0.0,0.0,0.0,0.0,11202411.876000008,False,0.0,-1.062474195012708e-05,-119.02400000020862,-1187.0,232701.0,-0.005100966476293613,4.580730314732639e-06,16257.0,16662.4,False
2021-05-25,2021-05-24,0,0,0,,False,0.0,0.0,0.0,0.0,0.0,0.0,11202411.876000008,False,0.0,-1.062474195012708e-05,-119.02400000020862,-2281.0,175461.0,-0.01300003989490542,-0.00040643137660382675,16294.0,16614.25,False
2021-05-26,2021-05-25,0,0,0,,False,0.0,0.0,0.0,0.0,0.0,0.0,11202411.876000008,False,0.0,-1.062474195012708e-05,-119.02400000020862,926.0,171300.0,0.0054057209573847055,-0.0002212914308956636,16585.0,16567.0,False
2021-05-27,2021-05-26,1,0,1,TX202106,False,-11800.0,50.0,66.38000000000001,400.0,516.38,-12316.38,11190095.496000009,False,-0.0010994400256239,-0.0011100530863076,-12435.404000001028,871.0,128975.0,0.006753246753246753,0.00015532455192893098,16616.0,16519.25,True
2021-05-28,2021-05-27,1,1,1,TX202106,False,65800.0,0.0,0.0,0.0,0.0,65800.0,11255895.496000009,False,0.0058802000415028,0.0,0.0,-1337.0,164347.0,-0.008135226076533188,0.0005328241669273195,16534.0,16469.3,True
2021-05-31,2021-05-28,0,1,0,,False,5600.0,50.0,67.55600000000001,400.0,517.556,5082.444,11260977.940000009,False,0.0004515361751364,0.0,0.0,-259.0,151727.0,-0.001707013254068162,-7.879057349368682e-05,16863.0,16433.9,False
2021-06-01,2021-05-31,1,0,1,TX202106,False,16000.0,50.0,68.20800000000001,400.0,518.208,15481.792,11276459.732000006,False,0.0013748177185399,0.0,0.0,-806.0,173806.0,-0.004637354291566459,0.000851142431297394,17013.0,16421.9,True
2021-06-02,2021-06-01,1,1,1,TX202106,False,-6400.0,0.0,0.0,0.0,0.0,-6400.0,11270059.732000006,False,-0.0005675540153651,-0.0005675540153651,-6400.0,839.0,124857.0,0.006719687322296708,0.0016407428793417714,17130.0,16431.75,True
2021-06-03,2021-06-02,1,1,1,TX202106,False,26400.0,0.0,0.0,0.0,0.0,26400.0,11296459.732000006,False,0.0023424898028748,0.0,0.0,630.0,145334.0,0.004334842500722474,0.001663225771829819,17098.0,16448.2,True
2021-06-04,2021-06-03,1,1,1,TX202106,False,-26000.0,0.0,0.0,0.0,0.0,-26000.0,11270459.732000006,False,-0.0023016060444449,-0.0023016060444449,-26000.0,693.0,145835.0,0.0047519456920492335,0.0008626123643372055,17230.0,16462.5,True
2021-06-07,2021-06-04,1,1,1,TX202106,False,-2000.0,0.0,0.0,0.0,0.0,-2000.0,11268459.732000006,False,-0.0001774550504201,-0.0024786526632484,-28000.0,-2579.0,143823.0,-0.017931763348004143,6.354927898654349e-05,17100.0,16453.15,True
2021-06-08,2021-06-07,1,1,1,TX202106,False,0.0,0.0,0.0,0.0,0.0,0.0,11268459.732000006,False,0.0,-0.0024786526632484,-28000.0,1169.0,205799.0,0.005680299709911127,0.0005942742631346589,17090.0,16446.25,True
2021-06-09,2021-06-08,0,1,0,,False,-18600.0,50.0,67.98,400.0,517.98,-19117.98,11249341.752000006,False,-0.0016965921212558,-0.0041710395219244,-47117.98000000045,-1224.0,121092.0,-0.010108017044891487,-0.00041999710072474687,17090.0,16472.95,False
2021-06-10,2021-06-09,0,0,0,,False,0.0,0.0,0.0,0.0,0.0,0.0,11249341.752000006,False,0.0,-0.0041710395219244,-47117.98000000045,-158.0,147882.0,-0.0010684194154799097,-0.0008967944625314229,16963.0,16536.5,False
2021-06-11,2021-06-10,0,0,0,,False,0.0,0.0,0.0,0.0,0.0,0.0,11249341.752000006,False,0.0,-0.0041710395219244,-47117.98000000045,769.0,161243.0,0.004769199283069653,-0.0008931270682263029,17159.0,16616.15,False
2021-06-15,2021-06-11,0,0,0,,False,0.0,0.0,0.0,0.0,0.0,0.0,11249341.752000006,False,0.0,-0.0041710395219244,-47117.98000000045,489.0,199325.0,0.0024532798193904427,-0.0013492174517252217,17219.0,16688.5,False
2021-06-16,2021-06-15,0,0,0,,False,0.0,0.0,0.0,0.0,0.0,0.0,11249341.752000006,False,0.0,-0.0041710395219244,-47117.98000000045,-2348.0,218128.0,-0.010764321866060295,-0.0017849235380989884,17398.0,16795.25,False
2021-06-17,2021-06-16,0,0,0,,False,0.0,0.0,0.0,0.0,0.0,0.0,11249341.752000006,False,0.0,-0.0041710395219244,-47117.98000000045,2165.0,152721.0,0.014176177473955776,-0.0007826076705335428,17345.0,16855.15,False
2021-06-18,2021-06-17,0,0,0,,False,0.0,0.0,0.0,0.0,0.0,0.0,11249341.752000006,False,0.0,-0.0041710395219244,-47117.98000000045,-2442.0,125078.0,-0.01952381713810582,-0.0016743693200499989,17297.0,16913.1,False
2021-06-21,2021-06-18,0,0,0,,False,0.0,0.0,0.0,0.0,0.0,0.0,11249341.752000006,False,0.0,-0.0041710395219244,-47117.98000000045,1022.0,117204.0,0.008719838913347667,-0.0014106350190267,17252.0,16976.65,False
2021-06-22,2021-06-21,0,0,0,,False,0.0,0.0,0.0,0.0,0.0,0.0,11249341.752000006,False,0.0,-0.0041710395219244,-47117.98000000045,-792.0,188880.0,-0.004193138500635324,-0.0013652436202437855,16962.0,17011.9,False
2021-06-23,2021-06-22,0,0,0,,False,0.0,0.0,0.0,0.0,0.0,0.0,11249341.752000006,False,0.0,-0.0041710395219244,-47117.98000000045,-1205.0,133469.0,-0.00902831369081959,-0.001166657310039494,17028.0,17048.6,False
2021-06-24,2021-06-23,0,0,0,,False,0.0,0.0,0.0,0.0,0.0,0.0,11249341.752000006,False,0.0,-0.0041710395219244,-47117.98000000045,-1262.0,162034.0,-0.007788488835676463,-0.0018263677996925524,17272.0,17082.95,False
2021-06-25,2021-06-24,0,0,0,,False,0.0,0.0,0.0,0.0,0.0,0.0,11249341.752000006,False,0.0,-0.0041710395219244,-47117.98000000045,160.0,106344.0,0.001504551267584443,-0.002088802573975668,17336.0,17118.95,False
2021-06-28,2021-06-25,0,0,0,,False,0.0,0.0,0.0,0.0,0.0,0.0,11249341.752000006,False,0.0,-0.0041710395219244,-47117.98000000045,1860.0,120448.0,0.015442348565356005,-0.0009099238418812085,17419.0,17163.2,False
2021-06-29,2021-06-28,0,0,0,,False,0.0,0.0,0.0,0.0,0.0,0.0,11249341.752000006,False,0.0,-0.0041710395219244,-47117.98000000045,-718.0,91344.0,-0.007860395866176213,-0.0012175929724866108,17535.0,17196.8,False
2021-06-30,2021-06-29,0,0,0,,False,0.0,0.0,0.0,0.0,0.0,0.0,11249341.752000006,False,0.0,-0.0041710395219244,-47117.98000000045,1780.0,121970.0,0.014593752562105437,-0.0002560376298030161,17529.0,17222.6,False
2021-07-01,2021-06-30,0,0,0,,False,0.0,0.0,0.0,0.0,0.0,0.0,11249341.752000006,False,0.0,-0.0041710395219244,-47117.98000000045,-108.0,110240.0,-0.0009796806966618288,-0.000641006030750943,17715.0,17251.85,False
2021-07-02,2021-07-01,0,0,0,,False,0.0,0.0,0.0,0.0,0.0,0.0,11249341.752000006,False,0.0,-0.0041710395219244,-47117.98000000045,-686.0,136698.0,-0.005018361643915785,-0.0011086662379828558,17646.0,17279.25,False
2021-07-05,2021-07-02,0,0,0,,False,0.0,0.0,0.0,0.0,0.0,0.0,11249341.752000006,False,0.0,-0.0041710395219244,-47117.98000000045,916.0,117472.0,0.007797602833015527,-0.0009563833809345413,17653.0,17300.4,False
2021-07-06,2021-07-05,1,0,1,TX202107,False,-15600.0,50.0,71.83200000000001,400.0,521.832,-16121.832,11233219.920000006,False,-0.0014331355874341,-0.0055981974441832,-63239.81200000085,545.0,124311.0,0.004384165520348159,0.00015941306248307388,17898.0,17340.3,True
2021-07-07,2021-07-06,0,1,0,,False,-11400.0,50.0,71.27600000000001,400.0,521.2760000000001,-11921.276,11221298.644000003,False,-0.0010612519014939,-0.0066535082479945,-75161.08800000139,-547.0,91797.0,-0.0059588003965271195,-0.0004225419428388385,17878.0,17379.7,False
2021-07-08,2021-07-07,1,0,1,TX202107,False,-10200.0,50.0,71.512,400.0,521.512,-10721.512,11210577.132000005,False,-0.0009554608909489,-0.0076026119720249,-85882.60000000149,1130.0,136268.0,0.00829248246103267,0.0004974830324573694,17830.0,17416.7,True
2021-07-09,2021-07-08,1,1,1,TX202107,False,-33400.0,0.0,0.0,0.0,0.0,-33400.0,11177177.132000005,False,-0.002979329217999,-0.0105592905060427,-119282.60000000148,236.0,136100.0,0.001734019103600294,0.0006376049584113795,17825.0,17459.8,True
2021-07-12,2021-07-09,0,1,0,,False,38000.0,50.0,71.384,400.0,521.384,37478.616,11214655.748000003,False,0.0033531378770673,-0.007241559385926,-81803.9840000011,-2216.0,183748.0,-0.012059995210832227,-0.00020385476628371444,17658.0,17484.75,False
2021-07-13,2021-07-12,0,0,0,,False,0.0,0.0,0.0,0.0,0.0,0.0,11214655.748000003,False,0.0,-0.007241559385926,-81803.9840000011,-626.0,149264.0,-0.0041939114588916285,-0.000536214330197818,17824.0,17515.0,False
2021-07-14,2021-07-13,0,0,0,,False,0.0,0.0,0.0,0.0,0.0,0.0,11214655.748000003,False,0.0,-0.007241559385926,-81803.9840000011,-828.0,130092.0,-0.006364726501245273,-0.0003162345619570669,17869.0,17538.55,False
2021-07-15,2021-07-14,0,0,0,,False,0.0,0.0,0.0,0.0,0.0,0.0,11214655.748000003,False,0.0,-0.007241559385926,-81803.9840000011,1411.0,140449.0,0.010046351344616195,-0.0005227258684240459,17874.0,17565.0,False
2021-07-16,2021-07-15,1,0,1,TX202107,False,19800.0,50.0,71.31200000000001,400.0,521.312,19278.688,11233934.436000004,False,0.0017190619518961,-0.0055349461232427,-62525.29600000195,124.0,119966.0,0.001033626194088325,0.0005051462981856613,18022.0,17601.25,True
2021-07-19,2021-07-16,0,1,0,,False,-41600.0,50.0,70.86,400.0,520.86,-42120.86,11191813.576000003,False,-0.0037494308196263,-0.0092636240452896,-104646.15600000136,-620.0,158830.0,-0.003903544670402317,-0.00012602288100183788,17925.0,17634.9,False
2021-07-20,2021-07-19,0,0,0,,False,0.0,0.0,0.0,0.0,0.0,0.0,11191813.576000003,False,0.0,-0.0092636240452896,-104646.15600000136,-1205.0,245003.0,-0.0049183071227699255,-0.00016228131210856798,17794.0,17676.5,False
2021-07-21,2021-07-20,0,0,0,,False,0.0,0.0,0.0,0.0,0.0,0.0,11191813.576000003,False,0.0,-0.0092636240452896,-104646.15600000136,-3273.0,272443.0,-0.012013522094529865,-0.0003115417322940817,17558.0,17703.0,False
2021-07-22,2021-07-21,0,0,0,,False,0.0,0.0,0.0,0.0,0.0,0.0,11191813.576000003,False,0.0,-0.0092636240452896,-104646.15600000136,1796.0,203464.0,0.008827114378956474,0.0005192384284375651,17430.0,17710.9,False
2021-07-23,2021-07-22,0,0,0,,False,0.0,0.0,0.0,0.0,0.0,0.0,11191813.576000003,False,0.0,-0.0092636240452896,-104646.15600000136,-148.0,148964.0,-0.0009935286377916813,0.00039433443316875893,17407.0,17714.45,False
2021-07-26,2021-07-23,0,0,0,,False,0.0,0.0,0.0,0.0,0.0,0.0,11191813.576000003,False,0.0,-0.0092636240452896,-104646.15600000136,-7.0,126281.0,-5.543193354503053e-05,-0.00038055459177629286,17407.0,17713.85,False
2021-07-27,2021-07-26,0,0,0,,False,0.0,0.0,0.0,0.0,0.0,0.0,11191813.576000003,False,0.0,-0.0092636240452896,-104646.15600000136,1475.0,124229.0,0.011873234107978008,0.0006061269069314182,17202.0,17697.2,False
2021-07-28,2021-07-27,0,0,0,,False,0.0,0.0,0.0,0.0,0.0,0.0,11191813.576000003,False,0.0,-0.0092636240452896,-104646.15600000136,-2172.0,144494.0,-0.015031766024886846,-0.0008751490224181959,17173.0,17679.4,False
2021-07-29,2021-07-28,0,0,0,,False,0.0,0.0,0.0,0.0,0.0,0.0,11191813.576000003,False,0.0,-0.0092636240452896,-104646.15600000136,1475.0,271311.0,0.0054365654175466535,-0.0005543367167077718,16965.0,17641.9,False
2021-07-30,2021-07-29,0,0,0,,False,0.0,0.0,0.0,0.0,0.0,0.0,11191813.576000003,False,0.0,-0.0092636240452896,-104646.15600000136,3682.0,157654.0,0.023354941834650565,0.0008643284572205456,17331.0,17626.15,False
2021-08-02,2021-07-30,0,0,0,,False,0.0,0.0,0.0,0.0,0.0,0.0,11191813.576000003,False,0.0,-0.0092636240452896,-104646.15600000136,-124.0,136876.0,-0.0009059294543966802,0.00042915184284993526,17173.0,17602.15,False
2021-08-03,2021-08-02,0,0,0,,False,0.0,0.0,0.0,0.0,0.0,0.0,11191813.576000003,False,0.0,-0.0092636240452896,-104646.15600000136,-1308.0,168456.0,-0.007764638837441231,-0.00017828837503953428,17470.0,17580.75,False
2021-08-04,2021-08-03,0,0,0,,False,0.0,0.0,0.0,0.0,0.0,0.0,11191813.576000003,False,0.0,-0.0092636240452896,-104646.15600000136,1906.0,115274.0,0.01653451775769037,0.0009463775326713402,17484.0,17561.05,False
2021-08-05,2021-08-04,1,0,1,TX202108,False,-5600.0,50.0,70.28800000000001,400.0,520.288,-6120.2880000000005,11185693.288000004,False,-0.0005468539980977,-0.0098054121935413,-110766.444000002,1142.0,106710.0,0.010701902352169432,0.0010668485272281782,17571.0,17548.1,True
2021-08-06,2021-08-05,0,1,0,,False,2600.0,50.0,70.212,400.0,520.212,2079.788,11187773.076000003,False,0.0001859328649956,-0.0096213024769272,-108686.65600000136,-3241.0,76257.0,-0.04250101630014294,-0.0011449032429589835,17542.0,17533.95,False
2021-08-09,2021-08-06,0,0,0,,False,0.0,0.0,0.0,0.0,0.0,0.0,11187773.076000003,False,0.0,-0.0096213024769272,-108686.65600000136,1858.0,134910.0,0.013772144392558002,0.0001467037372105279,17437.0,17522.9,False
2021-08-10,2021-08-09,0,0,0,,False,0.0,0.0,0.0,0.0,0.0,0.0,11187773.076000003,False,0.0,-0.0096213024769272,-108686.65600000136,867.0,138035.0,0.0062810156844278625,0.0006704500943765024,17404.0,17501.9,False
2021-08-11,2021-08-10,0,0,0,,False,0.0,0.0,0.0,0.0,0.0,0.0,11187773.076000003,False,0.0,-0.0096213024769272,-108686.65600000136,-2178.0,112724.0,-0.0193215286895426,2.2609984961636036e-05,17299.0,17473.4,False
2021-08-12,2021-08-11,0,0,0,,False,0.0,0.0,0.0,0.0,0.0,0.0,11187773.076000003,False,0.0,-0.0096213024769272,-108686.65600000136,-4456.0,161158.0,-0.027649883964804726,-0.00186220178050941,17171.0,17438.25,False
2021-08-13,2021-08-12,0,0,0,,False,0.0,0.0,0.0,0.0,0.0,0.0,11187773.076000003,False,0.0,-0.0096213024769272,-108686.65600000136,1046.0,113108.0,0.009247798564204124,-0.00145149316200362,17157.0,17395.0,False
2021-08-16,2021-08-13,0,0,0,,False,0.0,0.0,0.0,0.0,0.0,0.0,11187773.076000003,False,0.0,-0.0096213024769272,-108686.65600000136,-1416.0,170048.0,-0.008327060594655626,-0.0016726689582162856,16934.0,17345.45,False
2021-08-17,2021-08-16,0,0,0,,False,0.0,0.0,0.0,0.0,0.0,0.0,11187773.076000003,False,0.0,-0.0096213024769272,-108686.65600000136,2985.0,243119.0,0.012277937964535886,-0.0008128567038509949,16772.0,17294.35,False
2021-08-18,2021-08-17,0,0,0,,False,0.0,0.0,0.0,0.0,0.0,0.0,11187773.076000003,False,0.0,-0.0096213024769272,-108686.65600000136,480.0,225412.0,0.002129434102887158,-0.00010570889398014378,16580.0,17245.45,False
2021-08-19,2021-08-18,0,0,0,,False,0.0,0.0,0.0,0.0,0.0,0.0,11187773.076000003,False,0.0,-0.0096213024769272,-108686.65600000136,-1999.0,230531.0,-0.00867128498987121,-0.000980628862421528,16784.0,17213.15,False
2021-08-20,2021-08-19,0,0,0,,False,0.0,0.0,0.0,0.0,0.0,0.0,11187773.076000003,False,0.0,-0.0096213024769272,-108686.65600000136,754.0,218838.0,0.003445471079063051,-0.0007586788765787914,16329.0,17159.25,False
2021-08-23,2021-08-20,0,0,0,,False,0.0,0.0,0.0,0.0,0.0,0.0,11187773.076000003,False,0.0,-0.0096213024769272,-108686.65600000136,2797.0,260925.0,0.010719555427804926,-0.00021992950851129354,16193.0,17098.55,False
2021-08-24,2021-08-23,0,0,0,,False,0.0,0.0,0.0,0.0,0.0,0.0,11187773.076000003,False,0.0,-0.0096213024769272,-108686.65600000136,438.0,163810.0,0.0026738294365423357,-0.0006798997420830773,16684.0,17072.65,False
2021-08-25,2021-08-24,0,0,0,,False,0.0,0.0,0.0,0.0,0.0,0.0,11187773.076000003,False,0.0,-0.0096213024769272,-108686.65600000136,536.0,109500.0,0.004894977168949772,0.0003164374176087537,16784.0,17053.2,False
2021-08-26,2021-08-25,0,0,0,,False,0.0,0.0,0.0,0.0,0.0,0.0,11187773.076000003,False,0.0,-0.0096213024769272,-108686.65600000136,874.0,122392.0,0.007140989607163867,0.0004016586270896144,16963.0,17053.1,False
2021-08-27,2021-08-26,0,0,0,,False,0.0,0.0,0.0,0.0,0.0,0.0,11187773.076000003,False,0.0,-0.0096213024769272,-108686.65600000136,1941.0,156133.0,0.012431708863597062,-0.00014450302146306075,16995.0,17036.3,False
2021-08-30,2021-08-27,0,0,0,,False,0.0,0.0,0.0,0.0,0.0,0.0,11187773.076000003,False,0.0,-0.0096213024769272,-108686.65600000136,102.0,148834.0,0.0006853272773694182,-6.494018487475583e-05,17170.0,17036.15,False
2021-08-31,2021-08-30,0,0,0,,False,0.0,0.0,0.0,0.0,0.0,0.0,11187773.076000003,False,0.0,-0.0096213024769272,-108686.65600000136,-903.0,118025.0,-0.007650921414954459,-5.925431375041722e-05,17339.0,17029.6,False
2021-09-01,2021-08-31,0,0,0,,False,0.0,0.0,0.0,0.0,0.0,0.0,11187773.076000003,False,0.0,-0.0096213024769272,-108686.65600000136,-206.0,157282.0,-0.0013097493673783396,-0.0009514676700038526,17457.0,17028.25,False
2021-09-02,2021-09-01,0,0,0,,False,0.0,0.0,0.0,0.0,0.0,0.0,11187773.076000003,False,0.0,-0.0096213024769272,-108686.65600000136,-828.0,138806.0,-0.005965160007492472,-0.0017848207879869482,17476.0,17023.5,False
2021-09-03,2021-09-02,1,0,1,TX202109,False,13400.0,50.0,69.77600000000001,400.0,519.7760000000001,12880.224,11200653.300000004,False,0.001151276836999,-0.0084811024226117,-95806.43200000188,3387.0,148619.0,0.02278981826011479,0.0014797209400259387,17320.0,17012.4,True
2021-09-06,2021-09-03,0,1,0,,False,-13800.0,50.0,69.75200000000001,400.0,519.752,-14319.752,11186333.548000004,False,-0.0012784747118277,-0.0097487342594638,-110126.18400000222,-4592.0,132642.0,-0.034619502118484344,-0.0009398613855261785,17509.0,17016.0,False
2021-09-07,2021-09-06,0,0,0,,False,0.0,0.0,0.0,0.0,0.0,0.0,11186333.548000004,False,0.0,-0.0097487342594638,-110126.18400000222,2835.0,144789.0,0.019580216729171415,-0.00027490133328900087,17496.0,17020.6,False
2021-09-08,2021-09-07,1,0,1,TX202109,False,-26600.0,50.0,69.58800000000001,400.0,519.588,-27119.588,11159213.960000005,False,-0.0024243500235024,-0.0121494499388351,-137245.77200000174,-79.0,128847.0,-0.0006131303018308536,0.0006605185860965865,17422.0,17026.75,True
2021-09-09,2021-09-08,1,1,1,TX202109,False,-5400.0,0.0,0.0,0.0,0.0,-5400.0,11153813.960000005,False,-0.0004839050509611,-0.0126274758096045,-142645.77200000174,732.0,168256.0,0.004350513503233168,0.0022605384594984812,17262.0,17031.3,True
2021-09-10,2021-09-09,1,1,1,TX202109,False,47600.0,0.0,0.0,0.0,0.0,47600.0,11201413.960000005,False,0.0042675985246574,-0.0084137662820822,-95045.77200000174,949.0,182253.0,0.005207047346271392,0.0020585008986018444,17235.0,17035.2,True
2021-09-13,2021-09-10,1,1,1,TX202109,False,-6200.0,0.0,0.0,0.0,0.0,-6200.0,11195213.960000005,False,-0.0005535015509774,-0.0089626108003729,-101245.77200000174,-1795.0,146569.0,-0.012246791613506267,0.0018625143476593124,17473.0,17062.15,True
2021-09-14,2021-09-13,1,1,1,TX202110,True,3800.0,100.0,139.44800000000004,800.0,1039.448,2760.552,11197974.512000004,False,0.0002465832283208,-0.0087182376015575,-98485.22000000252,-356.0,207896.0,-0.0017123946588678955,0.0011629977164891235,17442.0,17095.65,True
2021-09-15,2021-09-14,1,1,1,TX202110,False,-15600.0,0.0,0.0,0.0,0.0,-15600.0,11182374.512000004,False,-0.0013931090826544,-0.0100992012282244,-114085.22000000252,-875.0,203405.0,-0.004301762493547356,0.0008414378866673976,17461.0,17139.7,True
2021-09-16,2021-09-15,1,1,1,TX202110,False,-15000.0,0.0,0.0,0.0,0.0,-15000.0,11167374.512000004,False,-0.0013413966759835,-0.0114270508692503,-129085.22000000252,1481.0,165121.0,0.008969180176961137,0.001723461145009015,17382.0,17169.6,True
2021-09-17,2021-09-16,1,1,1,TX202110,False,10000.0,0.0,0.0,0.0,0.0,10000.0,11177374.512000004,False,0.0008954656252688,-0.0105418177752331,-119085.22000000252,-2706.0,99852.0,-0.027100108160076915,0.00019618218305201673,17248.0,17215.55,True
2021-09-22,2021-09-17,0,1,0,,False,-92600.0,50.0,67.33200000000001,400.0,517.332,-93117.332,11084257.180000003,False,-0.0083308769783127,-0.0187848721665325,-212202.5520000029,398.0,131246.0,0.0030324733706170092,-0.0001881719198073792,17298.0,17270.8,False
2021-09-23,2021-09-22,0,0,0,,False,0.0,0.0,0.0,0.0,0.0,0.0,11084257.180000003,False,0.0,-0.0187848721665325,-212202.5520000029,-1066.0,167118.0,-0.00637872640888474,-0.000640799712078733,16900.0,17281.6,False
2021-09-24,2021-09-23,0,0,0,,False,0.0,0.0,0.0,0.0,0.0,0.0,11084257.180000003,False,0.0,-0.0187848721665325,-212202.5520000029,1745.0,125427.0,0.013912474985449704,-0.00018992482125373646,17080.0,17296.4,False
2021-09-27,2021-09-24,0,0,0,,False,0.0,0.0,0.0,0.0,0.0,0.0,11084257.180000003,False,0.0,-0.0187848721665325,-212202.5520000029,-998.0,114410.0,-0.008723013722576698,-0.0009831249877407648,17250.0,17310.75,False
2021-09-28,2021-09-27,0,0,0,,False,0.0,0.0,0.0,0.0,0.0,0.0,11084257.180000003,False,0.0,-0.0187848721665325,-212202.5520000029,-1920.0,109314.0,-0.01756408145342774,-0.002482914503592005,17292.0,17325.6,False
2021-09-29,2021-09-28,0,0,0,,False,0.0,0.0,0.0,0.0,0.0,0.0,11084257.180000003,False,0.0,-0.0187848721665325,-212202.5520000029,1420.0,119640.0,0.011868940153794718,-0.0019237338597707398,17170.0,17325.6,False
2021-09-30,2021-09-29,0,0,0,,False,0.0,0.0,0.0,0.0,0.0,0.0,11084257.180000003,False,0.0,-0.0187848721665325,-212202.5520000029,111.0,200021.0,0.0005549417311182326,-0.0015134407024671053,16823.0,17299.8,False
2021-10-01,2021-09-30,0,0,0,,False,0.0,0.0,0.0,0.0,0.0,0.0,11084257.180000003,False,0.0,-0.0187848721665325,-212202.5520000029,2113.0,171609.0,0.012312874033413166,-0.0008323095324275298,16917.0,17272.8,False
2021-10-04,2021-10-01,0,0,0,,False,0.0,0.0,0.0,0.0,0.0,0.0,11084257.180000003,False,0.0,-0.0187848721665325,-212202.5520000029,2711.0,209533.0,0.012938296115647655,0.00011286327372947635,16517.0,17224.85,False
2021-10-05,2021-10-04,0,0,0,,False,0.0,0.0,0.0,0.0,0.0,0.0,11084257.180000003,False,0.0,-0.0187848721665325,-212202.5520000029,1616.0,214356.0,0.007538860587060777,-0.0006496846099232244,16358.0,17176.75,False
2021-10-06,2021-10-05,0,0,0,,False,0.0,0.0,0.0,0.0,0.0,0.0,11084257.180000003,False,0.0,-0.0187848721665325,-212202.5520000029,-4361.0,221693.0,-0.019671347313627404,9.772313031962254e-05,16398.0,17121.2,False
2021-10-07,2021-10-06,0,0,0,,False,0.0,0.0,0.0,0.0,0.0,0.0,11084257.180000003,False,0.0,-0.0187848721665325,-212202.5520000029,3822.0,167960.0,0.022755417956656348,0.00025648319169386917,16359.0,17064.35,False
2021-10-08,2021-10-07,0,0,0,,False,0.0,0.0,0.0,0.0,0.0,0.0,11084257.180000003,False,0.0,-0.0187848721665325,-212202.5520000029,-5234.0,189796.0,-0.027576977386246284,-0.0010917091625269025,16706.0,17028.55,False
2021-10-12,2021-10-08,0,0,0,,False,0.0,0.0,0.0,0.0,0.0,0.0,11084257.180000003,False,0.0,-0.0187848721665325,-212202.5520000029,-2476.0,123208.0,-0.020096097655996365,-0.002314039720488379,16627.0,16996.8,False
2021-10-13,2021-10-12,0,0,0,,False,0.0,0.0,0.0,0.0,0.0,0.0,11084257.180000003,False,0.0,-0.0187848721665325,-212202.5520000029,4095.0,178249.0,0.022973480917143994,-0.0014257180419447488,16418.0,16955.95,False
2021-10-14,2021-10-13,0,0,0,,False,0.0,0.0,0.0,0.0,0.0,0.0,11084257.180000003,False,0.0,-0.0187848721665325,-212202.5520000029,-3337.0,150619.0,-0.022155239378830027,-0.0019211404302109368,16318.0,16898.2,False
2021-10-15,2021-10-14,0,0,0,,False,0.0,0.0,0.0,0.0,0.0,0.0,11084257.180000003,False,0.0,-0.0187848721665325,-212202.5520000029,2075.0,135273.0,0.015339350794319636,-0.0010685531575515602,16405.0,16846.35,False
2021-10-18,2021-10-15,0,0,0,,False,0.0,0.0,0.0,0.0,0.0,0.0,11084257.180000003,False,0.0,-0.0187848721665325,-212202.5520000029,748.0,152518.0,0.004904339159968004,-0.0006082480748757921,16782.0,16812.4,False
2021-10-19,2021-10-18,0,0,0,,False,0.0,0.0,0.0,0.0,0.0,0.0,11084257.180000003,False,0.0,-0.0187848721665325,-212202.5520000029,-1034.0,197738.0,-0.00522914159139872,-0.0013181641632937853,16725.0,16779.55,False
2021-10-20,2021-10-19,1,0,1,TX202111,False,-6400.0,50.0,67.69200000000001,400.0,517.692,-6917.692,11077339.488000004,False,-0.0006241006400033,-0.0193972491557944,-219120.24400000277,257.0,192263.0,0.0013367106515554214,0.00010367677728783161,16902.0,16762.25,True
2021-10-21,2021-10-20,0,1,0,,False,-2000.0,50.0,67.50800000000001,400.0,517.508,-2517.508,11074821.980000004,False,-0.0002272664842245,-0.0196201072953996,-221637.7520000022,98.0,120306.0,0.0008145894635346533,-7.2174180662861775e-06,16882.0,16741.45,False
2021-10-22,2021-10-21,0,0,0,,False,0.0,0.0,0.0,0.0,0.0,0.0,11074821.980000004,False,0.0,-0.0196201072953996,-221637.7520000022,-989.0,125623.0,-0.007872762153427318,-8.191920529341508e-05,16813.0,16737.1,False
2021-10-25,2021-10-22,0,0,0,,False,0.0,0.0,0.0,0.0,0.0,0.0,11074821.980000004,False,0.0,-0.0196201072953996,-221637.7520000022,-1690.0,110186.0,-0.015337701704390758,-0.0015444280397854382,16854.0,16725.8,False
2021-10-26,2021-10-25,0,0,0,,False,0.0,0.0,0.0,0.0,0.0,0.0,11074821.980000004,False,0.0,-0.0196201072953996,-221637.7520000022,1295.0,116737.0,0.011093312317431492,-0.0005536117377850287,16888.0,16707.7,False
2021-10-27,2021-10-26,0,0,0,,False,0.0,0.0,0.0,0.0,0.0,0.0,11074821.980000004,False,0.0,-0.0196201072953996,-221637.7520000022,-2796.0,107352.0,-0.02604515984797675,-0.0009776656575124793,17048.0,16695.5,False
2021-10-28,2021-10-27,0,0,0,,False,0.0,0.0,0.0,0.0,0.0,0.0,11074821.980000004,False,0.0,-0.0196201072953996,-221637.7520000022,1139.0,100231.0,0.011363749738104978,-0.0010029251782969662,17071.0,16690.55,False
2021-10-29,2021-10-28,0,0,0,,False,0.0,0.0,0.0,0.0,0.0,0.0,11074821.980000004,False,0.0,-0.0196201072953996,-221637.7520000022,161.0,97923.0,0.0016441489741940095,-0.0009484648161431774,17038.0,16701.3,False
2021-11-01,2021-10-29,0,0,0,,False,0.0,0.0,0.0,0.0,0.0,0.0,11074821.980000004,False,0.0,-0.0196201072953996,-221637.7520000022,-648.0,126644.0,-0.0051167050945958754,-0.0018199437725436294,16945.0,16702.7,False
2021-11-02,2021-11-01,0,0,0,,False,0.0,0.0,0.0,0.0,0.0,0.0,11074821.980000004,False,0.0,-0.0196201072953996,-221637.7520000022,1998.0,99360.0,0.02010869565217391,-0.0014614237957173166,17079.0,16730.8,False
2021-11-03,2021-11-02,0,0,0,,False,0.0,0.0,0.0,0.0,0.0,0.0,11074821.980000004,False,0.0,-0.0196201072953996,-221637.7520000022,-1381.0,111789.0,-0.012353630500317563,-0.0024560483500862336,17047.0,16765.25,False
2021-11-04,2021-11-03,0,0,0,,False,0.0,0.0,0.0,0.0,0.0,0.0,11074821.980000004,False,0.0,-0.0196201072953996,-221637.7520000022,1097.0,80839.0,0.01357018270884103,-0.0007939718489628121,17092.0,16799.95,False
2021-11-05,2021-11-04,0,0,0,,False,0.0,0.0,0.0,0.0,0.0,0.0,11074821.980000004,False,0.0,-0.0196201072953996,-221637.7520000022,-1130.0,103160.0,-0.010953858084528888,-0.0024794356510220742,17075.0,16835.75,False
2021-11-08,2021-11-05,1,0,1,TX202111,False,33600.0,50.0,69.03200000000001,400.0,519.032,33080.968,11107902.948000005,False,0.0029870428671215,-0.016691670529827,-188556.78400000185,3027.0,102201.0,0.029618105497989256,0.0003803184931897033,17267.0,16863.8,True
2021-11-09,2021-11-08,1,1,1,TX202111,False,26200.0,0.0,0.0,0.0,0.0,26200.0,11134102.948000005,False,0.0023586810330132,-0.0143723598235017,-162356.78400000185,3747.0,97981.0,0.03824210816382768,0.0032972287841809057,17424.0,16903.65,True
2021-11-10,2021-11-09,1,1,1,TX202111,False,0.0,0.0,0.0,0.0,0.0,0.0,11134102.948000005,False,0.0,-0.0143723598235017,-162356.78400000185,1545.0,100331.0,0.015399029213303965,0.002918506198988904,17555.0,16960.5,True
2021-11-11,2021-11-10,1,1,1,TX202111,False,-17000.0,0.0,0.0,0.0,0.0,-17000.0,11117102.948000005,False,-0.0015268405617763,-0.0158772560833311,-179356.78400000185,-1730.0,100652.0,-0.017187934665977823,0.0031668714346315143,17555.0,17022.35,True
2021-11-12,2021-11-11,1,1,1,TX202111,False,15400.0,0.0,0.0,0.0,0.0,15400.0,11132502.948000005,False,0.0013852529811078,-0.0145139971185445,-163956.78400000185,-1932.0,117556.0,-0.0164347204736466,0.001578167871233202,17470.0,17075.6,True
2021-11-15,2021-11-12,1,1,1,TX202111,False,23400.0,0.0,0.0,0.0,0.0,23400.0,11155902.948000005,False,0.0021019531824335,-0.012442551678544,-140556.78400000185,762.0,119820.0,0.006359539308963445,0.0016509278786829742,17547.0,17113.85,True
2021-11-16,2021-11-15,1,1,1,TX202112,True,7400.0,100.0,141.524,800.0,1041.524,6358.476,11162261.424000004,False,0.00056996515922,-0.0118796783402725,-134198.30800000206,1013.0,199541.0,0.005076650913847279,0.002166217503945274,17664.0,17160.8,True
2021-11-17,2021-11-16,1,1,1,TX202112,False,16800.0,0.0,0.0,0.0,0.0,16800.0,11179061.424000004,False,0.001505071361604,-0.0103924867423235,-117398.30800000206,-1413.0,163255.0,-0.008655171357691954,0.0016666234034829052,17701.0,17200.75,True
2021-11-18,2021-11-17,1,1,1,TX202112,False,19200.0,0.0,0.0,0.0,0.0,19200.0,11198261.424000004,False,0.0017174966011708,-0.0086928392018104,-98198.30800000206,859.0,110339.0,0.00778509865052248,0.0020151488628322965,17722.0,17242.75,True
2021-11-19,2021-11-18,1,1,1,TX202112,False,-1800.0,0.0,0.0,0.0,0.0,-1800.0,11196461.424000004,False,-0.000160739237266,-0.0088521811587335,-99998.30800000206,-2712.0,97644.0,-0.027774364016222196,0.0010200687696925528,17860.0,17295.1,True
2021-11-22,2021-11-19,1,1,1,TX202112,False,-3000.0,0.0,0.0,0.0,0.0,-3000.0,11193461.424000004,False,-0.0002679417975369,-0.0091177510869386,-102998.30800000206,-1502.0,94286.0,-0.015930254756803767,0.0009904411170719026,17851.0,17344.95,True
2021-11-23,2021-11-22,1,1,1,TX202112,False,-35400.0,0.0,0.0,0.0,0.0,-35400.0,11158061.424000004,False,-0.0031625605931064,-0.0122514762397598,-138398.30800000206,734.0,83864.0,0.008752265572832204,0.0008733887798419382,17836.0,17392.35,True
2021-11-24,2021-11-23,1,1,1,TX202112,False,4000.0,0.0,0.0,0.0,0.0,4000.0,11162061.424000004,False,0.0003584852106474,-0.0118973830021529,-134398.30800000206,-117.0,129675.0,-0.0009022556390977444,0.0021305339902858884,17659.0,17422.9,True
2021-11-25,2021-11-24,1,1,1,TX202112,False,-600.0,0.0,0.0,0.0,0.0,-600.0,11161461.424000004,False,-5.3753511758134166e-05,-0.0119504969877939,-134998.30800000206,-399.0,110619.0,-0.003606975293575245,0.0013819977387018773,17679.0,17453.3,True
2021-11-26,2021-11-25,1,1,1,TX202112,False,-66800.0,0.0,0.0,0.0,0.0,-66800.0,11094661.424000004,False,-0.0059848793506881,-0.0178638540558294,-201798.3080000021,-913.0,89675.0,-0.010181209924728185,0.0007907297937557675,17676.0,17485.2,True
2021-11-29,2021-11-26,0,1,0,,False,-19800.0,50.0,68.964,400.0,518.9639999999999,-20318.964,11074342.460000005,False,-0.0018314181229583,-0.0196625559927239,-222117.2720000017,-69.0,135693.0,-0.000508500806968672,0.0010211400081371277,17342.0,17505.05,False
2021-11-30,2021-11-29,0,0,0,,False,0.0,0.0,0.0,0.0,0.0,0.0,11074342.460000005,False,0.0,-0.0196625559927239,-222117.2720000017,798.0,178352.0,0.004474298017403786,0.00023942012639862134,17308.0,17516.5,False
2021-12-01,2021-11-30,0,0,0,,False,0.0,0.0,0.0,0.0,0.0,0.0,11074342.460000005,False,0.0,-0.0196625559927239,-222117.2720000017,-1506.0,145762.0,-0.010331910923285904,0.00034050610525020425,17327.0,17530.5,False
2021-12-02,2021-12-01,0,0,0,,False,0.0,0.0,0.0,0.0,0.0,0.0,11074342.460000005,False,0.0,-0.0196625559927239,-222117.2720000017,-45.0,172833.0,-0.00026036694381281354,-0.00035102137738248786,17586.0,17555.2,False
2021-12-03,2021-12-02,0,0,0,,False,0.0,0.0,0.0,0.0,0.0,0.0,11074342.460000005,False,0.0,-0.0196625559927239,-222117.2720000017,-800.0,151984.0,-0.005263711969681019,-6.651407164009444e-05,17705.0,17586.7,False
2021-12-06,2021-12-03,0,0,0,,False,0.0,0.0,0.0,0.0,0.0,0.0,11074342.460000005,False,0.0,-0.0196625559927239,-222117.2720000017,464.0,130332.0,0.003560138722646779,-0.0013694124104072184,17706.0,17608.65,False
2021-12-07,2021-12-06,0,0,0,,False,0.0,0.0,0.0,0.0,0.0,0.0,11074342.460000005,False,0.0,-0.0196625559927239,-222117.2720000017,-1512.0,140508.0,-0.010760953112990008,-0.003819565474248102,17693.0,17622.1,False
2021-12-08,2021-12-07,0,0,0,,False,0.0,0.0,0.0,0.0,0.0,0.0,11074342.460000005,False,0.0,-0.0196625559927239,-222117.2720000017,80.0,128100.0,0.000624512099921936,-0.004558291329917204,17795.0,17634.1,False
2021-12-09,2021-12-08,0,0,0,,False,0.0,0.0,0.0,0.0,0.0,0.0,11074342.460000005,False,0.0,-0.0196625559927239,-222117.2720000017,332.0,123910.0,0.002679364054555726,-0.0035649263938905265,17851.0,17648.9,False
2021-12-10,2021-12-09,0,0,0,,False,0.0,0.0,0.0,0.0,0.0,0.0,11074342.460000005,False,0.0,-0.0196625559927239,-222117.2720000017,598.0,100726.0,0.005936898119651332,-0.00244634546422563,17911.0,17670.95,False
2021-12-13,2021-12-10,0,0,0,,False,0.0,0.0,0.0,0.0,0.0,0.0,11074342.460000005,False,0.0,-0.0196625559927239,-222117.2720000017,-930.0,99476.0,-0.00934898870079215,-0.003231771864713409,17818.0,17684.5,False
2021-12-14,2021-12-13,0,0,0,,False,0.0,0.0,0.0,0.0,0.0,0.0,11074342.460000005,False,0.0,-0.0196625559927239,-222117.2720000017,539.0,206207.0,0.00261387828735203,-0.0033549104960381715,17752.0,17688.9,False
2021-12-15,2021-12-14,0,0,0,,False,0.0,0.0,0.0,0.0,0.0,0.0,11074342.460000005,False,0.0,-0.0196625559927239,-222117.2720000017,-1232.0,220904.0,-0.005577083257885779,-0.003201006091047863,17605.0,17684.1,False
2021-12-16,2021-12-15,0,0,0,,False,0.0,0.0,0.0,0.0,0.0,0.0,11074342.460000005,False,0.0,-0.0196625559927239,-222117.2720000017,939.0,131469.0,0.007142368162836867,-0.003233142615432144,17630.0,17679.5,False
2021-12-17,2021-12-16,0,0,0,,False,0.0,0.0,0.0,0.0,0.0,0.0,11074342.460000005,False,0.0,-0.0196625559927239,-222117.2720000017,154.0,105890.0,0.001454339408820474,-0.0017717074441800107,17804.0,17676.7,False
2021-12-20,2021-12-17,0,0,0,,False,0.0,0.0,0.0,0.0,0.0,0.0,11074342.460000005,False,0.0,-0.0196625559927239,-222117.2720000017,227.0,101669.0,0.0022327356421328035,-0.0008635579242331819,17786.0,17673.45,False
2021-12-21,2021-12-20,0,0,0,,False,0.0,0.0,0.0,0.0,0.0,0.0,11074342.460000005,False,0.0,-0.0196625559927239,-222117.2720000017,-230.0,134856.0,-0.0017055229281604082,-0.0013864473492828126,17580.0,17660.65,False
2021-12-22,2021-12-21,0,0,0,,False,0.0,0.0,0.0,0.0,0.0,0.0,11074342.460000005,False,0.0,-0.0196625559927239,-222117.2720000017,1052.0,128032.0,0.008216695826043488,-0.0009304997760257508,17796.0,17667.5,False
2021-12-23,2021-12-22,1,0,1,TX202201,False,3800.0,50.0,71.748,400.0,521.748,3278.252,11077620.712000003,False,0.0002960222705628,-0.019372354276631,-218839.02000000144,1987.0,75709.0,0.026245228440476033,0.0005621104106768131,17833.0,17675.2,True
2021-12-24,2021-12-23,1,1,1,TX202201,False,800.0,0.0,0.0,0.0,0.0,800.0,11078420.712000003,False,7.221767388491533e-05,-0.0193015356291097,-218039.02000000144,599.0,82763.0,0.007237533680509407,0.0014330475909386925,17954.0,17689.1,True
2021-12-27,2021-12-24,1,1,1,TX202201,False,22000.0,0.0,0.0,0.0,0.0,22000.0,11100420.712000003,False,0.0019858426189005,-0.0173540228222717,-196039.02000000144,-1359.0,56363.0,-0.024111562549899757,0.00025289450379213825,17958.0,17719.9,True
2021-12-28,2021-12-27,1,1,1,TX202201,False,27800.0,0.0,0.0,0.0,0.0,27800.0,11128220.712000003,False,0.0025044095824176,-0.0148930748209036,-168239.02000000142,1132.0,58200.0,0.01945017182130584,0.0010016881939872411,18068.0,17757.9,True
2021-12-29,2021-12-28,1,1,1,TX202201,False,13800.0,0.0,0.0,0.0,0.0,13800.0,11142020.712000003,False,0.0012400904292919,-0.0136714531511598,-154439.02000000142,474.0,72298.0,0.00655619795844975,0.0018460936380740238,18207.0,17801.9,True
2021-12-30,2021-12-29,1,1,1,TX202201,False,-12800.0,0.0,0.0,0.0,0.0,-12800.0,11129220.712000003,False,-0.0011488041829086,-0.0148045515115019,-167239.02000000142,208.0,71880.0,0.0028937117417918755,0.0020037975723542585,18276.0,17836.4,True
2022-01-03,2021-12-30,1,1,1,TX202201,False,12200.0,0.0,0.0,0.0,0.0,12200.0,11141420.712000003,False,0.0010962133212836,-0.0137245671368008,-155039.02000000142,-1559.0,63937.0,-0.02438337738711544,0.001047814301482537,18212.0,17861.75,True
2022-01-04,2022-01-03,1,1,1,TX202201,False,48600.0,0.0,0.0,0.0,0.0,48600.0,11190020.712000003,False,0.0043621007819635,-0.0094223342998768,-106439.02000000142,345.0,113333.0,0.003044126600372354,0.0010220136953688157,18273.0,17890.1,True
2022-01-05,2022-01-04,1,1,1,TX202201,False,-7200.0,0.0,0.0,0.0,0.0,-7200.0,11182820.712000003,False,-0.0006434304444386,-0.0100597021275693,-113639.02000000142,1725.0,115387.0,0.014949691039718513,0.002307545903004242,18516.0,17931.25,True
2022-01-06,2022-01-05,1,1,1,TX202201,False,-29000.0,0.0,0.0,0.0,0.0,-29000.0,11153820.712000003,False,-0.0025932634302972,-0.0126268781002194,-142639.02000000142,1124.0,110850.0,0.010139828597203427,0.0027833117278683165,18480.0,17965.5,True
2022-01-07,2022-01-06,1,1,1,TX202201,False,-38400.0,0.0,0.0,0.0,0.0,-38400.0,11115420.712000003,False,-0.0034427664736162,-0.0160261731812457,-181039.02000000144,-734.0,151674.0,-0.004839326450149663,0.002407377202633047,18335.0,17989.7,True
2022-01-10,2022-01-07,1,1,1,TX202201,False,23000.0,0.0,0.0,0.0,0.0,23000.0,11138420.712000003,False,0.0020691974326414,-0.013990137065006,-158039.02000000142,-3916.0,179848.0,-0.021773942440282905,0.001021835174636335,18143.0,18001.3,True
2022-01-11,2022-01-10,1,1,1,TX202201,False,4400.0,0.0,0.0,0.0,0.0,4400.0,11142820.712000003,False,0.0003950290722328,-0.0136006345036384,-153639.02000000142,2259.0,141133.0,0.016006178569151083,0.002289593538133497,18258.0,18023.3,True
2022-01-12,2022-01-11,1,1,1,TX202201,False,19000.0,0.0,0.0,0.0,0.0,19000.0,11161820.712000003,False,0.0017051337799537,-0.0119186916250055,-134639.02000000142,-2188.0,167156.0,-0.013089569025341597,0.0015044211724988155,18280.0,18049.7,True
2022-01-13,2022-01-12,1,1,1,TX202201,False,10000.0,0.0,0.0,0.0,0.0,10000.0,11171820.712000003,False,0.0008959111831324,-0.0110334585309883,-124639.02000000142,542.0,134258.0,0.004037003381548958,0.001985125504470552,18375.0,18088.2,True
2022-01-14,2022-01-13,1,1,1,TX202201,False,-13600.0,0.0,0.0,0.0,0.0,-13600.0,11158220.712000003,False,-0.0012173485728599,-0.0122373755388518,-138239.02000000142,1586.0,128496.0,0.012342796662931142,0.0022451469294752662,18425.0,18127.95,True
2022-01-17,2022-01-14,1,1,1,TX202201,False,30400.0,0.0,0.0,0.0,0.0,30400.0,11188620.712000003,False,0.002724448707786,-0.0095462669330392,-107839.02000000142,900.0,225328.0,0.003994177376979336,0.0023721388278832092,18357.0,18155.6,True
2022-01-18,2022-01-17,1,1,1,TX202202,True,-32000.0,100.0,146.65200000000002,800.0,1046.652,-33046.652,11155574.060000004,False,-0.0029535948040992,-0.0124716659327265,-140885.67200000212,-686.0,225652.0,-0.0030400794143193945,0.0021084980750605995,18509.0,18191.75,True
2022-01-19,2022-01-18,1,1,1,TX202202,False,-34200.0,0.0,0.0,0.0,0.0,-34200.0,11121374.060000004,False,-0.0030657319664641,-0.0154991631142656,-175085.67200000212,2212.0,227556.0,0.00972068413928879,0.0026798084284330595,18349.0,18230.2,True
2022-01-20,2022-01-19,0,1,0,,False,12000.0,50.0,72.804,400.0,522.804,11477.196,11132851.256000005,False,0.0010319944224589,-0.0144831637416933,-163608.47600000165,-1289.0,194301.0,-0.006634036880921869,0.0019372717930847918,18218.0,18251.3,False
2022-01-21,2022-01-20,0,0,0,,False,0.0,0.0,0.0,0.0,0.0,0.0,11132851.256000005,False,0.0,-0.0144831637416933,-163608.47600000165,796.0,153866.0,0.005173332640089429,0.0008836770030654613,18226.0,18270.95,False
2022-01-24,2022-01-21,0,0,0,,False,0.0,0.0,0.0,0.0,0.0,0.0,11132851.256000005,False,0.0,-0.0144831637416933,-163608.47600000165,-1624.0,200130.0,-0.008114725428471494,0.0001160640476164163,17895.0,18268.0,False
2022-01-25,2022-01-24,0,0,0,,False,0.0,0.0,0.0,0.0,0.0,0.0,11132851.256000005,False,0.0,-0.0144831637416933,-163608.47600000165,-213.0,194643.0,-0.0010943111234413773,0.0012669266189393354,17957.0,18267.95,False
2022-01-26,2022-01-25,0,0,0,,False,0.0,0.0,0.0,0.0,0.0,0.0,11132851.256000005,False,0.0,-0.0144831637416933,-163608.47600000165,-3500.0,283748.0,-0.01233488870406135,-0.0003223264073290243,17678.0,18248.45,False
2022-02-07,2022-01-26,0,0,0,,False,0.0,0.0,0.0,0.0,0.0,0.0,11132851.256000005,False,0.0,-0.0144831637416933,-163608.47600000165,843.0,189885.0,0.004439529188719488,-0.0004281598458155374,17625.0,18219.35,False
2022-02-08,2022-02-07,0,0,0,,False,0.0,0.0,0.0,0.0,0.0,0.0,11132851.256000005,False,0.0,-0.0144831637416933,-163608.47600000165,2988.0,177920.0,0.01679406474820144,0.0002668578045049408,17899.0,18200.5,False
2022-02-09,2022-02-08,0,0,0,,False,0.0,0.0,0.0,0.0,0.0,0.0,11132851.256000005,False,0.0,-0.0144831637416933,-163608.47600000165,599.0,125667.0,0.004766565605926774,0.0017243549541570515,17942.0,18187.0,False
2022-02-10,2022-02-09,0,0,0,,False,0.0,0.0,0.0,0.0,0.0,0.0,11132851.256000005,False,0.0,-0.0144831637416933,-163608.47600000165,3501.0,100705.0,0.034764907402810186,0.003310393994278943,18167.0,18181.7,False
2022-02-11,2022-02-10,1,0,1,TX202202,False,14600.0,50.0,72.816,400.0,522.816,14077.184,11146928.440000003,False,0.0012644724766634,-0.0132370048269562,-149531.2920000013,2897.0,122265.0,0.02369443422075001,0.0037476311533305175,18337.0,18172.75,True
2022-02-14,2022-02-11,1,1,1,TX202202,False,-59600.0,0.0,0.0,0.0,0.0,-59600.0,11087328.440000003,False,-0.0053467643863334,-0.0185129940672992,-209131.2920000013,-909.0,154605.0,-0.005879499369360629,0.002946664755002315,18275.0,18162.5,True
2022-02-15,2022-02-14,0,1,0,,False,-11000.0,50.0,71.68,400.0,521.6800000000001,-11521.68,11075806.760000004,False,-0.0010391754932083,-0.0195329313107669,-220652.972000001,-2373.0,262009.0,-0.009056940792110195,0.002735784037904288,17977.0,18144.6,False
2022-02-16,2022-02-15,0,0,0,,False,0.0,0.0,0.0,0.0,0.0,0.0,11075806.760000004,False,0.0,-0.0195329313107669,-220652.972000001,2025.0,261625.0,0.0077400860009555665,0.004211485459966212,17953.0,18135.1,False
2022-02-17,2022-02-16,1,0,1,TX202203,False,-5200.0,50.0,73.084,400.0,523.0840000000001,-5723.084,11070083.676000005,False,-0.0005167193798169,-0.020039557646431,-226376.05600000173,-150.0,166332.0,-0.0009018108361590073,0.0033660859897007072,18207.0,18132.55,True
2022-02-18,2022-02-17,1,1,1,TX202203,False,-3400.0,0.0,0.0,0.0,0.0,-3400.0,11066683.676000005,False,-0.0003071340831299,-0.0203405368983969,-229776.05600000173,-878.0,144636.0,-0.006070411239248873,0.003717043879005344,18243.0,18130.7,True
2022-02-21,2022-02-18,1,1,1,TX202203,False,-3200.0,0.0,0.0,0.0,0.0,-3200.0,11063483.676000005,False,-0.0002891561820764,-0.0206238114884824,-232976.05600000173,-630.0,126878.0,-0.004965399832910355,0.0032669237182823773,18226.0,18123.25,True
2022-02-22,2022-02-21,1,1,1,TX202203,False,-66400.0,0.0,0.0,0.0,0.0,-66400.0,10997083.676000005,False,-0.0060017262143244,-0.0265017592327572,-299376.0560000017,-1727.0,141001.0,-0.01224814008411288,0.002037376880930177,18210.0,18112.5,True
2022-02-23,2022-02-22,0,1,0,,False,15200.0,50.0,71.808,400.0,521.808,14678.192,11011761.868000004,False,0.001334734956326,-0.0252023971008833,-284697.8640000019,-775.0,186317.0,-0.004159577494270517,0.0016296891373676844,17878.0,18088.55,False
2022-02-24,2022-02-23,0,0,0,,False,0.0,0.0,0.0,0.0,0.0,0.0,11011761.868000004,False,0.0,-0.0252023971008833,-284697.8640000019,2304.0,149848.0,0.015375580588329506,0.0025504721375001296,18042.0,18065.2,False
2022-02-25,2022-02-24,0,0,0,,False,0.0,0.0,0.0,0.0,0.0,0.0,11011761.868000004,False,0.0,-0.0252023971008833,-284697.8640000019,-2112.0,248218.0,-0.00850864965473898,0.0016390054477987404,17516.0,18023.55,False
2022-03-01,2022-02-25,0,0,0,,False,0.0,0.0,0.0,0.0,0.0,0.0,11011761.868000004,False,0.0,-0.0252023971008833,-284697.8640000019,-1377.0,255411.0,-0.0053913104760562386,0.001701141768042022,17606.0,17992.95,False
2022-03-02,2022-03-01,0,0,0,,False,0.0,0.0,0.0,0.0,0.0,0.0,11011761.868000004,False,0.0,-0.0252023971008833,-284697.8640000019,1797.0,188397.0,0.00953836844535741,0.0019193935583054211,17911.0,17977.2,False
2022-03-03,2022-03-02,0,0,0,,False,0.0,0.0,0.0,0.0,0.0,0.0,11011761.868000004,False,0.0,-0.0252023971008833,-284697.8640000019,-1303.0,164735.0,-0.00790967311136067,0.001929646174160963,17844.0,17974.65,False
2022-03-04,2022-03-03,0,0,0,,False,0.0,0.0,0.0,0.0,0.0,0.0,11011761.868000004,False,0.0,-0.0252023971008833,-284697.8640000019,316.0,145456.0,0.0021724782752172477,0.002092985644093894,17929.0,17973.25,False
2022-03-07,2022-03-04,0,0,0,,False,0.0,0.0,0.0,0.0,0.0,0.0,11011761.868000004,False,0.0,-0.0252023971008833,-284697.8640000019,1078.0,183018.0,0.005890131025363625,0.0030042366305651426,17666.0,17972.65,False
2022-03-08,2022-03-07,0,0,0,,False,0.0,0.0,0.0,0.0,0.0,0.0,11011761.868000004,False,0.0,-0.0252023971008833,-284697.8640000019,-1421.0,244521.0,-0.005811361805325514,0.002491692080862892,17058.0,17944.3,False
2022-03-09,2022-03-08,0,0,0,,False,0.0,0.0,0.0,0.0,0.0,0.0,11011761.868000004,False,0.0,-0.0252023971008833,-284697.8640000019,2160.0,273820.0,0.0078883938353663,0.002046408535221135,16702.0,17884.45,False
2022-03-10,2022-03-09,0,0,0,,False,0.0,0.0,0.0,0.0,0.0,0.0,11011761.868000004,False,0.0,-0.0252023971008833,-284697.8640000019,1912.0,242394.0,0.007887984026007244,0.002202479456225159,16946.0,17834.65,False
2022-03-11,2022-03-10,0,0,0,,False,0.0,0.0,0.0,0.0,0.0,0.0,11011761.868000004,False,0.0,-0.0252023971008833,-284697.8640000019,4383.0,174659.0,0.025094612931483636,0.0017189647326588315,17437.0,17798.15,False
2022-03-14,2022-03-11,0,0,0,,False,0.0,0.0,0.0,0.0,0.0,0.0,11011761.868000004,False,0.0,-0.0252023971008833,-284697.8640000019,-1803.0,188557.0,-0.009562095281532906,5.613825754468569e-05,17220.0,17742.3,False
2022-03-15,2022-03-14,0,0,0,,False,0.0,0.0,0.0,0.0,0.0,0.0,11011761.868000004,False,0.0,-0.0252023971008833,-284697.8640000019,-1355.0,252423.0,-0.00536797359987006,8.171454601921413e-05,17239.0,17690.5,False
2022-03-16,2022-03-15,0,0,0,,False,0.0,0.0,0.0,0.0,0.0,0.0,11011761.868000004,False,0.0,-0.0252023971008833,-284697.8640000019,-3429.0,289227.0,-0.011855739609372569,-5.822539484390457e-05,16882.0,17635.75,False
2022-03-17,2022-03-16,0,0,0,,False,0.0,0.0,0.0,0.0,0.0,0.0,11011761.868000004,False,0.0,-0.0252023971008833,-284697.8640000019,3431.0,240745.0,0.014251594010259818,0.00026735000562130807,16937.0,17584.95,False
2022-03-18,2022-03-17,0,0,0,,False,0.0,0.0,0.0,0.0,0.0,0.0,11011761.868000004,False,0.0,-0.0252023971008833,-284697.8640000019,1941.0,214231.0,0.009060313400021473,0.0007654562174303321,17446.0,17546.9,False
2022-03-21,2022-03-18,0,0,0,,False,0.0,0.0,0.0,0.0,0.0,0.0,11011761.868000004,False,0.0,-0.0252023971008833,-284697.8640000019,-2464.0,163012.0,-0.015115451623193384,0.0003132041982331064,17391.0,17504.3,False
2022-03-22,2022-03-21,1,0,1,TX202204,False,-3200.0,50.0,70.152,400.0,520.152,-3720.152,11008041.716000004,False,-0.0003378344033038,-0.0255317172674007,-288418.0160000026,1731.0,130801.0,0.013233843777952769,0.0012231663787762627,17489.0,17467.45,True
2022-03-23,2022-03-22,1,1,1,TX202204,False,36400.0,0.0,0.0,0.0,0.0,36400.0,11044441.716000004,False,0.0033066735155166,-0.0223094688051779,-252018.01600000265,972.0,112058.0,0.008674079494547467,0.00226927735770928,17520.0,17432.95,True
2022-03-24,2022-03-23,1,1,1,TX202204,False,-6200.0,0.0,0.0,0.0,0.0,-6200.0,11038241.716000004,False,-0.0005613683479372,-0.0228583133234686,-258218.01600000265,2122.0,118772.0,0.017866163742296163,0.003370564419537614,17702.0,17424.15,True
2022-03-25,2022-03-24,1,1,1,TX202204,False,-10000.0,0.0,0.0,0.0,0.0,-10000.0,11028241.716000004,False,-0.0009059413860728,-0.0237435464174858,-268218.0160000026,-1332.0,113912.0,-0.011693236884612683,0.0020171235458905047,17671.0,17405.6,True
2022-03-28,2022-03-25,1,1,1,TX202204,False,-36600.0,0.0,0.0,0.0,0.0,-36600.0,10991641.716000004,False,-0.0033187520678749,-0.0269834995415891,-304818.0160000026,-532.0,113696.0,-0.004679144385026738,0.0022085988093761165,17621.0,17410.85,True
2022-03-29,2022-03-28,1,1,1,TX202204,False,21400.0,0.0,0.0,0.0,0.0,21400.0,11013041.716000004,False,0.0019469339115055,-0.0250891007203921,-283418.0160000026,747.0,157017.0,0.0047574466459045835,0.0027160366654741578,17438.0,17402.45,True
2022-03-30,2022-03-29,1,1,1,TX202204,False,39200.0,0.0,0.0,0.0,0.0,39200.0,11052241.716000004,False,0.0035594162821565,-0.0216189869918443,-244218.01600000265,2899.0,108867.0,0.026628822324487676,0.003570559359430671,17545.0,17384.15,True
2022-03-31,2022-03-30,1,1,1,TX202204,False,-20400.0,0.0,0.0,0.0,0.0,-20400.0,11031841.716000004,False,-0.0018457793924708,-0.0234248625036397,-264618.0160000026,587.0,134269.0,0.0043718207479016,0.004184634052393785,17741.0,17379.0,True
2022-04-01,2022-03-31,1,1,1,TX202204,False,-17000.0,0.0,0.0,0.0,0.0,-17000.0,11014841.716000004,False,-0.001540993828378,-0.024929758763469,-281618.0160000026,-4282.0,105172.0,-0.040714258547902483,0.002040297211237798,17639.0,17364.5,True
2022-04-06,2022-04-01,1,1,1,TX202204,False,-9600.0,0.0,0.0,0.0,0.0,-9600.0,11005241.716000004,False,-0.0008715513347827,-0.0257795825337256,-291218.0160000026,1931.0,124285.0,0.015536870901556905,0.0025226342050474622,17554.0,17358.9,True
2022-04-07,2022-04-06,1,1,1,TX202204,False,-72600.0,0.0,0.0,0.0,0.0,-72600.0,10932641.716000004,False,-0.0065968564683545,-0.0322063747962911,-363818.0160000026,622.0,129272.0,0.004811560121294634,0.00305378030137847,17506.0,17381.3,True
2022-04-08,2022-04-07,0,1,0,,False,11400.0,50.0,68.792,400.0,518.792,10881.208,10943522.924000004,False,0.0009952953991051,-0.0312431342538425,-352936.80800000206,-2524.0,161782.0,-0.015601241176397869,0.001879298550790261,17143.0,17403.35,False
2022-04-11,2022-04-08,0,0,0,,False,0.0,0.0,0.0,0.0,0.0,0.0,10943522.924000004,False,0.0,-0.0312431342538425,-352936.80800000206,3060.0,137244.0,0.022296056658214568,0.0025997021824006273,17316.0,17421.85,False
2022-04-12,2022-04-11,0,0,0,,False,0.0,0.0,0.0,0.0,0.0,0.0,10943522.924000004,False,0.0,-0.0312431342538425,-352936.80800000206,2412.0,170404.0,0.014154597309922303,0.0020527014013225608,17039.0,17401.95,False
2022-04-13,2022-04-12,0,0,0,,False,0.0,0.0,0.0,0.0,0.0,0.0,10943522.924000004,False,0.0,-0.0312431342538425,-352936.80800000206,67.0,161193.0,0.0004156508036949495,0.0025515887055839537,16999.0,17390.9,False
2022-04-14,2022-04-13,0,0,0,,False,0.0,0.0,0.0,0.0,0.0,0.0,10943522.924000004,False,0.0,-0.0312431342538425,-352936.80800000206,436.0,174224.0,0.0025025254844338323,0.0029451136597991477,17316.0,17394.75,False
2022-04-15,2022-04-14,0,0,0,,False,0.0,0.0,0.0,0.0,0.0,0.0,10943522.924000004,False,0.0,-0.0312431342538425,-352936.80800000206,-754.0,113950.0,-0.00661693725318122,0.0032070537776087158,17298.0,17415.55,False
2022-04-18,2022-04-15,0,0,0,,False,0.0,0.0,0.0,0.0,0.0,0.0,10943522.924000004,False,0.0,-0.0312431342538425,-352936.80800000206,-4527.0,159749.0,-0.028338205559972206,0.0010775637990971146,16983.0,17417.85,False
2022-04-19,2022-04-18,0,0,0,,False,0.0,0.0,0.0,0.0,0.0,0.0,10943522.924000004,False,0.0,-0.0312431342538425,-352936.80800000206,-157.0,198565.0,-0.0007906730793442953,0.0005850144751288258,16881.0,17389.6,False
2022-04-20,2022-04-19,0,0,0,,False,0.0,0.0,0.0,0.0,0.0,0.0,10943522.924000004,False,0.0,-0.0312431342538425,-352936.80800000206,46.0,224226.0,0.0002051501609982785,0.001351044564338409,17000.0,17370.05,False
2022-04-21,2022-04-20,0,0,0,,False,0.0,0.0,0.0,0.0,0.0,0.0,10943522.924000004,False,0.0,-0.0312431342538425,-352936.80800000206,1952.0,168308.0,0.011597785013190105,0.001269241626100276,17125.0,17351.85,False
2022-04-22,2022-04-21,0,0,0,,False,0.0,0.0,0.0,0.0,0.0,0.0,10943522.924000004,False,0.0,-0.0312431342538425,-352936.80800000206,-467.0,118123.0,-0.003953506091108421,0.0006378623468174815,17126.0,17332.15,False
2022-04-25,2022-04-22,0,0,0,,False,0.0,0.0,0.0,0.0,0.0,0.0,10943522.924000004,False,0.0,-0.0312431342538425,-352936.80800000206,2007.0,141985.0,0.014135295981969926,0.00045131895880116957,16992.0,17296.65,False
2022-04-26,2022-04-25,0,0,0,,False,0.0,0.0,0.0,0.0,0.0,0.0,10943522.924000004,False,0.0,-0.0312431342538425,-352936.80800000206,-1311.0,189569.0,-0.006915687691552944,0.0006901964184541567,16572.0,17241.7,False
2022-04-27,2022-04-26,0,0,0,,False,0.0,0.0,0.0,0.0,0.0,0.0,10943522.924000004,False,0.0,-0.0312431342538425,-352936.80800000206,-136.0,162006.0,-0.0008394750811698332,0.0008821798836470017,16586.0,17189.95,False
2022-04-28,2022-04-27,0,0,0,,False,0.0,0.0,0.0,0.0,0.0,0.0,10943522.924000004,False,0.0,-0.0312431342538425,-352936.80800000206,-3587.0,223677.0,-0.016036516941840242,-0.00015751829574023958,16285.0,17132.3,False
2022-04-29,2022-04-28,0,0,0,,False,0.0,0.0,0.0,0.0,0.0,0.0,10943522.924000004,False,0.0,-0.0312431342538425,-352936.80800000206,833.0,195091.0,0.0042698022973894235,-0.0012754692970951523,16387.0,17074.4,False
2022-05-03,2022-04-29,0,0,0,,False,0.0,0.0,0.0,0.0,0.0,0.0,10943522.924000004,False,0.0,-0.0312431342538425,-352936.80800000206,4835.0,174435.0,0.02771806116891679,-0.0001081572760443926,16583.0,17016.5,False
2022-05-04,2022-05-03,0,0,0,,False,0.0,0.0,0.0,0.0,0.0,0.0,10943522.924000004,False,0.0,-0.0312431342538425,-352936.80800000206,-2326.0,146854.0,-0.015838860364715976,0.0011356126331149327,16470.0,16958.05,False
2022-05-05,2022-05-04,0,0,0,,False,0.0,0.0,0.0,0.0,0.0,0.0,10943522.924000004,False,0.0,-0.0312431342538425,-352936.80800000206,1125.0,124661.0,0.009024474374503653,0.0008099928067622702,16519.0,16906.3,False
2022-05-06,2022-05-05,0,0,0,,False,0.0,0.0,0.0,0.0,0.0,0.0,10943522.924000004,False,0.0,-0.0312431342538425,-352936.80800000206,193.0,141183.0,0.0013670201086533082,0.0006377658061302039,16684.0,16865.2,False
2022-05-09,2022-05-06,0,0,0,,False,0.0,0.0,0.0,0.0,0.0,0.0,10943522.924000004,False,0.0,-0.0312431342538425,-352936.80800000206,-1006.0,181122.0,-0.005554267289451309,0.0011401145004775316,16355.0,16825.8,False
2022-05-10,2022-05-09,0,0,0,,False,0.0,0.0,0.0,0.0,0.0,0.0,10943522.924000004,False,0.0,-0.0312431342538425,-352936.80800000206,302.0,200492.0,0.0015062945154918899,0.00010062639334139787,16027.0,16761.35,False
2022-05-11,2022-05-10,0,0,0,,False,0.0,0.0,0.0,0.0,0.0,0.0,10943522.924000004,False,0.0,-0.0312431342538425,-352936.80800000206,-3973.0,213389.0,-0.01861857921448622,-0.0015380324328790281,16039.0,16711.35,False
2022-05-12,2022-05-11,0,0,0,,False,0.0,0.0,0.0,0.0,0.0,0.0,10943522.924000004,False,0.0,-0.0312431342538425,-352936.80800000206,3352.0,185154.0,0.018103848688119078,-0.0006536225386578219,16010.0,16661.9,False
2022-05-13,2022-05-12,0,0,0,,False,0.0,0.0,0.0,0.0,0.0,0.0,10943522.924000004,False,0.0,-0.0312431342538425,-352936.80800000206,-1123.0,230745.0,-0.004866844351990292,-0.001022091030479028,15632.0,16577.7,False
2022-05-16,2022-05-13,0,0,0,,False,0.0,0.0,0.0,0.0,0.0,0.0,10943522.924000004,False,0.0,-0.0312431342538425,-352936.80800000206,1101.0,209467.0,0.005256197873650742,-0.00042843427413743004,15851.0,16505.35,False
2022-05-17,2022-05-16,0,0,0,,False,0.0,0.0,0.0,0.0,0.0,0.0,10943522.924000004,False,0.0,-0.0312431342538425,-352936.80800000206,1918.0,258648.0,0.007415483591599394,0.00135925018344115,15921.0,16452.25,False
2022-05-18,2022-05-17,0,0,0,,False,0.0,0.0,0.0,0.0,0.0,0.0,10943522.924000004,False,0.0,-0.0312431342538425,-352936.80800000206,2111.0,222513.0,0.009487086147775636,0.0018731381447971464,16075.0,16411.95,False
2022-05-19,2022-05-18,0,0,0,,False,0.0,0.0,0.0,0.0,0.0,0.0,10943522.924000004,False,0.0,-0.0312431342538425,-352936.80800000206,4698.0,171996.0,0.02731458871136538,0.0032286100723155015,16302.0,16377.05,False
2022-05-20,2022-05-19,0,0,0,,False,0.0,0.0,0.0,0.0,0.0,0.0,10943522.924000004,False,0.0,-0.0312431342538425,-352936.80800000206,-2533.0,163459.0,-0.01549624064750182,0.0018739087892809055,15911.0,16316.35,False
2022-05-23,2022-05-20,0,0,0,,False,0.0,0.0,0.0,0.0,0.0,0.0,10943522.924000004,False,0.0,-0.0312431342538425,-352936.80800000206,4069.0,184619.0,0.022039985050292765,0.003173583346350965,16135.0,16266.8,False
2022-05-24,2022-05-23,0,0,0,,False,0.0,0.0,0.0,0.0,0.0,0.0,10943522.924000004,False,0.0,-0.0312431342538425,-352936.80800000206,-1314.0,189846.0,-0.006921399450080592,0.002120748574748439,16147.0,16224.55,False
2022-05-25,2022-05-24,0,0,0,,False,0.0,0.0,0.0,0.0,0.0,0.0,10943522.924000004,False,0.0,-0.0312431342538425,-352936.80800000206,-596.0,158408.0,-0.0037624362405939095,0.0022784111472963905,15926.0,16192.25,False
2022-05-26,2022-05-25,0,0,0,,False,0.0,0.0,0.0,0.0,0.0,0.0,10943522.924000004,False,0.0,-0.0312431342538425,-352936.80800000206,456.0,187050.0,0.00243785084202085,0.002442277443455925,16060.0,16165.95,False
2022-05-27,2022-05-26,0,0,0,,False,0.0,0.0,0.0,0.0,0.0,0.0,10943522.924000004,False,0.0,-0.0312431342538425,-352936.80800000206,-1495.0,178875.0,-0.008357791754018169,0.002826213702847028,15950.0,16149.2,False
2022-05-30,2022-05-27,1,0,1,TX202206,False,32000.0,50.0,65.608,400.0,515.608,31484.392,10975007.316000003,False,0.0028769887191401,-0.0284560316795011,-321452.41600000113,4428.0,141618.0,0.03126721179511079,0.004176084177733097,16230.0,16141.35,True
2022-05-31,2022-05-30,1,1,1,TX202206,False,24400.0,0.0,0.0,0.0,0.0,24400.0,10999407.316000003,False,0.0022232331421254,-0.026296062930099,-297052.41600000113,249.0,131601.0,0.0018920828869081541,0.0028847852636326656,16560.0,16140.2,True
2022-06-01,2022-05-31,1,1,1,TX202206,False,-14400.0,0.0,0.0,0.0,0.0,-14400.0,10985007.316000003,False,-0.0013091614471857,-0.0275707985854838,-311452.41600000113,525.0,134325.0,0.003908431044109436,0.0038721498340739367,16682.0,16150.8,True
2022-06-02,2022-06-01,1,1,1,TX202206,False,-15600.0,0.0,0.0,0.0,0.0,-15600.0,10969407.316000003,False,-0.0014201173973983,-0.0289517622121507,-327052.41600000113,1121.0,162283.0,0.006907685956015109,0.0037663104131495087,16610.0,16155.35,True
2022-06-06,2022-06-02,1,1,1,TX202206,False,13600.0,0.0,0.0,0.0,0.0,13600.0,10983007.316000003,False,0.0012398117426237,-0.0277478452042873,-313452.41600000113,2433.0,148669.0,0.016365213998883424,0.004516220107661015,16532.0,16147.75,True
2022-06-07,2022-06-06,1,1,1,TX202206,False,-27600.0,0.0,0.0,0.0,0.0,-27600.0,10955407.316000003,False,-0.0025129729231621,-0.030191088543775,-341052.41600000113,-811.0,151845.0,-0.005340972702426817,0.004526884837012239,16600.0,16160.0,True
2022-06-08,2022-06-07,1,1,1,TX202206,False,36400.0,0.0,0.0,0.0,0.0,36400.0,10991807.316000003,False,0.0033225601705231,-0.026968840081552,-304652.41600000113,-1384.0,151624.0,-0.0091278425579064,0.003995177983342325,16462.0,16181.75,True
2022-06-09,2022-06-08,1,1,1,TX202206,False,-12400.0,0.0,0.0,0.0,0.0,-12400.0,10979407.316000003,False,-0.0011281129338894,-0.0280665291181335,-317052.41600000113,2117.0,131113.0,0.016146377552187806,0.005733425821676026,16644.0,16212.0,True
2022-06-10,2022-06-09,1,1,1,TX202206,False,-22200.0,0.0,0.0,0.0,0.0,-22200.0,10957207.316000003,False,-0.0020219670662594,-0.0300317465868519,-339252.41600000113,-215.0,112833.0,-0.0019054709171962103,0.004732959841410262,16582.0,16240.6,True
2022-06-13,2022-06-10,1,1,1,TX202206,False,-83600.0,0.0,0.0,0.0,0.0,-83600.0,10873607.316000003,False,-0.0076296813219847,-0.0374322952528364,-422852.41600000113,-1314.0,158378.0,-0.008296606851961763,0.004561471716411689,16471.0,16282.55,True
2022-06-14,2022-06-13,0,1,0,,False,-20600.0,50.0,63.79200000000001,400.0,513.792,-21113.792,10852493.524000006,False,-0.0019417467806596,-0.039301357994696,-443966.20800000057,-5032.0,305942.0,-0.016447561956187774,0.003476283724919762,16053.0,16292.65,False
2022-06-15,2022-06-14,0,0,0,,False,0.0,0.0,0.0,0.0,0.0,0.0,10852493.524000006,False,0.0,-0.039301357994696,-443966.20800000057,-2130.0,329884.0,-0.006456815122891683,0.0027826687891952086,16055.0,16299.35,False
2022-06-16,2022-06-15,0,0,0,,False,0.0,0.0,0.0,0.0,0.0,0.0,10852493.524000006,False,0.0,-0.039301357994696,-443966.20800000057,-1881.0,205305.0,-0.009161978519763279,0.001850215555818263,16062.0,16298.7,False
2022-06-17,2022-06-16,0,0,0,,False,0.0,0.0,0.0,0.0,0.0,0.0,10852493.524000006,False,0.0,-0.039301357994696,-443966.20800000057,652.0,207600.0,0.003140655105973025,0.000641518875548645,15410.0,16254.1,False
2022-06-20,2022-06-17,0,0,0,,False,0.0,0.0,0.0,0.0,0.0,0.0,10852493.524000006,False,0.0,-0.039301357994696,-443966.20800000057,-4226.0,233648.0,-0.018087036910223928,0.0005119790624125394,15200.0,16218.55,False
2022-06-21,2022-06-20,0,0,0,,False,0.0,0.0,0.0,0.0,0.0,0.0,10852493.524000006,False,0.0,-0.039301357994696,-443966.20800000057,-535.0,214315.0,-0.0024963255021813687,-0.0007148364652111671,15038.0,16163.7,False
2022-06-22,2022-06-21,0,0,0,,False,0.0,0.0,0.0,0.0,0.0,0.0,10852493.524000006,False,0.0,-0.039301357994696,-443966.20800000057,-2500.0,147194.0,-0.016984387950595814,-0.0012179858902369282,15334.0,16123.05,False
2022-06-23,2022-06-22,0,0,0,,False,0.0,0.0,0.0,0.0,0.0,0.0,10852493.524000006,False,0.0,-0.039301357994696,-443966.20800000057,2111.0,174633.0,0.012088207841587787,-0.0004254536861278433,15012.0,16077.35,False
2022-06-24,2022-06-23,0,0,0,,False,0.0,0.0,0.0,0.0,0.0,0.0,10852493.524000006,False,0.0,-0.039301357994696,-443966.20800000057,-2559.0,256677.0,-0.009969728491450345,-0.001045832652801403,14938.0,16021.25,False
2022-06-27,2022-06-24,0,0,0,,False,0.0,0.0,0.0,0.0,0.0,0.0,10852493.524000006,False,0.0,-0.039301357994696,-443966.20800000057,-977.0,207727.0,-0.004703288450706938,-0.0008631074876358415,15058.0,15976.65,False
2022-06-28,2022-06-27,0,0,0,,False,0.0,0.0,0.0,0.0,0.0,0.0,10852493.524000006,False,0.0,-0.039301357994696,-443966.20800000057,2426.0,148576.0,0.016328343743269438,-0.0016100508902279092,15277.0,15929.0,False
2022-06-29,2022-06-28,0,0,0,,False,0.0,0.0,0.0,0.0,0.0,0.0,10852493.524000006,False,0.0,-0.039301357994696,-443966.20800000057,-926.0,146342.0,-0.0063276434653072935,-0.0020210372078386814,15192.0,15860.6,False
2022-06-30,2022-06-29,0,0,0,,False,0.0,0.0,0.0,0.0,0.0,0.0,10852493.524000006,False,0.0,-0.039301357994696,-443966.20800000057,-1138.0,168520.0,-0.006752907666745787,-0.0025541041433814428,15019.0,15777.45,False
2022-07-01,2022-06-30,0,0,0,,False,0.0,0.0,0.0,0.0,0.0,0.0,10852493.524000006,False,0.0,-0.039301357994696,-443966.20800000057,373.0,195831.0,0.0019047035454039453,-0.0028042532639120012,14622.0,15678.05,False
2022-07-04,2022-07-01,0,0,0,,False,0.0,0.0,0.0,0.0,0.0,0.0,10852493.524000006,False,0.0,-0.039301357994696,-443966.20800000057,76.0,294556.0,0.0002580154537677046,-0.0036096131911677867,14175.0,15560.2,False
2022-07-05,2022-07-04,0,0,0,,False,0.0,0.0,0.0,0.0,0.0,0.0,10852493.524000006,False,0.0,-0.039301357994696,-443966.20800000057,140.0,240460.0,0.0005822174166181485,-0.003313453685215539,14152.0,15437.8,False
2022-07-06,2022-07-05,0,0,0,,False,0.0,0.0,0.0,0.0,0.0,0.0,10852493.524000006,False,0.0,-0.039301357994696,-443966.20800000057,-2357.0,211473.0,-0.011145630884320929,-0.003414343101536265,14231.0,15326.25,False
2022-07-07,2022-07-06,0,0,0,,False,0.0,0.0,0.0,0.0,0.0,0.0,10852493.524000006,False,0.0,-0.039301357994696,-443966.20800000057,2106.0,251562.0,0.008371693658024662,-0.003803077296244422,13871.0,15187.6,False
2022-07-08,2022-07-07,0,0,0,,False,0.0,0.0,0.0,0.0,0.0,0.0,10852493.524000006,False,0.0,-0.039301357994696,-443966.20800000057,1607.0,236873.0,0.006784226146500445,-0.00336859244305959,14176.0,15067.3,False
2022-07-11,2022-07-08,0,0,0,,False,0.0,0.0,0.0,0.0,0.0,0.0,10852493.524000006,False,0.0,-0.039301357994696,-443966.20800000057,4121.0,194229.0,0.021217222968763674,-0.001892900952023318,14329.0,14960.2,False
2022-07-12,2022-07-11,0,0,0,,False,0.0,0.0,0.0,0.0,0.0,0.0,10852493.524000006,False,0.0,-0.039301357994696,-443966.20800000057,1563.0,201597.0,0.0077530915638625575,-0.0006828682760208012,14276.0,14871.35,False
2022-07-13,2022-07-12,0,0,0,,False,0.0,0.0,0.0,0.0,0.0,0.0,10852493.524000006,False,0.0,-0.039301357994696,-443966.20800000057,2342.0,193338.0,0.012113500708603585,0.0002456475155539622,13914.0,14764.3,False
2022-07-14,2022-07-13,0,0,0,,False,0.0,0.0,0.0,0.0,0.0,0.0,10852493.524000006,False,0.0,-0.039301357994696,-443966.20800000057,-996.0,225184.0,-0.004423049594997869,0.00048259396179223274,14277.0,14675.05,False
2022-07-15,2022-07-14,0,0,0,,False,0.0,0.0,0.0,0.0,0.0,0.0,10852493.524000006,False,0.0,-0.039301357994696,-443966.20800000057,-2578.0,242866.0,-0.010614906985745225,-0.00020518414279367976,14389.0,14624.0,False
2022-07-18,2022-07-15,0,0,0,,False,0.0,0.0,0.0,0.0,0.0,0.0,10852493.524000006,False,0.0,-0.039301357994696,-443966.20800000057,-257.0,227203.0,-0.0011311470359106175,0.0006426103509219858,14475.0,14587.75,False
2022-07-19,2022-07-18,1,0,1,TX202208,True,23200.0,150.0,175.08,1200.0,1525.08,21674.92,10874168.444000006,False,0.0019972294802172,-0.0373826223452783,-422291.28800000064,3241.0,263825.0,0.012284658390978868,0.0013816595455799976,14650.0,14568.35,True
2022-07-20,2022-07-19,1,1,1,TX202208,False,17600.0,0.0,0.0,0.0,0.0,17600.0,10891768.444000006,False,0.0016185145641836,-0.0358246120998079,-404691.28800000064,674.0,210402.0,0.0032033916027414187,0.0023910485232468593,14678.0,14535.55,True
2022-07-21,2022-07-20,1,1,1,TX202208,False,26400.0,0.0,0.0,0.0,0.0,26400.0,10918168.444000006,False,0.0024238488116723,-0.0334875967316022,-378291.28800000064,-2845.0,169307.0,-0.016803794290844443,0.0009464484166252476,14712.0,14520.55,True
2022-07-22,2022-07-21,1,1,1,TX202208,False,600.0,0.0,0.0,0.0,0.0,600.0,10918768.444000006,False,5.495427214531805e-05,-0.0334344827459612,-377691.28800000064,2941.0,139167.0,0.021132883514051463,0.002501579016900338,14748.0,14511.05,True
2022-07-25,2022-07-22,1,1,1,TX202208,False,8600.0,0.0,0.0,0.0,0.0,8600.0,10927368.444000006,False,0.0007876346168624,-0.0326731822851064,-369091.28800000064,1564.0,139260.0,0.011230791325578056,0.0032982830057145876,14751.0,14495.7,True
2022-07-26,2022-07-25,1,1,1,TX202208,False,-17800.0,0.0,0.0,0.0,0.0,-17800.0,10909568.444000006,False,-0.0016289374785174,-0.0342488971924571,-386891.28800000064,1931.0,124041.0,0.01556743334865085,0.003260237485983658,14794.0,14471.55,True
2022-07-27,2022-07-26,1,1,1,TX202208,False,17800.0,0.0,0.0,0.0,0.0,17800.0,10927368.444000006,False,0.001631595245162,-0.0326731822851064,-369091.28800000064,-2303.0,124245.0,-0.018535957181375507,0.0026498218001802477,14705.0,14447.2,True
2022-07-28,2022-07-27,1,1,1,TX202208,False,7400.0,0.0,0.0,0.0,0.0,7400.0,10934768.444000006,False,0.000677198727024,-0.0320181097955336,-361691.28800000064,891.0,140163.0,0.006356884484493054,0.00330531140774219,14794.0,14435.95,True
2022-07-29,2022-07-28,1,1,1,TX202208,False,21400.0,0.0,0.0,0.0,0.0,21400.0,10956168.444000006,False,0.0019570601892116,-0.0301237109743366,-340291.28800000064,2056.0,130086.0,0.015804929046938178,0.004000322682818901,14831.0,14446.4,True
2022-08-01,2022-07-29,1,1,1,TX202208,False,-13600.0,0.0,0.0,0.0,0.0,-13600.0,10942568.444000006,False,-0.0012413098675429,-0.0313276279822001,-353891.28800000064,-739.0,137929.0,-0.005357829027978163,0.003719530458731608,14938.0,14484.55,True
2022-08-02,2022-08-01,1,1,1,TX202208,False,-45400.0,0.0,0.0,0.0,0.0,-45400.0,10897168.444000006,False,-0.004148934524133,-0.0353465862290386,-399291.28800000064,-234.0,126076.0,-0.0018560233509946381,0.003597618420350969,14870.0,14520.45,True
2022-08-03,2022-08-02,1,1,1,TX202208,False,5200.0,0.0,0.0,0.0,0.0,5200.0,10902368.444000006,False,0.0004771881821156,-0.0348862650201495,-394091.28800000064,198.0,163976.0,0.0012074937795774991,0.004215274653545891,14643.0,14541.05,True
2022-08-04,2022-08-03,1,1,1,TX202208,False,-2200.0,0.0,0.0,0.0,0.0,-2200.0,10900168.444000006,False,-0.0002017910155302,-0.0350810163008333,-396291.28800000064,244.0,174182.0,0.0014008336108208654,0.0038667316511857,14669.0,14580.95,True
2022-08-05,2022-08-04,1,1,1,TX202208,False,70200.0,0.0,0.0,0.0,0.0,70200.0,10970368.444000006,False,0.0064402674473018,-0.0288666799808321,-326091.28800000064,479.0,177715.0,0.0026953267872717552,0.003662286683224265,14658.0,14605.05,True
2022-08-08,2022-08-05,1,1,1,TX202208,False,-9600.0,0.0,0.0,0.0,0.0,-9600.0,10960768.444000006,False,-0.0008750845560935,-0.0297165037510886,-335691.28800000064,604.0,138160.0,0.004371742906774754,0.00282001268012482,15009.0,14639.05,True
2022-08-09,2022-08-08,1,1,1,TX202208,False,11000.0,0.0,0.0,0.0,0.0,11000.0,10971768.444000006,False,0.0010035792705776,-0.0287427473476696,-324691.28800000064,-4170.0,112804.0,-0.03696677422786426,0.0005840193905384788,14961.0,14673.3,True
2022-08-10,2022-08-09,1,1,1,TX202208,False,-28000.0,0.0,0.0,0.0,0.0,-28000.0,10943768.444000006,False,-0.0025520042774245,-0.0312214000109181,-352691.28800000064,2095.0,127949.0,0.01637371140063619,0.0007970299251401091,15016.0,14728.4,True
2022-08-11,2022-08-10,0,1,0,,False,47800.0,50.0,60.452000000000005,400.0,510.452,47289.548,10991057.992000006,False,0.0043211393079069,-0.0270351727218461,-305401.7400000002,-4227.0,122149.0,-0.03460527716149948,-0.0007120814531849714,14876.0,14758.35,False
2022-08-12,2022-08-11,1,0,1,TX202208,False,8600.0,50.0,60.92400000000001,400.0,510.924,8089.075999999999,10999147.068000006,False,0.0007359688217356,-0.0263191009443241,-297312.6640000008,6841.0,128727.0,0.053143474174027205,0.0024758376048036506,15183.0,14798.05,True
2022-08-15,2022-08-12,1,1,1,TX202208,False,23000.0,0.0,0.0,0.0,0.0,23000.0,11022147.068000006,False,0.0020910712310515,-0.0242830648280844,-274312.6640000008,-1954.0,125642.0,-0.015552124289648367,0.001754788742116763,15272.0,14837.9,True
2022-08-16,2022-08-15,1,1,1,TX202209,True,7000.0,100.0,123.15200000000002,800.0,1023.152,5976.848,11028123.916000005,False,0.0005422580521858,-0.0237539744633333,-268335.8160000015,-435.0,188397.0,-0.002308953964235099,0.0010251081243560646,15387.0,14874.75,True
2022-08-17,2022-08-16,1,1,1,TX202209,False,2600.0,0.0,0.0,0.0,0.0,2600.0,11030723.916000005,False,0.0002357608619384,-0.0235238138588887,-265735.8160000015,-301.0,189905.0,-0.0015850030278297042,0.0007856883928275084,15422.0,14911.95,True
2022-08-18,2022-08-17,1,1,1,TX202209,False,-12800.0,0.0,0.0,0.0,0.0,-12800.0,11017923.916000005,False,-0.0011603952829817,-0.0246569122192309,-278535.8160000015,1401.0,126075.0,0.011112433075550267,0.0021814997611472437,15452.0,14948.95,True
2022-08-19,2022-08-18,1,1,1,TX202209,False,7600.0,0.0,0.0,0.0,0.0,7600.0,11025523.916000005,False,0.000689785122673,-0.0239841350677778,-270935.8160000015,-1649.0,104381.0,-0.01579789425278547,0.0003349608728053973,15315.0,14977.3,True
2022-08-22,2022-08-19,1,1,1,TX202209,False,-35600.0,0.0,0.0,0.0,0.0,-35600.0,10989923.916000005,False,-0.0032288715049937,-0.0271355648824793,-306535.8160000015,893.0,97059.0,0.00920058933226182,0.00023345077313958557,15353.0,15007.4,True
2022-08-23,2022-08-22,0,1,0,,False,-23200.0,50.0,60.228,400.0,510.228,-23710.228,10966213.688000005,False,-0.0021574515147899,-0.0292344727317088,-330246.0440000016,-2929.0,95271.0,-0.030743877990154402,-0.002082114793800677,15175.0,15026.45,False
2022-08-24,2022-08-23,0,0,0,,False,0.0,0.0,0.0,0.0,0.0,0.0,10966213.688000005,False,0.0,-0.0292344727317088,-330246.0440000016,-2746.0,100458.0,-0.02733480658583687,-0.002522057264023745,15028.0,15042.6,False
2022-08-25,2022-08-24,0,0,0,,False,0.0,0.0,0.0,0.0,0.0,0.0,10966213.688000005,False,0.0,-0.0292344727317088,-330246.0440000016,1253.0,107359.0,0.011671122122970595,-0.002256345382099868,15035.0,15054.65,False
2022-08-26,2022-08-25,0,0,0,,False,0.0,0.0,0.0,0.0,0.0,0.0,10966213.688000005,False,0.0,-0.0292344727317088,-330246.0440000016,-1319.0,107939.0,-0.012219864923706908,-0.0036575850806321217,15172.0,15071.7,False
2022-08-29,2022-08-26,0,0,0,,False,0.0,0.0,0.0,0.0,0.0,0.0,10966213.688000005,False,0.0,-0.0292344727317088,-330246.0440000016,730.0,98214.0,0.007432748895269513,-0.003018056184469739,15241.0,15086.85,False
2022-08-30,2022-08-29,0,0,0,,False,0.0,0.0,0.0,0.0,0.0,0.0,10966213.688000005,False,0.0,-0.0292344727317088,-330246.0440000016,2362.0,181014.0,0.013048714464074601,-0.0022728192937162767,14818.0,15084.25,False
2022-08-31,2022-08-30,0,0,0,,False,0.0,0.0,0.0,0.0,0.0,0.0,10966213.688000005,False,0.0,-0.0292344727317088,-330246.0440000016,2187.0,131993.0,0.016569060480480024,-0.0015047409586711501,14948.0,15099.5,False
2022-09-01,2022-08-31,0,0,0,,False,0.0,0.0,0.0,0.0,0.0,0.0,10966213.688000005,False,0.0,-0.0292344727317088,-330246.0440000016,531.0,193985.0,0.002737325050905998,-0.0014379163866668936,15039.0,15118.0,False
2022-09-02,2022-09-01,0,0,0,,False,0.0,0.0,0.0,0.0,0.0,0.0,10966213.688000005,False,0.0,-0.0292344727317088,-330246.0440000016,-4533.0,185863.0,-0.024388931632438948,-0.0027921293076524287,14736.0,15121.9,False
2022-09-05,2022-09-02,0,0,0,,False,0.0,0.0,0.0,0.0,0.0,0.0,10966213.688000005,False,0.0,-0.0292344727317088,-330246.0440000016,-1874.0,161708.0,-0.01158878967026987,-0.0035901559365046597,14597.0,15101.3,False
2022-09-06,2022-09-05,0,0,0,,False,0.0,0.0,0.0,0.0,0.0,0.0,10966213.688000005,False,0.0,-0.0292344727317088,-330246.0440000016,2214.0,165120.0,0.01340843023255814,-0.0010713957134835396,14611.0,15083.8,False
2022-09-07,2022-09-06,0,0,0,,False,0.0,0.0,0.0,0.0,0.0,0.0,10966213.688000005,False,0.0,-0.0292344727317088,-330246.0440000016,-1216.0,111068.0,-0.010948247920193034,-0.0024374936795250007,14634.0,15064.7,False
2022-09-08,2022-09-07,0,0,0,,False,0.0,0.0,0.0,0.0,0.0,0.0,10966213.688000005,False,0.0,-0.0292344727317088,-330246.0440000016,-2927.0,176801.0,-0.016555336225473838,-0.0015349966327237187,14359.0,15038.85,False
2022-09-12,2022-09-08,0,0,0,,False,0.0,0.0,0.0,0.0,0.0,0.0,10966213.688000005,False,0.0,-0.0292344727317088,-330246.0440000016,3580.0,140354.0,0.025506932470752527,-0.0029168237178874524,14548.0,15007.1,False
2022-09-13,2022-09-12,0,0,0,,False,0.0,0.0,0.0,0.0,0.0,0.0,10966213.688000005,False,0.0,-0.0292344727317088,-330246.0440000016,1140.0,142514.0,0.00799921411229774,-0.0017392567977901473,14794.0,14983.2,False
2022-09-14,2022-09-13,0,0,0,,False,0.0,0.0,0.0,0.0,0.0,0.0,10966213.688000005,False,0.0,-0.0292344727317088,-330246.0440000016,1900.0,99132.0,0.019166364039866036,-0.0006654908975850908,14875.0,14957.6,False
2022-09-15,2022-09-14,0,0,0,,False,0.0,0.0,0.0,0.0,0.0,0.0,10966213.688000005,False,0.0,-0.0292344727317088,-330246.0440000016,-1059.0,183797.0,-0.005761791541755306,-0.0008743303232813708,14577.0,14915.35,False
2022-09-16,2022-09-15,0,0,0,,False,0.0,0.0,0.0,0.0,0.0,0.0,10966213.688000005,False,0.0,-0.0292344727317088,-330246.0440000016,3749.0,142565.0,0.026296776908778453,-0.00011511313161996165,14642.0,14874.85,False
2022-09-19,2022-09-16,0,0,0,,False,0.0,0.0,0.0,0.0,0.0,0.0,10966213.688000005,False,0.0,-0.0292344727317088,-330246.0440000016,-711.0,155979.0,-0.004558305925797704,0.00044686628472942675,14483.0,14833.25,False
2022-09-20,2022-09-19,0,0,0,,False,0.0,0.0,0.0,0.0,0.0,0.0,10966213.688000005,False,0.0,-0.0292344727317088,-330246.0440000016,-2886.0,231064.0,-0.012490046047848214,-0.0006376654842760749,14420.0,14786.6,False
2022-09-21,2022-09-20,0,0,0,,False,0.0,0.0,0.0,0.0,0.0,0.0,10966213.688000005,False,0.0,-0.0292344727317088,-330246.0440000016,3737.0,205967.0,0.01814368321138823,0.0018067125758010568,14561.0,14755.9,False
2022-09-22,2022-09-21,0,0,0,,False,0.0,0.0,0.0,0.0,0.0,0.0,10966213.688000005,False,0.0,-0.0292344727317088,-330246.0440000016,-3007.0,148709.0,-0.020220699486917404,0.00216241793074703,14402.0,14724.6,False
2022-09-23,2022-09-22,0,0,0,,False,0.0,0.0,0.0,0.0,0.0,0.0,10966213.688000005,False,0.0,-0.0292344727317088,-330246.0440000016,1069.0,204947.0,0.005215982668689954,0.0018396609580329977,14242.0,14684.95,False
2022-09-26,2022-09-23,0,0,0,,False,0.0,0.0,0.0,0.0,0.0,0.0,10966213.688000005,False,0.0,-0.0292344727317088,-330246.0440000016,-1933.0,146703.0,-0.013176281330306811,0.001791840137703003,14119.0,14632.3,False
2022-09-27,2022-09-26,0,0,0,,False,0.0,0.0,0.0,0.0,0.0,0.0,10966213.688000005,False,0.0,-0.0292344727317088,-330246.0440000016,-4734.0,193550.0,-0.02445879617669853,0.00019726288410460078,13758.0,14558.15,False
2022-09-28,2022-09-27,0,0,0,,False,0.0,0.0,0.0,0.0,0.0,0.0,10966213.688000005,False,0.0,-0.0292344727317088,-330246.0440000016,-220.0,170966.0,-0.001286805563679328,-0.0005195131172830957,13818.0,14508.15,False
2022-09-29,2022-09-28,0,0,0,,False,0.0,0.0,0.0,0.0,0.0,0.0,10966213.688000005,False,0.0,-0.0292344727317088,-330246.0440000016,2444.0,222106.0,0.01100375496384609,-0.0007977783931147923,13515.0,14436.5,False
2022-09-30,2022-09-29,0,0,0,,False,0.0,0.0,0.0,0.0,0.0,0.0,10966213.688000005,False,0.0,-0.0292344727317088,-330246.0440000016,-1891.0,215055.0,-0.008793099439678221,-0.0013742996176440033,13524.0,14360.75,False
2022-10-03,2022-09-30,0,0,0,,False,0.0,0.0,0.0,0.0,0.0,0.0,10966213.688000005,False,0.0,-0.0292344727317088,-330246.0440000016,-829.0,219051.0,-0.003784506804351498,-0.00034407837623963075,13395.0,14293.7,False
2022-10-04,2022-10-03,0,0,0,,False,0.0,0.0,0.0,0.0,0.0,0.0,10966213.688000005,False,0.0,-0.0292344727317088,-330246.0440000016,-392.0,203564.0,-0.0019256843056729088,0.00013907689199021728,13304.0,14229.05,False
2022-10-05,2022-10-04,0,0,0,,False,0.0,0.0,0.0,0.0,0.0,0.0,10966213.688000005,False,0.0,-0.0292344727317088,-330246.0440000016,715.0,162793.0,0.004392080740572383,-0.0003117405826090705,13597.0,14178.35,False
2022-10-06,2022-10-05,0,0,0,,False,0.0,0.0,0.0,0.0,0.0,0.0,10966213.688000005,False,0.0,-0.0292344727317088,-330246.0440000016,10519.0,176461.0,0.059610905525866904,0.0032162170896939263,13820.0,14137.65,False
2022-10-07,2022-10-06,0,0,0,,False,0.0,0.0,0.0,0.0,0.0,0.0,10966213.688000005,False,0.0,-0.0292344727317088,-330246.0440000016,-4601.0,155791.0,-0.0295331566008306,0.0025673260709260883,13869.0,14113.15,False
2022-10-11,2022-10-07,0,0,0,,False,0.0,0.0,0.0,0.0,0.0,0.0,10966213.688000005,False,0.0,-0.0292344727317088,-330246.0440000016,-2287.0,145853.0,-0.015680171131207447,0.0005079708908280895,13689.0,14070.2,False
2022-10-12,2022-10-11,0,0,0,,False,0.0,0.0,0.0,0.0,0.0,0.0,10966213.688000005,False,0.0,-0.0292344727317088,-330246.0440000016,1574.0,234972.0,0.0066986704798869656,0.0004429437092075508,13091.0,13985.05,False
2022-10-13,2022-10-12,0,0,0,,False,0.0,0.0,0.0,0.0,0.0,0.0,10966213.688000005,False,0.0,-0.0292344727317088,-330246.0440000016,-2522.0,220422.0,-0.011441689123590204,-0.001087458948965261,13076.0,13895.1,False
2022-10-14,2022-10-13,0,0,0,,False,0.0,0.0,0.0,0.0,0.0,0.0,10966213.688000005,False,0.0,-0.0292344727317088,-330246.0440000016,5373.0,194945.0,0.027561619944086794,0.0005787116253268438,12869.0,13809.7,False
2022-10-17,2022-10-14,0,0,0,,False,0.0,0.0,0.0,0.0,0.0,0.0,10966213.688000005,False,0.0,-0.0292344727317088,-330246.0440000016,-627.0,294291.0,-0.0021305442572147975,-0.0008426544329728187,13166.0,13735.9,False
2022-10-18,2022-10-17,0,0,0,,False,0.0,0.0,0.0,0.0,0.0,0.0,10966213.688000005,False,0.0,-0.0292344727317088,-330246.0440000016,-3514.0,366194.0,-0.009596006488364091,-0.001094539461101138,12981.0,13660.8,False
2022-10-19,2022-10-18,0,0,0,,False,0.0,0.0,0.0,0.0,0.0,0.0,10966213.688000005,False,0.0,-0.0292344727317088,-330246.0440000016,-3418.0,285816.0,-0.011958742687603214,-0.0010679742930888882,13103.0,13594.95,False
2022-10-20,2022-10-19,0,0,0,,False,0.0,0.0,0.0,0.0,0.0,0.0,10966213.688000005,False,0.0,-0.0292344727317088,-330246.0440000016,-3602.0,272462.0,-0.01322019217358751,-0.0026361680623376753,12998.0,13516.8,False
2022-10-21,2022-10-20,0,0,0,,False,0.0,0.0,0.0,0.0,0.0,0.0,10966213.688000005,False,0.0,-0.0292344727317088,-330246.0440000016,1576.0,223536.0,0.007050318516927922,-0.0012726171621454088,12900.0,13441.7,False
2022-10-24,2022-10-21,0,0,0,,False,0.0,0.0,0.0,0.0,0.0,0.0,10966213.688000005,False,0.0,-0.0292344727317088,-330246.0440000016,3424.0,198808.0,0.01722264697597682,-0.0006722839467810656,12805.0,13369.85,False
2022-10-25,2022-10-24,0,0,0,,False,0.0,0.0,0.0,0.0,0.0,0.0,10966213.688000005,False,0.0,-0.0292344727317088,-330246.0440000016,-4527.0,237761.0,-0.01904012853243383,-0.0009654763068874166,12882.0,13308.0,False
2022-10-26,2022-10-25,0,0,0,,False,0.0,0.0,0.0,0.0,0.0,0.0,10966213.688000005,False,0.0,-0.0292344727317088,-330246.0440000016,-172.0,247838.0,-0.0006940017269345298,0.00022276341560078342,12682.0,13254.2,False
2022-10-27,2022-10-26,0,0,0,,False,0.0,0.0,0.0,0.0,0.0,0.0,10966213.688000005,False,0.0,-0.0292344727317088,-330246.0440000016,4314.0,175630.0,0.024563001765074303,0.001515253782038465,12739.0,13200.25,False
2022-10-28,2022-10-27,0,0,0,,False,0.0,0.0,0.0,0.0,0.0,0.0,10966213.688000005,False,0.0,-0.0292344727317088,-330246.0440000016,-2889.0,177687.0,-0.01625892721470901,0.00015211967311070992,12956.0,13172.3,False
2022-10-31,2022-10-28,0,0,0,,False,0.0,0.0,0.0,0.0,0.0,0.0,10966213.688000005,False,0.0,-0.0292344727317088,-330246.0440000016,-3778.0,171140.0,-0.022075493747808813,-0.0005120000422958197,12764.0,13134.3,False
2022-11-01,2022-10-31,0,0,0,,False,0.0,0.0,0.0,0.0,0.0,0.0,10966213.688000005,False,0.0,-0.0292344727317088,-330246.0440000016,2910.0,151156.0,0.019251634073407606,0.0006398070015921355,12943.0,13111.7,False
2022-11-02,2022-11-01,0,0,0,,False,0.0,0.0,0.0,0.0,0.0,0.0,10966213.688000005,False,0.0,-0.0292344727317088,-330246.0440000016,-2487.0,134687.0,-0.018465033744904852,-0.00018716047036946155,13031.0,13098.05,False
2022-11-03,2022-11-02,1,0,1,TX202211,False,15000.0,50.0,51.540000000000006,400.0,501.54,14498.46,10980712.148000006,False,0.0013221026338256,-0.0279510210712802,-315747.5840000008,1300.0,124896.0,0.010408660005124264,0.00011366849285813245,13083.0,13072.35,True
2022-11-04,2022-11-03,0,1,0,,False,-15600.0,50.0,51.51200000000001,400.0,501.512,-16101.512,10964610.636000006,False,-0.0014663449677016,-0.0293763801998918,-331849.09600000083,31.0,152895.0,0.00020275352366002812,-0.0028567391072522115,12958.0,13029.25,False
2022-11-07,2022-11-04,0,0,0,,False,0.0,0.0,0.0,0.0,0.0,0.0,10964610.636000006,False,0.0,-0.0293763801998918,-331849.09600000083,-289.0,145067.0,-0.0019921829223737996,-0.0014796904233293714,13030.0,12987.3,False
2022-11-08,2022-11-07,0,0,0,,False,0.0,0.0,0.0,0.0,0.0,0.0,10964610.636000006,False,0.0,-0.0293763801998918,-331849.09600000083,807.0,190727.0,0.004231178595584265,-0.0004841229369897858,13224.0,12964.05,False
2022-11-09,2022-11-08,0,0,0,,False,0.0,0.0,0.0,0.0,0.0,0.0,10964610.636000006,False,0.0,-0.0293763801998918,-331849.09600000083,-1041.0,120499.0,-0.008639075842953054,-0.001251010253131787,13334.0,12976.2,False
2022-11-10,2022-11-09,1,0,1,TX202211,False,-13200.0,50.0,54.18000000000001,400.0,504.18,-13704.18,10950906.456000006,False,-0.0012498555995235,-0.0305895195661288,-345553.27600000054,5083.0,157775.0,0.032216764379654574,0.000931912422030452,13595.0,13002.15,True
2022-11-11,2022-11-10,0,1,0,,False,97600.0,50.0,55.852,400.0,505.852,97094.148,11048000.604000006,False,0.0088663115140392,-0.0219944242616276,-248459.1280000005,-7376.0,138110.0,-0.05340670480052132,-0.0031165038151999536,13477.0,13032.55,False
2022-11-14,2022-11-11,0,0,0,,False,0.0,0.0,0.0,0.0,0.0,0.0,11048000.604000006,False,0.0,-0.0219944242616276,-248459.1280000005,6765.0,240789.0,0.028095137236335548,-0.0016052197405224365,14058.0,13077.15,False
2022-11-15,2022-11-14,0,0,0,,False,0.0,0.0,0.0,0.0,0.0,0.0,11048000.604000006,False,0.0,-0.0219944242616276,-248459.1280000005,-2964.0,284932.0,-0.010402481995704238,-0.0016455435158894438,14127.0,13134.45,False
2022-11-16,2022-11-15,0,0,0,,False,0.0,0.0,0.0,0.0,0.0,0.0,11048000.604000006,False,0.0,-0.0219944242616276,-248459.1280000005,2100.0,321096.0,0.006540100156962404,-0.000720601373661163,14530.0,13205.8,False
2022-11-17,2022-11-16,0,0,0,,False,0.0,0.0,0.0,0.0,0.0,0.0,11048000.604000006,False,0.0,-0.0219944242616276,-248459.1280000005,-742.0,269406.0,-0.0027542074044379114,-0.00019730213520368294,14499.0,13280.85,False
2022-11-18,2022-11-17,0,0,0,,False,0.0,0.0,0.0,0.0,0.0,0.0,11048000.604000006,False,0.0,-0.0219944242616276,-248459.1280000005,-1633.0,136439.0,-0.011968718621508513,-0.0011482539921255047,14513.0,13361.5,False
2022-11-21,2022-11-18,0,0,0,,False,0.0,0.0,0.0,0.0,0.0,0.0,11048000.604000006,False,0.0,-0.0219944242616276,-248459.1280000005,3932.0,192106.0,0.020467866698593486,-0.0009859930059946715,14460.0,13444.25,False
2022-11-22,2022-11-21,0,0,0,,False,0.0,0.0,0.0,0.0,0.0,0.0,11048000.604000006,False,0.0,-0.0219944242616276,-248459.1280000005,-1301.0,130175.0,-0.009994238525062416,-0.0005336985056261007,14428.0,13521.55,False
2022-11-23,2022-11-22,0,0,0,,False,0.0,0.0,0.0,0.0,0.0,0.0,11048000.604000006,False,0.0,-0.0219944242616276,-248459.1280000005,-209.0,115041.0,-0.001816743595761511,-0.0005898355990674498,14505.0,13612.7,False
2022-11-24,2022-11-23,0,0,0,,False,0.0,0.0,0.0,0.0,0.0,0.0,11048000.604000006,False,0.0,-0.0219944242616276,-248459.1280000005,2252.0,113630.0,0.019818709847751474,-0.0008270501949335914,14600.0,13705.75,False
2022-11-25,2022-11-24,0,0,0,,False,0.0,0.0,0.0,0.0,0.0,0.0,11048000.604000006,False,0.0,-0.0219944242616276,-248459.1280000005,-2266.0,110112.0,-0.020579046788724208,-0.0010430561736343511,14775.0,13796.7,False
2022-11-28,2022-11-25,0,0,0,,False,0.0,0.0,0.0,0.0,0.0,0.0,11048000.604000006,False,0.0,-0.0219944242616276,-248459.1280000005,-1770.0,87016.0,-0.020341086696699456,-0.0009563358210788834,14703.0,13893.65,False
2022-11-29,2022-11-28,0,0,0,,False,0.0,0.0,0.0,0.0,0.0,0.0,11048000.604000006,False,0.0,-0.0219944242616276,-248459.1280000005,3770.0,145990.0,0.025823686553873553,-0.000627733197055586,14475.0,13970.25,False
2022-11-30,2022-11-29,1,0,1,TX202212,False,32000.0,50.0,58.568000000000005,400.0,508.568,31491.432,11079492.036000006,False,0.0028504191055708,-0.0192066984831881,-216967.6960000005,1016.0,132812.0,0.007649911152606693,0.0006780140478199912,14658.0,14051.6,True
2022-12-01,2022-11-30,1,1,1,TX202212,False,35400.0,0.0,0.0,0.0,0.0,35400.0,11114892.036000006,False,0.0031950923277869,-0.0160729733303669,-181567.6960000005,1568.0,150990.0,0.010384793694946685,0.0006768207323111122,14800.0,14137.45,True
2022-12-02,2022-12-01,0,1,0,,False,-23400.0,50.0,59.432,400.0,509.432,-23909.432,11090982.604000006,False,-0.0021511168909747,-0.0181895153769225,-205477.1280000005,-6184.0,180690.0,-0.03422436216724777,-0.001044535052234278,14977.0,14238.4,False
2022-12-05,2022-12-02,0,0,0,,False,0.0,0.0,0.0,0.0,0.0,0.0,11090982.604000006,False,0.0,-0.0181895153769225,-205477.1280000005,-1714.0,126802.0,-0.01351713695367581,-0.0016207827537993783,14886.0,14331.2,False
2022-12-06,2022-12-05,0,0,0,,False,0.0,0.0,0.0,0.0,0.0,0.0,11090982.604000006,False,0.0,-0.0181895153769225,-205477.1280000005,2040.0,143068.0,0.0142589537842145,-0.0011193939943678667,14935.0,14416.75,False
2022-12-07,2022-12-06,0,0,0,,False,0.0,0.0,0.0,0.0,0.0,0.0,11090982.604000006,False,0.0,-0.0181895153769225,-205477.1280000005,-1223.0,143579.0,-0.008517958754413947,-0.001113338139940911,14675.0,14483.8,False
2022-12-08,2022-12-07,0,0,0,,False,0.0,0.0,0.0,0.0,0.0,0.0,11090982.604000006,False,0.0,-0.0181895153769225,-205477.1280000005,2706.0,154266.0,0.017541130255532653,-0.0018471198461470072,14623.0,14535.2,False
2022-12-09,2022-12-08,0,0,0,,False,0.0,0.0,0.0,0.0,0.0,0.0,11090982.604000006,False,0.0,-0.0181895153769225,-205477.1280000005,-1058.0,154984.0,-0.006826511123728901,0.0004818898376926139,14496.0,14586.15,False
2022-12-12,2022-12-09,0,0,0,,False,0.0,0.0,0.0,0.0,0.0,0.0,11090982.604000006,False,0.0,-0.0181895153769225,-205477.1280000005,2017.0,132533.0,0.015218851154052198,-0.00016192446642155365,14707.0,14618.6,False
2022-12-13,2022-12-12,0,0,0,,False,0.0,0.0,0.0,0.0,0.0,0.0,11090982.604000006,False,0.0,-0.0181895153769225,-205477.1280000005,799.0,147409.0,0.0054202931978373095,0.0006292142932555237,14581.0,14641.3,False
2022-12-14,2022-12-13,0,0,0,,False,0.0,0.0,0.0,0.0,0.0,0.0,11090982.604000006,False,0.0,-0.0181895153769225,-205477.1280000005,-3180.0,123964.0,-0.02565260882191604,-0.0009804211556883986,14519.0,14640.75,False
2022-12-15,2022-12-14,0,0,0,,False,0.0,0.0,0.0,0.0,0.0,0.0,11090982.604000006,False,0.0,-0.0181895153769225,-205477.1280000005,-233.0,210841.0,-0.001105098154533511,-0.0008979656931931784,14710.0,14651.3,False
2022-12-16,2022-12-15,1,0,1,TX202212,False,4200.0,50.0,57.76800000000001,400.0,507.768,3692.232,11094674.836000009,False,0.0003329039573705,-0.0178626667812035,-201784.8959999997,2676.0,157426.0,0.01699846276980931,0.0005503933763727127,14708.0,14661.05,True
2022-12-19,2022-12-16,0,1,0,,False,-11200.0,50.0,57.612,400.0,507.612,-11707.612,11082967.224000009,False,-0.0010552460683219,-0.0188990633406348,-213492.50799999945,609.0,195187.0,0.003120084841715893,-0.000316995716471167,14461.0,14661.1,False
2022-12-20,2022-12-19,0,0,0,,False,0.0,0.0,0.0,0.0,0.0,0.0,11082967.224000009,False,0.0,-0.0188990633406348,-213492.50799999945,3015.0,265155.0,0.011370707699270238,0.0007512515947454657,14404.0,14659.9,False
2022-12-21,2022-12-20,0,0,0,,False,0.0,0.0,0.0,0.0,0.0,0.0,11082967.224000009,False,0.0,-0.0188990633406348,-213492.50799999945,-246.0,272910.0,-0.0009013960646366934,0.0007970189713017066,14154.0,14642.35,False
2022-12-22,2022-12-21,0,0,0,,False,0.0,0.0,0.0,0.0,0.0,0.0,11082967.224000009,False,0.0,-0.0188990633406348,-213492.50799999945,1147.0,150073.0,0.007642947099078448,0.00018823083386805542,14219.0,14623.3,False
2022-12-23,2022-12-22,0,0,0,,False,0.0,0.0,0.0,0.0,0.0,0.0,11082967.224000009,False,0.0,-0.0188990633406348,-213492.50799999945,2939.0,102667.0,0.028626530433342748,0.002648509694971403,14377.0,14603.4,False
2022-12-26,2022-12-23,0,0,0,,False,0.0,0.0,0.0,0.0,0.0,0.0,11082967.224000009,False,0.0,-0.0188990633406348,-213492.50799999945,-2107.0,129059.0,-0.0163258664641753,0.0028492707065976104,14190.0,14577.75,False
2022-12-27,2022-12-26,0,0,0,,False,0.0,0.0,0.0,0.0,0.0,0.0,11082967.224000009,False,0.0,-0.0188990633406348,-213492.50799999945,935.0,88221.0,0.010598383604810645,0.002088005559144466,14245.0,14566.25,False
2022-12-28,2022-12-27,0,0,0,,False,0.0,0.0,0.0,0.0,0.0,0.0,11082967.224000009,False,0.0,-0.0188990633406348,-213492.50799999945,501.0,66423.0,0.00754256808635563,0.0020826384058319123,14303.0,14548.5,False
2022-12-29,2022-12-28,0,0,0,,False,0.0,0.0,0.0,0.0,0.0,0.0,11082967.224000009,False,0.0,-0.0188990633406348,-213492.50799999945,-827.0,118747.0,-0.006964386468710788,0.0012151793976490387,14110.0,14514.0,False
2022-12-30,2022-12-29,0,0,0,,False,0.0,0.0,0.0,0.0,0.0,0.0,11082967.224000009,False,0.0,-0.0188990633406348,-213492.50799999945,-851.0,117605.0,-0.007236086901067132,0.002564593160958071,14032.0,14466.75,False
2023-01-03,2022-12-30,0,0,0,,False,0.0,0.0,0.0,0.0,0.0,0.0,11082967.224000009,False,0.0,-0.0188990633406348,-213492.50799999945,4259.0,95445.0,0.044622557493844625,0.005471577883334093,14134.0,14429.15,False
2023-01-04,2023-01-03,0,0,0,,False,0.0,0.0,0.0,0.0,0.0,0.0,11082967.224000009,False,0.0,-0.0188990633406348,-213492.50799999945,-3475.0,157595.0,-0.022050191947714078,0.0036561205967376637,14230.0,14393.9,False
2023-01-05,2023-01-04,0,0,0,,False,0.0,0.0,0.0,0.0,0.0,0.0,11082967.224000009,False,0.0,-0.0188990633406348,-213492.50799999945,-1025.0,138937.0,-0.007377444453241397,0.003713146311796292,14208.0,14370.55,False
2023-01-06,2023-01-05,0,0,0,,False,0.0,0.0,0.0,0.0,0.0,0.0,11082967.224000009,False,0.0,-0.0188990633406348,-213492.50799999945,3511.0,139455.0,0.025176580258864868,0.004094918811962903,14289.0,14353.85,False
2023-01-09,2023-01-06,1,0,1,TX202301,False,30200.0,50.0,58.48,400.0,508.48,29691.52,11112658.744000006,False,0.0026790226299418,-0.0162706717290672,-183800.9879999999,-2446.0,122070.0,-0.02003768329646924,0.0034343602033258857,14364.0,14347.25,True
2023-01-10,2023-01-09,1,1,1,TX202301,False,7800.0,0.0,0.0,0.0,0.0,7800.0,11120458.744000006,False,0.0007019022341715,-0.0155801899157338,-176000.9879999999,-644.0,156412.0,-0.004117331151062578,0.0024675510880701463,14769.0,14350.35,True
2023-01-11,2023-01-10,1,1,1,TX202301,False,-3200.0,0.0,0.0,0.0,0.0,-3200.0,11117258.744000006,False,-0.0002877579130201,-0.0158634645058193,-179200.9879999999,-1430.0,130836.0,-0.010929713534501208,0.0016500507514532205,14808.0,14361.7,True
2023-01-12,2023-01-11,1,1,1,TX202301,False,-4800.0,0.0,0.0,0.0,0.0,-4800.0,11112458.744000006,False,-0.0004317611122067,-0.0162883763909477,-184000.9879999999,-3911.0,109509.0,-0.0357139595832306,0.001146983213387493,14792.0,14375.35,True
2023-01-13,2023-01-12,1,1,1,TX202301,False,13000.0,0.0,0.0,0.0,0.0,13000.0,11125458.744000006,False,0.001169858111466,-0.0151375733687252,-171000.9879999999,901.0,103405.0,0.008713311735409313,0.0016379037078846342,14768.0,14378.25,True
2023-01-16,2023-01-13,1,1,1,TX202301,False,20600.0,0.0,0.0,0.0,0.0,20600.0,11146058.744000006,False,0.0018516090413898,-0.0133139931950495,-150400.9879999999,4336.0,194820.0,0.022256441843753208,0.0019008026615818289,14833.0,14384.5,True
2023-01-17,2023-01-16,1,1,1,TX202302,True,-2200.0,100.0,119.34,800.0,1019.34,-3219.34,11142839.404000008,False,-0.0002888321400363,-0.0135989798259389,-153620.32799999975,-1638.0,200024.0,-0.00818901731792185,0.001335347553599942,14936.0,14408.25,True
2023-01-30,2023-01-17,1,1,1,TX202302,False,109600.0,0.0,0.0,0.0,0.0,109600.0,11252439.404000008,False,0.0098359130941666,-0.0038968251155094,-44020.32799999975,-849.0,168369.0,-0.005042495946403435,0.0005146873713162582,14925.0,14434.3,True
2023-01-31,2023-01-30,1,1,1,TX202302,False,-38000.0,0.0,0.0,0.0,0.0,-38000.0,11214439.404000008,False,-0.003377045513037,-0.0072607108727752,-82020.32799999975,30.0,155318.0,0.00019315211372796456,0.0005694147802344912,15451.0,14499.15,True
2023-02-01,2023-01-31,0,1,0,,False,16400.0,50.0,61.392,400.0,511.392,15888.608,11230328.012000006,False,0.0014167991308003,-0.0058541987108284,-66131.72000000067,-5973.0,118139.0,-0.050559087176969504,-0.0023406869335679064,15268.0,14551.6,False
2023-02-02,2023-02-01,0,0,0,,False,0.0,0.0,0.0,0.0,0.0,0.0,11230328.012000006,False,0.0,-0.0058541987108284,-66131.72000000067,2201.0,106859.0,0.020597235609541544,-0.0027421516747579665,15383.0,14601.9,False
2023-02-03,2023-02-02,1,0,1,TX202302,False,-400.0,50.0,62.33200000000001,400.0,512.332,-912.332,11229415.680000003,False,-8.123823267006455e-05,-0.0059349613587416,-67044.05200000107,5292.0,136728.0,0.038704581358609796,9.370716381288529e-06,15580.0,14671.4,True
2023-02-06,2023-02-03,0,1,0,,False,-15000.0,50.0,62.008,400.0,512.008,-15512.008,11213903.672000006,False,-0.0013813726770866,-0.0073081356423676,-82556.06000000052,80.0,124420.0,0.0006429834431763383,-0.000488399291700427,15579.0,14738.1,False
2023-02-07,2023-02-06,0,0,0,,False,0.0,0.0,0.0,0.0,0.0,0.0,11213903.672000006,False,0.0,-0.0073081356423676,-82556.06000000052,-1450.0,143562.0,-0.010100165782031456,-0.0013705359851197813,15405.0,14793.2,False
2023-02-08,2023-02-07,0,0,0,,False,0.0,0.0,0.0,0.0,0.0,0.0,11213903.672000006,False,0.0,-0.0073081356423676,-82556.06000000052,878.0,108110.0,0.008121357876237165,-0.0006162487678723837,15396.0,14857.5,False
2023-02-09,2023-02-08,1,0,1,TX202302,False,10400.0,50.0,62.20400000000001,400.0,512.204,9887.796,11223791.468000006,False,0.0008817443317877,-0.0064328352177585,-72668.26400000043,4496.0,138396.0,0.03248648804878754,0.0013698799796203497,15604.0,14936.1,True
2023-02-10,2023-02-09,0,1,0,,False,-1000.0,50.0,62.376000000000005,400.0,512.376,-1512.376,11222279.092000006,False,-0.0001347473359881,-0.0065667157463382,-74180.6400000006,-925.0,99951.0,-0.009254534722013787,-0.0013239746311725707,15601.0,15009.45,False
2023-02-13,2023-02-10,0,0,0,,False,0.0,0.0,0.0,0.0,0.0,0.0,11222279.092000006,False,0.0,-0.0065667157463382,-74180.6400000006,288.0,151814.0,0.0018970582423228424,-0.00012661212167072478,15575.0,15076.7,False
2023-02-14,2023-02-13,1,0,1,TX202303,True,5600.0,150.0,187.764,1200.0,1537.764,4062.236,11226341.328000003,False,0.0003619795913733,-0.0062071131720474,-70118.40400000103,1244.0,225650.0,0.005512962552625748,0.0005179082286226324,15533.0,15142.95,True
2023-02-15,2023-02-14,0,1,0,,False,-30000.0,50.0,61.97200000000001,400.0,511.972,-30511.972,11195829.356000006,False,-0.0027178909948069,-0.0089081339098602,-100630.37600000016,-1758.0,188812.0,-0.0093108488867233,-0.0012064632286567759,15661.0,15211.55,False
2023-02-16,2023-02-15,0,0,0,,False,0.0,0.0,0.0,0.0,0.0,0.0,11195829.356000006,False,0.0,-0.0089081339098602,-100630.37600000016,-1339.0,210505.0,-0.006360894040521603,-0.0005226237658593942,15398.0,15263.25,False
2023-02-17,2023-02-16,1,0,1,TX202303,False,1000.0,50.0,61.720000000000006,400.0,511.72,488.28,11196317.636000006,False,4.361266901038677e-05,-0.0088649097483456,-100142.09600000083,5235.0,120687.0,0.04337666857242288,0.001852076220314879,15546.0,15302.1,True
2023-02-20,2023-02-17,1,1,1,TX202303,False,17800.0,0.0,0.0,0.0,0.0,17800.0,11214117.636000006,False,0.001589808415471,-0.0072891948409948,-82342.09600000083,615.0,120773.0,0.005092197759432986,0.002653171785011589,15433.0,15333.35,True
2023-02-21,2023-02-20,1,1,1,TX202303,False,1200.0,0.0,0.0,0.0,0.0,1200.0,11215317.636000006,False,0.0001070079732486,-0.0071829668697127,-81142.09600000083,752.0,102800.0,0.0073151750972762645,0.0048046285190369315,15522.0,15369.85,True
2023-02-22,2023-02-21,1,1,1,TX202303,False,-30400.0,0.0,0.0,0.0,0.0,-30400.0,11184917.636000006,False,-0.0027105786021092,-0.0098740754755253,-111542.09600000083,-65.0,66221.0,-0.0009815617402334606,0.004319884845254793,15528.0,15407.85,True
2023-02-23,2023-02-22,0,1,0,,False,11800.0,50.0,61.732000000000006,400.0,511.732,11288.268,11196205.904000005,False,0.0010092401542294,-0.0088748006347517,-100253.8280000016,1359.0,123497.0,0.011004315894313221,0.003757278547782794,15376.0,15435.0,False
2023-02-24,2023-02-23,1,0,1,TX202303,False,-20000.0,50.0,62.57600000000001,400.0,512.576,-20512.576,11175693.328000003,False,-0.0018321006397954,-0.0106906417466261,-120766.40400000104,-522.0,130810.0,-0.003990520602400428,0.003967203383558865,15597.0,15468.05,True
2023-03-01,2023-02-24,1,1,1,TX202303,False,400.0,0.0,0.0,0.0,0.0,400.0,11176093.328000003,False,3.579196281252858e-05,-0.0106552324228654,-120366.40400000104,-2907.0,122829.0,-0.023667049312458784,0.003035975715256098,15542.0,15498.9,True
2023-03-02,2023-03-01,1,1,1,TX202303,False,-400.0,0.0,0.0,0.0,0.0,-400.0,11175693.328000003,False,-3.5790681793776785e-05,-0.0106906417466261,-120766.40400000104,1829.0,127695.0,0.014323191980891969,0.0037424777086142976,15544.0,15503.55,True
2023-03-03,2023-03-02,1,1,1,TX202303,False,15400.0,0.0,0.0,0.0,0.0,15400.0,11191093.328000003,False,0.0013779905682823,-0.0093273827818395,-105366.40400000104,706.0,121228.0,0.005823737090441152,0.00656161892198483,15542.0,15517.25,True
2023-03-06,2023-03-03,1,1,1,TX202303,False,31000.0,0.0,0.0,0.0,0.0,31000.0,11222093.328000003,False,0.0027700600014154,-0.0065831601903859,-74366.40400000103,-2610.0,115790.0,-0.022540806632697124,0.004404716809872897,15619.0,15529.05,True
2023-03-07,2023-03-06,1,1,1,TX202303,False,20000.0,0.0,0.0,0.0,0.0,20000.0,11242093.328000003,False,0.0017821986874853,-0.0048126940023514,-54366.40400000103,-1257.0,121115.0,-0.010378565825867977,0.0019505594506490087,15774.0,15538.75,True
2023-03-08,2023-03-07,1,1,1,TX202303,False,-17800.0,0.0,0.0,0.0,0.0,-17800.0,11224293.328000003,False,-0.0015833350142776,-0.0063884089097021,-72166.40400000103,1730.0,96186.0,0.01798598548645333,0.0028177095528128583,15874.0,15553.5,True
2023-03-09,2023-03-08,1,1,1,TX202303,False,-3600.0,0.0,0.0,0.0,0.0,-3600.0,11220693.328000003,False,-0.0003207328866771,-0.0067070928235484,-75766.40400000103,-3179.0,128513.0,-0.0247367970555508,0.002085877989136891,15785.0,15572.5,True
2023-03-10,2023-03-09,1,1,1,TX202303,False,-56600.0,0.0,0.0,0.0,0.0,-56600.0,11164093.328000003,False,-0.0050442515756812,-0.0117175121356862,-132366.40400000103,-158.0,108002.0,-0.0014629358715579342,0.0016066633017471359,15767.0,15591.05,True
2023-03-13,2023-03-10,0,1,0,,False,-6800.0,50.0,61.792,400.0,511.792,-7311.792,11156781.536000006,False,-0.000654938272655,-0.0123647761611832,-139678.19600000046,-2034.0,170792.0,-0.01190922291442222,-0.0006131222464133522,15484.0,15585.05,False
2023-03-14,2023-03-13,0,0,0,,False,0.0,0.0,0.0,0.0,0.0,0.0,11156781.536000006,False,0.0,-0.0123647761611832,-139678.19600000046,4073.0,328365.0,0.012403879828848994,0.0004697984811297869,15520.0,15581.0,False
2023-03-15,2023-03-14,0,0,0,,False,0.0,0.0,0.0,0.0,0.0,0.0,11156781.536000006,False,0.0,-0.0123647761611832,-139678.19600000046,-2128.0,279868.0,-0.007603584547000729,-5.233658336391668e-06,15352.0,15569.85,False
2023-03-16,2023-03-15,0,0,0,,False,0.0,0.0,0.0,0.0,0.0,0.0,11156781.536000006,False,0.0,-0.0123647761611832,-139678.19600000046,1454.0,183544.0,0.007921806215403391,0.0001152085248024905,15404.0,15563.4,False
2023-03-17,2023-03-16,0,0,0,,False,0.0,0.0,0.0,0.0,0.0,0.0,11156781.536000006,False,0.0,-0.0123647761611832,-139678.19600000046,-1641.0,203295.0,-0.008072013576329964,0.00017715029032215734,15227.0,15541.7,False
2023-03-20,2023-03-17,0,0,0,,False,0.0,0.0,0.0,0.0,0.0,0.0,11156781.536000006,False,0.0,-0.0123647761611832,-139678.19600000046,5672.0,157972.0,0.03590509710581622,0.0022904498476390483,15403.0,15541.95,False
2023-03-21,2023-03-20,0,0,0,,False,0.0,0.0,0.0,0.0,0.0,0.0,11156781.536000006,False,0.0,-0.0123647761611832,-139678.19600000046,-1962.0,130080.0,-0.015083025830258303,-0.0006325348724950106,15373.0,15533.3,False
2023-03-22,2023-03-21,0,0,0,,False,0.0,0.0,0.0,0.0,0.0,0.0,11156781.536000006,False,0.0,-0.0123647761611832,-139678.19600000046,1354.0,138832.0,0.00975279474472744,-0.0003995050232302879,15455.0,15534.4,False
2023-03-23,2023-03-22,1,0,1,TX202304,False,28400.0,50.0,62.788,400.0,512.788,27887.212,11184668.748000003,False,0.0024995749813703,-0.0098961078649557,-111790.9840000011,5606.0,126004.0,0.04449065109044157,0.0014592687764279774,15712.0,15543.9,True
2023-03-24,2023-03-23,1,1,1,TX202304,False,15000.0,0.0,0.0,0.0,0.0,15000.0,11199668.748000003,False,0.0013411215242903,-0.0085682582239298,-96790.9840000011,564.0,151228.0,0.0037294680879202263,0.0016948202678356617,15837.0,15559.35,True
2023-03-27,2023-03-24,0,1,0,,False,-11400.0,50.0,63.412000000000006,400.0,513.412,-11913.412,11187755.336000005,False,-0.0010637289609237,-0.0096228728804361,-108704.39600000158,-4099.0,134589.0,-0.030455683599699825,-0.00037817970686499067,15912.0,15586.15,False
2023-03-28,2023-03-27,0,0,0,,False,0.0,0.0,0.0,0.0,0.0,0.0,11187755.336000005,False,0.0,-0.0096228728804361,-108704.39600000158,-5574.0,131634.0,-0.042344682984639226,-0.0022958878259769304,15831.0,15597.85,False
2023-03-29,2023-03-28,0,0,0,,False,0.0,0.0,0.0,0.0,0.0,0.0,11187755.336000005,False,0.0,-0.0096228728804361,-108704.39600000158,-199.0,133131.0,-0.0014947683109118087,-0.0011872737758995818,15690.0,15605.25,False
2023-03-30,2023-03-29,0,0,0,,False,0.0,0.0,0.0,0.0,0.0,0.0,11187755.336000005,False,0.0,-0.0096228728804361,-108704.39600000158,2763.0,110611.0,0.024979432425346483,-0.0006544617536768559,15740.0,15615.05,False
2023-03-31,2023-03-30,0,0,0,,False,0.0,0.0,0.0,0.0,0.0,0.0,11187755.336000005,False,0.0,-0.0096228728804361,-108704.39600000158,1614.0,107722.0,0.014983011826739199,-0.00019649801686195365,15821.0,15629.0,False
2023-04-06,2023-03-31,0,0,0,,False,0.0,0.0,0.0,0.0,0.0,0.0,11187755.336000005,False,0.0,-0.0096228728804361,-108704.39600000158,-3224.0,113226.0,-0.02847402540052638,-0.0004931589552534165,15864.0,15641.25,False
2023-04-07,2023-04-06,1,0,1,TX202304,False,-6400.0,50.0,63.40800000000001,400.0,513.408,-6913.408,11180841.928000003,False,-0.0006179441534401,-0.0102348706358404,-115617.8040000014,2711.0,110147.0,0.024612563210981687,0.0012563974965890668,15760.0,15640.55,True
2023-04-10,2023-04-07,1,1,1,TX202304,False,6200.0,0.0,0.0,0.0,0.0,6200.0,11187041.928000003,False,0.0005545199583292,-0.0096860261175497,-109417.8040000014,63.0,80161.0,0.0007859183393420741,0.00039639413923350407,15818.0,15637.75,True
2023-04-11,2023-04-10,1,1,1,TX202304,False,14400.0,0.0,0.0,0.0,0.0,14400.0,11201441.928000003,False,0.0012872035425163,-0.0084112904621649,-95017.8040000014,1779.0,70647.0,0.025181536370971168,0.0028923108105596024,15849.0,15640.95,True
2023-04-12,2023-04-11,1,1,1,TX202304,False,1000.0,0.0,0.0,0.0,0.0,1000.0,11202441.928000003,False,8.927422080369148e-05,-0.0083227671527631,-94017.8040000014,-1475.0,121963.0,-0.012093831735854316,0.0023607660173447834,15921.0,15648.65,True
2023-04-13,2023-04-12,1,1,1,TX202304,False,-22000.0,0.0,0.0,0.0,0.0,-22000.0,11180441.928000003,False,-0.0019638575358299,-0.0102702799596011,-116017.8040000014,49.0,86487.0,0.0005665591360551296,0.002984555119868651,15926.0,15670.75,True
2023-04-14,2023-04-13,1,1,1,TX202304,False,26200.0,0.0,0.0,0.0,0.0,26200.0,11206641.928000003,False,0.0023433778529259,-0.0079509692532758,-89817.8040000014,-183.0,139397.0,-0.0013127972624948888,0.002298721265301457,15816.0,15685.55,True
2023-04-17,2023-04-14,1,1,1,TX202304,False,4600.0,0.0,0.0,0.0,0.0,4600.0,11211241.928000003,False,0.0004104708644707,-0.0075437620300279,-85217.8040000014,2196.0,136172.0,0.016126663337543694,0.003485233659528678,15947.0,15715.3,True
2023-04-18,2023-04-17,1,1,1,TX202305,True,-16000.0,100.0,127.044,800.0,1027.044,-17027.044,11194214.884000003,False,-0.0015187473528222,-0.0090510523142367,-102244.84800000116,-1361.0,203809.0,-0.006677820900941568,0.00275525230371143,15970.0,15743.6,True
2023-04-19,2023-04-18,1,1,1,TX202305,False,-18600.0,0.0,0.0,0.0,0.0,-18600.0,11175614.884000003,False,-0.0016615725348085,-0.0106975858691089,-120844.84800000116,-3261.0,213509.0,-0.015273360841931722,0.002395184940431342,15890.0,15776.75,True
2023-04-20,2023-04-19,0,1,0,,False,-9600.0,50.0,62.912000000000006,400.0,512.912,-10112.912,11165501.972000005,False,-0.000904908777277,-0.0115928143070374,-130957.76000000164,-1711.0,137249.0,-0.012466393197764646,-2.338957474770113e-05,15775.0,15795.35,False
2023-04-21,2023-04-20,0,0,0,,False,0.0,0.0,0.0,0.0,0.0,0.0,11165501.972000005,False,0.0,-0.0115928143070374,-130957.76000000164,2763.0,124493.0,0.02219401894082398,0.001840462663806413,15731.0,15813.25,False
2023-04-24,2023-04-21,0,0,0,,False,0.0,0.0,0.0,0.0,0.0,0.0,11165501.972000005,False,0.0,-0.0115928143070374,-130957.76000000164,1381.0,145003.0,0.00952394088398171,0.0018290199707691266,15615.0,15821.25,False
2023-04-25,2023-04-24,0,0,0,,False,0.0,0.0,0.0,0.0,0.0,0.0,11165501.972000005,False,0.0,-0.0115928143070374,-130957.76000000164,1257.0,112279.0,0.011195325929158614,0.00016425371270497877,15623.0,15816.8,False
2023-04-26,2023-04-25,0,0,0,,False,0.0,0.0,0.0,0.0,0.0,0.0,11165501.972000005,False,0.0,-0.0115928143070374,-130957.76000000164,-6199.0,138143.0,-0.04487379020290568,-0.0022659092018363167,15388.0,15794.35,False
2023-04-27,2023-04-26,0,0,0,,False,0.0,0.0,0.0,0.0,0.0,0.0,11165501.972000005,False,0.0,-0.0115928143070374,-130957.76000000164,-1406.0,136748.0,-0.010281686021002136,-0.0012572093229014322,15375.0,15767.5,False
2023-04-28,2023-04-27,0,0,0,,False,0.0,0.0,0.0,0.0,0.0,0.0,11165501.972000005,False,0.0,-0.0115928143070374,-130957.76000000164,3771.0,115339.0,0.03269492539383903,0.0024947710960224806,15427.0,15747.3,False
2023-05-02,2023-04-28,0,0,0,,False,0.0,0.0,0.0,0.0,0.0,0.0,11165501.972000005,False,0.0,-0.0115928143070374,-130957.76000000164,1947.0,118579.0,0.016419433457863532,0.003390481184461248,15573.0,15741.45,False
2023-05-03,2023-05-02,0,0,0,,False,0.0,0.0,0.0,0.0,0.0,0.0,11165501.972000005,False,0.0,-0.0115928143070374,-130957.76000000164,1201.0,123565.0,0.00971958078743981,0.0026274886025659137,15636.0,15736.25,False
2023-05-04,2023-05-03,0,0,0,,False,0.0,0.0,0.0,0.0,0.0,0.0,11165501.972000005,False,0.0,-0.0115928143070374,-130957.76000000164,-214.0,109406.0,-0.0019560170374568124,0.0017805371593561134,15552.0,15722.8,False
2023-05-05,2023-05-04,0,0,0,,False,0.0,0.0,0.0,0.0,0.0,0.0,11165501.972000005,False,0.0,-0.0115928143070374,-130957.76000000164,4699.0,116985.0,0.040167542847373595,0.005212615571751113,15609.0,15710.05,False
2023-05-08,2023-05-05,0,0,0,,False,0.0,0.0,0.0,0.0,0.0,0.0,11165501.972000005,False,0.0,-0.0115928143070374,-130957.76000000164,-559.0,115971.0,-0.00482017055988135,0.0037409788832079597,15643.0,15704.2,False
2023-05-09,2023-05-08,1,0,1,TX202305,False,6600.0,50.0,62.83200000000001,400.0,512.832,6087.168,11171589.140000004,False,0.0005451763848383,-0.0110539580507931,-124870.59200000204,-1800.0,104260.0,-0.017264530980241704,0.0028384564172287715,15723.0,15699.45,True
2023-05-10,2023-05-09,1,1,1,TX202305,False,-26000.0,0.0,0.0,0.0,0.0,-26000.0,11145589.140000004,False,-0.0023273322778141,-0.013355564095238,-150870.59200000204,952.0,91972.0,0.010350976384116905,0.002096928417886058,15739.0,15693.95,True
2023-05-11,2023-05-10,0,1,0,,False,10200.0,50.0,62.632000000000005,400.0,512.6320000000001,9687.368,11155276.508000003,False,0.0008691660780167,-0.0124980062204855,-141183.22400000133,-7024.0,110336.0,-0.0636600928074246,-0.0004813846356924563,15609.0,15678.35,False
2023-05-12,2023-05-11,0,0,0,,False,0.0,0.0,0.0,0.0,0.0,0.0,11155276.508000003,False,0.0,-0.0124980062204855,-141183.22400000133,-1854.0,142492.0,-0.013011256772310024,-0.001160275431110714,15518.0,15657.95,False
2023-05-15,2023-05-12,0,0,0,,False,0.0,0.0,0.0,0.0,0.0,0.0,11155276.508000003,False,0.0,-0.0124980062204855,-141183.22400000133,355.0,145423.0,0.002441154425366001,-0.0009725778467176694,15508.0,15642.55,False
2023-05-16,2023-05-15,0,0,0,,False,0.0,0.0,0.0,0.0,0.0,0.0,11155276.508000003,False,0.0,-0.0124980062204855,-141183.22400000133,2197.0,207343.0,0.010595968998229986,-0.001249112563683355,15510.0,15620.7,False
2023-05-17,2023-05-16,1,0,1,TX202306,False,43000.0,50.0,62.65200000000001,400.0,512.652,42487.348,11197763.856000004,False,0.0038087220849729,-0.0087368855678228,-98695.87600000204,8263.0,201501.0,0.04100724065885529,0.0011351405143064882,15690.0,15606.7,True
2023-05-18,2023-05-17,1,1,1,TX202306,False,38800.0,0.0,0.0,0.0,0.0,38800.0,11236563.856000004,False,0.0034649775168468,-0.0053021811630357,-59895.87600000203,4423.0,194591.0,0.02272972542409464,0.003035294827607806,15954.0,15609.9,True
2023-05-19,2023-05-18,1,1,1,TX202306,False,11800.0,0.0,0.0,0.0,0.0,11800.0,11248363.856000004,False,0.0010501430999031,-0.0042576061120953,-48095.87600000203,-541.0,123443.0,-0.0043825895352510875,0.003439485010733484,16070.0,15624.65,True
2023-05-22,2023-05-19,1,1,1,TX202306,False,-2600.0,0.0,0.0,0.0,0.0,-2600.0,11245763.856000004,False,-0.0002311447276497,-0.0044877667165398,-50695.87600000203,-2063.0,114513.0,-0.018015421829835915,0.0014290129722004893,16129.0,15644.55,True
2023-05-23,2023-05-22,1,1,1,TX202306,False,3400.0,0.0,0.0,0.0,0.0,3400.0,11249163.856000004,False,0.0003023360656987,-0.0041867874645739,-47295.87600000203,-950.0,83518.0,-0.011374793457697742,0.0003840762551165167,16116.0,15669.6,True
2023-05-24,2023-05-23,0,1,0,,False,-15600.0,50.0,64.212,400.0,514.212,-16114.212,11233049.644000003,False,-0.0014324808675806,-0.0056132708392149,-63410.088000001386,-1592.0,98918.0,-0.016094138579429425,-0.0009803969703128853,16133.0,15695.1,False
2023-05-25,2023-05-24,1,0,1,TX202306,False,15000.0,50.0,64.536,400.0,514.5360000000001,14485.464,11247535.108000005,False,0.0012895397473594,-0.0043309696277153,-48924.6240000017,-1029.0,108607.0,-0.009474527424567477,0.0007895661686040247,16072.0,15729.3,True
2023-05-26,2023-05-25,1,1,1,TX202306,False,45600.0,0.0,0.0,0.0,0.0,45600.0,11293135.108000005,False,0.0040542216194165,-0.0002943067189965,-3324.6240000016987,367.0,142203.0,0.0025808175636238334,0.0014326913478353233,16207.0,15770.9,True
2023-05-29,2023-05-26,1,1,1,TX202306,False,27000.0,0.0,0.0,0.0,0.0,27000.0,11320135.108000005,False,0.0023908329920602,0.0,0.0,3855.0,141537.0,0.027236694291951927,0.001159779792740968,16435.0,15821.3,True
2023-05-30,2023-05-29,0,1,0,,False,-4000.0,50.0,66.19200000000001,400.0,516.192,-4516.192,11315618.916000005,False,-0.0003989521288317,-0.0003989521288317,-4516.191999999806,-2567.0,122027.0,-0.02103632802576479,-0.0007130082814404481,16570.0,15871.15,False
2023-05-31,2023-05-30,0,0,0,,False,0.0,0.0,0.0,0.0,0.0,0.0,11315618.916000005,False,0.0,-0.0003989521288317,-4516.191999999806,-376.0,79280.0,-0.004742684157416751,-0.001436121528683276,16576.0,15918.15,False
2023-06-01,2023-05-31,0,0,0,,False,0.0,0.0,0.0,0.0,0.0,0.0,11315618.916000005,False,0.0,-0.0003989521288317,-4516.191999999806,-659.0,166529.0,-0.003957268703949462,-0.0015361841120079087,16489.0,15965.0,False
2023-06-02,2023-06-01,0,0,0,,False,0.0,0.0,0.0,0.0,0.0,0.0,11315618.916000005,False,0.0,-0.0003989521288317,-4516.191999999806,-540.0,118640.0,-0.004551584625758598,-0.003772140485664518,16470.0,16008.05,False
2023-06-05,2023-06-02,0,0,0,,False,0.0,0.0,0.0,0.0,0.0,0.0,11315618.916000005,False,0.0,-0.0003989521288317,-4516.191999999806,914.0,121636.0,0.007514222762997797,-0.0031554208195205607,16710.0,16061.4,False
2023-06-06,2023-06-05,0,0,0,,False,0.0,0.0,0.0,0.0,0.0,0.0,11315618.916000005,False,0.0,-0.0003989521288317,-4516.191999999806,-2135.0,115811.0,-0.018435209090673598,-0.0032139547250421554,16681.0,16109.3,False
2023-06-07,2023-06-06,0,0,0,,False,0.0,0.0,0.0,0.0,0.0,0.0,11315618.916000005,False,0.0,-0.0003989521288317,-4516.191999999806,2.0,102974.0,1.9422378464466758e-05,-0.003730532425324777,16747.0,16159.7,False
2023-06-08,2023-06-07,1,0,1,TX202306,False,-26600.0,50.0,67.41600000000001,400.0,517.416,-27117.416,11288501.500000006,False,-0.0023964589300242,-0.0027944549864642,-31633.60799999908,2792.0,107826.0,0.025893569269007474,0.0007471506784968264,16889.0,16223.7,True
2023-06-09,2023-06-08,1,1,1,TX202306,False,33800.0,0.0,0.0,0.0,0.0,33800.0,11322301.500000006,False,0.0029941972368963,0.0,0.0,-1973.0,125783.0,-0.015685744496474086,0.0006134262922886232,16719.0,16283.75,True
2023-06-12,2023-06-09,0,1,0,,False,13200.0,50.0,67.808,400.0,517.808,12682.192,11334983.692000004,False,0.0011201072502794,0.0,0.0,-1736.0,105460.0,-0.016461217523231556,-0.00033169230514125457,16888.0,16352.75,False
2023-06-13,2023-06-12,0,0,0,,False,0.0,0.0,0.0,0.0,0.0,0.0,11334983.692000004,False,0.0,0.0,0.0,680.0,111990.0,0.0060719707116706845,-0.0005578922194692196,16942.0,16424.35,False
2023-06-14,2023-06-13,0,0,0,,False,0.0,0.0,0.0,0.0,0.0,0.0,11334983.692000004,False,0.0,0.0,0.0,-126.0,128620.0,-0.0009796299175866894,-0.0026572357482913186,17220.0,16500.85,False
2023-06-15,2023-06-14,0,0,0,,False,0.0,0.0,0.0,0.0,0.0,0.0,11334983.692000004,False,0.0,0.0,0.0,-3411.0,129961.0,-0.026246335439093268,-0.005106038791450714,17203.0,16563.3,False
2023-06-16,2023-06-15,0,0,0,,False,0.0,0.0,0.0,0.0,0.0,0.0,11334983.692000004,False,0.0,0.0,0.0,2543.0,116927.0,0.02174861238208455,-0.0037994786955839327,17337.0,16626.65,False
2023-06-19,2023-06-16,0,0,0,,False,0.0,0.0,0.0,0.0,0.0,0.0,11334983.692000004,False,0.0,0.0,0.0,-2284.0,161118.0,-0.014175945580257948,-0.0036075048831050336,17268.0,16683.6,False
2023-06-20,2023-06-19,0,0,0,,False,0.0,0.0,0.0,0.0,0.0,0.0,11334983.692000004,False,0.0,0.0,0.0,2148.0,205570.0,0.010448995475993579,-0.0025163154364204678,17255.0,16740.55,False
2023-06-21,2023-06-20,0,0,0,,False,0.0,0.0,0.0,0.0,0.0,0.0,11334983.692000004,False,0.0,0.0,0.0,-2890.0,211114.0,-0.01368928635713406,-0.0023960728253056996,17189.0,16793.35,False
2023-06-26,2023-06-21,0,0,0,,False,0.0,0.0,0.0,0.0,0.0,0.0,11334983.692000004,False,0.0,0.0,0.0,-120.0,127450.0,-0.0009415457041977246,-0.001969423739287212,17229.0,16851.2,False
2023-06-27,2023-06-26,0,0,0,,False,0.0,0.0,0.0,0.0,0.0,0.0,11334983.692000004,False,0.0,0.0,0.0,-2263.0,103825.0,-0.021796291837226103,-0.0031882792093297085,16880.0,16884.85,False
2023-06-28,2023-06-27,0,0,0,,False,0.0,0.0,0.0,0.0,0.0,0.0,11334983.692000004,False,0.0,0.0,0.0,-1277.0,127075.0,-0.010049183553019871,-0.005052573101578298,16743.0,16900.25,False
2023-06-29,2023-06-28,0,0,0,,False,0.0,0.0,0.0,0.0,0.0,0.0,11334983.692000004,False,0.0,0.0,0.0,-977.0,108697.0,-0.00898828854522204,-0.004450171127551162,16776.0,16910.55,False
2023-06-30,2023-06-29,0,0,0,,False,0.0,0.0,0.0,0.0,0.0,0.0,11334983.692000004,False,0.0,0.0,0.0,-3220.0,153712.0,-0.02094826688872697,-0.005260450264116672,16756.0,16919.55,False
2023-07-03,2023-06-30,0,0,0,,False,0.0,0.0,0.0,0.0,0.0,0.0,11334983.692000004,False,0.0,0.0,0.0,825.0,111375.0,0.007407407407407408,-0.004692216458548828,16788.0,16934.5,False
2023-07-04,2023-07-03,0,0,0,,False,0.0,0.0,0.0,0.0,0.0,0.0,11334983.692000004,False,0.0,0.0,0.0,3563.0,111519.0,0.03194971260502694,-0.0028671515970095512,17035.0,16962.75,False
2023-07-05,2023-07-04,0,0,0,,False,0.0,0.0,0.0,0.0,0.0,0.0,11334983.692000004,False,0.0,0.0,0.0,2406.0,92378.0,0.026045162268072485,-0.0019406046217558173,17106.0,16982.55,False
2023-07-06,2023-07-05,0,0,0,,False,0.0,0.0,0.0,0.0,0.0,0.0,11334983.692000004,False,0.0,0.0,0.0,-4833.0,82709.0,-0.05843378592414369,-0.003940533463429321,17005.0,16998.75,False
2023-07-07,2023-07-06,0,0,0,,False,0.0,0.0,0.0,0.0,0.0,0.0,11334983.692000004,False,0.0,0.0,0.0,-336.0,144504.0,-0.002325195150307258,-0.004057764339867908,16686.0,16995.7,False
2023-07-10,2023-07-07,0,0,0,,False,0.0,0.0,0.0,0.0,0.0,0.0,11334983.692000004,False,0.0,0.0,0.0,3081.0,144447.0,0.021329622629753475,-0.004285961671830608,16623.0,16982.4,False
2023-07-11,2023-07-10,0,0,0,,False,0.0,0.0,0.0,0.0,0.0,0.0,11334983.692000004,False,0.0,0.0,0.0,2309.0,154143.0,0.014979596867843496,-0.002752694603614729,16550.0,16973.95,False
2023-07-12,2023-07-11,0,0,0,,False,0.0,0.0,0.0,0.0,0.0,0.0,11334983.692000004,False,0.0,0.0,0.0,2347.0,128975.0,0.018197325062996705,-0.0010197674743033156,16870.0,16973.05,False
2023-07-13,2023-07-12,0,0,0,,False,0.0,0.0,0.0,0.0,0.0,0.0,11334983.692000004,False,0.0,0.0,0.0,-2379.0,129107.0,-0.018426576405617047,-0.002244694830167702,16925.0,16972.2,False
2023-07-14,2023-07-13,0,0,0,,False,0.0,0.0,0.0,0.0,0.0,0.0,11334983.692000004,False,0.0,0.0,0.0,216.0,176866.0,0.0012212635554600657,-0.002134650156515364,17084.0,16965.4,False
2023-07-17,2023-07-14,0,0,0,,False,0.0,0.0,0.0,0.0,0.0,0.0,11334983.692000004,False,0.0,0.0,0.0,-918.0,145146.0,-0.006324666198172874,-0.0011385666944693448,17292.0,16969.85,False
2023-07-18,2023-07-17,0,0,0,,False,0.0,0.0,0.0,0.0,0.0,0.0,11334983.692000004,False,0.0,0.0,0.0,-1491.0,235067.0,-0.006342872457639737,-0.002543140936455559,17291.0,16967.55,False
2023-07-19,2023-07-18,0,0,0,,False,0.0,0.0,0.0,0.0,0.0,0.0,11334983.692000004,False,0.0,0.0,0.0,-161.0,245657.0,-0.0006553853543762238,-0.0018671129251614728,17225.0,16965.4,False
2023-07-20,2023-07-19,0,0,0,,False,0.0,0.0,0.0,0.0,0.0,0.0,11334983.692000004,False,0.0,0.0,0.0,-2635.0,176789.0,-0.01490477348703822,-0.0031348013733130627,17102.0,16957.75,False
2023-07-21,2023-07-20,0,0,0,,False,0.0,0.0,0.0,0.0,0.0,0.0,11334983.692000004,False,0.0,0.0,0.0,1558.0,128648.0,0.01211056526335427,-0.001844808792288646,17126.0,16954.6,False
2023-07-24,2023-07-21,0,0,0,,False,0.0,0.0,0.0,0.0,0.0,0.0,11334983.692000004,False,0.0,0.0,0.0,-3578.0,168876.0,-0.021187143229351713,-0.0028570886685463457,16944.0,16940.35,False
2023-07-25,2023-07-24,0,0,0,,False,0.0,0.0,0.0,0.0,0.0,0.0,11334983.692000004,False,0.0,0.0,0.0,3403.0,136441.0,0.024941183368635527,-0.0005202149082532642,16981.0,16945.4,False
2023-07-26,2023-07-25,1,0,1,TX202308,False,-20800.0,50.0,68.83200000000001,400.0,518.832,-21318.832,11313664.860000003,False,-0.0018807995299584,-0.0018807995299584,-21318.8320000004,1973.0,128503.0,0.015353727150338902,0.0007499306269146745,17180.0,16967.25,True
2023-07-27,2023-07-26,0,1,0,,False,16200.0,50.0,68.724,400.0,518.724,15681.276,11329346.136000006,False,0.0013860474208885,-0.0004973589864075,-5637.555999999866,-3097.0,122987.0,-0.02518152325042484,-5.97311083454656e-05,17102.0,16983.55,False
2023-07-28,2023-07-27,1,0,1,TX202308,False,21400.0,50.0,68.628,400.0,518.628,20881.372,11350227.508000003,False,0.0018431224317215,0.0,0.0,1967.0,144021.0,0.013657730469862035,0.0016705687595839846,17221.0,17006.8,True
2023-07-31,2023-07-28,1,1,1,TX202308,False,-32400.0,0.0,0.0,0.0,0.0,-32400.0,11317827.508000003,False,-0.0028545683315302,-0.0028545683315301,-32400.0,-38.0,160054.0,-0.00023741987079360717,0.0012883273956739339,17262.0,17030.5,True
2023-08-01,2023-07-31,0,1,0,,False,12000.0,50.0,68.632,400.0,518.6320000000001,11481.368,11329308.876000006,False,0.0010144498130833,-0.0018430143347571,-20918.631999999285,-6008.0,179464.0,-0.03347746623278206,-0.001983031546216516,17100.0,17033.75,False
2023-08-02,2023-08-01,0,0,0,,False,0.0,0.0,0.0,0.0,0.0,0.0,11329308.876000006,False,0.0,-0.0018430143347571,-20918.631999999285,3878.0,128086.0,0.03027653295442125,-0.0017714630118990777,17182.0,17037.55,False
2023-08-04,2023-08-02,0,0,0,,False,0.0,0.0,0.0,0.0,0.0,0.0,11329308.876000006,False,0.0,-0.0018430143347571,-20918.631999999285,-4891.0,179619.0,-0.027229858756590338,-0.00021126665352141084,16814.0,17028.0,False
2023-08-07,2023-08-04,0,0,0,,False,0.0,0.0,0.0,0.0,0.0,0.0,11329308.876000006,False,0.0,-0.0018430143347571,-20918.631999999285,4870.0,161050.0,0.030239056193728655,0.0014169459136803848,16824.0,17034.9,False
2023-08-08,2023-08-07,0,0,0,,False,0.0,0.0,0.0,0.0,0.0,0.0,11329308.876000006,False,0.0,-0.0018430143347571,-20918.631999999285,3276.0,159234.0,0.020573495610233996,0.001379139562704411,17002.0,17053.85,False
2023-08-09,2023-08-08,0,0,0,,False,0.0,0.0,0.0,0.0,0.0,0.0,11329308.876000006,False,0.0,-0.0018430143347571,-20918.631999999285,-994.0,168226.0,-0.005908718034073211,0.00033472381760857556,16853.0,17069.0,False
2023-08-10,2023-08-09,0,0,0,,False,0.0,0.0,0.0,0.0,0.0,0.0,11329308.876000006,False,0.0,-0.0018430143347571,-20918.631999999285,1544.0,152608.0,0.010117425036695323,-6.927118370649351e-05,16852.0,17068.1,False
2023-08-11,2023-08-10,0,0,0,,False,0.0,0.0,0.0,0.0,0.0,0.0,11329308.876000006,False,0.0,-0.0018430143347571,-20918.631999999285,-2476.0,179670.0,-0.013780820392942617,0.00016301661692722798,16660.0,17054.85,False
2023-08-14,2023-08-11,0,0,0,,False,0.0,0.0,0.0,0.0,0.0,0.0,11329308.876000006,False,0.0,-0.0018430143347571,-20918.631999999285,1059.0,184311.0,0.0057457232612269475,0.0003892396022155721,16625.0,17031.9,False
2023-08-15,2023-08-14,0,0,0,,False,0.0,0.0,0.0,0.0,0.0,0.0,11329308.876000006,False,0.0,-0.0018430143347571,-20918.631999999285,-5902.0,287112.0,-0.020556437905764998,-0.0003223489831640341,16378.0,16986.2,False
2023-08-16,2023-08-15,0,0,0,,False,0.0,0.0,0.0,0.0,0.0,0.0,11329308.876000006,False,0.0,-0.0018430143347571,-20918.631999999285,3266.0,207110.0,0.015769397904495195,0.0007832645349427125,16422.0,16942.75,False
2023-08-17,2023-08-16,0,0,0,,False,0.0,0.0,0.0,0.0,0.0,0.0,11329308.876000006,False,0.0,-0.0018430143347571,-20918.631999999285,102.0,164582.0,0.0006197518562175694,0.0008470213954724023,16364.0,16899.7,False
2023-08-18,2023-08-17,0,0,0,,False,0.0,0.0,0.0,0.0,0.0,0.0,11329308.876000006,False,0.0,-0.0018430143347571,-20918.631999999285,4326.0,173682.0,0.02490758973296024,0.002837639556472325,16454.0,16867.3,False
2023-08-21,2023-08-18,0,0,0,,False,0.0,0.0,0.0,0.0,0.0,0.0,11329308.876000006,False,0.0,-0.0018430143347571,-20918.631999999285,-1864.0,170868.0,-0.010909005782241262,0.0016866610041925488,16352.0,16828.6,False
2023-08-22,2023-08-21,0,0,0,,False,0.0,0.0,0.0,0.0,0.0,0.0,11329308.876000006,False,0.0,-0.0018430143347571,-20918.631999999285,-4631.0,143463.0,-0.03228010009549501,0.0011320131608853839,16351.0,16798.95,False
2023-08-23,2023-08-22,0,0,0,,False,0.0,0.0,0.0,0.0,0.0,0.0,11329308.876000006,False,0.0,-0.0018430143347571,-20918.631999999285,1289.0,124203.0,0.010378171219696787,0.00040386255343844693,16401.0,16769.95,False
2023-08-24,2023-08-23,0,0,0,,False,0.0,0.0,0.0,0.0,0.0,0.0,11329308.876000006,False,0.0,-0.0018430143347571,-20918.631999999285,1624.0,138804.0,0.011699951010057347,0.00022117374642436922,16559.0,16738.9,False
2023-08-25,2023-08-24,1,0,1,TX202309,False,-25600.0,50.0,66.20400000000001,400.0,516.204,-26116.204,11303192.672000006,False,-0.0023051895120738,-0.0041439553495159,-47034.8359999992,1629.0,159195.0,0.010232733440120607,0.001991886580951642,16759.0,16721.75,True
2023-08-28,2023-08-25,0,1,0,,False,9400.0,50.0,65.864,400.0,515.864,8884.136,11312076.808000006,False,0.0007859846556457,-0.0033612277791885,-38150.699999999255,-6771.0,170761.0,-0.03965191115067258,-0.0006735955000750889,16421.0,16681.75,False
2023-08-29,2023-08-28,0,0,0,,False,0.0,0.0,0.0,0.0,0.0,0.0,11312076.808000006,False,0.0,-0.0033612277791885,-38150.699999999255,3376.0,151416.0,0.022296190627146405,0.00045308502482191166,16490.0,16643.15,False
2023-08-30,2023-08-29,1,0,1,TX202309,False,-2800.0,50.0,66.96000000000001,400.0,516.96,-3316.96,11308759.848000005,False,-0.0002932229029468,-0.0036534650931686,-41467.66000000015,2261.0,114507.0,0.01974551774127346,0.003114234223524688,16624.0,16619.35,True
2023-08-31,2023-08-30,1,1,1,TX202309,False,-19200.0,0.0,0.0,0.0,0.0,-19200.0,11289559.848000005,False,-0.0016977988973207,-0.0053450611414828,-60667.66000000015,-1559.0,124205.0,-0.012551829636488064,0.0009728160939792218,16724.0,16596.45,True
2023-09-01,2023-08-31,1,1,1,TX202309,False,4600.0,0.0,0.0,0.0,0.0,4600.0,11294159.848000005,False,0.000407456097663,-0.0049397829215741,-56067.66000000015,-1022.0,122522.0,-0.008341359102854997,0.001917241076665989,16628.0,16587.15,True
2023-09-04,2023-09-01,1,1,1,TX202309,False,26200.0,0.0,0.0,0.0,0.0,26200.0,11320359.848000005,False,0.0023197829987008,-0.0026314591473121,-29867.66000000015,1123.0,114999.0,0.009765302306976583,0.0008935533823283854,16651.0,16578.5,True
2023-09-05,2023-09-04,1,1,1,TX202309,False,-5600.0,0.0,0.0,0.0,0.0,-5600.0,11314759.848000005,False,-0.000494683921288,-0.0031248413280704,-35467.66000000015,3218.0,133300.0,0.024141035258814704,0.0010719303647574207,16782.0,16567.5,True
2023-09-06,2023-09-05,1,1,1,TX202309,False,-8600.0,0.0,0.0,0.0,0.0,-8600.0,11306159.848000005,False,-0.000760069158827,-0.0038825353913778,-44067.66000000015,-1518.0,73124.0,-0.020759258246266614,0.00032940335414775054,16754.0,16562.55,True
2023-09-07,2023-09-06,1,1,1,TX202309,False,-29400.0,0.0,0.0,0.0,0.0,-29400.0,11276759.848000005,False,-0.00260035240924,-0.0064727918403589,-73467.66000000015,450.0,112404.0,0.00400341624853208,2.3702914739588385e-05,16711.0,16555.5,True
2023-09-08,2023-09-07,1,1,1,TX202309,False,-200.0,0.0,0.0,0.0,0.0,-200.0,11276559.848000005,False,-1.773559095837898e-05,-0.0064904126325289,-73667.66000000015,1590.0,122854.0,0.012942191544434857,0.001359853511608462,16564.0,16550.7,True
2023-09-11,2023-09-08,1,1,1,TX202309,False,-27200.0,0.0,0.0,0.0,0.0,-27200.0,11249359.848000005,False,-0.0024120831500596,-0.0088868403676406,-100867.66000000016,-839.0,118429.0,-0.007084413446030956,0.000718346676245567,16563.0,16547.6,True
2023-09-12,2023-09-11,0,1,0,,False,6400.0,50.0,65.828,400.0,515.828,5884.172,11255244.020000003,False,0.0005230672748944,-0.0083684215081197,-94983.4879999999,-2288.0,150008.0,-0.015252519865607168,0.0009835425782534584,16427.0,16550.05,False
2023-09-13,2023-09-12,1,0,1,TX202309,False,1400.0,50.0,66.28800000000001,400.0,516.288,883.712,11256127.732000005,False,7.851557890967873e-05,-0.0082905629806694,-94099.77600000054,4230.0,134664.0,0.03141151309926929,0.001765648337992163,16573.0,16557.6,True
2023-09-14,2023-09-13,1,1,1,TX202309,False,52200.0,0.0,0.0,0.0,0.0,52200.0,11308327.732000005,False,0.004637474026845,-0.0036915362243151,-41899.77600000054,1431.0,118705.0,0.012055094562149867,0.0023374154732887778,16577.0,16568.25,True
2023-09-15,2023-09-14,1,1,1,TX202309,False,13600.0,0.0,0.0,0.0,0.0,13600.0,11321927.732000005,False,0.0012026535065405,-0.0024933223567592,-28299.776000000536,2036.0,129154.0,0.01576412654660328,0.0018802423139709298,16838.0,16587.45,True
2023-09-18,2023-09-15,1,1,1,TX202309,False,-39400.0,0.0,0.0,0.0,0.0,-39400.0,11282527.732000005,False,-0.0034799727513399,-0.0059646184142373,-67699.77600000054,-1958.0,130550.0,-0.014998085024894676,0.0016757883518382592,16906.0,16615.15,True
2023-09-19,2023-09-18,1,1,1,TX202310,True,-20000.0,100.0,132.93600000000004,800.0,1032.936,-21032.936,11261494.796000004,False,-0.001864204236817,-0.0078177033841356,-88732.71200000122,-2713.0,239693.0,-0.01131864510019066,0.0027238611016034762,16709.0,16633.05,True
2023-09-20,2023-09-19,0,1,0,,False,-1000.0,50.0,66.47200000000001,400.0,516.472,-1516.472,11259978.324000005,False,-0.000134659921038,-0.0079513105738532,-90249.18400000036,-1525.0,192795.0,-0.007909956171062528,0.001809454732065511,16609.0,16643.45,False
2023-09-21,2023-09-20,0,0,0,,False,0.0,0.0,0.0,0.0,0.0,0.0,11259978.324000005,False,0.0,-0.0079513105738532,-90249.18400000036,-4.0,146886.0,-2.723200304998434e-05,0.0012230955814101442,16537.0,16642.35,False
2023-09-22,2023-09-21,0,0,0,,False,0.0,0.0,0.0,0.0,0.0,0.0,11259978.324000005,False,0.0,-0.0079513105738532,-90249.18400000036,-4288.0,148010.0,-0.028971015471927573,-0.0007370918641922648,16309.0,16619.85,False
2023-09-25,2023-09-22,0,0,0,,False,0.0,0.0,0.0,0.0,0.0,0.0,11259978.324000005,False,0.0,-0.0079513105738532,-90249.18400000036,2851.0,122583.0,0.023257711101865676,0.0024083892484346478,16345.0,16616.05,False
2023-09-26,2023-09-25,0,0,0,,False,0.0,0.0,0.0,0.0,0.0,0.0,11259978.324000005,False,0.0,-0.0079513105738532,-90249.18400000036,4553.0,106293.0,0.042834429360352984,0.003435301185094977,16464.0,16614.75,False
2023-09-27,2023-09-26,0,0,0,,False,0.0,0.0,0.0,0.0,0.0,0.0,11259978.324000005,False,0.0,-0.0079513105738532,-90249.18400000036,245.0,131315.0,0.0018657426798157103,0.002541312432022089,16308.0,16598.95,False
2023-09-28,2023-09-27,0,0,0,,False,0.0,0.0,0.0,0.0,0.0,0.0,11259978.324000005,False,0.0,-0.0079513105738532,-90249.18400000036,-1963.0,124019.0,-0.015828219869536118,0.0023774929203696864,16311.0,16578.3,False
2023-10-02,2023-09-28,0,0,0,,False,0.0,0.0,0.0,0.0,0.0,0.0,11259978.324000005,False,0.0,-0.0079513105738532,-90249.18400000036,-1153.0,133409.0,-0.008642595327151842,0.0023624311091548444,16368.0,16565.3,False
2023-10-03,2023-10-02,0,0,0,,False,0.0,0.0,0.0,0.0,0.0,0.0,11259978.324000005,False,0.0,-0.0079513105738532,-90249.18400000036,2716.0,128804.0,0.021086301667650072,0.0029284810771885187,16557.0,16560.6,False
2023-10-04,2023-10-03,0,0,0,,False,0.0,0.0,0.0,0.0,0.0,0.0,11259978.324000005,False,0.0,-0.0079513105738532,-90249.18400000036,-1301.0,138933.0,-0.009364225921847222,0.0012532180181554226,16412.0,16542.1,False
2023-10-05,2023-10-04,0,0,0,,False,0.0,0.0,0.0,0.0,0.0,0.0,11259978.324000005,False,0.0,-0.0079513105738532,-90249.18400000036,1074.0,171844.0,0.006249854519215102,0.0026036736564295083,16245.0,16516.65,False
2023-10-06,2023-10-05,0,0,0,,False,0.0,0.0,0.0,0.0,0.0,0.0,11259978.324000005,False,0.0,-0.0079513105738532,-90249.18400000036,3887.0,146979.0,0.026445954864300344,0.0037258005872179215,16456.0,16503.9,False
2023-10-11,2023-10-06,1,0,1,TX202310,False,-22400.0,50.0,67.32400000000001,400.0,517.3240000000001,-22917.324,11237061.000000006,False,-0.0020352902412922,-0.009970417590329,-113166.50799999943,-1045.0,120607.0,-0.00866450537696817,0.0026454657411477704,16531.0,16502.25,True
2023-10-12,2023-10-11,1,1,1,TX202310,False,26200.0,0.0,0.0,0.0,0.0,26200.0,11263261.000000006,False,0.0023315705058466,-0.0076620938160668,-86966.50799999945,596.0,168530.0,0.0035364623509167507,0.003176509530995156,16717.0,16509.95,True
2023-10-13,2023-10-12,1,1,1,TX202310,False,-15600.0,0.0,0.0,0.0,0.0,-15600.0,11247661.000000006,False,-0.0013850340500854,-0.0090365156053222,-102566.50799999943,1095.0,120111.0,0.00911656717536279,0.004394963883043654,16848.0,16531.0,True
2023-10-16,2023-10-13,1,1,1,TX202310,False,-24400.0,0.0,0.0,0.0,0.0,-24400.0,11223261.000000006,False,-0.0021693399187617,-0.0111862522500548,-126966.50799999943,1590.0,134026.0,0.011863369793920582,0.003417556717776218,16770.0,16540.85,True
2023-10-17,2023-10-16,1,1,1,TX202311,True,400.0,100.0,133.288,800.0,1033.288,-633.288,11222627.712000003,False,-5.642638088876305e-05,-0.0112420474312134,-127599.79600000007,-1678.0,244372.0,-0.006866580459299756,0.002471472966703737,16648.0,16544.4,True
2023-10-18,2023-10-17,1,1,1,TX202311,False,-40800.0,0.0,0.0,0.0,0.0,-40800.0,11181827.712000003,False,-0.0036355122032938,-0.0148366890338811,-168399.7960000001,-1118.0,195948.0,-0.005705595362034826,0.0013979868712718322,16650.0,16535.0,True
2023-10-19,2023-10-18,0,1,0,,False,-20600.0,50.0,65.45200000000001,400.0,515.452,-21115.452,11160712.260000004,False,-0.0018883721466517,-0.0166970439902127,-189515.24799999967,-5661.0,195363.0,-0.028976827751416592,0.0006990497349457361,16426.0,16511.0,False
2023-10-20,2023-10-19,0,0,0,,False,0.0,0.0,0.0,0.0,0.0,0.0,11160712.260000004,False,0.0,-0.0166970439902127,-189515.24799999967,2580.0,135038.0,0.019105733201024898,0.002220268650006514,16458.0,16498.45,False
2023-10-23,2023-10-20,0,0,0,,False,0.0,0.0,0.0,0.0,0.0,0.0,11160712.260000004,False,0.0,-0.0166970439902127,-189515.24799999967,780.0,200068.0,0.0038986744506867665,0.0028107001810939785,16413.0,16488.65,False
2023-10-24,2023-10-23,0,0,0,,False,0.0,0.0,0.0,0.0,0.0,0.0,11160712.260000004,False,0.0,-0.0166970439902127,-189515.24799999967,-4451.0,142089.0,-0.03132543687407188,0.0012457899375428838,16254.0,16474.5,False
2023-10-25,2023-10-24,0,0,0,,False,0.0,0.0,0.0,0.0,0.0,0.0,11160712.260000004,False,0.0,-0.0166970439902127,-189515.24799999967,-915.0,186385.0,-0.004909193336373636,0.0024488810443205806,16335.0,16475.8,False
2023-10-26,2023-10-25,0,0,0,,False,0.0,0.0,0.0,0.0,0.0,0.0,11160712.260000004,False,0.0,-0.0166970439902127,-189515.24799999967,3901.0,146257.0,0.026672227654061003,0.0026196068719303465,16358.0,16476.45,False
2023-10-27,2023-10-26,0,0,0,,False,0.0,0.0,0.0,0.0,0.0,0.0,11160712.260000004,False,0.0,-0.0166970439902127,-189515.24799999967,-3745.0,185257.0,-0.02021516056073455,-0.0005328726241240298,16069.0,16456.7,False
2023-10-30,2023-10-27,0,0,0,,False,0.0,0.0,0.0,0.0,0.0,0.0,11160712.260000004,False,0.0,-0.0166970439902127,-189515.24799999967,3571.0,155139.0,0.02301806766834903,0.0005247436253026361,16151.0,16448.85,False
2023-10-31,2023-10-30,0,0,0,,False,0.0,0.0,0.0,0.0,0.0,0.0,11160712.260000004,False,0.0,-0.0166970439902127,-189515.24799999967,-2870.0,147028.0,-0.01952009141115978,0.00034015004822145304,16157.0,16441.15,False
2023-11-01,2023-10-31,0,0,0,,False,0.0,0.0,0.0,0.0,0.0,0.0,11160712.260000004,False,0.0,-0.0166970439902127,-189515.24799999967,-2293.0,160279.0,-0.014306303383475065,5.696464540529186e-05,15994.0,16422.45,False
2023-11-02,2023-11-01,0,0,0,,False,0.0,0.0,0.0,0.0,0.0,0.0,11160712.260000004,False,0.0,-0.0166970439902127,-189515.24799999967,2371.0,146157.0,0.01622228151918827,-0.00018623636201779825,16048.0,16397.0,False
2023-11-03,2023-11-02,0,0,0,,False,0.0,0.0,0.0,0.0,0.0,0.0,11160712.260000004,False,0.0,-0.0166970439902127,-189515.24799999967,6143.0,135683.0,0.045274647524008164,0.002545707310274971,16390.0,16395.9,False
2023-11-06,2023-11-03,1,0,1,TX202311,False,-2000.0,50.0,66.72800000000001,400.0,516.7280000000001,-2516.728,11158195.532000003,False,-0.0002254988697289,-0.0169187776953941,-192031.9759999998,3378.0,124566.0,0.02711815423149174,0.003589122295888803,16512.0,16409.25,True
2023-11-07,2023-11-06,1,1,1,TX202311,False,7800.0,0.0,0.0,0.0,0.0,7800.0,11165995.532000003,False,0.0006990377590741,-0.0162315668007665,-184231.9759999998,3992.0,142620.0,0.027990464170523068,0.0036663477611999394,16670.0,16419.95,True
2023-11-08,2023-11-07,1,1,1,TX202311,False,8000.0,0.0,0.0,0.0,0.0,8000.0,11173995.532000003,False,0.000716460970907,-0.0155267351139689,-176231.9759999998,2290.0,109126.0,0.020984916518519876,0.005148818855974341,16709.0,16428.85,True
2023-11-09,2023-11-08,1,1,1,TX202311,False,2800.0,0.0,0.0,0.0,0.0,2800.0,11176795.532000003,False,0.0002505818077321,-0.0152800440235897,-173431.9759999998,-800.0,125366.0,-0.006381315508192014,0.004652929963018903,16749.0,16430.45,True
2023-11-10,2023-11-09,1,1,1,TX202311,False,-5400.0,0.0,0.0,0.0,0.0,-5400.0,11171395.532000003,False,-0.0004831438478532,-0.0157558054121781,-178831.9759999998,-435.0,106419.0,-0.004087615933245003,0.003992720807588513,16763.0,16426.2,True
2023-11-13,2023-11-10,1,1,1,TX202311,False,28000.0,0.0,0.0,0.0,0.0,28000.0,11199395.532000003,False,0.0025064012745583,-0.0132888945083865,-150831.9759999998,3708.0,162234.0,0.022855874847442583,0.004542346060264614,16736.0,16424.5,True
2023-11-14,2023-11-13,1,1,1,TX202312,True,14600.0,100.0,135.668,800.0,1035.668,13564.332,11212959.864000006,False,0.0012111664385138,-0.0120938231329063,-137267.6439999994,-4902.0,236626.0,-0.020716235747550986,0.0038498632958520523,16876.0,16435.9,True
2023-11-15,2023-11-14,1,1,1,TX202312,False,38800.0,0.0,0.0,0.0,0.0,38800.0,11251759.864000006,False,0.003460281716032,-0.008675389451938,-98467.6439999994,-1271.0,174719.0,-0.007274537972401399,0.0037714161653337234,16949.0,16450.85,True
2023-11-16,2023-11-15,1,1,1,TX202312,False,4800.0,0.0,0.0,0.0,0.0,4800.0,11256559.864000006,False,0.0004265999326343,-0.0082524904398594,-93667.6439999994,-2084.0,182412.0,-0.011424686972348311,0.004649023204287138,17123.0,16485.7,True
2023-11-17,2023-11-16,1,1,1,TX202312,False,7200.0,0.0,0.0,0.0,0.0,7200.0,11263759.864000006,False,0.0006396270341018,-0.0076181419217415,-86467.64399999939,684.0,131720.0,0.005192833282720923,0.003953378208371939,17186.0,16522.1,True
2023-11-20,2023-11-17,1,1,1,TX202312,False,-4400.0,0.0,0.0,0.0,0.0,-4400.0,11259359.864000006,False,-0.0003906333278697,-0.0080057993494803,-90867.6439999994,-462.0,125680.0,-0.0036760025461489497,0.003574644358530153,17222.0,16562.55,True
2023-11-21,2023-11-20,1,1,1,TX202312,False,43000.0,0.0,0.0,0.0,0.0,43000.0,11302359.864000006,False,0.0038190448230974,-0.0042173290329432,-47867.64399999939,-910.0,106076.0,-0.008578754855009616,0.004711978459483267,17200.0,16609.85,True
2023-11-22,2023-11-21,1,1,1,TX202312,False,-26200.0,0.0,0.0,0.0,0.0,-26200.0,11276159.864000006,False,-0.0023180999645438,-0.0065256528072052,-74067.64399999939,1255.0,104557.0,0.012003022274931377,0.005557589240048517,17415.0,16663.85,True
2023-11-23,2023-11-22,1,1,1,TX202312,False,4600.0,0.0,0.0,0.0,0.0,4600.0,11280759.864000006,False,0.0004079402966506,-0.0061203745872967,-69467.64399999939,-5140.0,108064.0,-0.047564406277761324,0.0018457575434574006,17284.0,16710.15,True
2023-11-24,2023-11-23,1,1,1,TX202312,False,-2800.0,0.0,0.0,0.0,0.0,-2800.0,11277959.864000006,False,-0.0002482102299629,-0.0063670656776758,-72267.64399999939,4339.0,120319.0,0.0360624672744953,0.0046596389352188934,17307.0,16772.05,True
2023-11-27,2023-11-24,1,1,1,TX202312,False,-24000.0,0.0,0.0,0.0,0.0,-24000.0,11253959.864000006,False,-0.0021280444592296,-0.0084815607380686,-96267.6439999994,-589.0,70289.0,-0.008379689567357624,0.0030897510734335604,17293.0,16829.15,True
2023-11-28,2023-11-27,1,1,1,TX202312,False,38200.0,0.0,0.0,0.0,0.0,38200.0,11292159.864000006,False,0.0033943607815944,-0.0051159894336101,-58067.64399999939,875.0,108495.0,0.008064887782847136,0.004469000033133906,17173.0,16879.95,True
2023-11-29,2023-11-28,1,1,1,TX202312,False,-6000.0,0.0,0.0,0.0,0.0,-6000.0,11286159.864000006,False,-0.0005313421056965,-0.0056446131987083,-64067.64399999939,1633.0,114491.0,0.014263129853001546,0.005897471694957737,17364.0,16948.45,True
2023-11-30,2023-11-29,1,1,1,TX202312,False,11800.0,0.0,0.0,0.0,0.0,11800.0,11297959.864000006,False,0.0010455283411002,-0.0046049864606818,-52267.64399999939,-3038.0,114810.0,-0.02646110965943733,0.003763302136026457,17334.0,17012.75,True
2023-12-01,2023-11-30,1,1,1,TX202312,False,5600.0,0.0,0.0,0.0,0.0,5600.0,11303559.864000006,False,0.000495664710037,-0.0041116042799236,-46667.64399999939,1180.0,118114.0,0.009990348307567266,0.0019990871752044123,17393.0,17062.9,True
2023-12-04,2023-12-01,1,1,1,TX202312,False,-400.0,0.0,0.0,0.0,0.0,-400.0,11303159.864000006,False,-3.53870820177575e-05,-0.0041468458642635,-47067.64399999939,2560.0,130400.0,0.0196319018404908,0.0016247745556543652,17421.0,17108.35,True
2023-12-05,2023-12-04,0,1,0,,False,-26800.0,50.0,69.132,400.0,519.1320000000001,-27319.132,11275840.732000006,False,-0.0024169464405267,-0.0065537696004391,-74386.77599999867,-2720.0,127876.0,-0.021270605899465108,-0.0008382789478450437,17419.0,17145.8,False
2023-12-06,2023-12-05,0,0,0,,False,0.0,0.0,0.0,0.0,0.0,0.0,11275840.732000006,False,0.0,-0.0065537696004391,-74386.77599999867,-1584.0,124766.0,-0.012695766474840902,-0.0025223130975130827,17309.0,17175.8,False
2023-12-07,2023-12-06,0,0,0,,False,0.0,0.0,0.0,0.0,0.0,0.0,11275840.732000006,False,0.0,-0.0065537696004391,-74386.77599999867,-1302.0,119310.0,-0.01091274830274076,-0.00274888473724052,17381.0,17207.4,False
2023-12-08,2023-12-07,0,0,0,,False,0.0,0.0,0.0,0.0,0.0,0.0,11275840.732000006,False,0.0,-0.0065537696004391,-74386.77599999867,-527.0,116559.0,-0.004521315385341329,-0.0027705697098453362,17270.0,17232.75,False
2023-12-11,2023-12-08,0,0,0,,False,0.0,0.0,0.0,0.0,0.0,0.0,11275840.732000006,False,0.0,-0.0065537696004391,-74386.77599999867,784.0,141162.0,0.00555390260835069,-0.0036356683217999308,17377.0,17264.8,False
2023-12-12,2023-12-11,0,0,0,,False,0.0,0.0,0.0,0.0,0.0,0.0,11275840.732000006,False,0.0,-0.0065537696004391,-74386.77599999867,-446.0,112518.0,-0.003963810234806875,-0.0027980470461627252,17418.0,17291.9,False
2023-12-13,2023-12-12,0,0,0,,False,0.0,0.0,0.0,0.0,0.0,0.0,11275840.732000006,False,0.0,-0.0065537696004391,-74386.77599999867,-1213.0,100291.0,-0.01209480412001077,-0.003039060353543194,17464.0,17317.65,False
2023-12-14,2023-12-13,0,0,0,,False,0.0,0.0,0.0,0.0,0.0,0.0,11275840.732000006,False,0.0,-0.0065537696004391,-74386.77599999867,-116.0,106830.0,-0.001085837311616587,-0.0025221178705066077,17453.0,17334.15,False
2023-12-15,2023-12-14,0,0,0,,False,0.0,0.0,0.0,0.0,0.0,0.0,11275840.732000006,False,0.0,-0.0065537696004391,-74386.77599999867,1730.0,160218.0,0.010797788013831156,-0.002241870133951096,17666.0,17358.15,False
2023-12-18,2023-12-15,0,0,0,,False,0.0,0.0,0.0,0.0,0.0,0.0,11275840.732000006,False,0.0,-0.0065537696004391,-74386.77599999867,-1147.0,177933.0,-0.00644624662091911,-0.002380382337689604,17674.0,17380.75,False
2023-12-19,2023-12-18,0,0,0,,False,0.0,0.0,0.0,0.0,0.0,0.0,11275840.732000006,False,0.0,-0.0065537696004391,-74386.77599999867,-2205.0,234997.0,-0.009383098507640523,-0.0024205995203211493,17655.0,17403.5,False
2023-12-20,2023-12-19,0,0,0,,False,0.0,0.0,0.0,0.0,0.0,0.0,11275840.732000006,False,0.0,-0.0065537696004391,-74386.77599999867,-2234.0,188376.0,-0.011859260202998259,-0.003613713644217631,17574.0,17411.45,False
2023-12-21,2023-12-20,0,0,0,,False,0.0,0.0,0.0,0.0,0.0,0.0,11275840.732000006,False,0.0,-0.0065537696004391,-74386.77599999867,1845.0,124001.0,0.014878912266836557,-0.0004915477169877371,17636.0,17429.05,False
2023-12-22,2023-12-21,0,0,0,,False,0.0,0.0,0.0,0.0,0.0,0.0,11275840.732000006,False,0.0,-0.0065537696004391,-74386.77599999867,-5294.0,120044.0,-0.044100496484622304,-0.004499695904943617,17529.0,17440.15,False
2023-12-25,2023-12-22,0,0,0,,False,0.0,0.0,0.0,0.0,0.0,0.0,11275840.732000006,False,0.0,-0.0065537696004391,-74386.77599999867,2085.0,98157.0,0.021241480485344907,-0.0030186374023084906,17558.0,17453.4,False
2023-12-26,2023-12-25,0,0,0,,False,0.0,0.0,0.0,0.0,0.0,0.0,11275840.732000006,False,0.0,-0.0065537696004391,-74386.77599999867,1666.0,67644.0,0.024628939743362308,-0.002190434804282732,17622.0,17475.85,False
2023-12-27,2023-12-26,0,0,0,,False,0.0,0.0,0.0,0.0,0.0,0.0,11275840.732000006,False,0.0,-0.0065537696004391,-74386.77599999867,1250.0,59688.0,0.02094223294464549,-0.0018564796497005348,17735.0,17494.4,False
2023-12-28,2023-12-27,1,0,1,TX202401,False,3000.0,50.0,71.408,400.0,521.408,2478.592,11278319.324000008,False,0.0002198143853669,-0.0063353958279087,-71908.1839999985,2022.0,89500.0,0.02259217877094972,0.0005961847718188174,17857.0,17520.55,True
2023-12-29,2023-12-28,0,1,0,,False,-2400.0,50.0,71.40400000000001,400.0,521.404,-2921.404,11275397.920000007,False,-0.0002590283105199,-0.0065927830915508,-74829.58799999766,-555.0,89997.0,-0.006166872229074302,-0.00021167625501326094,17865.0,17544.15,False
2024-01-02,2023-12-29,0,0,0,,False,0.0,0.0,0.0,0.0,0.0,0.0,11275397.920000007,False,0.0,-0.0065927830915508,-74829.58799999766,-1614.0,76888.0,-0.02099157215690355,-0.0022428499548829786,17868.0,17566.5,False
2024-01-03,2024-01-02,0,0,0,,False,0.0,0.0,0.0,0.0,0.0,0.0,11275397.920000007,False,0.0,-0.0065927830915508,-74829.58799999766,-442.0,115610.0,-0.0038231986852348414,-0.001370479594171465,17798.0,17585.45,False
2024-01-04,2024-01-03,0,0,0,,False,0.0,0.0,0.0,0.0,0.0,0.0,11275397.920000007,False,0.0,-0.0065927830915508,-74829.58799999766,-7426.0,152158.0,-0.04880453213107428,-0.0031759178769831336,17546.0,17597.3,False
2024-01-05,2024-01-04,0,0,0,,False,0.0,0.0,0.0,0.0,0.0,0.0,11275397.920000007,False,0.0,-0.0065927830915508,-74829.58799999766,1979.0,109583.0,0.01805937052280007,-0.0017273119357060925,17546.0,17605.55,False
2024-01-08,2024-01-05,0,0,0,,False,0.0,0.0,0.0,0.0,0.0,0.0,11275397.920000007,False,0.0,-0.0065927830915508,-74829.58799999766,1609.0,119297.0,0.013487346706120019,-0.0008268788311330252,17519.0,17618.0,False
2024-01-09,2024-01-08,0,0,0,,False,0.0,0.0,0.0,0.0,0.0,0.0,11275397.920000007,False,0.0,-0.0065927830915508,-74829.58799999766,1115.0,151913.0,0.0073397273439402815,-0.0007375875943535455,17595.0,17628.9,False
2024-01-10,2024-01-09,0,0,0,,False,0.0,0.0,0.0,0.0,0.0,0.0,11275397.920000007,False,0.0,-0.0065927830915508,-74829.58799999766,-4881.0,148155.0,-0.0329452262832844,-0.002186658396777422,17545.0,17635.25,False
2024-01-11,2024-01-10,0,0,0,,False,0.0,0.0,0.0,0.0,0.0,0.0,11275397.920000007,False,0.0,-0.0065927830915508,-74829.58799999766,-1687.0,138517.0,-0.012179010518564508,-0.002190868716705109,17458.0,17634.95,False
2024-01-12,2024-01-11,0,0,0,,False,0.0,0.0,0.0,0.0,0.0,0.0,11275397.920000007,False,0.0,-0.0065927830915508,-74829.58799999766,657.0,138141.0,0.004756010163528569,-0.0018987763429478507,17575.0,17641.05,False
2024-01-15,2024-01-12,0,0,0,,False,0.0,0.0,0.0,0.0,0.0,0.0,11275397.920000007,False,0.0,-0.0065927830915508,-74829.58799999766,-1333.0,195381.0,-0.006822567189235391,-0.002779794103101178,17489.0,17632.2,False
2024-01-16,2024-01-15,0,0,0,,False,0.0,0.0,0.0,0.0,0.0,0.0,11275397.920000007,False,0.0,-0.0065927830915508,-74829.58799999766,3013.0,303017.0,0.009943336512472898,-0.001960314946431578,17559.0,17626.45,False
2024-01-17,2024-01-16,0,0,0,,False,0.0,0.0,0.0,0.0,0.0,0.0,11275397.920000007,False,0.0,-0.0065927830915508,-74829.58799999766,-1643.0,239969.0,-0.006846717701036384,-0.0018334959061013707,17333.0,17610.35,False
2024-01-18,2024-01-17,0,0,0,,False,0.0,0.0,0.0,0.0,0.0,0.0,11275397.920000007,False,0.0,-0.0065927830915508,-74829.58799999766,-503.0,195387.0,-0.0025743780292445248,-0.001369251797413684,17167.0,17590.0,False
2024-01-19,2024-01-18,0,0,0,,False,0.0,0.0,0.0,0.0,0.0,0.0,11275397.920000007,False,0.0,-0.0065927830915508,-74829.58799999766,811.0,136851.0,0.005926153261576459,-0.001816889747676689,17280.0,17572.2,False
2024-01-22,2024-01-19,1,0,1,TX202402,False,200.0,50.0,71.272,400.0,521.272,-321.272,11275076.648000007,False,-2.849318509904968e-05,-0.0066210884272609,-75150.85999999754,10510.0,198136.0,0.053044373561594055,0.003040353754634129,17678.0,17579.65,True
2024-01-23,2024-01-22,1,1,1,TX202402,False,10600.0,0.0,0.0,0.0,0.0,10600.0,11285676.648000007,False,0.0009401266466672,-0.005687186442254,-64550.85999999754,-1909.0,149197.0,-0.012795163441624161,0.0013385215582856758,17817.0,17592.6,True
2024-01-24,2024-01-23,1,1,1,TX202402,False,6600.0,0.0,0.0,0.0,0.0,6600.0,11292276.648000007,False,0.0005848120769231,-0.0051057003006461,-57950.85999999754,3374.0,120206.0,0.028068482438480608,0.0015104986930415906,17870.0,17605.0,True
2024-01-25,2024-01-24,1,1,1,TX202402,False,18400.0,0.0,0.0,0.0,0.0,18400.0,11310676.648000007,False,0.0016294322724779,-0.0034845874210116,-39550.85999999754,-242.0,105444.0,-0.002295057091916088,0.00034863419121351167,17903.0,17613.4,True
2024-01-26,2024-01-25,1,1,1,TX202402,False,800.0,0.0,0.0,0.0,0.0,800.0,11311476.648000007,False,7.07296322666477e-05,-0.0034141042523319,-38750.85999999754,4140.0,128556.0,0.032203864463735646,0.0008292184758528078,17995.0,17620.3,True
2024-01-29,2024-01-26,1,1,1,TX202402,False,25200.0,0.0,0.0,0.0,0.0,25200.0,11336676.648000007,False,0.0022278258430967,-0.0011938844389195,-13550.85999999754,6.0,113296.0,5.295862166360683e-05,0.0011402100183897034,17999.0,17627.0,True
2024-01-30,2024-01-29,1,1,1,TX202402,False,-8800.0,0.0,0.0,0.0,0.0,-8800.0,11327876.648000007,False,-0.0007762415982423,-0.0019691992943968,-22350.85999999754,-430.0,115276.0,-0.003730178007564454,0.002003279725856658,18125.0,17639.85,True
2024-01-31,2024-01-30,1,1,1,TX202402,False,-32200.0,0.0,0.0,0.0,0.0,-32200.0,11295676.648000007,False,-0.0028425450771204,-0.0048061468337571,-54550.85999999754,-2252.0,106796.0,-0.021086932094835014,0.0011400930553766492,18081.0,17654.0,True
2024-02-01,2024-01-31,1,1,1,TX202402,False,13200.0,0.0,0.0,0.0,0.0,13200.0,11308876.648000007,False,0.0011685886920583,-0.003643174550541,-41350.85999999754,-3340.0,122060.0,-0.02736359167622481,0.0022121400781191227,17920.0,17672.7,True
2024-02-02,2024-02-01,1,1,1,TX202402,False,19600.0,0.0,0.0,0.0,0.0,19600.0,11328476.648000007,False,0.0017331518072103,-0.001916336917887,-21750.85999999754,-1755.0,155105.0,-0.011314915702266207,0.0007434257668658093,17986.0,17694.7,True
2024-02-05,2024-02-02,0,1,0,,False,-15200.0,50.0,72.024,400.0,522.024,-15722.024,11312754.624000007,False,-0.0013878321409415,-0.003301509504861,-37472.88399999775,-1219.0,112893.0,-0.010797835118209278,-0.00047083332435065553,18084.0,17722.95,False
2024-02-15,2024-02-05,0,0,0,,False,0.0,0.0,0.0,0.0,0.0,0.0,11312754.624000007,False,0.0,-0.003301509504861,-37472.88399999775,1361.0,132963.0,0.010235930296398247,-0.0003260231767277572,18086.0,17747.5,False
2024-02-16,2024-02-15,1,0,1,TX202402,False,-9800.0,50.0,74.74000000000001,400.0,524.74,-10324.74,11302429.884000009,False,-0.0009126636564799,-0.0042111599936044,-47797.62399999797,1894.0,175616.0,0.010784894314868804,0.001860482853179903,18667.0,17803.6,True
2024-02-19,2024-02-16,1,1,1,TX202402,False,7400.0,0.0,0.0,0.0,0.0,7400.0,11309829.884000009,False,0.0006547264681973,-0.0035591906833166,-40397.62399999797,-3018.0,127894.0,-0.02359766681783352,0.0012895500382164523,18634.0,17862.4,True
2024-02-20,2024-02-19,1,1,1,TX202403,True,16400.0,100.0,150.06,800.0,1050.06,15349.94,11325179.824000008,False,0.0013572211215763,-0.0022068001705114,-25047.68399999849,2577.0,199591.0,0.012911403820813563,0.001697319721080702,18671.0,17917.2,True
2024-02-21,2024-02-20,1,1,1,TX202403,False,-14000.0,0.0,0.0,0.0,0.0,-14000.0,11311179.824000008,False,-0.0012361834617699,-0.0034402556224072,-39047.683999998495,4254.0,185512.0,0.022931131139764544,0.0031850046375306988,18753.0,17980.4,True
2024-02-22,2024-02-21,1,1,1,TX202403,False,39400.0,0.0,0.0,0.0,0.0,39400.0,11350579.824000008,False,0.0034832794291185,0.0,0.0,-4825.0,138435.0,-0.03485390255354499,0.0009451426842298046,18670.0,18035.95,True
2024-02-23,2024-02-22,1,1,1,TX202403,False,4800.0,0.0,0.0,0.0,0.0,4800.0,11355379.824000008,False,0.0004228858855166,0.0,0.0,274.0,114504.0,0.002392929504646126,0.0014071250445139298,18889.0,18113.75,True
2024-02-26,2024-02-23,1,1,1,TX202403,False,10000.0,0.0,0.0,0.0,0.0,10000.0,11365379.824000008,False,0.0008806398513297,0.0,0.0,2062.0,117234.0,0.017588754115700222,0.002415281651761167,18913.0,18201.05,True
2024-02-27,2024-02-26,1,1,1,TX202403,False,-19200.0,0.0,0.0,0.0,0.0,-19200.0,11346179.824000008,False,-0.00168934081371,-0.00168934081371,-19200.0,1006.0,99078.0,0.010153616342679505,0.00262665480581632,18963.0,18285.2,True
2024-02-29,2024-02-27,0,1,0,,False,-11800.0,50.0,75.224,400.0,525.224,-12325.224,11333854.600000007,False,-0.001086288441677,-0.002773794143987,-31525.223999999464,-1358.0,141526.0,-0.009595410030665743,-0.0005053343737966702,18867.0,18344.65,False
2024-03-01,2024-02-29,1,0,1,TX202403,False,-1400.0,50.0,75.88000000000001,400.0,525.88,-1925.88,11331928.720000006,False,-0.0001699227727872,-0.0029432455859822,-33451.10400000028,271.0,110909.0,0.0024434446257742834,0.00025659602957325194,18966.0,18402.1,True
2024-03-04,2024-03-01,0,1,0,,False,36600.0,50.0,76.56800000000001,400.0,526.568,36073.432,11368002.152000006,False,0.0031833444148243,0.0,0.0,-3556.0,122022.0,-0.029142285817311632,-0.0026039423832163603,18961.0,18456.65,False
2024-03-05,2024-03-04,0,0,0,,False,0.0,0.0,0.0,0.0,0.0,0.0,11368002.152000006,False,0.0,0.0,0.0,4959.0,158613.0,0.031264776531557945,-0.0009259507020426584,19314.0,18527.2,False
2024-03-06,2024-03-05,0,0,0,,False,0.0,0.0,0.0,0.0,0.0,0.0,11368002.152000006,False,0.0,0.0,0.0,-485.0,134415.0,-0.0036082282483353794,-0.0027165553376462094,19389.0,18596.9,False
2024-03-07,2024-03-06,0,0,0,,False,0.0,0.0,0.0,0.0,0.0,0.0,11368002.152000006,False,0.0,0.0,0.0,446.0,141232.0,0.003157924549677127,-0.002561307041245534,19509.0,18672.4,False
2024-03-08,2024-03-07,0,0,0,,False,0.0,0.0,0.0,0.0,0.0,0.0,11368002.152000006,False,0.0,0.0,0.0,-849.0,204009.0,-0.00416158110671588,-0.002582877196203105,19709.0,18751.6,False
2024-03-11,2024-03-08,0,0,0,,False,0.0,0.0,0.0,0.0,0.0,0.0,11368002.152000006,False,0.0,0.0,0.0,-4591.0,266221.0,-0.017245070824615637,-0.002390784132692136,19791.0,18837.1,False
2024-03-12,2024-03-11,0,0,0,,False,0.0,0.0,0.0,0.0,0.0,0.0,11368002.152000006,False,0.0,0.0,0.0,-2991.0,225335.0,-0.01327357046175694,-0.0016862830719687426,19715.0,18926.85,False
2024-03-13,2024-03-12,0,0,0,,False,0.0,0.0,0.0,0.0,0.0,0.0,11368002.152000006,False,0.0,0.0,0.0,-896.0,152424.0,-0.005878339369128222,-0.0014144542553118434,19955.0,19025.3,False
2024-03-14,2024-03-13,0,0,0,,False,0.0,0.0,0.0,0.0,0.0,0.0,11368002.152000006,False,0.0,0.0,0.0,5.0,197937.0,2.52605627042948e-05,-0.0008732994712661648,19927.0,19117.45,False
2024-03-15,2024-03-14,0,0,0,,False,0.0,0.0,0.0,0.0,0.0,0.0,11368002.152000006,False,0.0,0.0,0.0,239.0,155651.0,0.0015354864408195258,-0.001308321664045101,19939.0,19210.1,False
2024-03-18,2024-03-15,0,0,0,,False,0.0,0.0,0.0,0.0,0.0,0.0,11368002.152000006,False,0.0,0.0,0.0,-2044.0,178906.0,-0.011424994130996166,-0.0024188160863383495,19730.0,19263.25,False
2024-03-19,2024-03-18,0,0,0,,False,0.0,0.0,0.0,0.0,0.0,0.0,11368002.152000006,False,0.0,0.0,0.0,410.0,215868.0,0.0018993088368817982,-0.0011439673036025837,19919.0,19327.5,False
2024-03-20,2024-03-19,0,0,0,,False,0.0,0.0,0.0,0.0,0.0,0.0,11368002.152000006,False,0.0,0.0,0.0,112.0,240812.0,0.0004650931016726741,-0.001766282839559628,19867.0,19387.3,False
2024-03-21,2024-03-20,0,0,0,,False,0.0,0.0,0.0,0.0,0.0,0.0,11368002.152000006,False,0.0,0.0,0.0,573.0,193793.0,0.0029567631441796143,-0.0027650012393388742,19747.0,19437.0,False
2024-03-22,2024-03-21,1,0,1,TX202404,False,3200.0,50.0,80.912,400.0,530.912,2669.088,11370671.240000006,False,0.000234789540353,0.0,0.0,7336.0,161332.0,0.04547145017727419,0.0012512663972020846,20264.0,19516.7,True
2024-03-25,2024-03-22,0,1,0,,False,2800.0,50.0,81.016,400.0,531.0160000000001,2268.984,11372940.224000003,False,0.000199547058578,0.0,0.0,-7167.0,156365.0,-0.045835065391871585,-0.0011601333476238009,20242.0,19584.35,False
2024-03-26,2024-03-25,0,0,0,,False,0.0,0.0,0.0,0.0,0.0,0.0,11372940.224000003,False,0.0,0.0,0.0,-509.0,108529.0,-0.004689990693731629,-0.0022740705880953936,20231.0,19650.25,False
2024-03-27,2024-03-26,0,0,0,,False,0.0,0.0,0.0,0.0,0.0,0.0,11372940.224000003,False,0.0,0.0,0.0,-1914.0,209528.0,-0.009134817303653927,-0.0032384922704120646,20187.0,19711.45,False
2024-03-28,2024-03-27,0,0,0,,False,0.0,0.0,0.0,0.0,0.0,0.0,11372940.224000003,False,0.0,0.0,0.0,2218.0,121792.0,0.018211376773515503,-0.001848152930203003,20261.0,19781.15,False
2024-03-29,2024-03-28,0,0,0,,False,0.0,0.0,0.0,0.0,0.0,0.0,11372940.224000003,False,0.0,0.0,0.0,-729.0,145183.0,-0.005021249044309595,-0.002221387613707197,20203.0,19843.0,False
2024-04-01,2024-03-29,1,0,1,TX202404,False,-21000.0,50.0,81.58000000000001,400.0,531.58,-21531.58,11351408.644000003,False,-0.0018932289782515,-0.0018932289782516,-21531.580000000075,4933.0,119135.0,0.04140680740336593,0.0013060670473266812,20280.0,19908.95,True
2024-04-02,2024-04-01,0,1,0,,False,12400.0,50.0,81.39200000000001,400.0,531.392,11868.608,11363277.252000004,False,0.0010455625704456,-0.0008496458971629,-9662.972000000998,-1704.0,107484.0,-0.01585352238472703,-0.0010498478984875676,20288.0,19957.65,False
2024-04-03,2024-04-02,1,0,1,TX202404,False,-4200.0,50.0,81.48800000000001,400.0,531.488,-4731.488,11358545.764000004,False,-0.0004163841024971,-0.0012656762206156,-14394.460000000894,5232.0,147462.0,0.03548032713512634,0.0009045798706855182,20523.0,20014.35,True
2024-04-08,2024-04-03,0,1,0,,False,11000.0,50.0,81.608,400.0,531.608,10468.392,11369014.156000003,False,0.0009216313617521,-0.0003452113457621,-3926.06799999997,-7395.0,164605.0,-0.04492573129613317,-0.0014996029216049966,20349.0,20056.35,False
2024-04-09,2024-04-08,0,0,0,,False,0.0,0.0,0.0,0.0,0.0,0.0,11369014.156000003,False,0.0,-0.0003452113457621,-3926.06799999997,1279.0,131347.0,0.009737565380252309,-0.0008046455972565871,20450.0,20093.4,False
2024-04-10,2024-04-09,1,0,1,TX202404,False,5800.0,50.0,83.296,400.0,533.296,5266.704,11374280.860000003,False,0.0004632507205754,0.0,0.0,7718.0,172776.0,0.04467055609575404,0.002291135748761897,20874.0,20147.55,True
2024-04-11,2024-04-10,1,1,1,TX202404,False,-19600.0,0.0,0.0,0.0,0.0,-19600.0,11354680.860000003,False,-0.0017231858647809,-0.0017231858647809,-19600.0,-4874.0,142956.0,-0.03409440667058396,0.0012500939383205457,20851.0,20204.35,True
2024-04-12,2024-04-11,0,1,0,,False,-1600.0,50.0,82.97200000000001,400.0,532.972,-2132.972,11352547.888000006,False,-0.0001878495773063,-0.0019107117423509,-21732.971999999136,-7547.0,165707.0,-0.045544243755544424,-0.0007332012810002643,20753.0,20244.25,False
2024-04-15,2024-04-12,0,0,0,,False,0.0,0.0,0.0,0.0,0.0,0.0,11352547.888000006,False,0.0,-0.0019107117423509,-21732.971999999136,2030.0,174402.0,0.011639774773225078,-0.00015247557047422516,20755.0,20285.65,False
2024-04-16,2024-04-15,0,0,0,,False,0.0,0.0,0.0,0.0,0.0,0.0,11352547.888000006,False,0.0,-0.0019107117423509,-21732.971999999136,-4103.0,259675.0,-0.015800519880620006,-0.0010192758865462017,20508.0,20314.1,False
2024-04-17,2024-04-16,0,0,0,,False,0.0,0.0,0.0,0.0,0.0,0.0,11352547.888000006,False,0.0,-0.0019107117423509,-21732.971999999136,699.0,365487.0,0.0019125167242610545,-0.00035240034378334077,19953.0,20325.25,False
2024-04-18,2024-04-17,0,0,0,,False,0.0,0.0,0.0,0.0,0.0,0.0,11352547.888000006,False,0.0,-0.0019107117423509,-21732.971999999136,2771.0,249719.0,0.01109647243501696,0.00010745783612341733,20238.0,20341.2,False
2024-04-19,2024-04-18,0,0,0,,False,0.0,0.0,0.0,0.0,0.0,0.0,11352547.888000006,False,0.0,-0.0019107117423509,-21732.971999999136,2913.0,198263.0,0.014692605276829262,0.0008188334448812467,20358.0,20365.75,False
2024-04-22,2024-04-19,0,0,0,,False,0.0,0.0,0.0,0.0,0.0,0.0,11352547.888000006,False,0.0,-0.0019107117423509,-21732.971999999136,-1333.0,399697.0,-0.003335026282408925,0.0005042439735518198,19546.0,20355.7,False
2024-04-23,2024-04-22,0,0,0,,False,0.0,0.0,0.0,0.0,0.0,0.0,11352547.888000006,False,0.0,-0.0019107117423509,-21732.971999999136,1564.0,245162.0,0.006379455217366476,-0.001450355774443566,19524.0,20318.7,False
2024-04-24,2024-04-23,0,0,0,,False,0.0,0.0,0.0,0.0,0.0,0.0,11352547.888000006,False,0.0,-0.0019107117423509,-21732.971999999136,2394.0,163520.0,0.01464041095890411,0.0015734180430952188,19677.0,20290.45,False
2024-04-25,2024-04-24,0,0,0,,False,0.0,0.0,0.0,0.0,0.0,0.0,11352547.888000006,False,0.0,-0.0019107117423509,-21732.971999999136,681.0,156765.0,0.004344081906037699,0.002025121673083685,20170.0,20287.4,False
2024-04-26,2024-04-25,0,0,0,,False,0.0,0.0,0.0,0.0,0.0,0.0,11352547.888000006,False,0.0,-0.0019107117423509,-21732.971999999136,-3593.0,171273.0,-0.020978204387148005,0.0014329523189089814,19885.0,20272.3,False
2024-04-29,2024-04-26,0,0,0,,False,0.0,0.0,0.0,0.0,0.0,0.0,11352547.888000006,False,0.0,-0.0019107117423509,-21732.971999999136,3486.0,228532.0,0.015253881294523305,0.0012850775449593714,20178.0,20268.15,False
2024-04-30,2024-04-29,1,0,1,TX202405,False,-21000.0,50.0,82.08000000000001,400.0,532.08,-21532.08,11331015.808000006,False,-0.0018966737874552,-0.003803761532929,-43265.05199999921,-226.0,163294.0,-0.0013840067608117874,0.001466939659134262,20552.0,20285.6,True
2024-05-02,2024-04-30,0,1,0,,False,-32600.0,50.0,80.992,400.0,530.992,-33130.992,11297884.816000003,False,-0.0029239207288554,-0.0067165603645907,-76396.04399999976,984.0,127928.0,0.007691826652492027,-0.00021880937840943314,20413.0,20292.25,False
2024-05-03,2024-05-02,0,0,0,,False,0.0,0.0,0.0,0.0,0.0,0.0,11297884.816000003,False,0.0,-0.0067165603645907,-76396.04399999976,-3216.0,158044.0,-0.020348763635443294,-0.0004435714409452464,20291.0,20292.4,False
2024-05-06,2024-05-03,0,0,0,,False,0.0,0.0,0.0,0.0,0.0,0.0,11297884.816000003,False,0.0,-0.0067165603645907,-76396.04399999976,-955.0,174209.0,-0.005481921140698816,-0.002491683854736504,20382.0,20285.35,False
2024-05-07,2024-05-06,1,0,1,TX202405,False,-16600.0,50.0,82.94000000000001,400.0,532.94,-17132.94,11280751.876000006,False,-0.0015164732407022,-0.0082228481212305,-93528.98399999924,1330.0,164286.0,0.008095638094542444,0.00015938461479727637,20602.0,20298.0,True
2024-05-08,2024-05-07,0,1,0,,False,-6400.0,50.0,82.46400000000001,400.0,532.4639999999999,-6932.464,11273819.412000006,False,-0.0006145391793209,-0.0088323340382152,-100461.44799999893,-727.0,123631.0,-0.005880402164505666,-0.0006215137624406223,20650.0,20308.0,False
2024-05-09,2024-05-08,0,0,0,,False,0.0,0.0,0.0,0.0,0.0,0.0,11273819.412000006,False,0.0,-0.0088323340382152,-100461.44799999893,2230.0,108946.0,0.020468856130560095,-0.0018315987607003196,20725.0,20300.55,False
2024-05-10,2024-05-09,0,0,0,,False,0.0,0.0,0.0,0.0,0.0,0.0,11273819.412000006,False,0.0,-0.0088323340382152,-100461.44799999893,-1445.0,129761.0,-0.011135857461024499,-0.0006836713002223466,20612.0,20288.6,False
2024-05-13,2024-05-10,1,0,1,TX202405,False,-11800.0,50.0,83.77600000000001,400.0,533.7760000000001,-12333.776,11261485.636000006,False,-0.001094019298098,-0.0099166905924282,-112795.22399999946,1448.0,166632.0,0.008689807479955831,0.0020280312615526663,20809.0,20291.4,True
2024-05-14,2024-05-13,1,1,1,TX202406,True,26000.0,100.0,168.108,800.0,1068.108,24931.892,11286417.528000006,False,0.0022139078986434,-0.0077247373334157,-87863.33199999854,648.0,235946.0,0.0027463911233926407,0.0015833620790610442,20883.0,20297.8,True
2024-05-15,2024-05-14,1,1,1,TX202406,False,46600.0,0.0,0.0,0.0,0.0,46600.0,11333017.528000006,False,0.0041288566442267,-0.0036277750222529,-41263.33199999854,2252.0,195862.0,0.011497891372496962,0.0029482826417168927,21013.0,20323.05,True
2024-05-16,2024-05-15,1,1,1,TX202406,False,24600.0,0.0,0.0,0.0,0.0,24600.0,11357617.528000006,False,0.0021706487208037,-0.0014650009266606,-16663.33199999854,526.0,195350.0,0.0026926030202201177,0.0029872869565148456,21143.0,20382.55,True
2024-05-17,2024-05-16,1,1,1,TX202406,False,-6800.0,0.0,0.0,0.0,0.0,-6800.0,11350817.528000006,False,-0.0005987171150319,-0.0020628409205641,-23463.33199999854,-4436.0,161006.0,-0.027551768257083588,0.0010548749219098186,21370.0,20439.15,True
2024-05-20,2024-05-17,0,1,0,,False,19800.0,50.0,85.73200000000001,400.0,535.732,19264.268,11370081.796000006,False,0.0016971700895093,-0.0003691718229648,-4199.063999999315,-1368.0,116244.0,-0.011768349334159182,-0.00026817280863960374,21336.0,20488.05,False
2024-05-21,2024-05-20,1,0,1,TX202406,False,-9400.0,50.0,85.304,400.0,535.304,-9935.304,11360146.492000006,False,-0.0008738111280338,-0.0012426603645515,-14134.367999998853,318.0,151344.0,0.002101173485569299,3.637179759307459e-06,21302.0,20575.85,True
2024-05-22,2024-05-21,0,1,0,,False,3200.0,50.0,85.164,400.0,535.164,2664.836,11362811.328000003,False,0.0002345776088254,-0.001008374256023,-11469.531999999655,294.0,113528.0,0.002589669508843633,-0.00018585210566683473,21277.0,20663.5,False
2024-05-23,2024-05-22,1,0,1,TX202406,False,-5200.0,50.0,86.528,400.0,536.528,-5736.528,11357074.800000004,False,-0.0005048511177743,-0.0015127162949272,-17206.06000000052,3628.0,128790.0,0.02816988896653467,0.0004906217947146931,21583.0,20758.8,True
2024-05-24,2024-05-23,0,1,0,,False,-31200.0,50.0,85.784,400.0,535.784,-31735.784,11325339.016000004,False,-0.0027943625060917,-0.0043028517233221,-48941.84400000051,-2381.0,133959.0,-0.017774095058935943,-0.0006152870535339889,21604.0,20830.5,False
2024-05-27,2024-05-24,1,0,1,TX202406,False,41000.0,50.0,86.688,400.0,536.688,40463.312,11365802.328000003,False,0.0035728124290879,-0.0007454125763516,-8478.531999999657,156.0,148252.0,0.001052262364082778,0.0004862362840275502,21565.0,20914.5,True
2024-05-28,2024-05-27,0,1,0,,False,3400.0,50.0,87.56,400.0,537.56,2862.44,11368664.768000005,False,0.0002518467167907,-0.0004937535892708,-5616.092000000179,-489.0,133813.0,-0.0036543534634153633,-0.00045917545386938325,21875.0,20999.35,False
2024-05-29,2024-05-28,0,0,0,,False,0.0,0.0,0.0,0.0,0.0,0.0,11368664.768000005,False,0.0,-0.0004937535892708,-5616.092000000179,-445.0,91755.0,-0.004849871941583565,-0.0006324687129079722,21954.0,21069.45,False
2024-05-30,2024-05-29,0,0,0,,False,0.0,0.0,0.0,0.0,0.0,0.0,11368664.768000005,False,0.0,-0.0004937535892708,-5616.092000000179,-4296.0,132658.0,-0.03238402508706599,-0.002636261299885873,21722.0,21134.9,False
2024-05-31,2024-05-30,0,0,0,,False,0.0,0.0,0.0,0.0,0.0,0.0,11368664.768000005,False,0.0,-0.0004937535892708,-5616.092000000179,1435.0,159967.0,0.008970600186288423,-0.001170293108799287,21391.0,21189.9,False
2024-06-03,2024-05-31,0,0,0,,False,0.0,0.0,0.0,0.0,0.0,0.0,11368664.768000005,False,0.0,-0.0004937535892708,-5616.092000000179,1120.0,205968.0,0.005437737901033171,-0.0006243101567126877,21285.0,21235.05,False
2024-06-04,2024-06-03,0,0,0,,False,0.0,0.0,0.0,0.0,0.0,0.0,11368664.768000005,False,0.0,-0.0004937535892708,-5616.092000000179,-1265.0,217355.0,-0.005819971935313198,-0.0013200906582054698,21654.0,21287.65,False
2024-06-05,2024-06-04,0,0,0,,False,0.0,0.0,0.0,0.0,0.0,0.0,11368664.768000005,False,0.0,-0.0004937535892708,-5616.092000000179,-2550.0,188526.0,-0.013525985805671365,-0.0017023698402637549,21320.0,21321.15,False
2024-06-06,2024-06-05,0,0,0,,False,0.0,0.0,0.0,0.0,0.0,0.0,11368664.768000005,False,0.0,-0.0004937535892708,-5616.092000000179,818.0,195608.0,0.004181833053862828,-0.002516720994098618,21463.0,21358.05,False
2024-06-07,2024-06-06,0,0,0,,False,0.0,0.0,0.0,0.0,0.0,0.0,11368664.768000005,False,0.0,-0.0004937535892708,-5616.092000000179,3471.0,195025.0,0.01779771824125112,-0.001070042208984837,21875.0,21421.2,False
2024-06-11,2024-06-07,0,0,0,,False,0.0,0.0,0.0,0.0,0.0,0.0,11368664.768000005,False,0.0,-0.0004937535892708,-5616.092000000179,681.0,136511.0,0.004988608976565991,-0.001255102134154329,21897.0,21475.6,False
2024-06-12,2024-06-11,0,0,0,,False,0.0,0.0,0.0,0.0,0.0,0.0,11368664.768000005,False,0.0,-0.0004937535892708,-5616.092000000179,-2928.0,170634.0,-0.017159534442139315,-0.002250398412430927,21798.0,21521.35,False
2024-06-13,2024-06-12,0,0,0,,False,0.0,0.0,0.0,0.0,0.0,0.0,11368664.768000005,False,0.0,-0.0004937535892708,-5616.092000000179,3806.0,160324.0,0.023739427658990543,-0.0016383215981062478,22046.0,21573.0,False
2024-06-14,2024-06-13,0,0,0,,False,0.0,0.0,0.0,0.0,0.0,0.0,11368664.768000005,False,0.0,-0.0004937535892708,-5616.092000000179,-1865.0,208533.0,-0.008943428618012497,-0.0022201231800178787,22323.0,21632.0,False
2024-06-17,2024-06-14,0,0,0,,False,0.0,0.0,0.0,0.0,0.0,0.0,11368664.768000005,False,0.0,-0.0004937535892708,-5616.092000000179,-145.0,177541.0,-0.000816712759306301,-0.0008833704051290144,22511.0,21689.05,False
2024-06-18,2024-06-17,0,0,0,,False,0.0,0.0,0.0,0.0,0.0,0.0,11368664.768000005,False,0.0,-0.0004937535892708,-5616.092000000179,-583.0,237741.0,-0.0024522484552517237,-0.00041756536118364143,22477.0,21746.1,False
2024-06-19,2024-06-18,0,0,0,,False,0.0,0.0,0.0,0.0,0.0,0.0,11368664.768000005,False,0.0,-0.0004937535892708,-5616.092000000179,208.0,230800.0,0.000901213171577123,-0.00047756337688325027,22786.0,21820.3,False
2024-06-20,2024-06-19,0,0,0,,False,0.0,0.0,0.0,0.0,0.0,0.0,11368664.768000005,False,0.0,-0.0004937535892708,-5616.092000000179,2341.0,238291.0,0.009824122606393024,-0.00011584072200578073,23225.0,21917.7,False
2024-06-21,2024-06-20,0,0,0,,False,0.0,0.0,0.0,0.0,0.0,0.0,11368664.768000005,False,0.0,-0.0004937535892708,-5616.092000000179,-4044.0,126438.0,-0.03198405542637498,-0.003123537941651263,23378.0,22007.45,False
2024-06-24,2024-06-21,0,0,0,,False,0.0,0.0,0.0,0.0,0.0,0.0,11368664.768000005,False,0.0,-0.0004937535892708,-5616.092000000179,-2023.0,184663.0,-0.010955091166070085,-0.0027825877470079702,23210.0,22087.75,False
2024-06-25,2024-06-24,0,0,0,,False,0.0,0.0,0.0,0.0,0.0,0.0,11368664.768000005,False,0.0,-0.0004937535892708,-5616.092000000179,994.0,227740.0,0.0043646263282690785,-0.002616969548798655,22746.0,22146.8,False
2024-06-26,2024-06-25,0,0,0,,False,0.0,0.0,0.0,0.0,0.0,0.0,11368664.768000005,False,0.0,-0.0004937535892708,-5616.092000000179,176.0,208336.0,0.0008447891866984103,-0.002392012416292967,22743.0,22190.2,False
2024-06-27,2024-06-26,0,0,0,,False,0.0,0.0,0.0,0.0,0.0,0.0,11368664.768000005,False,0.0,-0.0004937535892708,-5616.092000000179,-2029.0,179449.0,-0.011306833696482008,-0.0027148605040378886,22872.0,22236.1,False
2024-06-28,2024-06-27,0,0,0,,False,0.0,0.0,0.0,0.0,0.0,0.0,11368664.768000005,False,0.0,-0.0004937535892708,-5616.092000000179,1617.0,158519.0,0.010200669951236129,-0.0005856257521227829,22793.0,22289.65,False
2024-07-01,2024-06-28,0,0,0,,False,0.0,0.0,0.0,0.0,0.0,0.0,11368664.768000005,False,0.0,-0.0004937535892708,-5616.092000000179,-1116.0,176418.0,-0.006325885113763902,-0.0013504500171253992,22983.0,22369.25,False
2024-07-02,2024-07-01,0,0,0,,False,0.0,0.0,0.0,0.0,0.0,0.0,11368664.768000005,False,0.0,-0.0004937535892708,-5616.092000000179,871.0,152093.0,0.0057267592854372,-0.0013359989479051978,22991.0,22454.55,False
2024-07-03,2024-07-02,0,0,0,,False,0.0,0.0,0.0,0.0,0.0,0.0,11368664.768000005,False,0.0,-0.0004937535892708,-5616.092000000179,778.0,176836.0,0.0043995566513605824,-0.0008250225185715086,22831.0,22513.4,False
2024-07-04,2024-07-03,0,0,0,,False,0.0,0.0,0.0,0.0,0.0,0.0,11368664.768000005,False,0.0,-0.0004937535892708,-5616.092000000179,152.0,146752.0,0.0010357610117749673,-9.693517769919205e-05,23185.0,22606.65,False
2024-07-05,2024-07-04,0,0,0,,False,0.0,0.0,0.0,0.0,0.0,0.0,11368664.768000005,False,0.0,-0.0004937535892708,-5616.092000000179,-827.0,148927.0,-0.0055530561953171685,-0.0005836796401581919,23624.0,22714.7,False
2024-07-08,2024-07-05,0,0,0,,False,0.0,0.0,0.0,0.0,0.0,0.0,11368664.768000005,False,0.0,-0.0004937535892708,-5616.092000000179,-1377.0,91063.0,-0.015121399470696111,-0.0022296355257555535,23570.0,22799.45,False
2024-07-09,2024-07-08,0,0,0,,False,0.0,0.0,0.0,0.0,0.0,0.0,11368664.768000005,False,0.0,-0.0004937535892708,-5616.092000000179,407.0,170729.0,0.002383894944619836,-0.0023598712273528613,23913.0,22900.25,False
2024-07-10,2024-07-09,0,0,0,,False,0.0,0.0,0.0,0.0,0.0,0.0,11368664.768000005,False,0.0,-0.0004937535892708,-5616.092000000179,-2380.0,207364.0,-0.011477402056287495,-0.0020757646080602704,23878.0,23004.25,False
2024-07-11,2024-07-10,0,0,0,,False,0.0,0.0,0.0,0.0,0.0,0.0,11368664.768000005,False,0.0,-0.0004937535892708,-5616.092000000179,811.0,164275.0,0.004936843707198295,-0.003015893805649883,24000.0,23101.95,False
2024-07-12,2024-07-11,0,0,0,,False,0.0,0.0,0.0,0.0,0.0,0.0,11368664.768000005,False,0.0,-0.0004937535892708,-5616.092000000179,-995.0,162735.0,-0.006114234798906197,-0.0028744341146945676,24367.0,23204.15,False
2024-07-15,2024-07-12,0,0,0,,False,0.0,0.0,0.0,0.0,0.0,0.0,11368664.768000005,False,0.0,-0.0004937535892708,-5616.092000000179,-1343.0,261651.0,-0.0051327913900577485,-0.0030902380462321396,23808.0,23269.0,False
2024-07-16,2024-07-15,0,0,0,,False,0.0,0.0,0.0,0.0,0.0,0.0,11368664.768000005,False,0.0,-0.0004937535892708,-5616.092000000179,1195.0,310113.0,0.003853434070806448,-0.002774953919929231,23853.0,23337.8,False
2024-07-17,2024-07-16,0,0,0,,False,0.0,0.0,0.0,0.0,0.0,0.0,11368664.768000005,False,0.0,-0.0004937535892708,-5616.092000000179,-690.0,293288.0,-0.0023526363165216444,-0.0029376463943341694,24002.0,23398.6,False
2024-07-18,2024-07-17,0,0,0,,False,0.0,0.0,0.0,0.0,0.0,0.0,11368664.768000005,False,0.0,-0.0004937535892708,-5616.092000000179,-1645.0,241857.0,-0.006801539752829151,-0.0037689295122952785,23679.0,23421.3,False
2024-07-19,2024-07-18,0,0,0,,False,0.0,0.0,0.0,0.0,0.0,0.0,11368664.768000005,False,0.0,-0.0004937535892708,-5616.092000000179,-4949.0,237119.0,-0.020871376819234223,-0.0032132955819382408,23383.0,23421.55,False
2024-07-22,2024-07-19,0,0,0,,False,0.0,0.0,0.0,0.0,0.0,0.0,11368664.768000005,False,0.0,-0.0004937535892708,-5616.092000000179,6065.0,316137.0,0.019184720548369852,-0.0017063049962162437,22909.0,23406.5,False
2024-07-23,2024-07-22,0,0,0,,False,0.0,0.0,0.0,0.0,0.0,0.0,11368664.768000005,False,0.0,-0.0004937535892708,-5616.092000000179,-2502.0,316046.0,-0.007916569107028724,-0.002320364767981134,22379.0,23388.15,False
2024-07-26,2024-07-23,0,0,0,,False,0.0,0.0,0.0,0.0,0.0,0.0,11368664.768000005,False,0.0,-0.0004937535892708,-5616.092000000179,5078.0,174692.0,0.02906830307054702,-0.0009091890737887035,22830.0,23392.5,False
2024-07-29,2024-07-26,0,0,0,,False,0.0,0.0,0.0,0.0,0.0,0.0,11368664.768000005,False,0.0,-0.0004937535892708,-5616.092000000179,-3332.0,210792.0,-0.015807051501005732,-0.0011341999640148896,22095.0,23353.65,False
2024-07-30,2024-07-29,0,0,0,,False,0.0,0.0,0.0,0.0,0.0,0.0,11368664.768000005,False,0.0,-0.0004937535892708,-5616.092000000179,406.0,179828.0,0.002257712925684543,-0.001531347815292469,22261.0,23327.05,False
2024-07-31,2024-07-30,0,0,0,,False,0.0,0.0,0.0,0.0,0.0,0.0,11368664.768000005,False,0.0,-0.0004937535892708,-5616.092000000179,-2550.0,208892.0,-0.012207264998180879,-0.0018254168095133178,22246.0,23290.2,False
2024-08-01,2024-07-31,0,0,0,,False,0.0,0.0,0.0,0.0,0.0,0.0,11368664.768000005,False,0.0,-0.0004937535892708,-5616.092000000179,1329.0,214949.0,0.0061828619812141486,-0.0018026116747244703,22290.0,23255.15,False
2024-08-02,2024-08-01,0,0,0,,False,0.0,0.0,0.0,0.0,0.0,0.0,11368664.768000005,False,0.0,-0.0004937535892708,-5616.092000000179,-2280.0,191712.0,-0.011892839258888333,-0.0026172314702369156,22653.0,23246.25,False
2024-08-05,2024-08-02,0,0,0,,False,0.0,0.0,0.0,0.0,0.0,0.0,11368664.768000005,False,0.0,-0.0004937535892708,-5616.092000000179,713.0,270111.0,0.0026396555490150347,-0.0025370367433749123,21533.0,23163.65,False
2024-08-06,2024-08-05,0,0,0,,False,0.0,0.0,0.0,0.0,0.0,0.0,11368664.768000005,False,0.0,-0.0004937535892708,-5616.092000000179,5481.0,391535.0,0.013998748515458388,-0.0015594465078361348,19374.0,22951.15,False
2024-08-07,2024-08-06,0,0,0,,False,0.0,0.0,0.0,0.0,0.0,0.0,11368664.768000005,False,0.0,-0.0004937535892708,-5616.092000000179,1235.0,417157.0,0.002960516064695067,-0.000655350731066576,20420.0,22793.65,False
2024-08-08,2024-08-07,0,0,0,,False,0.0,0.0,0.0,0.0,0.0,0.0,11368664.768000005,False,0.0,-0.0004937535892708,-5616.092000000179,1619.0,333869.0,0.004849207323830604,-0.0005320851121060376,21131.0,22654.55,False
2024-08-09,2024-08-08,0,0,0,,False,0.0,0.0,0.0,0.0,0.0,0.0,11368664.768000005,False,0.0,-0.0004937535892708,-5616.092000000179,903.0,268797.0,0.0033594124934430074,0.00020975561538048756,20696.0,22495.45,False
2024-08-12,2024-08-09,0,0,0,,False,0.0,0.0,0.0,0.0,0.0,0.0,11368664.768000005,False,0.0,-0.0004937535892708,-5616.092000000179,202.0,279722.0,0.0007221455588048134,-9.7929203918657e-07,21481.0,22369.5,False
2024-08-13,2024-08-12,0,0,0,,False,0.0,0.0,0.0,0.0,0.0,0.0,11368664.768000005,False,0.0,-0.0004937535892708,-5616.092000000179,-2615.0,213005.0,-0.012276707119551184,-0.000309102908071436,21677.0,22235.0,False
2024-08-14,2024-08-13,0,0,0,,False,0.0,0.0,0.0,0.0,0.0,0.0,11368664.768000005,False,0.0,-0.0004937535892708,-5616.092000000179,-1572.0,156870.0,-0.010021036527060623,-0.0005535151649215797,21769.0,22133.05,False
2024-08-15,2024-08-14,0,0,0,,False,0.0,0.0,0.0,0.0,0.0,0.0,11368664.768000005,False,0.0,-0.0004937535892708,-5616.092000000179,2880.0,167624.0,0.01718131055218823,0.00011287865914750943,21978.0,22039.3,False
2024-08-16,2024-08-15,0,0,0,,False,0.0,0.0,0.0,0.0,0.0,0.0,11368664.768000005,False,0.0,-0.0004937535892708,-5616.092000000179,-673.0,173441.0,-0.003880282055569329,3.649637219512521e-05,21840.0,21931.2,False
2024-08-19,2024-08-16,0,0,0,,False,0.0,0.0,0.0,0.0,0.0,0.0,11368664.768000005,False,0.0,-0.0004937535892708,-5616.092000000179,-2412.0,200184.0,-0.012048914998201654,-0.00022587239007349993,22367.0,21865.6,False
2024-08-20,2024-08-19,1,0,1,TX202409,True,-23800.0,150.0,269.584,1200.0,1619.584,-25419.584,11343245.184000004,False,-0.0022359339921386,-0.0027285835809756,-31035.67600000091,1121.0,264761.0,0.00423400727448529,0.0010293968146124757,22361.0,21814.5,True
2024-08-21,2024-08-20,0,1,0,,False,-24200.0,50.0,89.12,400.0,539.12,-24739.12,11318506.064000005,False,-0.0021809561195851,-0.0049035887795019,-55774.79600000009,-683.0,220561.0,-0.0030966489995964833,-8.467166278584107e-05,22436.0,21790.85,False
2024-08-22,2024-08-21,0,0,0,,False,0.0,0.0,0.0,0.0,0.0,0.0,11318506.064000005,False,0.0,-0.0049035887795019,-55774.79600000009,-2038.0,154348.0,-0.013203928784305595,-0.0003490396466496846,22200.0,21781.9,False
2024-08-23,2024-08-22,0,0,0,,False,0.0,0.0,0.0,0.0,0.0,0.0,11318506.064000005,False,0.0,-0.0049035887795019,-55774.79600000009,4076.0,138442.0,0.029441932361566576,-0.0003303581820987068,22100.0,21745.4,False
2024-08-26,2024-08-23,1,0,1,TX202409,False,-4800.0,50.0,88.92800000000001,400.0,538.928,-5338.928,11313167.136000006,False,-0.0004716990007171,-0.0053729747622918,-61113.72399999946,-566.0,164422.0,-0.003442361727749328,0.00028787630656411346,22129.0,21747.1,True
2024-08-27,2024-08-26,0,1,0,,False,-18800.0,50.0,88.44000000000001,400.0,538.44,-19338.44,11293828.696000006,False,-0.0017093745515756,-0.0070731648875425,-80452.16399999894,-1173.0,174357.0,-0.006727576179906743,-0.00016138814871545086,22206.0,21744.35,False
2024-08-28,2024-08-27,1,0,1,TX202409,False,44000.0,50.0,88.73200000000001,400.0,538.732,43461.268,11337289.964000003,False,0.0038482315581245,-0.003252152505754,-36990.89599999972,-106.0,123024.0,-0.0008616204968136298,0.00040589407635291153,22146.0,21739.35,True
2024-08-29,2024-08-28,1,1,1,TX202409,False,-45000.0,0.0,0.0,0.0,0.0,-45000.0,11292289.964000003,False,-0.0039692025292544,-0.0072084465830571,-81990.89599999972,-42.0,146870.0,-0.00028596718186151015,8.245261819912864e-05,22401.0,21744.9,True
2024-08-30,2024-08-29,1,1,1,TX202409,False,29400.0,0.0,0.0,0.0,0.0,29400.0,11321689.964000003,False,0.0026035463217582,-0.0046236677858858,-52590.89599999972,-697.0,168681.0,-0.004132059923761419,0.0004704915849554743,22176.0,21721.05,True
2024-09-02,2024-08-30,0,1,0,,False,-1000.0,50.0,89.26400000000001,400.0,539.264,-1539.264,11320150.700000005,False,-0.0001359570881109,-0.0047589962535882,-54130.16000000015,-3333.0,145463.0,-0.0229130431793652,-0.0008071433514635375,22323.0,21760.55,False
2024-09-03,2024-09-02,0,0,0,,False,0.0,0.0,0.0,0.0,0.0,0.0,11320150.700000005,False,0.0,-0.0047589962535882,-54130.16000000015,-43.0,142613.0,-0.00030151528962997764,-0.0015221565417179559,22227.0,21903.2,False
2024-09-04,2024-09-03,0,0,0,,False,0.0,0.0,0.0,0.0,0.0,0.0,11320150.700000005,False,0.0,-0.0047589962535882,-54130.16000000015,2328.0,105520.0,0.022062168309325246,-0.0005670739294864468,22070.0,21985.7,False
2024-09-05,2024-09-04,0,0,0,,False,0.0,0.0,0.0,0.0,0.0,0.0,11320150.700000005,False,0.0,-0.0047589962535882,-54130.16000000015,5592.0,280922.0,0.019905881347847446,0.00018575977171439542,20947.0,21976.5,False
2024-09-06,2024-09-05,0,0,0,,False,0.0,0.0,0.0,0.0,0.0,0.0,11320150.700000005,False,0.0,-0.0047589962535882,-54130.16000000015,2979.0,191727.0,0.015537717692343802,0.0007946750316594351,21183.0,22000.85,False
2024-09-09,2024-09-06,0,0,0,,False,0.0,0.0,0.0,0.0,0.0,0.0,11320150.700000005,False,0.0,-0.0047589962535882,-54130.16000000015,-2513.0,189663.0,-0.01324981678028925,9.60769147047319e-05,21319.0,21992.75,False
2024-09-10,2024-09-09,0,0,0,,False,0.0,0.0,0.0,0.0,0.0,0.0,11320150.700000005,False,0.0,-0.0047589962535882,-54130.16000000015,1148.0,261156.0,0.0043958400343089956,0.0009297042723977409,21073.0,21962.55,False
2024-09-11,2024-09-10,0,0,0,,False,0.0,0.0,0.0,0.0,0.0,0.0,11320150.700000005,False,0.0,-0.0047589962535882,-54130.16000000015,1114.0,184050.0,0.006052703069817984,0.0017333912522416715,21000.0,21924.1,False
2024-09-12,2024-09-11,0,0,0,,False,0.0,0.0,0.0,0.0,0.0,0.0,11320150.700000005,False,0.0,-0.0047589962535882,-54130.16000000015,-272.0,177662.0,-0.001530997061836521,0.0007977758715404338,21005.0,21875.45,False
2024-09-13,2024-09-12,0,0,0,,False,0.0,0.0,0.0,0.0,0.0,0.0,11320150.700000005,False,0.0,-0.0047589962535882,-54130.16000000015,-2412.0,249178.0,-0.009679827272070568,0.0005077986107153719,21711.0,21869.0,False
2024-09-16,2024-09-13,0,0,0,,False,0.0,0.0,0.0,0.0,0.0,0.0,11320150.700000005,False,0.0,-0.0047589962535882,-54130.16000000015,-898.0,223412.0,-0.0040194797056559185,0.0009092703753426588,21820.0,21841.65,False
2024-09-18,2024-09-16,0,0,0,,False,0.0,0.0,0.0,0.0,0.0,0.0,11320150.700000005,False,0.0,-0.0047589962535882,-54130.16000000015,-1024.0,220576.0,-0.0046423908312781086,0.0004654504700544887,21813.0,21814.25,False
2024-09-19,2024-09-18,0,0,0,,False,0.0,0.0,0.0,0.0,0.0,0.0,11320150.700000005,False,0.0,-0.0047589962535882,-54130.16000000015,1295.0,153855.0,0.008417016021578759,0.0010411337211132508,21619.0,21773.4,False
2024-09-20,2024-09-19,1,0,1,TX202410,False,-25000.0,50.0,89.388,400.0,539.388,-25539.388,11294611.312000005,False,-0.0022560996471539,-0.0070043591309737,-79669.54800000042,588.0,168840.0,0.003482587064676617,0.0018754595135623616,22074.0,21767.1,True
2024-09-23,2024-09-20,0,1,0,,False,14200.0,50.0,89.156,400.0,539.156,13660.844,11308272.156000003,False,0.0012095010286441,-0.0058033298819033,-66008.70399999991,-2630.0,138154.0,-0.019036727130593397,-0.0005484734610456373,22220.0,21773.1,False
2024-09-24,2024-09-23,0,0,0,,False,0.0,0.0,0.0,0.0,0.0,0.0,11308272.156000003,False,0.0,-0.0058033298819033,-66008.70399999991,-3969.0,106837.0,-0.03715005101228975,-0.0022338579252726585,22338.0,21783.55,False
2024-09-25,2024-09-24,0,0,0,,False,0.0,0.0,0.0,0.0,0.0,0.0,11308272.156000003,False,0.0,-0.0058033298819033,-66008.70399999991,3786.0,129268.0,0.02928799084073398,-0.00043307957424062234,22491.0,21797.8,False
2024-09-26,2024-09-25,0,0,0,,False,0.0,0.0,0.0,0.0,0.0,0.0,11308272.156000003,False,0.0,-0.0058033298819033,-66008.70399999991,-2415.0,140753.0,-0.01715771599894851,-0.0012478843493473662,22792.0,21830.1,False
2024-09-27,2024-09-26,0,0,0,,False,0.0,0.0,0.0,0.0,0.0,0.0,11308272.156000003,False,0.0,-0.0058033298819033,-66008.70399999991,-2093.0,127597.0,-0.016403206971950753,-0.0020537463388518285,22957.0,21857.9,False
2024-09-30,2024-09-27,0,0,0,,False,0.0,0.0,0.0,0.0,0.0,0.0,11308272.156000003,False,0.0,-0.0058033298819033,-66008.70399999991,505.0,172177.0,0.002933028220958665,-0.0017004919316158241,22884.0,21893.3,False
2024-10-01,2024-09-30,0,0,0,,False,0.0,0.0,0.0,0.0,0.0,0.0,11308272.156000003,False,0.0,-0.0058033298819033,-66008.70399999991,273.0,187083.0,0.001459245361684386,-0.0004818775045633449,22326.0,21893.45,False
2024-10-04,2024-10-01,0,0,0,,False,0.0,0.0,0.0,0.0,0.0,0.0,11308272.156000003,False,0.0,-0.0058033298819033,-66008.70399999991,-1151.0,143269.0,-0.00803383844376662,-0.000868493662270177,22391.0,21901.65,False
2024-10-07,2024-10-04,0,0,0,,False,0.0,0.0,0.0,0.0,0.0,0.0,11308272.156000003,False,0.0,-0.0058033298819033,-66008.70399999991,1709.0,192517.0,0.008877138122867072,-0.0015277451715930857,22284.0,21912.35,False
2024-10-08,2024-10-07,0,0,0,,False,0.0,0.0,0.0,0.0,0.0,0.0,11308272.156000003,False,0.0,-0.0058033298819033,-66008.70399999991,-3473.0,169029.0,-0.020546770080873696,-0.003550377743029143,22779.0,22003.95,False
2024-10-09,2024-10-08,0,0,0,,False,0.0,0.0,0.0,0.0,0.0,0.0,11308272.156000003,False,0.0,-0.0058033298819033,-66008.70399999991,1513.0,144611.0,0.010462551258203041,-0.0038041360647361805,22575.0,22073.55,False
2024-10-11,2024-10-09,0,0,0,,False,0.0,0.0,0.0,0.0,0.0,0.0,11308272.156000003,False,0.0,-0.0058033298819033,-66008.70399999991,-205.0,129203.0,-0.0015866504647724898,-0.003220977748960343,22702.0,22142.7,False
2024-10-14,2024-10-11,0,0,0,,False,0.0,0.0,0.0,0.0,0.0,0.0,11308272.156000003,False,0.0,-0.0058033298819033,-66008.70399999991,-1463.0,142783.0,-0.01024631783895842,-0.003953085642623714,22912.0,22234.65,False
2024-10-15,2024-10-14,0,0,0,,False,0.0,0.0,0.0,0.0,0.0,0.0,11308272.156000003,False,0.0,-0.0058033298819033,-66008.70399999991,2002.0,225186.0,0.008890428357002655,-0.00381119937826448,23008.0,22335.05,False
2024-10-16,2024-10-15,0,0,0,,False,0.0,0.0,0.0,0.0,0.0,0.0,11308272.156000003,False,0.0,-0.0058033298819033,-66008.70399999991,-765.0,201041.0,-0.0038051939654100407,-0.003924909223443156,23225.0,22446.05,False
2024-10-17,2024-10-16,0,0,0,,False,0.0,0.0,0.0,0.0,0.0,0.0,11308272.156000003,False,0.0,-0.0058033298819033,-66008.70399999991,-750.0,201880.0,-0.003715078264315435,-0.003626671773055399,22986.0,22509.8,False
2024-10-18,2024-10-17,0,0,0,,False,0.0,0.0,0.0,0.0,0.0,0.0,11308272.156000003,False,0.0,-0.0058033298819033,-66008.70399999991,-2072.0,125290.0,-0.016537632692154202,-0.004252579422380313,23256.0,22581.6,False
2024-10-21,2024-10-18,0,0,0,,False,0.0,0.0,0.0,0.0,0.0,0.0,11308272.156000003,False,0.0,-0.0058033298819033,-66008.70399999991,4070.0,196868.0,0.020673750939715952,-0.002986772333830611,23657.0,22673.8,False
2024-10-22,2024-10-21,0,0,0,,False,0.0,0.0,0.0,0.0,0.0,0.0,11308272.156000003,False,0.0,-0.0058033298819033,-66008.70399999991,-3938.0,107266.0,-0.036712471799078925,-0.005243246724863495,23567.0,22771.2,False
2024-10-23,2024-10-22,0,0,0,,False,0.0,0.0,0.0,0.0,0.0,0.0,11308272.156000003,False,0.0,-0.0058033298819033,-66008.70399999991,943.0,132795.0,0.00710117097782296,-0.005062317529206177,23633.0,22849.15,False
2024-10-24,2024-10-23,0,0,0,,False,0.0,0.0,0.0,0.0,0.0,0.0,11308272.156000003,False,0.0,-0.0058033298819033,-66008.70399999991,1.0,119225.0,8.387502621094569e-06,-0.004110061797545453,23406.0,22908.45,False
2024-10-25,2024-10-24,0,0,0,,False,0.0,0.0,0.0,0.0,0.0,0.0,11308272.156000003,False,0.0,-0.0058033298819033,-66008.70399999991,592.0,145734.0,0.004062195506882403,-0.0020494494715868456,23304.0,22956.75,False
2024-10-28,2024-10-25,0,0,0,,False,0.0,0.0,0.0,0.0,0.0,0.0,11308272.156000003,False,0.0,-0.0058033298819033,-66008.70399999991,-2024.0,103748.0,-0.01950880980838185,-0.004489289504042637,23481.0,23006.25,False
2024-10-29,2024-10-28,0,0,0,,False,0.0,0.0,0.0,0.0,0.0,0.0,11308272.156000003,False,0.0,-0.0058033298819033,-66008.70399999991,-922.0,144210.0,-0.006393453990707995,-0.003951076403630611,23326.0,23032.95,False
2024-10-30,2024-10-29,0,0,0,,False,0.0,0.0,0.0,0.0,0.0,0.0,11308272.156000003,False,0.0,-0.0058033298819033,-66008.70399999991,569.0,178085.0,0.003195103461830025,-0.0029711608819415723,22976.0,23033.9,False
2024-11-01,2024-10-30,0,0,0,,False,0.0,0.0,0.0,0.0,0.0,0.0,11308272.156000003,False,0.0,-0.0058033298819033,-66008.70399999991,877.0,123909.0,0.007077774818616888,-0.002763923552058661,22904.0,23034.9,False
2024-11-04,2024-11-01,0,0,0,,False,0.0,0.0,0.0,0.0,0.0,0.0,11308272.156000003,False,0.0,-0.0058033298819033,-66008.70399999991,497.0,165471.0,0.00300354744940201,-0.00268670844767278,22753.0,23056.25,False
2024-11-05,2024-11-04,0,0,0,,False,0.0,0.0,0.0,0.0,0.0,0.0,11308272.156000003,False,0.0,-0.0058033298819033,-66008.70399999991,407.0,126007.0,0.0032299792868650153,-0.0021235175611411983,23041.0,23088.75,False
2024-11-06,2024-11-05,0,0,0,,False,0.0,0.0,0.0,0.0,0.0,0.0,11308272.156000003,False,0.0,-0.0058033298819033,-66008.70399999991,-1017.0,135363.0,-0.007513131357904302,-0.002943031035179767,23135.0,23131.3,False
2024-11-07,2024-11-06,0,0,0,,False,0.0,0.0,0.0,0.0,0.0,0.0,11308272.156000003,False,0.0,-0.0058033298819033,-66008.70399999991,-1483.0,170403.0,-0.008702898423149827,-0.0023508374522935734,23324.0,23158.55,False
2024-11-08,2024-11-07,0,0,0,,False,0.0,0.0,0.0,0.0,0.0,0.0,11308272.156000003,False,0.0,-0.0058033298819033,-66008.70399999991,-1402.0,170378.0,-0.008228761929357077,-0.0032854031116715796,23532.0,23206.4,False
2024-11-11,2024-11-08,0,0,0,,False,0.0,0.0,0.0,0.0,0.0,0.0,11308272.156000003,False,0.0,-0.0058033298819033,-66008.70399999991,303.0,119079.0,0.002544529262086514,-0.003078844125328629,23781.0,23260.35,False
2024-11-12,2024-11-11,0,0,0,,False,0.0,0.0,0.0,0.0,0.0,0.0,11308272.156000003,False,0.0,-0.0058033298819033,-66008.70399999991,-3230.0,145902.0,-0.02213814752368028,-0.003673435609564722,23573.0,23293.4,False
2024-11-13,2024-11-12,0,0,0,,False,0.0,0.0,0.0,0.0,0.0,0.0,11308272.156000003,False,0.0,-0.0058033298819033,-66008.70399999991,2432.0,165052.0,0.014734750260523956,-0.003381219514388657,22869.0,23286.45,False
2024-11-14,2024-11-13,0,0,0,,False,0.0,0.0,0.0,0.0,0.0,0.0,11308272.156000003,False,0.0,-0.0058033298819033,-66008.70399999991,3991.0,162753.0,0.024521821410358028,-0.0019648687456002537,22783.0,23264.35,False
2024-11-15,2024-11-14,0,0,0,,False,0.0,0.0,0.0,0.0,0.0,0.0,11308272.156000003,False,0.0,-0.0058033298819033,-66008.70399999991,-973.0,179873.0,-0.0054093721681408545,-0.0020495834407915246,22684.0,23249.25,False
2024-11-18,2024-11-15,0,0,0,,False,0.0,0.0,0.0,0.0,0.0,0.0,11308272.156000003,False,0.0,-0.0058033298819033,-66008.70399999991,458.0,147480.0,0.003105505831299159,-0.0010674265146188564,22759.0,23224.4,False
2024-11-19,2024-11-18,0,0,0,,False,0.0,0.0,0.0,0.0,0.0,0.0,11308272.156000003,False,0.0,-0.0058033298819033,-66008.70399999991,-943.0,241503.0,-0.0039047133990053953,-0.002296349731554924,22574.0,23170.25,False
2024-11-20,2024-11-19,0,0,0,,False,0.0,0.0,0.0,0.0,0.0,0.0,11308272.156000003,False,0.0,-0.0058033298819033,-66008.70399999991,422.0,236476.0,0.0017845362742942201,-0.00037149932788626666,22850.0,23134.4,False
2024-11-21,2024-11-20,0,0,0,,False,0.0,0.0,0.0,0.0,0.0,0.0,11308272.156000003,False,0.0,-0.0058033298819033,-66008.70399999991,-3596.0,166216.0,-0.021634499687154064,-0.001808282861135118,22686.0,23087.05,False
2024-11-22,2024-11-21,0,0,0,,False,0.0,0.0,0.0,0.0,0.0,0.0,11308272.156000003,False,0.0,-0.0058033298819033,-66008.70399999991,440.0,134114.0,0.0032807909688772237,-0.0016446626878223116,22573.0,23045.4,False
2024-11-25,2024-11-22,0,0,0,,False,0.0,0.0,0.0,0.0,0.0,0.0,11308272.156000003,False,0.0,-0.0058033298819033,-66008.70399999991,1906.0,175176.0,0.010880485911312052,-0.001303748167600829,23038.0,23032.1,False
2024-11-26,2024-11-25,0,0,0,,False,0.0,0.0,0.0,0.0,0.0,0.0,11308272.156000003,False,0.0,-0.0058033298819033,-66008.70399999991,-6319.0,117907.0,-0.053593086076314383,-0.0030079619809974555,23066.0,23011.35,False
2024-11-27,2024-11-26,0,0,0,,False,0.0,0.0,0.0,0.0,0.0,0.0,11308272.156000003,False,0.0,-0.0058033298819033,-66008.70399999991,46.0,129942.0,0.0003540040941343061,-0.00267058907675534,22636.0,22976.85,False
2024-11-28,2024-11-27,0,0,0,,False,0.0,0.0,0.0,0.0,0.0,0.0,11308272.156000003,False,0.0,-0.0058033298819033,-66008.70399999991,3630.0,125560.0,0.028910481044918765,-0.0013848201976009032,22347.0,22945.4,False
2024-11-29,2024-11-28,0,0,0,,False,0.0,0.0,0.0,0.0,0.0,0.0,11308272.156000003,False,0.0,-0.0058033298819033,-66008.70399999991,-1183.0,145217.0,-0.008146429137084502,-0.002146030395385973,22337.0,22917.05,False
2024-12-02,2024-11-29,0,0,0,,False,0.0,0.0,0.0,0.0,0.0,0.0,11308272.156000003,False,0.0,-0.0058033298819033,-66008.70399999991,2691.0,114123.0,0.023579821771246814,-0.0011172166792937327,22313.0,22895.05,False
2024-12-03,2024-12-02,0,0,0,,False,0.0,0.0,0.0,0.0,0.0,0.0,11308272.156000003,False,0.0,-0.0058033298819033,-66008.70399999991,3813.0,121685.0,0.03133500431441837,0.00028803457208393513,22827.0,22884.35,False
2024-12-04,2024-12-03,0,0,0,,False,0.0,0.0,0.0,0.0,0.0,0.0,11308272.156000003,False,0.0,-0.0058033298819033,-66008.70399999991,-1866.0,115438.0,-0.016164521214851263,-0.00014453492076341298,23112.0,22883.2,False
2024-12-05,2024-12-04,1,0,1,TX202412,False,-1800.0,50.0,93.048,400.0,543.048,-2343.048,11305929.108000005,False,-0.0002071977016185,-0.0060093251469086,-68351.75200000033,-102.0,111976.0,-0.0009109094806029863,0.00024506452636392903,23294.0,22881.7,True
2024-12-06,2024-12-05,1,1,1,TX202412,False,-14400.0,0.0,0.0,0.0,0.0,-14400.0,11291529.108000005,False,-0.001273667989817,-0.0072753392516456,-82751.75200000033,739.0,87461.0,0.0084494803398086,0.0010789766398222127,23251.0,22867.65,True
2024-12-09,2024-12-06,1,1,1,TX202412,False,14000.0,0.0,0.0,0.0,0.0,14000.0,11305529.108000005,False,0.0012398675029833,-0.0060444922053736,-68751.75200000033,1221.0,95955.0,0.012724714710020322,0.0015879859122189034,23179.0,22837.55,True
2024-12-10,2024-12-09,1,1,1,TX202412,False,-31800.0,0.0,0.0,0.0,0.0,-31800.0,11273729.108000005,False,-0.0028127829928364,-0.0088402733533344,-100551.75200000031,-1651.0,87935.0,-0.018775231705236824,0.0017561317031410764,23249.0,22821.35,True
2024-12-11,2024-12-10,1,1,1,TX202412,False,-48400.0,0.0,0.0,0.0,0.0,-48400.0,11225329.108000005,False,-0.0042931668426957,-0.0130954874275893,-148951.75200000033,954.0,127068.0,0.007507791103975824,0.0013947837453136699,23090.0,22832.4,True
2024-12-12,2024-12-11,0,1,0,,False,31200.0,50.0,92.008,400.0,542.008,30657.992,11255987.100000003,False,0.0027311441566689,-0.0104001089348869,-118293.75999999978,-1256.0,114718.0,-0.010948586969786782,-0.0003787366736935709,22848.0,22835.65,False
2024-12-13,2024-12-12,1,0,1,TX202412,False,-2000.0,50.0,91.992,400.0,541.992,-2541.992,11253445.108000005,False,-0.0002258346582504,-0.0106235948880903,-120835.75200000031,336.0,106826.0,0.0031453017055772937,4.8997019992336513e-05,23107.0,22856.8,True
2024-12-16,2024-12-13,0,1,0,,False,46800.0,50.0,92.872,400.0,542.8720000000001,46257.128,11299702.236000003,False,0.0041104859495085,-0.0065567770761025,-74578.62399999984,-1335.0,131305.0,-0.010167168043867332,-0.0006146366737659881,22986.0,22868.15,False
2024-12-17,2024-12-16,0,0,0,,False,0.0,0.0,0.0,0.0,0.0,0.0,11299702.236000003,False,0.0,-0.0065567770761025,-74578.62399999984,491.0,244185.0,0.0020107705223498576,-0.0003188624776982254,22961.0,22887.5,False
2024-12-18,2024-12-17,0,0,0,,False,0.0,0.0,0.0,0.0,0.0,0.0,11299702.236000003,False,0.0,-0.0065567770761025,-74578.62399999984,-35.0,204305.0,-0.00017131249847042413,-0.00041665491633645764,23031.0,22896.55,False
2024-12-19,2024-12-18,1,0,1,TX202501,False,20400.0,50.0,90.996,400.0,540.996,19859.004,11319561.240000006,False,0.0017574802933063,-0.0048108201892949,-54719.61999999918,786.0,157990.0,0.0049749984176213685,0.0009138199889023139,23105.0,22917.5,True
2024-12-20,2024-12-19,0,1,0,,False,-16400.0,50.0,91.06,400.0,541.06,-16941.06,11302620.180000003,False,-0.001496618079165,-0.006300238307989,-71660.6799999997,-2076.0,147554.0,-0.01406942543068978,4.630916892396381e-05,22849.0,22931.3,False
2024-12-23,2024-12-20,0,0,0,,False,0.0,0.0,0.0,0.0,0.0,0.0,11302620.180000003,False,0.0,-0.006300238307989,-71660.6799999997,2137.0,138557.0,0.015423255411130437,0.00027344764391488307,22635.0,22911.15,False
2024-12-24,2024-12-23,1,0,1,TX202501,False,-42800.0,50.0,93.728,400.0,543.7280000000001,-43343.728,11259276.452000003,False,-0.0038348389408587,-0.0101109168496477,-115004.40799999982,190.0,145836.0,0.0013028333196192985,0.003018243613711567,23242.0,22919.95,True
2024-12-25,2024-12-24,1,1,1,TX202501,False,22600.0,0.0,0.0,0.0,0.0,22600.0,11281876.452000003,False,0.0020072337770856,-0.0081239780463799,-92404.40799999982,-1504.0,101774.0,-0.014777841098905418,0.002261651354059581,23216.0,22948.95,True
2024-12-26,2024-12-25,1,1,1,TX202501,False,-600.0,0.0,0.0,0.0,0.0,-600.0,11281276.452000003,False,-5.318264231599828e-05,-0.0081767286340773,-93004.40799999982,-337.0,56285.0,-0.005987385626721151,0.0005167580204775852,23329.0,22998.05,True
2024-12-27,2024-12-26,0,1,0,,False,-26400.0,50.0,92.768,400.0,542.768,-26942.768,11254333.684000006,False,-0.0023882730039137,-0.0105454733777339,-119947.17599999905,-1138.0,36154.0,-0.031476461802290204,-0.0006497436127826997,23326.0,23047.5,False
2024-12-30,2024-12-27,0,0,0,,False,0.0,0.0,0.0,0.0,0.0,0.0,11254333.684000006,False,0.0,-0.0105454733777339,-119947.17599999905,1402.0,76122.0,0.018417803000446653,-0.000907844551322708,23372.0,23100.45,False
2024-12-31,2024-12-30,0,0,0,,False,0.0,0.0,0.0,0.0,0.0,0.0,11254333.684000006,False,0.0,-0.0105454733777339,-119947.17599999905,-1620.0,90226.0,-0.017954913217919446,-0.0033723404279395993,23177.0,23117.95,False
2025-01-02,2024-12-31,0,0,0,,False,0.0,0.0,0.0,0.0,0.0,0.0,11254333.684000006,False,0.0,-0.0105454733777339,-119947.17599999905,-582.0,102326.0,-0.005687704004847253,-0.0028484995674393984,23041.0,23114.4,False
2025-01-03,2025-01-02,0,0,0,,False,0.0,0.0,0.0,0.0,0.0,0.0,11254333.684000006,False,0.0,-0.0105454733777339,-119947.17599999905,702.0,131390.0,0.005342872364715732,-0.0025358104751734625,22842.0,23091.8,False
2025-01-06,2025-01-03,0,0,0,,False,0.0,0.0,0.0,0.0,0.0,0.0,11254333.684000006,False,0.0,-0.0105454733777339,-119947.17599999905,1427.0,133431.0,0.010694666157039968,-0.0024235511843118942,22977.0,23078.1,False
2025-01-07,2025-01-06,0,0,0,,False,0.0,0.0,0.0,0.0,0.0,0.0,11254333.684000006,False,0.0,-0.0105454733777339,-119947.17599999905,2613.0,125819.0,0.020767928532256653,-0.0020213904932000776,23609.0,23099.6,False
2025-01-08,2025-01-07,0,0,0,,False,0.0,0.0,0.0,0.0,0.0,0.0,11254333.684000006,False,0.0,-0.0105454733777339,-119947.17599999905,1367.0,130511.0,0.010474212901594502,-0.0005589182628585114,23752.0,23124.75,False
2025-01-09,2025-01-08,0,0,0,,False,0.0,0.0,0.0,0.0,0.0,0.0,11254333.684000006,False,0.0,-0.0105454733777339,-119947.17599999905,-4746.0,131990.0,-0.03595726949011289,-0.002732171292562947,23450.0,23142.75,False
2025-01-10,2025-01-09,0,0,0,,False,0.0,0.0,0.0,0.0,0.0,0.0,11254333.684000006,False,0.0,-0.0105454733777339,-119947.17599999905,-1234.0,137424.0,-0.008979508673885202,-0.002633717377767868,23105.0,23155.6,False
2025-01-13,2025-01-10,0,0,0,,False,0.0,0.0,0.0,0.0,0.0,0.0,11254333.684000006,False,0.0,-0.0105454733777339,-119947.17599999905,-685.0,110929.0,-0.006175121023357283,-0.0030997385142145966,23049.0,23152.7,False
2025-01-14,2025-01-13,0,0,0,,False,0.0,0.0,0.0,0.0,0.0,0.0,11254333.684000006,False,0.0,-0.0105454733777339,-119947.17599999905,716.0,311822.0,0.002296181796024655,-0.0024765710222199974,22535.0,23130.15,False
2025-01-15,2025-01-14,0,0,0,,False,0.0,0.0,0.0,0.0,0.0,0.0,11254333.684000006,False,0.0,-0.0105454733777339,-119947.17599999905,1373.0,230659.0,0.005952509982268196,-0.0022794840492240806,22750.0,23119.6,False
2025-01-16,2025-01-15,0,0,0,,False,0.0,0.0,0.0,0.0,0.0,0.0,11254333.684000006,False,0.0,-0.0105454733777339,-119947.17599999905,-125.0,150897.0,-0.000828379623186677,-0.0023123374054598933,22519.0,23094.0,False
2025-01-17,2025-01-16,0,0,0,,False,0.0,0.0,0.0,0.0,0.0,0.0,11254333.684000006,False,0.0,-0.0105454733777339,-119947.17599999905,-506.0,139350.0,-0.0036311445999282384,-0.0027426445563373736,23031.0,23090.3,False
2025-01-20,2025-01-17,0,0,0,,False,0.0,0.0,0.0,0.0,0.0,0.0,11254333.684000006,False,0.0,-0.0105454733777339,-119947.17599999905,2167.0,166471.0,0.013017282289407765,-0.001388309170332496,23190.0,23107.35,False
2025-01-21,2025-01-20,0,0,0,,False,0.0,0.0,0.0,0.0,0.0,0.0,11254333.684000006,False,0.0,-0.0105454733777339,-119947.17599999905,-1919.0,95769.0,-0.02003779928786977,-0.0031613619052825066,23346.0,23142.9,False
2025-01-22,2025-01-21,0,0,0,,False,0.0,0.0,0.0,0.0,0.0,0.0,11254333.684000006,False,0.0,-0.0105454733777339,-119947.17599999905,501.0,100717.0,0.00497433402504046,-0.0029777868700114484,23365.0,23149.05,False
2025-02-03,2025-01-22,0,0,0,,False,0.0,0.0,0.0,0.0,0.0,0.0,11254333.684000006,False,0.0,-0.0105454733777339,-119947.17599999905,1126.0,109544.0,0.010278974658584678,-0.0017249460821369435,23698.0,23173.15,False
2025-02-04,2025-02-03,0,0,0,,False,0.0,0.0,0.0,0.0,0.0,0.0,11254333.684000006,False,0.0,-0.0105454733777339,-119947.17599999905,-1686.0,146660.0,-0.011495977089867722,-0.002000375655294272,22598.0,23136.6,False
2025-02-05,2025-02-04,0,0,0,,False,0.0,0.0,0.0,0.0,0.0,0.0,11254333.684000006,False,0.0,-0.0105454733777339,-119947.17599999905,1663.0,129745.0,0.012817449612701839,0.00021431991545533,22822.0,23111.4,False
2025-02-06,2025-02-05,0,0,0,,False,0.0,0.0,0.0,0.0,0.0,0.0,11254333.684000006,False,0.0,-0.0105454733777339,-119947.17599999905,88.0,108218.0,0.0008131734092295182,-0.0006659115641055268,23133.0,23099.45,False
2025-02-07,2025-02-06,1,0,1,TX202502,False,29200.0,50.0,93.148,400.0,543.148,28656.852,11282990.536000006,False,0.0025462948589076,-0.0080260304034728,-91290.32399999908,-208.0,80010.0,-0.0025996750406199224,0.00010185034475944943,23290.0,23105.1,True
2025-02-10,2025-02-07,1,1,1,TX202502,False,-37000.0,0.0,0.0,0.0,0.0,-37000.0,11245990.536000006,False,-0.0032792724483767,-0.0112789833114775,-128290.32399999908,-77.0,69783.0,-0.001103420603872003,0.00033106451480821185,23431.0,23124.6,True
2025-02-11,2025-02-10,1,1,1,TX202502,False,17800.0,0.0,0.0,0.0,0.0,17800.0,11263790.536000006,False,0.0015827863222025,-0.0097140492097888,-110490.32399999908,686.0,120714.0,0.005682853687227662,0.00034806358093380835,23246.0,23144.8,True
2025-02-12,2025-02-11,0,1,0,,False,18800.0,50.0,93.708,400.0,543.7080000000001,18256.292,11282046.828000003,False,0.0016207946997639,-0.0081089989894973,-92234.03199999966,-729.0,83223.0,-0.008759597707364552,-0.0006246496122864177,23335.0,23162.7,False
2025-02-13,2025-02-12,0,0,0,,False,0.0,0.0,0.0,0.0,0.0,0.0,11282046.828000003,False,0.0,-0.0081089989894973,-92234.03199999966,964.0,92816.0,0.010386140320634374,-0.0011437390228675316,23315.0,23148.0,False
2025-02-14,2025-02-13,0,0,0,,False,0.0,0.0,0.0,0.0,0.0,0.0,11282046.828000003,False,0.0,-0.0081089989894973,-92234.03199999966,-681.0,105973.0,-0.0064261651552754,-0.0019887579257110268,23399.0,23130.35,False
2025-02-17,2025-02-14,0,0,0,,False,0.0,0.0,0.0,0.0,0.0,0.0,11282046.828000003,False,0.0,-0.0081089989894973,-92234.03199999966,-1984.0,133030.0,-0.014913929188904758,-0.0009365909106506202,23179.0,23116.8,False
2025-02-18,2025-02-17,0,0,0,,False,0.0,0.0,0.0,0.0,0.0,0.0,11282046.828000003,False,0.0,-0.0081089989894973,-92234.03199999966,1989.0,230615.0,0.008624764217418642,-5.637726608542799e-05,23504.0,23136.75,False
2025-02-19,2025-02-18,1,0,1,TX202503,False,5400.0,50.0,94.336,400.0,544.336,4855.664,11286902.492000006,False,0.0004303885699134,-0.0076821004400623,-87378.36799999885,201.0,147951.0,0.0013585579009266582,0.0003203066801287691,23649.0,23166.75,True
2025-02-20,2025-02-19,1,1,1,TX202503,False,-14200.0,0.0,0.0,0.0,0.0,-14200.0,11272702.492000006,False,-0.0012580953906587,-0.0089305310155668,-101578.36799999884,986.0,120540.0,0.00817985730877717,0.0006144904557663948,23608.0,23220.4,True
2025-02-21,2025-02-20,1,1,1,TX202503,False,41400.0,0.0,0.0,0.0,0.0,41400.0,11314102.492000006,False,0.0036725887185775,-0.0052907404644479,-60178.36799999885,1906.0,89776.0,0.021230618428087687,0.0013783958780573694,23538.0,23259.8,True
2025-02-24,2025-02-21,1,1,1,TX202503,False,-37400.0,0.0,0.0,0.0,0.0,-37400.0,11276702.492000006,False,-0.0033056090862218,-0.0085788604309177,-97578.36799999884,-1029.0,95507.0,-0.010774079386851225,0.000881110889874142,23745.0,23321.1,True
2025-02-25,2025-02-24,0,1,0,,False,-65400.0,50.0,92.916,400.0,542.9159999999999,-65942.916,11210759.576000009,False,-0.0058477126666045,-0.0143764063867153,-163521.28399999812,-2899.0,97187.0,-0.029829092368320865,-0.0004287864985454895,23558.0,23347.45,False
2025-02-26,2025-02-25,0,0,0,,False,0.0,0.0,0.0,0.0,0.0,0.0,11210759.576000009,False,0.0,-0.0143764063867153,-163521.28399999812,-1673.0,121155.0,-0.013808757376913871,-0.0017700884818615714,23299.0,23352.9,False
2025-02-27,2025-02-26,0,0,0,,False,0.0,0.0,0.0,0.0,0.0,0.0,11210759.576000009,False,0.0,-0.0143764063867153,-163521.28399999812,652.0,131698.0,0.004950720588011967,-0.0005206624880674844,23421.0,23356.65,False
2025-03-03,2025-02-27,0,0,0,,False,0.0,0.0,0.0,0.0,0.0,0.0,11210759.576000009,False,0.0,-0.0143764063867153,-163521.28399999812,434.0,129646.0,0.003347577248816007,-0.000602000326878707,23196.0,23348.2,False
2025-03-04,2025-03-03,0,0,0,,False,0.0,0.0,0.0,0.0,0.0,0.0,11210759.576000009,False,0.0,-0.0143764063867153,-163521.28399999812,-3867.0,172105.0,-0.0224688416954766,-0.0022393911445817713,22718.0,23299.2,False
2025-03-05,2025-03-04,0,0,0,,False,0.0,0.0,0.0,0.0,0.0,0.0,11210759.576000009,False,0.0,-0.0143764063867153,-163521.28399999812,2647.0,200947.0,0.013172627608274819,-0.001005960909674644,22588.0,23298.7,False
2025-03-06,2025-03-05,0,0,0,,False,0.0,0.0,0.0,0.0,0.0,0.0,11210759.576000009,False,0.0,-0.0143764063867153,-163521.28399999812,1274.0,185582.0,0.006864889913892511,-0.0013035888946151103,22888.0,23302.0,False
2025-03-07,2025-03-06,0,0,0,,False,0.0,0.0,0.0,0.0,0.0,0.0,11210759.576000009,False,0.0,-0.0143764063867153,-163521.28399999812,1566.0,142514.0,0.010988394122682684,-0.0007948278589424519,22763.0,23283.5,False
2025-03-10,2025-03-07,0,0,0,,False,0.0,0.0,0.0,0.0,0.0,0.0,11210759.576000009,False,0.0,-0.0143764063867153,-163521.28399999812,-4.0,141182.0,-2.833222365457353e-05,-0.0006662607180941845,22520.0,23245.0,False
2025-03-11,2025-03-10,0,0,0,,False,0.0,0.0,0.0,0.0,0.0,0.0,11210759.576000009,False,0.0,-0.0143764063867153,-163521.28399999812,403.0,169589.0,0.0023763333706785226,-0.0004922730193666582,22446.0,23195.75,False
2025-03-12,2025-03-11,0,0,0,,False,0.0,0.0,0.0,0.0,0.0,0.0,11210759.576000009,False,0.0,-0.0143764063867153,-163521.28399999812,-1162.0,199944.0,-0.0058116272556315764,-0.0010669970665096202,22031.0,23135.0,False
2025-03-13,2025-03-12,0,0,0,,False,0.0,0.0,0.0,0.0,0.0,0.0,11210759.576000009,False,0.0,-0.0143764063867153,-163521.28399999812,1732.0,171480.0,0.010100303242360624,-0.00012400201902336132,22232.0,23079.85,False
2025-03-14,2025-03-13,0,0,0,,False,0.0,0.0,0.0,0.0,0.0,0.0,11210759.576000009,False,0.0,-0.0143764063867153,-163521.28399999812,1992.0,162418.0,0.012264650469775517,-3.0076511566304137e-05,21920.0,23010.1,False
2025-03-17,2025-03-14,0,0,0,,False,0.0,0.0,0.0,0.0,0.0,0.0,11210759.576000009,False,0.0,-0.0143764063867153,-163521.28399999812,384.0,168626.0,0.002277228897085859,0.0004050931910517588,21961.0,22938.2,False
2025-03-18,2025-03-17,0,0,0,,False,0.0,0.0,0.0,0.0,0.0,0.0,11210759.576000009,False,0.0,-0.0143764063867153,-163521.28399999812,-318.0,237030.0,-0.0013416023288191367,0.0010837095340560398,22158.0,22887.15,False
2025-03-19,2025-03-18,0,0,0,,False,0.0,0.0,0.0,0.0,0.0,0.0,11210759.576000009,False,0.0,-0.0143764063867153,-163521.28399999812,-1018.0,218116.0,-0.004667241284454143,0.00041910925896240065,22230.0,22823.45,False
2025-03-20,2025-03-19,0,0,0,,False,0.0,0.0,0.0,0.0,0.0,0.0,11210759.576000009,False,0.0,-0.0143764063867153,-163521.28399999812,848.0,148666.0,0.005704061453190373,0.0006363844365755864,21964.0,22739.2,False
2025-03-21,2025-03-20,0,0,0,,False,0.0,0.0,0.0,0.0,0.0,0.0,11210759.576000009,False,0.0,-0.0143764063867153,-163521.28399999812,1120.0,115380.0,0.009707054948864622,0.000712744318579959,22365.0,22677.05,False
2025-03-24,2025-03-21,0,0,0,,False,0.0,0.0,0.0,0.0,0.0,0.0,11210759.576000009,False,0.0,-0.0143764063867153,-163521.28399999812,-1054.0,122238.0,-0.008622523274268231,-0.0007799127665378369,22177.0,22609.0,False
2025-03-25,2025-03-24,0,0,0,,False,0.0,0.0,0.0,0.0,0.0,0.0,11210759.576000009,False,0.0,-0.0143764063867153,-163521.28399999812,-292.0,104914.0,-0.0027832319804792496,-0.00038037039621923813,22160.0,22529.75,False
2025-03-26,2025-03-25,0,0,0,,False,0.0,0.0,0.0,0.0,0.0,0.0,11210759.576000009,False,0.0,-0.0143764063867153,-163521.28399999812,1340.0,104068.0,0.012876196333166775,0.001754894038855144,22298.0,22466.75,False
2025-03-27,2025-03-26,0,0,0,,False,0.0,0.0,0.0,0.0,0.0,0.0,11210759.576000009,False,0.0,-0.0143764063867153,-163521.28399999812,-553.0,88167.0,-0.006272188006850636,0.002131722507358306,22305.0,22417.05,False
2025-03-28,2025-03-27,0,0,0,,False,0.0,0.0,0.0,0.0,0.0,0.0,11210759.576000009,False,0.0,-0.0143764063867153,-163521.28399999812,-1156.0,118488.0,-0.009756262237526164,0.001396373366081399,21968.0,22344.4,False
2025-03-31,2025-03-28,0,0,0,,False,0.0,0.0,0.0,0.0,0.0,0.0,11210759.576000009,False,0.0,-0.0143764063867153,-163521.28399999812,319.0,149551.0,0.0021330516011260374,0.0013356470836969007,21603.0,22264.75,False
2025-04-01,2025-03-31,0,0,0,,False,0.0,0.0,0.0,0.0,0.0,0.0,11210759.576000009,False,0.0,-0.0143764063867153,-163521.28399999812,5477.0,203893.0,0.026862128665525547,0.0038021956017470085,20769.0,22167.3,False
2025-04-02,2025-04-01,0,0,0,,False,0.0,0.0,0.0,0.0,0.0,0.0,11210759.576000009,False,0.0,-0.0143764063867153,-163521.28399999812,631.0,176313.0,0.0035788625909603943,0.003322507350881287,21181.0,22096.95,False
2025-04-07,2025-04-02,0,0,0,,False,0.0,0.0,0.0,0.0,0.0,0.0,11210759.576000009,False,0.0,-0.0143764063867153,-163521.28399999812,2656.0,156844.0,0.01693402361582209,0.0038259640359777657,21304.0,22017.75,False
2025-04-08,2025-04-07,0,0,0,,False,0.0,0.0,0.0,0.0,0.0,0.0,11210759.576000009,False,0.0,-0.0143764063867153,-163521.28399999812,-707.0,99919.0,-0.007075731342387334,0.0029227577627242646,19167.0,21837.95,False
2025-04-09,2025-04-08,0,0,0,,False,0.0,0.0,0.0,0.0,0.0,0.0,11210759.576000009,False,0.0,-0.0143764063867153,-163521.28399999812,-4205.0,470901.0,-0.008929690104714155,0.002477689868671286,18190.0,21621.45,False
2025-04-10,2025-04-09,0,0,0,,False,0.0,0.0,0.0,0.0,0.0,0.0,11210759.576000009,False,0.0,-0.0143764063867153,-163521.28399999812,3666.0,432508.0,0.00847614379387202,0.0027826803898309605,17204.0,21359.35,False
2025-04-11,2025-04-10,0,0,0,,False,0.0,0.0,0.0,0.0,0.0,0.0,11210759.576000009,False,0.0,-0.0143764063867153,-163521.28399999812,2203.0,240609.0,0.009155933485447344,0.003531058426884907,18902.0,21202.9,False
2025-04-14,2025-04-11,0,0,0,,False,0.0,0.0,0.0,0.0,0.0,0.0,11210759.576000009,False,0.0,-0.0143764063867153,-163521.28399999812,222.0,398766.0,0.0005567174734054559,0.0030538791384371487,19524.0,21067.5,False
2025-04-15,2025-04-14,0,0,0,,False,0.0,0.0,0.0,0.0,0.0,0.0,11210759.576000009,False,0.0,-0.0143764063867153,-163521.28399999812,397.0,395167.0,0.0010046385452226528,0.002490878542209505,19491.0,20946.05,False
2025-04-16,2025-04-15,0,0,0,,False,0.0,0.0,0.0,0.0,0.0,0.0,11210759.576000009,False,0.0,-0.0143764063867153,-163521.28399999812,1298.0,269800.0,0.004810971089696072,0.0026175656518400156,19798.0,20837.9,False
2025-04-17,2025-04-16,0,0,0,,False,0.0,0.0,0.0,0.0,0.0,0.0,11210759.576000009,False,0.0,-0.0143764063867153,-163521.28399999812,-90.0,174830.0,-0.0005147857919121432,0.0026589064786853656,19548.0,20707.4,False
2025-04-18,2025-04-17,0,0,0,,False,0.0,0.0,0.0,0.0,0.0,0.0,11210759.576000009,False,0.0,-0.0143764063867153,-163521.28399999812,-108.0,176360.0,-0.000612383760489907,0.0028616493548835773,19369.0,20564.35,False
2025-04-21,2025-04-18,0,0,0,,False,0.0,0.0,0.0,0.0,0.0,0.0,11210759.576000009,False,0.0,-0.0143764063867153,-163521.28399999812,852.0,133812.0,0.006367141960362299,0.0028948033802421733,19330.0,20432.65,False
2025-04-22,2025-04-21,0,0,0,,False,0.0,0.0,0.0,0.0,0.0,0.0,11210759.576000009,False,0.0,-0.0143764063867153,-163521.28399999812,1435.0,75019.0,0.01912848744984604,0.003365875005291244,19099.0,20269.35,False
2025-04-23,2025-04-22,0,0,0,,False,0.0,0.0,0.0,0.0,0.0,0.0,11210759.576000009,False,0.0,-0.0143764063867153,-163521.28399999812,-2463.0,135461.0,-0.018182355068986647,0.002887883415555323,18797.0,20100.35,False
2025-04-24,2025-04-23,0,0,0,,False,0.0,0.0,0.0,0.0,0.0,0.0,11210759.576000009,False,0.0,-0.0143764063867153,-163521.28399999812,1391.0,155309.0,0.008956338653909303,0.003474861947274752,19554.0,19970.05,False
2025-04-25,2025-04-24,0,0,0,,False,0.0,0.0,0.0,0.0,0.0,0.0,11210759.576000009,False,0.0,-0.0143764063867153,-163521.28399999812,793.0,154313.0,0.005138905989774031,0.003087997430105114,19466.0,19828.45,False
2025-04-28,2025-04-25,1,0,1,TX202505,False,0.0,50.0,79.86800000000001,400.0,529.8679999999999,-529.8679999999999,11210229.708000006,False,-4.726423721853257e-05,-0.014422991134052,-164051.15199999884,1424.0,143468.0,0.009925558312655087,0.0038978847460803996,19873.0,19706.85,True
2025-04-29,2025-04-28,1,1,1,TX202505,False,37800.0,0.0,0.0,0.0,0.0,37800.0,11248029.708000006,False,0.0033719202000851,-0.0110997041091175,-126251.15199999884,-821.0,115507.0,-0.007107794332810998,0.004030308141316158,19965.0,19606.7,True
2025-04-30,2025-04-29,1,1,1,TX202505,False,-1000.0,0.0,0.0,0.0,0.0,-1000.0,11247029.708000006,False,-8.890445935511388e-05,-0.0111876217552797,-127251.15199999884,99.0,111503.0,0.0008878684878433764,0.003968048985652025,20154.0,19534.25,True
2025-05-02,2025-04-30,1,1,1,TX202505,False,105600.0,0.0,0.0,0.0,0.0,105600.0,11352629.708000006,False,0.0093891456448173,-0.0019035183205419,-21651.15199999884,1616.0,111088.0,0.014547025781362523,0.0033522938414438735,20149.0,19503.25,True
2025-05-05,2025-05-02,1,1,1,TX202505,False,-54600.0,0.0,0.0,0.0,0.0,-54600.0,11298029.708000006,False,-0.0048094583725851,-0.0067038218010029,-76251.15199999884,-665.0,145013.0,-0.0045857957562425436,0.002944060924083727,20677.0,19478.05,True
2025-05-06,2025-05-05,1,1,1,TX202505,False,-13400.0,0.0,0.0,0.0,0.0,-13400.0,11284629.708000006,False,-0.0011860475097274,-0.0078819182595776,-89651.15199999884,-1441.0,175585.0,-0.008206851382521287,0.0016870171741665582,20404.0,19433.05,True
2025-05-07,2025-05-06,1,1,1,TX202505,False,8800.0,0.0,0.0,0.0,0.0,8800.0,11293429.708000006,False,0.0007798217777373,-0.0071082429733495,-80851.15199999884,-1395.0,146351.0,-0.009531878839228977,0.0015642097993244762,20337.0,19491.55,True
2025-05-08,2025-05-07,1,1,1,TX202505,False,38800.0,0.0,0.0,0.0,0.0,38800.0,11332229.708000006,False,0.0034356259350084,-0.0036970383022526,-42051.15199999884,484.0,149296.0,0.00324188189904619,0.0021727883995124935,20381.0,19601.1,True
2025-05-09,2025-05-08,1,1,1,TX202505,False,54600.0,0.0,0.0,0.0,0.0,54600.0,11386829.708000006,False,0.0048181162407478,0.0,0.0,908.0,146610.0,0.006193301957574517,0.002058646307697618,20575.0,19769.65,True
2025-05-12,2025-05-09,1,1,1,TX202505,False,43600.0,0.0,0.0,0.0,0.0,43600.0,11430429.708000006,False,0.0038289849868719,0.0,0.0,-2762.0,137542.0,-0.02008113885213244,0.000596792690818629,20848.0,19866.95,True
2025-05-13,2025-05-12,0,1,0,,False,71000.0,50.0,85.676,400.0,535.6759999999999,70464.324,11500894.032000003,False,0.0061646259852053,0.0,0.0,-1810.0,110176.0,-0.01642826023816439,-0.0002524561947598633,21066.0,19944.05,False
2025-05-14,2025-05-13,0,0,0,,False,0.0,0.0,0.0,0.0,0.0,0.0,11500894.032000003,False,0.0,0.0,0.0,-206.0,140352.0,-0.0014677382580939352,-0.00037607503492569273,21360.0,20037.5,False
2025-05-15,2025-05-14,0,0,0,,False,0.0,0.0,0.0,0.0,0.0,0.0,11500894.032000003,False,0.0,0.0,0.0,220.0,127352.0,0.001727495445693825,-0.000530248817125805,21768.0,20136.0,False
2025-05-16,2025-05-15,0,0,0,,False,0.0,0.0,0.0,0.0,0.0,0.0,11500894.032000003,False,0.0,0.0,0.0,-608.0,101662.0,-0.005980602388306349,-0.0008035396469455154,21694.0,20243.3,False
2025-05-19,2025-05-16,0,0,0,,False,0.0,0.0,0.0,0.0,0.0,0.0,11500894.032000003,False,0.0,0.0,0.0,144.0,123276.0,0.001168110581135014,-0.0007145149298642692,21821.0,20365.9,False
2025-05-20,2025-05-19,0,0,0,,False,0.0,0.0,0.0,0.0,0.0,0.0,11500894.032000003,False,0.0,0.0,0.0,-638.0,257496.0,-0.0024777083915866653,-0.0011567574474617174,21538.0,20476.3,False
2025-05-21,2025-05-20,0,0,0,,False,0.0,0.0,0.0,0.0,0.0,0.0,11500894.032000003,False,0.0,0.0,0.0,652.0,231602.0,0.002815174307648466,-0.0019724231045715962,21539.0,20598.3,False
2025-05-22,2025-05-21,0,0,0,,False,0.0,0.0,0.0,0.0,0.0,0.0,11500894.032000003,False,0.0,0.0,0.0,1748.0,126312.0,0.013838748495788207,-0.00037136792633285336,21849.0,20750.9,False
2025-05-23,2025-05-22,0,0,0,,False,0.0,0.0,0.0,0.0,0.0,0.0,11500894.032000003,False,0.0,0.0,0.0,-2118.0,104674.0,-0.020234251103425874,-0.0018308974141996123,21503.0,20848.35,False
2025-05-26,2025-05-23,0,0,0,,False,0.0,0.0,0.0,0.0,0.0,0.0,11500894.032000003,False,0.0,0.0,0.0,-91.0,100631.0,-0.000904293905456569,-0.0021330574089611426,21470.0,20948.55,False
2025-05-27,2025-05-26,0,0,0,,False,0.0,0.0,0.0,0.0,0.0,0.0,11500894.032000003,False,0.0,0.0,0.0,82.0,144474.0,0.0005675761728753963,-0.0026009565159501266,21385.0,21024.15,False
2025-05-28,2025-05-27,0,0,0,,False,0.0,0.0,0.0,0.0,0.0,0.0,11500894.032000003,False,0.0,0.0,0.0,-1261.0,86671.0,-0.01454927253637318,-0.0029730304261282358,21233.0,21087.55,False
2025-05-29,2025-05-28,0,0,0,,False,0.0,0.0,0.0,0.0,0.0,0.0,11500894.032000003,False,0.0,0.0,0.0,1227.0,113587.0,0.010802292515868894,-0.00247730922472696,21252.0,21142.45,False
2025-06-02,2025-05-29,0,0,0,,False,0.0,0.0,0.0,0.0,0.0,0.0,11500894.032000003,False,0.0,0.0,0.0,-4329.0,122081.0,-0.03546006340052916,-0.004977663683821544,21320.0,21201.0,False
2025-06-03,2025-06-02,0,0,0,,False,0.0,0.0,0.0,0.0,0.0,0.0,11500894.032000003,False,0.0,0.0,0.0,1057.0,142117.0,0.007437533862943912,-0.004376497202862222,20866.0,21210.45,False
2025-06-04,2025-06-03,0,0,0,,False,0.0,0.0,0.0,0.0,0.0,0.0,11500894.032000003,False,0.0,0.0,0.0,3250.0,117106.0,0.02775263436544669,-0.0025785229154638226,20971.0,21238.8,False
2025-06-05,2025-06-04,0,0,0,,False,0.0,0.0,0.0,0.0,0.0,0.0,11500894.032000003,False,0.0,0.0,0.0,1611.0,109479.0,0.014715150850848107,-0.0013661714309599682,21482.0,21296.05,False
2025-06-06,2025-06-05,0,0,0,,False,0.0,0.0,0.0,0.0,0.0,0.0,11500894.032000003,False,0.0,0.0,0.0,1179.0,87007.0,0.013550633857045984,-0.0008507338330599786,21553.0,21354.65,False
2025-06-09,2025-06-06,0,0,0,,False,0.0,0.0,0.0,0.0,0.0,0.0,11500894.032000003,False,0.0,0.0,0.0,-2478.0,101554.0,-0.024400811390984108,-0.00238043950048791,21578.0,21404.8,False
2025-06-10,2025-06-09,0,0,0,,False,0.0,0.0,0.0,0.0,0.0,0.0,11500894.032000003,False,0.0,0.0,0.0,501.0,81469.0,0.006149578367231708,-0.0010689036395197028,21727.0,21448.75,False
2025-06-11,2025-06-10,0,0,0,,False,0.0,0.0,0.0,0.0,0.0,0.0,11500894.032000003,False,0.0,0.0,0.0,312.0,113736.0,0.002743194766828445,-0.0001103308892700608,22113.0,21501.1,False
2025-06-12,2025-06-11,1,0,1,TX202506,False,-12600.0,50.0,89.268,400.0,539.268,-13139.268,11487754.764000006,False,-0.0011424562267456,-0.0011424562267455,-13139.267999999223,1341.0,107363.0,0.012490336521893018,0.0005875728497292869,22351.0,21550.65,True
2025-06-13,2025-06-12,0,1,0,,False,-59600.0,50.0,87.808,400.0,537.808,-60137.808,11427616.956000006,False,-0.005234948798564,-0.006371424325458,-73277.07599999942,-1951.0,105981.0,-0.01840896009662109,-0.000419249927386459,22252.0,21574.85,False
2025-06-16,2025-06-13,0,0,0,,False,0.0,0.0,0.0,0.0,0.0,0.0,11427616.956000006,False,0.0,-0.006371424325458,-73277.07599999942,-536.0,183910.0,-0.0029144690337665163,-0.00026594325965946736,21940.0,21587.15,False
2025-06-17,2025-06-16,0,0,0,,False,0.0,0.0,0.0,0.0,0.0,0.0,11427616.956000006,False,0.0,-0.006371424325458,-73277.07599999942,-1278.0,281788.0,-0.004535324428293611,-0.0005511150101308986,22032.0,21597.7,False
2025-06-18,2025-06-17,0,0,0,,False,0.0,0.0,0.0,0.0,0.0,0.0,11427616.956000006,False,0.0,-0.006371424325458,-73277.07599999942,1187.0,247283.0,0.004800168228305222,-0.00018722117913630432,22159.0,21628.75,False
2025-06-19,2025-06-18,0,0,0,,False,0.0,0.0,0.0,0.0,0.0,0.0,11427616.956000006,False,0.0,-0.006371424325458,-73277.07599999942,-1206.0,138662.0,-0.008697408085849043,-0.0007628502988111798,22308.0,21667.2,False
2025-06-20,2025-06-19,0,0,0,,False,0.0,0.0,0.0,0.0,0.0,0.0,11427616.956000006,False,0.0,-0.006371424325458,-73277.07599999942,-366.0,106930.0,-0.0034227999625923503,-0.0016259277217302074,21704.0,21659.95,False
2025-06-23,2025-06-20,0,0,0,,False,0.0,0.0,0.0,0.0,0.0,0.0,11427616.956000006,False,0.0,-0.006371424325458,-73277.07599999942,1084.0,98542.0,0.011000385622374216,-6.419588544020315e-05,21653.0,21667.45,False
2025-06-24,2025-06-23,0,0,0,,False,0.0,0.0,0.0,0.0,0.0,0.0,11427616.956000006,False,0.0,-0.006371424325458,-73277.07599999942,2829.0,152151.0,0.018593371059013743,0.0009106873627833124,21473.0,21667.6,False
2025-06-25,2025-06-24,1,0,1,TX202507,False,4200.0,50.0,88.56,400.0,538.56,3661.44,11431278.396000003,False,0.0003204027588689,-0.0060530629885209,-69615.63599999994,207.0,138897.0,0.0014903129657228018,0.0009568242024256827,21959.0,21696.3,True
2025-06-26,2025-06-25,1,1,1,TX202507,False,-8400.0,0.0,0.0,0.0,0.0,-8400.0,11422878.396000003,False,-0.0007348259493828,-0.0067834409901464,-78015.63599999994,-387.0,99317.0,-0.0038966138727508886,0.001489457135606797,22159.0,21742.6,True
2025-06-27,2025-06-26,1,1,1,TX202507,False,800.0,0.0,0.0,0.0,0.0,800.0,11423678.396000003,False,7.00348872032236e-05,-0.0067138811804678,-77215.63599999994,-1243.0,100449.0,-0.012374438769923045,0.00033062057131720037,22117.0,21785.85,True
2025-06-30,2025-06-27,1,1,1,TX202507,False,4800.0,0.0,0.0,0.0,0.0,4800.0,11428478.396000003,False,0.0004201798959677,-0.006296522322396,-72415.63599999994,185.0,109671.0,0.0016868634370070484,0.0021879669131940104,22121.0,21825.9,True
2025-07-01,2025-06-30,1,1,1,TX202507,False,41600.0,0.0,0.0,0.0,0.0,41600.0,11470078.396000003,False,0.0036400296311152,-0.0026794122191073,-30815.63599999994,1300.0,98824.0,0.01315469926333684,0.002473825183213657,22145.0,21889.85,True
2025-07-02,2025-07-01,1,1,1,TX202507,False,8600.0,0.0,0.0,0.0,0.0,8600.0,11478678.396000003,False,0.0007497769154741,-0.001931644265062,-22215.63599999994,-814.0,134460.0,-0.006053845009668303,0.0007835012144579076,22353.0,21958.95,True
2025-07-03,2025-07-02,0,1,0,,False,34400.0,50.0,90.264,400.0,540.264,33859.736,11512538.132000005,False,0.0029497939424628,0.0,0.0,-952.0,93172.0,-0.010217661958528313,-0.00046313942601091334,22396.0,22004.65,False
2025-07-04,2025-07-03,0,0,0,,False,0.0,0.0,0.0,0.0,0.0,0.0,11512538.132000005,False,0.0,0.0,0.0,2179.0,99405.0,0.02192042653790051,-4.4649791968187115e-05,22675.0,22060.75,False
2025-07-07,2025-07-04,0,0,0,,False,0.0,0.0,0.0,0.0,0.0,0.0,11512538.132000005,False,0.0,0.0,0.0,-2793.0,92273.0,-0.030268876052583094,-0.00033805302504813647,22435.0,22103.6,False
2025-07-08,2025-07-07,0,0,0,,False,0.0,0.0,0.0,0.0,0.0,0.0,11512538.132000005,False,0.0,0.0,0.0,-2364.0,97898.0,-0.02414758217736828,-0.0018529110522781359,22336.0,22134.05,False
2025-07-09,2025-07-08,0,0,0,,False,0.0,0.0,0.0,0.0,0.0,0.0,11512538.132000005,False,0.0,0.0,0.0,1288.0,119712.0,0.010759155306067896,-0.0014521130253161633,22251.0,22140.95,False
2025-07-10,2025-07-09,0,0,0,,False,0.0,0.0,0.0,0.0,0.0,0.0,11512538.132000005,False,0.0,0.0,0.0,-179.0,93757.0,-0.0019091907804217286,-0.0021720893904319002,22434.0,22145.1,False
2025-07-11,2025-07-10,0,0,0,,False,0.0,0.0,0.0,0.0,0.0,0.0,11512538.132000005,False,0.0,0.0,0.0,1212.0,108484.0,0.011172154419084842,-0.000693033664646604,22611.0,22163.05,False
2025-07-14,2025-07-11,0,0,0,,False,0.0,0.0,0.0,0.0,0.0,0.0,11512538.132000005,False,0.0,0.0,0.0,185.0,123203.0,0.0015015868120094478,-0.00047223087235780575,22764.0,22204.25,False
2025-07-15,2025-07-14,0,0,0,,False,0.0,0.0,0.0,0.0,0.0,0.0,11512538.132000005,False,0.0,0.0,0.0,-1779.0,256897.0,-0.006924954359140045,-0.0005917123689001274,22551.0,22230.2,False
2025-07-16,2025-07-15,0,0,0,,False,0.0,0.0,0.0,0.0,0.0,0.0,11512538.132000005,False,0.0,0.0,0.0,3559.0,269253.0,0.013218051423753867,-0.0001708182091276952,22810.0,22262.75,False
2025-07-17,2025-07-16,1,0,1,TX202508,False,38000.0,50.0,91.84,400.0,541.84,37458.16,11549996.292000003,False,0.00325368390276,0.0,0.0,102.0,133932.0,0.0007615805035391094,0.0003021312203417124,23047.0,22299.7,True
2025-07-18,2025-07-17,1,1,1,TX202508,False,22800.0,0.0,0.0,0.0,0.0,22800.0,11572796.292000003,False,0.0019740266077654,0.0,0.0,-473.0,113159.0,-0.004179959172491803,0.00026427325984673976,23148.0,22371.9,True
2025-07-21,2025-07-18,0,1,0,,False,-5600.0,50.0,92.928,400.0,542.928,-6142.928,11566653.364000006,False,-0.0005308075805539,-0.0005308075805539,-6142.927999999374,-718.0,109868.0,-0.00653511486511086,-0.0006125017645275141,23262.0,22452.35,False
2025-07-22,2025-07-21,0,0,0,,False,0.0,0.0,0.0,0.0,0.0,0.0,11566653.364000006,False,0.0,-0.0005308075805539,-6142.927999999374,464.0,74812.0,0.0062022135486285625,-0.0012320596400467732,23228.0,22540.1,False
2025-07-23,2025-07-22,0,0,0,,False,0.0,0.0,0.0,0.0,0.0,0.0,11566653.364000006,False,0.0,-0.0005308075805539,-6142.927999999374,-763.0,116533.0,-0.006547501566079994,-0.0016339503666369128,22990.0,22591.65,False
2025-07-24,2025-07-23,0,0,0,,False,0.0,0.0,0.0,0.0,0.0,0.0,11566653.364000006,False,0.0,-0.0005308075805539,-6142.927999999374,-2664.0,109624.0,-0.024301247901919287,-0.002654182068095333,23186.0,22643.0,False
2025-07-25,2025-07-24,0,0,0,,False,0.0,0.0,0.0,0.0,0.0,0.0,11566653.364000006,False,0.0,-0.0005308075805539,-6142.927999999374,199.0,84911.0,0.002343630389466618,-0.0019182786101258494,23310.0,22702.65,False
2025-07-28,2025-07-25,0,0,0,,False,0.0,0.0,0.0,0.0,0.0,0.0,11566653.364000006,False,0.0,-0.0005308075805539,-6142.927999999374,-480.0,75340.0,-0.00637111760021237,-0.0023211776619868206,23238.0,22758.5,False
2025-07-29,2025-07-28,0,0,0,,False,0.0,0.0,0.0,0.0,0.0,0.0,11566653.364000006,False,0.0,-0.0005308075805539,-6142.927999999374,938.0,92566.0,0.010133310286714345,-0.0024722471108179454,23392.0,22820.85,False
2025-07-30,2025-07-29,0,0,0,,False,0.0,0.0,0.0,0.0,0.0,0.0,11566653.364000006,False,0.0,-0.0005308075805539,-6142.927999999374,208.0,116214.0,0.0017898015729602285,-0.002080064781686519,23163.0,22861.35,False
2025-07-31,2025-07-30,0,0,0,,False,0.0,0.0,0.0,0.0,0.0,0.0,11566653.364000006,False,0.0,-0.0005308075805539,-6142.927999999374,1197.0,115565.0,0.010357807294596115,-0.0010512913190302974,23361.0,22909.6,False
2025-08-01,2025-07-31,0,0,0,,False,0.0,0.0,0.0,0.0,0.0,0.0,11566653.364000006,False,0.0,-0.0005308075805539,-6142.927999999374,1469.0,112945.0,0.013006330514852362,-0.0014969961201827047,23589.0,22955.3,False
2025-08-04,2025-08-01,0,0,0,,False,0.0,0.0,0.0,0.0,0.0,0.0,11566653.364000006,False,0.0,-0.0005308075805539,-6142.927999999374,-2238.0,138656.0,-0.01614066466651281,-0.0007905855508791905,23344.0,23000.75,False
2025-08-05,2025-08-04,1,0,1,TX202508,False,25800.0,50.0,93.792,400.0,543.792,25256.208,11591909.572000006,False,0.0021835363441085,0.0,0.0,1253.0,127657.0,0.009815364609852965,0.0009075617884818719,23260.0,23046.95,True
2025-08-06,2025-08-05,1,1,1,TX202508,False,-30000.0,0.0,0.0,0.0,0.0,-30000.0,11561909.572000006,False,-0.0025880119072412,-0.0025880119072412,-30000.0,2222.0,83964.0,0.026463722547758563,0.0016927901505664055,23575.0,23113.15,True
2025-08-07,2025-08-06,1,1,1,TX202508,False,114400.0,0.0,0.0,0.0,0.0,114400.0,11676309.572000006,False,0.0098945593102585,0.0,0.0,-1075.0,96725.0,-0.011113982941328508,0.0012325505425210663,23425.0,23162.7,True
2025-08-08,2025-08-07,1,1,1,TX202508,False,-9600.0,0.0,0.0,0.0,0.0,-9600.0,11666709.572000006,False,-0.0008221775845187,-0.0008221775845187,-9600.0,219.0,130193.0,0.001682118086225834,0.000758048725878116,23997.0,23232.0,True
2025-08-11,2025-08-08,0,1,0,,False,4800.0,50.0,95.884,400.0,545.884,4254.116,11670963.688000008,False,0.000364637173296,-0.0004578402077329,-5345.883999999613,-2409.0,97973.0,-0.02458840701009462,-0.0005464509652270875,23949.0,23291.25,False
2025-08-12,2025-08-11,1,0,1,TX202508,False,-4000.0,50.0,96.628,400.0,546.628,-4546.628,11666417.060000006,False,-0.0003895674874453,-0.000847229335519,-9892.512000000104,474.0,98448.0,0.004814724524622136,4.0532978961021606e-05,24162.0,23371.8,True
2025-08-13,2025-08-12,0,1,0,,False,32600.0,50.0,97.184,400.0,547.184,32052.816,11698469.876000006,False,0.0027474430097221,0.0,0.0,589.0,91593.0,0.006430622427478082,-0.00029883847085276764,24135.0,23438.05,False
2025-08-14,2025-08-13,0,0,0,,False,0.0,0.0,0.0,0.0,0.0,0.0,11698469.876000006,False,0.0,0.0,0.0,403.0,116883.0,0.003447892336781226,-0.0001645228791906618,24347.0,23503.05,False
2025-08-15,2025-08-14,0,0,0,,False,0.0,0.0,0.0,0.0,0.0,0.0,11698469.876000006,False,0.0,0.0,0.0,-440.0,84086.0,-0.005232737911186167,-0.00021716181612537995,24250.0,23558.15,False
2025-08-18,2025-08-15,0,0,0,,False,0.0,0.0,0.0,0.0,0.0,0.0,11698469.876000006,False,0.0,0.0,0.0,-2639.0,129577.0,-0.020366268705094268,-0.0009087195081245502,24312.0,23610.65,False
2025-08-19,2025-08-18,0,0,0,,False,0.0,0.0,0.0,0.0,0.0,0.0,11698469.876000006,False,0.0,0.0,0.0,3570.0,231434.0,0.01542556409170649,-0.00044755198097065396,24426.0,23670.55,False
2025-08-20,2025-08-19,0,0,0,,False,0.0,0.0,0.0,0.0,0.0,0.0,11698469.876000006,False,0.0,0.0,0.0,-2370.0,181166.0,-0.013081924864488921,-0.0007742731458911002,24342.0,23738.15,False
2025-08-21,2025-08-20,0,0,0,,False,0.0,0.0,0.0,0.0,0.0,0.0,11698469.876000006,False,0.0,0.0,0.0,-3545.0,168475.0,-0.021041697581243506,-0.0006112956298573111,23637.0,23760.7,False
2025-08-22,2025-08-21,1,0,1,TX202509,False,-25400.0,50.0,95.516,400.0,545.5160000000001,-25945.516,11672524.360000003,False,-0.0022178555208513,-0.0022178555208514,-25945.51600000076,3364.0,122450.0,0.027472437729685585,0.0006451447371536372,23852.0,23787.8,True
2025-08-25,2025-08-22,0,1,0,,False,74000.0,50.0,96.472,400.0,546.472,73453.528,11745977.888000006,False,0.0062928571176697,0.0,0.0,1922.0,100310.0,0.019160602133386502,0.001921730723833581,23750.0,23813.4,False
2025-08-26,2025-08-25,1,0,1,TX202509,False,22000.0,50.0,96.58,400.0,546.58,21453.42,11767431.308000006,False,0.0018264481854607,0.0,0.0,35.0,121627.0,0.000287765052167693,0.0014294534621062482,24251.0,23856.35,True
2025-08-27,2025-08-26,1,1,1,TX202509,False,42000.0,0.0,0.0,0.0,0.0,42000.0,11809431.308000006,False,0.0035691731611338,0.0,0.0,-822.0,86362.0,-0.009518075079317293,0.0008640596294923721,24253.0,23910.85,True
2025-08-28,2025-08-27,1,1,1,TX202509,False,-47000.0,0.0,0.0,0.0,0.0,-47000.0,11762431.308000006,False,-0.0039798698831637,-0.0039798698831636,-47000.0,519.0,83905.0,0.006185567010309278,0.0006554476152780302,24463.0,23965.95,True
2025-08-29,2025-08-28,1,1,1,TX202509,False,7800.0,0.0,0.0,0.0,0.0,7800.0,11770231.308000006,False,0.0006631282084253,-0.0033193808387237,-39200.0,265.0,103705.0,0.002555325201292127,0.00013289734960001852,24228.0,23997.9,True
2025-09-01,2025-08-29,1,1,1,TX202509,False,-51800.0,0.0,0.0,0.0,0.0,-51800.0,11718431.308000006,False,-0.0044009330525894,-0.0077057055184659,-91000.0,-1033.0,98849.0,-0.010450282754504344,0.0004174164452004418,24267.0,24044.05,True
2025-09-02,2025-09-01,0,1,0,,False,15000.0,50.0,96.324,400.0,546.3240000000001,14453.676,11732884.984000009,False,0.0012334138947533,-0.0064817959479678,-76546.32399999909,-770.0,139728.0,-0.00551070651551586,-0.0003488871110679994,24008.0,24081.45,False
2025-09-03,2025-09-02,0,0,0,,False,0.0,0.0,0.0,0.0,0.0,0.0,11732884.984000009,False,0.0,-0.0064817959479678,-76546.32399999909,1081.0,98265.0,0.011000865007886837,-0.0011220299880615858,23965.0,24100.95,False
2025-09-04,2025-09-03,0,0,0,,False,0.0,0.0,0.0,0.0,0.0,0.0,11732884.984000009,False,0.0,-0.0064817959479678,-76546.32399999909,457.0,133867.0,0.0034138361209259936,-0.00039563903494886063,23997.0,24129.55,False
2025-09-05,2025-09-04,0,0,0,,False,0.0,0.0,0.0,0.0,0.0,0.0,11732884.984000009,False,0.0,-0.0064817959479678,-76546.32399999909,914.0,132850.0,0.006879939781708694,-0.00013574795017471758,24132.0,24136.3,False
2025-09-08,2025-09-05,1,0,1,TX202509,False,-7400.0,50.0,98.36,400.0,548.36,-7948.36,11724936.624000007,False,-0.0006774429316267,-0.0071548478327453,-84494.6839999985,1480.0,98236.0,0.015065760006514923,0.0018469604006557596,24419.0,24159.8,True
2025-09-09,2025-09-08,1,1,1,TX202509,False,50200.0,0.0,0.0,0.0,0.0,50200.0,11775136.624000007,False,0.0042814730356191,-0.0029040080851959,-34294.683999998495,-777.0,126987.0,-0.006118736563585249,0.0013002873462453902,24551.0,24179.25,True
2025-09-10,2025-09-09,1,1,1,TX202509,False,75200.0,0.0,0.0,0.0,0.0,75200.0,11850336.624000007,False,0.0063863377896378,0.0,0.0,1280.0,90158.0,0.014197298076709776,0.0016886211287069747,24802.0,24212.6,True
2025-09-11,2025-09-10,1,1,1,TX202509,False,12400.0,0.0,0.0,0.0,0.0,12400.0,11862736.624000007,False,0.001046383777393,0.0,0.0,-108.0,126400.0,-0.0008544303797468354,0.0014735049928805719,25178.0,24254.15,True
2025-09-12,2025-09-11,1,1,1,TX202509,False,43800.0,0.0,0.0,0.0,0.0,43800.0,11906536.624000007,False,0.0036922340424709,0.0,0.0,259.0,139757.0,0.001853216654621951,0.0018278027211709777,25240.0,24303.65,True
2025-09-15,2025-09-12,1,1,1,TX202509,False,-21200.0,0.0,0.0,0.0,0.0,-21200.0,11885336.624000007,False,-0.0017805345642885,-0.0017805345642886,-21200.0,-1322.0,120204.0,-0.010997970117466973,0.002296217650552342,25459.0,24361.0,True
2025-09-16,2025-09-15,1,1,1,TX202510,True,55200.0,100.0,205.072,800.0,1105.072,54094.928,11939431.552000009,False,0.004551400579666,0.0,0.0,-760.0,229852.0,-0.0033064754711727546,0.00135961567240838,25353.0,24407.35,True
2025-09-17,2025-09-16,1,1,1,TX202510,False,-33800.0,0.0,0.0,0.0,0.0,-33800.0,11905631.552000009,False,-0.0028309555486616,-0.0028309555486616,-33800.0,992.0,203034.0,0.004885881182462051,0.0022580059747559287,25629.0,24471.7,True
2025-09-18,2025-09-17,1,1,1,TX202510,False,47800.0,0.0,0.0,0.0,0.0,47800.0,11953431.552000009,False,0.0040149067095873,0.0,0.0,-2540.0,107944.0,-0.023530719632401987,0.002133554872198005,25433.0,24561.5,True
2025-09-19,2025-09-18,1,1,1,TX202510,False,-7600.0,0.0,0.0,0.0,0.0,-7600.0,11945831.552000009,False,-0.0006358006876049,-0.0006358006876049,-7600.0,101.0,122579.0,0.0008239584268104651,0.0008011309070542488,25709.0,24654.35,True
2025-09-22,2025-09-19,1,1,1,TX202510,False,44000.0,0.0,0.0,0.0,0.0,44000.0,11989831.552000009,False,0.0036832931896342,0.0,0.0,483.0,139927.0,0.0034517998670735455,1.569079373860097e-05,25671.0,24750.4,True
2025-09-23,2025-09-22,0,1,0,,False,33400.0,50.0,104.224,400.0,554.2239999999999,32845.776,12022677.328000007,False,0.002739469345966,0.0,0.0,-223.0,92539.0,-0.002409794789224003,-0.00011918719833098382,25891.0,24832.4,False
2025-09-24,2025-09-23,1,0,1,TX202510,False,-27800.0,50.0,105.512,400.0,555.512,-28355.512,11994321.816000007,False,-0.0023585022891666,-0.0023585022891666,-28355.512000000104,1033.0,125563.0,0.008226945835954859,0.0007680638474326238,26273.0,24933.4,True
2025-09-25,2025-09-24,0,1,0,,False,-9200.0,50.0,104.756,400.0,554.7560000000001,-9754.756,11984567.060000008,False,-0.0008132811633407,-0.0031698653270219,-38110.267999999225,-2624.0,143654.0,-0.01826611162933159,-0.0004545200845494195,26237.0,25022.1,False
2025-09-26,2025-09-25,0,0,0,,False,0.0,0.0,0.0,0.0,0.0,0.0,11984567.060000008,False,0.0,-0.0031698653270219,-38110.267999999225,-280.0,99420.0,-0.002816334741500704,-0.000723103081689061,26097.0,25115.55,False
2025-09-30,2025-09-26,0,0,0,,False,0.0,0.0,0.0,0.0,0.0,0.0,11984567.060000008,False,0.0,-0.0031698653270219,-38110.267999999225,-2580.0,171048.0,-0.015083485337449137,-0.0009547632108363006,25669.0,25185.65,False
2025-10-01,2025-09-30,1,0,1,TX202510,False,-9800.0,50.0,104.384,400.0,554.384,-10354.384,11974212.676000008,False,-0.000863976474758,-0.0040311031127091,-48464.65199999884,2085.0,115293.0,0.01808435898103094,0.0002249900639910393,25954.0,25282.95,True
2025-10-02,2025-10-01,0,1,0,,False,82800.0,50.0,105.828,400.0,555.828,82244.172,12056456.848000009,False,0.0068684408925559,0.0,0.0,-503.0,125817.0,-0.003997869922188576,-0.0005249466825127313,26045.0,25386.95,False
2025-10-03,2025-10-02,0,0,0,,False,0.0,0.0,0.0,0.0,0.0,0.0,12056456.848000009,False,0.0,0.0,0.0,-708.0,118514.0,-0.00597397775790202,-0.000994337376454132,26431.0,25508.65,False
2025-10-07,2025-10-03,0,0,0,,False,0.0,0.0,0.0,0.0,0.0,0.0,12056456.848000009,False,0.0,0.0,0.0,1308.0,128596.0,0.0101713894677906,-0.0008297648921500367,26745.0,25639.3,False
2025-10-08,2025-10-07,0,0,0,,False,0.0,0.0,0.0,0.0,0.0,0.0,12056456.848000009,False,0.0,0.0,0.0,-2447.0,131125.0,-0.018661582459485224,-0.002516132015450044,27322.0,25784.45,False
2025-10-09,2025-10-08,0,0,0,,False,0.0,0.0,0.0,0.0,0.0,0.0,12056456.848000009,False,0.0,0.0,0.0,-4099.0,127781.0,-0.03207832150319687,-0.003814111262430625,27093.0,25911.55,False
2025-10-13,2025-10-09,0,0,0,,False,0.0,0.0,0.0,0.0,0.0,0.0,12056456.848000009,False,0.0,0.0,0.0,538.0,147322.0,0.003651864623070553,-0.004341382935112587,27335.0,26038.2,False
2025-10-14,2025-10-13,0,0,0,,False,0.0,0.0,0.0,0.0,0.0,0.0,12056456.848000009,False,0.0,0.0,0.0,-1697.0,280953.0,-0.006040156182706716,-0.004600669225260581,26904.0,26124.5,False
2025-10-15,2025-10-14,0,0,0,,False,0.0,0.0,0.0,0.0,0.0,0.0,12056456.848000009,False,0.0,0.0,0.0,2622.0,299804.0,0.00874571386639271,-0.004256044364672042,26718.0,26198.4,False
2025-10-16,2025-10-15,0,0,0,,False,0.0,0.0,0.0,0.0,0.0,0.0,12056456.848000009,False,0.0,0.0,0.0,2763.0,216097.0,0.012785924839308273,-0.0030668496168332806,27156.0,26283.25,False
2025-10-17,2025-10-16,0,0,0,,False,0.0,0.0,0.0,0.0,0.0,0.0,12056456.848000009,False,0.0,0.0,0.0,-40.0,189904.0,-0.0002106327407532227,-0.002912057480312304,27822.0,26406.7,False
2025-10-20,2025-10-17,0,0,0,,False,0.0,0.0,0.0,0.0,0.0,0.0,12056456.848000009,False,0.0,0.0,0.0,-720.0,179926.0,-0.004001645120771873,-0.0033564337954740003,27328.0,26491.65,False
2025-10-21,2025-10-20,0,0,0,,False,0.0,0.0,0.0,0.0,0.0,0.0,12056456.848000009,False,0.0,0.0,0.0,-319.0,185929.0,-0.001715708684497846,-0.0022656832480787924,27783.0,26609.15,False
2025-10-22,2025-10-21,0,0,0,,False,0.0,0.0,0.0,0.0,0.0,0.0,12056456.848000009,False,0.0,0.0,0.0,985.0,127373.0,0.00773319306289402,-0.0019202215162746152,27833.0,26715.35,False
2025-10-23,2025-10-22,0,0,0,,False,0.0,0.0,0.0,0.0,0.0,0.0,12056456.848000009,False,0.0,0.0,0.0,-3095.0,137471.0,-0.022513839282466846,-0.003218503473751634,27704.0,26817.0,False
2025-10-27,2025-10-23,0,0,0,,False,0.0,0.0,0.0,0.0,0.0,0.0,12056456.848000009,False,0.0,0.0,0.0,1648.0,133724.0,0.012323890999371841,-0.0024818191843218426,27556.0,26900.25,False
2025-10-28,2025-10-27,0,0,0,,False,0.0,0.0,0.0,0.0,0.0,0.0,12056456.848000009,False,0.0,0.0,0.0,-1098.0,122390.0,-0.008971321186371435,-0.003341732535438157,28225.0,26997.85,False
2025-10-29,2025-10-28,0,0,0,,False,0.0,0.0,0.0,0.0,0.0,0.0,12056456.848000009,False,0.0,0.0,0.0,-2150.0,104672.0,-0.020540354631611128,-0.0034554446855521335,28002.0,27086.1,False
2025-10-30,2025-10-29,0,0,0,,False,0.0,0.0,0.0,0.0,0.0,0.0,12056456.848000009,False,0.0,0.0,0.0,2430.0,109024.0,0.022288670384502496,-0.002200194429251974,28412.0,27201.85,False
2025-10-31,2025-10-30,0,0,0,,False,0.0,0.0,0.0,0.0,0.0,0.0,12056456.848000009,False,0.0,0.0,0.0,-309.0,144099.0,-0.002144359086461391,-0.0015532381167025868,28398.0,27338.3,False
2025-11-03,2025-10-31,0,0,0,,False,0.0,0.0,0.0,0.0,0.0,0.0,12056456.848000009,False,0.0,0.0,0.0,1352.0,121610.0,0.01111750678398158,-0.0019015807265550546,28431.0,27462.15,False
2025-11-04,2025-11-03,0,0,0,,False,0.0,0.0,0.0,0.0,0.0,0.0,12056456.848000009,False,0.0,0.0,0.0,-1610.0,132532.0,-0.01214800953731929,-0.0023090877073115904,28340.0,27576.9,False
2025-11-05,2025-11-04,0,0,0,,False,0.0,0.0,0.0,0.0,0.0,0.0,12056456.848000009,False,0.0,0.0,0.0,-629.0,138845.0,-0.004530231553170802,-0.0022369003970750295,28117.0,27661.2,False
2025-11-06,2025-11-05,0,0,0,,False,0.0,0.0,0.0,0.0,0.0,0.0,12056456.848000009,False,0.0,0.0,0.0,-1749.0,203001.0,-0.008615721104822144,-0.0031762559257056664,27805.0,27714.2,False
2025-11-07,2025-11-06,0,0,0,,False,0.0,0.0,0.0,0.0,0.0,0.0,12056456.848000009,False,0.0,0.0,0.0,-40.0,130358.0,-0.0003068472974424278,-0.002258519167603527,28034.0,27749.8,False
2025-11-10,2025-11-07,0,0,0,,False,0.0,0.0,0.0,0.0,0.0,0.0,12056456.848000009,False,0.0,0.0,0.0,10.0,167094.0,5.9846553436987566e-05,-0.0006516107647718338,27730.0,27781.65,False
2025-11-11,2025-11-10,0,0,0,,False,0.0,0.0,0.0,0.0,0.0,0.0,12056456.848000009,False,0.0,0.0,0.0,10.0,166708.0,5.998512368932505e-05,-0.0008312047397408953,28016.0,27815.7,False
2025-11-12,2025-11-11,0,0,0,,False,0.0,0.0,0.0,0.0,0.0,0.0,12056456.848000009,False,0.0,0.0,0.0,-185.0,127519.0,-0.001450764199844729,-0.0006017351405977959,27780.0,27859.5,False
2025-11-13,2025-11-12,0,0,0,,False,0.0,0.0,0.0,0.0,0.0,0.0,12056456.848000009,False,0.0,0.0,0.0,168.0,121190.0,0.0013862529911708888,-0.000969708184358887,28054.0,27926.3,False
2025-11-14,2025-11-13,0,0,0,,False,0.0,0.0,0.0,0.0,0.0,0.0,12056456.848000009,False,0.0,0.0,0.0,28.0,129112.0,0.00021686597682632133,-0.0015981611274829845,27980.0,27967.5,False
2025-11-17,2025-11-14,0,0,0,,False,0.0,0.0,0.0,0.0,0.0,0.0,12056456.848000009,False,0.0,0.0,0.0,139.0,174025.0,0.0007987358138198535,-0.001547692699754331,27401.0,27946.45,False
2025-11-18,2025-11-17,0,0,0,,False,0.0,0.0,0.0,0.0,0.0,0.0,12056456.848000009,False,0.0,0.0,0.0,616.0,337088.0,0.001827415986329979,-0.001256239644399238,27479.0,27954.0,False
2025-11-19,2025-11-18,0,0,0,,False,0.0,0.0,0.0,0.0,0.0,0.0,12056456.848000009,False,0.0,0.0,0.0,-21.0,297067.0,-7.069112355125274e-05,-0.0011739887663519085,26805.0,27905.1,False
2025-11-20,2025-11-19,0,0,0,,False,0.0,0.0,0.0,0.0,0.0,0.0,12056456.848000009,False,0.0,0.0,0.0,338.0,196882.0,0.0017167643563149502,-0.001474810201680862,26615.0,27844.2,False
2025-11-21,2025-11-20,0,0,0,,False,0.0,0.0,0.0,0.0,0.0,0.0,12056456.848000009,False,0.0,0.0,0.0,4404.0,159492.0,0.027612670227973816,0.001031515273841171,27482.0,27833.1,False
2025-11-24,2025-11-21,0,0,0,,False,0.0,0.0,0.0,0.0,0.0,0.0,12056456.848000009,False,0.0,0.0,0.0,-4843.0,220609.0,-0.02195286683680176,-0.0006823226179675089,26486.0,27779.6,False
2025-11-25,2025-11-24,0,0,0,,False,0.0,0.0,0.0,0.0,0.0,0.0,12056456.848000009,False,0.0,0.0,0.0,867.0,195937.0,0.00442489167436472,-1.2511974930701263e-05,26615.0,27699.1,False
2025-11-26,2025-11-25,0,0,0,,False,0.0,0.0,0.0,0.0,0.0,0.0,12056456.848000009,False,0.0,0.0,0.0,-962.0,136080.0,-0.0070693709582598475,0.0006610372087368628,26933.0,27645.65,False
2025-11-27,2025-11-26,0,0,0,,False,0.0,0.0,0.0,0.0,0.0,0.0,12056456.848000009,False,0.0,0.0,0.0,688.0,147850.0,0.00465336489685492,-0.00022072806564551596,27329.0,27591.5,False
2025-11-28,2025-11-27,0,0,0,,False,0.0,0.0,0.0,0.0,0.0,0.0,12056456.848000009,False,0.0,0.0,0.0,177.0,121773.0,0.0014535241802369984,-4.083390231059648e-05,27583.0,27550.75,False
2025-12-01,2025-11-28,1,0,1,TX202512,False,-49200.0,50.0,110.608,400.0,560.608,-49760.608,12006696.24000001,False,-0.0041272994734149,-0.0041272994734148,-49760.60799999908,1454.0,80660.0,0.018026283163897844,0.0003046049166852167,27744.0,27516.4,True
2025-12-02,2025-12-01,0,1,0,,False,54000.0,50.0,110.688,400.0,560.688,53439.312,12060135.55200001,False,0.0044507923688423,0.0,0.0,-1611.0,101547.0,-0.01586457502437295,0.00011877664233253364,27404.0,27469.6,False
2025-12-03,2025-12-02,1,0,1,TX202512,False,-10000.0,50.0,111.24,400.0,561.24,-10561.24,12049574.31200001,False,-0.0008757148669235,-0.0008757148669236,-10561.240000000224,-78.0,111500.0,-0.0006995515695067265,0.0003103106415157374,27561.0,27441.8,True
2025-12-04,2025-12-03,1,1,1,TX202512,False,8200.0,0.0,0.0,0.0,0.0,8200.0,12057774.31200001,False,0.0006805219659779,-0.0001957888441485,-2361.2400000002235,-273.0,110047.0,-0.0024807582214871828,0.0006170587856824854,27758.0,27439.45,True
2025-12-05,2025-12-04,1,1,1,TX202512,False,43400.0,0.0,0.0,0.0,0.0,43400.0,12101174.31200001,False,0.0035993375623897,0.0,0.0,10.0,100048.0,9.995202302894611e-05,0.0006373987517060541,27799.0,27427.7,True
2025-12-08,2025-12-05,1,1,1,TX202512,False,54000.0,0.0,0.0,0.0,0.0,54000.0,12155174.31200001,False,0.0044623768411013,0.0,0.0,1420.0,96184.0,0.014763370207103053,0.0013725749343893574,28016.0,27442.0,True
2025-12-09,2025-12-08,1,1,1,TX202512,False,-13200.0,0.0,0.0,0.0,0.0,-13200.0,12141974.31200001,False,-0.0010859572772204,-0.0010859572772204,-13200.0,-520.0,93504.0,-0.0055612594113620805,0.001091512707636787,28286.0,27455.5,True
2025-12-10,2025-12-09,0,1,0,,False,11800.0,50.0,113.108,400.0,563.108,11236.892,12153211.204000011,False,0.0009254583901478,-0.000161503895346,-1963.107999999076,-2606.0,81332.0,-0.03204150887719471,-0.000438024526230712,28220.0,27477.5,False
2025-12-11,2025-12-10,1,0,1,TX202512,False,-98000.0,50.0,114.40800000000002,400.0,564.408,-98564.408,12054646.796000011,False,-0.0081101534685383,-0.0082703475425074,-100527.5159999989,1734.0,87664.0,0.01978006935572185,0.00048166629199683606,28398.0,27494.7,True
2025-12-12,2025-12-11,1,1,1,TX202512,False,36400.0,0.0,0.0,0.0,0.0,36400.0,12091046.796000011,False,0.0030195824577853,-0.0052757380810812,-64127.5159999989,-1186.0,129672.0,-0.009146153371583688,1.3515324576335568e-05,28110.0,27501.2,True
2025-12-15,2025-12-12,1,1,1,TX202512,False,-77000.0,0.0,0.0,0.0,0.0,-77000.0,12014046.796000011,False,-0.0063683485226004,-0.0116104888648674,-141127.5159999989,1002.0,123220.0,0.008131796786236,0.00038016837319714296,28292.0,27545.75,True
2025-12-16,2025-12-15,0,1,0,,False,-55400.0,50.0,110.512,400.0,560.512,-55960.512,11958086.284000011,False,-0.0046579235914605,-0.016214331686336,-197088.027999999,-2750.0,260372.0,-0.0105618115619191,-0.00023929300421531106,27907.0,27567.15,False
2025-12-17,2025-12-16,0,0,0,,False,0.0,0.0,0.0,0.0,0.0,0.0,11958086.284000011,False,0.0,-0.016214331686336,-197088.027999999,402.0,249810.0,0.0016092230094872102,-0.0001552972975633879,27624.0,27608.1,False
2025-12-18,2025-12-17,0,0,0,,False,0.0,0.0,0.0,0.0,0.0,0.0,11958086.284000011,False,0.0,-0.016214331686336,-197088.027999999,427.0,145939.0,0.002925879990955125,-9.484151583137919e-05,27483.0,27651.5,False
2025-12-19,2025-12-18,0,0,0,,False,0.0,0.0,0.0,0.0,0.0,0.0,11958086.284000011,False,0.0,-0.016214331686336,-197088.027999999,749.0,154819.0,0.004837907491974499,-0.001233579652631345,27591.0,27656.95,False
2025-12-22,2025-12-19,1,0,1,TX202601,False,17000.0,50.0,113.032,400.0,563.032,16436.968,11974523.252000012,False,0.0013745483691644,-0.014862070700348,-180651.05999999863,2062.0,131792.0,0.015645866213427218,0.0006463569998801039,27894.0,27727.35,True
2025-12-23,2025-12-22,0,1,0,,False,10200.0,50.0,113.56,400.0,563.56,9636.44,11984159.692000013,False,0.0008047451908693,-0.0140692856894012,-171014.61999999918,-940.0,104158.0,-0.00902475085927149,-2.6125126801706655e-05,28341.0,27813.65,False
2025-12-24,2025-12-23,1,0,1,TX202601,False,-18600.0,50.0,114.268,400.0,564.268,-19164.268,11964995.424000012,False,-0.0015991332302416,-0.0156459202573711,-190178.8879999984,285.0,69183.0,0.004119509127964963,0.000533318877509534,28413.0,27887.65,True
2025-12-26,2025-12-24,1,1,1,TX202601,False,40200.0,0.0,0.0,0.0,0.0,40200.0,12005195.424000012,False,0.003359800699912,-0.0123386867312905,-149978.8879999984,-380.0,72108.0,-0.00526987296832529,3.71569842505234e-05,28472.0,27944.8,True
2025-12-29,2025-12-26,1,1,1,TX202601,False,55400.0,0.0,0.0,0.0,0.0,55400.0,12060595.424000012,False,0.0046146687366078,-0.0077809569465924,-94578.8879999984,285.0,63357.0,0.0044983190491974055,0.00018939672769854374,28673.0,27999.3,True
2025-12-30,2025-12-29,0,1,0,,False,-34600.0,50.0,115.1,400.0,565.1,-35165.1,12025430.324000012,False,-0.002915701817675,-0.010673971813955,-129743.98799999803,235.0,75231.0,0.003123712299451024,-0.0005557318155237972,28950.0,28059.6,False
2025-12-31,2025-12-30,0,0,0,,False,0.0,0.0,0.0,0.0,0.0,0.0,12025430.324000012,False,0.0,-0.010673971813955,-129743.98799999803,-1856.0,83158.0,-0.022318959089925202,-0.0008784510188014098,28881.0,28133.45,False
2026-01-02,2025-12-31,0,0,0,,False,0.0,0.0,0.0,0.0,0.0,0.0,12025430.324000012,False,0.0,-0.010673971813955,-129743.98799999803,1136.0,84568.0,0.01343297701258159,-0.00017182458969699395,29016.0,28206.2,False
2026-01-05,2026-01-02,1,0,1,TX202601,False,85000.0,50.0,119.56000000000002,400.0,569.56,84430.44,12109860.764000012,False,0.0070209911599999,-0.0037279225157028,-45313.54799999856,1495.0,102293.0,0.014614880783631334,0.0006829573605589319,29473.0,28291.95,True
2026-01-06,2026-01-05,1,1,1,TX202601,False,60800.0,0.0,0.0,0.0,0.0,60800.0,12170660.764000012,False,0.0050207018218364,0.0,0.0,-2241.0,179141.0,-0.012509699063865893,5.247480621418995e-05,30313.0,28417.65,True
2026-01-07,2026-01-06,0,1,0,,False,-1600.0,50.0,122.428,400.0,572.428,-2172.428,12168488.336000012,False,-0.0001784971286379,-0.0001784971286378,-2172.427999999374,-2256.0,113806.0,-0.019823207915224152,-0.0016768540999021705,30617.0,28547.7,False
2026-01-08,2026-01-07,0,0,0,,False,0.0,0.0,0.0,0.0,0.0,0.0,12168488.336000012,False,0.0,-0.0001784971286378,-2172.427999999374,-198.0,114054.0,-0.0017360197801041613,-0.0014855921183392741,30516.0,28659.2,False
2026-01-09,2026-01-08,1,0,1,TX202601,False,1200.0,50.0,121.808,400.0,571.808,628.192,12169116.528000012,False,5.162448963701742e-05,-0.000126881853824,-1544.235999999568,1869.0,110989.0,0.016839506617772934,0.000958458656409108,30458.0,28771.1,True
2026-01-12,2026-01-09,0,1,0,,False,52200.0,50.0,122.86,400.0,572.86,51627.14,12220743.668000013,False,0.0042424723176255,0.0,0.0,-584.0,141288.0,-0.004133401279655739,-0.00023721487535977135,30456.0,28874.0,False
2026-01-13,2026-01-12,1,0,1,TX202601,False,-38600.0,50.0,124.276,400.0,574.2760000000001,-39174.276,12181569.392000012,False,-0.003205555820844,-0.003205555820844,-39174.27600000054,269.0,115623.0,0.00232652672911099,0.0003364191296749626,30701.0,29003.55,True
2026-01-14,2026-01-13,0,1,0,,False,25200.0,50.0,123.992,400.0,573.992,24626.008,12206195.400000012,False,0.0020215792569529,-0.0011904568490456,-14548.268000001088,-2375.0,144235.0,-0.01646618365861268,-0.0008934798925674715,30874.0,29132.65,False
2026-01-15,2026-01-14,0,0,0,,False,0.0,0.0,0.0,0.0,0.0,0.0,12206195.400000012,False,0.0,-0.0011904568490456,-14548.268000001088,-2881.0,124633.0,-0.023115868189002912,-0.001521182723921662,30982.0,29286.4,False
2026-01-16,2026-01-15,0,0,0,,False,0.0,0.0,0.0,0.0,0.0,0.0,12206195.400000012,False,0.0,-0.0011904568490456,-14548.268000001088,-124.0,130350.0,-0.0009512850019179133,-0.0016492081244919182,31050.0,29457.7,False
2026-01-19,2026-01-16,0,0,0,,False,0.0,0.0,0.0,0.0,0.0,0.0,12206195.400000012,False,0.0,-0.0011904568490456,-14548.268000001088,2837.0,179411.0,0.01581285428429695,-0.001004859409824827,31474.0,29657.25,False
2026-01-20,2026-01-19,0,0,0,,False,0.0,0.0,0.0,0.0,0.0,0.0,12206195.400000012,False,0.0,-0.0011904568490456,-14548.268000001088,10.0,223468.0,4.474913634166861e-05,-0.0012445173276064688,31669.0,29861.15,False
2026-01-21,2026-01-20,0,0,0,,False,0.0,0.0,0.0,0.0,0.0,0.0,12206195.400000012,False,0.0,-0.0011904568490456,-14548.268000001088,1149.0,210727.0,0.005452552354468104,-0.0017541830205544244,31672.0,30050.05,False
2026-01-22,2026-01-21,0,0,0,,False,0.0,0.0,0.0,0.0,0.0,0.0,12206195.400000012,False,0.0,-0.0011904568490456,-14548.268000001088,996.0,210442.0,0.0047328955246576255,-0.0010663007013579685,31245.0,30195.25,False
2026-01-23,2026-01-22,0,0,0,,False,0.0,0.0,0.0,0.0,0.0,0.0,12206195.400000012,False,0.0,-0.0011904568490456,-14548.268000001088,138.0,165924.0,0.000831706082302741,-0.0012306908536410797,31857.0,30367.45,False
2026-01-26,2026-01-23,0,0,0,,False,0.0,0.0,0.0,0.0,0.0,0.0,12206195.400000012,False,0.0,-0.0011904568490456,-14548.268000001088,1131.0,124131.0,0.009111342049931121,-0.0005116301027282592,32153.0,30551.5,False
2026-01-27,2026-01-26,0,0,0,,False,0.0,0.0,0.0,0.0,0.0,0.0,12206195.400000012,False,0.0,-0.0011904568490456,-14548.268000001088,-1404.0,119464.0,-0.01175249447532311,-0.0013241707789542847,32144.0,30725.05,False
2026-01-28,2026-01-27,0,0,0,,False,0.0,0.0,0.0,0.0,0.0,0.0,12206195.400000012,False,0.0,-0.0011904568490456,-14548.268000001088,1269.0,113891.0,0.011142232485446612,-0.0009232447696545054,32509.0,30903.0,False
2026-01-29,2026-01-28,0,0,0,,False,0.0,0.0,0.0,0.0,0.0,0.0,12206195.400000012,False,0.0,-0.0011904568490456,-14548.268000001088,-1637.0,103953.0,-0.015747501274614488,-0.0005946718788889697,32927.0,31105.3,False
2026-01-30,2026-01-29,0,0,0,,False,0.0,0.0,0.0,0.0,0.0,0.0,12206195.400000012,False,0.0,-0.0011904568490456,-14548.268000001088,-3003.0,153247.0,-0.019595815905042186,-0.0022461115247701586,32777.0,31293.35,False
2026-02-02,2026-01-30,0,0,0,,False,0.0,0.0,0.0,0.0,0.0,0.0,12206195.400000012,False,0.0,-0.0011904568490456,-14548.268000001088,-324.0,192636.0,-0.0016819286114744907,-0.00306095199452545,32247.0,31432.05,False
2026-02-03,2026-02-02,0,0,0,,False,0.0,0.0,0.0,0.0,0.0,0.0,12206195.400000012,False,0.0,-0.0011904568490456,-14548.268000001088,5505.0,239667.0,0.022969370000876215,-0.0012869985412883444,31610.0,31496.9,False
2026-02-04,2026-02-03,0,0,0,,False,0.0,0.0,0.0,0.0,0.0,0.0,12206195.400000012,False,0.0,-0.0011904568490456,-14548.268000001088,906.0,158556.0,0.005714069477030198,-1.0134671675626978e-05,32261.0,31579.1,False
2026-02-05,2026-02-04,1,0,1,TX202602,False,-12600.0,50.0,127.888,400.0,577.888,-13177.888,12193017.512000011,False,-0.001079606508675,-0.0022687781327581,-27726.15600000136,1627.0,170179.0,0.009560521568466145,0.0005546923957528883,32423.0,31674.45,True
2026-02-06,2026-02-05,1,1,1,TX202602,False,-20000.0,0.0,0.0,0.0,0.0,-20000.0,12173017.512000011,False,-0.0016402830538311,-0.0039053397482652,-47726.15600000136,1567.0,199361.0,0.007860113061230632,0.0001057227179257732,31907.0,31746.9,True
2026-02-09,2026-02-06,0,1,0,,False,203400.0,50.0,131.288,400.0,581.288,202818.712,12375836.22400001,False,0.016661334118682,0.0,0.0,188.0,246766.0,0.0007618553609492393,0.00035048554995602206,31807.0,31814.45,False
2026-02-10,2026-02-09,1,0,1,TX202602,False,80200.0,50.0,131.632,400.0,581.6320000000001,79618.368,12455454.592000011,False,0.0064333727886281,0.0,0.0,-828.0,178616.0,-0.004635642943521297,2.3770663244077497e-06,32651.0,31911.95,True
2026-02-11,2026-02-10,1,1,1,TX202603,True,76800.0,100.0,270.16,800.0,1170.16,75629.84,12531084.432000011,False,0.0060720256688644,0.0,0.0,-1936.0,263456.0,-0.007348475646787319,0.0004582624669156758,33307.0,32033.6,True
2026-02-23,2026-02-11,1,1,1,TX202603,False,22400.0,0.0,0.0,0.0,0.0,22400.0,12553484.432000011,False,0.0017875547899747,0.0,0.0,-1005.0,239965.0,-0.004188110766153398,0.0014046503380581513,33691.0,32169.05,True
2026-02-24,2026-02-23,1,1,1,TX202603,False,173200.0,0.0,0.0,0.0,0.0,173200.0,12726684.432000011,False,0.013796966168094,0.0,0.0,-4312.0,190948.0,-0.022582064226909945,0.00032311137680854986,33840.0,32308.55,True
2026-02-25,2026-02-24,1,1,1,TX202603,False,132600.0,0.0,0.0,0.0,0.0,132600.0,12859284.432000011,False,0.0104190530305434,0.0,0.0,1570.0,146774.0,0.010696717402264706,6.730453270693774e-05,34827.0,32476.2,True
2026-02-26,2026-02-25,0,1,0,,False,6400.0,50.0,142.08,400.0,592.08,5807.92,12865092.352000011,False,0.0004516518808423,0.0,0.0,-4711.0,166851.0,-0.02823477234178998,-0.0013466715411996446,35490.0,32667.25,False
2026-03-02,2026-02-26,0,0,0,,False,0.0,0.0,0.0,0.0,0.0,0.0,12865092.352000011,False,0.0,0.0,0.0,-740.0,131766.0,-0.005616016271268764,-0.0019000999724864882,35604.0,32863.85,False
2026-03-03,2026-03-02,0,0,0,,False,0.0,0.0,0.0,0.0,0.0,0.0,12865092.352000011,False,0.0,0.0,0.0,-1263.0,202217.0,-0.006245765687355662,-0.002449033033087152,35232.0,33063.2,False
2026-03-04,2026-03-03,0,0,0,,False,0.0,0.0,0.0,0.0,0.0,0.0,12865092.352000011,False,0.0,0.0,0.0,2001.0,263863.0,0.007583480821486908,-0.0021114442961279443,34325.0,33186.6,False
2026-03-05,2026-03-04,0,0,0,,False,0.0,0.0,0.0,0.0,0.0,0.0,12865092.352000011,False,0.0,0.0,0.0,3482.0,407038.0,0.008554483856544106,-0.002139287205797295,32834.0,33220.65,False
2026-03-06,2026-03-05,0,0,0,,False,0.0,0.0,0.0,0.0,0.0,0.0,12865092.352000011,False,0.0,0.0,0.0,205.0,264149.0,0.0007760771382818031,-0.0015128586251170492,33639.0,33295.4,False
2026-03-09,2026-03-06,0,0,0,,False,0.0,0.0,0.0,0.0,0.0,0.0,12865092.352000011,False,0.0,0.0,0.0,2004.0,270646.0,0.007404506255403738,-0.0016997449366191928,33704.0,33355.15,False
2026-03-10,2026-03-09,0,0,0,,False,0.0,0.0,0.0,0.0,0.0,0.0,12865092.352000011,False,0.0,0.0,0.0,1478.0,312092.0,0.00473578303833485,-0.000675580720971726,31786.0,33298.1,False
2026-03-11,2026-03-10,0,0,0,,False,0.0,0.0,0.0,0.0,0.0,0.0,12865092.352000011,False,0.0,0.0,0.0,1464.0,249930.0,0.0058576401392389866,0.0005970920812423325,32696.0,33294.05,False
2026-03-12,2026-03-11,0,0,0,,False,0.0,0.0,0.0,0.0,0.0,0.0,12865092.352000011,False,0.0,0.0,0.0,-3601.0,227677.0,-0.015816266025992964,-0.0001096247894835911,33985.0,33380.95,False
2026-03-13,2026-03-12,0,0,0,,False,0.0,0.0,0.0,0.0,0.0,0.0,12865092.352000011,False,0.0,0.0,0.0,66.0,203422.0,0.00032444868303330024,-0.0012418708553757368,33530.0,33476.95,False
2026-03-16,2026-03-13,0,0,0,,False,0.0,0.0,0.0,0.0,0.0,0.0,12865092.352000011,False,0.0,0.0,0.0,3749.0,231691.0,0.016181034222304706,-0.0007185226181120115,33315.0,33529.65,False
2026-03-17,2026-03-16,0,0,0,,False,0.0,0.0,0.0,0.0,0.0,0.0,12865092.352000011,False,0.0,0.0,0.0,886.0,347602.0,0.0025488921237507263,-0.0010691040903477824,33250.0,33571.0,False
2026-03-18,2026-03-17,0,0,0,,False,0.0,0.0,0.0,0.0,0.0,0.0,12865092.352000011,False,0.0,0.0,0.0,496.0,241152.0,0.0020567940552016985,-0.001359270040649229,33795.0,33665.4,False
2026-03-19,2026-03-18,0,0,0,,False,0.0,0.0,0.0,0.0,0.0,0.0,12865092.352000011,False,0.0,0.0,0.0,-808.0,162458.0,-0.004973593174851346,-0.0016460424674392584,34263.0,33788.2,False
2026-03-20,2026-03-19,0,0,0,,False,0.0,0.0,0.0,0.0,0.0,0.0,12865092.352000011,False,0.0,0.0,0.0,-242.0,173222.0,-0.0013970511828751543,-0.0014841128794069512,33553.0,33833.3,False
2026-03-23,2026-03-20,0,0,0,,False,0.0,0.0,0.0,0.0,0.0,0.0,12865092.352000011,False,0.0,0.0,0.0,3038.0,215730.0,0.014082417837111203,-0.0004125682052120251,33559.0,33845.9,False
2026-03-24,2026-03-23,0,0,0,,False,0.0,0.0,0.0,0.0,0.0,0.0,12865092.352000011,False,0.0,0.0,0.0,95.0,212327.0,0.00044742307855336343,-0.00018079151297668703,32532.0,33787.95,False
2026-03-25,2026-03-24,0,0,0,,False,0.0,0.0,0.0,0.0,0.0,0.0,12865092.352000011,False,0.0,0.0,0.0,3026.0,260626.0,0.011610507010045045,0.0015288370488710627,32771.0,33734.5,False
2026-03-26,2026-03-25,0,0,0,,False,0.0,0.0,0.0,0.0,0.0,0.0,12865092.352000011,False,0.0,0.0,0.0,-2401.0,183111.0,-0.013112265238025023,0.00033838791685657596,33638.0,33675.05,False
2026-03-27,2026-03-26,0,0,0,,False,0.0,0.0,0.0,0.0,0.0,0.0,12865092.352000011,False,0.0,0.0,0.0,-1032.0,164650.0,-0.0062678408745824475,0.0014367344902169526,33440.0,33572.55,False
2026-03-30,2026-03-27,0,0,0,,False,0.0,0.0,0.0,0.0,0.0,0.0,12865092.352000011,False,0.0,0.0,0.0,-2292.0,160638.0,-0.01426810592761364,0.0010041300073997087,33120.0,33448.35,False
2026-03-31,2026-03-30,0,0,0,,False,0.0,0.0,0.0,0.0,0.0,0.0,12865092.352000011,False,0.0,0.0,0.0,3124.0,169286.0,0.01845397729286533,0.002239117156410758,32468.0,33310.15,False
2026-04-01,2026-03-31,0,0,0,,False,0.0,0.0,0.0,0.0,0.0,0.0,12865092.352000011,False,0.0,0.0,0.0,667.0,194509.0,0.0034291472374028964,0.0020314004772065573,31979.0,33192.85,False
2026-04-02,2026-04-01,1,0,1,TX202604,False,-237800.0,50.0,134.71200000000002,400.0,584.712,-238384.712,12626707.640000012,False,-0.0185295764288035,-0.0185295764288034,-238384.71199999936,1319.0,186499.0,0.007072423980825635,0.0019572974834206345,33402.0,33221.25,True
2026-04-07,2026-04-02,0,1,0,,False,141000.0,50.0,132.76000000000002,400.0,582.76,140417.24,12767124.880000012,False,0.0111206534595901,-0.0076149839674309,-97967.47199999914,-1711.0,193593.0,-0.008838129477822029,0.0014765871526154428,32487.0,33163.65,False
2026-04-08,2026-04-07,1,0,1,TX202604,False,69000.0,50.0,138.61200000000002,400.0,588.6120000000001,68411.388,12835536.268000012,False,0.005358402039849,-0.0022973860732063,-29556.083999998868,2282.0,145728.0,0.01565931049626702,0.0018893273646586064,33159.0,33136.4,True
2026-04-09,2026-04-08,1,1,1,TX202604,False,-12800.0,0.0,0.0,0.0,0.0,-12800.0,12822736.268000012,False,-0.0009972314154034,-0.0032923264630443,-42356.08399999887,-2755.0,203803.0,-0.013517956065416113,0.0009766404094710586,34996.0,33296.9,True
2026-04-10,2026-04-09,1,1,1,TX202604,False,127000.0,0.0,0.0,0.0,0.0,127000.0,12949736.268000012,False,0.0099042823111738,0.0,0.0,126.0,139646.0,0.0009022814831788952,0.000728872476668054,34932.0,33408.7,True
2026-04-13,2026-04-10,1,1,1,TX202604,False,-22000.0,0.0,0.0,0.0,0.0,-22000.0,12927736.268000012,False,-0.0016988762971462,-0.0016988762971462,-22000.0,-2112.0,127152.0,-0.016610041525103814,0.0006891837017125116,35567.0,33487.8,True
2026-04-14,2026-04-13,1,1,1,TX202605,True,184800.0,100.0,292.08000000000004,800.0,1192.08,183607.92,13111344.188000012,False,0.0142026350316632,0.0,0.0,-3040.0,252452.0,-0.012041893112354032,7.086661194314493e-05,35457.0,33584.15,True
2026-04-15,2026-04-14,0,1,0,,False,71600.0,50.0,147.98000000000002,400.0,597.98,71002.02,13182346.208000012,False,0.0054153120368073,0.0,0.0,-1042.0,216482.0,-0.004813333210151421,-0.0009788517596796614,36381.0,33737.45,False
2026-04-16,2026-04-15,0,0,0,,False,0.0,0.0,0.0,0.0,0.0,0.0,13182346.208000012,False,0.0,0.0,0.0,-139.0,134129.0,-0.001036315785549732,-0.0011581121551446842,36643.0,33907.1,False
2026-04-17,2026-04-16,0,0,0,,False,0.0,0.0,0.0,0.0,0.0,0.0,13182346.208000012,False,0.0,0.0,0.0,-1043.0,110747.0,-0.009417862334871373,-0.001731844974648338,37645.0,34099.6,False
2026-04-20,2026-04-17,0,0,0,,False,0.0,0.0,0.0,0.0,0.0,0.0,13182346.208000012,False,0.0,0.0,0.0,-503.0,130651.0,-0.003849951397233852,-0.0016756628857674631,37083.0,34240.6,False
2026-04-21,2026-04-20,0,0,0,,False,0.0,0.0,0.0,0.0,0.0,0.0,13182346.208000012,False,0.0,0.0,0.0,340.0,124160.0,0.00273840206185567,-0.001468890223530922,37254.0,34425.65,False
2026-04-22,2026-04-21,0,0,0,,False,0.0,0.0,0.0,0.0,0.0,0.0,13182346.208000012,False,0.0,0.0,0.0,1200.0,129466.0,0.009268842784978295,-0.0017095689761375671,38048.0,34650.1,False
2026-04-23,2026-04-22,0,0,0,,False,0.0,0.0,0.0,0.0,0.0,0.0,13182346.208000012,False,0.0,0.0,0.0,-1638.0,135638.0,-0.01207626181453575,-0.002335753220792023,38206.0,34933.8,False
2026-04-24,2026-04-23,0,0,0,,False,0.0,0.0,0.0,0.0,0.0,0.0,13182346.208000012,False,0.0,0.0,0.0,-249.0,186761.0,-0.0013332548015913387,-0.0029829413113738423,37875.0,35189.0,False
2026-04-27,2026-04-24,0,0,0,,False,0.0,0.0,0.0,0.0,0.0,0.0,13182346.208000012,False,0.0,0.0,0.0,1843.0,194853.0,0.00945841223896989,-0.0018544074375240968,39224.0,35468.3,False
2026-04-28,2026-04-27,0,0,0,,False,0.0,0.0,0.0,0.0,0.0,0.0,13182346.208000012,False,0.0,0.0,0.0,-1611.0,176161.0,-0.009145043454567129,-0.0019982675665233306,39888.0,35790.7,False
2026-04-29,2026-04-28,0,0,0,,False,0.0,0.0,0.0,0.0,0.0,0.0,13182346.208000012,False,0.0,0.0,0.0,-599.0,135901.0,-0.004407620252978271,-0.0015052432827915622,39749.0,36122.15,False
2026-04-30,2026-04-29,0,0,0,,False,0.0,0.0,0.0,0.0,0.0,0.0,13182346.208000012,False,0.0,0.0,0.0,1073.0,141633.0,0.007575918041699321,-0.0020491462453498628,39490.0,36473.25,False
2026-05-04,2026-04-30,0,0,0,,False,0.0,0.0,0.0,0.0,0.0,0.0,13182346.208000012,False,0.0,0.0,0.0,2829.0,149347.0,0.018942462854961935,-0.0012734804644719108,39360.0,36842.3,False
2026-05-05,2026-05-04,0,0,0,,False,0.0,0.0,0.0,0.0,0.0,0.0,13182346.208000012,False,0.0,0.0,0.0,70.0,148188.0,0.0004723729316813777,-0.0016034830169291236,41031.0,37223.75,False
2026-05-06,2026-05-05,0,0,0,,False,0.0,0.0,0.0,0.0,0.0,0.0,13182346.208000012,False,0.0,0.0,0.0,-2871.0,126121.0,-0.02276385375948494,-0.0022997692310122693,41035.0,37651.15,False
2026-05-07,2026-05-06,0,0,0,,False,0.0,0.0,0.0,0.0,0.0,0.0,13182346.208000012,False,0.0,0.0,0.0,-1731.0,161783.0,-0.010699517254594117,-0.003617710618555326,41503.0,38068.35,False
2026-05-08,2026-05-07,0,0,0,,False,0.0,0.0,0.0,0.0,0.0,0.0,13182346.208000012,False,0.0,0.0,0.0,1110.0,144130.0,0.00770138069798099,-0.002556743780385471,42340.0,38435.55,False
2026-05-11,2026-05-08,0,0,0,,False,0.0,0.0,0.0,0.0,0.0,0.0,13182346.208000012,False,0.0,0.0,0.0,-1544.0,149222.0,-0.010346999772151559,-0.0031192078431519937,41937.0,38785.8,False
2026-05-12,2026-05-11,0,0,0,,False,0.0,0.0,0.0,0.0,0.0,0.0,13182346.208000012,False,0.0,0.0,0.0,1124.0,104762.0,0.010729081155380769,-0.0017522517091277643,41945.0,39104.7,False
2026-05-13,2026-05-12,0,0,0,,False,0.0,0.0,0.0,0.0,0.0,0.0,13182346.208000012,False,0.0,0.0,0.0,-908.0,144096.0,-0.006301354652453919,-0.001465224786132759,41695.0,39416.6,False
2026-05-14,2026-05-13,0,0,0,,False,0.0,0.0,0.0,0.0,0.0,0.0,13182346.208000012,False,0.0,0.0,0.0,853.0,179851.0,0.004742814885655348,-0.0009874173813424203,41469.0,39671.0,False
2026-05-15,2026-05-14,0,0,0,,False,0.0,0.0,0.0,0.0,0.0,0.0,13182346.208000012,False,0.0,0.0,0.0,526.0,156492.0,0.0033611941824502212,-0.0007675418829424227,41602.0,39918.95,False
2026-05-18,2026-05-15,0,0,0,,False,0.0,0.0,0.0,0.0,0.0,0.0,13182346.208000012,False,0.0,0.0,0.0,-1341.0,211205.0,-0.006349281503752279,-0.0006141128413864681,41012.0,40087.3,False
2026-05-19,2026-05-18,1,0,1,TX202606,True,-128400.0,150.0,486.092,1200.0,1836.092,-130236.092,13052110.116000012,False,-0.0098795836450542,-0.0098795836450542,-130236.09200000018,4790.0,303698.0,0.01577224743001271,0.00036699709997586004,40807.0,40273.5,True
2026-05-20,2026-05-19,0,1,0,,False,-20200.0,50.0,161.12,400.0,611.12,-20811.12,13031298.996000012,False,-0.0015944640226784,-0.0114582950270516,-151047.21199999936,-560.0,287416.0,-0.0019483953572522058,0.00013265722902046622,40248.0,40423.2,False
2026-05-21,2026-05-20,0,0,0,,False,0.0,0.0,0.0,0.0,0.0,0.0,13031298.996000012,False,0.0,-0.0114582950270516,-151047.21199999936,111.0,189745.0,0.0005849956520593428,-0.0003015351276254814,40078.0,40524.7,False
2026-05-22,2026-05-21,0,0,0,,False,0.0,0.0,0.0,0.0,0.0,0.0,13031298.996000012,False,0.0,-0.0114582950270516,-151047.21199999936,-1188.0,122358.0,-0.00970921394596185,-0.00018318273419678645,41473.0,40688.05,False
2026-05-25,2026-05-22,0,0,0,,False,0.0,0.0,0.0,0.0,0.0,0.0,13031298.996000012,False,0.0,-0.0114582950270516,-151047.21199999936,-1074.0,147060.0,-0.007303141574867401,-0.0004816770728605896,42442.0,40916.4,False
2026-05-26,2026-05-25,0,0,0,,False,0.0,0.0,0.0,0.0,0.0,0.0,13031298.996000012,False,0.0,-0.0114582950270516,-151047.21199999936,-3168.0,120350.0,-0.026323223930203574,-0.0022707588813192627,43877.0,41149.05,False
2026-05-27,2026-05-26,0,0,0,,False,0.0,0.0,0.0,0.0,0.0,0.0,13031298.996000012,False,0.0,-0.0114582950270516,-151047.21199999936,-2303.0,100609.0,-0.022890596268723473,-0.00295803652202708,43893.0,41349.3,False
2026-05-28,2026-05-27,0,0,0,,False,0.0,0.0,0.0,0.0,0.0,0.0,13031298.996000012,False,0.0,-0.0114582950270516,-151047.21199999936,-389.0,153677.0,-0.002531283145818828,-0.002864219666669108,44798.0,41601.75,False
2026-05-29,2026-05-28,0,0,0,,False,0.0,0.0,0.0,0.0,0.0,0.0,13031298.996000012,False,0.0,-0.0114582950270516,-151047.21199999936,1473.0,214221.0,0.006876076575125688,-0.0028992117399977897,43842.0,41819.35,False
2026-06-01,2026-05-29,0,0,0,,False,0.0,0.0,0.0,0.0,0.0,0.0,13031298.996000012,False,0.0,-0.0114582950270516,-151047.21199999936,-3163.0,153907.0,-0.020551371932400735,-0.004873903479365923,45285.0,42115.6,False
2026-06-02,2026-06-01,0,0,0,,False,0.0,0.0,0.0,0.0,0.0,0.0,13031298.996000012,False,0.0,-0.0114582950270516,-151047.21199999936,-2106.0,154436.0,-0.013636716827682664,-0.005579357967334125,46035.0,42365.8,False
2026-06-03,2026-06-02,0,0,0,,False,0.0,0.0,0.0,0.0,0.0,0.0,13031298.996000012,False,0.0,-0.0114582950270516,-151047.21199999936,-890.0,164296.0,-0.005417052149778449,-0.0047120178868488,46087.0,42618.4,False
2026-06-04,2026-06-03,0,0,0,,False,0.0,0.0,0.0,0.0,0.0,0.0,13031298.996000012,False,0.0,-0.0114582950270516,-151047.21199999936,1687.0,119789.0,0.014083096110661246,-0.003472887218586032,46868.0,42886.65,False
2026-06-05,2026-06-04,0,0,0,,False,0.0,0.0,0.0,0.0,0.0,0.0,13031298.996000012,False,0.0,-0.0114582950270516,-151047.21199999936,-1411.0,131773.0,-0.010707808124577873,-0.0043933466597139755,46294.0,43084.35,False
2026-06-08,2026-06-05,0,0,0,,False,0.0,0.0,0.0,0.0,0.0,0.0,13031298.996000012,False,0.0,-0.0114582950270516,-151047.21199999936,2819.0,209595.0,0.013449748324148953,-0.0032035092548989503,45211.0,43248.05,False
2026-06-09,2026-06-08,0,0,0,,False,0.0,0.0,0.0,0.0,0.0,0.0,13031298.996000012,False,0.0,-0.0114582950270516,-151047.21199999936,5834.0,268394.0,0.021736700522366374,-0.0026531282865496697,43080.0,43304.8,False
2026-06-10,2026-06-09,0,0,0,,False,0.0,0.0,0.0,0.0,0.0,0.0,13031298.996000012,False,0.0,-0.0114582950270516,-151047.21199999936,2479.0,188289.0,0.013165931095284376,-0.0016797639991627546,44665.0,43453.3,False
2026-06-11,2026-06-10,0,0,0,,False,0.0,0.0,0.0,0.0,0.0,0.0,13031298.996000012,False,0.0,-0.0114582950270516,-151047.21199999936,-97.0,273945.0,-0.00035408567413166875,-0.0019346090271521055,43422.0,43550.95,False
2026-06-12,2026-06-11,0,0,0,,False,0.0,0.0,0.0,0.0,0.0,0.0,13031298.996000012,False,0.0,-0.0114582950270516,-151047.21199999936,-762.0,297704.0,-0.002559589390804289,-0.0022306482058148313,43241.0,43632.9,False
2026-06-15,2026-06-12,0,0,0,,False,0.0,0.0,0.0,0.0,0.0,0.0,13031298.996000012,False,0.0,-0.0114582950270516,-151047.21199999936,-565.0,248291.0,-0.002275555698756701,-0.002026961915565052,44188.0,43791.7,False
2026-06-16,2026-06-15,0,0,0,,False,0.0,0.0,0.0,0.0,0.0,0.0,13031298.996000012,False,0.0,-0.0114582950270516,-151047.21199999936,-3271.0,314771.0,-0.01039168157168227,-0.003335158365649801,45580.0,44030.35,False
2026-06-17,2026-06-16,0,0,0,,False,0.0,0.0,0.0,0.0,0.0,0.0,13031298.996000012,False,0.0,-0.0114582950270516,-151047.21199999936,-4517.0,235497.0,-0.01918071143156813,-0.004196774169365597,45772.0,44306.55,False
2026-06-18,2026-06-17,0,0,0,,False,0.0,0.0,0.0,0.0,0.0,0.0,13031298.996000012,False,0.0,-0.0114582950270516,-151047.21199999936,1318.0,151194.0,0.008717277140627274,-0.003790160094937201,45668.0,44586.05,False
2026-06-22,2026-06-18,0,0,0,,False,0.0,0.0,0.0,0.0,0.0,0.0,13031298.996000012,False,0.0,-0.0114582950270516,-151047.21199999936,1791.0,140787.0,0.01272134501054785,-0.0026686321471117154,46769.0,44850.85,False
2026-06-23,2026-06-22,0,0,0,,False,0.0,0.0,0.0,0.0,0.0,0.0,13031298.996000012,False,0.0,-0.0114582950270516,-151047.21199999936,-34.0,124104.0,-0.0002739637723199897,-0.0023171732569843453,48413.0,45149.4,False
2026-06-24,2026-06-23,0,0,0,,False,0.0,0.0,0.0,0.0,0.0,0.0,13031298.996000012,False,0.0,-0.0114582950270516,-151047.21199999936,-5669.0,154337.0,-0.03673130875940312,-0.0028375774984443227,47436.0,45327.35,False
2026-06-25,2026-06-24,0,0,0,,False,0.0,0.0,0.0,0.0,0.0,0.0,13031298.996000012,False,0.0,-0.0114582950270516,-151047.21199999936,-1845.0,223787.0,-0.008244446728362238,-0.0021052700214262607,46387.0,45452.05,False
2026-06-26,2026-06-25,0,0,0,,False,0.0,0.0,0.0,0.0,0.0,0.0,13031298.996000012,False,0.0,-0.0114582950270516,-151047.21199999936,2350.0,196790.0,0.011941663702423904,-0.0013816226790141245,46544.0,45539.35,False
2026-06-29,2026-06-26,0,0,0,,False,0.0,0.0,0.0,0.0,0.0,0.0,13031298.996000012,False,0.0,-0.0114582950270516,-151047.21199999936,6503.0,263663.0,0.024664059803612946,-0.0004922235175897616,44373.0,45565.9,False
2026-06-30,2026-06-29,0,0,0,,False,0.0,0.0,0.0,0.0,0.0,0.0,13031298.996000012,False,0.0,-0.0114582950270516,-151047.21199999936,-704.0,183264.0,-0.0038414527675921075,0.00034327244065066975,45550.0,45579.15,False
2026-07-01,2026-06-30,0,0,0,,False,0.0,0.0,0.0,0.0,0.0,0.0,13031298.996000012,False,0.0,-0.0114582950270516,-151047.21199999936,-3630.0,158420.0,-0.02291377351344527,-0.00012058039363746064,46730.0,45613.9,False
2026-07-02,2026-07-01,0,0,0,,False,0.0,0.0,0.0,0.0,0.0,0.0,13031298.996000012,False,0.0,-0.0114582950270516,-151047.21199999936,-450.0,124238.0,-0.0036220802009047154,-3.083179619377389e-05,47231.0,45671.1,False
2026-07-03,2026-07-02,0,0,0,,False,0.0,0.0,0.0,0.0,0.0,0.0,13031298.996000012,False,0.0,-0.0114582950270516,-151047.21199999936,991.0,158575.0,0.006249408797099164,-0.000422516161871878,46599.0,45657.65,False
2026-07-06,2026-07-03,1,0,1,TX202607,False,-78800.0,50.0,189.128,400.0,639.128,-79439.128,12951859.868000012,False,-0.0060960252714931,-0.0174844702424917,-230486.33999999985,3613.0,181661.0,0.019888693775769153,0.0011073089331454732,46966.0,45691.25,True
2026-07-07,2026-07-06,1,1,1,TX202607,False,-222200.0,0.0,0.0,0.0,0.0,-222200.0,12729659.868000012,False,-0.0171558372515276,-0.0343403467681099,-452686.3399999999,513.0,107711.0,0.0047627447521608746,0.0006729587545460695,46886.0,45775.0,True
2026-07-08,2026-07-07,0,1,0,,False,-33800.0,50.0,182.41600000000005,400.0,632.416,-34432.416,12695227.452000013,False,-0.002704896780986,-0.0369523564556648,-487118.7559999991,1896.0,167004.0,0.01135302148451534,0.0001537748026535179,45775.0,45909.75,False
2026-07-09,2026-07-08,0,0,0,,False,0.0,0.0,0.0,0.0,0.0,0.0,12695227.452000013,False,0.0,-0.0369523564556648,-487118.7559999991,115.0,184221.0,0.0006242502212017088,-0.00047330924105061544,45564.0,45954.7,False
2026-07-13,2026-07-09,0,0,0,,False,0.0,0.0,0.0,0.0,0.0,0.0,12695227.452000013,False,0.0,-0.0369523564556648,-487118.7559999991,1220.0,203988.0,0.005980743965331294,-0.0001565677590774673,45678.0,46067.5,False
2026-07-14,2026-07-13,0,0,0,,False,0.0,0.0,0.0,0.0,0.0,0.0,12695227.452000013,False,0.0,-0.0369523564556648,-487118.7559999991,-1267.0,331629.0,-0.003820534392348076,-0.00021961500915465673,45617.0,46186.3,False
2026-07-15,2026-07-14,0,0,0,,False,0.0,0.0,0.0,0.0,0.0,0.0,12695227.452000013,False,0.0,-0.0369523564556648,-487118.7559999991,695.0,358211.0,0.001940197258040652,-8.827361314789057e-06,44815.0,46217.65,False
2026-07-16,2026-07-15,0,0,0,,False,0.0,0.0,0.0,0.0,0.0,0.0,12695227.452000013,False,0.0,-0.0369523564556648,-487118.7559999991,1022.0,152464.0,0.006703221744149439,0.0008459178044767964,45830.0,46230.15,False
2026-07-17,2026-07-16,0,0,0,,False,0.0,0.0,0.0,0.0,0.0,0.0,12695227.452000013,False,0.0,-0.0369523564556648,-487118.7559999991,-1256.0,157506.0,-0.007974299391769203,0.0014062384064667428,45700.0,46226.55,False
2026-07-20,2026-07-17,0,0,0,,False,0.0,0.0,0.0,0.0,0.0,0.0,12695227.452000013,False,0.0,-0.0369523564556648,-487118.7559999991,2158.0,220452.0,0.009788979006767912,0.0014598234997737747,42725.0,46079.4,False
2026-07-21,2026-07-20,0,0,0,,False,0.0,0.0,0.0,0.0,0.0,0.0,12695227.452000013,False,0.0,-0.0369523564556648,-487118.7559999991,2097.0,208649.0,0.010050371676835259,0.0013262748330881452,42641.0,45873.0,False
2026-07-22,2026-07-21,0,0,0,,False,0.0,0.0,0.0,0.0,0.0,0.0,12695227.452000013,False,0.0,-0.0369523564556648,-487118.7559999991,1162.0,133378.0,0.00871208145271334,0.0017755770943398118,44377.0,45671.2,False
2026-07-23,2026-07-22,0,0,0,,False,0.0,0.0,0.0,0.0,0.0,0.0,12695227.452000013,False,0.0,-0.0369523564556648,-487118.7559999991,453.0,124167.0,0.0036483123535238833,0.0037945581499861615,44631.0,45530.95,False
2026-07-24,2026-07-23,0,0,0,,False,0.0,0.0,0.0,0.0,0.0,0.0,12695227.452000013,False,0.0,-0.0369523564556648,-487118.7559999991,861.0,107595.0,0.008002230586923184,0.004606892015750433,44930.0,45458.1,False
2026-07-27,2026-07-24,0,0,0,,False,0.0,0.0,0.0,0.0,0.0,0.0,12695227.452000013,False,0.0,-0.0369523564556648,-487118.7559999991,-1161.0,154849.0,-0.007497626720224218,0.0036349274946180267,43905.0,45326.15,False
2026-07-28,2026-07-27,0,0,0,,False,0.0,0.0,0.0,0.0,0.0,0.0,12695227.452000013,False,0.0,-0.0369523564556648,-487118.7559999991,-1316.0,147110.0,-0.008945686900958467,0.001954440159389456,43907.0,45302.85,False
2026-07-29,2026-07-28,0,0,0,,False,0.0,0.0,0.0,0.0,0.0,0.0,12695227.452000013,False,0.0,-0.0369523564556648,-487118.7559999991,-1080.0,181242.0,-0.005958883702453074,0.001848568612646408,41613.0,45106.0,False
2026-07-30,2026-07-29,0,0,0,,False,0.0,0.0,0.0,0.0,0.0,0.0,12695227.452000013,False,0.0,-0.0369523564556648,-487118.7559999991,-286.0,252016.0,-0.0011348485810424734,0.0029375148592665477,40392.0,44789.1,False
2026-07-31,2026-07-30,0,0,0,,False,0.0,0.0,0.0,0.0,0.0,0.0,12695227.452000013,False,0.0,-0.0369523564556648,-487118.7559999991,2279.0,236453.0,0.009638279066030035,0.0036005328226132853,40270.0,44441.05,False
2026-08-03,2026-07-31,0,0,0,,False,0.0,0.0,0.0,0.0,0.0,0.0,12695227.452000013,False,0.0,-0.0369523564556648,-487118.7559999991,801.0,192985.0,0.004150581651423685,0.0034955914653295116,43678.0,44295.0,False
2026-08-04,2026-08-03,0,0,0,,False,0.0,0.0,0.0,0.0,0.0,0.0,12695227.452000013,False,0.0,-0.0369523564556648,-487118.7559999991,-4421.0,183617.0,-0.024077291318341982,0.0012972922106239545,43230.0,44108.2,False
2026-08-05,2026-08-04,0,0,0,,False,0.0,0.0,0.0,0.0,0.0,0.0,12695227.452000013,False,0.0,-0.0369523564556648,-487118.7559999991,2429.0,163871.0,0.01482263487743408,0.0018002867168876147,43357.0,43931.75,False
2026-08-06,2026-08-05,1,0,1,TX202608,False,20600.0,50.0,176.716,400.0,626.716,19973.284,12715200.736000013,False,0.0015732907563506,-0.0354372025001513,-467145.4719999992,428.0,146466.0,0.002922179891578933,0.0013787446372407945,44514.0,43868.7,True
2026-08-07,2026-08-06,1,1,1,TX202608,False,13800.0,0.0,0.0,0.0,0.0,13800.0,12729000.736000013,False,0.0010853151504662,-0.0343903478824487,-453345.4719999992,-1234.0,130668.0,-0.009443781185906266,0.0008753430668853958,44280.0,43804.5,True
2026-08-10,2026-08-07,1,1,1,TX202608,False,127600.0,0.0,0.0,0.0,0.0,127600.0,12856600.736000013,False,0.010024353258078,-0.0247107356202125,-325745.47199999914,263.0,132351.0,0.0019871402558348634,0.0006756628814105742,44349.0,43738.05,True
2026-08-11,2026-08-10,1,1,1,TX202608,False,20600.0,0.0,0.0,0.0,0.0,20600.0,12877200.736000013,False,0.0016022897827353,-0.0231480395966853,-305145.47199999914,-1483.0,116465.0,-0.01273343923067016,0.00023001763949447013,44987.0,43706.55,True
2026-08-12,2026-08-11,1,1,1,TX202608,False,87600.0,0.0,0.0,0.0,0.0,87600.0,12964800.736000013,False,0.0068027206996239,-0.0165027885451815,-217545.47199999916,163.0,103421.0,0.001576082227013856,0.00021181188794313025,45090.0,43720.3,True
2026-08-13,2026-08-12,1,1,1,TX202608,False,95400.0,0.0,0.0,0.0,0.0,95400.0,13060200.736000013,False,0.0073583853653144,-0.0092658370575847,-122145.47199999914,610.0,114572.0,0.005324162971755752,0.0001428589493234459,45528.0,43705.2,True
2026-08-14,2026-08-13,1,1,1,TX202608,False,-32800.0,0.0,0.0,0.0,0.0,-32800.0,13027400.736000013,False,-0.0025114468500922,-0.0117540132503853,-154945.47199999914,-448.0,109260.0,-0.004100311184330954,0.0003365583596953583,46005.0,43720.45,True
2026-08-17,2026-08-14,0,1,0,,False,1800.0,50.0,183.392,400.0,633.392,1166.608,13028567.344000012,False,8.9550327317113e-05,-0.0116655154988021,-153778.86400000006,30.0,132606.0,0.00022623410705397947,-0.00014157888529033825,45841.0,43876.25,False
2026-08-18,2026-08-17,0,0,0,,False,0.0,0.0,0.0,0.0,0.0,0.0,13028567.344000012,False,0.0,-0.0116655154988021,-153778.86400000006,-814.0,235036.0,-0.003463299239265474,-0.0008172624310953749,45888.0,44038.6,False
2026-08-19,2026-08-18,0,0,0,,False,0.0,0.0,0.0,0.0,0.0,0.0,13028567.344000012,False,0.0,-0.0116655154988021,-153778.86400000006,-29.0,248601.0,-0.00011665278900728477,-0.0012586991431814062,45085.0,44074.0,False
2026-08-20,2026-08-19,0,0,0,,False,0.0,0.0,0.0,0.0,0.0,0.0,13028567.344000012,False,0.0,-0.0116655154988021,-153778.86400000006,-302.0,133748.0,-0.0022579776893860096,-0.0015540136453269008,44612.0,44073.05,False
2026-08-21,2026-08-20,0,0,0,,False,0.0,0.0,0.0,0.0,0.0,0.0,13028567.344000012,False,0.0,-0.0116655154988021,-153778.86400000006,-407.0,112795.0,-0.0036083159714526353,-0.002134540973245692,44868.0,44069.95,False
2026-08-24,2026-08-21,0,0,0,,False,0.0,0.0,0.0,0.0,0.0,0.0,13028567.344000012,False,0.0,-0.0116655154988021,-153778.86400000006,-34.0,110148.0,-0.00030867560010168135,-0.0017750934172395649,45148.0,44132.1,False
2026-08-25,2026-08-24,0,0,0,,False,0.0,0.0,0.0,0.0,0.0,0.0,13028567.344000012,False,0.0,-0.0116655154988021,-153778.86400000006,224.0,89798.0,0.0024944876277868105,-0.0012030846908023013,44762.0,44174.85,False
2026-08-26,2026-08-25,0,0,0,,False,0.0,0.0,0.0,0.0,0.0,0.0,13028567.344000012,False,0.0,-0.0116655154988021,-153778.86400000006,-1087.0,107119.0,-0.010147592864011052,-0.0014125201488802,45027.0,44345.55,False
2026-08-27,2026-08-26,0,0,0,,False,0.0,0.0,0.0,0.0,0.0,0.0,13028567.344000012,False,0.0,-0.0116655154988021,-153778.86400000006,727.0,107951.0,0.0067345369658456155,-0.0010190508715357956,46011.0,44626.5,False
2026-08-28,2026-08-27,0,0,0,,False,0.0,0.0,0.0,0.0,0.0,0.0,13028567.344000012,False,0.0,-0.0116655154988021,-153778.86400000006,-1563.0,95661.0,-0.016338946906262742,-0.0023179121701504346,46078.0,44916.9,False
2026-08-31,2026-08-28,0,0,0,,False,0.0,0.0,0.0,0.0,0.0,0.0,13028567.344000012,False,0.0,-0.0116655154988021,-153778.86400000006,1350.0,87978.0,0.015344745277228398,-0.001758203988860199,46357.0,45050.85,False
2026-09-01,2026-08-31,0,0,0,,False,0.0,0.0,0.0,0.0,0.0,0.0,13028567.344000012,False,0.0,-0.0116655154988021,-153778.86400000006,811.0,113241.0,0.007161717045946256,-0.00019625357064578696,45983.0,45188.5,False
2026-09-02,2026-09-01,1,0,1,TX202609,False,-102400.0,50.0,186.812,400.0,636.812,-103036.812,12925530.53200001,False,-0.0079085297162355,-0.0194817881390603,-256815.6760000009,1995.0,105687.0,0.018876493797723465,6.439375368682242e-06,47209.0,45381.1,True
2026-09-03,2026-09-02,0,1,0,,False,-4000.0,50.0,184.668,400.0,634.668,-4634.668,12920895.864000011,False,-0.0003585669453587,-0.0198333695591558,-261450.3440000005,-3784.0,108116.0,-0.03499944504051204,-0.0018896418712358663,46189.0,45464.85,False
2026-09-04,2026-09-03,1,0,1,TX202609,False,59600.0,50.0,185.632,400.0,635.6320000000001,58964.368,12979860.232000012,False,0.0045634891435264,-0.015360389782292,-202485.9759999998,3127.0,104251.0,0.029994916115912557,8.229299385507493e-05,45837.0,45542.7,True
2026-09-07,2026-09-04,0,1,0,,False,115200.0,50.0,189.112,400.0,639.1120000000001,114560.888,13094421.120000012,False,0.0088260494298364,-0.0066699119119356,-87925.08799999952,-951.0,109465.0,-0.008687708399945189,-0.00045144943893392776,46704.0,45660.45,False
2026-09-08,2026-09-07,0,0,0,,False,0.0,0.0,0.0,0.0,0.0,0.0,13094421.120000012,False,0.0,-0.0066699119119356,-87925.08799999952,-730.0,99190.0,-0.00735961286420002,-0.00018275812061042084,47470.0,45784.6,False
2026-09-09,2026-09-08,0,0,0,,False,0.0,0.0,0.0,0.0,0.0,0.0,13094421.120000012,False,0.0,-0.0066699119119356,-87925.08799999952,-1827.0,76033.0,-0.02402904002209567,-0.0014630142330658972,46980.0,45879.1,False
2026-09-10,2026-09-09,0,0,0,,False,0.0,0.0,0.0,0.0,0.0,0.0,13094421.120000012,False,0.0,-0.0066699119119356,-87925.08799999952,1201.0,108959.0,0.011022494699841224,-0.0011780976466616235,47187.0,45962.05,False
2026-09-11,2026-09-10,0,0,0,,False,0.0,0.0,0.0,0.0,0.0,0.0,13094421.120000012,False,0.0,-0.0066699119119356,-87925.08799999952,-742.0,108168.0,-0.006859699726351602,-0.001316067073762656,46870.0,46005.3,False
2026-09-14,2026-09-11,0,0,0,,False,0.0,0.0,0.0,0.0,0.0,0.0,13094421.120000012,False,0.0,-0.0066699119119356,-87925.08799999952,1216.0,139420.0,0.008721847654568928,-0.0008912863963869084,46218.0,46024.15,False
2026-09-15,2026-09-14,0,0,0,,False,0.0,0.0,0.0,0.0,0.0,0.0,13094421.120000012,False,0.0,-0.0066699119119356,-87925.08799999952,1225.0,281539.0,0.004351084574428409,-0.0005005672057022142,45780.0,46018.75,False
2026-09-16,2026-09-15,0,0,0,,False,0.0,0.0,0.0,0.0,0.0,0.0,13094421.120000012,False,0.0,-0.0066699119119356,-87925.08799999952,-2989.0,243407.0,-0.012279844047213105,-0.0011087267686125052,45607.0,46044.85,False
2026-09-17,2026-09-16,0,0,0,,False,0.0,0.0,0.0,0.0,0.0,0.0,13094421.120000012,False,0.0,-0.0066699119119356,-87925.08799999952,2437.0,120705.0,0.02018971873576074,1.3658052644832143e-05,45759.0,46102.2,False
2026-09-18,2026-09-17,0,0,0,,False,0.0,0.0,0.0,0.0,0.0,0.0,13094421.120000012,False,0.0,-0.0066699119119356,-87925.08799999952,-1738.0,103668.0,-0.016765057684145542,-0.0006441790329898132,46445.0,46181.05,False
2026-09-21,2026-09-18,1,0,1,TX202610,False,94000.0,50.0,190.436,400.0,640.436,93359.564,13187780.684000012,False,0.0071297205996686,0.0,0.0,1168.0,86916.0,0.013438262230199272,4.316785852523453e-05,47418.0,46294.55,True
2026-09-22,2026-09-21,1,1,1,TX202610,False,33200.0,0.0,0.0,0.0,0.0,33200.0,13220980.684000012,False,0.0025174819626989,0.0,0.0,805.0,74447.0,0.010813061641167541,0.00045909655919427106,48077.0,46460.3,True
2026-09-23,2026-09-22,0,1,0,,False,57200.0,50.0,194.108,400.0,644.108,56555.892,13277536.576000012,False,0.0042777380401473,0.0,0.0,-1630.0,75172.0,-0.02168360559782898,-0.00011770407749662534,48243.0,46621.1,False
2026-09-24,2026-09-23,0,0,0,,False,0.0,0.0,0.0,0.0,0.0,0.0,13277536.576000012,False,0.0,0.0,0.0,-495.0,81597.0,-0.006066399499981617,-0.0007577509007879869,48336.0,46737.35,False
2026-09-29,2026-09-24,0,0,0,,False,0.0,0.0,0.0,0.0,0.0,0.0,13277536.576000012,False,0.0,0.0,0.0,-154.0,80890.0,-0.0019038200024724934,-3.599455559847449e-05,48123.0,46839.6,False
2026-09-30,2026-09-29,0,0,0,,False,0.0,0.0,0.0,0.0,0.0,0.0,13277536.576000012,False,0.0,0.0,0.0,-80.0,93988.0,-0.0008511724901051198,-0.0008457904439651505,47767.0,46910.1,False
2026-10-01,2026-09-30,0,0,0,,False,0.0,0.0,0.0,0.0,0.0,0.0,13277536.576000012,False,0.0,0.0,0.0,1337.0,93583.0,0.014286782855860573,-0.0004895371534694346,48330.0,47027.45,False
2026-10-02,2026-10-01,0,0,0,,False,0.0,0.0,0.0,0.0,0.0,0.0,13277536.576000012,False,0.0,0.0,0.0,-968.0,79222.0,-0.012218828103304638,-0.0020443032485208397,48685.0,47101.25,False
2026-10-05,2026-10-02,0,0,0,,False,0.0,0.0,0.0,0.0,0.0,0.0,13277536.576000012,False,0.0,0.0,0.0,-320.0,87532.0,-0.003655805876707947,-0.00047712129033063513,48671.0,47225.35,False
