date,position_equivalent,gross_pnl,fee,tax,slippage_cost,cost,pnl,equity,daily_return,drawdown_pct,drawdown_amount
2018-08-31,0.3150096642471062,2961.0908439227983,15.75048321235531,13.831444337761939,126.00386569884247,155.58579324895973,2805.5050506738385,10002805.505050674,0.0002805505050673839,0.0,0.0
2018-09-03,0.3150096642471062,-5481.168157899648,0.0,0.0,0.0,0.0,-5481.168157899648,9997324.336892774,-0.0005479630844698585,-0.0005479630844699157,-5481.168157899752
2018-09-04,0.3150096642471062,4221.129500911223,0.0,0.0,0.0,0.0,4221.129500911223,10001545.466393685,0.00042222592352377094,-0.000125968525165554,-1260.0386569891125
2018-09-05,0.3150096642471062,-3276.1005081699045,0.0,0.0,0.0,0.0,-3276.1005081699045,9998269.365885515,-0.0003275594276082601,-0.0004534866905958612,-4536.139165159315
2018-09-06,0.3150096642471062,-3087.0947096216405,0.0,0.0,0.0,0.0,-3087.0947096216405,9995182.271175893,-0.0003087629065240959,-0.0007621095772513131,-7623.233874781057
2018-09-07,0.3150096642471062,-3528.1082395675894,0.0,0.0,0.0,0.0,-3528.1082395675894,9991654.162936326,-0.0003529808805730285,-0.0011148214477145757,-11151.342114347965
2018-09-10,0.3150096642471062,-6993.214546285757,0.0,0.0,0.0,0.0,-6993.214546285757,9984660.94839004,-0.0006999055844253326,-0.0018139467623830008,-18144.556660633534
2018-09-11,0.3150096642471062,378.01159709652745,0.0,0.0,0.0,0.0,378.01159709652745,9985038.959987137,3.7859232181286964e-05,-0.0017761562048332902,-17766.545063536614
2018-09-12,0.3150096642471062,-882.0270598918974,0.0,0.0,0.0,0.0,-882.0270598918974,9984156.932927245,-8.8334864132872e-05,-0.0018643341724491336,-18648.572123428807
2018-09-13,0.3150096642471062,-567.0173956447911,0.0,0.0,0.0,0.0,-567.0173956447911,9983589.9155316,-5.679171505956566e-05,-0.0019210200087736995,-19215.589519074187
2018-09-14,0.3150096642471062,10332.316987305083,0.0,0.0,0.0,0.0,10332.316987305083,9993922.232518906,0.0010349300276477665,-0.0008880781024166451,-8883.272531768307
2018-09-17,0.3150096642471062,-3654.1121052664316,0.0,0.0,0.0,0.0,-3654.1121052664316,9990268.120413639,-0.00036563343402617565,-0.001253386825396663,-12537.38463703543
2018-09-18,0.3150096642471062,-2646.081179675692,31.50096642471062,27.166433444670442,252.00773139768495,310.67513126706604,-2956.756310942758,9987311.364102697,-0.0002959636593637625,-0.001548979527808858,-15494.140947977081
2018-09-19,0.3150096642471062,6111.18748639386,0.0,0.0,0.0,0.0,6111.18748639386,9993422.55158909,0.0006118951601288056,-0.0009380321807562764,-9382.953461583704
2018-09-20,0.3150096642471062,-1764.0541197837947,0.0,0.0,0.0,0.0,-1764.0541197837947,9991658.497469306,-0.00017652151809624883,-0.0011143881159880742,-11147.007581368089
2018-09-21,0.3150096642471062,7938.243539027076,0.0,0.0,0.0,0.0,7938.243539027076,9999596.741008334,0.0007944870754977944,-0.00032078640744537257,-3208.764042340219
2018-09-25,0.3150096642471062,441.0135299459487,0.0,0.0,0.0,0.0,441.0135299459487,10000037.754538279,4.410313149302839e-05,-0.0002766974236375619,-2767.750512395054
2018-09-26,0.3150096642471062,-567.0173956447911,0.0,0.0,0.0,0.0,-567.0173956447911,9999470.737142634,-5.670152549048765e-05,-0.0003333832599621278,-3334.767908040434
2018-09-27,0.3150096642471062,630.0193284942123,0.0,0.0,0.0,0.0,630.0193284942123,10000100.75647113,6.300526748421102e-05,-0.0002703989973792398,-2704.7485795449466
2018-09-28,0.3150096642471062,-1701.0521869343734,0.0,0.0,0.0,0.0,-1701.0521869343734,9998399.704284195,-0.0001701035047905504,-0.00044045650635260447,-4405.800766479224
2018-10-01,0.3150096642471062,3213.098575320483,0.0,0.0,0.0,0.0,3213.098575320483,10001612.802859515,0.000321361284840784,-0.00011923676718061937,-1192.7021911591291
2018-10-02,0.3150096642471062,-8001.2454718764975,0.0,0.0,0.0,0.0,-8001.2454718764975,9993611.557387639,-0.0007999955236808305,-0.0009191369019814211,-9193.947663035244
2018-10-03,0.3150096642471062,-1449.0444555366885,0.0,0.0,0.0,0.0,-1449.0444555366885,9992162.512932101,-0.00014499707610363366,-0.0010640007059218304,-10642.992118572816
2018-10-04,0.3150096642471062,-10206.313121606241,0.0,0.0,0.0,0.0,-10206.313121606241,9981956.199810496,-0.0010214318580584515,-0.0020843457597622406,-20849.30524017848
2018-10-05,0.3150096642471062,-11844.363375691193,0.0,0.0,0.0,0.0,-11844.363375691193,9970111.836434804,-0.0011865773740738369,-0.0032684498963178044,-32693.668615870178
2018-10-08,0.3150096642471062,-2835.0869782239556,0.0,0.0,0.0,0.0,-2835.0869782239556,9967276.74945658,-0.0002843585934375787,-0.003551879077940079,-35528.75559409335
2018-10-09,0.3150096642471062,-63.00193284942124,0.0,0.0,0.0,0.0,-63.00193284942124,9967213.74752373,-6.320877249932498e-06,-0.003558177504198401,-35591.75752694346
2018-10-11,0.3150096642471062,-51535.58107082657,0.0,0.0,0.0,0.0,-51535.58107082657,9915678.166452905,-0.005170510272605536,-0.008710290183466585,-87127.33859776892
2018-10-12,0.3150096642471062,19278.591451922897,0.0,0.0,0.0,0.0,19278.591451922897,9934956.757904828,0.0019442534467432548,-0.006782971748434785,-67848.74714584649
2018-10-15,0.3150096642471062,-5544.170090749069,0.0,0.0,0.0,0.0,-5544.170090749069,9929412.587814078,-0.0005580467259042477,-0.007337233259163023,-73392.91723659635
2018-10-16,0.3150096642471062,5733.175889297333,31.50096642471062,25.02436772779012,252.00773139768495,308.5330655501857,5424.642823747147,9934837.230637826,0.0005463206182412611,-0.006794921122731945,-67968.27441284806
2018-10-17,0.3150096642471062,3969.121769513538,0.0,0.0,0.0,0.0,3969.121769513538,9938806.352407338,0.0003995155307903033,-0.006398120268460761,-63999.15264333598
2018-10-18,0.3150096642471062,-5544.170090749069,0.0,0.0,0.0,0.0,-5544.170090749069,9933262.18231659,-0.0005578305778546718,-0.0069523817791887765,-69543.32273408398
2018-10-19,0.3150096642471062,1323.040589837846,0.0,0.0,0.0,0.0,1323.040589837846,9934585.222906427,0.00013319295973010273,-0.0068201148277651225,-68220.28214424662
2018-10-22,0.3150096642471062,1890.0579854826372,0.0,0.0,0.0,0.0,1890.0579854826372,9936475.28089191,0.0001902503167545115,-0.0066311620400169025,-66330.22415876389
2018-10-23,0.3150096642471062,-13041.400099830196,0.0,0.0,0.0,0.0,-13041.400099830196,9923433.88079208,-0.0013124774863486183,-0.007934936275479698,-79371.62425859459
2018-10-24,0.3150096642471062,-819.0251270424761,0.0,0.0,0.0,0.0,-819.0251270424761,9922614.855665037,-8.253444693452245e-05,-0.00801681581683722,-80190.64938563667
2018-10-25,0.3150096642471062,-14427.442622517463,0.0,0.0,0.0,0.0,-14427.442622517463,9908187.41304252,-0.0014539960315279718,-0.009459155429982102,-94618.09200815484
2018-10-26,0.3150096642471062,-3906.119836664117,0.0,0.0,0.0,0.0,-3906.119836664117,9904281.293205855,-0.0003942315252860826,-0.009849657857995076,-98524.21184481867
2018-10-29,0.3150096642471062,3087.0947096216405,0.0,0.0,0.0,0.0,3087.0947096216405,9907368.387915477,0.0003116929556250919,-0.009541034971339624,-95437.11713519692
2018-10-30,0.3150096642471062,3213.098575320483,0.0,0.0,0.0,0.0,3213.098575320483,9910581.486490797,0.00032431403068040383,-0.009219815232167639,-92224.01855987683
2018-10-31,0.3150096642471062,12600.386569884247,0.0,0.0,0.0,0.0,12600.386569884247,9923181.873060683,0.0012714073929022175,-0.007960129980512654,-79623.63198999129
2018-11-01,0.3150096642471062,3969.121769513538,0.0,0.0,0.0,0.0,3969.121769513538,9927150.994830197,0.00039998478515130864,-0.007563329126241358,-75654.51022047736
2018-11-02,0.3150096642471062,5481.168157899648,0.0,0.0,0.0,0.0,5481.168157899648,9932632.162988095,0.000552139094162474,-0.0070153660417716646,-70173.34206257947
2018-11-05,0.3150096642471062,-3591.1101724170107,0.0,0.0,0.0,0.0,-3591.1101724170107,9929041.052815678,-0.0003615466790161164,-0.00737437633849336,-73764.45223499648
2018-11-06,0.3150096642471062,-2709.0831125251134,0.0,0.0,0.0,0.0,-2709.0831125251134,9926331.969703153,-0.0002728443862921557,-0.0076452086675991016,-76473.5353475213
2018-11-07,0.3150096642471062,4662.143030857172,0.0,0.0,0.0,0.0,4662.143030857172,9930994.11273401,0.00046967430115039694,-0.007179125124486707,-71811.39231666364
2018-11-08,0.3150096642471062,4788.146896556014,0.0,0.0,0.0,0.0,4788.146896556014,9935782.259630566,0.00048214175159125473,-0.0067004447288578906,-67023.24542010762
2018-11-09,0.3150096642471062,-8505.260934671867,0.0,0.0,0.0,0.0,-8505.260934671867,9927276.998695895,-0.0008560232815516744,-0.007550732273724825,-75528.506354779
2018-11-12,0.3150096642471062,1449.0444555366885,0.0,0.0,0.0,0.0,1449.0444555366885,9928726.04315143,0.00014596595377836677,-0.007405868469784638,-74079.4618992433
2018-11-13,0.3150096642471062,-5292.162359351384,0.0,0.0,0.0,0.0,-5292.162359351384,9923433.88079208,-0.000533015246503027,-0.007934936275479698,-79371.62425859459
2018-11-14,0.3150096642471062,2583.0792468262707,0.0,0.0,0.0,0.0,2583.0792468262707,9926016.960038906,0.00026030094802426313,-0.007676700798890379,-76788.54501176812
2018-11-15,0.3150096642471062,3654.1121052664316,0.0,0.0,0.0,0.0,3654.1121052664316,9929671.072144173,0.0003681347835670139,-0.007311392075910472,-73134.432906501
2018-11-16,0.3150096642471062,-2772.0850453745343,0.0,0.0,0.0,0.0,-2772.0850453745343,9926898.987098798,-0.00027917189051217397,-0.007588522831274536,-75906.51795187593
2018-11-19,0.3150096642471062,2268.0695825791645,0.0,0.0,0.0,0.0,2268.0695825791645,9929167.056681378,0.0002284771493622323,-0.007361779485976605,-73638.44836929627
2018-11-20,0.3150096642471062,-5481.168157899648,31.50096642471062,24.498931607825945,252.00773139768495,308.00762943022147,-5789.175787329869,9923377.880894048,-0.0005830474756121974,-0.007940534694643508,-79427.62415662594
2018-11-21,0.3150096642471062,1134.0347912895822,0.0,0.0,0.0,0.0,1134.0347912895822,9924511.915685337,0.00011427910988585785,-0.007827163021994599,-78293.58936533704
2018-11-22,0.3150096642471062,-945.0289927413186,0.0,0.0,0.0,0.0,-945.0289927413186,9923566.886692597,-9.522170971931969e-05,-0.007921639415868653,-79238.61835807748
2018-11-23,0.3150096642471062,-5922.181687845597,0.0,0.0,0.0,0.0,-5922.181687845597,9917644.70500475,-0.0005967795406092523,-0.008513691484146602,-85160.80004592426
2018-11-26,0.3150096642471062,9324.286061714343,0.0,0.0,0.0,0.0,9324.286061714343,9926968.991066465,0.0009401714155992118,-0.007581524397921924,-75836.51398420893
2018-11-27,0.3150096642471062,-1701.0521869343734,0.0,0.0,0.0,0.0,-1701.0521869343734,9925267.93887953,-0.0001713566536235979,-0.0077515819068952885,-77537.5661711432
2018-11-28,0.3150096642471062,8127.24933757534,0.0,0.0,0.0,0.0,8127.24933757534,9933395.188217105,0.0008188443261807631,-0.006939084919577954,-69410.31683356874
2018-11-29,0.3150096642471062,441.0135299459487,0.0,0.0,0.0,0.0,441.0135299459487,9933836.20174705,4.439705876889652e-05,-0.006894995935770143,-68969.30330362357
2018-11-30,0.3150096642471062,-1512.0463883861098,0.0,0.0,0.0,0.0,-1512.0463883861098,9932324.155358665,-0.0001522117294545473,-0.007046158165968652,-70481.34969200939
2018-12-03,0.3150096642471062,16947.519936494315,0.0,0.0,0.0,0.0,16947.519936494315,9949271.67529516,0.0017062995197705895,-0.005351881502492883,-53533.82975551486
2018-12-04,0.3150096642471062,-5040.154627953699,0.0,0.0,0.0,0.0,-5040.154627953699,9944231.520667206,-0.000506585285078586,-0.005855755603154766,-58573.984383467585
2018-12-05,0.3150096642471062,-10332.316987305083,0.0,0.0,0.0,0.0,-10332.316987305083,9933899.2036799,-0.0010390261897896599,-0.006888697509511821,-68906.30137077346
2018-12-06,0.3150096642471062,-12852.394301281933,0.0,0.0,0.0,0.0,-12852.394301281933,9921046.809378618,-0.0012937914949369437,-0.008173576466199761,-81758.6956720557
2018-12-07,0.3150096642471062,4536.139165158329,0.0,0.0,0.0,0.0,4536.139165158329,9925582.948543778,0.00045722384465217935,-0.0077200897756039,-77222.55650689639
2018-12-10,0.3150096642471062,-7560.231941930549,0.0,0.0,0.0,0.0,-7560.231941930549,9918022.716601847,-0.000761691477581147,-0.008475900926596891,-84782.78844882734
2018-12-11,0.3150096642471062,3843.1179038146956,0.0,0.0,0.0,0.0,3843.1179038146956,9921865.83450566,0.00038748831431709407,-0.00809169692484224,-80939.67054501362
2018-12-12,0.3150096642471062,8253.253203274182,0.0,0.0,0.0,0.0,8253.253203274182,9930119.087708935,0.0008318247133086118,-0.007266603085008261,-72686.41734173894
2018-12-13,0.3150096642471062,2394.073448278007,0.0,0.0,0.0,0.0,2394.073448278007,9932513.161157213,0.00024109211854682447,-0.007027262887193797,-70292.34389346093
2018-12-14,0.3150096642471062,-7938.243539027076,0.0,0.0,0.0,0.0,-7938.243539027076,9924574.917618187,-0.0007992180236992719,-0.007820864595736277,-78230.58743248694
2018-12-17,0.3150096642471062,3780.1159709652743,0.0,0.0,0.0,0.0,3780.1159709652743,9928355.033589153,0.0003808844209795607,-0.007442959020239837,-74450.47146152146
2018-12-18,0.3150096642471062,-4536.139165158329,31.50096642471062,24.457350332145328,252.00773139768495,307.9660481545409,-4844.10521331287,9923510.928375838,-0.00048790612311148387,-0.007927233678071355,-79294.57667483576
2018-12-19,0.3150096642471062,3654.1121052664316,0.0,0.0,0.0,0.0,3654.1121052664316,9927165.040481105,0.00036822775040410956,-0.007561924955091448,-75640.46456956863
2018-12-20,0.3150096642471062,-6867.210680586915,0.0,0.0,0.0,0.0,-6867.210680586915,9920297.829800518,-0.0006917594955441685,-0.00824845341724334,-82507.67525015585
2018-12-21,0.3150096642471062,1197.0367241390036,0.0,0.0,0.0,0.0,1197.0367241390036,9921494.866524657,0.00012066540185347179,-0.008128783318336108,-81310.63852601685
2018-12-22,0.3150096642471062,-4725.1449637065925,0.0,0.0,0.0,0.0,-4725.1449637065925,9916769.721560951,-0.0004762533294906331,-0.008601165287706602,-86035.78348972276
2018-12-24,0.3150096642471062,2205.067649729743,0.0,0.0,0.0,0.0,2205.067649729743,9918974.78921068,0.00022235745223926143,-0.008380720368667105,-83830.71583999321
2018-12-25,0.3150096642471062,-9009.276397467236,0.0,0.0,0.0,0.0,-9009.276397467236,9909965.512813214,-0.0009082870547535855,-0.009281395323600172,-92839.99223745987
2018-12-26,0.3150096642471062,-1134.0347912895822,0.0,0.0,0.0,0.0,-1134.0347912895822,9908831.478021923,-0.00011443377777887499,-0.009394766996249304,-93974.02702875063
2018-12-27,0.3150096642471062,10962.336315799295,0.0,0.0,0.0,0.0,10962.336315799295,9919793.814337723,0.0011063197855482835,-0.008298840827309584,-83011.69071295112
2018-12-28,0.3150096642471062,2394.073448278007,0.0,0.0,0.0,0.0,2394.073448278007,9922187.887786001,0.00024134306549977854,-0.00805950062949512,-80617.61726467311
2019-01-02,0.3150096642471062,-8505.260934671867,0.0,0.0,0.0,0.0,-8505.260934671867,9913682.62685133,-0.0008571961175157407,-0.008909788174362054,-89122.8781993445
2019-01-03,0.3150096642471062,-6048.185553544439,0.0,0.0,0.0,0.0,-6048.185553544439,9907634.441297784,-0.0006100846457564473,-0.009514437095156536,-95171.06375288963
2019-01-04,0.3150096642471062,-4599.141098007751,0.0,0.0,0.0,0.0,-4599.141098007751,9903035.300199777,-0.0004642017350617265,-0.009974222212010497,-99770.2048508972
2019-01-07,0.3150096642471062,12348.378838486562,0.0,0.0,0.0,0.0,12348.378838486562,9915383.679038264,0.0012469286904629587,-0.00873973066538869,-87421.82601241022
2019-01-08,0.3150096642471062,-126.00386569884247,0.0,0.0,0.0,0.0,-126.00386569884247,9915257.675172566,-1.270791628217297e-05,-0.008752327517905223,-87547.82987810858
2019-01-09,0.3150096642471062,9261.284128864922,0.0,0.0,0.0,0.0,9261.284128864922,9924518.959301429,0.0009340437164890662,-0.00782645885793909,-78286.54574924521
2019-01-10,0.3150096642471062,-882.0270598918974,0.0,0.0,0.0,0.0,-882.0270598918974,9923636.932241539,-8.887353266278427e-05,-0.00791463682555471,-79168.57280913554
2019-01-11,0.3150096642471062,3528.1082395675894,0.0,0.0,0.0,0.0,3528.1082395675894,9927165.040481105,0.00035552572747849057,-0.007561924955091448,-75640.46456956863
2019-01-14,0.3150096642471062,-3717.114038115853,0.0,0.0,0.0,0.0,-3717.114038115853,9923447.92644299,-0.0003744386260284949,-0.007933532104329566,-79357.578607684
2019-01-15,0.3150096642471062,6426.197150640966,31.50096642471062,24.68037717443228,252.00773139768495,308.18907499682786,6118.0080756441375,9929565.934518633,0.000616520399058224,-0.007321902889650289,-73239.57053204067
2019-01-16,0.3150096642471062,-1890.0579854826372,0.0,0.0,0.0,0.0,-1890.0579854826372,9927675.87653315,-0.000190346486235832,-0.007510855677398509,-75129.62851752341
2019-01-17,0.3150096642471062,945.0289927413186,0.0,0.0,0.0,0.0,945.0289927413186,9928620.905525893,9.519136245928011e-05,-0.007416379283524344,-74184.59952478111
2019-01-18,0.3150096642471062,2583.0792468262707,0.0,0.0,0.0,0.0,2583.0792468262707,9931203.98477272,0.0002601649585984925,-0.0071581438069351355,-71601.52027795464
2019-01-21,0.3150096642471062,2898.088911073377,0.0,0.0,0.0,0.0,2898.088911073377,9934102.073683793,0.0002918164721535222,-0.006868416199054428,-68703.43136688136
2019-01-22,0.3150096642471062,-1197.0367241390036,0.0,0.0,0.0,0.0,-1197.0367241390036,9932905.036959654,-0.00012049772745037992,-0.00698808629796166,-69900.46809102036
2019-01-23,0.3150096642471062,-1827.0560526332158,0.0,0.0,0.0,0.0,-1827.0560526332158,9931077.98090702,-0.00018393974832487238,-0.00717074065945178,-71727.52414365485
2019-01-24,0.3150096642471062,2835.0869782239556,0.0,0.0,0.0,0.0,2835.0869782239556,9933913.067885244,0.00028547625783168233,-0.006887311477829283,-68892.43716542982
2019-01-25,0.3150096642471062,6615.20294918923,0.0,0.0,0.0,0.0,6615.20294918923,9940528.270834433,0.0006659211635921322,-0.006225976720710569,-62277.234216241166
2019-01-28,0.3150096642471062,1071.0328584401611,0.0,0.0,0.0,0.0,1071.0328584401611,9941599.303692874,0.00010774405838999299,-0.00611890347431987,-61206.20135780051
2019-01-29,0.3150096642471062,-3906.119836664117,0.0,0.0,0.0,0.0,-3906.119836664117,9937693.18385621,-0.00039290658548400383,-0.006509405902332843,-65112.32119446434
2019-01-30,0.3150096642471062,189.00579854826373,0.0,0.0,0.0,0.0,189.00579854826373,9937882.189654756,1.901908169748124e-05,-0.00649051062355821,-64923.31539591774
2019-02-11,0.3150096642471062,4599.141098007751,0.0,0.0,0.0,0.0,4599.141098007751,9942481.330752766,0.0004627888528197098,-0.006030725506704027,-60324.17429790832
2019-02-12,0.3150096642471062,5355.164292200805,0.0,0.0,0.0,0.0,5355.164292200805,9947836.495044965,0.0005386144679635375,-0.005495359274750866,-54969.010005708784
2019-02-13,0.3150096642471062,0.0,0.0,0.0,0.0,0.0,0.0,9947836.495044965,0.0,-0.005495359274750866,-54969.010005708784
2019-02-14,0.3150096642471062,-252.00773139768495,0.0,0.0,0.0,0.0,-252.00773139768495,9947584.487313569,-2.5332918521852508e-05,-0.0055205529797838215,-55221.01773710549
2019-02-15,0.3150096642471062,-2394.073448278007,0.0,0.0,0.0,0.0,-2394.073448278007,9945190.41386529,-0.0002406688228012776,-0.005759893177598285,-57615.0911853835
2019-02-18,0.3150096642471062,5859.179754996175,0.0,0.0,0.0,0.0,5859.179754996175,9951049.593620285,0.0005891470661866342,-0.005174139535578881,-51755.91143038869
2019-02-19,0.3150096642471062,441.0135299459487,31.50096642471062,25.562404234324173,252.00773139768495,309.0711020567198,131.94242788922895,9951181.536048176,1.3259146851586241e-05,-0.005160948993403136,-51623.969002498314
2019-02-20,0.3150096642471062,6552.201016339809,0.0,0.0,0.0,0.0,6552.201016339809,9957733.737064516,0.0006584344776149895,-0.004505912662542522,-45071.76798615791
2019-02-21,0.3150096642471062,4725.1449637065925,0.0,0.0,0.0,0.0,4725.1449637065925,9962458.882028222,0.00047452011556793633,-0.004033530693172027,-40346.623022452
2019-02-22,0.3150096642471062,-882.0270598918974,0.0,0.0,0.0,0.0,-882.0270598918974,9961576.85496833,-8.853507656458488e-05,-0.004121708660787871,-41228.65008234419
2019-02-25,0.3150096642471062,3654.1121052664316,0.0,0.0,0.0,0.0,3654.1121052664316,9965230.967073597,0.0003668206508334015,-0.0037563999378079638,-37574.53797707707
2019-02-26,0.3150096642471062,-819.0251270424761,0.0,0.0,0.0,0.0,-819.0251270424761,9964411.941946553,-8.218827338258795e-05,-0.003838279479165596,-38393.563104121014
2019-02-27,0.3150096642471062,441.0135299459487,0.0,0.0,0.0,0.0,441.0135299459487,9964852.9554765,4.425886168850988e-05,-0.0037941904953575634,-37952.54957417399
2019-03-04,0.3150096642471062,-3213.098575320483,0.0,0.0,0.0,0.0,-3213.098575320483,9961639.85690118,-0.000322443149906655,-0.0041154102345295485,-41165.64814949408
2019-03-05,0.3150096642471062,-2331.071515428586,0.0,0.0,0.0,0.0,-2331.071515428586,9959308.78538575,-0.00023400479729385887,-0.004348452006085801,-43496.71966492385
2019-03-06,0.3150096642471062,3024.0927767722196,0.0,0.0,0.0,0.0,3024.0927767722196,9962332.878162524,0.00030364484543443025,-0.00404612754568856,-40472.62688815035
2019-03-07,0.3150096642471062,-3780.1159709652743,0.0,0.0,0.0,0.0,-3780.1159709652743,9958552.762191558,-0.00037944084153735763,-0.004424033121185,-44252.742859115824
2019-03-08,0.3150096642471062,-3906.119836664117,0.0,0.0,0.0,0.0,-3906.119836664117,9954646.642354894,-0.00039223770059179815,-0.0048145355491979736,-48158.86269577965
2019-03-11,0.3150096642471062,1827.0560526332158,0.0,0.0,0.0,0.0,1827.0560526332158,9956473.698407527,0.00018353801177225948,-0.004631881187708076,-46331.80664314702
2019-03-12,0.3150096642471062,7497.230009081128,0.0,0.0,0.0,0.0,7497.230009081128,9963970.928416608,0.0007530005337412041,-0.003882368462973518,-38834.57663406618
2019-03-13,0.3150096642471062,1071.0328584401611,0.0,0.0,0.0,0.0,1071.0328584401611,9965041.961275049,0.00010749056436783089,-0.003775295216582708,-37763.54377562553
2019-03-14,0.3150096642471062,-1701.0521869343734,0.0,0.0,0.0,0.0,-1701.0521869343734,9963340.909088114,-0.0001707019592636738,-0.003945352725556184,-39464.595962559804
2019-03-15,0.3150096642471062,4788.146896556014,0.0,0.0,0.0,0.0,4788.146896556014,9968129.05598467,0.0004805764391930503,-0.003466672329927367,-34676.449066003785
2019-03-18,0.3150096642471062,3969.121769513538,0.0,0.0,0.0,0.0,3969.121769513538,9972098.177754184,0.00039818121808229945,-0.003069871475655961,-30707.32729648985
2019-03-19,0.3150096642471062,1512.0463883861098,31.50096642471062,26.45577164212897,252.00773139768495,309.96446946452454,1202.0819189215852,9973300.259673106,0.00012054453310570052,-0.0029496969987740096,-29505.245377568528
2019-03-20,0.3150096642471062,1197.0367241390036,0.0,0.0,0.0,0.0,1197.0367241390036,9974497.296397245,0.0001200241337342669,-0.0028300268998668887,-28308.208653429523
2019-03-21,0.3150096642471062,4788.146896556014,0.0,0.0,0.0,0.0,4788.146896556014,9979285.4432938,0.0004800389186816941,-0.002351346504237961,-23520.061756873503
2019-03-22,0.3150096642471062,1449.0444555366885,0.0,0.0,0.0,0.0,1449.0444555366885,9980734.487749336,0.00014520523175439015,-0.002206482700297774,-22071.017301337793
2019-03-25,0.3150096642471062,-11025.338248648717,0.0,0.0,0.0,0.0,-11025.338248648717,9969709.149500689,-0.0011046620128189522,-0.0033087072954957053,-33096.35554998554
2019-03-26,0.3150096642471062,5292.162359351384,0.0,0.0,0.0,0.0,5292.162359351384,9975001.31186004,0.0005308241474242437,-0.002779639489800645,-27804.19319063425
2019-03-27,0.3150096642471062,-126.00386569884247,0.0,0.0,0.0,0.0,-126.00386569884247,9974875.30799434,-1.2631964824809283e-05,-0.002792236342317289,-27930.197056334466
2019-03-28,0.3150096642471062,-1701.0521869343734,0.0,0.0,0.0,0.0,-1701.0521869343734,9973174.255807405,-0.00017053367931036382,-0.002962293851290765,-29631.249243268743
2019-03-29,0.3150096642471062,6615.20294918923,0.0,0.0,0.0,0.0,6615.20294918923,9979789.458756596,0.0006632996455804611,-0.0023009590941718283,-23016.04629407823
2019-04-01,0.3150096642471062,2520.0773139768494,0.0,0.0,0.0,0.0,2520.0773139768494,9982309.536070572,0.00025251808411305216,-0.0020490220438409423,-20495.96898010187
2019-04-02,0.3150096642471062,2394.073448278007,0.0,0.0,0.0,0.0,2394.073448278007,9984703.60951885,0.0002398316180866906,-0.0018096818460264785,-18101.89553182386
2019-04-03,0.3150096642471062,1071.0328584401611,0.0,0.0,0.0,0.0,1071.0328584401611,9985774.64237729,0.00010726736619593787,-0.0017026085996357798,-17030.862673383206
2019-04-08,0.3150096642471062,4851.148829405435,0.0,0.0,0.0,0.0,4851.148829405435,9990625.791206695,0.00048580595929115954,-0.0012176297777487521,-12179.713843978941
2019-04-09,0.3150096642471062,4599.141098007751,0.0,0.0,0.0,0.0,4599.141098007751,9995224.932304703,0.0004603456474223777,-0.0007578446608947909,-7580.572745971382
2019-04-10,0.3150096642471062,1197.0367241390036,0.0,0.0,0.0,0.0,1197.0367241390036,9996421.969028842,0.00011976085903481418,-0.000638174561987559,-6383.536021832377
2019-04-11,0.3150096642471062,-3528.1082395675894,0.0,0.0,0.0,0.0,-3528.1082395675894,9992893.860789275,-0.00035293710594635363,-0.0009908864324508215,-9911.644261399284
2019-04-12,0.3150096642471062,-252.00773139768495,0.0,0.0,0.0,0.0,-252.00773139768495,9992641.853057878,-2.521869389472135e-05,-0.001016080137483888,-10163.651992795989
2019-04-15,0.3150096642471062,4662.143030857172,0.0,0.0,0.0,0.0,4662.143030857172,9997303.996088734,0.0004665576030257199,-0.0005499965943717156,-5501.508961940184
2019-04-16,0.3150096642471062,3465.106306718168,31.50096642471062,27.536884809825033,252.00773139768495,311.0455826322206,3154.0607240859476,10000458.056812821,0.00031549112894035405,-0.00023467898447770974,-2347.4482378531247
2019-04-17,0.3150096642471062,4473.137232308908,0.0,0.0,0.0,0.0,4473.137232308908,10004931.19404513,0.0004472932346595444,0.0,0.0
2019-04-18,0.3150096642471062,-3465.106306718168,0.0,0.0,0.0,0.0,-3465.106306718168,10001466.087738412,-0.0003463398437742957,-0.0003463398437743015,-3465.1063067186624
2019-04-19,0.3150096642471062,2079.063784030901,0.0,0.0,0.0,0.0,2079.063784030901,10003545.151522443,0.00020787590197199086,-0.0001385359375097872,-1386.042522687465
2019-04-22,0.3150096642471062,378.01159709652745,0.0,0.0,0.0,0.0,378.01159709652745,10003923.163119538,3.77877633749669e-05,-0.00010075340909809771,-1008.0309255924076
2019-04-23,0.3150096642471062,2898.088911073377,0.0,0.0,0.0,0.0,2898.088911073377,10006821.252030611,0.00028969523893960635,0.0,0.0
2019-04-24,0.3150096642471062,-945.0289927413186,0.0,0.0,0.0,0.0,-945.0289927413186,10005876.22303787,-9.443848040650778e-05,-9.443848040646685e-05,-945.0289927404374
2019-04-25,0.3150096642471062,1386.0425226872671,0.0,0.0,0.0,0.0,1386.0425226872671,10007262.265560558,0.0001385228531506312,0.0,0.0
2019-04-26,0.3150096642471062,-6174.189419243281,0.0,0.0,0.0,0.0,-6174.189419243281,10001088.076141315,-0.0006169708812860251,-0.0006169708812860941,-6174.189419243485
2019-04-29,0.3150096642471062,-63.00193284942124,0.0,0.0,0.0,0.0,-63.00193284942124,10001025.074208464,-6.299507850522706e-06,-0.000623266502523756,-6237.191352093592
2019-04-30,0.3150096642471062,1260.0386569884247,0.0,0.0,0.0,0.0,1260.0386569884247,10002285.112865454,0.0001259909506914371,-0.0004973540777714058,-4977.15269510448
2019-05-02,0.3150096642471062,1638.0502540849523,0.0,0.0,0.0,0.0,1638.0502540849523,10003923.163119538,0.00016376760266291628,-0.0003336679255935282,-3339.10244102031
2019-05-03,0.3150096642471062,7182.2203448340215,0.0,0.0,0.0,0.0,7182.2203448340215,10011105.383464372,0.0007179403747633723,0.0,0.0
2019-05-06,0.3150096642471062,-14805.454219613992,0.0,0.0,0.0,0.0,-14805.454219613992,9996299.929244759,-0.0014789030434210176,-0.0014789030434209094,-14805.454219613224
2019-05-07,0.3150096642471062,7119.2184119846,0.0,0.0,0.0,0.0,7119.2184119846,10003419.147656742,0.0007121853548188276,-0.0007677709416908929,-7686.235807629302
2019-05-08,0.3150096642471062,-4851.148829405435,0.0,0.0,0.0,0.0,-4851.148829405435,9998567.998827338,-0.0004849490716923319,-0.001252347683577626,-12537.384637033567
2019-05-09,0.3150096642471062,-9261.284128864922,0.0,0.0,0.0,0.0,-9261.284128864922,9989306.714698473,-0.0009262610535779836,-0.002177448736270904,-21798.668765898794
2019-05-10,0.3150096642471062,-63.00193284942124,0.0,0.0,0.0,0.0,-63.00193284942124,9989243.712765623,-6.30693747312002e-06,-0.002183741940711026,-21861.6706987489
2019-05-13,0.3150096642471062,-10647.32665155219,0.0,0.0,0.0,0.0,-10647.32665155219,9978596.386114072,-0.0010658791553904705,-0.0032472934910859896,-32508.99735029973
2019-05-14,0.3150096642471062,-2772.0850453745343,31.50096642471062,26.532634000205263,252.00773139768495,310.04133182260085,-3082.126377197135,9975514.259736873,-0.0003088737391449296,-0.003555164226548446,-35591.123727498576
2019-05-15,0.3150096642471062,3654.1121052664316,0.0,0.0,0.0,0.0,3654.1121052664316,9979168.37184214,0.00036630814313154186,-0.003190158369023144,-31937.011622231454
2019-05-16,0.3150096642471062,-5985.183620695017,0.0,0.0,0.0,0.0,-5985.183620695017,9973183.188221445,-0.0005997677759985686,-0.0037880127908316297,-37922.19524292648
2019-05-17,0.3150096642471062,-4851.148829405435,0.0,0.0,0.0,0.0,-4851.148829405435,9968332.03939204,-0.00048641930443378914,-0.004272589532718585,-42773.344072332606
2019-05-20,0.3150096642471062,1386.0425226872671,0.0,0.0,0.0,0.0,1386.0425226872671,9969718.081914727,0.00013904457809090003,-0.004134139035036566,-41387.30154964514
2019-05-21,0.3150096642471062,3402.1043738687467,0.0,0.0,0.0,0.0,3402.1043738687467,9973120.186288595,0.0003412437890335369,-0.0037943059952717517,-37985.197175776586
2019-05-22,0.3150096642471062,-441.0135299459487,0.0,0.0,0.0,0.0,-441.0135299459487,9972679.17275865,-4.422021611173101e-05,-0.003838358426352384,-38426.21070572175
2019-05-23,0.3150096642471062,-10710.32858440161,0.0,0.0,0.0,0.0,-10710.32858440161,9961968.84417425,-0.0010739670251959897,-0.00490820318116747,-49136.53929012269
2019-05-24,0.3150096642471062,2142.0657168803223,0.0,0.0,0.0,0.0,2142.0657168803223,9964110.909891129,0.00021502433408361846,-0.0046942342302045414,-46994.473573243245
2019-05-27,0.3150096642471062,-693.0212613436336,0.0,0.0,0.0,0.0,-693.0212613436336,9963417.888629785,-6.955174100437685e-05,-0.004763459479045551,-47687.49483458698
2019-05-28,0.3150096642471062,441.0135299459487,0.0,0.0,0.0,0.0,441.0135299459487,9963858.902159732,4.426327740897345e-05,-0.004719407047964808,-47246.48130463995
2019-05-29,0.3150096642471062,-3087.0947096216405,0.0,0.0,0.0,0.0,-3087.0947096216405,9960771.80745011,-0.0003098292278057543,-0.0050277740655291225,-50333.57601426169
2019-05-30,0.3150096642471062,4788.146896556014,0.0,0.0,0.0,0.0,4788.146896556014,9965559.954346666,0.0004807003904029549,-0.0045494905280824005,-45545.42911770567
2019-05-31,0.3150096642471062,5544.170090749069,0.0,0.0,0.0,0.0,5544.170090749069,9971104.124437414,0.0005563330225443955,-0.003995688537354658,-40001.259026957676
2019-06-03,0.3150096642471062,1008.0309255907398,0.0,0.0,0.0,0.0,1008.0309255907398,9972112.155363005,0.00010109521603733272,-0.0038949972663131494,-38993.22810136713
2019-06-04,0.3150096642471062,-3465.106306718168,0.0,0.0,0.0,0.0,-3465.106306718168,9968647.049056288,-0.00034747967659535725,-0.0042411235105179745,-42458.33440808393
2019-06-05,0.3150096642471062,2520.0773139768494,0.0,0.0,0.0,0.0,2520.0773139768494,9971167.126370264,0.00025280033504801637,-0.003989395332914425,-39938.25709410757
2019-06-06,0.3150096642471062,-6048.185553544439,0.0,0.0,0.0,0.0,-6048.185553544439,9965118.94081672,-0.0006065674636571976,-0.004593542959163144,-45986.4426476527
2019-06-10,0.3150096642471062,11277.345980046402,0.0,0.0,0.0,0.0,11277.345980046402,9976396.286796765,0.001131682024772916,-0.0034670593643870706,-34709.09666760638
2019-06-11,0.3150096642471062,3339.102441019326,0.0,0.0,0.0,0.0,3339.102441019326,9979735.389237786,0.00033470026099889915,-0.0031335195290622675,-31369.994226586074
2019-06-12,0.3150096642471062,0.0,0.0,0.0,0.0,0.0,0.0,9979735.389237786,0.0,-0.0031335195290622675,-31369.994226586074
2019-06-13,0.3150096642471062,-3969.121769513538,0.0,0.0,0.0,0.0,-3969.121769513538,9975766.267468272,-0.0003977181372758506,-0.003529991408787958,-35339.11599610001
2019-06-14,0.3150096642471062,0.0,0.0,0.0,0.0,0.0,0.0,9975766.267468272,0.0,-0.003529991408787958,-35339.11599610001
2019-06-17,0.3150096642471062,1008.0309255907398,0.0,0.0,0.0,0.0,1008.0309255907398,9976774.298393862,0.00010104796950566142,-0.0034293001377465604,-34331.08507050946
2019-06-18,0.3150096642471062,504.0154627953699,31.50096642471062,26.323467583145185,252.00773139768495,309.83216540554076,194.18329738982914,9976968.481691252,1.9463535164977146e-05,-0.003409903348885357,-34136.901773119345
2019-06-19,0.3150096642471062,15561.477413807046,0.0,0.0,0.0,0.0,15561.477413807046,9992529.95910506,0.0015597400595545564,-0.001855481852183205,-18575.42435931228
2019-06-20,0.3150096642471062,378.01159709652745,0.0,0.0,0.0,0.0,378.01159709652745,9992907.970702156,3.782941843993055e-05,-0.0018177226255426948,-18197.41276221536
2019-06-21,0.3150096642471062,-378.01159709652745,0.0,0.0,0.0,0.0,-378.01159709652745,9992529.95910506,-3.782798742916535e-05,-0.001855481852183205,-18575.42435931228
2019-06-24,0.3150096642471062,2394.073448278007,0.0,0.0,0.0,0.0,2394.073448278007,9994924.032553338,0.00023958631678622685,-0.0016163400834598995,-16181.350911034271
2019-06-25,0.3150096642471062,-5229.160426501963,0.0,0.0,0.0,0.0,-5229.160426501963,9989694.872126836,-0.0005231816079312515,-0.002138676051987254,-21410.511337535456
2019-06-26,0.3150096642471062,-2331.071515428586,0.0,0.0,0.0,0.0,-2331.071515428586,9987363.800611407,-0.00023334761924838387,-0.0023715246162706594,-23741.58285296522
2019-06-27,0.3150096642471062,7497.230009081128,0.0,0.0,0.0,0.0,7497.230009081128,9994861.030620487,0.0007506715644645048,-0.0016226332879000216,-16244.352843884379
2019-06-28,0.3150096642471062,-2646.081179675692,0.0,0.0,0.0,0.0,-2646.081179675692,9992214.949440813,-0.0002647441691854541,-0.0018869478743837043,-18890.434023559093
2019-07-01,0.3150096642471062,11781.361442841771,0.0,0.0,0.0,0.0,11781.361442841771,10003996.310883654,0.0011790540438184913,-0.0007101186440869878,-7109.072580717504
2019-07-02,0.3150096642471062,-1134.0347912895822,0.0,0.0,0.0,0.0,-1134.0347912895822,10002862.276092364,-0.00011335817767703803,-0.0008233963240087405,-8243.107372008264
2019-07-03,0.3150096642471062,-6804.2087477374935,0.0,0.0,0.0,0.0,-6804.2087477374935,9996058.067344626,-0.0006802261752618642,-0.0015030624035383688,-15047.316119745374
2019-07-04,0.3150096642471062,4347.133366610065,0.0,0.0,0.0,0.0,4347.133366610065,10000405.200711237,0.0004348847653067753,-0.001068831297172057,-10700.182753134519
2019-07-05,0.3150096642471062,504.0154627953699,0.0,0.0,0.0,0.0,504.0154627953699,10000909.216174033,5.039950408804674e-05,-0.0010184856616514137,-10196.167290339246
2019-07-08,0.3150096642471062,-3339.102441019326,0.0,0.0,0.0,0.0,-3339.102441019326,9997570.113733012,-0.0003338798872025697,-0.0013520254969762169,-13535.269731359556
2019-07-09,0.3150096642471062,-945.0289927413186,0.0,0.0,0.0,0.0,-945.0289927413186,9996625.084740272,-9.452586798498104e-05,-0.0014464235635774925,-14480.298724099994
2019-07-10,0.3150096642471062,5103.156560803121,0.0,0.0,0.0,0.0,5103.156560803121,10001728.241301075,0.0005104879414346576,-0.0009366740039302712,-9377.142163297161
2019-07-11,0.3150096642471062,5229.160426501963,0.0,0.0,0.0,0.0,5229.160426501963,10006957.401727578,0.0005228256857558577,-0.00041433803540269487,-4147.981736794114
2019-07-12,0.3150096642471062,-252.00773139768495,0.0,0.0,0.0,0.0,-252.00773139768495,10006705.39399618,-2.5183252139574304e-05,-0.00043951085316318306,-4399.989468192682
2019-07-15,0.3150096642471062,2457.0753811274285,0.0,0.0,0.0,0.0,2457.0753811274285,10009162.469377307,0.00024554289192940806,-0.00019407587999964448,-1942.9140870645642
2019-07-16,0.3150096642471062,1701.0521869343734,31.50096642471062,27.220615106920942,252.00773139768495,310.7293129293165,1390.3228740050567,10010552.792251311,0.00013890501610486415,-5.519782200802403e-05,-552.5912130605429
2019-07-17,0.3150096642471062,-3843.1179038146956,0.0,0.0,0.0,0.0,-3843.1179038146956,10006709.674347498,-0.00038390666165703346,-0.0004390832928534705,-4395.709116874263
2019-07-18,0.3150096642471062,-945.0289927413186,0.0,0.0,0.0,0.0,-945.0289927413186,10005764.645354755,-9.44395334226523e-05,-0.0005334813594548571,-5340.738109616563
2019-07-19,0.3150096642471062,5859.179754996175,0.0,0.0,0.0,0.0,5859.179754996175,10011623.825109752,0.0005855804091610668,0.0,0.0
2019-07-22,0.3150096642471062,3150.096642471062,0.0,0.0,0.0,0.0,3150.096642471062,10014773.921752224,0.0003146439276484231,0.0,0.0
2019-07-23,0.3150096642471062,567.0173956447911,0.0,0.0,0.0,0.0,567.0173956447911,10015340.939147867,5.6618092437735586e-05,0.0,0.0
2019-07-24,0.3150096642471062,63.00193284942124,0.0,0.0,0.0,0.0,63.00193284942124,10015403.941080717,6.290543001203273e-06,0.0,0.0
2019-07-25,0.3150096642471062,1134.0347912895822,0.0,0.0,0.0,0.0,1134.0347912895822,10016537.975872006,0.000113229061749377,0.0,0.0
2019-07-26,0.3150096642471062,-2205.067649729743,0.0,0.0,0.0,0.0,-2205.067649729743,10014332.908222277,-0.00022014269351759507,-0.00022014269351755544,-2205.06764972955
2019-07-29,0.3150096642471062,-315.0096642471062,0.0,0.0,0.0,0.0,-315.0096642471062,10014017.89855803,-3.145588099916942e-05,-0.00025159164973431736,-2520.0773139763623
2019-07-30,0.3150096642471062,-1890.0579854826372,0.0,0.0,0.0,0.0,-1890.0579854826372,10012127.840572547,-0.00018874122301646738,-0.0004402853870351109,-4410.1352994591
2019-07-31,0.3150096642471062,-945.0289927413186,0.0,0.0,0.0,0.0,-945.0289927413186,10011182.811579807,-9.438842649528901e-05,-0.0005346322556855077,-5355.164292199537
2019-08-01,0.3150096642471062,-5859.179754996175,0.0,0.0,0.0,0.0,-5859.179754996175,10005323.63182481,-0.0005852634863703554,-0.0011195828413179676,-11214.34404719621
2019-08-02,0.3150096642471062,-11025.338248648717,0.0,0.0,0.0,0.0,-11025.338248648717,9994298.29357616,-0.0011019471887525414,-0.002220296308906078,-22239.68229584582
2019-08-05,0.3150096642471062,-5670.173956447911,0.0,0.0,0.0,0.0,-5670.173956447911,9988628.119619712,-0.0005673408767569423,-0.0027863775208084585,-27909.856252294034
2019-08-06,0.3150096642471062,-3024.0927767722196,0.0,0.0,0.0,0.0,-3024.0927767722196,9985604.02684294,-0.0003027535654102771,-0.003088287500489728,-30933.94902906567
2019-08-07,0.3150096642471062,1008.0309255907398,0.0,0.0,0.0,0.0,1008.0309255907398,9986612.057768531,0.00010094841763011906,-0.0029876508405959346,-29925.918103475124
2019-08-08,0.3150096642471062,5796.177822146754,0.0,0.0,0.0,0.0,5796.177822146754,9992408.235590678,0.0005803948114353694,-0.0024089900462068714,-24129.74028132856
2019-08-12,0.3150096642471062,126.00386569884247,0.0,0.0,0.0,0.0,126.00386569884247,9992534.239456378,1.2609959754250778e-05,-0.002396410463719967,-24003.736415628344
2019-08-13,0.3150096642471062,-6237.191352092703,0.0,0.0,0.0,0.0,-6237.191352092703,9986297.048104284,-0.0006241851368859582,-0.0030190997968126965,-30240.927767721936
2019-08-14,0.3150096642471062,5481.168157899648,0.0,0.0,0.0,0.0,5481.168157899648,9991778.216262184,0.0005488689282420402,-0.0024718879586403952,-24759.759609822184
2019-08-15,0.3150096642471062,-8064.247404725918,0.0,0.0,0.0,0.0,-8064.247404725918,9983713.968857458,-0.0008070883110276507,-0.0032769812377905216,-32824.007014548406
2019-08-16,0.3150096642471062,7119.2184119846,0.0,0.0,0.0,0.0,7119.2184119846,9990833.187269444,0.0007130831706709369,-0.002566234827290681,-25704.78860256262
2019-08-19,0.3150096642471062,4410.135299459486,0.0,0.0,0.0,0.0,4410.135299459486,9995243.322568903,0.0004414181697157135,-0.00212594944025557,-21294.65330310352
2019-08-20,0.3150096642471062,2709.0831125251134,31.50096642471062,26.47845233795476,252.00773139768495,309.9871501603503,2399.0959623647627,9997642.418531267,0.00024002376780039858,-0.0018864359508500295,-18895.557340739295
2019-08-21,0.3150096642471062,315.0096642471062,0.0,0.0,0.0,0.0,315.0096642471062,9997957.428195514,3.150839478547619e-05,-0.0018549869946332675,-18580.547676492482
2019-08-22,0.3150096642471062,-945.0289927413186,0.0,0.0,0.0,0.0,-945.0289927413186,9997012.399202773,-9.452220611344237e-05,-0.0019493338632835533,-19525.57666923292
2019-08-23,0.3150096642471062,1386.0425226872671,0.0,0.0,0.0,0.0,1386.0425226872671,9998398.44172546,0.00013864567406136248,-0.001810958455929601,-18139.534146545455
2019-08-26,0.3150096642471062,-12096.371107088878,0.0,0.0,0.0,0.0,-12096.371107088878,9986302.07061837,-0.0012098308721733,-0.0030185983746547906,-30235.90525363572
2019-08-27,0.3150096642471062,3591.1101724170107,0.0,0.0,0.0,0.0,3591.1101724170107,9989893.180790788,0.00035960359971312606,-0.002660080273783283,-26644.795081218705
2019-08-28,0.3150096642471062,3087.0947096216405,0.0,0.0,0.0,0.0,3087.0947096216405,9992980.27550041,0.00030902179370222957,-0.0023518805028587275,-23557.700371596962
2019-08-29,0.3150096642471062,1071.0328584401611,0.0,0.0,0.0,0.0,1071.0328584401611,9994051.30835885,0.00010717852221383756,-0.002244954051721537,-22486.66751315631
2019-08-30,0.3150096642471062,9198.282196015502,0.0,0.0,0.0,0.0,9198.282196015502,10003249.590554865,0.0009203757227384073,-0.0013266445301910457,-13288.38531714119
2019-09-02,0.3150096642471062,1827.0560526332158,0.0,0.0,0.0,0.0,1827.0560526332158,10005076.6466075,0.00018264625270955292,-0.0011442405841334269,-11461.329264506698
2019-09-03,0.3150096642471062,-3906.119836664117,0.0,0.0,0.0,0.0,-3906.119836664117,10001170.526770834,-0.0003904137843850098,-0.0015342076412219185,-15367.449101172388
2019-09-04,0.3150096642471062,6363.1952177915455,0.0,0.0,0.0,0.0,6363.1952177915455,10007533.721988626,0.0006362450475930528,-0.0008989387256425063,-9004.253883380443
2019-09-05,0.3150096642471062,5733.175889297333,0.0,0.0,0.0,0.0,5733.175889297333,10013266.897877924,0.0005728859925498284,-0.00032656772249672894,-3271.077994082123
2019-09-06,0.3150096642471062,2079.063784030901,0.0,0.0,0.0,0.0,2079.063784030901,10015345.961661953,0.0002076309165864249,-0.00011900461146596708,-1192.0142100527883
2019-09-09,0.3150096642471062,1512.0463883861098,0.0,0.0,0.0,0.0,1512.0463883861098,10016858.008050341,0.0001509729563186452,0.0,0.0
2019-09-10,0.3150096642471062,-3087.0947096216405,0.0,0.0,0.0,0.0,-3087.0947096216405,10013770.91334072,-0.0003081899241399455,-0.0003081899241399455,-3087.0947096217424
2019-09-11,0.3150096642471062,1890.0579854826372,0.0,0.0,0.0,0.0,1890.0579854826372,10015660.971326202,0.0001887458782350045,-0.00011950221548284734,-1197.036724139005
2019-09-12,0.3150096642471062,3213.098575320483,0.0,0.0,0.0,0.0,3213.098575320483,10018874.069901522,0.00032080744191713867,0.0,0.0
2019-09-16,0.3150096642471062,3591.1101724170107,0.0,0.0,0.0,0.0,3591.1101724170107,10022465.18007394,0.00035843450545060187,0.0,0.0
2019-09-17,0.3150096642471062,-1134.0347912895822,31.50096642471062,27.345358933962796,252.00773139768495,310.8540567563584,-1444.8888480459407,10021020.291225893,-0.00014416501550123433,-0.00014416501550118532,-1444.8888480458409
2019-09-18,0.3150096642471062,3528.1082395675894,0.0,0.0,0.0,0.0,3528.1082395675894,10024548.39946546,0.0003520707609640004,0.0,0.0
2019-09-19,0.3150096642471062,-1575.048321235531,0.0,0.0,0.0,0.0,-1575.048321235531,10022973.351144224,-0.0001571191298073355,-0.00015711912980742593,-1575.048321235925
2019-09-20,0.3150096642471062,1953.0599183320585,0.0,0.0,0.0,0.0,1953.0599183320585,10024926.411062557,0.0001948583369334307,0.0,0.0
2019-09-23,0.3150096642471062,-441.0135299459487,0.0,0.0,0.0,0.0,-441.0135299459487,10024485.397532612,-4.3991697481119464e-05,-4.399169748103837e-05,-441.0135299451649
2019-09-24,0.3150096642471062,882.0270598918974,0.0,0.0,0.0,0.0,882.0270598918974,10025367.424592502,8.798726567141253e-05,0.0,0.0
2019-09-25,0.3150096642471062,-4221.129500911223,0.0,0.0,0.0,0.0,-4221.129500911223,10021146.295091592,-0.0004210448676979834,-0.00042104486769789506,-4221.12950091064
2019-09-26,0.3150096642471062,126.00386569884247,0.0,0.0,0.0,0.0,126.00386569884247,10021272.29895729,1.2573797646339102e-05,-0.00040847636418461786,-4095.1256352122873
2019-09-27,0.3150096642471062,-1197.0367241390036,0.0,0.0,0.0,0.0,-1197.0367241390036,10020075.262233151,-0.00011944957570542763,-0.0005278771475616395,-5292.162359351292
2019-10-01,0.3150096642471062,8190.251270424761,0.0,0.0,0.0,0.0,8190.251270424761,10028265.513503576,0.0008173842068127759,0.0,0.0
2019-10-02,0.3150096642471062,-2016.0618511814796,0.0,0.0,0.0,0.0,-2016.0618511814796,10026249.451652395,-0.00020103794105438757,-0.00020103794105430506,-2016.0618511810899
2019-10-03,0.3150096642471062,-4473.137232308908,0.0,0.0,0.0,0.0,-4473.137232308908,10021776.314420085,-0.00044614262330882904,-0.0006470908727688185,-6489.199083490297
2019-10-04,0.3150096642471062,1827.0560526332158,0.0,0.0,0.0,0.0,1827.0560526332158,10023603.37047272,0.00018230860431441782,-0.00046490023868817065,-4662.143030855805
2019-10-07,0.3150096642471062,2205.067649729743,0.0,0.0,0.0,0.0,2205.067649729743,10025808.43812245,0.00021998752027892248,-0.0002450149906598753,-2457.075381126255
2019-10-08,0.3150096642471062,5418.166225050227,0.0,0.0,0.0,0.0,5418.166225050227,10031226.6043475,0.0005404218780450683,0.0,0.0
2019-10-09,0.3150096642471062,-7623.2338747799695,0.0,0.0,0.0,0.0,-7623.2338747799695,10023603.37047272,-0.0007599503206792364,-0.0007599503206792146,-7623.233874779195
2019-10-14,0.3150096642471062,12348.378838486562,0.0,0.0,0.0,0.0,12348.378838486562,10035951.749311205,0.0012319301135619658,0.0,0.0
2019-10-15,0.3150096642471062,2016.0618511814796,31.50096642471062,27.96655799185809,252.00773139768495,311.47525581425367,1704.586595367226,10037656.335906573,0.00016984802617093256,0.0,0.0
2019-10-16,0.3150096642471062,2772.0850453745343,0.0,0.0,0.0,0.0,2772.0850453745343,10040428.420951948,0.00027616855495024947,0.0,0.0
2019-10-17,0.3150096642471062,1638.0502540849523,0.0,0.0,0.0,0.0,1638.0502540849523,10042066.471206032,0.00016314545409902402,0.0,0.0
2019-10-18,0.3150096642471062,-441.0135299459487,0.0,0.0,0.0,0.0,-441.0135299459487,10041625.457676087,-4.3916611308089047e-05,-4.391661130798141e-05,-441.0135299451649
2019-10-21,0.3150096642471062,315.0096642471062,0.0,0.0,0.0,0.0,315.0096642471062,10041940.467340333,3.1370385758244385e-05,-1.2547603230883553e-05,-126.00386569835246
2019-10-22,0.3150096642471062,5481.168157899648,0.0,0.0,0.0,0.0,5481.168157899648,10047421.635498233,0.0005458275893714163,0.0,0.0
2019-10-23,0.3150096642471062,-2583.0792468262707,0.0,0.0,0.0,0.0,-2583.0792468262707,10044838.556251407,-0.0002570887676993741,-0.00025708876769936495,-2583.07924682647
2019-10-24,0.3150096642471062,5607.17202359849,0.0,0.0,0.0,0.0,5607.17202359849,10050445.728275005,0.0005582142502538148,0.0,0.0
2019-10-25,0.3150096642471062,-378.01159709652745,0.0,0.0,0.0,0.0,-378.01159709652745,10050067.71667791,-3.761142613138681e-05,-3.761142613123436e-05,-378.01159709505737
2019-10-28,0.3150096642471062,1701.0521869343734,0.0,0.0,0.0,0.0,1701.0521869343734,10051768.768864844,0.0001692577836178663,0.0,0.0
2019-10-29,0.3150096642471062,945.0289927413186,0.0,0.0,0.0,0.0,945.0289927413186,10052713.797857584,9.401618903814494e-05,0.0,0.0
2019-10-30,0.3150096642471062,756.0231941930549,0.0,0.0,0.0,0.0,756.0231941930549,10053469.821051778,7.520588066022303e-05,0.0,0.0
2019-10-31,0.3150096642471062,504.0154627953699,0.0,0.0,0.0,0.0,504.0154627953699,10053973.836514574,5.013348344070929e-05,0.0,0.0
2019-11-01,0.3150096642471062,1575.048321235531,0.0,0.0,0.0,0.0,1575.048321235531,10055548.88483581,0.00015665928187670272,0.0,0.0
2019-11-04,0.3150096642471062,10899.334382949874,0.0,0.0,0.0,0.0,10899.334382949874,10066448.219218759,0.0010839124256445641,0.0,0.0
2019-11-05,0.3150096642471062,6363.1952177915455,0.0,0.0,0.0,0.0,6363.1952177915455,10072811.41443655,0.0006321192022468262,0.0,0.0
2019-11-06,0.3150096642471062,504.0154627953699,0.0,0.0,0.0,0.0,504.0154627953699,10073315.429899346,5.003721821625738e-05,0.0,0.0
2019-11-07,0.3150096642471062,-3591.1101724170107,0.0,0.0,0.0,0.0,-3591.1101724170107,10069724.319726929,-0.00035649734165555595,-0.00035649734165554836,-3591.110172417015
2019-11-08,0.3150096642471062,-1449.0444555366885,0.0,0.0,0.0,0.0,-1449.0444555366885,10068275.275271391,-0.0001439011048890347,-0.0005003471461832998,-5040.154627954587
2019-11-11,0.3150096642471062,-8568.262867521289,0.0,0.0,0.0,0.0,-8568.262867521289,10059707.01240387,-0.0008510159519143989,-0.0013509372946948206,-13608.417495476082
2019-11-12,0.3150096642471062,5418.166225050227,0.0,0.0,0.0,0.0,5418.166225050227,10065125.178628922,0.0005386007980520201,-0.0008130641125477789,-8190.251270424575
2019-11-13,0.3150096642471062,-3591.1101724170107,0.0,0.0,0.0,0.0,-3591.1101724170107,10061534.068456504,-0.00035678743271290285,-0.0011695614542033272,-11781.36144284159
2019-11-14,0.3150096642471062,-630.0193284942123,0.0,0.0,0.0,0.0,-630.0193284942123,10060904.049128009,-6.261662726654772e-05,-0.0012321048474763785,-12411.380771337077
2019-11-15,0.3150096642471062,4788.146896556014,0.0,0.0,0.0,0.0,4788.146896556014,10065692.196024565,0.00047591616749103266,-0.000756775058602277,-7623.233874781057
2019-11-18,0.3150096642471062,3843.1179038146956,0.0,0.0,0.0,0.0,3843.1179038146956,10069535.31392838,0.0003818036384355694,-0.00037526035963741933,-3780.115970965475
2019-11-19,0.3150096642471062,3213.098575320483,31.50096642471062,29.338740089318485,252.00773139768495,312.84743791171405,2900.251137408769,10072435.56506579,0.0002880223413484716,-8.734610165628265e-05,-879.8648335561156
2019-11-20,0.3150096642471062,-2457.0753811274285,0.0,0.0,0.0,0.0,-2457.0753811274285,10069978.489684662,-0.00024394054101962176,-0.00033126533542071623,-3336.940214684233
2019-11-21,0.3150096642471062,-3591.1101724170107,0.0,0.0,0.0,0.0,-3591.1101724170107,10066387.379512245,-0.0003566154760008296,-0.0006877626770762646,-6928.050387101248
2019-11-22,0.3150096642471062,756.0231941930549,0.0,0.0,0.0,0.0,756.0231941930549,10067143.402706437,7.510372546677089e-05,-0.0006127106051488918,-6172.0271929092705
2019-11-25,0.3150096642471062,567.0173956447911,0.0,0.0,0.0,0.0,567.0173956447911,10067710.420102082,5.632356399059091e-05,-0.0005564215512031678,-5605.0097972638905
2019-11-26,0.3150096642471062,3339.102441019326,0.0,0.0,0.0,0.0,3339.102441019326,10071049.522543103,0.00033166452963845464,-0.00022494156685670674,-2265.9073562435806
2019-11-27,0.3150096642471062,1827.0560526332158,0.0,0.0,0.0,0.0,1827.0560526332158,10072876.578595735,0.0001814166486366214,-4.356572636532441e-05,-438.8513036109507
2019-11-28,0.3150096642471062,-2079.063784030901,0.0,0.0,0.0,0.0,-2079.063784030901,10070797.514811704,-0.00020640218986190976,-0.00024995892416601606,-2517.915087642148
2019-11-29,0.3150096642471062,-9387.287994563765,0.0,0.0,0.0,0.0,-9387.287994563765,10061410.22681714,-0.0009321295538667457,-0.001181855483932237,-11905.203082205728
2019-12-02,0.3150096642471062,2331.071515428586,0.0,0.0,0.0,0.0,2331.071515428586,10063741.298332568,0.00023168437255599353,-0.0009504449288225691,-9574.131566777825
2019-12-03,0.3150096642471062,1386.0425226872671,0.0,0.0,0.0,0.0,1386.0425226872671,10065127.340855256,0.00013772636652702077,-0.000812849463622145,-8188.08904409036
2019-12-04,0.3150096642471062,-1323.040589837846,0.0,0.0,0.0,0.0,-1323.040589837846,10063804.300265418,-0.00013144797328768068,-0.0009441905894952418,-9511.129633927718
2019-12-05,0.3150096642471062,5985.183620695017,0.0,0.0,0.0,0.0,5985.183620695017,10069789.483886113,0.0005947237686783284,-0.0003500283534025872,-3525.946013232693
2019-12-06,0.3150096642471062,882.0270598918974,0.0,0.0,0.0,0.0,882.0270598918974,10070671.510946006,8.759141005910158e-05,-0.0002624676028205597,-2643.9189533405006
2019-12-09,0.3150096642471062,3717.114038115853,0.0,0.0,0.0,0.0,3717.114038115853,10074388.624984121,0.00036910289786293304,0.0,0.0
2019-12-10,0.3150096642471062,-2898.088911073377,0.0,0.0,0.0,0.0,-2898.088911073377,10071490.536073048,-0.00028766896125946746,-0.0002876689612594241,-2898.0889110732824
2019-12-11,0.3150096642471062,5103.156560803121,0.0,0.0,0.0,0.0,5103.156560803121,10076593.69263385,0.0005066932786686488,0.0,0.0
2019-12-12,0.3150096642471062,9261.284128864922,0.0,0.0,0.0,0.0,9261.284128864922,10085854.976762716,0.0009190887725913834,0.0,0.0
2019-12-13,0.3150096642471062,7056.216479135179,0.0,0.0,0.0,0.0,7056.216479135179,10092911.193241851,0.0006996151040632979,0.0,0.0
2019-12-16,0.3150096642471062,-252.00773139768495,0.0,0.0,0.0,0.0,-252.00773139768495,10092659.185510453,-2.4968785177306198e-05,-2.496878517743717e-05,-252.00773139856756
2019-12-17,0.3150096642471062,8757.268666069553,31.50096642471062,30.480335112549998,252.00773139768495,313.98903293494556,8443.279633134607,10101102.465143587,0.0008365763153140274,0.0,0.0
2019-12-18,0.3150096642471062,252.00773139768495,0.0,0.0,0.0,0.0,252.00773139768495,10101354.472874986,2.4948537277718096e-05,0.0,0.0
2019-12-19,0.3150096642471062,-4032.123702362959,0.0,0.0,0.0,0.0,-4032.123702362959,10097322.349172622,-0.00039916663781974586,-0.00039916663781980333,-4032.1237023640424
2019-12-20,0.3150096642471062,-3213.098575320483,0.0,0.0,0.0,0.0,-3213.098575320483,10094109.250597302,-0.000318212934499785,-0.0007172525523324591,-7245.222277684137
2019-12-23,0.3150096642471062,2583.0792468262707,0.0,0.0,0.0,0.0,2583.0792468262707,10096692.329844128,0.00025589967204619086,-0.0004615364249791476,-4662.143030857667
2019-12-24,0.3150096642471062,-2331.071515428586,0.0,0.0,0.0,0.0,-2331.071515428586,10094361.2583287,-0.0002308747696053221,-0.0006923046374686104,-6993.21454628557
2019-12-25,0.3150096642471062,2331.071515428586,0.0,0.0,0.0,0.0,2331.071515428586,10096692.329844128,0.00023092808507375886,-0.0004615364249791476,-4662.143030857667
2019-12-26,0.3150096642471062,-693.0212613436336,0.0,0.0,0.0,0.0,-693.0212613436336,10095999.308582785,-6.863844501779845e-05,-0.0005301431908544263,-5355.1642922014
2019-12-27,0.3150096642471062,5544.170090749069,0.0,0.0,0.0,0.0,5544.170090749069,10101543.478673534,0.0005491452526186163,0.0,0.0
2019-12-30,0.3150096642471062,-1764.0541197837947,0.0,0.0,0.0,0.0,-1764.0541197837947,10099779.42455375,-0.00017463213651538312,-0.0001746321365154735,-1764.054119784385
2019-12-31,0.3150096642471062,-4662.143030857172,0.0,0.0,0.0,0.0,-4662.143030857172,10095117.281522892,-0.0004616084010233881,-0.0006361599258776218,-6426.197150642052
2020-01-02,0.3150096642471062,6741.206814888073,0.0,0.0,0.0,0.0,6741.206814888073,10101858.488337781,0.0006677690438749546,0.0,0.0
2020-01-03,0.3150096642471062,-1008.0309255907398,0.0,0.0,0.0,0.0,-1008.0309255907398,10100850.45741219,-9.978668051571638e-05,-9.978668051568995e-05,-1008.0309255905449
2020-01-06,0.3150096642471062,-8568.262867521289,0.0,0.0,0.0,0.0,-8568.262867521289,10092282.19454467,-0.0008482714305738225,-0.0009479734648992766,-9576.29379311204
2020-01-07,0.3150096642471062,-4977.152695104278,0.0,0.0,0.0,0.0,-4977.152695104278,10087305.041849565,-0.0004931642416612817,-0.0014406701999456484,-14553.44648821652
2020-01-08,0.3150096642471062,-5229.160426501963,0.0,0.0,0.0,0.0,-5229.160426501963,10082075.881423064,-0.0005183902345381207,-0.001958313605120887,-19782.606914717704
2020-01-09,0.3150096642471062,11340.347912895822,0.0,0.0,0.0,0.0,11340.347912895822,10093416.229335958,0.0011248028725702427,-0.0008357134493192087,-8442.259001823142
2020-01-10,0.3150096642471062,2646.081179675692,0.0,0.0,0.0,0.0,2646.081179675692,10096062.310515635,0.00026215912626143396,-0.0005737734129653838,-5796.177822146565
2020-01-13,0.3150096642471062,6741.206814888073,0.0,0.0,0.0,0.0,6741.206814888073,10102803.517330522,0.0006677065382081403,0.0,0.0
2020-01-14,0.3150096642471062,4032.123702362959,31.50096642471062,30.664300756470308,252.00773139768495,314.1729985788659,3717.9507037840935,10106521.468034307,0.0003680117798397502,0.0,0.0
2020-01-15,0.3150096642471062,-6237.191352092703,0.0,0.0,0.0,0.0,-6237.191352092703,10100284.276682213,-0.0006171452137929135,-0.0006171452137929689,-6237.191352093592
2020-01-16,0.3150096642471062,0.0,0.0,0.0,0.0,0.0,0.0,10100284.276682213,0.0,-0.0006171452137929689,-6237.191352093592
2020-01-17,0.3150096642471062,1008.0309255907398,0.0,0.0,0.0,0.0,1008.0309255907398,10101292.307607803,9.980223308346944e-05,-0.0005174045731800581,-5229.160426503047
2020-01-20,0.3150096642471062,2457.0753811274285,0.0,0.0,0.0,0.0,2457.0753811274285,10103749.382988932,0.00024324366687981878,-0.00027428676168572697,-2772.08504537493
2020-01-30,0.3150096642471062,-46684.432241421135,0.0,0.0,0.0,0.0,-46684.432241421135,10057064.95074751,-0.004620505761952179,-0.004893525180075131,-49456.51728679612
2020-01-31,0.3150096642471062,6174.189419243281,0.0,0.0,0.0,0.0,6174.189419243281,10063239.140166754,0.0006139156353747495,-0.004282613756320552,-43282.32786755264
2020-02-03,0.3150096642471062,-9009.276397467236,0.0,0.0,0.0,0.0,-9009.276397467236,10054229.863769287,-0.0008952660541979276,-0.005174045731799137,-52291.6042650193
2020-02-04,0.3150096642471062,13167.403965529038,0.0,0.0,0.0,0.0,13167.403965529038,10067397.267734816,0.001309638246185137,-0.0038711836137919065,-39124.20029949024
2020-02-05,0.3150096642471062,504.0154627953699,0.0,0.0,0.0,0.0,504.0154627953699,10067901.283197612,5.0064127737434e-05,-0.00382131329348534,-38620.18483669497
2020-02-06,0.3150096642471062,12537.384637034826,0.0,0.0,0.0,0.0,12537.384637034826,10080438.667834645,0.0012452828334698267,-0.002580789075861345,-26082.800199661404
2020-02-07,0.3150096642471062,-9387.287994563765,0.0,0.0,0.0,0.0,-9387.287994563765,10071051.379840082,-0.0009312380446812664,-0.003509623791569938,-35470.08819422498
2020-02-10,0.3150096642471062,-1764.0541197837947,0.0,0.0,0.0,0.0,-1764.0541197837947,10069287.325720299,-0.00017516086982884662,-0.003684169912642532,-37234.142314007506
2020-02-11,0.3150096642471062,6426.197150640966,0.0,0.0,0.0,0.0,6426.197150640966,10075713.52287094,0.0006381978130891476,-0.0030483233287347256,-30807.945163367316
2020-02-12,0.3150096642471062,6615.20294918923,0.0,0.0,0.0,0.0,6615.20294918923,10082328.725820128,0.0006565493286577997,-0.0023937753747119705,-24192.742214178666
2020-02-13,0.3150096642471062,189.00579854826373,0.0,0.0,0.0,0.0,189.00579854826373,10082517.731618676,1.874624441318138e-05,-0.002375074004597022,-24003.736415630206
2020-02-14,0.3150096642471062,2394.073448278007,0.0,0.0,0.0,0.0,2394.073448278007,10084911.805066954,0.00023744797797580028,-0.002138189983141192,-21609.662967352197
2020-02-17,0.3150096642471062,-2646.081179675692,0.0,0.0,0.0,0.0,-2646.081179675692,10082265.72388728,-0.0002623802003252248,-0.0024000091647501387,-24255.74414702691
2020-02-18,0.3150096642471062,-8190.251270424761,31.50096642471062,29.31983950946366,252.00773139768495,312.82853733185925,-8503.07980775662,10073762.644079523,-0.0008433699369389567,-0.003241355006111224,-32758.82395478338
2020-02-19,0.3150096642471062,8379.257068973026,0.0,0.0,0.0,0.0,8379.257068973026,10082141.901148496,0.0008317902024322183,-0.002412260931015653,-24379.566885810345
2020-02-20,0.3150096642471062,-2961.0908439227983,0.0,0.0,0.0,0.0,-2961.0908439227983,10079180.810304573,-0.00029369660464563475,-0.0027052490628164394,-27340.657729733735
2020-02-21,0.3150096642471062,-3213.098575320483,0.0,0.0,0.0,0.0,-3213.098575320483,10075967.711729253,-0.0003187856866339309,-0.0030231723547703426,-30553.75630505383
2020-02-24,0.3150096642471062,-9828.301524509714,0.0,0.0,0.0,0.0,-9828.301524509714,10066139.410204742,-0.0009754201090847845,-0.003995643600747112,-40382.05782956444
2020-02-25,0.3150096642471062,2142.0657168803223,0.0,0.0,0.0,0.0,2142.0657168803223,10068281.475921623,0.00021279913078779358,-0.0037836947394443987,-38239.99211268313
2020-02-26,0.3150096642471062,-7623.2338747799695,0.0,0.0,0.0,0.0,-7623.2338747799695,10060658.242046842,-0.0007571534320937486,-0.004537983334080287,-45863.22598746419
2020-02-27,0.3150096642471062,-9324.286061714343,0.0,0.0,0.0,0.0,-9324.286061714343,10051333.955985129,-0.0009268067592978207,-0.005460584259750378,-55187.51204917766
2020-03-02,0.3150096642471062,-6237.191352092703,0.0,0.0,0.0,0.0,-6237.191352092703,10045096.764633035,-0.0006205336902947821,-0.006077729473543458,-61424.703401271254
2020-03-03,0.3150096642471062,9450.289927413185,0.0,0.0,0.0,0.0,9450.289927413185,10054547.054560449,0.0009407863506786657,-0.005142660967796475,-51974.41347385757
2020-03-04,0.3150096642471062,2520.0773139768494,0.0,0.0,0.0,0.0,2520.0773139768494,10057067.131874425,0.0002506405609622977,-0.004893309366264087,-49454.336159881204
2020-03-05,0.3150096642471062,8064.247404725918,0.0,0.0,0.0,0.0,8064.247404725918,10065131.379279152,0.0008018488192414912,-0.004095384241360023,-41390.08875515498
2020-03-06,0.3150096642471062,-14049.431025420936,0.0,0.0,0.0,0.0,-14049.431025420936,10051081.94825373,-0.001395851727712583,-0.005485519419903717,-55439.51978057623
2020-03-09,0.3150096642471062,-20097.616578965375,0.0,0.0,0.0,0.0,-20097.616578965375,10030984.331674766,-0.0019995475792988758,-0.00747409844212521,-75537.13635954075
2020-03-10,0.3150096642471062,2142.0657168803223,0.0,0.0,0.0,0.0,2142.0657168803223,10033126.397391645,0.00021354491703434698,-0.007262149580822719,-73395.0706426613
2020-03-11,0.3150096642471062,-10269.315054455661,0.0,0.0,0.0,0.0,-10269.315054455661,10022857.08233719,-0.0010235408832410821,-0.008278257357067664,-83664.38569711708
2020-03-12,0.3150096642471062,-28602.877513637242,0.0,0.0,0.0,0.0,-28602.877513637242,9994254.204823554,-0.002853764877486156,-0.011108398034461286,-112267.26321075298
2020-03-13,0.3150096642471062,-21798.668765899747,0.0,0.0,0.0,0.0,-21798.668765899747,9972455.536057653,-0.0021811201035269842,-0.013265289387717427,-134065.93197665364
2020-03-16,0.3150096642471062,-22239.682295845698,0.0,0.0,0.0,0.0,-22239.682295845698,9950215.853761807,-0.0022301109506513346,-0.015465817271241633,-156305.61427249946
2020-03-17,0.3150096642471062,-19215.589519073477,31.50096642471062,23.377497203106245,252.00773139768495,306.8861950255018,-19522.47571409898,9930693.378047708,-0.001962015297056923,-0.017397488398230854,-175828.08998659812
2020-03-18,0.3150096642471062,-17073.523802193155,0.0,0.0,0.0,0.0,-17073.523802193155,9913619.854245516,-0.001719268046271072,-0.019086845498613503,-192901.613788791
2020-03-19,0.3150096642471062,-35659.09399277242,0.0,0.0,0.0,0.0,-35659.09399277242,9877960.760252742,-0.003596980166382049,-0.02261517066029828,-228560.70778156444
2020-03-20,0.3150096642471062,41581.27568061802,0.0,0.0,0.0,0.0,41581.27568061802,9919542.03593336,0.004209499985860857,-0.018500869235012152,-186979.43210094608
2020-03-23,0.3150096642471062,-20475.628176061902,0.0,0.0,0.0,0.0,-20475.628176061902,9899066.407757299,-0.0020641707149270916,-0.020526850997463653,-207455.06027700752
2020-03-24,0.3150096642471062,31815.976088957726,0.0,0.0,0.0,0.0,31815.976088957726,9930882.383846257,0.003214038049489745,-0.017378787028115905,-175639.08418804966
2020-03-25,0.3150096642471062,24570.753811274284,0.0,0.0,0.0,0.0,24570.753811274284,9955453.13765753,0.0024741762978928734,-0.014947608913174149,-151068.33037677594
2020-03-26,0.3150096642471062,3465.106306718168,0.0,0.0,0.0,0.0,3465.106306718168,9958918.24396425,0.00034806113381329127,-0.014604750461067018,-147603.22407005727
2020-03-27,0.3150096642471062,-3465.106306718168,0.0,0.0,0.0,0.0,-3465.106306718168,9955453.13765753,-0.00034794002941215504,-0.014947608913174149,-151068.33037677594
2020-03-30,0.3150096642471062,-441.0135299459487,0.0,0.0,0.0,0.0,-441.0135299459487,9955012.124127585,-4.429868975805525e-05,-0.014991245443442325,-151509.3439067211
2020-03-31,0.3150096642471062,1260.0386569884247,0.0,0.0,0.0,0.0,1260.0386569884247,9956272.162784573,0.00012657329205401134,-0.014866569642676186,-150249.30524973385
2020-04-01,0.3150096642471062,-2772.0850453745343,0.0,0.0,0.0,0.0,-2772.0850453745343,9953500.0777392,-0.0002784260012232567,-0.015140856404361802,-153021.39029510692
2020-04-06,0.3150096642471062,17262.529600741418,0.0,0.0,0.0,0.0,17262.529600741418,9970762.607339941,0.0017343175230739903,-0.013432797933864205,-135758.86069436558
2020-04-07,0.3150096642471062,10773.330517251032,0.0,0.0,0.0,0.0,10773.330517251032,9981535.937857192,0.0010804921289892394,-0.012366819837312804,-124985.53017711453
2020-04-08,0.3150096642471062,8190.251270424761,0.0,0.0,0.0,0.0,8190.251270424761,9989726.189127617,0.000820540177525326,-0.011556427132332292,-116795.27890668996
2020-04-09,0.3150096642471062,-1638.0502540849523,0.0,0.0,0.0,0.0,-1638.0502540849523,9988088.13887353,-0.00016397348866956283,-0.011718505673328439,-118433.32916077599
2020-04-10,0.3150096642471062,2016.0618511814796,0.0,0.0,0.0,0.0,2016.0618511814796,9990104.200724714,0.00020184662201117238,-0.011519024392102284,-116417.26730959304
2020-04-13,0.3150096642471062,-3780.1159709652743,0.0,0.0,0.0,0.0,-3780.1159709652743,9986324.084753748,-0.000378386040326892,-0.011893051794401033,-120197.38328055851
2020-04-14,0.3150096642471062,17199.527667891998,31.50096642471062,25.965616604560473,252.00773139768495,309.474314426956,16890.053353465042,10003214.138107212,0.0016913183680120404,-0.010221848363340724,-103307.32992709428
2020-04-15,0.3150096642471062,3843.1179038146956,0.0,0.0,0.0,0.0,3843.1179038146956,10007057.256011028,0.00038418830695369704,-0.009841587171003585,-99464.2120232787
2020-04-16,0.3150096642471062,-1260.0386569884247,0.0,0.0,0.0,0.0,-1260.0386569884247,10005797.217354039,-0.0001259150042567755,-0.009966262971769946,-100724.25068026781
2020-04-17,0.3150096642471062,16317.5006080001,0.0,0.0,0.0,0.0,16317.5006080001,10022114.71796204,0.001630804647899425,-0.00835171135184698,-84406.7500722669
2020-04-20,0.3150096642471062,-5355.164292200805,0.0,0.0,0.0,0.0,-5355.164292200805,10016759.553669838,-0.0005343347629620586,-0.008881583505103485,-89761.9143644683
2020-04-21,0.3150096642471062,-17514.537332139105,0.0,0.0,0.0,0.0,-17514.537332139105,9999245.016337698,-0.0017485232862280604,-0.010614577135754422,-107276.45169660822
2020-04-22,0.3150096642471062,1701.0521869343734,0.0,0.0,0.0,0.0,1701.0521869343734,10000946.068524633,0.00017011806232920942,-0.010446264804719996,-105575.39950967394
2020-04-23,0.3150096642471062,4221.129500911223,0.0,0.0,0.0,0.0,4221.129500911223,10005167.198025545,0.0004220730190912764,-0.01002860087215296,-101354.27000876144
2020-04-24,0.3150096642471062,-1386.0425226872671,0.0,0.0,0.0,0.0,-1386.0425226872671,10003781.155502858,-0.00013853266969499458,-0.010165744252995879,-102740.3125314489
2020-04-27,0.3150096642471062,17451.53539928968,0.0,0.0,0.0,0.0,17451.53539928968,10021232.690902147,0.0017444939196505694,-0.008438984412383332,-85288.7771321591
2020-04-28,0.3150096642471062,2205.067649729743,0.0,0.0,0.0,0.0,2205.067649729743,10023437.758551877,0.00022003956177283764,-0.008220801761042451,-83083.70948242955
2020-04-29,0.3150096642471062,7875.241606177655,0.0,0.0,0.0,0.0,7875.241606177655,10031313.000158055,0.0007856826964839078,-0.007441578006253335,-75208.46787625179
2020-04-30,0.3150096642471062,14931.458085312834,0.0,0.0,0.0,0.0,14931.458085312834,10046244.458243366,0.001488484915691253,-0.0059641697671735106,-60277.00979094021
2020-05-04,0.3150096642471062,-20727.635907459586,0.0,0.0,0.0,0.0,-20727.635907459586,10025516.822335908,-0.0020632223308533655,-0.008015086689778128,-81004.64569839835
2020-05-05,0.3150096642471062,6930.212613436336,0.0,0.0,0.0,0.0,6930.212613436336,10032447.034949344,0.0006912573921372786,-0.007329369785563866,-74074.43308496289
2020-05-06,0.3150096642471062,1575.048321235531,0.0,0.0,0.0,0.0,1575.048321235531,10034022.08327058,0.00015699542850798452,-0.007173525034605999,-72499.38476372696
2020-05-07,0.3150096642471062,5229.160426501963,0.0,0.0,0.0,0.0,5229.160426501963,10039251.24369708,0.0005211430055770341,-0.006656120461426163,-67270.22433722578
2020-05-08,0.3150096642471062,3969.121769513538,0.0,0.0,0.0,0.0,3969.121769513538,10043220.365466595,0.0003953603384520795,-0.006263391689012465,-63301.102567711845
2020-05-11,0.3150096642471062,5481.168157899648,0.0,0.0,0.0,0.0,5481.168157899648,10048701.533624494,0.0005457580296402268,-0.0057210519556792905,-57819.93440981209
2020-05-12,0.3150096642471062,-7434.228076231706,0.0,0.0,0.0,0.0,-7434.228076231706,10041267.305548264,-0.0007398197718735739,-0.006456639180200008,-65254.16248604283
2020-05-13,0.3150096642471062,3150.096642471062,0.0,0.0,0.0,0.0,3150.096642471062,10044417.402190734,0.00031371504677805837,-0.006144949678284495,-62104.06584357284
2020-05-14,0.3150096642471062,-10395.318920154505,0.0,0.0,0.0,0.0,-10395.318920154505,10034022.08327058,-0.0010349349796920264,-0.007173525034605999,-72499.38476372696
2020-05-15,0.3150096642471062,4284.1314337606445,0.0,0.0,0.0,0.0,4284.1314337606445,10038306.21470434,0.0004269605346896183,-0.006749627312000794,-68215.25332996622
2020-05-18,0.3150096642471062,-3465.106306718168,0.0,0.0,0.0,0.0,-3465.106306718168,10034841.108397622,-0.0003451883447869324,-0.007092485764107925,-71680.35963668488
2020-05-19,0.3150096642471062,6867.210680586915,31.50096642471062,27.318898122166043,252.00773139768495,310.8275959445616,6556.383084642354,10041397.491482263,0.0006533619231056552,-0.006443757801140815,-65123.97655204311
2020-05-20,0.3150096642471062,2772.0850453745343,0.0,0.0,0.0,0.0,2772.0850453745343,10044169.576527638,0.0002760656619485474,-0.006169471039454977,-62351.89150666818
2020-05-21,0.3150096642471062,6237.191352092703,0.0,0.0,0.0,0.0,6237.191352092703,10050406.767879732,0.0006209763091483923,-0.005552325825662008,-56114.70015457459
2020-05-22,0.3150096642471062,-13167.403965529038,0.0,0.0,0.0,0.0,-13167.403965529038,10037239.363914203,-0.0013101364222999382,-0.006855187943669239,-69282.10412010364
2020-05-25,0.3150096642471062,4662.143030857172,0.0,0.0,0.0,0.0,4662.143030857172,10041901.50694506,0.00046448459201027607,-0.006393887480834137,-64619.961089245975
2020-05-26,0.3150096642471062,10521.322785853346,0.0,0.0,0.0,0.0,10521.322785853346,10052422.829730913,0.0010477420813753964,-0.005352844544436075,-54098.6383033935
2020-05-27,0.3150096642471062,-756.0231941930549,0.0,0.0,0.0,0.0,-756.0231941930549,10051666.80653672,-7.520805750003379e-05,-0.005427650024895869,-54854.66149758734
2020-05-28,0.3150096642471062,-4095.1256352123805,0.0,0.0,0.0,0.0,-4095.1256352123805,10047571.680901507,-0.0004074076184607782,-0.005832846377386236,-58949.787132799625
2020-05-29,0.3150096642471062,945.0289927413186,0.0,0.0,0.0,0.0,945.0289927413186,10048516.70989425,9.405546163334531e-05,-0.005739339526811382,-58004.758140057325
2020-06-01,0.3150096642471062,8505.260934671867,0.0,0.0,0.0,0.0,8505.260934671867,10057021.97082892,0.0008464195443191314,-0.004897777871639253,-49499.49720538594
2020-06-02,0.3150096642471062,3087.0947096216405,0.0,0.0,0.0,0.0,3087.0947096216405,10060109.065538542,0.00030695912950930897,-0.004592322159762019,-46412.402495764196
2020-06-03,0.3150096642471062,11151.342114347559,0.0,0.0,0.0,0.0,11151.342114347559,10071260.40765289,0.0011084712940684805,-0.003488941322980721,-35261.06038141623
2020-06-04,0.3150096642471062,4662.143030857172,0.0,0.0,0.0,0.0,4662.143030857172,10075922.550683748,0.00046291554801964306,-0.0030276408601455085,-30598.917350558564
2020-06-05,0.3150096642471062,6300.193284942124,0.0,0.0,0.0,0.0,6300.193284942124,10082222.74396869,0.000625272103199582,-0.0024042618563143714,-24298.724065616727
2020-06-08,0.3150096642471062,7119.2184119846,0.0,0.0,0.0,0.0,7119.2184119846,10089341.962380674,0.0007061159620028633,-0.001699843581985161,-17179.505653632805
2020-06-09,0.3150096642471062,2457.0753811274285,0.0,0.0,0.0,0.0,2457.0753811274285,10091799.037761802,0.00024353177742304007,-0.0014567257704908299,-14722.430272504687
2020-06-10,0.3150096642471062,6111.18748639386,0.0,0.0,0.0,0.0,6111.18748639386,10097910.225248195,0.0006055597682362513,-0.0008520481367746413,-8611.24278611131
2020-06-11,0.3150096642471062,-13545.415562625567,0.0,0.0,0.0,0.0,-13545.415562625567,10084364.80968557,-0.0013414078022557024,-0.0021923129950117692,-22156.658348737285
2020-06-12,0.3150096642471062,-6048.185553544439,0.0,0.0,0.0,0.0,-6048.185553544439,10078316.624132026,-0.0005997587024752848,-0.0027907568386896786,-28204.843902280554
2020-06-15,0.3150096642471062,-10458.320853003926,0.0,0.0,0.0,0.0,-10458.320853003926,10067858.303279022,-0.0010377051290452613,-0.0038255659850495727,-38663.164755284786
2020-06-16,0.3150096642471062,18711.574056278107,31.50096642471062,28.798183505470455,252.00773139768495,312.30688132786605,18399.26717495024,10086257.570453972,0.0018275254399396687,-0.002005031864269702,-20263.897580334917
2020-06-17,0.3150096642471062,1827.0560526332158,0.0,0.0,0.0,0.0,1827.0560526332158,10088084.626506604,0.0001811431088162249,-0.0018242519531587176,-18436.841527702287
2020-06-18,0.3150096642471062,2268.0695825791645,0.0,0.0,0.0,0.0,2268.0695825791645,10090352.696089184,0.00022482658171004783,-0.001599835511779446,-16168.77194512263
2020-06-19,0.3150096642471062,1008.0309255907398,0.0,0.0,0.0,0.0,1008.0309255907398,10091360.727014774,9.99004649244255e-05,-0.0015000948711664241,-15160.741019532084
2020-06-22,0.3150096642471062,819.0251270424761,0.0,0.0,0.0,0.0,819.0251270424761,10092179.752141817,8.116101972749121e-05,-0.0014190556006684618,-14341.71589249
2020-06-23,0.3150096642471062,2016.0618511814796,0.0,0.0,0.0,0.0,2016.0618511814796,10094195.813993,0.0001997647585253939,-0.001219574319442307,-12325.654041307047
2020-06-24,0.3150096642471062,4284.1314337606445,0.0,0.0,0.0,0.0,4284.1314337606445,10098479.945426758,0.0004244153286408216,-0.0007956765968372137,-8041.522607548162
2020-06-29,0.3150096642471062,-10206.313121606241,0.0,0.0,0.0,0.0,-10206.313121606241,10088273.632305153,-0.0010106781591647678,-0.001805550583043769,-18247.835729153827
2020-06-30,0.3150096642471062,6804.2087477374935,0.0,0.0,0.0,0.0,6804.2087477374935,10095077.84105289,0.0006744671086189346,-0.0011323012589060655,-11443.626981416717
2020-07-01,0.3150096642471062,4851.148829405435,0.0,0.0,0.0,0.0,4851.148829405435,10099928.989882296,0.00048054595574069126,-0.0006522994259560155,-6592.47815201059
2020-07-02,0.3150096642471062,9387.287994563765,0.0,0.0,0.0,0.0,9387.287994563765,10109316.27787686,0.0009294409895324585,0.0,0.0
2020-07-03,0.3150096642471062,9009.276397467236,0.0,0.0,0.0,0.0,9009.276397467236,10118325.554274326,0.000891185531229551,0.0,0.0
2020-07-06,0.3150096642471062,14301.438756818621,0.0,0.0,0.0,0.0,14301.438756818621,10132626.993031146,0.0014134195109760236,0.0,0.0
2020-07-07,0.3150096642471062,-2394.073448278007,0.0,0.0,0.0,0.0,-2394.073448278007,10130232.919582868,-0.0002362737175585921,-0.0002362737175586327,-2394.07344827801
2020-07-08,0.3150096642471062,6174.189419243281,0.0,0.0,0.0,0.0,6174.189419243281,10136407.109002111,0.0006094814865814078,0.0,0.0
2020-07-09,0.3150096642471062,1386.0425226872671,0.0,0.0,0.0,0.0,1386.0425226872671,10137793.151524799,0.00013673903462858424,0.0,0.0
2020-07-10,0.3150096642471062,-9324.286061714343,0.0,0.0,0.0,0.0,-9324.286061714343,10128468.865463084,-0.0009197550119980404,-0.0009197550119981468,-9324.286061715335
2020-07-13,0.3150096642471062,12978.398166980774,0.0,0.0,0.0,0.0,12978.398166980774,10141447.263630064,0.0012813780976545846,0.0,0.0
2020-07-14,0.3150096642471062,-1071.0328584401611,31.50096642471062,30.51939631091664,252.00773139768495,314.0280941333122,-1385.0609525734733,10140062.20267749,-0.00013657428930687943,-0.00013657428930691218,-1385.0609525740147
2020-07-15,0.3150096642471062,3024.0927767722196,0.0,0.0,0.0,0.0,3024.0927767722196,10143086.295454264,0.0002982321721827018,0.0,0.0
2020-07-16,0.3150096642471062,-3087.0947096216405,0.0,0.0,0.0,0.0,-3087.0947096216405,10139999.200744642,-0.0003043545741107572,-0.0003043545741108211,-3087.0947096217424
2020-07-17,0.3150096642471062,441.0135299459487,0.0,0.0,0.0,0.0,441.0135299459487,10140440.214274587,4.349246200271518e-05,-0.0002608753492379101,-2646.0811796765774
2020-07-20,0.3150096642471062,-504.0154627953699,0.0,0.0,0.0,0.0,-504.0154627953699,10139936.198811792,-4.970350913226359e-05,-0.0003105658919497767,-3150.09664247185
2020-07-21,0.3150096642471062,16254.49867515068,0.0,0.0,0.0,0.0,16254.49867515068,10156190.697486943,0.0016030178451276055,0.0,0.0
2020-07-22,0.3150096642471062,2646.081179675692,0.0,0.0,0.0,0.0,2646.081179675692,10158836.77866662,0.0002605387451350673,0.0,0.0
2020-07-23,0.3150096642471062,-2709.0831125251134,0.0,0.0,0.0,0.0,-2709.0831125251134,10156127.695554093,-0.0002666725700539004,-0.00026667257005408285,-2709.083112526685
2020-07-24,0.3150096642471062,-8694.26673322013,0.0,0.0,0.0,0.0,-8694.26673322013,10147433.428820873,-0.0008560611872796853,-0.0011225054692968195,-11403.349845746532
2020-07-27,0.3150096642471062,22239.682295845698,0.0,0.0,0.0,0.0,22239.682295845698,10169673.111116719,0.0021916558952414767,0.0,0.0
2020-07-28,0.3150096642471062,-2898.088911073377,0.0,0.0,0.0,0.0,-2898.088911073377,10166775.022205645,-0.00028497365445359353,-0.0002849736544535686,-2898.0889110732824
2020-07-29,0.3150096642471062,-2142.0657168803223,0.0,0.0,0.0,0.0,-2142.0657168803223,10164632.956488766,-0.0002106927429988127,-0.0004956063555713319,-5040.154627952725
2020-07-30,0.3150096642471062,10899.334382949874,0.0,0.0,0.0,0.0,10899.334382949874,10175532.290871715,0.0010722801727918862,0.0,0.0
2020-07-31,0.3150096642471062,-1197.0367241390036,0.0,0.0,0.0,0.0,-1197.0367241390036,10174335.254147576,-0.00011763873278775238,-0.0001176387327878059,-1197.036724139005
2020-08-03,0.3150096642471062,-8442.259001822445,0.0,0.0,0.0,0.0,-8442.259001822445,10165892.995145753,-0.0008297602537110178,-0.0009473013745541214,-9639.295725962147
2020-08-04,0.3150096642471062,11718.35950999235,0.0,0.0,0.0,0.0,11718.35950999235,10177611.354655746,0.0011527132457117052,0.0,0.0
2020-08-05,0.3150096642471062,7245.222277683442,0.0,0.0,0.0,0.0,7245.222277683442,10184856.576933429,0.0007118784580400702,0.0,0.0
2020-08-06,0.3150096642471062,5733.175889297333,0.0,0.0,0.0,0.0,5733.175889297333,10190589.752822727,0.0005629117941907771,0.0,0.0
2020-08-07,0.3150096642471062,-4536.139165158329,0.0,0.0,0.0,0.0,-4536.139165158329,10186053.613657568,-0.00044513019120427725,-0.00044513019120440145,-4536.139165159315
2020-08-10,0.3150096642471062,5796.177822146754,0.0,0.0,0.0,0.0,5796.177822146754,10191849.791479716,0.0005690307593094914,0.0,0.0
2020-08-11,0.3150096642471062,-7434.228076231706,0.0,0.0,0.0,0.0,-7434.228076231706,10184415.563403483,-0.0007294287325983401,-0.0007294287325984028,-7434.228076232597
2020-08-12,0.3150096642471062,-5166.158493652541,0.0,0.0,0.0,0.0,-5166.158493652541,10179249.40490983,-0.0005072611640295329,-0.0012363198857600066,-12600.386569885537
2020-08-13,0.3150096642471062,4284.1314337606445,0.0,0.0,0.0,0.0,4284.1314337606445,10183533.536343591,0.00042086908998361397,-0.0008159711246016332,-8316.25513612479
2020-08-14,0.3150096642471062,4095.1256352123805,0.0,0.0,0.0,0.0,4095.1256352123805,10187628.661978804,0.00040213209104653666,-0.000414167161729706,-4221.129500912502
2020-08-17,0.3150096642471062,10521.322785853346,0.0,0.0,0.0,0.0,10521.322785853346,10198149.984764658,0.0010327548377494285,0.0,0.0
2020-08-18,0.3150096642471062,-5040.154627953699,31.50096642471062,32.39055371654445,252.00773139768495,315.89925153894006,-5356.05387949264,10192793.930885164,-0.0005251985789083529,-0.0005251985789084257,-5356.0538794938475
2020-08-19,0.3150096642471062,-5103.156560803121,0.0,0.0,0.0,0.0,-5103.156560803121,10187690.774324361,-0.0005006631739448844,-0.0010255988052658704,-10459.21044029668
2020-08-20,0.3150096642471062,-28035.86011799245,0.0,0.0,0.0,0.0,-28035.86011799245,10159654.914206369,-0.002751934735656694,-0.003774711159945543,-38495.070558289066
2020-08-21,0.3150096642471062,14994.460018162255,0.0,0.0,0.0,0.0,14994.460018162255,10174649.374224532,0.0014758828075149796,-0.002304399383734723,-23500.61054012552
2020-08-24,0.3150096642471062,3843.1179038146956,0.0,0.0,0.0,0.0,3843.1179038146956,10178492.492128346,0.0003777150211731597,-0.0019275547688236694,-19657.4926363118
2020-08-25,0.3150096642471062,8379.257068973026,0.0,0.0,0.0,0.0,8379.257068973026,10186871.74919732,0.0008232316401916315,-0.0011059099527058747,-11278.235567338765
2020-08-26,0.3150096642471062,3465.106306718168,0.0,0.0,0.0,0.0,3465.106306718168,10190336.855504038,0.00034015411129439255,-0.0007661320212285494,-7813.129260620102
2020-08-27,0.3150096642471062,-2016.0618511814796,0.0,0.0,0.0,0.0,-2016.0618511814796,10188320.793652857,-0.00019784055029471942,-0.0009638209995426195,-9829.191111801192
2020-08-28,0.3150096642471062,-4347.133366610065,0.0,0.0,0.0,0.0,-4347.133366610065,10183973.660286246,-0.00042667810080325035,-0.001390087859032274,-14176.324478412047
2020-08-31,0.3150096642471062,-6300.193284942124,0.0,0.0,0.0,0.0,-6300.193284942124,10177673.467001304,-0.0006186380184299339,-0.0020078659162636736,-20476.517763353884
2020-09-01,0.3150096642471062,6300.193284942124,0.0,0.0,0.0,0.0,6300.193284942124,10183973.660286246,0.0006190209683351513,-0.001390087859032274,-14176.324478412047
2020-09-02,0.3150096642471062,0.0,0.0,0.0,0.0,0.0,0.0,10183973.660286246,0.0,-0.001390087859032274,-14176.324478412047
2020-09-03,0.3150096642471062,2583.0792468262707,0.0,0.0,0.0,0.0,2583.0792468262707,10186556.739533072,0.0002536415875562729,-0.0011367988555673891,-11593.245231585577
2020-09-04,0.3150096642471062,-7938.243539027076,0.0,0.0,0.0,0.0,-7938.243539027076,10178618.495994044,-0.0007792862438216729,-0.0019151992076790192,-19531.488770613447
2020-09-07,0.3150096642471062,-1512.0463883861098,0.0,0.0,0.0,0.0,-1512.0463883861098,10177106.449605659,-0.00014855123895066895,-0.0020634659414145995,-21043.535158999264
2020-09-08,0.3150096642471062,5355.164292200805,0.0,0.0,0.0,0.0,5355.164292200805,10182461.61389786,0.0005261971385204786,-0.0015383545927678544,-15688.370866797864
2020-09-09,0.3150096642471062,-4347.133366610065,0.0,0.0,0.0,0.0,-4347.133366610065,10178114.48053125,-0.0004269236194003168,-0.001964621452257509,-20035.50423340872
2020-09-10,0.3150096642471062,6363.1952177915455,0.0,0.0,0.0,0.0,6363.1952177915455,10184477.675749041,0.0006251840878743405,-0.0013406656144537843,-13672.309015616775
2020-09-11,0.3150096642471062,-2394.073448278007,0.0,0.0,0.0,0.0,-2394.073448278007,10182083.602300763,-0.00023507081310401414,-0.001575421276201694,-16066.382463894784
2020-09-14,0.3150096642471062,7812.239673328234,0.0,0.0,0.0,0.0,7812.239673328234,10189895.84197409,0.0007672535385157283,-0.0008093764852349361,-8254.14279056713
2020-09-15,0.3150096642471062,3465.106306718168,31.50096642471062,32.28093035338645,252.00773139768495,315.789628175782,3149.316678542386,10193045.158652633,0.0003090626957706241,-0.0005005639375427196,-5104.826112024486
2020-09-16,0.3150096642471062,7938.243539027076,0.0,0.0,0.0,0.0,7938.243539027076,10200983.402191661,0.0007787901863937579,0.0,0.0
2020-09-17,0.3150096642471062,-5607.17202359849,0.0,0.0,0.0,0.0,-5607.17202359849,10195376.230168063,-0.0005496697526626502,-0.0005496697526625738,-5607.172023598105
2020-09-18,0.3150096642471062,1197.0367241390036,0.0,0.0,0.0,0.0,1197.0367241390036,10196573.266892202,0.00011740976469283972,-0.0004323245245660967,-4410.1352994591
2020-09-21,0.3150096642471062,-11088.340181498137,0.0,0.0,0.0,0.0,-11088.340181498137,10185484.926710702,-0.0010874575106032396,-0.0015193119006182698,-15498.47548095882
2020-09-22,0.3150096642471062,-9576.293793112029,0.0,0.0,0.0,0.0,-9576.293793112029,10175908.63291759,-0.0009401902670337164,-0.0024580737253904195,-25074.76927407086
2020-09-23,0.3150096642471062,1323.040589837846,0.0,0.0,0.0,0.0,1323.040589837846,10177231.67350743,0.00013001694861508497,-0.002328376368020413,-23751.72868423164
2020-09-24,0.3150096642471062,-22239.682295845698,0.0,0.0,0.0,0.0,-22239.682295845698,10154991.991211584,-0.002185238875296343,-0.004508527184761024,-45991.41098007746
2020-09-25,0.3150096642471062,1260.0386569884247,0.0,0.0,0.0,0.0,1260.0386569884247,10156252.029868571,0.00012408071400537763,-0.004385005892027949,-44731.37232309021
2020-09-28,0.3150096642471062,13986.429092571514,0.0,0.0,0.0,0.0,13986.429092571514,10170238.458961144,0.0013771250508001138,-0.0030139195426895915,-30744.94323051721
2020-09-29,0.3150096642471062,252.00773139768495,0.0,0.0,0.0,0.0,252.00773139768495,10170490.46669254,2.477894027898995e-05,-0.0029892152841429764,-30492.935499120504
2020-09-30,0.3150096642471062,3213.098575320483,0.0,0.0,0.0,0.0,3213.098575320483,10173703.56526786,0.00031592366030361047,-0.002674235987673468,-27279.83692380041
2020-10-05,0.3150096642471062,3591.1101724170107,0.0,0.0,0.0,0.0,3591.1101724170107,10177294.675440278,0.00035297963513275033,-0.0023222003033839256,-23688.726751383394
2020-10-06,0.3150096642471062,9198.282196015502,0.0,0.0,0.0,0.0,9198.282196015502,10186492.957636295,0.0009038042514591508,-0.0014204948664314765,-14490.444555366412
2020-10-07,0.3150096642471062,5040.154627953699,0.0,0.0,0.0,0.0,5040.154627953699,10191533.112264248,0.0004947880147676686,-0.0009264096954989531,-9450.289927413687
2020-10-08,0.3150096642471062,7434.228076231706,0.0,0.0,0.0,0.0,7434.228076231706,10198967.34034048,0.0007294513979732386,-0.00019763406837303155,-2016.0618511810899
2020-10-12,0.3150096642471062,2961.0908439227983,0.0,0.0,0.0,0.0,2961.0908439227983,10201928.431184402,0.00029033241749982364,0.0,0.0
2020-10-13,0.3150096642471062,-63.00193284942124,0.0,0.0,0.0,0.0,-63.00193284942124,10201865.429251553,-6.175492533043282e-06,-6.175492532900506e-06,-63.001932848244905
2020-10-14,0.3150096642471062,-1953.0599183320585,0.0,0.0,0.0,0.0,-1953.0599183320585,10199912.36933322,-0.00019144145076959148,-0.0001976157610573681,-2016.0618511810899
2020-10-15,0.3150096642471062,-3024.0927767722196,0.0,0.0,0.0,0.0,-3024.0927767722196,10196888.276556449,-0.0002964822311478258,-0.0004940394026433648,-5040.154627952725
2020-10-16,0.3150096642471062,-5985.183620695017,0.0,0.0,0.0,0.0,-5985.183620695017,10190903.092935754,-0.0005869617728827613,-0.0010807111932824576,-11025.33824864775
2020-10-19,0.3150096642471062,9513.291860262607,0.0,0.0,0.0,0.0,9513.291860262607,10200416.384796016,0.0009335082252776144,-0.00014821182079305384,-1512.0463883858174
2020-10-20,0.3150096642471062,-2520.0773139768494,31.50096642471062,32.29983093324128,252.00773139768495,315.80852875563687,-2835.8858427324863,10197580.498953283,-0.00027801667458981843,-0.00042618729002530387,-4347.932231118903
2020-10-21,0.3150096642471062,1764.0541197837947,0.0,0.0,0.0,0.0,1764.0541197837947,10199344.553073067,0.00017298751600586666,-0.0002532734991000929,-2583.8781113345176
2020-10-22,0.3150096642471062,1953.0599183320585,0.0,0.0,0.0,0.0,1953.0599183320585,10201297.6129914,0.00019148876755453867,-6.183323057562529e-05,-630.8181930016726
2020-10-23,0.3150096642471062,126.00386569884247,0.0,0.0,0.0,0.0,126.00386569884247,10201423.616857098,1.2351748814619031e-05,-4.948224550960223e-05,-504.81432730332017
2020-10-26,0.3150096642471062,1197.0367241390036,0.0,0.0,0.0,0.0,1197.0367241390036,10202620.653581237,0.00011734016438264448,0.0,0.0
2020-10-27,0.3150096642471062,-3213.098575320483,0.0,0.0,0.0,0.0,-3213.098575320483,10199407.555005917,-0.0003149287506041547,-0.0003149287506041265,-3213.098575320095
2020-10-28,0.3150096642471062,-4284.1314337606445,0.0,0.0,0.0,0.0,-4284.1314337606445,10195123.423572157,-0.000420037282622163,-0.0007348337514097025,-7497.230009080842
2020-10-29,0.3150096642471062,-8631.264800370709,0.0,0.0,0.0,0.0,-8631.264800370709,10186492.158771785,-0.0008466071906902423,-0.001580818826562136,-16128.494809452444
2020-10-30,0.3150096642471062,-11844.363375691193,0.0,0.0,0.0,0.0,-11844.363375691193,10174647.795396095,-0.0011627519258915625,-0.0027417326523184737,-27972.85818514228
2020-11-02,0.3150096642471062,6363.1952177915455,0.0,0.0,0.0,0.0,6363.1952177915455,10181010.990613885,0.0006253970993149084,-0.002118050224651502,-21609.662967352197
2020-11-03,0.3150096642471062,10710.32858440161,0.0,0.0,0.0,0.0,10710.32858440161,10191721.319198288,0.0010519906710910847,-0.001068287722637562,-10899.334382949397
2020-11-04,0.3150096642471062,11340.347912895822,0.0,0.0,0.0,0.0,11340.347912895822,10203061.667111183,0.0011127019232299701,0.0,0.0
2020-11-05,0.3150096642471062,1575.048321235531,0.0,0.0,0.0,0.0,1575.048321235531,10204636.715432419,0.0001543701658015636,0.0,0.0
2020-11-06,0.3150096642471062,2898.088911073377,0.0,0.0,0.0,0.0,2898.088911073377,10207534.804343492,0.000283997264370089,0.0,0.0
2020-11-09,0.3150096642471062,11655.35757714293,0.0,0.0,0.0,0.0,11655.35757714293,10219190.161920635,0.001141838632005777,0.0,0.0
2020-11-10,0.3150096642471062,-3150.096642471062,0.0,0.0,0.0,0.0,-3150.096642471062,10216040.065278163,-0.0003082530604244104,-0.0003082530604244793,-3150.09664247185
2020-11-11,0.3150096642471062,12096.371107088878,0.0,0.0,0.0,0.0,12096.371107088878,10228136.436385253,0.0011840567411439099,0.0,0.0
2020-11-12,0.3150096642471062,-2079.063784030901,0.0,0.0,0.0,0.0,-2079.063784030901,10226057.372601222,-0.00020326907027118883,-0.0002032690702712392,-2079.0637840311974
2020-11-13,0.3150096642471062,3402.1043738687467,0.0,0.0,0.0,0.0,3402.1043738687467,10229459.47697509,0.000332689740523463,0.0,0.0
2020-11-16,0.3150096642471062,18711.574056278107,0.0,0.0,0.0,0.0,18711.574056278107,10248171.05103137,0.0018291850217887783,0.0,0.0
2020-11-17,0.3150096642471062,2772.0850453745343,31.50096642471062,34.28061170202709,252.00773139768495,317.78930952442266,2454.2957358501117,10250625.346767219,0.0002394862189193371,0.0,0.0
2020-11-18,0.3150096642471062,8568.262867521289,0.0,0.0,0.0,0.0,8568.262867521289,10259193.60963474,0.0008358770882425722,0.0,0.0
2020-11-19,0.3150096642471062,1449.0444555366885,0.0,0.0,0.0,0.0,1449.0444555366885,10260642.654090278,0.00014124350418495308,0.0,0.0
2020-11-20,0.3150096642471062,-252.00773139768495,0.0,0.0,0.0,0.0,-252.00773139768495,10260390.64635888,-2.4560618656495673e-05,-2.4560618656632727e-05,-252.00773139856756
2020-11-23,0.3150096642471062,8757.268666069553,0.0,0.0,0.0,0.0,8757.268666069553,10269147.91502495,0.0008535024608616883,0.0,0.0
2020-11-24,0.3150096642471062,-4473.137232308908,0.0,0.0,0.0,0.0,-4473.137232308908,10264674.77779264,-0.0004355899115801216,-0.0004355899115801032,-4473.137232309207
2020-11-25,0.3150096642471062,-5985.183620695017,0.0,0.0,0.0,0.0,-5985.183620695017,10258689.594171945,-0.0005830855580192183,-0.0010184214834126903,-10458.320853004232
2020-11-26,0.3150096642471062,8316.255136123604,0.0,0.0,0.0,0.0,8316.255136123604,10267005.849308068,0.0008106547195704356,-0.00020859235202441706,-2142.065716881305
2020-11-27,0.3150096642471062,2331.071515428586,0.0,0.0,0.0,0.0,2331.071515428586,10269336.920823498,0.0002270449193895887,0.0,0.0
2020-11-30,0.3150096642471062,-9828.301524509714,0.0,0.0,0.0,0.0,-9828.301524509714,10259508.619298987,-0.0009570531768784915,-0.0009570531768785528,-9828.301524510607
2020-12-01,0.3150096642471062,9765.299591660292,0.0,0.0,0.0,0.0,9765.299591660292,10269273.918890648,0.000951829171749118,-6.13495626211602e-06,-63.00193285010755
2020-12-02,0.3150096642471062,4977.152695104278,0.0,0.0,0.0,0.0,4977.152695104278,10274251.071585752,0.00048466451809690765,0.0,0.0
2020-12-03,0.3150096642471062,1890.0579854826372,0.0,0.0,0.0,0.0,1890.0579854826372,10276141.129571235,0.00018396065779526655,0.0,0.0
2020-12-04,0.3150096642471062,9576.293793112029,0.0,0.0,0.0,0.0,9576.293793112029,10285717.423364347,0.0009318959006464709,0.0,0.0
2020-12-07,0.3150096642471062,5481.168157899648,0.0,0.0,0.0,0.0,5481.168157899648,10291198.591522247,0.0005328911861265986,0.0,0.0
2020-12-08,0.3150096642471062,7371.226143382285,0.0,0.0,0.0,0.0,7371.226143382285,10298569.81766563,0.0007162650762035244,0.0,0.0
2020-12-09,0.3150096642471062,3465.106306718168,0.0,0.0,0.0,0.0,3465.106306718168,10302034.923972346,0.00033646480706226855,0.0,0.0
2020-12-10,0.3150096642471062,-9828.301524509714,0.0,0.0,0.0,0.0,-9828.301524509714,10292206.622447837,-0.0009540155510092208,-0.0009540155510091575,-9828.301524508744
2020-12-11,0.3150096642471062,-315.0096642471062,0.0,0.0,0.0,0.0,-315.0096642471062,10291891.61278359,-3.06066206988163e-05,-0.000984592972515852,-10143.311188755557
2020-12-14,0.3150096642471062,-2268.0695825791645,0.0,0.0,0.0,0.0,-2268.0695825791645,10289623.54320101,-0.00022037441394757678,-0.001204750407364119,-12411.380771335214
2020-12-15,0.3150096642471062,-7245.222277683442,31.50096642471062,35.35920479240918,252.00773139768495,318.8679026148048,-7564.090180298247,10282059.453020712,-0.0007351182624456955,-0.001938983035783659,-19975.470951633528
2020-12-16,0.3150096642471062,13545.415562625567,0.0,0.0,0.0,0.0,13545.415562625567,10295604.868583338,0.0013173835090640456,-0.0006241539109953509,-6430.0553890075535
2020-12-17,0.3150096642471062,-378.01159709652745,0.0,0.0,0.0,0.0,-378.01159709652745,10295226.856986241,-3.671582213202607e-05,-0.0006608468168033399,-6808.0669861044735
2020-12-18,0.3150096642471062,-3087.0947096216405,0.0,0.0,0.0,0.0,-3087.0947096216405,10292139.76227662,-0.0002998568902371265,-0.0009605055475691016,-9895.161695726216
2020-12-21,0.3150096642471062,11025.338248648717,0.0,0.0,0.0,0.0,11025.338248648717,10303165.10052527,0.0010712386834329107,0.0,0.0
2020-12-22,0.3150096642471062,-16758.51413794605,0.0,0.0,0.0,0.0,-16758.51413794605,10286406.586387323,-0.0016265403858365503,-0.001626540385836539,-16758.51413794607
2020-12-23,0.3150096642471062,4221.129500911223,0.0,0.0,0.0,0.0,4221.129500911223,10290627.715888234,0.00041035997026379656,-0.0012168478826372064,-12537.38463703543
2020-12-24,0.3150096642471062,8127.24933757534,0.0,0.0,0.0,0.0,8127.24933757534,10298754.965225808,0.0007897719713470208,-0.00042803694364135225,-4410.135299460962
2020-12-25,0.3150096642471062,3969.121769513538,0.0,0.0,0.0,0.0,3969.121769513538,10302724.086995322,0.00038539821395066194,-4.280369436426845e-05,-441.01352994702756
2020-12-28,0.3150096642471062,8316.255136123604,0.0,0.0,0.0,0.0,8316.255136123604,10311040.342131447,0.0008071899301487505,0.0,0.0
2020-12-29,0.3150096642471062,1386.0425226872671,0.0,0.0,0.0,0.0,1386.0425226872671,10312426.384654135,0.0001344231500117234,0.0,0.0
2020-12-30,0.3150096642471062,11277.345980046402,0.0,0.0,0.0,0.0,11277.345980046402,10323703.73063418,0.0010935686287010164,0.0,0.0
2020-12-31,0.3150096642471062,2520.0773139768494,0.0,0.0,0.0,0.0,2520.0773139768494,10326223.807948157,0.00024410593133342872,0.0,0.0
2021-01-04,0.3150096642471062,12348.378838486562,0.0,0.0,0.0,0.0,12348.378838486562,10338572.186786644,0.001195827155032408,0.0,0.0
2021-01-05,0.3150096642471062,6489.199083490387,0.0,0.0,0.0,0.0,6489.199083490387,10345061.385870134,0.0006276687889052995,0.0,0.0
2021-01-06,0.3150096642471062,-4158.127568061802,0.0,0.0,0.0,0.0,-4158.127568061802,10340903.258302072,-0.0004019432474070387,-0.000401943247407055,-4158.127568062395
2021-01-07,0.3150096642471062,20097.616578965375,0.0,0.0,0.0,0.0,20097.616578965375,10361000.874881037,0.001943506875265489,0.0,0.0
2021-01-08,0.3150096642471062,14112.432958270358,0.0,0.0,0.0,0.0,14112.432958270358,10375113.307839308,0.0013620723643103056,0.0,0.0
2021-01-11,0.3150096642471062,5040.154627953699,0.0,0.0,0.0,0.0,5040.154627953699,10380153.46246726,0.00048579273097146996,0.0,0.0
2021-01-12,0.3150096642471062,-2583.0792468262707,0.0,0.0,0.0,0.0,-2583.0792468262707,10377570.383220434,-0.00024884788612867945,-0.00024884788612866693,-2583.07924682647
2021-01-13,0.3150096642471062,17073.523802193155,0.0,0.0,0.0,0.0,17073.523802193155,10394643.907022629,0.0016452332455195345,0.0,0.0
2021-01-14,0.3150096642471062,-2205.067649729743,0.0,0.0,0.0,0.0,-2205.067649729743,10392438.8393729,-0.00021213498696573895,-0.00021213498696570632,-2205.06764972955
2021-01-15,0.3150096642471062,-5985.183620695017,0.0,0.0,0.0,0.0,-5985.183620695017,10386453.655752204,-0.0005759171367955989,-0.0007879299515870519,-8190.251270424575
2021-01-18,0.3150096642471062,-1764.0541197837947,0.0,0.0,0.0,0.0,-1764.0541197837947,10384689.60163242,-0.00016984181302410472,-0.0009576379411596614,-9954.30539020896
2021-01-19,0.3150096642471062,17766.54506353679,31.50096642471062,39.98732677952766,252.00773139768495,323.49602460192324,17443.049038934867,10402132.650671355,0.0016796890141225704,0.0,0.0
2021-01-20,0.3150096642471062,-6993.214546285757,0.0,0.0,0.0,0.0,-6993.214546285757,10395139.436125068,-0.0006722866147870566,-0.000672286614787243,-6993.214546287432
2021-01-21,0.3150096642471062,24759.759609822548,0.0,0.0,0.0,0.0,24759.759609822548,10419899.195734892,0.0023818593066465004,0.0,0.0
2021-01-22,0.3150096642471062,-9135.28026316608,0.0,0.0,0.0,0.0,-9135.28026316608,10410763.915471725,-0.0008767148406680713,-0.0008767148406682024,-9135.280263166875
2021-01-25,0.3150096642471062,-4536.139165158329,0.0,0.0,0.0,0.0,-4536.139165158329,10406227.776306568,-0.00043571626462656084,-0.001312049106379054,-13671.419428324327
2021-01-26,0.3150096642471062,-18018.552794934472,0.0,0.0,0.0,0.0,-18018.552794934472,10388209.223511633,-0.001731516278738395,-0.00304129355073135,-31689.97222325951
2021-01-27,0.3150096642471062,2142.0657168803223,0.0,0.0,0.0,0.0,2142.0657168803223,10390351.289228512,0.00020620163406337498,-0.002835719036367923,-29547.906506380066
2021-01-28,0.3150096642471062,-17451.53539928968,0.0,0.0,0.0,0.0,-17451.53539928968,10372899.753829224,-0.0016795905079149125,-0.004510546697506057,-46999.441905668005
2021-01-29,0.3150096642471062,-19404.59531762174,0.0,0.0,0.0,0.0,-19404.59531762174,10353495.158511601,-0.0018707011325794802,-0.006372809945270008,-66404.03722329065
2021-02-01,0.3150096642471062,17955.550862085052,0.0,0.0,0.0,0.0,17955.550862085052,10371450.709373686,0.001734250181913091,-0.004649611810163878,-48448.48636120558
2021-02-02,0.3150096642471062,24885.763475521388,0.0,0.0,0.0,0.0,24885.763475521388,10396336.472849209,0.0023994486569781127,-0.002261319657999028,-23562.72288568318
2021-02-03,0.3150096642471062,1071.0328584401611,0.0,0.0,0.0,0.0,1071.0328584401611,10397407.505707648,0.0001030202188277805,-0.0021585324008173146,-22491.69002724439
2021-02-04,0.3150096642471062,-4473.137232308908,0.0,0.0,0.0,0.0,-4473.137232308908,10392934.368475338,-0.0004302165929202432,-0.0025878203572824443,-26964.827259553596
2021-02-05,0.3150096642471062,6489.199083490387,31.50096642471062,39.71641846827515,252.00773139768495,323.2251162906707,6165.973967199716,10399100.342442539,0.0005932851828548856,-0.001996070489901358,-20798.85329235345
2021-02-17,0.3150096642471062,39250.20416518943,0.0,0.0,0.0,0.0,39250.20416518943,10438350.546607729,0.0037743845979632457,0.0,0.0
2021-02-18,0.3150096642471062,2583.0792468262707,0.0,0.0,0.0,0.0,2583.0792468262707,10440933.625854556,0.0002474604809728031,0.0,0.0
2021-02-19,0.3150096642471062,-4158.127568061802,0.0,0.0,0.0,0.0,-4158.127568061802,10436775.498286493,-0.00039825246640445654,-0.00039825246640445844,-4158.127568062395
2021-02-22,0.3150096642471062,4473.137232308908,0.0,0.0,0.0,0.0,4473.137232308908,10441248.635518802,0.0004285937963352097,0.0,0.0
2021-02-23,0.3150096642471062,3276.1005081699045,0.0,0.0,0.0,0.0,3276.1005081699045,10444524.736026973,0.0003137652040030289,0.0,0.0
2021-02-24,0.3150096642471062,-16065.492876602415,0.0,0.0,0.0,0.0,-16065.492876602415,10428459.243150368,-0.0015381736634876909,-0.0015381736634878518,-16065.4928766042
2021-02-25,0.3150096642471062,12978.398166980774,0.0,0.0,0.0,0.0,12978.398166980774,10441437.64131735,0.0012445173217227904,-0.0002955706255329815,-3087.0947096217424
2021-02-26,0.3150096642471062,-28539.875580787822,0.0,0.0,0.0,0.0,-28539.875580787822,10412897.765736561,-0.0027333281642993243,-0.003028090898317126,-31626.970290411264
2021-03-02,0.3150096642471062,-1764.0541197837947,0.0,0.0,0.0,0.0,-1764.0541197837947,10411133.711616779,-0.00016941049066940622,-0.003196988398621481,-33391.024410193786
2021-03-03,0.3150096642471062,17262.529600741418,0.0,0.0,0.0,0.0,17262.529600741418,10428396.24121752,0.0016580835554421732,-0.0015442057170700352,-16128.494809452444
2021-03-04,0.3150096642471062,-16128.494809451837,0.0,0.0,0.0,0.0,-16128.494809451837,10412267.746408068,-0.0015465939763302308,-0.0030884114341400704,-32256.98961890489
2021-03-05,0.3150096642471062,-4410.135299459486,0.0,0.0,0.0,0.0,-4410.135299459486,10407857.611108609,-0.000423551853147539,-0.0035106551849013456,-36667.12491836399
2021-03-08,0.3150096642471062,-2457.0753811274285,0.0,0.0,0.0,0.0,-2457.0753811274285,10405400.53572748,-0.00023607888125841775,-0.003745905274611383,-39124.200299492106
2021-03-09,0.3150096642471062,378.01159709652745,0.0,0.0,0.0,0.0,378.01159709652745,10405778.547324577,3.6328404254944835e-05,-0.0037097129531175055,-38746.188702395186
2021-03-10,0.3150096642471062,3843.1179038146956,0.0,0.0,0.0,0.0,3843.1179038146956,10409621.665228393,0.0003693253595909743,-0.003341757684596769,-34903.0707985796
2021-03-11,0.3150096642471062,18333.56245918158,0.0,0.0,0.0,0.0,18333.56245918158,10427955.227687573,0.0017612131399954516,-0.0015864300921463181,-16569.508339399472
2021-03-12,0.3150096642471062,3024.0927767722196,0.0,0.0,0.0,0.0,3024.0927767722196,10430979.320464347,0.0002899986345110939,-0.00129689152019552,-13545.415562625974
2021-03-15,0.3150096642471062,-1386.0425226872671,0.0,0.0,0.0,0.0,-1386.0425226872671,10429593.27794166,-0.00013287750652213602,-0.0014295966990062192,-14931.45808531344
2021-03-16,0.3150096642471062,6615.20294918923,31.50096642471062,41.00795809168829,252.00773139768495,324.51665591408386,6290.686293275146,10435883.964234933,0.0006031573931631445,-0.0008273015776614212,-8640.771792039275
2021-03-17,0.3150096642471062,-5040.154627953699,0.0,0.0,0.0,0.0,-5040.154627953699,10430843.80960698,-0.0004829638433339172,-0.0013098658642457517,-13680.926419992
2021-03-18,0.3150096642471062,4977.152695104278,0.0,0.0,0.0,0.0,4977.152695104278,10435820.962302085,0.0004771572449891578,-0.0008333336312436046,-8703.77372488752
2021-03-19,0.3150096642471062,-14301.438756818621,0.0,0.0,0.0,0.0,-14301.438756818621,10421519.523545265,-0.001370418178740372,-0.0022026097944268797,-23005.212481707335
2021-03-22,0.3150096642471062,8064.247404725918,0.0,0.0,0.0,0.0,8064.247404725918,10429583.770949991,0.0007738072539715942,-0.001430506935891862,-14940.965076981112
2021-03-23,0.3150096642471062,-1260.0386569884247,0.0,0.0,0.0,0.0,-1260.0386569884247,10428323.732293004,-0.00012081389676336552,-0.0015511480075378614,-16201.003733968362
2021-03-24,0.3150096642471062,-8631.264800370709,0.0,0.0,0.0,0.0,-8631.264800370709,10419692.467492633,-0.0008276751874937092,-0.002377539348313751,-24832.268534339964
2021-03-25,0.3150096642471062,3087.0947096216405,0.0,0.0,0.0,0.0,3087.0947096216405,10422779.562202254,0.0002962750310772378,-0.0020819687227807693,-21745.173824718222
2021-03-26,0.3150096642471062,16128.494809451837,0.0,0.0,0.0,0.0,16128.494809451837,10438908.057011707,0.001547427412543685,-0.0005377630057107341,-5616.679015265778
2021-03-29,0.3150096642471062,7749.237740478812,0.0,0.0,0.0,0.0,7749.237740478812,10446657.294752184,0.0007423417945781914,0.0,0.0
2021-03-30,0.3150096642471062,6804.2087477374935,0.0,0.0,0.0,0.0,6804.2087477374935,10453461.503499923,0.0006513287988451145,0.0,0.0
2021-03-31,0.3150096642471062,-6111.18748639386,0.0,0.0,0.0,0.0,-6111.18748639386,10447350.316013528,-0.0005846089818523532,-0.0005846089818525302,-6111.18748639524
2021-04-01,0.3150096642471062,8127.24933757534,0.0,0.0,0.0,0.0,8127.24933757534,10455477.565351104,0.0007779244585220833,0.0,0.0
2021-04-06,0.3150096642471062,11340.347912895822,0.0,0.0,0.0,0.0,11340.347912895822,10466817.913263999,0.0010846322266978153,0.0,0.0
2021-04-07,0.3150096642471062,2331.071515428586,0.0,0.0,0.0,0.0,2331.071515428586,10469148.984779429,0.0002227106208157641,0.0,0.0
2021-04-08,0.3150096642471062,10206.313121606241,0.0,0.0,0.0,0.0,10206.313121606241,10479355.297901034,0.0009748942475118741,0.0,0.0
2021-04-09,0.3150096642471062,-5607.17202359849,0.0,0.0,0.0,0.0,-5607.17202359849,10473748.125877436,-0.0005350684144397299,-0.0005350684144397322,-5607.172023598105
2021-04-12,0.3150096642471062,-441.0135299459487,0.0,0.0,0.0,0.0,-441.0135299459487,10473307.112347491,-4.210656248801122e-05,-0.0005771524470360445,-6048.18555354327
2021-04-13,0.3150096642471062,-2457.0753811274285,0.0,0.0,0.0,0.0,-2457.0753811274285,10470850.036966363,-0.0002346035836408027,-0.0008116206286444827,-8505.260934671387
2021-04-14,0.3150096642471062,3843.1179038146956,0.0,0.0,0.0,0.0,3843.1179038146956,10474693.154870177,0.0003670301733141937,-0.0004448883445903329,-4662.143030857667
2021-04-15,0.3150096642471062,13545.415562625567,0.0,0.0,0.0,0.0,13545.415562625567,10488238.570432803,0.0012931563113452796,0.0,0.0
2021-04-16,0.3150096642471062,5481.168157899648,0.0,0.0,0.0,0.0,5481.168157899648,10493719.738590702,0.0005226013997575824,0.0,0.0
2021-04-19,0.3150096642471062,7119.2184119846,0.0,0.0,0.0,0.0,7119.2184119846,10500838.957002688,0.0006784265817395181,0.0,0.0
2021-04-20,0.3150096642471062,3024.0927767722196,31.50096642471062,43.56583656537479,252.00773139768495,327.07453438777037,2697.0182423844494,10503535.975245072,0.00025683835867094126,0.0,0.0
2021-04-21,0.3150096642471062,-7434.228076231706,0.0,0.0,0.0,0.0,-7434.228076231706,10496101.74716884,-0.00070778336873914,-0.0007077833687390012,-7434.228076230735
2021-04-22,0.3150096642471062,-1827.0560526332158,0.0,0.0,0.0,0.0,-1827.0560526332158,10494274.691116206,-0.00017406996393932973,-0.0008817301288530643,-9261.284128865227
2021-04-23,0.3150096642471062,9324.286061714343,0.0,0.0,0.0,0.0,9324.286061714343,10503598.977177922,0.0008885117205487005,0.0,0.0
2021-04-26,0.3150096642471062,17199.527667891998,0.0,0.0,0.0,0.0,17199.527667891998,10520798.504845813,0.0016374889887992583,0.0,0.0
2021-04-27,0.3150096642471062,2583.0792468262707,0.0,0.0,0.0,0.0,2583.0792468262707,10523381.58409264,0.0002455212164396572,0.0,0.0
2021-04-28,0.3150096642471062,-2394.073448278007,0.0,0.0,0.0,0.0,-2394.073448278007,10520987.510644361,-0.00022750039320981557,-0.00022750039320984516,-2394.07344827801
2021-04-29,0.3150096642471062,2394.073448278007,0.0,0.0,0.0,0.0,2394.073448278007,10523381.58409264,0.00022755216141601346,0.0,0.0
2021-05-03,0.3150096642471062,-20034.614646115955,0.0,0.0,0.0,0.0,-20034.614646115955,10503346.969446523,-0.001903819080018983,-0.0019038190800190202,-20034.61464611627
2021-05-04,0.3150096642471062,-20160.618511814795,0.0,0.0,0.0,0.0,-20160.618511814795,10483186.350934708,-0.0019194470648699483,-0.0038196118649437283,-40195.233157930896
2021-05-05,0.3150096642471062,-10332.316987305083,0.0,0.0,0.0,0.0,-10332.316987305083,10472854.033947404,-0.0009856084439807584,-0.004801455667217569,-50527.55014523491
2021-05-06,0.3150096642471062,11025.338248648717,0.0,0.0,0.0,0.0,11025.338248648717,10483879.372196052,0.0010527539305819076,-0.0037537564879619456,-39502.21189658716
2021-05-07,0.3150096642471062,21609.662967351484,0.0,0.0,0.0,0.0,21609.662967351484,10505489.035163404,0.00206122773833718,-0.0017002660966206617,-17892.548929234967
2021-05-10,0.3150096642471062,-3717.114038115853,0.0,0.0,0.0,0.0,-3717.114038115853,10501771.921125287,-0.000353825892890291,-0.002053490391341284,-21609.662967352197
2021-05-11,0.3150096642471062,-42337.29887481107,0.0,0.0,0.0,0.0,-42337.29887481107,10459434.622250477,-0.004031443378583158,-0.00607665523968326,-63946.961842162535
2021-05-12,0.3150096642471062,-54433.66998189995,0.0,0.0,0.0,0.0,-54433.66998189995,10405000.952268576,-0.005204265043743624,-0.011249295758980149,-118380.63182406314
2021-05-13,0.3150096642471062,-7938.243539027076,0.0,0.0,0.0,0.0,-7938.243539027076,10397062.70872955,-0.0007629257868829239,-0.012003639168044145,-126318.87536308914
2021-05-14,0.3150096642471062,12978.398166980774,0.0,0.0,0.0,0.0,12978.398166980774,10410041.10689653,0.0012482754534205022,-0.010770347562748861,-113340.47719610855
2021-05-17,0.3150096642471062,-32067.98382035541,0.0,0.0,0.0,0.0,-32067.98382035541,10377973.123076174,-0.003080485801262662,-0.013817655461269895,-145408.46101646498
2021-05-18,0.3150096642471062,55693.708638888376,31.50096642471062,40.60978587607994,252.00773139768495,324.1184836984755,55369.5901551899,10433342.713231366,0.0053352990510325765,-0.008556077734307221,-90038.87086127326
2021-05-19,0.3150096642471062,-3717.114038115853,0.0,0.0,0.0,0.0,-3717.114038115853,10429625.599193249,-0.0003562725907011451,-0.008909302029027844,-93755.98489939049
2021-05-20,0.3150096642471062,-2646.081179675692,0.0,0.0,0.0,0.0,-2646.081179675692,10426979.518013574,-0.0002537081656967985,-0.009160749832049064,-96402.0660790652
2021-05-21,0.3150096642471062,17388.53346644026,0.0,0.0,0.0,0.0,17388.53346644026,10444368.051480014,0.0016676481848266755,-0.007508378555051598,-79013.53261262551
2021-05-24,0.3150096642471062,2331.071515428586,0.0,0.0,0.0,0.0,2331.071515428586,10446699.122995442,0.00022318933074158206,-0.007286865014294652,-76682.4610971976
2021-05-25,0.3150096642471062,18333.56245918158,0.0,0.0,0.0,0.0,18333.56245918158,10465032.685454624,0.0017549622367150832,-0.0055446909505036945,-58348.89863801561
2021-05-26,0.3150096642471062,1953.0599183320585,0.0,0.0,0.0,0.0,1953.0599183320585,10466985.745372957,0.000186627216276794,-0.005359098524464034,-56395.83871968277
2021-05-27,0.3150096642471062,-5166.158493652541,0.0,0.0,0.0,0.0,-5166.158493652541,10461819.586879304,-0.0004935669751854107,-0.00585002042560101,-61561.99721333571
2021-05-28,0.3150096642471062,20727.635907459586,0.0,0.0,0.0,0.0,20727.635907459586,10482547.222786764,0.0019812648971174345,-0.0038803459686002073,-40834.361305875704
2021-05-31,0.3150096642471062,9450.289927413185,0.0,0.0,0.0,0.0,9450.289927413185,10491997.512714177,0.0009015261011054949,-0.0029823181006667365,-31384.071378462017
2021-06-01,0.3150096642471062,7371.226143382285,0.0,0.0,0.0,0.0,7371.226143382285,10499368.738857558,0.0007025569854024318,-0.002281856363678725,-24012.84523508139
2021-06-02,0.3150096642471062,-2016.0618511814796,0.0,0.0,0.0,0.0,-2016.0618511814796,10497352.677006377,-0.00019201743469777864,-0.0024734356421711734,-26028.90708626248
2021-06-03,0.3150096642471062,8316.255136123604,0.0,0.0,0.0,0.0,8316.255136123604,10505668.932142502,0.0007922240389560031,-0.0016831711183895592,-17712.65195013769
2021-06-04,0.3150096642471062,-8190.251270424761,0.0,0.0,0.0,0.0,-8190.251270424761,10497478.680872075,-0.0007796030241697766,-0.0024614619372654856,-25902.903220564127
2021-06-07,0.3150096642471062,-630.0193284942123,0.0,0.0,0.0,0.0,-630.0193284942123,10496848.661543582,-6.0016252249428115e-05,-0.002521330461794258,-26532.922549057752
2021-06-08,0.3150096642471062,0.0,0.0,0.0,0.0,0.0,0.0,10496848.661543582,0.0,-0.002521330461794258,-26532.922549057752
2021-06-09,0.3150096642471062,-8001.2454718764975,0.0,0.0,0.0,0.0,-8001.2454718764975,10488847.416071706,-0.0007622521510851143,-0.003281660723311264,-34534.16802093387
2021-06-10,0.3150096642471062,12348.378838486562,0.0,0.0,0.0,0.0,12348.378838486562,10501195.794910192,0.0011772865357508738,-0.0021082376425447524,-22185.789182446897
2021-06-11,0.3150096642471062,3780.1159709652743,0.0,0.0,0.0,0.0,3780.1159709652743,10504975.910881158,0.0003599700495821107,-0.001749026495371342,-18405.673211481422
2021-06-15,0.3150096642471062,11277.345980046402,31.50096642471062,43.685540237788686,252.00773139768495,327.19423806018426,10950.151741986218,10515926.062623143,0.0010423776156063282,-0.0007084720258330179,-7455.521469496191
2021-06-16,0.3150096642471062,-1890.0579854826372,0.0,0.0,0.0,0.0,-1890.0579854826372,10514036.00463766,-0.0001797329093250749,-0.0008880775994197787,-9345.579454978928
2021-06-17,0.3150096642471062,3465.106306718168,0.0,0.0,0.0,0.0,3465.106306718168,10517501.11094438,0.00032956956825996566,-0.0005588007145107543,-5880.473148260266
2021-06-18,0.3150096642471062,-2835.0869782239556,0.0,0.0,0.0,0.0,-2835.0869782239556,10514666.023966156,-0.0002695589901363357,-0.0008282090748906734,-8715.56012648344
2021-06-21,0.3150096642471062,-18270.56052633216,0.0,0.0,0.0,0.0,-18270.56052633216,10496395.463439822,-0.0017376263292327057,-0.0025643962862289538,-26986.12065281719
2021-06-22,0.3150096642471062,4158.127568061802,0.0,0.0,0.0,0.0,4158.127568061802,10500553.591007885,0.0003961481427167115,-0.0021692640243381467,-22827.993084754795
2021-06-23,0.3150096642471062,15372.471615258783,0.0,0.0,0.0,0.0,15372.471615258783,10515926.062623143,0.0014639677310368617,-0.0007084720258330179,-7455.521469496191
2021-06-24,0.3150096642471062,4032.123702362959,0.0,0.0,0.0,0.0,4032.123702362959,10519958.186325507,0.00038343020656015974,-0.0003253134688480097,-3423.397767132148
2021-06-25,0.3150096642471062,5229.160426501963,0.0,0.0,0.0,0.0,5229.160426501963,10525187.346752008,0.0004970704573045879,0.0,0.0
2021-06-28,0.3150096642471062,7308.224210532863,0.0,0.0,0.0,0.0,7308.224210532863,10532495.57096254,0.0006943557363649327,0.0,0.0
2021-06-29,0.3150096642471062,-378.01159709652745,0.0,0.0,0.0,0.0,-378.01159709652745,10532117.559365444,-3.5890031431741856e-05,-3.5890031431784486e-05,-378.01159709692
2021-06-30,0.3150096642471062,11718.35950999235,0.0,0.0,0.0,0.0,11718.35950999235,10543835.918875437,0.0011126309067422122,0.0,0.0
2021-07-01,0.3150096642471062,-4347.133366610065,0.0,0.0,0.0,0.0,-4347.133366610065,10539488.785508826,-0.00041229144687540936,-0.00041229144687549013,-4347.133366610855
2021-07-02,0.3150096642471062,441.0135299459487,0.0,0.0,0.0,0.0,441.0135299459487,10539929.799038773,4.184392041408272e-05,-0.0003704647783517867,-3906.1198366638273
2021-07-05,0.3150096642471062,15435.473548108203,0.0,0.0,0.0,0.0,15435.473548108203,10555365.272586882,0.0014644759350784192,0.0,0.0
2021-07-06,0.3150096642471062,-1260.0386569884247,0.0,0.0,0.0,0.0,-1260.0386569884247,10554105.233929893,-0.00011937423523000617,-0.00011937423523011859,-1260.0386569891125
2021-07-07,0.3150096642471062,-3024.0927767722196,0.0,0.0,0.0,0.0,-3024.0927767722196,10551081.141153121,-0.00028653236913444896,-0.0004058723997820701,-4284.131433760747
2021-07-08,0.3150096642471062,-315.0096642471062,0.0,0.0,0.0,0.0,-315.0096642471062,10550766.131488873,-2.9855676402530155e-05,-0.0004357159585897108,-4599.141098009422
2021-07-09,0.3150096642471062,-10521.322785853346,0.0,0.0,0.0,0.0,-10521.322785853346,10540244.80870302,-0.0009972093642045905,-0.0014324908227602018,-15120.4638838619
2021-07-12,0.3150096642471062,10458.320853003926,0.0,0.0,0.0,0.0,10458.320853003926,10550703.129556024,0.000992227509210085,-0.0004416846703511057,-4662.143030857667
2021-07-13,0.3150096642471062,2835.0869782239556,0.0,0.0,0.0,0.0,2835.0869782239556,10553538.216534248,0.0002687107146709431,-0.00017309264108367195,-1827.0560526344925
2021-07-14,0.3150096642471062,315.0096642471062,0.0,0.0,0.0,0.0,315.0096642471062,10553853.226198494,2.9848725402214394e-05,-0.0001432490822761423,-1512.04638838768
2021-07-15,0.3150096642471062,9324.286061714343,0.0,0.0,0.0,0.0,9324.286061714343,10563177.51226021,0.0008834959006790128,0.0,0.0
2021-07-16,0.3150096642471062,-6111.18748639386,0.0,0.0,0.0,0.0,-6111.18748639386,10557066.324773816,-0.000578536854019624,-0.0005785368540195401,-6111.187486393377
2021-07-19,0.3150096642471062,-8253.253203274182,0.0,0.0,0.0,0.0,-8253.253203274182,10548813.071570542,-0.0007817752535954638,-0.001359859821819298,-14364.44068966806
2021-07-20,0.3150096642471062,-14868.456152463412,31.50096642471062,43.97408909023904,252.00773139768495,327.4827869126346,-15195.938939376047,10533617.132631166,-0.0014405354267135217,-0.002798436322284159,-29560.379629043862
2021-07-21,0.3150096642471062,-3906.119836664117,0.0,0.0,0.0,0.0,-3906.119836664117,10529711.012794502,-0.00037082417060362786,-0.0031682227650595696,-33466.49946570769
2021-07-22,0.3150096642471062,8064.247404725918,0.0,0.0,0.0,0.0,8064.247404725918,10537775.260199226,0.000765856479339952,-0.002404792689652324,-25402.25206098333
2021-07-23,0.3150096642471062,0.0,0.0,0.0,0.0,0.0,0.0,10537775.260199226,0.0,-0.002404792689652324,-25402.25206098333
2021-07-26,0.3150096642471062,-12915.396234131355,0.0,0.0,0.0,0.0,-12915.396234131355,10524859.863965096,-0.0012256283622703846,-0.003627473669796877,-38317.64829511382
2021-07-27,0.3150096642471062,-1827.0560526332158,0.0,0.0,0.0,0.0,-1827.0560526332158,10523032.807912463,-0.00017359433534014747,-0.0038004382962562033,-40144.70434774645
2021-07-28,0.3150096642471062,-13104.402032679618,0.0,0.0,0.0,0.0,-13104.402032679618,10509928.405879783,-0.0012453065833669334,-0.0050410121687932685,-53249.106380427256
2021-07-29,0.3150096642471062,23058.707422888172,0.0,0.0,0.0,0.0,23058.707422888172,10532987.11330267,0.0021939928163533418,-0.0028580792969254976,-30190.39895753935
2021-07-30,0.3150096642471062,-9954.305390208556,0.0,0.0,0.0,0.0,-9954.305390208556,10523032.807912463,-0.0009450600559110846,-0.0038004382962562033,-40144.70434774645
2021-08-02,0.3150096642471062,18711.574056278107,0.0,0.0,0.0,0.0,18711.574056278107,10541744.38196874,0.001778154111826823,-0.00202904194941278,-21433.130291469395
2021-08-03,0.3150096642471062,882.0270598918974,0.0,0.0,0.0,0.0,882.0270598918974,10542626.409028633,8.36699343042857e-05,-0.001945541784915017,-20551.103231577203
2021-08-04,0.3150096642471062,5481.168157899648,0.0,0.0,0.0,0.0,5481.168157899648,10548107.577186532,0.0005199053770136076,-0.0014266479055365933,-15069.93507367745
2021-08-05,0.3150096642471062,-1827.0560526332158,0.0,0.0,0.0,0.0,-1827.0560526332158,10546280.5211339,-0.00017321173862359693,-0.0015996125319960308,-16896.99112631008
2021-08-06,0.3150096642471062,-6615.20294918923,0.0,0.0,0.0,0.0,-6615.20294918923,10539665.31818471,-0.000627254598048373,-0.0022258637657287528,-23512.194075500593
2021-08-09,0.3150096642471062,-2079.063784030901,0.0,0.0,0.0,0.0,-2079.063784030901,10537586.254400678,-0.00019726089218827177,-0.0024226855820447257,-25591.25785953179
2021-08-10,0.3150096642471062,-6615.20294918923,0.0,0.0,0.0,0.0,-6615.20294918923,10530971.05145149,-0.0006277721282164221,-0.0030489368157772256,-32206.46080872044
2021-08-11,0.3150096642471062,-8064.247404725918,0.0,0.0,0.0,0.0,-8064.247404725918,10522906.804046763,-0.0007657648440325376,-0.003812366891184582,-40270.70821344666
2021-08-12,0.3150096642471062,-882.0270598918974,0.0,0.0,0.0,0.0,-882.0270598918974,10522024.77698687,-8.381971600781438e-05,-0.003895867055682345,-41152.735273338854
2021-08-13,0.3150096642471062,-14049.431025420936,0.0,0.0,0.0,0.0,-14049.431025420936,10507975.345961452,-0.001335240253011853,-0.005225905390180863,-55202.16629875824
2021-08-16,0.3150096642471062,-10206.313121606241,0.0,0.0,0.0,0.0,-10206.313121606241,10497769.032839844,-0.0009712920696496354,-0.006192121579368437,-65408.479420365766
2021-08-17,0.3150096642471062,-12096.371107088878,31.50096642471062,41.64301757481046,252.00773139768495,325.151715397206,-12421.522822486086,10485347.510017358,-0.0011832535830830554,-0.007368048312405784,-77830.002242852
2021-08-18,0.3150096642471062,14679.450353915148,0.0,0.0,0.0,0.0,14679.450353915148,10500026.960371275,0.0013999965513675995,-0.0059783670032657055,-63150.55188893527
2021-08-19,0.3150096642471062,-23499.720952834123,0.0,0.0,0.0,0.0,-23499.720952834123,10476527.23941844,-0.0022380629156025698,-0.008203049957382524,-86650.2728417702
2021-08-20,0.3150096642471062,-8568.262867521289,0.0,0.0,0.0,0.0,-8568.262867521289,10467958.976550918,-0.0008178533469834151,-0.00901419441250284,-95218.5357092917
2021-08-23,0.3150096642471062,30933.94902906583,0.0,0.0,0.0,0.0,30933.94902906583,10498892.925579984,0.0029551079726583183,-0.006085724357620004,-64284.58668022603
2021-08-24,0.3150096642471062,6300.193284942124,0.0,0.0,0.0,0.0,6300.193284942124,10505193.118864926,0.0006000816780969395,-0.005489294611208062,-57984.39339528419
2021-08-25,0.3150096642471062,11277.345980046402,0.0,0.0,0.0,0.0,11277.345980046402,10516470.464844972,0.0010735020149029784,-0.0044216853651306565,-46707.047415237874
2021-08-26,0.3150096642471062,2016.0618511814796,0.0,0.0,0.0,0.0,2016.0618511814796,10518486.526696155,0.00019170517883551144,-0.004230827846278595,-44690.98556405492
2021-08-27,0.3150096642471062,11025.338248648717,0.0,0.0,0.0,0.0,11025.338248648717,10529511.864944803,0.0010481867539275885,-0.003187075790057725,-33665.64731540717
2021-08-30,0.3150096642471062,10647.32665155219,0.0,0.0,0.0,0.0,10647.32665155219,10540159.191596355,0.0010111890074410402,-0.002179109518621436,-23018.32066385448
2021-08-31,0.3150096642471062,7434.228076231706,0.0,0.0,0.0,0.0,7434.228076231706,10547593.419672586,0.0007053240791807964,-0.001475322417855418,-15584.092587623745
2021-09-01,0.3150096642471062,1197.0367241390036,0.0,0.0,0.0,0.0,1197.0367241390036,10548790.456396725,0.0001134890848092779,-0.001362000766037097,-14387.05586348474
2021-09-02,0.3150096642471062,-9828.301524509714,0.0,0.0,0.0,0.0,-9828.301524509714,10538962.154872216,-0.0009316993796715233,-0.002292431170439757,-24215.357387993485
2021-09-03,0.3150096642471062,11907.365308540615,0.0,0.0,0.0,0.0,11907.365308540615,10550869.520180756,0.0011298423064396127,-0.001165178949721124,-12307.992079453543
2021-09-06,0.3150096642471062,-819.0251270424761,0.0,0.0,0.0,0.0,-819.0251270424761,10550050.495053714,-7.762631558241891e-05,-0.001242714816754642,-13127.017206495628
2021-09-07,0.3150096642471062,-4662.143030857172,0.0,0.0,0.0,0.0,-4662.143030857172,10545388.352022856,-0.000441907176941283,-0.0016840728290995477,-17789.160237353295
2021-09-08,0.3150096642471062,-10080.309255907398,0.0,0.0,0.0,0.0,-10080.309255907398,10535308.04276695,-0.0009558973950896511,-0.002638360423358743,-27869.469493260607
2021-09-09,0.3150096642471062,-1701.0521869343734,0.0,0.0,0.0,0.0,-1701.0521869343734,10533606.990580015,-0.00016146202655196556,-0.002799396454890024,-29570.521680194885
2021-09-10,0.3150096642471062,14994.460018162255,0.0,0.0,0.0,0.0,14994.460018162255,10548601.450598178,0.0014234877028895694,-0.0013798936584293875,-14576.061662031338
2021-09-13,0.3150096642471062,-1953.0599183320585,0.0,0.0,0.0,0.0,-1953.0599183320585,10546648.390679846,-0.00018514870691425228,-0.0015647868798170927,-16529.121580364183
2021-09-14,0.3150096642471062,1197.0367241390036,31.50096642471062,43.92746765993048,252.00773139768495,327.4361654823261,869.6005586566775,10547517.991238503,8.245278750594835e-05,-0.0014824631133512067,-15659.521021706983
2021-09-15,0.3150096642471062,-4914.150762254857,0.0,0.0,0.0,0.0,-4914.150762254857,10542603.840476248,-0.00046590589049830397,-0.0019476783155525368,-20573.671783961356
2021-09-16,0.3150096642471062,-4725.1449637065925,0.0,0.0,0.0,0.0,-4725.1449637065925,10537878.69551254,-0.0004481952499785044,-0.0023950006253616873,-25298.81674766913
2021-09-17,0.3150096642471062,3150.096642471062,0.0,0.0,0.0,0.0,3150.096642471062,10541028.792155012,0.00029893081268932256,-0.00209678575215555,-22148.72010519728
2021-09-22,0.3150096642471062,-25074.76927406965,0.0,0.0,0.0,0.0,-25074.76927406965,10515954.022880942,-0.002378778178912777,-0.004470576142875382,-47223.48937926814
2021-09-23,0.3150096642471062,11340.347912895822,0.0,0.0,0.0,0.0,11340.347912895822,10527294.370793838,0.0010783945886622497,-0.0033970025993337316,-35883.141466371715
2021-09-24,0.3150096642471062,10710.32858440161,0.0,0.0,0.0,0.0,10710.32858440161,10538004.699378239,0.0010173866339403949,-0.0023830720304334196,-25172.812881970778
2021-09-27,0.3150096642471062,2646.081179675692,0.0,0.0,0.0,0.0,2646.081179675692,10540650.780557916,0.0002510988802113379,-0.002132571536940353,-22526.7317022942
2021-09-28,0.3150096642471062,-7686.235807629391,0.0,0.0,0.0,0.0,-7686.235807629391,10532964.544750286,-0.000729199360423414,-0.0028602158275629064,-30212.967509923503
2021-09-29,0.3150096642471062,-21861.67069874917,0.0,0.0,0.0,0.0,-21861.67069874917,10511102.874051537,-0.00207554773453075,-0.004929827047612467,-52074.638208672404
2021-09-30,0.3150096642471062,5922.181687845597,0.0,0.0,0.0,0.0,5922.181687845597,10517025.055739382,0.0005634215323365847,-0.004369183085985329,-46152.45652082749
2021-10-01,0.3150096642471062,-25200.773139768495,0.0,0.0,0.0,0.0,-25200.773139768495,10491824.282599613,-0.002396188371350875,-0.0067549020716333175,-71353.2296605967
2021-10-04,0.3150096642471062,-10017.307323057978,0.0,0.0,0.0,0.0,-10017.307323057978,10481806.975276556,-0.0009547726928358295,-0.007703225368428268,-81370.5369836539
2021-10-05,0.3150096642471062,2520.0773139768494,0.0,0.0,0.0,0.0,2520.0773139768494,10484327.052590532,0.00024042393834583647,-0.00746465346986358,-78850.45966967754
2021-10-06,0.3150096642471062,-2457.0753811274285,0.0,0.0,0.0,0.0,-2457.0753811274285,10481869.977209406,-0.00023435699485550857,-0.007697261070964134,-81307.5350508038
2021-10-07,0.3150096642471062,21861.67069874917,0.0,0.0,0.0,0.0,21861.67069874917,10503731.647908155,0.0020856651290545214,-0.005627649850914573,-59445.864352054894
2021-10-08,0.3150096642471062,-4977.152695104278,0.0,0.0,0.0,0.0,-4977.152695104278,10498754.49521305,-0.0004738461398236017,-0.006098829350580037,-64423.017047159374
2021-10-12,0.3150096642471062,-13167.403965529038,0.0,0.0,0.0,0.0,-13167.403965529038,10485587.091247521,-0.0012541872439757278,-0.007345367520581014,-77590.42101268843
2021-10-13,0.3150096642471062,-6300.193284942124,0.0,0.0,0.0,0.0,-6300.193284942124,10479286.89796258,-0.0006008431602462194,-0.007941797266993067,-83890.61429763027
2021-10-14,0.3150096642471062,5481.168157899648,0.0,0.0,0.0,0.0,5481.168157899648,10484768.06612048,0.0005230478191188101,-0.007422903387614532,-78409.44613973051
2021-10-15,0.3150096642471062,23751.728684231806,0.0,0.0,0.0,0.0,23751.728684231806,10508519.79480471,0.0022653556601772594,-0.0051743632436414,-54657.717455498874
2021-10-18,0.3150096642471062,-3591.1101724170107,0.0,0.0,0.0,0.0,-3591.1101724170107,10504928.684632294,-0.00034173320720130477,-0.005514328199096252,-58248.82762791589
2021-10-19,0.3150096642471062,11151.342114347559,31.50096642471062,42.55654560112706,252.00773139768495,326.06524342352265,10825.276870924037,10515753.961503217,0.0010304950367497861,-0.004489515650186737,-47423.55075699277
2021-10-20,0.3150096642471062,1071.0328584401611,0.0,0.0,0.0,0.0,1071.0328584401611,10516824.994361658,0.0001018503154753402,-0.004388122593296684,-46352.51789855212
2021-10-21,0.3150096642471062,-4788.146896556014,0.0,0.0,0.0,0.0,-4788.146896556014,10512036.847465102,-0.00045528445126005843,-0.004841409200569746,-51140.66479510814
2021-10-22,0.3150096642471062,2583.0792468262707,0.0,0.0,0.0,0.0,2583.0792468262707,10514619.926711928,0.00024572585544628875,-0.0045968730045408135,-48557.58554828167
2021-10-25,0.3150096642471062,2142.0657168803223,0.0,0.0,0.0,0.0,2142.0657168803223,10516761.992428808,0.00020372260070366393,-0.004394086890760818,-46415.51983140223
2021-10-26,0.3150096642471062,10080.309255907398,0.0,0.0,0.0,0.0,10080.309255907398,10526842.301684715,0.000958499323571683,-0.003439799296501622,-36335.210575494915
2021-10-27,0.3150096642471062,1449.0444555366885,0.0,0.0,0.0,0.0,1449.0444555366885,10528291.346140252,0.00013765233809048165,-0.0033026204548268767,-34886.16611995734
2021-10-28,0.3150096642471062,-2079.063784030901,0.0,0.0,0.0,0.0,-2079.063784030901,10526212.282356221,-0.000197473997980983,-0.0034994422711428497,-36965.22990398854
2021-10-29,0.3150096642471062,-5859.179754996175,0.0,0.0,0.0,0.0,-5859.179754996175,10520353.102601225,-0.000556627550141392,-0.004054121935305965,-42824.40965898521
2021-11-01,0.3150096642471062,8442.259001822445,0.0,0.0,0.0,0.0,8442.259001822445,10528795.361603048,0.0008024691680486506,-0.003254906075113917,-34382.15065716207
2021-11-02,0.3150096642471062,-2016.0618511814796,0.0,0.0,0.0,0.0,-2016.0618511814796,10526779.299751867,-0.00019148077077590068,-0.003445763593965645,-36398.21250834316
2021-11-03,0.3150096642471062,2835.0869782239556,0.0,0.0,0.0,0.0,2835.0869782239556,10529614.38673009,0.0002693214037735913,-0.003177370208080399,-33563.125530119985
2021-11-04,0.3150096642471062,-1071.0328584401611,0.0,0.0,0.0,0.0,-1071.0328584401611,10528543.353871651,-0.00010171624706313335,-0.0032787632649702303,-34634.158388558775
2021-11-05,0.3150096642471062,12096.371107088878,0.0,0.0,0.0,0.0,12096.371107088878,10540639.72497874,0.0011489121239777857,-0.0021336181518593067,-22537.787281470373
2021-11-08,0.3150096642471062,9891.303457359134,0.0,0.0,0.0,0.0,9891.303457359134,10550531.028436098,0.0009383968824889406,-0.0011972234499925127,-12646.483824111521
2021-11-09,0.3150096642471062,8253.253203274182,0.0,0.0,0.0,0.0,8253.253203274182,10558784.281639373,0.0007822595072257286,-0.00041590048219275477,-4393.230620836839
2021-11-10,0.3150096642471062,0.0,0.0,0.0,0.0,0.0,0.0,10558784.281639373,0.0,-0.00041590048219275477,-4393.230620836839
2021-11-11,0.3150096642471062,-5355.164292200805,0.0,0.0,0.0,0.0,-5355.164292200805,10553429.117347172,-0.000507176219284343,-0.0009228657666430218,-9748.394913038239
2021-11-12,0.3150096642471062,4851.148829405435,0.0,0.0,0.0,0.0,4851.148829405435,10558280.266176578,0.0004596751231721803,-0.00046361486190571455,-4897.246083632112
2021-11-15,0.3150096642471062,7371.226143382285,0.0,0.0,0.0,0.0,7371.226143382285,10565651.49231996,0.000698146474383332,0.0,0.0
2021-11-16,0.3150096642471062,2331.071515428586,31.50096642471062,44.581427722907456,252.00773139768495,328.090125545303,2002.9813898832826,10567654.473709842,0.00018957481148599542,0.0,0.0
2021-11-17,0.3150096642471062,5292.162359351384,0.0,0.0,0.0,0.0,5292.162359351384,10572946.636069193,0.0005007887391206061,0.0,0.0
2021-11-18,0.3150096642471062,6048.185553544439,0.0,0.0,0.0,0.0,6048.185553544439,10578994.821622739,0.0005720435146160004,0.0,0.0
2021-11-19,0.3150096642471062,-567.0173956447911,0.0,0.0,0.0,0.0,-567.0173956447911,10578427.804227093,-5.359841886734329e-05,-5.3598418867428776e-05,-567.01739564538
2021-11-22,0.3150096642471062,-945.0289927413186,0.0,0.0,0.0,0.0,-945.0289927413186,10577482.775234353,-8.933548635305609e-05,-0.00014292911697955102,-1512.0463883858174
2021-11-23,0.3150096642471062,-11151.342114347559,0.0,0.0,0.0,0.0,-11151.342114347559,10566331.433120005,-0.001054252921163513,-0.001197031354704059,-12663.388502733782
2021-11-24,0.3150096642471062,1260.0386569884247,0.0,0.0,0.0,0.0,1260.0386569884247,10567591.471776992,0.00011925034388367307,-0.0010779237572211553,-11403.349845746532
2021-11-25,0.3150096642471062,-189.00579854826373,0.0,0.0,0.0,0.0,-189.00579854826373,10567402.465978445,-1.788541874021569e-05,-0.0010957898968434465,-11592.35564429313
2021-11-26,0.3150096642471062,-21042.645571706693,0.0,0.0,0.0,0.0,-21042.645571706693,10546359.820406739,-0.0019912789012676573,-0.0030848867748093367,-32635.001215999946
2021-11-29,0.3150096642471062,-2142.0657168803223,0.0,0.0,0.0,0.0,-2142.0657168803223,10544217.754689857,-0.00020310948548669087,-0.0032873696905304506,-34777.06693288125
2021-11-30,0.3150096642471062,1197.0367241390036,0.0,0.0,0.0,0.0,1197.0367241390036,10545414.791413996,0.00011352541762584385,-0.00317421747292157,-33580.030208742246
2021-12-01,0.3150096642471062,16317.5006080001,0.0,0.0,0.0,0.0,16317.5006080001,10561732.292021997,0.0015473550287738037,-0.001631774085516846,-17262.52960074134
2021-12-02,0.3150096642471062,7497.230009081128,0.0,0.0,0.0,0.0,7497.230009081128,10569229.522031078,0.0007098485174391611,-0.0009230838804931141,-9765.2995916605
2021-12-03,0.3150096642471062,63.00193284942124,0.0,0.0,0.0,0.0,63.00193284942124,10569292.523963928,5.96088226848481e-06,-0.00091712850061898,-9702.297658810392
2021-12-06,0.3150096642471062,-819.0251270424761,0.0,0.0,0.0,0.0,-819.0251270424761,10568473.498836884,-7.74910075755295e-05,-0.0009945484389830561,-10521.32278585434
2021-12-07,0.3150096642471062,6426.197150640966,0.0,0.0,0.0,0.0,6426.197150640966,10574899.695987526,0.0006080534858083529,-0.0003870996918197145,-4095.1256352122873
2021-12-08,0.3150096642471062,3528.1082395675894,0.0,0.0,0.0,0.0,3528.1082395675894,10578427.804227093,0.00033363042118558084,-5.3598418867428776e-05,-567.01739564538
2021-12-09,0.3150096642471062,3780.1159709652743,0.0,0.0,0.0,0.0,3780.1159709652743,10582207.920198059,0.00035734194541222437,0.0,0.0
2021-12-10,0.3150096642471062,-5859.179754996175,0.0,0.0,0.0,0.0,-5859.179754996175,10576348.740443062,-0.0005536821615282072,-0.0005536821615282905,-5859.179754996672
2021-12-13,0.3150096642471062,-4158.127568061802,0.0,0.0,0.0,0.0,-4158.127568061802,10572190.612875002,-0.0003931534095657676,-0.0009466178890642496,-10017.307323057204
2021-12-14,0.3150096642471062,-9261.284128864922,31.50096642471062,44.28783871582916,252.00773139768495,327.79653653822476,-9589.080665403148,10562601.532209598,-0.0009070098162745377,-0.0018527691136212,-19606.38798846118
2021-12-15,0.3150096642471062,3402.1043738687467,0.0,0.0,0.0,0.0,3402.1043738687467,10566003.636583466,0.0003220896256944248,-0.001531276245637203,-16204.283614592627
2021-12-16,0.3150096642471062,13041.400099830196,0.0,0.0,0.0,0.0,13041.400099830196,10579045.036683297,0.0012342793499214764,-0.0002988869183646603,-3162.8835147619247
2021-12-17,0.3150096642471062,-1134.0347912895822,0.0,0.0,0.0,0.0,-1134.0347912895822,10577911.001892008,-0.00010719632890844755,-0.00040605120769265923,-4296.918306050822
2021-12-20,0.3150096642471062,-12978.398166980774,0.0,0.0,0.0,0.0,-12978.398166980774,10564932.603725025,-0.001226933953656767,-0.0016324869633359551,-17275.31647303328
2021-12-21,0.3150096642471062,13608.417495474987,0.0,0.0,0.0,0.0,13608.417495474987,10578541.021220502,0.001288074236335107,-0.0003465154913993018,-3666.898977557197
2021-12-22,0.3150096642471062,2331.071515428586,0.0,0.0,0.0,0.0,2331.071515428586,10580872.09273593,0.0002203585079220724,-0.00012623334111394602,-1335.8274621292949
2021-12-23,0.3150096642471062,7623.2338747799695,0.0,0.0,0.0,0.0,7623.2338747799695,10588495.32661071,0.0007204731148780768,0.0,0.0
2021-12-24,0.3150096642471062,252.00773139768495,0.0,0.0,0.0,0.0,252.00773139768495,10588747.334342107,2.380014568872181e-05,0.0,0.0
2021-12-27,0.3150096642471062,6930.212613436336,0.0,0.0,0.0,0.0,6930.212613436336,10595677.546955545,0.0006544884295198758,0.0,0.0
2021-12-28,0.3150096642471062,8757.268666069553,0.0,0.0,0.0,0.0,8757.268666069553,10604434.815621613,0.0008264944480672478,0.0,0.0
2021-12-29,0.3150096642471062,4347.133366610065,0.0,0.0,0.0,0.0,4347.133366610065,10608781.948988223,0.00040993541307889536,0.0,0.0
2021-12-30,0.3150096642471062,-4032.123702362959,0.0,0.0,0.0,0.0,-4032.123702362959,10604749.825285861,-0.00038007414251242194,-0.0003800741425123988,-4032.1237023621798
2022-01-03,0.3150096642471062,3843.1179038146956,0.0,0.0,0.0,0.0,3843.1179038146956,10608592.943189675,0.00036239590439476497,-1.7815975430268693e-05,-189.00579854846
2022-01-04,0.3150096642471062,15309.46968240936,0.0,0.0,0.0,0.0,15309.46968240936,10623902.412872083,0.0014431197204373342,0.0,0.0
2022-01-05,0.3150096642471062,-2268.0695825791645,0.0,0.0,0.0,0.0,-2268.0695825791645,10621634.343289506,-0.00021348742622401506,-0.0002134874262238462,-2268.069582577795
2022-01-06,0.3150096642471062,-9135.28026316608,0.0,0.0,0.0,0.0,-9135.28026316608,10612499.063026339,-0.0008600635239281732,-0.0010733673374040409,-11403.34984574467
2022-01-07,0.3150096642471062,-12096.371107088878,0.0,0.0,0.0,0.0,-12096.371107088878,10600402.69191925,-0.0011398230553661304,-0.002211966943932109,-23499.72095283307
2022-01-10,0.3150096642471062,7245.222277683442,0.0,0.0,0.0,0.0,7245.222277683442,10607647.914196935,0.0006834855701478697,-0.001529993221271897,-16254.498675148934
2022-01-11,0.3150096642471062,1386.0425226872671,0.0,0.0,0.0,0.0,1386.0425226872671,10609033.95671962,0.00013066445397685498,-0.001399528683024065,-14868.456152463332
2022-01-12,0.3150096642471062,5985.183620695017,0.0,0.0,0.0,0.0,5985.183620695017,10615019.140340315,0.0005641591538977102,-0.0008361590860440637,-8883.272531768307
2022-01-13,0.3150096642471062,3150.096642471062,0.0,0.0,0.0,0.0,3150.096642471062,10618169.236982787,0.0002967584514755826,-0.0005396487718439813,-5733.175889296457
2022-01-14,0.3150096642471062,-4284.1314337606445,0.0,0.0,0.0,0.0,-4284.1314337606445,10613885.105549026,-0.0004034717603519762,-0.0009429027991559868,-10017.307323057204
2022-01-17,0.3150096642471062,9576.293793112029,0.0,0.0,0.0,0.0,9576.293793112029,10623461.399342138,0.0009022420817524644,-4.151144398789608e-05,-441.0135299451649
2022-01-18,0.3150096642471062,-10080.309255907398,31.50096642471062,46.196797281166624,252.00773139768495,329.7054951035622,-10410.01475101096,10613051.384591127,-0.0009799079941736884,-0.001021378760765801,-10851.02828095667
2022-01-19,0.3150096642471062,-10773.330517251032,0.0,0.0,0.0,0.0,-10773.330517251032,10602278.054073876,-0.0010151020782668226,-0.0020354440353299585,-21624.358798207715
2022-01-20,0.3150096642471062,5229.160426501963,0.0,0.0,0.0,0.0,5229.160426501963,10607507.214500379,0.0004932110250110525,-0.001543236913757795,-16395.198371704668
2022-01-21,0.3150096642471062,-20853.63977315843,0.0,0.0,0.0,0.0,-20853.63977315843,10586653.57472722,-0.00196593217911289,-0.0035061351937619722,-37248.838144863024
2022-01-24,0.3150096642471062,3906.119836664117,0.0,0.0,0.0,0.0,3906.119836664117,10590559.694563884,0.00036896643581395017,-0.003138462404153941,-33342.7183081992
2022-01-25,0.3150096642471062,-17577.539264988525,0.0,0.0,0.0,0.0,-17577.539264988525,10572982.155298896,-0.0016597365740746493,-0.00479298995738997,-50920.25757318735
2022-01-26,0.3150096642471062,-3339.102441019326,0.0,0.0,0.0,0.0,-3339.102441019326,10569643.052857876,-0.0003158146293991291,-0.005107290890442151,-54259.36001420766
2022-02-07,0.3150096642471062,17262.529600741418,0.0,0.0,0.0,0.0,17262.529600741418,10586905.582458617,0.0016332178404145714,-0.0034824143686260634,-36996.83041346632
2022-02-08,0.3150096642471062,2709.0831125251134,0.0,0.0,0.0,0.0,2709.0831125251134,10589614.665571142,0.00025588998517317256,-0.003227415498413988,-34287.7473009415
2022-02-09,0.3150096642471062,14175.43489111978,0.0,0.0,0.0,0.0,14175.43489111978,10603790.100462262,0.0013386166861393762,-0.00189311908451395,-20112.312409821898
2022-02-10,0.3150096642471062,10710.32858440161,0.0,0.0,0.0,0.0,10710.32858440161,10614500.429046664,0.0010100472079256552,-0.0008849840162337141,-9401.983825419098
2022-02-11,0.3150096642471062,-3906.119836664117,0.0,0.0,0.0,0.0,-3906.119836664117,10610594.30921,-0.0003679984623652178,-0.0012526568058417453,-13308.103662082925
2022-02-14,0.3150096642471062,-18774.57598912753,0.0,0.0,0.0,0.0,-18774.57598912753,10591819.733220873,-0.0017694179460646412,-0.0030198582784738415,-32082.679651210085
2022-02-15,0.3150096642471062,-1512.0463883861098,31.50096642471062,45.20388681945974,252.00773139768495,328.7125846418553,-1840.758973027965,10589978.974247845,-0.00017379062516089552,-0.0031931240805767036,-33923.438624238595
2022-02-16,0.3150096642471062,18333.56245918158,0.0,0.0,0.0,0.0,18333.56245918158,10608312.536707027,0.0017312180226008167,-0.0014674340519325035,-15589.876165056601
2022-02-17,0.3150096642471062,1890.0579854826372,0.0,0.0,0.0,0.0,1890.0579854826372,10610202.59469251,0.0001781676377786413,-0.0012895278634125207,-13699.818179573864
2022-02-18,0.3150096642471062,-1071.0328584401611,0.0,0.0,0.0,0.0,-1071.0328584401611,10609131.561834069,-0.000100943676511504,-0.001390341370240522,-14770.851038014516
2022-02-21,0.3150096642471062,-1008.0309255907398,0.0,0.0,0.0,0.0,-1008.0309255907398,10608123.530908478,-9.50154043915424e-05,-0.0014852246707844907,-15778.881963605061
2022-02-22,0.3150096642471062,-20916.641706007853,0.0,0.0,0.0,0.0,-20916.641706007853,10587206.88920247,-0.0019717569884121207,-0.0034540531570727007,-36695.523669613525
2022-02-23,0.3150096642471062,10332.316987305083,0.0,0.0,0.0,0.0,10332.316987305083,10597539.206189776,0.0009759247264585581,-0.00248149932649655,-26363.206682307646
2022-02-24,0.3150096642471062,-33139.01667879557,0.0,0.0,0.0,0.0,-33139.01667879557,10564400.189510979,-0.0031270482735690037,-0.0056007878318810045,-59502.22336110473
2022-02-25,0.3150096642471062,5670.173956447911,0.0,0.0,0.0,0.0,5670.173956447911,10570070.363467427,0.0005367246464288268,-0.005067069266320945,-53832.049404656515
2022-03-01,0.3150096642471062,19215.589519073477,0.0,0.0,0.0,0.0,19215.589519073477,10589285.952986501,0.0018179244658093228,-0.0032583563497007306,-34616.45988558233
2022-03-02,0.3150096642471062,-4221.129500911223,0.0,0.0,0.0,0.0,-4221.129500911223,10585064.82348559,-0.00039862267575470806,-0.0036556801707287034,-38837.58938649297
2022-03-03,0.3150096642471062,5355.164292200805,0.0,0.0,0.0,0.0,5355.164292200805,10590419.98777779,0.0005059170049028935,-0.0031516126365888075,-33482.42509429343
2022-03-04,0.3150096642471062,-16569.508339397784,0.0,0.0,0.0,0.0,-16569.508339397784,10573850.479438392,-0.0015645751876243199,-0.004711256889280868,-50051.93343369104
2022-03-07,0.3150096642471062,-38305.175172448115,0.0,0.0,0.0,0.0,-38305.175172448115,10535545.304265944,-0.0036226325733407392,-0.00831682230995312,-88357.1086061392
2022-03-08,0.3150096642471062,-22428.68809439396,0.0,0.0,0.0,0.0,-22428.68809439396,10513116.61617155,-0.002128858777277752,-0.010427975747057339,-110785.79670053348
2022-03-09,0.3150096642471062,15372.471615258783,0.0,0.0,0.0,0.0,15372.471615258783,10528489.087786809,0.001462218310373581,-0.008981005413761234,-95413.32508527488
2022-03-10,0.3150096642471062,30933.94902906583,0.0,0.0,0.0,0.0,30933.94902906583,10559423.036815874,0.0029381185439940885,-0.006069274128317037,-64479.37605620921
2022-03-11,0.3150096642471062,-13671.419428324409,0.0,0.0,0.0,0.0,-13671.419428324409,10545751.61738755,-0.001294712730104517,-0.007356128891945146,-78150.79548453353
2022-03-14,0.3150096642471062,1197.0367241390036,0.0,0.0,0.0,0.0,1197.0367241390036,10546948.654111689,0.00011350890553551079,-0.007243454972549079,-76953.75876039453
2022-03-15,0.3150096642471062,-22491.69002724338,31.50096642471062,42.47212301110884,252.00773139768495,325.9808208335044,-22817.670848076883,10524130.983263614,-0.002163438127593567,-0.009391222333479332,-99771.42960846983
2022-03-16,0.3150096642471062,6804.2087477374935,0.0,0.0,0.0,0.0,6804.2087477374935,10530935.19201135,0.0006465340234322565,-0.00875076005480735,-92967.22086073272
2022-03-17,0.3150096642471062,32319.991551753094,0.0,0.0,0.0,0.0,32319.991551753094,10563255.183563104,0.0030690523645298547,-0.00570856423111521,-60647.229308979586
2022-03-18,0.3150096642471062,-3465.106306718168,0.0,0.0,0.0,0.0,-3465.106306718168,10559790.077256385,-0.0003280339484849356,-0.006034725576735234,-64112.33561569825
2022-03-21,0.3150096642471062,6174.189419243281,0.0,0.0,0.0,0.0,6174.189419243281,10565964.266675629,0.0005846886513910172,-0.005453565360903134,-57938.14619645476
2022-03-22,0.3150096642471062,1953.0599183320585,0.0,0.0,0.0,0.0,1953.0599183320585,10567917.326593962,0.00018484445612710273,-0.005269728966099119,-55985.08627812192
2022-03-23,0.3150096642471062,11466.351778594666,0.0,0.0,0.0,0.0,11466.351778594666,10579383.678372554,0.001085015280138482,-0.004190431422411156,-44518.734499529004
2022-03-24,0.3150096642471062,-1953.0599183320585,0.0,0.0,0.0,0.0,-1953.0599183320585,10577430.618454223,-0.00018460999030829188,-0.004374267817215061,-46471.79441785999
2022-03-25,0.3150096642471062,-3150.096642471062,0.0,0.0,0.0,0.0,-3150.096642471062,10574280.521811752,-0.00029781302814458114,-0.004670778131415143,-49621.891060331836
2022-03-28,0.3150096642471062,-11529.353711444086,0.0,0.0,0.0,0.0,-11529.353711444086,10562751.168100309,-0.0010903203946275389,-0.005756005881387138,-61151.24477177486
2022-03-29,0.3150096642471062,6741.206814888073,0.0,0.0,0.0,0.0,6741.206814888073,10569492.374915196,0.0006382055875032476,-0.0051214738089991885,-54410.037956887856
2022-03-30,0.3150096642471062,12348.378838486562,0.0,0.0,0.0,0.0,12348.378838486562,10581840.753753683,0.0011683038693318173,-0.003959153377335101,-42061.65911840089
2022-03-31,0.3150096642471062,-6426.197150640966,0.0,0.0,0.0,0.0,-6426.197150640966,10575414.556603042,-0.000607285376919078,-0.004564034418303109,-48487.856269041076
2022-04-01,0.3150096642471062,-5355.164292200805,0.0,0.0,0.0,0.0,-5355.164292200805,10570059.392310841,-0.0005063786637902687,-0.005068101952443116,-53843.020561242476
2022-04-06,0.3150096642471062,-3024.0927767722196,0.0,0.0,0.0,0.0,-3024.0927767722196,10567035.29953407,-0.00028609988501787295,-0.005352751854075133,-56867.11333801411
2022-04-07,0.3150096642471062,-22869.70162433991,0.0,0.0,0.0,0.0,-22869.70162433991,10544165.597909728,-0.0021642495720013634,-0.007505416735167358,-79736.81496235542
2022-04-08,0.3150096642471062,10899.334382949874,0.0,0.0,0.0,0.0,10899.334382949874,10555064.93229268,0.0010336839156917788,-0.006479491048035246,-68837.48057940416
2022-04-11,0.3150096642471062,-17451.53539928968,0.0,0.0,0.0,0.0,-17451.53539928968,10537613.39689339,-0.0016533802028917514,-0.008122158188703321,-86289.01597869396
2022-04-12,0.3150096642471062,-2520.0773139768494,0.0,0.0,0.0,0.0,-2520.0773139768494,10535093.319579411,-0.00023915067094032862,-0.00835936644006352,-88809.09329267219
2022-04-13,0.3150096642471062,19971.61271326653,0.0,0.0,0.0,0.0,19971.61271326653,10555064.93229268,0.0018957224304932737,-0.006479491048035246,-68837.48057940416
2022-04-14,0.3150096642471062,-1134.0347912895822,0.0,0.0,0.0,0.0,-1134.0347912895822,10553930.897501389,-0.00010743986877996942,-0.0065862347611472805,-69971.51537069492
2022-04-15,0.3150096642471062,-19845.60884756769,0.0,0.0,0.0,0.0,-19845.60884756769,10534085.28865382,-0.0018803997335500918,-0.008454249740607489,-89817.12421826273
2022-04-18,0.3150096642471062,-6426.197150640966,0.0,0.0,0.0,0.0,-6426.197150640966,10527659.09150318,-0.0006100384584471299,-0.009059130781575386,-96243.32136890292
2022-04-19,0.3150096642471062,7497.230009081128,31.50096642471062,42.79847302326883,252.00773139768495,326.3071708456644,7170.922838235462,10534830.014341416,0.0006811507454703845,-0.008384150669790258,-89072.39853066765
2022-04-20,0.3150096642471062,6615.20294918923,0.0,0.0,0.0,0.0,6615.20294918923,10541445.217290604,0.000627936372982168,-0.007761479009970262,-82457.195581479
2022-04-21,0.3150096642471062,3465.106306718168,0.0,0.0,0.0,0.0,3465.106306718168,10544910.323597323,0.00032871264189036697,-0.007435317664350238,-78992.08927476034
2022-04-22,0.3150096642471062,-8442.259001822445,0.0,0.0,0.0,0.0,-8442.259001822445,10536468.064595502,-0.0008006003600552601,-0.008229965306406184,-87434.34827658162
2022-04-25,0.3150096642471062,-26460.81179675692,0.0,0.0,0.0,0.0,-26460.81179675692,10510007.252798744,-0.0025113550038337973,-0.010720651945686388,-113895.16007333994
2022-04-26,0.3150096642471062,882.0270598918974,0.0,0.0,0.0,0.0,882.0270598918974,10510889.279858636,8.39225928847023e-05,-0.010637629057710374,-113013.13301344775
2022-04-27,0.3150096642471062,-18963.581787675794,0.0,0.0,0.0,0.0,-18963.581787675794,10491925.69807096,-0.001804184335193648,-0.012422621149194568,-131976.71480112337
2022-04-28,0.3150096642471062,6426.197150640966,0.0,0.0,0.0,0.0,6426.197150640966,10498351.8952216,0.0006124897693301892,-0.01181774010822656,-125550.51765048318
2022-04-29,0.3150096642471062,12348.378838486562,0.0,0.0,0.0,0.0,12348.378838486562,10510700.274060087,0.0011762207022329872,-0.010655419676562472,-113202.1388119962
2022-05-03,0.3150096642471062,-7119.2184119846,0.0,0.0,0.0,0.0,-7119.2184119846,10503581.055648103,-0.0006773305513767237,-0.011325532986654396,-120321.35722398013
2022-05-04,0.3150096642471062,3087.0947096216405,0.0,0.0,0.0,0.0,3087.0947096216405,10506668.150357725,0.00029390878151614906,-0.011034952878738347,-117234.26251435839
2022-05-05,0.3150096642471062,10395.318920154505,0.0,0.0,0.0,0.0,10395.318920154505,10517063.46927788,0.0009894020417691189,-0.010056468841878385,-106838.94359420426
2022-05-06,0.3150096642471062,-20727.635907459586,0.0,0.0,0.0,0.0,-20727.635907459586,10496335.83337042,-0.0019708577368586313,-0.012007506709314497,-127566.57950166427
2022-05-09,0.3150096642471062,-20664.633974610166,0.0,0.0,0.0,0.0,-20664.633974610166,10475671.19939581,-0.001968747408873127,-0.013952614370466687,-148231.21347627416
2022-05-10,0.3150096642471062,756.0231941930549,0.0,0.0,0.0,0.0,756.0231941930549,10476427.222590003,7.216942760065427e-05,-0.013881451895058516,-147475.19028208032
2022-05-11,0.3150096642471062,-1827.0560526332158,0.0,0.0,0.0,0.0,-1827.0560526332158,10474600.166537369,-0.00017439686391307048,-0.014053427877294689,-149302.24633471482
2022-05-12,0.3150096642471062,-23814.73061708123,0.0,0.0,0.0,0.0,-23814.73061708123,10450785.435920289,-0.002273569419209035,-0.01629504585264674,-173116.9769517947
2022-05-13,0.3150096642471062,13797.42329402325,0.0,0.0,0.0,0.0,13797.42329402325,10464582.859214311,0.0013202283578227782,-0.014996330676450675,-159319.55365777202
2022-05-16,0.3150096642471062,4410.135299459486,0.0,0.0,0.0,0.0,4410.135299459486,10468992.99451377,0.0004214344096455081,-0.014581216236570715,-154909.41835831292
2022-05-17,0.3150096642471062,9702.29765881087,31.50096642471062,40.447240889328434,252.00773139768495,323.95593871172406,9378.341720099146,10478371.33623387,0.0008958208038742432,-0.01369845758954702,-145531.0766382143
2022-05-18,0.3150096642471062,10773.330517251032,0.0,0.0,0.0,0.0,10773.330517251032,10489144.66675112,0.0010281493346200859,-0.012684392314982973,-134757.74612096325
2022-05-19,0.3150096642471062,-17955.550862085052,0.0,0.0,0.0,0.0,-17955.550862085052,10471189.115889035,-0.0017118222154949606,-0.014374501105923088,-152713.29698304832
2022-05-20,0.3150096642471062,14112.432958270358,0.0,0.0,0.0,0.0,14112.432958270358,10485301.548847307,0.001347739287494682,-0.01304613489830686,-138600.86402477697
2022-05-23,0.3150096642471062,756.0231941930549,0.0,0.0,0.0,0.0,756.0231941930549,10486057.572041498,7.210314273471398e-05,-0.012974972422898912,-137844.840830585
2022-05-24,0.3150096642471062,-13923.427159722094,0.0,0.0,0.0,0.0,-13923.427159722094,10472134.144881777,-0.0013278038065369295,-0.01428554801166293,-151768.26799030602
2022-05-25,0.3150096642471062,8442.259001822445,0.0,0.0,0.0,0.0,8442.259001822445,10480576.4038836,0.0008061641385627755,-0.013490900369606873,-143326.00898848288
2022-05-26,0.3150096642471062,-6930.212613436336,0.0,0.0,0.0,0.0,-6930.212613436336,10473646.191270163,-0.0006612434608909803,-0.014143223060846921,-150256.2216019202
2022-05-27,0.3150096642471062,17640.541197837945,0.0,0.0,0.0,0.0,17640.541197837945,10491286.732468002,0.001684278891580415,-0.012482765301326859,-132615.68040408194
2022-05-30,0.3150096642471062,20790.63784030901,0.0,0.0,0.0,0.0,20790.63784030901,10512077.37030831,0.0019817052350658763,-0.010525797227606715,-111825.04256377369
2022-05-31,0.3150096642471062,7686.235807629391,0.0,0.0,0.0,0.0,7686.235807629391,10519763.60611594,0.0007311814341606164,-0.009802312060958718,-104138.80675614439
2022-06-01,0.3150096642471062,-4536.139165158329,0.0,0.0,0.0,0.0,-4536.139165158329,10515227.466950782,-0.00043120162534081335,-0.010229286913406632,-108674.94592130184
2022-06-02,0.3150096642471062,-4914.150762254857,0.0,0.0,0.0,0.0,-4914.150762254857,10510313.316188527,-0.00046733661042521114,-0.010691843003558632,-113589.09668355621
2022-06-06,0.3150096642471062,4284.1314337606445,0.0,0.0,0.0,0.0,4284.1314337606445,10514597.447622288,0.0004076121524523921,-0.010288588976246626,-109304.96524979547
2022-06-07,0.3150096642471062,-8694.26673322013,0.0,0.0,0.0,0.0,-8694.26673322013,10505903.180889066,-0.000826875852977729,-0.011106957443438814,-117999.23198301718
2022-06-08,0.3150096642471062,11466.351778594666,0.0,0.0,0.0,0.0,11466.351778594666,10517369.532667661,0.0010914198980486246,-0.01002765989975074,-106532.8802044224
2022-06-09,0.3150096642471062,-3906.119836664117,0.0,0.0,0.0,0.0,-3906.119836664117,10513463.412830997,-0.0003713970327401205,-0.010395332689358772,-110439.00004108623
2022-06-10,0.3150096642471062,-6993.214546285757,0.0,0.0,0.0,0.0,-6993.214546285757,10506470.198284712,-0.0006651675353481513,-0.011053585586882742,-117432.2145873718
2022-06-13,0.3150096642471062,-26334.807931058076,0.0,0.0,0.0,0.0,-26334.807931058076,10480135.390353654,-0.0025065323970897,-0.01353241181359488,-143767.0225184299
2022-06-14,0.3150096642471062,126.00386569884247,31.50096642471062,39.88904376428257,252.00773139768495,323.39774158667814,-197.39387588783566,10479937.996477766,-1.883505017211181e-05,-0.01355099198011156,-143964.41639431752
2022-06-15,0.3150096642471062,-3528.1082395675894,0.0,0.0,0.0,0.0,-3528.1082395675894,10476409.888238199,-0.00033665354134283635,-0.013883083532015505,-147492.52463388443
2022-06-16,0.3150096642471062,-8568.262867521289,0.0,0.0,0.0,0.0,-8568.262867521289,10467841.625370678,-0.0008178625081423003,-0.014689591586639628,-156060.78750140592
2022-06-17,0.3150096642471062,-13230.40589837846,0.0,0.0,0.0,0.0,-13230.40589837846,10454611.219472298,-0.0012639096359952768,-0.01593493490627973,-169291.1933997851
2022-06-20,0.3150096642471062,-10206.313121606241,0.0,0.0,0.0,0.0,-10206.313121606241,10444404.906350693,-0.0009762498965620464,-0.016895628324287815,-179497.50652139075
2022-06-21,0.3150096642471062,18648.572123428687,0.0,0.0,0.0,0.0,18648.572123428687,10463053.478474122,0.001785508345438568,-0.015140287264223673,-160848.93439796194
2022-06-22,0.3150096642471062,-20286.62237751364,0.0,0.0,0.0,0.0,-20286.62237751364,10442766.856096607,-0.0019388816485789516,-0.01704981368767189,-181135.55677547678
2022-06-23,0.3150096642471062,-4662.143030857172,0.0,0.0,0.0,0.0,-4662.143030857172,10438104.71306575,-0.0004464471049772943,-0.017488648952687758,-185797.6998063326
2022-06-24,0.3150096642471062,7560.231941930549,0.0,0.0,0.0,0.0,7560.231941930549,10445664.945007682,0.0007242916362457195,-0.016777024198607715,-178237.46786440164
2022-06-27,0.3150096642471062,13797.42329402325,0.0,0.0,0.0,0.0,13797.42329402325,10459462.368301705,0.001320875537044435,-0.015478309022411652,-164440.04457037896
2022-06-28,0.3150096642471062,-5355.164292200805,0.0,0.0,0.0,0.0,-5355.164292200805,10454107.204009503,-0.0005119923093208011,-0.01598237655655177,-169795.20886258036
2022-06-29,0.3150096642471062,-10899.334382949874,0.0,0.0,0.0,0.0,-10899.334382949874,10443207.869626554,-0.0010425887328541657,-0.01700830224368377,-180694.54324552976
2022-06-30,0.3150096642471062,-25011.76734122023,0.0,0.0,0.0,0.0,-25011.76734122023,10418196.102285333,-0.0023950272419613005,-0.019362594138432,-205706.3105867505
2022-07-01,0.3150096642471062,-28161.863983691295,0.0,0.0,0.0,0.0,-28161.863983691295,10390034.238301642,-0.0027031420513877365,-0.022013396347380088,-233868.17457044125
2022-07-04,0.3150096642471062,-1449.0444555366885,0.0,0.0,0.0,0.0,-1449.0444555366885,10388585.193846105,-0.00013946483931640534,-0.022149791091912174,-235317.21902597882
2022-07-05,0.3150096642471062,4977.152695104278,0.0,0.0,0.0,0.0,4977.152695104278,10393562.34654121,0.00047909822196506586,-0.021681304795476142,-230340.06633087434
2022-07-06,0.3150096642471062,-22680.695825791645,0.0,0.0,0.0,0.0,-22680.695825791645,10370881.650715418,-0.0021821869220171055,-0.02381617905771627,-253020.76215666533
2022-07-07,0.3150096642471062,19215.589519073477,0.0,0.0,0.0,0.0,19215.589519073477,10390097.24023449,0.0018528404976782202,-0.022007466141096277,-233805.172637593
2022-07-08,0.3150096642471062,9639.295725961449,0.0,0.0,0.0,0.0,9639.295725961449,10399736.535960453,0.0009277387403685072,-0.021100144579644153,-224165.87691163085
2022-07-11,0.3150096642471062,-3339.102441019326,0.0,0.0,0.0,0.0,-3339.102441019326,10396397.433519434,-0.0003210756762417297,-0.021414445512696,-227504.9793526493
2022-07-12,0.3150096642471062,-22806.69969149049,0.0,0.0,0.0,0.0,-22806.69969149049,10373590.733827943,-0.002193711796545841,-0.023561180187504305,-250311.6790441405
2022-07-13,0.3150096642471062,22869.70162433991,0.0,0.0,0.0,0.0,22869.70162433991,10396460.435452282,0.0022046080485672672,-0.02140851530641219,-227441.97741980106
2022-07-14,0.3150096642471062,7056.216479135179,0.0,0.0,0.0,0.0,7056.216479135179,10403516.651931418,0.0006787133489272216,-0.020744332202604077,-220385.76094066538
2022-07-15,0.3150096642471062,5418.166225050227,0.0,0.0,0.0,0.0,5418.166225050227,10408934.818156468,0.0005208014180516875,-0.020234334462180037,-214967.59471561573
2022-07-18,0.3150096642471062,11025.338248648717,0.0,0.0,0.0,0.0,11025.338248648717,10419960.156405117,0.0010592186848376692,-0.01919654836247997,-203942.25646696612
2022-07-19,0.3150096642471062,1764.0541197837947,31.50096642471062,36.800689016003936,252.00773139768495,320.3093868383995,1443.7447329453953,10421403.901138062,0.0001385556865165103,-0.019060652466900585,-202498.51173402183
2022-07-20,0.3150096642471062,5544.170090749069,0.0,0.0,0.0,0.0,5544.170090749069,10426948.071228812,0.0005319983894054448,-0.01853879431390848,-196954.34164327197
2022-07-21,0.3150096642471062,8316.255136123604,0.0,0.0,0.0,0.0,8316.255136123604,10435264.326364934,0.0007975732764096845,-0.01775600708442049,-188638.08650714904
2022-07-22,0.3150096642471062,189.00579854826373,0.0,0.0,0.0,0.0,189.00579854826373,10435453.332163483,1.811221955065731e-05,-0.0177382164655685,-188449.08070860058
2022-07-25,0.3150096642471062,2709.0831125251134,0.0,0.0,0.0,0.0,2709.0831125251134,10438162.415276008,0.00025960377822546065,-0.017483217595356537,-185739.99759607576
2022-07-26,0.3150096642471062,-5607.17202359849,0.0,0.0,0.0,0.0,-5607.17202359849,10432555.24325241,-0.0005371799939989939,-0.018011005954632564,-191347.16961967386
2022-07-27,0.3150096642471062,5607.17202359849,0.0,0.0,0.0,0.0,5607.17202359849,10438162.415276008,0.0005374687114381789,-0.017483217595356537,-185739.99759607576
2022-07-28,0.3150096642471062,2331.071515428586,0.0,0.0,0.0,0.0,2331.071515428586,10440493.486791437,0.00022332201997710987,-0.017263799962848436,-183408.926080646
2022-07-29,0.3150096642471062,6741.206814888073,0.0,0.0,0.0,0.0,6741.206814888073,10447234.693606324,0.0006456789445265747,-0.016629267890460486,-176667.719265759
2022-08-01,0.3150096642471062,-4284.1314337606445,0.0,0.0,0.0,0.0,-4284.1314337606445,10442950.562172564,-0.00041007324516051315,-0.017032521917772492,-180951.85069951974
2022-08-02,0.3150096642471062,-14301.438756818621,0.0,0.0,0.0,0.0,-14301.438756818621,10428649.123415746,-0.0013694825683291689,-0.018378678744240484,-195253.2894563377
2022-08-03,0.3150096642471062,1638.0502540849523,0.0,0.0,0.0,0.0,1638.0502540849523,10430287.17366983,0.00015707214181815657,-0.018224493380856632,-193615.23920225352
2022-08-04,0.3150096642471062,-693.0212613436336,0.0,0.0,0.0,0.0,-693.0212613436336,10429594.152408488,-6.644316209174885e-05,-0.018289725649980437,-194308.2604635954
2022-08-05,0.3150096642471062,22113.678430146854,0.0,0.0,0.0,0.0,22113.678430146854,10451707.830838634,0.0021202817776989125,-0.016208223244296383,-172194.58203344978
2022-08-08,0.3150096642471062,-3024.0927767722196,0.0,0.0,0.0,0.0,-3024.0927767722196,10448683.738061862,-0.00028933958217329634,-0.0164928731459284,-175218.67481022142
2022-08-09,0.3150096642471062,3465.106306718168,0.0,0.0,0.0,0.0,3465.106306718168,10452148.84436858,0.0003316308918505858,-0.016166711800308264,-171753.56850350276
2022-08-10,0.3150096642471062,-8820.270598918973,0.0,0.0,0.0,0.0,-8820.270598918973,10443328.57376966,-0.0008438715072136738,-0.016996940680068406,-180573.83910242282
2022-08-11,0.3150096642471062,19341.59338477232,0.0,0.0,0.0,0.0,19341.59338477232,10462670.167154433,0.0018520525566295299,-0.015176367350880349,-161232.24571765028
2022-08-12,0.3150096642471062,5607.17202359849,0.0,0.0,0.0,0.0,5607.17202359849,10468277.339178031,0.0005359217039261299,-0.014648578991604322,-155625.07369405217
2022-08-15,0.3150096642471062,7245.222277683442,0.0,0.0,0.0,0.0,7245.222277683442,10475522.561455715,0.0006921121826384796,-0.013966605268944221,-148379.85141636804
2022-08-16,0.3150096642471062,2205.067649729743,31.50096642471062,38.79407017135963,252.00773139768495,322.3027679937552,1882.7648817359882,10477405.326337451,0.00017972992475464179,-0.013789385561103651,-146497.08653463237
2022-08-17,0.3150096642471062,819.0251270424761,0.0,0.0,0.0,0.0,819.0251270424761,10478224.351464493,7.817060632212649e-05,-0.01371229287941167,-145678.06140759028
2022-08-18,0.3150096642471062,-4032.123702362959,0.0,0.0,0.0,0.0,-4032.123702362959,10474192.227762131,-0.0003848098272298787,-0.014091826081587655,-149710.18510995246
2022-08-19,0.3150096642471062,2394.073448278007,0.0,0.0,0.0,0.0,2394.073448278007,10476586.301210409,0.0002285687904344977,-0.013866478242795632,-147316.11166167445
2022-08-22,0.3150096642471062,-11214.34404719698,0.0,0.0,0.0,0.0,-11214.34404719698,10465371.957163213,-0.0010704196696114015,-0.014922054961347575,-158530.45570887066
2022-08-23,0.3150096642471062,-9261.284128864922,0.0,0.0,0.0,0.0,-9261.284128864922,10456110.673034348,-0.0008849455295782266,-0.015793795285095724,-167791.7398377359
2022-08-24,0.3150096642471062,441.0135299459487,0.0,0.0,0.0,0.0,441.0135299459487,10456551.686564293,4.2177588181358375e-05,-0.015752283841107717,-167350.72630779073
2022-08-25,0.3150096642471062,8631.264800370709,0.0,0.0,0.0,0.0,8631.264800370709,10465182.951364664,0.0008254408393027972,-0.014939845580199673,-158719.46150741912
2022-08-26,0.3150096642471062,4347.133366610065,0.0,0.0,0.0,0.0,4347.133366610065,10469530.084731273,0.00041539009750834766,-0.014530661346603746,-154372.32814081013
2022-08-29,0.3150096642471062,-26649.817595305183,0.0,0.0,0.0,0.0,-26649.817595305183,10442880.267135968,-0.002545464541352356,-0.017039138604735826,-181022.14573611505
2022-08-30,0.3150096642471062,8190.251270424761,0.0,0.0,0.0,0.0,8190.251270424761,10451070.518406393,0.0007842904506144447,-0.01626821178781579,-172831.89446569048
2022-08-31,0.3150096642471062,5733.175889297333,0.0,0.0,0.0,0.0,5733.175889297333,10456803.694295691,0.0005485730748060767,-0.015728563015971697,-167098.71857639216
2022-09-01,0.3150096642471062,-19089.585653374634,0.0,0.0,0.0,0.0,-19089.585653374634,10437714.108642315,-0.0018255660344650274,-0.017525415520023957,-186188.304229768
2022-09-02,0.3150096642471062,-8757.268666069553,0.0,0.0,0.0,0.0,-8757.268666069553,10428956.839976247,-0.000839002541640667,-0.018349714193499844,-194945.57289583609
2022-09-05,0.3150096642471062,882.0270598918974,0.0,0.0,0.0,0.0,882.0270598918974,10429838.867036138,8.45748115967758e-05,-0.01826669130552394,-194063.54583594576
2022-09-06,0.3150096642471062,1449.0444555366885,0.0,0.0,0.0,0.0,1449.0444555366885,10431287.911491675,0.00013893258314051648,-0.018130296560991854,-192614.50138040818
2022-09-07,0.3150096642471062,-17325.53153359084,0.0,0.0,0.0,0.0,-17325.53153359084,10413962.379958084,-0.0016609196947295541,-0.019761103289092086,-209940.03291399963
2022-09-08,0.3150096642471062,11907.365308540615,0.0,0.0,0.0,0.0,11907.365308540615,10425869.745266626,0.0011434039104516664,-0.018640294301415894,-198032.66760545783
2022-09-12,0.3150096642471062,15498.475480957624,0.0,0.0,0.0,0.0,15498.475480957624,10441368.220747583,0.001486540294443442,-0.017181463555551835,-182534.19212450087
2022-09-13,0.3150096642471062,5103.156560803121,0.0,0.0,0.0,0.0,5103.156560803121,10446471.377308385,0.0004887440470361789,-0.016701116846547848,-177431.03556369804
2022-09-14,0.3150096642471062,-18774.57598912753,0.0,0.0,0.0,0.0,-18774.57598912753,10427696.801319258,-0.0017972170038113814,-0.018468318319179944,-196205.6115528252
2022-09-15,0.3150096642471062,4095.1256352123805,0.0,0.0,0.0,0.0,4095.1256352123805,10431791.92695447,0.00039271621655649657,-0.018082854910719925,-192110.4859176129
2022-09-16,0.3150096642471062,-10017.307323057978,0.0,0.0,0.0,0.0,-10017.307323057978,10421774.619631413,-0.0009602671710863485,-0.019025757709875912,-202127.79324067011
2022-09-19,0.3150096642471062,-3969.121769513538,0.0,0.0,0.0,0.0,-3969.121769513538,10417805.4978619,-0.00038084893546219424,-0.019399360705767976,-206096.91501018405
2022-09-20,0.3150096642471062,8883.272531768394,31.50096642471062,36.65326449313629,252.00773139768495,320.16196231553187,8563.110569452863,10426368.608431352,0.0008219687506366206,-0.018593337623413753,-197533.80444073118
2022-09-21,0.3150096642471062,-7434.228076231706,0.0,0.0,0.0,0.0,-7434.228076231706,10418934.38035512,-0.0007130217965073639,-0.01929310196492595,-204968.03251696378
2022-09-22,0.3150096642471062,-10584.324718702768,0.0,0.0,0.0,0.0,-10584.324718702768,10408350.055636417,-0.001015874016699778,-0.02028937662063801,-215552.35723566636
2022-09-23,0.3150096642471062,-7749.237740478812,0.0,0.0,0.0,0.0,-7749.237740478812,10400600.817895938,-0.0007445212448713118,-0.02101879199357004,-223301.59497614577
2022-09-26,0.3150096642471062,-22743.69775864107,0.0,0.0,0.0,0.0,-22743.69775864107,10377857.120137297,-0.0021867676836040866,-0.0231595964620942,-246045.29273478687
2022-09-27,0.3150096642471062,3780.1159709652743,0.0,0.0,0.0,0.0,3780.1159709652743,10381637.236108262,0.00036424821879945714,-0.022803784085054235,-242265.1767638214
2022-09-28,0.3150096642471062,-19089.585653374634,0.0,0.0,0.0,0.0,-19089.585653374634,10362547.650454888,-0.0018387837312383974,-0.024600636589106273,-261354.76241719536
2022-09-29,0.3150096642471062,567.0173956447911,0.0,0.0,0.0,0.0,567.0173956447911,10363114.667850534,5.4717953033480195e-05,-0.0245472647325502,-260787.74502154998
2022-09-30,0.3150096642471062,-8127.24933757534,0.0,0.0,0.0,0.0,-8127.24933757534,10354987.418512957,-0.0007842477477151234,-0.025312261343186315,-268914.9943591263
2022-10-03,0.3150096642471062,-5733.175889297333,0.0,0.0,0.0,0.0,-5733.175889297333,10349254.24262366,-0.000553663240483266,-0.025851910115030297,-274648.1702484228
2022-10-04,0.3150096642471062,18459.566324880423,0.0,0.0,0.0,0.0,18459.566324880423,10367713.808948541,0.001783661497932309,-0.024114359673818253,-256188.60392354243
2022-10-05,0.3150096642471062,14049.431025420936,0.0,0.0,0.0,0.0,14049.431025420936,10381763.239973962,0.0013551137005049893,-0.02279192367248606,-242139.17289812118
2022-10-06,0.3150096642471062,3087.0947096216405,0.0,0.0,0.0,0.0,3087.0947096216405,10384850.334683584,0.0002973574563649347,-0.02250134356457001,-239052.07818849944
2022-10-07,0.3150096642471062,-11340.347912895822,0.0,0.0,0.0,0.0,-11340.347912895822,10373509.986770688,-0.0010920087962193392,-0.023568780695690128,-250392.42610139586
2022-10-11,0.3150096642471062,-37675.1558439539,0.0,0.0,0.0,0.0,-37675.1558439539,10335834.830926733,-0.003631861914819664,-0.027115044053522497,-288067.5819453504
2022-10-12,0.3150096642471062,-945.0289927413186,0.0,0.0,0.0,0.0,-945.0289927413186,10334889.801933993,-9.14322846872143e-05,-0.027203997147782433,-289012.61093809083
2022-10-13,0.3150096642471062,-13041.400099830196,0.0,0.0,0.0,0.0,-13041.400099830196,10321848.401834162,-0.0012618809053377355,-0.028431549848570548,-302054.01103792153
2022-10-14,0.3150096642471062,18711.574056278107,0.0,0.0,0.0,0.0,18711.574056278107,10340559.97589044,0.0018128123304885116,-0.026670278582222373,-283342.4369816426
2022-10-17,0.3150096642471062,-11655.35757714293,0.0,0.0,0.0,0.0,-11655.35757714293,10328904.618313298,-0.0011271495551805713,-0.027767366744762434,-294997.79455878586
2022-10-18,0.3150096642471062,7686.235807629391,31.50096642471062,32.98781203995696,252.00773139768495,316.4965098623525,7369.739297767038,10336274.357611064,0.0007135063755647799,-0.027073672562402784,-287628.0552610196
2022-10-19,0.3150096642471062,-7119.2184119846,0.0,0.0,0.0,0.0,-7119.2184119846,10329155.13919908,-0.0006887605887456343,-0.02774378587249471,-294747.27367300354
2022-10-20,0.3150096642471062,-4032.123702362959,0.0,0.0,0.0,0.0,-4032.123702362959,10325123.015496716,-0.0003903633596382994,-0.028123319074670916,-298779.3973753676
2022-10-21,0.3150096642471062,-5985.183620695017,0.0,0.0,0.0,0.0,-5985.183620695017,10319137.83187602,-0.0005796718946313769,-0.028686688671650917,-304764.5809960626
2022-10-24,0.3150096642471062,4851.148829405435,0.0,0.0,0.0,0.0,4851.148829405435,10323988.980705427,0.00047011183574078647,-0.02823006278778284,-299913.4321666565
2022-10-25,0.3150096642471062,-12600.386569884247,0.0,0.0,0.0,0.0,-12600.386569884247,10311388.594135543,-0.0012204959336389446,-0.029416104044582836,-312513.81873654015
2022-10-26,0.3150096642471062,3591.1101724170107,0.0,0.0,0.0,0.0,3591.1101724170107,10314979.70430796,0.00034826639881067076,-0.029078082286394857,-308922.70856412314
2022-10-27,0.3150096642471062,13671.419428324409,0.0,0.0,0.0,0.0,13671.419428324409,10328651.123736285,0.001325394699769953,-0.027791227522766748,-295251.2891357988
2022-10-28,0.3150096642471062,-12096.371107088878,0.0,0.0,0.0,0.0,-12096.371107088878,10316554.752629194,-0.0011711472255355973,-0.028929827129294927,-307347.6602428891
2022-10-31,0.3150096642471062,11277.345980046402,0.0,0.0,0.0,0.0,11277.345980046402,10327832.098609243,0.0010931310161633513,-0.02786832020445873,-296070.3142628409
2022-11-01,0.3150096642471062,5544.170090749069,0.0,0.0,0.0,0.0,5544.170090749069,10333376.26869999,0.0005368183794831107,-0.027346462051466736,-290526.1441720929
2022-11-02,0.3150096642471062,3276.1005081699045,0.0,0.0,0.0,0.0,3276.1005081699045,10336652.36920816,0.0003170406673463813,-0.0270380913246987,-287250.0436639227
2022-11-03,0.3150096642471062,-7875.241606177655,0.0,0.0,0.0,0.0,-7875.241606177655,10328777.127601983,-0.0007618754433144333,-0.027779367110198794,-295125.28527010046
2022-11-04,0.3150096642471062,4536.139165158329,0.0,0.0,0.0,0.0,4536.139165158329,10333313.26676714,0.0004391748518840853,-0.02735239225775088,-290589.146104943
2022-11-07,0.3150096642471062,12222.37497278772,0.0,0.0,0.0,0.0,12222.37497278772,10345535.64173993,0.0011828127781721251,-0.026201932238654635,-278366.7711321544
2022-11-08,0.3150096642471062,6930.212613436336,0.0,0.0,0.0,0.0,6930.212613436336,10352465.854353365,0.0006698747028115019,-0.025549609547414698,-271436.5585187189
2022-11-09,0.3150096642471062,16443.504473698944,0.0,0.0,0.0,0.0,16443.504473698944,10368909.358827064,0.0015883659704884908,-0.02400182570729059,-254993.05404501967
2022-11-10,0.3150096642471062,-7434.228076231706,0.0,0.0,0.0,0.0,-7434.228076231706,10361475.130750833,-0.000716973002556237,-0.02470159004880257,-262427.2821212504
2022-11-11,0.3150096642471062,36604.12298551374,0.0,0.0,0.0,0.0,36604.12298551374,10398079.253736347,0.0035327134914294065,-0.021256140197798312,-225823.15913573653
2022-11-14,0.3150096642471062,4347.133366610065,0.0,0.0,0.0,0.0,4347.133366610065,10402426.387102956,0.00041807080524492135,-0.020846955964202385,-221476.02576912753
2022-11-15,0.3150096642471062,25389.77893831676,31.50096642471062,36.53482085937938,252.00773139768495,320.04351868177497,25069.735419634984,10427496.12252259,0.002409989216623222,-0.01848720768665235,-196406.2903494928
2022-11-16,0.3150096642471062,2016.0618511814796,0.0,0.0,0.0,0.0,2016.0618511814796,10429512.184373774,0.00019334093510971833,-0.018297441085564192,-194390.22849830985
2022-11-17,0.3150096642471062,1008.0309255907398,0.0,0.0,0.0,0.0,1008.0309255907398,10430520.215299364,9.665178080917748e-05,-0.018202557785020224,-193382.1975727193
2022-11-18,0.3150096642471062,-3339.102441019326,0.0,0.0,0.0,0.0,-3339.102441019326,10427181.112858344,-0.0003201280829810933,-0.018516858718072293,-196721.30001373962
2022-11-21,0.3150096642471062,-2016.0618511814796,0.0,0.0,0.0,0.0,-2016.0618511814796,10425165.051007163,-0.00019334677602323032,-0.01870662531916023,-198737.3618649207
2022-11-22,0.3150096642471062,4851.148829405435,0.0,0.0,0.0,0.0,4851.148829405435,10430016.199836569,0.00046533064998685765,-0.018249999435292152,-193886.21303551458
2022-11-23,0.3150096642471062,5985.183620695017,0.0,0.0,0.0,0.0,5985.183620695017,10436001.383457264,0.0005738422171183973,-0.01768662983831215,-187901.02941481955
2022-11-24,0.3150096642471062,11025.338248648717,0.0,0.0,0.0,0.0,11025.338248648717,10447026.721705912,0.0010564715204163968,-0.016648843738612196,-176875.6911661718
2022-11-25,0.3150096642471062,-4536.139165158329,0.0,0.0,0.0,0.0,-4536.139165158329,10442490.582540754,-0.0004342038444042206,-0.01707581859106011,-181411.83033132926
2022-11-28,0.3150096642471062,-14364.440689668043,0.0,0.0,0.0,0.0,-14364.440689668043,10428126.141851086,-0.0013755761210533974,-0.018427905623812135,-195776.27102099732
2022-11-29,0.3150096642471062,11529.353711444086,0.0,0.0,0.0,0.0,11529.353711444086,10439655.49556253,0.001105601673264524,-0.01734267787384025,-184246.9173095543
2022-11-30,0.3150096642471062,8946.274464617816,0.0,0.0,0.0,0.0,8946.274464617816,10448601.770027148,0.0008569511195480072,-0.016500588581512043,-175300.64284493588
2022-12-01,0.3150096642471062,11151.342114347559,0.0,0.0,0.0,0.0,11151.342114347559,10459753.112141496,0.0010672568789382223,-0.015450942069244022,-164149.30073058791
2022-12-02,0.3150096642471062,-5733.175889297333,0.0,0.0,0.0,0.0,-5733.175889297333,10454019.936252197,-0.0005481177067786011,-0.015990590841088115,-169882.47661988623
2022-12-05,0.3150096642471062,3087.0947096216405,0.0,0.0,0.0,0.0,3087.0947096216405,10457107.030961819,0.0002953021639949517,-0.015700010733172065,-166795.3819102645
2022-12-06,0.3150096642471062,-16380.502540849522,0.0,0.0,0.0,0.0,-16380.502540849522,10440726.52842097,-0.0015664468664564183,-0.01724186436701214,-183175.88445111364
2022-12-07,0.3150096642471062,-3276.1005081699045,0.0,0.0,0.0,0.0,-3276.1005081699045,10437450.4279128,-0.00031378089439005485,-0.017550235093780175,-186451.98495928384
2022-12-08,0.3150096642471062,-8001.2454718764975,0.0,0.0,0.0,0.0,-8001.2454718764975,10429449.182440924,-0.0007665900333743214,-0.018303371291848225,-194453.23043115996
2022-12-09,0.3150096642471062,13293.407831227882,0.0,0.0,0.0,0.0,13293.407831227882,10442742.590272151,0.0012746030589619952,-0.0170520977659242,-181159.82259993255
2022-12-12,0.3150096642471062,-7938.243539027076,0.0,0.0,0.0,0.0,-7938.243539027076,10434804.346733125,-0.0007601684586596896,-0.017799303757708107,-189098.06613895856
2022-12-13,0.3150096642471062,-3906.119836664117,0.0,0.0,0.0,0.0,-3906.119836664117,10430898.226896461,-0.00037433570452013554,-0.018166976547316138,-193004.1859756224
2022-12-14,0.3150096642471062,12033.369174239457,0.0,0.0,0.0,0.0,12033.369174239457,10442931.5960707,0.0011536273207240163,-0.017034307147072214,-180970.8168013841
2022-12-15,0.3150096642471062,-126.00386569884247,0.0,0.0,0.0,0.0,-126.00386569884247,10442805.592205001,-1.2065947625880572e-05,-0.01704616755964017,-181096.82066708244
2022-12-16,0.3150096642471062,-15561.477413807046,0.0,0.0,0.0,0.0,-15561.477413807046,10427244.114791194,-0.0014901625120190749,-0.01851092851178826,-196658.2980808895
2022-12-19,0.3150096642471062,-3591.1101724170107,0.0,0.0,0.0,0.0,-3591.1101724170107,10423653.004618777,-0.0003443968639156505,-0.01884895026997624,-200249.40825330652
2022-12-20,0.3150096642471062,-15750.48321235531,31.50096642471062,35.63263318097567,252.00773139768495,319.14133100337125,-16069.624543358681,10407583.380075417,-0.0015416499893308175,-0.020361541775324565,-216319.03279666603
2022-12-21,0.3150096642471062,2520.0773139768494,0.0,0.0,0.0,0.0,2520.0773139768494,10410103.457389396,0.00024213856588469512,-0.020124333523964366,-213798.9554826878
2022-12-22,0.3150096642471062,13356.409764077303,0.0,0.0,0.0,0.0,13356.409764077303,10423459.867153471,0.0012830237296629875,-0.01886712979175642,-200442.54571861215
2022-12-23,0.3150096642471062,-11781.361442841771,0.0,0.0,0.0,0.0,-11781.361442841771,10411678.50571063,-0.001130273593700623,-0.019976078366864547,-212223.90716145374
2022-12-26,0.3150096642471062,3465.106306718168,0.0,0.0,0.0,0.0,3465.106306718168,10415143.612017348,0.00033280957578719087,-0.019649917021244412,-208758.80085473508
2022-12-27,0.3150096642471062,3654.1121052664316,0.0,0.0,0.0,0.0,3654.1121052664316,10418797.724122616,0.00035084606044703907,-0.0193059650567724,-205104.68874946795
2022-12-28,0.3150096642471062,-12159.373039938298,0.0,0.0,0.0,0.0,-12159.373039938298,10406638.351082677,-0.0011670610527149147,-0.0204504948695845,-217264.06178940646
2022-12-29,0.3150096642471062,-4914.150762254857,0.0,0.0,0.0,0.0,-4914.150762254857,10401724.200320423,-0.00047221308134952176,-0.02091305095973639,-222178.21255166084
2022-12-30,0.3150096642471062,6426.197150640966,0.0,0.0,0.0,0.0,6426.197150640966,10408150.397471063,0.0006178011478561419,-0.020308169918768493,-215752.01540102065
2023-01-03,0.3150096642471062,6048.185553544439,0.0,0.0,0.0,0.0,6048.185553544439,10414198.583024608,0.0005811008990621434,-0.019738870115504348,-209703.8298474755
2023-01-04,0.3150096642471062,-1386.0425226872671,0.0,0.0,0.0,0.0,-1386.0425226872671,10412812.54050192,-0.0001330916163771401,-0.019869334653752402,-211089.87237016298
2023-01-05,0.3150096642471062,5103.156560803121,0.0,0.0,0.0,0.0,5103.156560803121,10417915.697062723,0.0004900843591444447,-0.019388987944748415,-205986.71580936015
2023-01-06,0.3150096642471062,4725.1449637065925,0.0,0.0,0.0,0.0,4725.1449637065925,10422640.84202643,0.00045355953159026066,-0.018944222473448402,-201261.57084565423
2023-01-09,0.3150096642471062,25515.782804015602,0.0,0.0,0.0,0.0,25515.782804015602,10448156.624830445,0.0024481111064606808,-0.016542488928428245,-175745.7880416382
2023-01-10,0.3150096642471062,2457.0753811274285,0.0,0.0,0.0,0.0,2457.0753811274285,10450613.700211573,0.00023516831431183704,-0.01631121088335208,-173288.7126605101
2023-01-11,0.3150096642471062,-1008.0309255907398,0.0,0.0,0.0,0.0,-1008.0309255907398,10449605.669285983,-9.645662489374496e-05,-0.016406094183896158,-174296.74358610064
2023-01-12,0.3150096642471062,-1512.0463883861098,0.0,0.0,0.0,0.0,-1512.0463883861098,10448093.622897595,-0.00014469889450760751,-0.016548419134712278,-175808.78997448832
2023-01-13,0.3150096642471062,4095.1256352123805,0.0,0.0,0.0,0.0,4095.1256352123805,10452188.748532807,0.00039194955395859763,-0.01616295572625226,-171713.66433927603
2023-01-16,0.3150096642471062,6489.199083490387,0.0,0.0,0.0,0.0,6489.199083490387,10458677.9476163,0.0006208459529016148,-0.015552144478999996,-165224.46525578387
2023-01-17,0.3150096642471062,-693.0212613436336,31.50096642471062,37.593253331249656,252.00773139768495,321.10195115364525,-1014.1232124972789,10457663.824403802,-9.696476147144524e-05,-0.015647601230491803,-166238.58846828155
2023-01-30,0.3150096642471062,34525.059201482836,0.0,0.0,0.0,0.0,34525.059201482836,10492188.883605285,0.003301412225636459,-0.012397848186859517,-131713.52926679887
2023-01-31,0.3150096642471062,-11970.367241390035,0.0,0.0,0.0,0.0,-11970.367241390035,10480218.516363895,-0.001140883696832269,-0.01352458738081963,-143683.89650818892
2023-02-01,0.3150096642471062,7245.222277683442,0.0,0.0,0.0,0.0,7245.222277683442,10487463.738641577,0.0006913235889471861,-0.01284261365815964,-136438.67423050664
2023-02-02,0.3150096642471062,12411.380771335984,0.0,0.0,0.0,0.0,12411.380771335984,10499875.119412914,0.0011834492190524236,-0.01167436302021152,-124027.29345916957
2023-02-03,0.3150096642471062,-63.00193284942124,0.0,0.0,0.0,0.0,-63.00193284942124,10499812.117480064,-6.000255444270837e-06,-0.011680293226495553,-124090.29539201967
2023-02-06,0.3150096642471062,-10962.336315799295,0.0,0.0,0.0,0.0,-10962.336315799295,10488849.781164264,-0.0010440507118740937,-0.012712149119911698,-135052.63170781918
2023-02-07,0.3150096642471062,-567.0173956447911,0.0,0.0,0.0,0.0,-567.0173956447911,10488282.76376862,-5.40590634316294e-05,-0.012765520976467548,-135619.6491034627
2023-02-08,0.3150096642471062,13104.402032679618,0.0,0.0,0.0,0.0,13104.402032679618,10501387.1658013,0.0012494325646852584,-0.011532038069395512,-122515.24707078375
2023-02-09,0.3150096642471062,-189.00579854826373,0.0,0.0,0.0,0.0,-189.00579854826373,10501198.160002751,-1.799817448534589e-05,-0.011549828688247499,-122704.25286933221
2023-02-10,0.3150096642471062,-1638.0502540849523,0.0,0.0,0.0,0.0,-1638.0502540849523,10499560.109748667,-0.00015598698635399554,-0.011704014051631462,-124342.30312341638
2023-02-13,0.3150096642471062,-2646.081179675692,0.0,0.0,0.0,0.0,-2646.081179675692,10496914.02856899,-0.0002520182895299442,-0.011953082715559615,-126988.38430309296
2023-02-14,0.3150096642471062,8064.247404725918,31.50096642471062,39.44677019567963,252.00773139768495,322.9554680180752,7741.291936707844,10504655.3205057,0.000737482646389092,-0.01122441526024398,-119247.09236638434
2023-02-15,0.3150096642471062,-17892.548929235632,0.0,0.0,0.0,0.0,-17892.548929235632,10486762.771576462,-0.001703297098602401,-0.012908593844900174,-137139.64129562117
2023-02-16,0.3150096642471062,11655.35757714293,0.0,0.0,0.0,0.0,11655.35757714293,10498418.129153606,0.001111435228489563,-0.011811505682360113,-125484.28371847793
2023-02-17,0.3150096642471062,-7119.2184119846,0.0,0.0,0.0,0.0,-7119.2184119846,10491298.910741622,-0.0006781229633267197,-0.012481618992452148,-132603.50213046186
2023-02-20,0.3150096642471062,5607.17202359849,0.0,0.0,0.0,0.0,5607.17202359849,10496906.08276522,0.0005344592763301721,-0.011953830633176121,-126996.33010686375
2023-02-21,0.3150096642471062,378.01159709652745,0.0,0.0,0.0,0.0,378.01159709652745,10497284.094362317,3.6011715653737386e-05,-0.011918249395472036,-126618.31850976683
2023-02-22,0.3150096642471062,-9576.293793112029,0.0,0.0,0.0,0.0,-9576.293793112029,10487707.800569205,-0.0009122639443715812,-0.012819640750640127,-136194.61230287887
2023-02-23,0.3150096642471062,13923.427159722094,0.0,0.0,0.0,0.0,13923.427159722094,10501631.227728926,0.001327594878164552,-0.011509065161876109,-122271.18514315784
2023-02-24,0.3150096642471062,-3465.106306718168,0.0,0.0,0.0,0.0,-3465.106306718168,10498166.121422209,-0.000329958863682888,-0.011835226507496022,-125736.29144987464
2023-03-01,0.3150096642471062,126.00386569884247,0.0,0.0,0.0,0.0,126.00386569884247,10498292.125287907,1.2002464453455653e-05,-0.011823366094928067,-125610.28758417629
2023-03-02,0.3150096642471062,-126.00386569884247,0.0,0.0,0.0,0.0,-126.00386569884247,10498166.121422209,-1.2002320396031742e-05,-0.011835226507496022,-125736.29144987464
2023-03-03,0.3150096642471062,4851.148829405435,0.0,0.0,0.0,0.0,4851.148829405435,10503017.270251613,0.00046209488145804265,-0.011378600623628055,-120885.14262047037
2023-03-06,0.3150096642471062,9765.299591660292,0.0,0.0,0.0,0.0,9765.299591660292,10512782.569843274,0.0009297613571786835,-0.010459418649607977,-111119.84302880988
2023-03-07,0.3150096642471062,6300.193284942124,0.0,0.0,0.0,0.0,6300.193284942124,10519082.763128215,0.0005992888412830598,-0.009866398021208034,-104819.64974386804
2023-03-08,0.3150096642471062,-5607.17202359849,0.0,0.0,0.0,0.0,-5607.17202359849,10513475.591104617,-0.0005330476192518332,-0.01039418638048395,-110426.82176746614
2023-03-09,0.3150096642471062,-1134.0347912895822,0.0,0.0,0.0,0.0,-1134.0347912895822,10512341.556313328,-0.00010786488078681437,-0.010500930093595984,-111560.85655875504
2023-03-10,0.3150096642471062,-17829.54699638621,0.0,0.0,0.0,0.0,-17829.54699638621,10494512.009316942,-0.0016960585708593566,-0.012179178471968144,-129390.40355514176
2023-03-13,0.3150096642471062,2268.0695825791645,0.0,0.0,0.0,0.0,2268.0695825791645,10496780.078899521,0.00021611958522374275,-0.011965691045744076,-127122.3339725621
2023-03-14,0.3150096642471062,-10584.324718702768,31.50096642471062,38.60506437281136,252.00773139768495,322.11376219520696,-10906.438480897976,10485873.640418623,-0.0010390270539078878,-0.012992285422936733,-138028.77245346084
2023-03-15,0.3150096642471062,2646.081179675692,0.0,0.0,0.0,0.0,2646.081179675692,10488519.7215983,0.0002523472311812117,-0.012743216759008691,-135382.69127378426
2023-03-16,0.3150096642471062,-6363.1952177915455,0.0,0.0,0.0,0.0,-6363.1952177915455,10482156.526380507,-0.0006066819138155643,-0.013342167593692777,-141745.8864915762
2023-03-17,0.3150096642471062,11088.340181498137,0.0,0.0,0.0,0.0,11088.340181498137,10493244.866562005,0.0010578300518211156,-0.012298451287708678,-130657.54631007835
2023-03-20,0.3150096642471062,-1890.0579854826372,0.0,0.0,0.0,0.0,-1890.0579854826372,10491354.808576522,-0.000180121402818449,-0.012476357476228772,-132547.6042955611
2023-03-21,0.3150096642471062,5166.158493652541,0.0,0.0,0.0,0.0,5166.158493652541,10496520.967070175,0.00049242052984704,-0.011990080560940641,-127381.44580190815
2023-03-22,0.3150096642471062,16191.496742301259,0.0,0.0,0.0,0.0,16191.496742301259,10512712.463812476,0.0015425584146497146,-0.010466017545952555,-111189.94905960746
2023-03-23,0.3150096642471062,7875.241606177655,0.0,0.0,0.0,0.0,7875.241606177655,10520587.705418654,0.0007491160471939387,-0.009724741760452571,-103314.7074534297
2023-03-24,0.3150096642471062,4725.1449637065925,0.0,0.0,0.0,0.0,4725.1449637065925,10525312.850382362,0.0004491331754473085,-0.009279976289152447,-98589.56248972192
2023-03-27,0.3150096642471062,-5103.156560803121,0.0,0.0,0.0,0.0,-5103.156560803121,10520209.693821557,-0.00048484606902850723,-0.009760322998156545,-103692.71905052662
2023-03-28,0.3150096642471062,-8883.272531768394,0.0,0.0,0.0,0.0,-8883.272531768394,10511326.421289789,-0.0008444007097107082,-0.010596482084200609,-112575.99158229493
2023-03-29,0.3150096642471062,3150.096642471062,0.0,0.0,0.0,0.0,3150.096642471062,10514476.51793226,0.00029968593079659404,-0.010299971770000527,-109425.89493982308
2023-03-30,0.3150096642471062,5103.156560803121,0.0,0.0,0.0,0.0,5103.156560803121,10519579.674493063,0.0004853457565956588,-0.00981962506099654,-104322.73837902024
2023-03-31,0.3150096642471062,2709.0831125251134,0.0,0.0,0.0,0.0,2709.0831125251134,10522288.757605588,0.00025752769562588666,-0.009564626190784575,-101613.65526649542
2023-04-06,0.3150096642471062,-6552.201016339809,0.0,0.0,0.0,0.0,-6552.201016339809,10515736.55658925,-0.0006226973206379487,-0.010181367644320427,-108165.85628283396
2023-04-07,0.3150096642471062,3654.1121052664316,0.0,0.0,0.0,0.0,3654.1121052664316,10519390.668694515,0.00034748988676182974,-0.009837415679848527,-104511.7441775687
2023-04-10,0.3150096642471062,1953.0599183320585,0.0,0.0,0.0,0.0,1953.0599183320585,10521343.728612848,0.0001856628373109408,-0.009653579285044511,-102558.68425923586
2023-04-11,0.3150096642471062,4536.139165158329,0.0,0.0,0.0,0.0,4536.139165158329,10525879.867778005,0.00043113686637024083,-0.009226604432596486,-98022.5450940784
2023-04-12,0.3150096642471062,315.0096642471062,0.0,0.0,0.0,0.0,315.0096642471062,10526194.877442252,2.9927157463711788e-05,-0.009196953401176544,-97707.5354298316
2023-04-13,0.3150096642471062,-6930.212613436336,0.0,0.0,0.0,0.0,-6930.212613436336,10519264.664828816,-0.0006583777608267405,-0.009849276092416481,-104637.74804326706
2023-04-14,0.3150096642471062,8253.253203274182,0.0,0.0,0.0,0.0,8253.253203274182,10527517.918032091,0.0007845846136820715,-0.009072419069212412,-96384.49483999237
2023-04-17,0.3150096642471062,1449.0444555366885,0.0,0.0,0.0,0.0,1449.0444555366885,10528966.962487627,0.00013764350408320734,-0.008936024324680436,-94935.45038445666
2023-04-18,0.3150096642471062,-5040.154627953699,31.50096642471062,40.02008778460936,252.00773139768495,323.528785607005,-5363.683413560704,10523603.279074067,-0.0005094216206272009,-0.009440893741314182,-100299.13379801624
2023-04-19,0.3150096642471062,-5859.179754996175,0.0,0.0,0.0,0.0,-5859.179754996175,10517744.09931907,-0.0005567655487970564,-0.00999240292572623,-106158.31355301291
2023-04-20,0.3150096642471062,-2961.0908439227983,0.0,0.0,0.0,0.0,-2961.0908439227983,10514783.008475147,-0.0002815328853755343,-0.010271122621074324,-109119.4043969363
2023-04-21,0.3150096642471062,-7308.224210532863,0.0,0.0,0.0,0.0,-7308.224210532863,10507474.784264615,-0.0006950427987569761,-0.010959026550018347,-116427.62860746868
2023-04-24,0.3150096642471062,504.0154627953699,0.0,0.0,0.0,0.0,504.0154627953699,10507978.79972741,4.7967325465311064e-05,-0.010911584899746307,-115923.6131446734
2023-04-25,0.3150096642471062,-14805.454219613992,0.0,0.0,0.0,0.0,-14805.454219613992,10493173.345507797,-0.0014089726008961936,-0.01230518337648634,-130729.06736428663
2023-04-26,0.3150096642471062,-819.0251270424761,0.0,0.0,0.0,0.0,-819.0251270424761,10492354.320380753,-7.805313989148065e-05,-0.012382276058178432,-131548.09249133058
2023-04-27,0.3150096642471062,3276.1005081699045,0.0,0.0,0.0,0.0,3276.1005081699045,10495630.420888923,0.0003122369306387491,-0.012073905331410395,-128271.99198316038
2023-04-28,0.3150096642471062,9198.282196015502,0.0,0.0,0.0,0.0,9198.282196015502,10504828.703084938,0.0008763915865128621,-0.01120809521394639,-119073.70978714526
2023-05-02,0.3150096642471062,3969.121769513538,0.0,0.0,0.0,0.0,3969.121769513538,10508797.824854452,0.0003778378383597946,-0.010834492218054326,-115104.58801763132
2023-05-03,0.3150096642471062,-5292.162359351384,0.0,0.0,0.0,0.0,-5292.162359351384,10503505.6624951,-0.000503593507797328,-0.011332629545910411,-120396.75037698261
2023-05-04,0.3150096642471062,3591.1101724170107,0.0,0.0,0.0,0.0,3591.1101724170107,10507096.772667518,0.00034189634278389535,-0.010994607787722321,-116805.6402045656
2023-05-05,0.3150096642471062,2142.0657168803223,0.0,0.0,0.0,0.0,2142.0657168803223,10509238.8383844,0.0002038684674964214,-0.010792980774066208,-114663.5744876843
2023-05-08,0.3150096642471062,5040.154627953699,0.0,0.0,0.0,0.0,5040.154627953699,10514278.993012352,0.0004795927379197835,-0.010318564271346253,-109623.41985973157
2023-05-09,0.3150096642471062,1008.0309255907398,0.0,0.0,0.0,0.0,1008.0309255907398,10515287.023937942,9.58725677966757e-05,-0.010223680970802285,-108615.38893414102
2023-05-10,0.3150096642471062,-8190.251270424761,0.0,0.0,0.0,0.0,-8190.251270424761,10507096.772667518,-0.0007788899391694909,-0.010994607787722321,-116805.6402045656
2023-05-11,0.3150096642471062,-5733.175889297333,0.0,0.0,0.0,0.0,-5733.175889297333,10501363.596778221,-0.0005456479571227749,-0.011534256559566303,-122538.81609386206
2023-05-12,0.3150096642471062,-630.0193284942123,0.0,0.0,0.0,0.0,-630.0193284942123,10500733.577449726,-5.9994049600139536e-05,-0.011593558622406408,-123168.83542235754
2023-05-15,0.3150096642471062,126.00386569884247,0.0,0.0,0.0,0.0,126.00386569884247,10500859.581315426,1.1999529820415134e-05,-0.011581698209838343,-123042.83155665733
2023-05-16,0.3150096642471062,11340.347912895822,31.50096642471062,39.46693081419144,252.00773139768495,322.97562863658703,11017.372284259236,10511876.953599684,0.001049187659252473,-0.010544661925420917,-112025.45927239954
2023-05-17,0.3150096642471062,15372.471615258783,0.0,0.0,0.0,0.0,15372.471615258783,10527249.425214944,0.00146239074935087,-0.00909769159212459,-96652.98765713908
2023-05-18,0.3150096642471062,12222.37497278772,0.0,0.0,0.0,0.0,12222.37497278772,10539471.800187731,0.0011610226450522393,-0.007947231573028679,-84430.61268435232
2023-05-19,0.3150096642471062,3717.114038115853,0.0,0.0,0.0,0.0,3717.114038115853,10543188.914225847,0.00035268504044478233,-0.007597349402272635,-80713.49864623696
2023-05-22,0.3150096642471062,-819.0251270424761,0.0,0.0,0.0,0.0,-819.0251270424761,10542369.889098804,-7.768286556426695e-05,-0.007674442083964617,-81532.52377327904
2023-05-23,0.3150096642471062,1071.0328584401611,0.0,0.0,0.0,0.0,1071.0328584401611,10543440.921957245,0.00010159317778705984,-0.007573628577136615,-80461.49091483839
2023-05-24,0.3150096642471062,-3843.1179038146956,0.0,0.0,0.0,0.0,-3843.1179038146956,10539597.80405343,-0.0003645031951391893,-0.007935371160460725,-84304.60881865397
2023-05-25,0.3150096642471062,8505.260934671867,0.0,0.0,0.0,0.0,8505.260934671867,10548103.064988103,0.000806981546430626,-0.007134793312120524,-75799.34788398072
2023-05-26,0.3150096642471062,14364.440689668043,0.0,0.0,0.0,0.0,14364.440689668043,10562467.50567777,0.0013618032172388755,-0.005782706279368388,-61434.90719431266
2023-05-29,0.3150096642471062,8505.260934671867,0.0,0.0,0.0,0.0,8505.260934671867,10570972.766612442,0.0008052342816770732,-0.00498212843102841,-52929.646259641275
2023-05-30,0.3150096642471062,378.01159709652745,0.0,0.0,0.0,0.0,378.01159709652745,10571350.77820954,3.5759395605525194e-05,-0.004946547193324324,-52551.634662544355
2023-05-31,0.3150096642471062,-5481.168157899648,0.0,0.0,0.0,0.0,-5481.168157899648,10565869.61005164,-0.0005184926952947057,-0.005462475140032397,-58032.80282044411
2023-06-01,0.3150096642471062,-1197.0367241390036,0.0,0.0,0.0,0.0,-1197.0367241390036,10564672.5733275,-0.00011329277838146189,-0.005575149059428464,-59229.83954458311
2023-06-02,0.3150096642471062,15120.463883861097,0.0,0.0,0.0,0.0,15120.463883861097,10579793.03721136,0.0014312288221819149,-0.004151899551268379,-44109.375660723075
2023-06-05,0.3150096642471062,-1827.0560526332158,0.0,0.0,0.0,0.0,-1827.0560526332158,10577965.981158728,-0.00017269298616778936,-0.004323875533504329,-45936.431713355705
2023-06-06,0.3150096642471062,4158.127568061802,0.0,0.0,0.0,0.0,4158.127568061802,10582124.10872679,0.0003930933012516943,-0.003932481918760278,-41778.30414529331
2023-06-07,0.3150096642471062,8946.274464617816,0.0,0.0,0.0,0.0,8946.274464617816,10591070.383191407,0.000845413867074198,-0.0030903926264324033,-32832.02968067676
2023-06-08,0.3150096642471062,-10710.32858440161,0.0,0.0,0.0,0.0,-10710.32858440161,10580360.054607006,-0.0010112602595295252,-0.004098527694712306,-43542.358265077695
2023-06-09,0.3150096642471062,10647.32665155219,0.0,0.0,0.0,0.0,10647.32665155219,10591007.381258558,0.0010063293306276496,-0.003096322832716214,-32895.031613525
2023-06-12,0.3150096642471062,3402.1043738687467,0.0,0.0,0.0,0.0,3402.1043738687467,10594409.485632427,0.0003212257579849279,-0.0027760916933802227,-29492.92723965645
2023-06-13,0.3150096642471062,17514.537332139105,0.0,0.0,0.0,0.0,17514.537332139105,10611924.022964565,0.0016531867449423572,-0.001127494346428226,-11978.389907518402
2023-06-14,0.3150096642471062,-1071.0328584401611,0.0,0.0,0.0,0.0,-1071.0328584401611,10610852.990106126,-0.0001009273017901758,-0.0012283078532561165,-13049.422765957192
2023-06-15,0.3150096642471062,8442.259001822445,0.0,0.0,0.0,0.0,8442.259001822445,10619295.249107948,0.0007956249143866433,-0.00043366021120017084,-4607.163764135912
2023-06-16,0.3150096642471062,-4347.133366610065,0.0,0.0,0.0,0.0,-4347.133366610065,10614948.115741339,-0.0004093617575022446,-0.0008428444447960981,-8954.297130744904
2023-06-19,0.3150096642471062,-819.0251270424761,0.0,0.0,0.0,0.0,-819.0251270424761,10614129.090614296,-7.715771364232204e-05,-0.0009199371264880796,-9773.32225778699
2023-06-20,0.3150096642471062,-4158.127568061802,31.50096642471062,43.09080199169016,252.00773139768495,326.5994998140857,-4484.727067875887,10609644.36354642,-0.00042252426266810474,-0.0013420726934001426,-14258.049325663596
2023-06-21,0.3150096642471062,-504.0154627953699,0.0,0.0,0.0,0.0,-504.0154627953699,10609140.348083625,-4.75054059801582e-05,-0.0013895143436721824,-14762.064788458869
2023-06-26,0.3150096642471062,-7623.2338747799695,0.0,0.0,0.0,0.0,-7623.2338747799695,10601517.114208844,-0.0007185534006209078,-0.0021070693040362576,-22385.298663239926
2023-06-27,0.3150096642471062,-8631.264800370709,0.0,0.0,0.0,0.0,-8631.264800370709,10592885.849408474,-0.0008141537392608202,-0.0029195075649443014,-31016.563463609666
2023-06-28,0.3150096642471062,2079.063784030901,0.0,0.0,0.0,0.0,2079.063784030901,10594964.913192505,0.0001962698185921639,-0.0027238107575722204,-28937.49967957847
2023-06-29,0.3150096642471062,-1260.0386569884247,0.0,0.0,0.0,0.0,-1260.0386569884247,10593704.874535516,-0.00011892806321797873,-0.00284241488325232,-30197.53833656758
2023-06-30,0.3150096642471062,2016.0618511814796,0.0,0.0,0.0,0.0,2016.0618511814796,10595720.936386697,0.00019030753405520695,-0.0026526482821642716,-28181.47648538649
2023-07-03,0.3150096642471062,15561.477413807046,0.0,0.0,0.0,0.0,15561.477413807046,10611282.413800504,0.0014686567820380656,-0.0011878873300161796,-12619.999071579427
2023-07-04,0.3150096642471062,4473.137232308908,0.0,0.0,0.0,0.0,4473.137232308908,10615755.551032813,0.0004215453945972985,-0.0007668426838521869,-8146.861839270219
2023-07-05,0.3150096642471062,-6363.1952177915455,0.0,0.0,0.0,0.0,-6363.1952177915455,10609392.355815021,-0.0005994104882315669,-0.0013657935185362735,-14510.057057062164
2023-07-06,0.3150096642471062,-20097.616578965375,0.0,0.0,0.0,0.0,-20097.616578965375,10589294.739236057,-0.0018943230587517904,-0.00325752932313228,-34607.67363602668
2023-07-07,0.3150096642471062,-3969.121769513538,0.0,0.0,0.0,0.0,-3969.121769513538,10585325.617466543,-0.0003748239960501734,-0.003631132319024344,-38576.795405540615
2023-07-10,0.3150096642471062,-4599.141098007751,0.0,0.0,0.0,0.0,-4599.141098007751,10580726.476368535,-0.00043448272298953557,-0.004064037377756402,-43175.936503548175
2023-07-11,0.3150096642471062,20160.618511814795,0.0,0.0,0.0,0.0,20160.618511814795,10600887.09488035,0.0019054096669867062,-0.002166371366876252,-23015.31799173355
2023-07-12,0.3150096642471062,3465.106306718168,0.0,0.0,0.0,0.0,3465.106306718168,10604352.201187069,0.0003268694662724618,-0.0018402100212562278,-19550.21168501489
2023-07-13,0.3150096642471062,10017.307323057978,0.0,0.0,0.0,0.0,10017.307323057978,10614369.508510126,0.0009446411372433126,-0.0008973072221001299,-9532.904361957684
2023-07-14,0.3150096642471062,13104.402032679618,0.0,0.0,0.0,0.0,13104.402032679618,10627473.910542807,0.0012345907142363092,0.0,0.0
2023-07-17,0.3150096642471062,-63.00193284942124,0.0,0.0,0.0,0.0,-63.00193284942124,10627410.908609957,-5.928213362812515e-06,-5.928213362871304e-06,-63.00193285010755
2023-07-18,0.3150096642471062,-4158.127568061802,31.50096642471062,43.34154968443085,252.00773139768495,326.8502475068264,-4484.977815568628,10622925.930794388,-0.00042201979900250737,-0.0004279455105419272,-4547.979748418555
2023-07-19,0.3150096642471062,-5481.168157899648,0.0,0.0,0.0,0.0,-5481.168157899648,10617444.762636488,-0.0005159753719086473,-0.0009437000731066236,-10029.147906318307
2023-07-20,0.3150096642471062,2583.0792468262707,0.0,0.0,0.0,0.0,2583.0792468262707,10620027.841883315,0.00024328633720952357,-0.0007006433252313427,-7446.068659491837
2023-07-21,0.3150096642471062,-11466.351778594666,0.0,0.0,0.0,0.0,-11466.351778594666,10608561.49010472,-0.0010796913105419192,-0.0017795781572632619,-18912.420438086614
2023-07-24,0.3150096642471062,2331.071515428586,0.0,0.0,0.0,0.0,2331.071515428586,10610892.561620148,0.00021973492990571102,-0.001560234262839244,-16581.34892265871
2023-07-25,0.3150096642471062,12537.384637034826,0.0,0.0,0.0,0.0,12537.384637034826,10623429.946257183,0.0011815579664224334,-0.0003805198036395119,-4043.964285623282
2023-07-26,0.3150096642471062,-4914.150762254857,0.0,0.0,0.0,0.0,-4914.150762254857,10618515.795494929,-0.00046257666187992296,-0.0008429204459388107,-8958.115047877654
2023-07-27,0.3150096642471062,7497.230009081128,0.0,0.0,0.0,0.0,7497.230009081128,10626013.02550401,0.000706052536293438,-0.00013746305576411988,-1460.8850387968123
2023-07-28,0.3150096642471062,2583.0792468262707,0.0,0.0,0.0,0.0,2583.0792468262707,10628596.104750836,0.00024309016379205417,0.0,0.0
2023-07-31,0.3150096642471062,-10206.313121606241,0.0,0.0,0.0,0.0,-10206.313121606241,10618389.791629229,-0.0009602691664089257,-0.0009602691664090113,-10206.313121607527
2023-08-01,0.3150096642471062,5166.158493652541,0.0,0.0,0.0,0.0,5166.158493652541,10623555.950122882,0.00048652936980380653,-0.00047420699575762004,-5040.154627954587
2023-08-02,0.3150096642471062,-23184.711288587016,0.0,0.0,0.0,0.0,-23184.711288587016,10600371.238834295,-0.002182387083707018,-0.0026555591762419395,-28224.865916540846
2023-08-04,0.3150096642471062,630.0193284942123,0.0,0.0,0.0,0.0,630.0193284942123,10601001.258162789,5.943370418822185e-05,-0.0025962833017723064,-27594.84658804722
2023-08-07,0.3150096642471062,11214.34404719698,0.0,0.0,0.0,0.0,11214.34404719698,10612215.602209985,0.0010578570621866416,-0.0015411727362120153,-16380.502540851012
2023-08-08,0.3150096642471062,-9387.287994563765,0.0,0.0,0.0,0.0,-9387.287994563765,10602828.314215422,-0.0008845738106384561,-0.0024243832658102926,-25767.79053541459
2023-08-09,0.3150096642471062,-63.00193284942124,0.0,0.0,0.0,0.0,-63.00193284942124,10602765.312282573,-5.941993115643804e-06,-0.002430310853257178,-25830.792468262836
2023-08-10,0.3150096642471062,-12096.371107088878,0.0,0.0,0.0,0.0,-12096.371107088878,10590668.941175483,-0.0011408694572420711,-0.003568407643075311,-37927.1635753531
2023-08-11,0.3150096642471062,-2205.067649729743,0.0,0.0,0.0,0.0,-2205.067649729743,10588463.873525754,-0.00020820853356643565,-0.0037758732037191933,-40132.23122508265
2023-08-14,0.3150096642471062,-15561.477413807046,0.0,0.0,0.0,0.0,-15561.477413807046,10572902.396111947,-0.0014696633619079795,-0.005239987303120475,-55693.708638889715
2023-08-15,0.3150096642471062,2772.0850453745343,31.50096642471062,41.35572876101708,252.00773139768495,324.8644265834127,2447.220618791122,10575349.616730738,0.000231461572906514,-0.005009738585917023,-53246.48802009784
2023-08-16,0.3150096642471062,-1701.0521869343734,0.0,0.0,0.0,0.0,-1701.0521869343734,10573648.564543804,-0.00016085068093098527,-0.0051697834469851545,-54947.540207032114
2023-08-17,0.3150096642471062,5166.158493652541,0.0,0.0,0.0,0.0,5166.158493652541,10578814.723037457,0.0004885880651430023,-0.004683721276333763,-49781.381713379174
2023-08-18,0.3150096642471062,-6426.197150640966,0.0,0.0,0.0,0.0,-6426.197150640966,10572388.525886815,-0.0006074590886488118,-0.005288335195924643,-56207.57886402123
2023-08-21,0.3150096642471062,-63.00193284942124,0.0,0.0,0.0,0.0,-63.00193284942124,10572325.523953967,-5.959101171429624e-06,-0.005294262783371528,-56270.58079686947
2023-08-22,0.3150096642471062,3150.096642471062,0.0,0.0,0.0,0.0,3150.096642471062,10575475.620596437,0.00029795683412640043,-0.004997883411023141,-53120.484154399484
2023-08-23,0.3150096642471062,9954.305390208556,0.0,0.0,0.0,0.0,9954.305390208556,10585429.925986646,0.0009412631400541352,-0.004061324594402116,-43166.178764190525
2023-08-24,0.3150096642471062,12600.386569884247,0.0,0.0,0.0,0.0,12600.386569884247,10598030.31255653,0.0011903518948201616,-0.0028758071050083434,-30565.79219430685
2023-08-25,0.3150096642471062,-21294.65330310438,0.0,0.0,0.0,0.0,-21294.65330310438,10576735.659253426,-0.0020093029247023864,-0.0048793316620837635,-51860.44549741037
2023-08-28,0.3150096642471062,4347.133366610065,0.0,0.0,0.0,0.0,4347.133366610065,10581082.792620037,0.0004110089829849179,-0.004470328128242773,-47513.31213079952
2023-08-29,0.3150096642471062,8442.259001822445,0.0,0.0,0.0,0.0,8442.259001822445,10589525.051621858,0.0007978634292239589,-0.003676031410349112,-39071.05312897824
2023-08-30,0.3150096642471062,6300.193284942124,0.0,0.0,0.0,0.0,6300.193284942124,10595825.2449068,0.0005949457840866249,-0.003083272665652226,-32770.8598440364
2023-08-31,0.3150096642471062,-6048.185553544439,0.0,0.0,0.0,0.0,-6048.185553544439,10589777.059353257,-0.0005708083527001996,-0.0036523210605611256,-38819.04539757967
2023-09-01,0.3150096642471062,1449.0444555366885,0.0,0.0,0.0,0.0,1449.0444555366885,10591226.103808792,0.00013683427398094677,-0.0035159865492809805,-37370.00094204396
2023-09-04,0.3150096642471062,8253.253203274182,0.0,0.0,0.0,0.0,8253.253203274182,10599479.357012067,0.0007792538014372261,-0.0027394725937279762,-29116.747738769278
2023-09-05,0.3150096642471062,-1764.0541197837947,0.0,0.0,0.0,0.0,-1764.0541197837947,10597715.302892283,-0.00016642837448584564,-0.0029054450422432154,-30880.801858553663
2023-09-06,0.3150096642471062,-2709.0831125251134,0.0,0.0,0.0,0.0,-2709.0831125251134,10595006.219779758,-0.0002556289761610941,-0.0031603313024628488,-33589.884971078485
2023-09-07,0.3150096642471062,-9261.284128864922,0.0,0.0,0.0,0.0,-9261.284128864922,10585744.935650893,-0.000874117856729058,-0.004031686657167244,-42851.16909994371
2023-09-08,0.3150096642471062,-63.00193284942124,0.0,0.0,0.0,0.0,-63.00193284942124,10585681.933718044,-5.951582362167259e-06,-0.004037614244614129,-42914.17103279196
2023-09-11,0.3150096642471062,-8568.262867521289,0.0,0.0,0.0,0.0,-8568.262867521289,10577113.670850523,-0.0008094200185846534,-0.004843766137401895,-51482.43390031345
2023-09-12,0.3150096642471062,9198.282196015502,0.0,0.0,0.0,0.0,9198.282196015502,10586311.953046538,0.0008696401005280917,-0.003978338370144496,-42284.15170429833
2023-09-13,0.3150096642471062,252.00773139768495,0.0,0.0,0.0,0.0,252.00773139768495,10586563.960777935,2.380505434899469e-05,-0.003954628020356732,-42032.14397290163
2023-09-14,0.3150096642471062,16443.504473698944,0.0,0.0,0.0,0.0,16443.504473698944,10603007.465251634,0.0015532428212421269,-0.002407527696697831,-25588.63949920237
2023-09-15,0.3150096642471062,4284.1314337606445,0.0,0.0,0.0,0.0,4284.1314337606445,10607291.596685395,0.00040404870484159113,-0.0020044517503039483,-21304.508065441623
2023-09-18,0.3150096642471062,-12411.380771335984,0.0,0.0,0.0,0.0,-12411.380771335984,10594880.21591406,-0.0011700800961495523,-0.003172186477356731,-33715.88883677684
2023-09-19,0.3150096642471062,-6300.193284942124,31.50096642471062,41.87612472635332,252.00773139768495,325.3848225487489,-6625.578107490873,10588254.637806568,-0.0006253565847340974,-0.0037955593143892408,-40341.46694426797
2023-09-20,0.3150096642471062,-3843.1179038146956,0.0,0.0,0.0,0.0,-3843.1179038146956,10584411.519902753,-0.000362960472266355,-0.004157142148654369,-44184.584848083556
2023-09-21,0.3150096642471062,-16065.492876602415,0.0,0.0,0.0,0.0,-16065.492876602415,10568346.02702615,-0.0015178446951342667,-0.005668676947631401,-60250.07772468589
2023-09-22,0.3150096642471062,2268.0695825791645,0.0,0.0,0.0,0.0,2268.0695825791645,10570614.09660873,0.0002146097011565566,-0.005455283799540522,-57982.008142106235
2023-09-25,0.3150096642471062,7497.230009081128,0.0,0.0,0.0,0.0,7497.230009081128,10578111.32661781,0.000709252077557764,-0.004749900893351255,-50484.77813302539
2023-09-26,0.3150096642471062,-9828.301524509714,0.0,0.0,0.0,0.0,-9828.301524509714,10568283.025093302,-0.0009291168547053061,-0.005674604535078287,-60313.07965753414
2023-09-27,0.3150096642471062,189.00579854826373,0.0,0.0,0.0,0.0,189.00579854826373,10568472.03089185,1.788424837785749e-05,-0.005656821772737297,-60124.07385898568
2023-09-28,0.3150096642471062,3591.1101724170107,0.0,0.0,0.0,0.0,3591.1101724170107,10572063.141064268,0.0003397946422075136,-0.005318949288260155,-56532.96368656866
2023-10-02,0.3150096642471062,11907.365308540615,0.0,0.0,0.0,0.0,11907.365308540615,10583970.506372808,0.0011263047855143557,-0.0041986352607831234,-44625.59837802872
2023-10-03,0.3150096642471062,-9135.28026316608,0.0,0.0,0.0,0.0,-9135.28026316608,10574835.22610964,-0.00086312412318851,-0.005058135440593636,-53760.878641195595
2023-10-04,0.3150096642471062,-10521.322785853346,0.0,0.0,0.0,0.0,-10521.322785853346,10564313.903323788,-0.000994939643113855,-0.006048042544237298,-64282.20142704807
2023-10-05,0.3150096642471062,13293.407831227882,0.0,0.0,0.0,0.0,13293.407831227882,10577607.311155016,0.0012583313931106737,-0.004797321592927006,-50988.793595820665
2023-10-06,0.3150096642471062,4725.1449637065925,0.0,0.0,0.0,0.0,4725.1449637065925,10582332.456118722,0.00044671208003000003,-0.004352752534404369,-46263.64863211475
2023-10-11,0.3150096642471062,11718.35950999235,0.0,0.0,0.0,0.0,11718.35950999235,10594050.815628715,0.0011073512912757504,-0.0032502212692681054,-34545.28912212141
2023-10-12,0.3150096642471062,8253.253203274182,0.0,0.0,0.0,0.0,8253.253203274182,10602304.06883199,0.0007790460275212852,-0.002473707313715212,-26292.035918846726
2023-10-13,0.3150096642471062,-4914.150762254857,0.0,0.0,0.0,0.0,-4914.150762254857,10597389.918069733,-0.0004634983801965442,-0.002936059134578839,-31206.18668110296
2023-10-16,0.3150096642471062,-7686.235807629391,0.0,0.0,0.0,0.0,-7686.235807629391,10589703.682262104,-0.0007252951780629965,-0.0036592248031089847,-38892.42248873226
2023-10-17,0.3150096642471062,126.00386569884247,31.50096642471062,41.98700812816829,252.00773139768495,325.4957059505639,-199.49184025172138,10589504.190421853,-1.8838283509846728e-05,-0.003677994153104547,-39091.91432898305
2023-10-18,0.3150096642471062,-12852.394301281933,0.0,0.0,0.0,0.0,-12852.394301281933,10576651.796120571,-0.001213691790490706,-0.004887221992286195,-51944.308630265296
2023-10-19,0.3150096642471062,-630.0193284942123,0.0,0.0,0.0,0.0,-630.0193284942123,10576021.776792077,-5.956699158095554e-05,-0.004946497866755828,-52574.32795875892
2023-10-20,0.3150096642471062,-2835.0869782239556,0.0,0.0,0.0,0.0,-2835.0869782239556,10573186.689813852,-0.0002680674300846509,-0.0052132393018694545,-55409.41493698396
2023-10-23,0.3150096642471062,-10017.307323057978,0.0,0.0,0.0,0.0,-10017.307323057978,10563169.382490795,-0.0009474255602342286,-0.006155725705937476,-65426.72226004116
2023-10-24,0.3150096642471062,5103.156560803121,0.0,0.0,0.0,0.0,5103.156560803121,10568272.539051598,0.00048310846640989833,-0.00567559112273297,-60323.56569923833
2023-10-25,0.3150096642471062,1449.0444555366885,0.0,0.0,0.0,0.0,1449.0444555366885,10569721.583507136,0.000137112706942617,-0.005539256611452603,-58874.52124370076
2023-10-26,0.3150096642471062,-18207.55859348274,0.0,0.0,0.0,0.0,-18207.55859348274,10551514.024913652,-0.0017226147774690292,-0.007252329383626632,-77082.0798371844
2023-10-27,0.3150096642471062,5166.158493652541,0.0,0.0,0.0,0.0,5166.158493652541,10556680.183407305,0.0004896130054373708,-0.006766267212975241,-71915.92134353146
2023-10-30,0.3150096642471062,378.01159709652745,0.0,0.0,0.0,0.0,378.01159709652745,10557058.195004402,3.580780989185175e-05,-0.006730701688293372,-71537.90974643454
2023-10-31,0.3150096642471062,-10269.315054455661,0.0,0.0,0.0,0.0,-10269.315054455661,10546788.879949946,-0.0009727440035629528,-0.007696898442149269,-81807.22480089031
2023-11-01,0.3150096642471062,3402.1043738687467,0.0,0.0,0.0,0.0,3402.1043738687467,10550190.984323815,0.0003225725301410312,-0.007376808720013006,-78405.12042702176
2023-11-02,0.3150096642471062,21546.661034502064,0.0,0.0,0.0,0.0,21546.661034502064,10571737.645358317,0.002042300567498498,-0.005349573813149711,-56858.45939251967
2023-11-03,0.3150096642471062,7686.235807629391,0.0,0.0,0.0,0.0,7686.235807629391,10579423.881165946,0.0007270551034724316,-0.004626408144619454,-49172.223584890366
2023-11-06,0.3150096642471062,9954.305390208556,0.0,0.0,0.0,0.0,9954.305390208556,10589378.186556155,0.0009409118589084743,-0.003689849327998429,-39217.918194681406
2023-11-07,0.3150096642471062,2457.0753811274285,0.0,0.0,0.0,0.0,2457.0753811274285,10591835.261937281,0.00023203207382344997,-0.003458673417566782,-36760.84281355515
2023-11-08,0.3150096642471062,2520.0773139768494,0.0,0.0,0.0,0.0,2520.0773139768494,10594355.33925126,0.00023792640762011993,-0.0032215699196879166,-34240.765499576926
2023-11-09,0.3150096642471062,882.0270598918974,0.0,0.0,0.0,0.0,882.0270598918974,10595237.36631115,8.325443423858514e-05,-0.003138583695430408,-33358.7384396866
2023-11-10,0.3150096642471062,-1701.0521869343734,0.0,0.0,0.0,0.0,-1701.0521869343734,10593536.314124215,-0.00016054875677850092,-0.0032986285564986506,-35059.790626620874
2023-11-13,0.3150096642471062,8820.270598918973,0.0,0.0,0.0,0.0,8820.270598918973,10602356.584723135,0.0008326087094409661,-0.002468766313922899,-26239.52002770081
2023-11-14,0.3150096642471062,4599.141098007751,31.50096642471062,42.736731129076404,252.00773139768495,326.24542895147204,4272.895669056278,10606629.480392192,0.0004030137672612393,-0.0020667474934743524,-21966.62435864471
2023-11-15,0.3150096642471062,12222.37497278772,0.0,0.0,0.0,0.0,12222.37497278772,10618851.855364978,0.0011523335471822086,-0.0009167955287624485,-9744.249385857955
2023-11-16,0.3150096642471062,1512.0463883861098,0.0,0.0,0.0,0.0,1512.0463883861098,10620363.901753366,0.0001423926436662902,-0.0007745334300350848,-8232.202997470275
2023-11-17,0.3150096642471062,2268.0695825791645,0.0,0.0,0.0,0.0,2268.0695825791645,10622631.971335944,0.00021355855633202155,-0.0005611402819443168,-5964.13341489248
2023-11-20,0.3150096642471062,-1386.0425226872671,0.0,0.0,0.0,0.0,-1386.0425226872671,10621245.928813256,-0.00013048014149669848,-0.0006915472057776872,-7350.175937579945
2023-11-21,0.3150096642471062,13545.415562625567,0.0,0.0,0.0,0.0,13545.415562625567,10634791.344375882,0.0012753132404061597,0.0,0.0
2023-11-22,0.3150096642471062,-8253.253203274182,0.0,0.0,0.0,0.0,-8253.253203274182,10626538.09117261,-0.0007760616015883418,-0.0007760616015881627,-8253.25320327282
2023-11-23,0.3150096642471062,1449.0444555366885,0.0,0.0,0.0,0.0,1449.0444555366885,10627987.135628145,0.0001363609148251583,-0.0006398065112330764,-6804.20874773711
2023-11-24,0.3150096642471062,-882.0270598918974,0.0,0.0,0.0,0.0,-882.0270598918974,10627105.108568253,-8.299097925467774e-05,-0.000722744392318897,-7686.235807629302
2023-11-27,0.3150096642471062,-7560.231941930549,0.0,0.0,0.0,0.0,-7560.231941930549,10619544.876626322,-0.0007114102913911151,-0.0014336405159113275,-15246.467749560252
2023-11-28,0.3150096642471062,12033.369174239457,0.0,0.0,0.0,0.0,12033.369174239457,10631578.245800562,0.0011331341704412371,-0.00030213085252672744,-3213.098575320095
2023-11-29,0.3150096642471062,-1890.0579854826372,0.0,0.0,0.0,0.0,-1890.0579854826372,10629688.18781508,-0.00017777774303915825,-0.00047985488342483507,-5103.156560802832
2023-11-30,0.3150096642471062,3717.114038115853,0.0,0.0,0.0,0.0,3717.114038115853,10633405.301853195,0.0003496917287166353,-0.00013033095599190858,-1386.042522687465
2023-12-01,0.3150096642471062,1764.0541197837947,0.0,0.0,0.0,0.0,1764.0541197837947,10635169.35597298,0.00016589738373617288,0.0,0.0
2023-12-04,0.3150096642471062,-126.00386569884247,0.0,0.0,0.0,0.0,-126.00386569884247,10635043.35210728,-1.1847847597093085e-05,-1.184784759700186e-05,-126.00386569835246
2023-12-05,0.3150096642471062,-6930.212613436336,0.0,0.0,0.0,0.0,-6930.212613436336,10628113.139493844,-0.0006516393383636888,-0.0006634794654372111,-7056.216479135677
2023-12-06,0.3150096642471062,4536.139165158329,0.0,0.0,0.0,0.0,4536.139165158329,10632649.278659003,0.00042680569030660126,-0.00023695695194181354,-2520.0773139763623
2023-12-07,0.3150096642471062,-6993.214546285757,0.0,0.0,0.0,0.0,-6993.214546285757,10625656.064112717,-0.0006577113909251172,-0.0008945124935804127,-9513.291860261932
2023-12-08,0.3150096642471062,6741.206814888073,0.0,0.0,0.0,0.0,6741.206814888073,10632397.270927604,0.0006344273496349977,-0.0002606526471360393,-2772.08504537493
2023-12-11,0.3150096642471062,2583.0792468262707,0.0,0.0,0.0,0.0,2583.0792468262707,10634980.35017443,0.00024294419978918965,-1.777177139561381e-05,-189.00579854846
2023-12-12,0.3150096642471062,2898.088911073377,0.0,0.0,0.0,0.0,2898.088911073377,10637878.439085504,0.0002725053376357055,0.0,0.0
2023-12-13,0.3150096642471062,-693.0212613436336,0.0,0.0,0.0,0.0,-693.0212613436336,10637185.41782416,-6.514656708214931e-05,-6.514656708211941e-05,-693.0212613437325
2023-12-14,0.3150096642471062,13419.411696926723,0.0,0.0,0.0,0.0,13419.411696926723,10650604.829521088,0.0012615566214010461,0.0,0.0
2023-12-15,0.3150096642471062,504.0154627953699,0.0,0.0,0.0,0.0,504.0154627953699,10651108.844983883,4.732270803986193e-05,0.0,0.0
2023-12-18,0.3150096642471062,-1197.0367241390036,0.0,0.0,0.0,0.0,-1197.0367241390036,10649911.808259744,-0.00011238611317945037,-0.00011238611317943015,-1197.036724139005
2023-12-19,0.3150096642471062,-5103.156560803121,31.50096642471062,44.2727182519453,252.00773139768495,327.7814160743409,-5430.937976877462,10644480.870282866,-0.0005099514507402205,-0.0006222802524582516,-6627.974701017141
2023-12-20,0.3150096642471062,6174.189419243281,0.0,0.0,0.0,0.0,6174.189419243281,10650655.05970211,0.0005800366870384736,-4.26045107958517e-05,-453.7852817736566
2023-12-21,0.3150096642471062,-8253.253203274182,0.0,0.0,0.0,0.0,-8253.253203274182,10642401.806498835,-0.0007749056895571848,-0.000817477185875215,-8707.038485048339
2023-12-22,0.3150096642471062,1827.0560526332158,0.0,0.0,0.0,0.0,1827.0560526332158,10644228.86255147,0.00017167704112783217,-0.0006459404868117691,-6879.982432413846
2023-12-25,0.3150096642471062,4032.123702362959,0.0,0.0,0.0,0.0,4032.123702362959,10648260.986253832,0.00037880843736353494,-0.000267376737154712,-2847.8587300516665
2023-12-26,0.3150096642471062,7119.2184119846,0.0,0.0,0.0,0.0,7119.2184119846,10655380.204665815,0.0006685803833297304,0.0,0.0
2023-12-27,0.3150096642471062,7686.235807629391,0.0,0.0,0.0,0.0,7686.235807629391,10663066.440473445,0.0007213478693386948,0.0,0.0
2023-12-28,0.3150096642471062,504.0154627953699,0.0,0.0,0.0,0.0,504.0154627953699,10663570.455936242,4.726740338804373e-05,0.0,0.0
2023-12-29,0.3150096642471062,189.00579854826373,0.0,0.0,0.0,0.0,189.00579854826373,10663759.461734788,1.7724438482332825e-05,0.0,0.0
2024-01-02,0.3150096642471062,-4410.135299459486,0.0,0.0,0.0,0.0,-4410.135299459486,10659349.32643533,-0.0004135629010842338,-0.0004135629010841857,-4410.1352994591
2024-01-03,0.3150096642471062,-15876.487078054151,0.0,0.0,0.0,0.0,-15876.487078054151,10643472.839357276,-0.0014894424220322953,-0.0019023893449874318,-20286.622377512977
2024-01-04,0.3150096642471062,0.0,0.0,0.0,0.0,0.0,0.0,10643472.839357276,0.0,-0.0019023893449874318,-20286.622377512977
2024-01-05,0.3150096642471062,-1701.0521869343734,0.0,0.0,0.0,0.0,-1701.0521869343734,10641771.787170341,-0.00015982116106354384,-0.002061906463977081,-21987.674564447254
2024-01-08,0.3150096642471062,4788.146896556014,0.0,0.0,0.0,0.0,4788.146896556014,10646559.934066897,0.00044993888163703875,-0.0016128953142284796,-17199.527667891234
2024-01-09,0.3150096642471062,-3150.096642471062,0.0,0.0,0.0,0.0,-3150.096642471062,10643409.837424425,-0.00029587929453075,-0.0019082973864315012,-20349.624310363084
2024-01-10,0.3150096642471062,-5481.168157899648,0.0,0.0,0.0,0.0,-5481.168157899648,10637928.669266526,-0.000514982345096468,-0.002422296992064865,-25830.792468262836
2024-01-11,0.3150096642471062,7371.226143382285,0.0,0.0,0.0,0.0,7371.226143382285,10645299.895409908,0.0006929193053040581,-0.0017310561431097549,-18459.566324880347
2024-01-12,0.3150096642471062,-5418.166225050227,0.0,0.0,0.0,0.0,-5418.166225050227,10639881.729184859,-0.0005089726243773045,-0.0022391477072988275,-23877.73254992999
2024-01-15,0.3150096642471062,4410.135299459486,0.0,0.0,0.0,0.0,4410.135299459486,10644291.864484318,0.00041449100767376246,-0.0018255848062146418,-19467.59725047089
2024-01-16,0.3150096642471062,-14238.4368239692,31.50096642471062,43.715781165556415,252.00773139768495,327.224478987952,-14565.66130295715,10629726.203181362,-0.0013684011570141976,-0.0031914878308676453,-34033.25855342671
2024-01-17,0.3150096642471062,-7938.243539027076,0.0,0.0,0.0,0.0,-7938.243539027076,10621787.959642334,-0.000746796614258159,-0.003935901052819379,-41971.50209245458
2024-01-18,0.3150096642471062,2835.0869782239556,0.0,0.0,0.0,0.0,2835.0869782239556,10624623.046620557,0.0002669124058017273,-0.0036700391878367045,-39136.41511423141
2024-01-19,0.3150096642471062,25074.76927406965,0.0,0.0,0.0,0.0,25074.76927406965,10649697.815894628,0.002360062014816172,-0.00131863869310056,-14061.645840160549
2024-01-22,0.3150096642471062,8757.268666069553,0.0,0.0,0.0,0.0,8757.268666069553,10658455.084560698,0.0008223020800645974,-0.0004974209323761469,-5304.377174090594
2024-01-23,0.3150096642471062,3339.102441019326,0.0,0.0,0.0,0.0,3339.102441019326,10661794.187001716,0.0003132820295744532,-0.0001842947358410285,-1965.2747330721468
2024-01-24,0.3150096642471062,2079.063784030901,0.0,0.0,0.0,0.0,2079.063784030901,10663873.250785748,0.0001950013053680574,0.0,0.0
2024-01-25,0.3150096642471062,5796.177822146754,0.0,0.0,0.0,0.0,5796.177822146754,10669669.428607894,0.0005435340130022339,0.0,0.0
2024-01-26,0.3150096642471062,252.00773139768495,0.0,0.0,0.0,0.0,252.00773139768495,10669921.436339293,2.3619075837719295e-05,0.0,0.0
2024-01-29,0.3150096642471062,7938.243539027076,0.0,0.0,0.0,0.0,7938.243539027076,10677859.679878319,0.0007439833166897788,0.0,0.0
2024-01-30,0.3150096642471062,-2772.0850453745343,0.0,0.0,0.0,0.0,-2772.0850453745343,10675087.594832944,-0.0002596105519721649,-0.0002596105519722114,-2772.08504537493
2024-01-31,0.3150096642471062,-10143.31118875682,0.0,0.0,0.0,0.0,-10143.31118875682,10664944.283644188,-0.0009501852887527105,-0.001209549162597523,-12915.396234130487
2024-02-01,0.3150096642471062,4158.127568061802,0.0,0.0,0.0,0.0,4158.127568061802,10669102.411212249,0.0003898874159557239,-0.0008201333346393724,-8757.268666069955
2024-02-02,0.3150096642471062,6174.189419243281,0.0,0.0,0.0,0.0,6174.189419243281,10675276.600631492,0.0005786981117319461,-0.0002419098325194824,-2583.07924682647
2024-02-05,0.3150096642471062,126.00386569884247,0.0,0.0,0.0,0.0,126.00386569884247,10675402.60449719,1.1803334977886077e-05,-0.00023010935288447776,-2457.0753811281174
2024-02-15,0.3150096642471062,36604.12298551374,0.0,0.0,0.0,0.0,36604.12298551374,10712006.727482704,0.0034288283394664338,0.0,0.0
2024-02-16,0.3150096642471062,-2079.063784030901,0.0,0.0,0.0,0.0,-2079.063784030901,10709927.663698675,-0.0001940872365862933,-0.0001940872365860935,-2079.063784029335
2024-02-19,0.3150096642471062,2331.071515428586,0.0,0.0,0.0,0.0,2331.071515428586,10712258.735214103,0.000217655206330642,0.0,0.0
2024-02-20,0.3150096642471062,5166.158493652541,31.50096642471062,47.270350216920754,252.00773139768495,330.7790480393163,4835.3794456132255,10717094.114659715,0.00045138747720105193,0.0,0.0
2024-02-21,0.3150096642471062,-4410.135299459486,0.0,0.0,0.0,0.0,-4410.135299459486,10712683.979360256,-0.0004115047654034262,-0.0004115047654034143,-4410.1352994591
2024-02-22,0.3150096642471062,12411.380771335984,0.0,0.0,0.0,0.0,12411.380771335984,10725095.360131593,0.001158568739192582,0.0,0.0
2024-02-23,0.3150096642471062,1512.0463883861098,0.0,0.0,0.0,0.0,1512.0463883861098,10726607.40651998,0.00014098209271004166,0.0,0.0
2024-02-26,0.3150096642471062,3150.096642471062,0.0,0.0,0.0,0.0,3150.096642471062,10729757.50316245,0.0002936712907527809,0.0,0.0
2024-02-27,0.3150096642471062,-6048.185553544439,0.0,0.0,0.0,0.0,-6048.185553544439,10723709.317608906,-0.0005636833406311205,-0.0005636833406310604,-6048.18555354327
2024-02-29,0.3150096642471062,6237.191352092703,0.0,0.0,0.0,0.0,6237.191352092703,10729946.508960998,0.0005816262980805439,0.0,0.0
2024-03-01,0.3150096642471062,-315.0096642471062,0.0,0.0,0.0,0.0,-315.0096642471062,10729631.49929675,-2.9357990180475672e-05,-2.935799018044527e-05,-315.00966424681246
2024-03-04,0.3150096642471062,22239.682295845698,0.0,0.0,0.0,0.0,22239.682295845698,10751871.181592597,0.0020727349580741284,0.0,0.0
2024-03-05,0.3150096642471062,4725.1449637065925,0.0,0.0,0.0,0.0,4725.1449637065925,10756596.326556303,0.00043947187274677625,0.0,0.0
2024-03-06,0.3150096642471062,7560.231941930549,0.0,0.0,0.0,0.0,7560.231941930549,10764156.558498234,0.0007028461152963001,0.0,0.0
2024-03-07,0.3150096642471062,12600.386569884247,0.0,0.0,0.0,0.0,12600.386569884247,10776756.945068117,0.0011705874493191314,0.0,0.0
2024-03-08,0.3150096642471062,5166.158493652541,0.0,0.0,0.0,0.0,5166.158493652541,10781923.10356177,0.0004793796983624824,0.0,0.0
2024-03-11,0.3150096642471062,-4788.146896556014,0.0,0.0,0.0,0.0,-4788.146896556014,10777134.956665214,-0.0004440902472189091,-0.0004440902472189201,-4788.14689655602
2024-03-12,0.3150096642471062,15120.463883861097,0.0,0.0,0.0,0.0,15120.463883861097,10792255.420549076,0.0014030133189071473,0.0,0.0
2024-03-13,0.3150096642471062,-1764.0541197837947,0.0,0.0,0.0,0.0,-1764.0541197837947,10790491.366429292,-0.00016345555688247835,-0.00016345555688257463,-1764.054119784385
2024-03-14,0.3150096642471062,756.0231941930549,0.0,0.0,0.0,0.0,756.0231941930549,10791247.389623486,7.006383384404046e-05,-9.34031753614395e-05,-1008.0309255905449
2024-03-15,0.3150096642471062,-13167.403965529038,0.0,0.0,0.0,0.0,-13167.403965529038,10778079.985657956,-0.0012201929480544008,-0.001313482153519896,-14175.4348911196
2024-03-18,0.3150096642471062,11907.365308540615,0.0,0.0,0.0,0.0,11907.365308540615,10789987.350966496,0.0011047761126643486,-0.00021015714456318335,-2268.0695825796574
2024-03-19,0.3150096642471062,-3276.1005081699045,31.50096642471062,50.08779665394688,252.00773139768495,333.5964944763424,-3609.6970026462473,10786377.65396385,-0.00033454135628091487,-0.0005446281945878928,-5877.766585225239
2024-03-20,0.3150096642471062,-3213.098575320483,0.0,0.0,0.0,0.0,-3213.098575320483,10783164.55538853,-0.0002978848579568983,-0.0008423508160524396,-9090.865160545334
2024-03-21,0.3150096642471062,27153.833058100554,0.0,0.0,0.0,0.0,27153.833058100554,10810318.38844663,0.0025181692181940525,0.0,0.0
2024-03-22,0.3150096642471062,-1386.0425226872671,0.0,0.0,0.0,0.0,-1386.0425226872671,10808932.345923943,-0.000128214773412093,-0.000128214773412072,-1386.042522687465
2024-03-25,0.3150096642471062,-693.0212613436336,0.0,0.0,0.0,0.0,-693.0212613436336,10808239.3246626,-6.411560727410533e-05,-0.000192322160118219,-2079.0637840311974
2024-03-26,0.3150096642471062,-2772.0850453745343,0.0,0.0,0.0,0.0,-2772.0850453745343,10805467.239617225,-0.00025647887339514205,-0.000448751706942363,-4851.148829406127
2024-03-27,0.3150096642471062,4662.143030857172,0.0,0.0,0.0,0.0,4662.143030857172,10810129.382648082,0.0004314614932859048,-1.7483832738030003e-05,-189.00579854846
2024-03-28,0.3150096642471062,-3654.1121052664316,0.0,0.0,0.0,0.0,-3654.1121052664316,10806475.270542815,-0.0003380266762701141,-0.000355504599006351,-3843.1179038155824
2024-03-29,0.3150096642471062,4851.148829405435,0.0,0.0,0.0,0.0,4851.148829405435,10811326.419372221,0.0004489112969729453,0.0,0.0
2024-04-01,0.3150096642471062,504.0154627953699,0.0,0.0,0.0,0.0,504.0154627953699,10811830.434835017,4.661920686181968e-05,0.0,0.0
2024-04-02,0.3150096642471062,14805.454219613992,0.0,0.0,0.0,0.0,14805.454219613992,10826635.88905463,0.0013693753623726635,0.0,0.0
2024-04-03,0.3150096642471062,-10962.336315799295,0.0,0.0,0.0,0.0,-10962.336315799295,10815673.55273883,-0.0010125339420421309,-0.0010125339420421486,-10962.336315799505
2024-04-08,0.3150096642471062,6363.1952177915455,0.0,0.0,0.0,0.0,6363.1952177915455,10822036.747956622,0.0005883309242613195,-0.0004247987228107597,-4599.14109800756
2024-04-09,0.3150096642471062,26712.819528154607,0.0,0.0,0.0,0.0,26712.819528154607,10848749.567484777,0.0024683726502036157,0.0,0.0
2024-04-10,0.3150096642471062,-1449.0444555366885,0.0,0.0,0.0,0.0,-1449.0444555366885,10847300.523029242,-0.00013356787771004298,-0.00013356787770990586,-1449.0444555357099
2024-04-11,0.3150096642471062,-6174.189419243281,0.0,0.0,0.0,0.0,-6174.189419243281,10841126.333609998,-0.0005691913307034535,-0.0007026831827353641,-7623.233874779195
2024-04-12,0.3150096642471062,126.00386569884247,0.0,0.0,0.0,0.0,126.00386569884247,10841252.337475697,1.1622765183374108e-05,-0.0006910685846737152,-7497.230009080842
2024-04-15,0.3150096642471062,-15561.477413807046,0.0,0.0,0.0,0.0,-15561.477413807046,10825690.86006189,-0.0014353948168898002,-0.0021254714452989543,-23058.707422887906
2024-04-16,0.3150096642471062,-34966.07273142879,31.50096642471062,50.31838372817575,252.00773139768495,333.8270815505713,-35299.89981297936,10790390.96024891,-0.003260752617942164,-0.005379293426661436,-58358.60723586753
2024-04-17,0.3150096642471062,12852.394301281933,0.0,0.0,0.0,0.0,12852.394301281933,10803243.354550192,0.00119109625857203,-0.0041946044243637015,-45506.21293458529
2024-04-18,0.3150096642471062,10899.334382949874,0.0,0.0,0.0,0.0,10899.334382949874,10814142.688933142,0.0010088946462877937,-0.003189941692023024,-34606.87855163589
2024-04-19,0.3150096642471062,-51157.569473730044,0.0,0.0,0.0,0.0,-51157.569473730044,10762985.119459411,-0.0047306172061224155,-0.007905468505090663,-85764.44802536629
2024-04-22,0.3150096642471062,-1386.0425226872671,0.0,0.0,0.0,0.0,-1386.0425226872671,10761599.076936724,-0.00012877863411529862,-0.0080332290837698,-87150.49054805376
2024-04-23,0.3150096642471062,9639.295725961449,0.0,0.0,0.0,0.0,9639.295725961449,10771238.372662686,0.0008957122131244888,-0.007144712332046388,-77511.19482209161
2024-04-24,0.3150096642471062,31059.952894764672,0.0,0.0,0.0,0.0,31059.952894764672,10802298.32555745,0.0028836009212826054,-0.004281713909826901,-46451.24192732759
2024-04-25,0.3150096642471062,-17955.550862085052,0.0,0.0,0.0,0.0,-17955.550862085052,10784342.774695365,-0.0016621972770001665,-0.005936794133625245,-64406.79278941266
2024-04-26,0.3150096642471062,18459.566324880423,0.0,0.0,0.0,0.0,18459.566324880423,10802802.341020245,0.0017117006303058527,-0.004235255517579861,-45947.226464532316
2024-04-29,0.3150096642471062,23562.722885683543,0.0,0.0,0.0,0.0,23562.722885683543,10826365.06390593,0.0021811676398272614,-0.0020633256800338673,-22384.503578847274
2024-04-30,0.3150096642471062,-8757.268666069553,0.0,0.0,0.0,0.0,-8757.268666069553,10817607.79523986,-0.0008088835555033566,-0.0028705402453249595,-31141.77224491723
2024-05-02,0.3150096642471062,-7686.235807629391,0.0,0.0,0.0,0.0,-7686.235807629391,10809921.55943223,-0.0007105300869764952,-0.0035790307270913146,-38828.00805254653
2024-05-03,0.3150096642471062,5733.175889297333,0.0,0.0,0.0,0.0,5733.175889297333,10815654.735321527,0.0005303623951179213,-0.003050566515282127,-33094.832163250074
2024-05-06,0.3150096642471062,13860.425226872672,0.0,0.0,0.0,0.0,13860.425226872672,10829515.1605484,0.001281515133948165,-0.0017729607284903137,-19234.406936377287
2024-05-07,0.3150096642471062,3024.0927767722196,0.0,0.0,0.0,0.0,3024.0927767722196,10832539.253325174,0.00027924544468887206,-0.001494210375008409,-16210.31415960379
2024-05-08,0.3150096642471062,4725.1449637065925,0.0,0.0,0.0,0.0,4725.1449637065925,10837264.39828888,0.0004361992006865938,-0.0010586629476930787,-11485.169195897877
2024-05-09,0.3150096642471062,-7119.2184119846,0.0,0.0,0.0,0.0,-7119.2184119846,10830145.179876896,-0.0006569202476142106,-0.0017148877381815142,-18604.3876078818
2024-05-10,0.3150096642471062,12411.380771335984,0.0,0.0,0.0,0.0,12411.380771335984,10842556.56064823,0.0011460031758758992,-0.0005708498290999398,-6193.006836546585
2024-05-13,0.3150096642471062,4662.143030857172,0.0,0.0,0.0,0.0,4662.143030857172,10847218.703679089,0.0004299855854824742,-0.00014110970081537832,-1530.8638056889176
2024-05-14,0.3150096642471062,8190.251270424761,31.50096642471062,52.955644637252526,252.00773139768495,336.4643424596481,7853.786927965113,10855072.490607053,0.0007240369298815113,0.0,0.0
2024-05-15,0.3150096642471062,14679.450353915148,0.0,0.0,0.0,0.0,14679.450353915148,10869751.940960968,0.0013523125125711826,0.0,0.0
2024-05-16,0.3150096642471062,7749.237740478812,0.0,0.0,0.0,0.0,7749.237740478812,10877501.178701447,0.0007129176252198559,0.0,0.0
2024-05-17,0.3150096642471062,-2142.0657168803223,0.0,0.0,0.0,0.0,-2142.0657168803223,10875359.112984566,-0.00019692626842225186,-0.0001969262684223816,-2142.065716881305
2024-05-20,0.3150096642471062,-2142.0657168803223,0.0,0.0,0.0,0.0,-2142.0657168803223,10873217.047267687,-0.00019696505601574264,-0.00039385253684454113,-4284.131433760747
2024-05-21,0.3150096642471062,-1575.048321235531,0.0,0.0,0.0,0.0,-1575.048321235531,10871641.99894645,-0.00014485577859694453,-0.0005386512636256224,-5859.179754996672
2024-05-22,0.3150096642471062,19278.591451922897,0.0,0.0,0.0,0.0,19278.591451922897,10890920.590398373,0.0017732916015622247,0.0,0.0
2024-05-23,0.3150096642471062,1323.040589837846,0.0,0.0,0.0,0.0,1323.040589837846,10892243.630988212,0.00012148106111472908,0.0,0.0
2024-05-24,0.3150096642471062,-2457.0753811274285,0.0,0.0,0.0,0.0,-2457.0753811274285,10889786.555607084,-0.0002255802811954278,-0.0002255802811954588,-2457.0753811281174
2024-05-27,0.3150096642471062,19530.599183320584,0.0,0.0,0.0,0.0,19530.599183320584,10909317.154790405,0.001793478603422617,0.0,0.0
2024-05-28,0.3150096642471062,4977.152695104278,0.0,0.0,0.0,0.0,4977.152695104278,10914294.30748551,0.0004562295352206122,0.0,0.0
2024-05-29,0.3150096642471062,-14616.448421065727,0.0,0.0,0.0,0.0,-14616.448421065727,10899677.859064443,-0.0013392023349637103,-0.0013392023349637627,-14616.448421066627
2024-05-30,0.3150096642471062,-20853.63977315843,0.0,0.0,0.0,0.0,-20853.63977315843,10878824.219291285,-0.0019132345049827344,-0.0032498746318301297,-35470.08819422498
2024-05-31,0.3150096642471062,-6678.204882038652,0.0,0.0,0.0,0.0,-6678.204882038652,10872146.014409246,-0.0006138719357369773,-0.003861751560735982,-42148.29307626374
2024-06-03,0.3150096642471062,23247.713221436436,0.0,0.0,0.0,0.0,23247.713221436436,10895393.727630682,0.0021382819169854235,-0.0017317271572807602,-18900.579854827374
2024-06-04,0.3150096642471062,-21042.645571706693,0.0,0.0,0.0,0.0,-21042.645571706693,10874351.082058975,-0.001931334112170964,-0.0036597167257198526,-39943.22542653419
2024-06-05,0.3150096642471062,9009.276397467236,0.0,0.0,0.0,0.0,9009.276397467236,10883360.358456444,0.0008284886453897163,-0.0028342601140827206,-30933.94902906567
2024-06-06,0.3150096642471062,25956.79633396155,0.0,0.0,0.0,0.0,25956.79633396155,10909317.154790405,0.0023849983349851084,-0.00045602148475054616,-4977.15269510448
2024-06-07,0.3150096642471062,1386.0425226872671,0.0,0.0,0.0,0.0,1386.0425226872671,10910703.197313093,0.0001270512629728287,-0.0003290281598833378,-3591.110172417015
2024-06-11,0.3150096642471062,-6237.191352092703,0.0,0.0,0.0,0.0,-6237.191352092703,10904466.005960999,-0.0005716580535000434,-0.000900498121786053,-9828.301524510607
2024-06-12,0.3150096642471062,15624.479346656468,0.0,0.0,0.0,0.0,15624.479346656468,10920090.485307656,0.0014328513966768517,0.0,0.0
2024-06-13,0.3150096642471062,17451.53539928968,0.0,0.0,0.0,0.0,17451.53539928968,10937542.020706946,0.001598112710033832,0.0,0.0
2024-06-14,0.3150096642471062,11844.363375691193,0.0,0.0,0.0,0.0,11844.363375691193,10949386.384082636,0.0010829090624993672,0.0,0.0
2024-06-17,0.3150096642471062,-2142.0657168803223,0.0,0.0,0.0,0.0,-2142.0657168803223,10947244.318365756,-0.0001956334027991094,-0.00019563340279904473,-2142.0657168794423
2024-06-18,0.3150096642471062,19467.597250471164,31.50096642471062,57.27379711475187,252.00773139768495,340.7824949371474,19126.814755534015,10966371.13312129,0.0017471807698167217,0.0,0.0
2024-06-19,0.3150096642471062,29043.89104358319,0.0,0.0,0.0,0.0,29043.89104358319,10995415.024164874,0.0026484504938797024,0.0,0.0
2024-06-20,0.3150096642471062,15687.481279505888,0.0,0.0,0.0,0.0,15687.481279505888,11011102.50544438,0.001426729345370698,0.0,0.0
2024-06-21,0.3150096642471062,-10584.324718702768,0.0,0.0,0.0,0.0,-10584.324718702768,11000518.180725677,-0.0009612411394289905,-0.0009612411394289699,-10584.324718702585
2024-06-24,0.3150096642471062,-29232.896842131453,0.0,0.0,0.0,0.0,-29232.896842131453,10971285.283883546,-0.002657410893002409,-0.003616097619756675,-39817.221560833976
2024-06-25,0.3150096642471062,-189.00579854826373,0.0,0.0,0.0,0.0,-189.00579854826373,10971096.278084997,-1.7227316003340736e-05,-0.0036332626401036627,-40006.227359382436
2024-06-26,0.3150096642471062,8127.24933757534,0.0,0.0,0.0,0.0,8127.24933757534,10979223.527422572,0.0007407873499214201,-0.0028951667651849755,-31878.97802180797
2024-06-27,0.3150096642471062,-4977.152695104278,0.0,0.0,0.0,0.0,-4977.152695104278,10974246.374727467,-0.0004533246529386118,-0.003347178967654574,-36856.13071691245
2024-06-28,0.3150096642471062,11970.367241390035,0.0,0.0,0.0,0.0,11970.367241390035,10986216.741968857,0.0010907689542086945,-0.0022600610123479914,-24885.7634755224
2024-07-01,0.3150096642471062,504.0154627953699,0.0,0.0,0.0,0.0,504.0154627953699,10986720.757431652,4.587707257494398e-05,-0.0022142876247561727,-24381.748012727126
2024-07-02,0.3150096642471062,-10080.309255907398,0.0,0.0,0.0,0.0,-10080.309255907398,10976640.448175745,-0.000917499359314185,-0.003129755376593324,-34462.05726863444
2024-07-03,0.3150096642471062,22302.684228695118,0.0,0.0,0.0,0.0,22302.684228695118,10998943.132404441,0.0020318315366157137,-0.00110428297565357,-12159.37303993851
2024-07-04,0.3150096642471062,27657.848520895925,0.0,0.0,0.0,0.0,27657.848520895925,11026600.980925336,0.002514591464648271,0.0,0.0
2024-07-05,0.3150096642471062,-3402.1043738687467,0.0,0.0,0.0,0.0,-3402.1043738687467,11023198.876551468,-0.0003085360919247889,-0.000308536091924716,-3402.104373868555
2024-07-08,0.3150096642471062,21609.662967351484,0.0,0.0,0.0,0.0,21609.662967351484,11044808.53951882,0.001960380394961351,0.0,0.0
2024-07-09,0.3150096642471062,-2205.067649729743,0.0,0.0,0.0,0.0,-2205.067649729743,11042603.47186909,-0.0001996474309029362,-0.00019964743090294945,-2205.06764972955
2024-07-10,0.3150096642471062,7686.235807629391,0.0,0.0,0.0,0.0,7686.235807629391,11050289.70767672,0.0006960528671712239,0.0,0.0
2024-07-11,0.3150096642471062,23121.709355737596,0.0,0.0,0.0,0.0,23121.709355737596,11073411.417032456,0.002092407526625729,0.0,0.0
2024-07-12,0.3150096642471062,-35218.080462826474,0.0,0.0,0.0,0.0,-35218.080462826474,11038193.33656963,-0.0031804183134256296,-0.003180418313425637,-35218.080462826416
2024-07-15,0.3150096642471062,2835.0869782239556,0.0,0.0,0.0,0.0,2835.0869782239556,11041028.423547855,0.00025684338838596784,-0.002924391794455694,-32382.99348460138
2024-07-16,0.3150096642471062,9387.287994563765,31.50096642471062,60.48437561275838,252.00773139768495,343.993073435154,9043.29492112861,11050071.718468983,0.0008190627334897029,-0.0021077243213030172,-23339.6985634733
2024-07-17,0.3150096642471062,-14364.440689668043,0.0,0.0,0.0,0.0,-14364.440689668043,11035707.277779315,-0.0012999409465967045,-0.0034049253507503208,-37704.13925314136
2024-07-18,0.3150096642471062,-24507.75187842486,0.0,0.0,0.0,0.0,-24507.75187842486,11011199.52590089,-0.002220768570744157,-0.005618132370289852,-62211.89113156684
2024-07-19,0.3150096642471062,-29862.916170625667,0.0,0.0,0.0,0.0,-29862.916170625667,10981336.609730264,-0.002712049318548917,-0.008314945036772325,-92074.80730219185
2024-07-22,0.3150096642471062,-33391.024410193255,0.0,0.0,0.0,0.0,-33391.024410193255,10947945.58532007,-0.0030407067551873764,-0.011330368482417419,-125465.83171238564
2024-07-23,0.3150096642471062,28413.87171508898,0.0,0.0,0.0,0.0,28413.87171508898,10976359.45703516,0.002595361065110581,-0.008764413814519423,-97051.95999729633
2024-07-26,0.3150096642471062,-46306.42064432461,0.0,0.0,0.0,0.0,-46306.42064432461,10930053.036390835,-0.004218741270781278,-0.01294618029102712,-143358.3806416206
2024-07-29,0.3150096642471062,10458.320853003926,0.0,0.0,0.0,0.0,10458.320853003926,10940511.35724384,0.0009568408147868716,-0.012001726909938282,-132900.05978861637
2024-07-30,0.3150096642471062,-945.0289927413186,0.0,0.0,0.0,0.0,-945.0289927413186,10939566.328251097,-8.637886858145839e-05,-0.012087069082928337,-133845.08878135867
2024-07-31,0.3150096642471062,2772.0850453745343,0.0,0.0,0.0,0.0,2772.0850453745343,10942338.413296472,0.0002533999029025226,-0.011836732042157738,-131073.00373598374
2024-08-01,0.3150096642471062,22869.70162433991,0.0,0.0,0.0,0.0,22869.70162433991,10965208.114920812,0.0020900195881851016,-0.009771451455800939,-108203.3021116443
2024-08-02,0.3150096642471062,-70562.16479135178,0.0,0.0,0.0,0.0,-70562.16479135178,10894645.95012946,-0.006435095809566526,-0.01614366703905079,-178765.46690299548
2024-08-05,0.3150096642471062,-136021.17302190047,0.0,0.0,0.0,0.0,-136021.17302190047,10758624.777107561,-0.012485139365202055,-0.02842725047140482,-314786.639924895
2024-08-06,0.3150096642471062,65900.02176049461,0.0,0.0,0.0,0.0,65900.02176049461,10824524.798868055,0.006125320208277747,-0.022476056274905454,-248886.6181644015
2024-08-07,0.3150096642471062,44794.3742559385,0.0,0.0,0.0,0.0,44794.3742559385,10869319.173123993,0.004138230092153583,-0.018430837275181577,-204092.24390846305
2024-08-08,0.3150096642471062,-27405.840789498237,0.0,0.0,0.0,0.0,-27405.840789498237,10841913.332334494,-0.0025213944271011246,-0.020905760291890285,-231498.0846979618
2024-08-09,0.3150096642471062,49456.51728679567,0.0,0.0,0.0,0.0,49456.51728679567,10891369.84962129,0.004561604190221527,-0.016439519905416033,-182041.56741116568
2024-08-12,0.3150096642471062,12348.378838486562,0.0,0.0,0.0,0.0,12348.378838486562,10903718.228459777,0.0011337764678807536,-0.015324382178347196,-169693.18857267871
2024-08-13,0.3150096642471062,5796.177822146754,0.0,0.0,0.0,0.0,5796.177822146754,10909514.406281924,0.0005315781003051014,-0.014800950184008843,-163897.01075053215
2024-08-14,0.3150096642471062,13167.403965529038,0.0,0.0,0.0,0.0,13167.403965529038,10922681.810247453,0.0012069651750903757,-0.013611849240348861,-150729.6067850031
2024-08-15,0.3150096642471062,-8694.26673322013,0.0,0.0,0.0,0.0,-8694.26673322013,10913987.543514233,-0.0007959827892325248,-0.01439699723185639,-159423.87351822294
2024-08-16,0.3150096642471062,33202.01861164499,0.0,0.0,0.0,0.0,33202.01861164499,10947189.562125878,0.0030421528776048206,-0.01139864222080933,-126221.85490657762
2024-08-19,0.3150096642471062,-378.01159709652745,0.0,0.0,0.0,0.0,-378.01159709652745,10946811.550528781,-3.4530469665414277e-05,-0.011432779090005285,-126599.86650367454
2024-08-20,0.3150096642471062,4725.1449637065925,31.50096642471062,56.49887334070397,252.00773139768495,340.00757116309956,4385.137392543494,10951196.687921325,0.0004005858118870852,-0.01103677308721207,-122214.72911113128
2024-08-21,0.3150096642471062,-12600.386569884247,0.0,0.0,0.0,0.0,-12600.386569884247,10938596.301351441,-0.0011505944901694539,-0.012174668727078175,-134815.11568101496
2024-08-22,0.3150096642471062,-6489.199083490387,0.0,0.0,0.0,0.0,-6489.199083490387,10932107.10226795,-0.0005932387396624793,-0.012760684981609094,-141304.31476450525
2024-08-23,0.3150096642471062,1827.0560526332158,0.0,0.0,0.0,0.0,1827.0560526332158,10933934.158320583,0.00016712752953675132,-0.012595690113828661,-139477.25871187262
2024-08-26,0.3150096642471062,4851.148829405435,0.0,0.0,0.0,0.0,4851.148829405435,10938785.30714999,0.00044367825516068005,-0.012157600292480142,-134626.1098824665
2024-08-27,0.3150096642471062,-3780.1159709652743,0.0,0.0,0.0,0.0,-3780.1159709652743,10935005.191179024,-0.00034556999381772787,-0.012498968984439918,-138406.22585343197
2024-08-28,0.3150096642471062,16065.492876602415,0.0,0.0,0.0,0.0,16065.492876602415,10951070.684055626,0.0014691801783104793,-0.01104815204361076,-122340.73297682963
2024-08-29,0.3150096642471062,-14175.43489111978,0.0,0.0,0.0,0.0,-14175.43489111978,10936895.249164507,-0.0012944336951234104,-0.01232828463846003,-136516.16786794923
2024-08-30,0.3150096642471062,9261.284128864922,0.0,0.0,0.0,0.0,9261.284128864922,10946156.53329337,0.0008467927979444085,-0.011491931343158623,-127254.88373908587
2024-09-02,0.3150096642471062,-6048.185553544439,0.0,0.0,0.0,0.0,-6048.185553544439,10940108.347739827,-0.0005525396549143557,-0.012038121250294243,-133303.06929262914
2024-09-03,0.3150096642471062,-9891.303457359134,0.0,0.0,0.0,0.0,-9891.303457359134,10930217.044282468,-0.0009041321294960145,-0.012931369327589093,-143194.372749988
2024-09-04,0.3150096642471062,-70751.17058990005,0.0,0.0,0.0,0.0,-70751.17058990005,10859465.873692568,-0.006472988624403353,-0.019320653345436978,-213945.54333988763
2024-09-05,0.3150096642471062,14868.456152463412,0.0,0.0,0.0,0.0,14868.456152463412,10874334.329845032,0.0013691701162285303,-0.01797793649039503,-199077.0871874243
2024-09-06,0.3150096642471062,8568.262867521289,0.0,0.0,0.0,0.0,8568.262867521289,10882902.592712551,0.0007879344709869145,-0.01720416745528619,-190508.82431990467
2024-09-09,0.3150096642471062,-15498.475480957624,0.0,0.0,0.0,0.0,-15498.475480957624,10867404.117231594,-0.0014241123035811944,-0.01860377909232136,-206007.29980086163
2024-09-10,0.3150096642471062,-4599.141098007751,0.0,0.0,0.0,0.0,-4599.141098007751,10862804.976133587,-0.0004232051231733668,-0.0190191110008725,-210606.4408988692
2024-09-11,0.3150096642471062,315.0096642471062,0.0,0.0,0.0,0.0,315.0096642471062,10863119.985797834,2.899892476567576e-05,-0.01899066360987589,-210291.43123462237
2024-09-12,0.3150096642471062,44479.364591691396,0.0,0.0,0.0,0.0,44479.364591691396,10907599.350389525,0.004094529439962238,-0.014973892001148625,-165812.06664293073
2024-09-13,0.3150096642471062,6867.210680586915,0.0,0.0,0.0,0.0,6867.210680586915,10914466.561070113,0.000629580392530798,-0.01435373887742164,-158944.8559623435
2024-09-16,0.3150096642471062,-441.0135299459487,31.50096642471062,54.98934702963185,252.00773139768495,338.4980448520274,-779.5115747979762,10913687.049495313,-7.142003417540809e-05,-0.014424133767075964,-159724.3675371427
2024-09-18,0.3150096642471062,-8568.262867521289,0.0,0.0,0.0,0.0,-8568.262867521289,10905118.786627794,-0.0007850933262666273,-0.015197902802184804,-168292.63040466234
2024-09-19,0.3150096642471062,24066.738348478913,0.0,0.0,0.0,0.0,24066.738348478913,10929185.524976272,0.0022069212467442645,-0.013024522130040683,-144225.8920561839
2024-09-20,0.3150096642471062,9198.282196015502,0.0,0.0,0.0,0.0,9198.282196015502,10938383.807172287,0.0008416255882009535,-0.0121938583129384,-135027.60986016877
2024-09-23,0.3150096642471062,7434.228076231706,0.0,0.0,0.0,0.0,7434.228076231706,10945818.035248518,0.0006796459337399635,-0.011522499885417536,-127593.38178393804
2024-09-24,0.3150096642471062,9639.295725961449,0.0,0.0,0.0,0.0,9639.295725961449,10955457.33097448,0.0008806373077754709,-0.010652009720919953,-117954.08605797589
2024-09-25,0.3150096642471062,18963.581787675794,0.0,0.0,0.0,0.0,18963.581787675794,10974420.912762156,0.001730971260693961,-0.008939476782921618,-98990.50427030027
2024-09-26,0.3150096642471062,10395.318920154505,0.0,0.0,0.0,0.0,10395.318920154505,10984816.23168231,0.0009472316583069806,-0.008000712880032124,-88595.18535014614
2024-09-27,0.3150096642471062,-4599.141098007751,0.0,0.0,0.0,0.0,-4599.141098007751,10980217.090584302,-0.00041868166030333296,-0.008416044788583155,-93194.3264481537
2024-09-30,0.3150096642471062,-35155.07852997705,0.0,0.0,0.0,0.0,-35155.07852997705,10945062.012054326,-0.0032016742692749715,-0.011590773623809447,-128349.40497813001
2024-10-01,0.3150096642471062,4095.1256352123805,0.0,0.0,0.0,0.0,4095.1256352123805,10949157.137689538,0.00037415280340140795,-0.01122095754085295,-124254.27934291773
2024-10-04,0.3150096642471062,-6741.206814888073,0.0,0.0,0.0,0.0,-6741.206814888073,10942415.93087465,-0.0006156827169539174,-0.011829731708181357,-130995.48615780659
2024-10-07,0.3150096642471062,31185.956760463512,0.0,0.0,0.0,0.0,31185.956760463512,10973601.887635114,0.002850006521180625,-0.009013439999512873,-99809.52939734235
2024-10-08,0.3150096642471062,-12852.394301281933,0.0,0.0,0.0,0.0,-12852.394301281933,10960749.493333831,-0.0011712101853962656,-0.010174093552176244,-112661.9236986246
2024-10-09,0.3150096642471062,8001.2454718764975,0.0,0.0,0.0,0.0,8001.2454718764975,10968750.738805708,0.0007299907252458182,-0.009451529820861282,-104660.67822674848
2024-10-11,0.3150096642471062,13230.40589837846,0.0,0.0,0.0,0.0,13230.40589837846,10981981.144704087,0.001206190769890629,-0.008256739399001845,-91430.27232836932
2024-10-14,0.3150096642471062,6048.185553544439,0.0,0.0,0.0,0.0,6048.185553544439,10988029.330257632,0.0005507372006790501,-0.007710549491866114,-85382.08677482419
2024-10-15,0.3150096642471062,13671.419428324409,31.50096642471062,58.60439793653164,252.00773139768495,342.1130957589272,13329.306332565482,11001358.636590198,0.0012130752414230182,-0.006506827727129405,-72052.78044225834
2024-10-16,0.3150096642471062,-13986.429092571514,0.0,0.0,0.0,0.0,-13986.429092571514,10987372.207497625,-0.0012713365280223716,-0.007769891887380864,-86039.20953483135
2024-10-17,0.3150096642471062,12159.373039938298,0.0,0.0,0.0,0.0,12159.373039938298,10999531.580537563,0.0011066679830543029,-0.006671822594910171,-73879.83649489284
2024-10-18,0.3150096642471062,25263.77507261792,0.0,0.0,0.0,0.0,25263.77507261792,11024795.35561018,0.002296804630964407,-0.004390341836978728,-48616.06142227538
2024-10-21,0.3150096642471062,-5670.173956447911,0.0,0.0,0.0,0.0,-5670.173956447911,11019125.181653734,-0.0005143110392123999,-0.004902394874918281,-54286.23537872173
2024-10-22,0.3150096642471062,4158.127568061802,0.0,0.0,0.0,0.0,4158.127568061802,11023283.309221795,0.00037735550685864485,-0.004526889313762661,-50128.1078106612
2024-10-23,0.3150096642471062,-14301.438756818621,0.0,0.0,0.0,0.0,-14301.438756818621,11008981.870464977,-0.0012973846680375534,-0.005818400865010509,-64429.54656747915
2024-10-24,0.3150096642471062,-6426.197150640966,0.0,0.0,0.0,0.0,-6426.197150640966,11002555.673314337,-0.0005837231113879151,-0.0063987276413421945,-70855.74371811934
2024-10-25,0.3150096642471062,11151.342114347559,0.0,0.0,0.0,0.0,11151.342114347559,11013707.015428683,0.0010135228982657265,-0.005391690000060789,-59704.401603773236
2024-10-28,0.3150096642471062,-9765.299591660292,0.0,0.0,0.0,0.0,-9765.299591660292,11003941.715837022,-0.000886649661007003,-0.006273559120957062,-69469.70119543374
2024-10-29,0.3150096642471062,-22050.676497297434,0.0,0.0,0.0,0.0,-22050.676497297434,10981891.039339725,-0.00200388888515847,-0.008264876490722606,-91520.3776927311
2024-10-30,0.3150096642471062,-4536.139165158329,0.0,0.0,0.0,0.0,-4536.139165158329,10977354.900174567,-0.00041305628956878266,-0.008674518921074292,-96056.51685788855
2024-11-01,0.3150096642471062,-9513.291860262607,0.0,0.0,0.0,0.0,-9513.291860262607,10967841.608314306,-0.0008666287959872119,-0.009533630129173187,-105569.80871815048
2024-11-04,0.3150096642471062,18144.556660633316,0.0,0.0,0.0,0.0,18144.556660633316,10985986.164974937,0.0016543416023512424,-0.007895060407766219,-87425.25205751881
2024-11-05,0.3150096642471062,5922.181687845597,0.0,0.0,0.0,0.0,5922.181687845597,10991908.346662784,0.0005390669166074912,-0.007360249457029067,-81503.07036967203
2024-11-06,0.3150096642471062,11907.365308540615,0.0,0.0,0.0,0.0,11907.365308540615,11003815.711971324,0.0010832846247445075,-0.00628493807735564,-69595.70506113209
2024-11-07,0.3150096642471062,13104.402032679618,0.0,0.0,0.0,0.0,13104.402032679618,11016920.114004005,0.0011908961741719296,-0.005101526611894891,-56491.30302845128
2024-11-08,0.3150096642471062,15687.481279505888,0.0,0.0,0.0,0.0,15687.481279505888,11032607.59528351,0.001423944361688251,-0.003684846540261688,-40803.82174894586
2024-11-11,0.3150096642471062,-13104.402032679618,0.0,0.0,0.0,0.0,-13104.402032679618,11019503.19325083,-0.0011877882830058969,-0.004868258005722437,-53908.22378162667
2024-11-12,0.3150096642471062,-44353.36072599255,0.0,0.0,0.0,0.0,-44353.36072599255,10975149.832524838,-0.004024987329116423,-0.008873650658050902,-98261.5845076181
2024-11-13,0.3150096642471062,-5418.166225050227,0.0,0.0,0.0,0.0,-5418.166225050227,10969731.666299786,-0.0004936758320140196,-0.00936294578319341,-103679.7507326696
2024-11-14,0.3150096642471062,-6237.191352092703,0.0,0.0,0.0,0.0,-6237.191352092703,10963494.474947695,-0.0005685819436453524,-0.009926204124926952,-109916.94208476134
2024-11-15,0.3150096642471062,4725.1449637065925,0.0,0.0,0.0,0.0,4725.1449637065925,10968219.6199114,0.00043098894923547043,-0.009499493259977343,-105191.79712105542
2024-11-18,0.3150096642471062,-11655.35757714293,0.0,0.0,0.0,0.0,-11655.35757714293,10956564.262334257,-0.0010626480851991802,-0.010552046726853392,-116847.15469819866
2024-11-19,0.3150096642471062,17388.53346644026,31.50096642471062,57.6392083252785,252.00773139768495,341.1479061476741,17047.385560292587,10973611.64789455,0.0015559061355480703,-0.009012558585550279,-99799.76913790591
2024-11-20,0.3150096642471062,-7623.2338747799695,0.0,0.0,0.0,0.0,-7623.2338747799695,10965988.41401977,-0.0006946877764024572,-0.009700985447669175,-107423.0030126851
2024-11-21,0.3150096642471062,-12600.386569884247,0.0,0.0,0.0,0.0,-12600.386569884247,10953388.027449887,-0.001149042484284858,-0.010838881087535168,-120023.38958256878
2024-11-22,0.3150096642471062,29295.898774980877,0.0,0.0,0.0,0.0,29295.898774980877,10982683.926224867,0.0026745970015454113,-0.008193273724846684,-90727.49080758914
2024-11-25,0.3150096642471062,1764.0541197837947,0.0,0.0,0.0,0.0,1764.0541197837947,10984447.980344651,0.00016062140471615683,-0.008033968335265373,-88963.43668780476
2024-11-26,0.3150096642471062,-27090.831125251134,0.0,0.0,0.0,0.0,-27090.831125251134,10957357.149219401,-0.0024662897192218414,-0.010480443960977248,-116054.26781305484
2024-11-27,0.3150096642471062,-18207.55859348274,0.0,0.0,0.0,0.0,-18207.55859348274,10939149.590625918,-0.001661674283819419,-0.012124703160583783,-134261.8264065385
2024-11-28,0.3150096642471062,-630.0193284942123,0.0,0.0,0.0,0.0,-630.0193284942123,10938519.571297424,-5.7593081004586925e-05,-0.012181597942577116,-134891.8457350321
2024-11-29,0.3150096642471062,-1512.0463883861098,0.0,0.0,0.0,0.0,-1512.0463883861098,10937007.524909038,-0.00013823135558066796,-0.012318145419360937,-136403.89212341793
2024-12-02,0.3150096642471062,32382.993484602517,0.0,0.0,0.0,0.0,32382.993484602517,10969390.51839364,0.00296086414961773,-0.009393753624905354,-104020.89863881655
2024-12-03,0.3150096642471062,17955.550862085052,0.0,0.0,0.0,0.0,17955.550862085052,10987346.069255725,0.0016368777127568678,-0.007772252338096197,-86065.34777673148
2024-12-04,0.3150096642471062,11466.351778594666,0.0,0.0,0.0,0.0,11466.351778594666,10998812.42103432,0.0010435961246983267,-0.00673676730581807,-74598.9959981367
2024-12-05,0.3150096642471062,-2709.0831125251134,0.0,0.0,0.0,0.0,-2709.0831125251134,10996103.337921795,-0.0002463068746716887,-0.006981414868389213,-77308.07911066152
2024-12-06,0.3150096642471062,-4536.139165158329,0.0,0.0,0.0,0.0,-4536.139165158329,10991567.198756635,-0.00041252242051188613,-0.007391057298741122,-81844.21827582084
2024-12-09,0.3150096642471062,4410.135299459486,0.0,0.0,0.0,0.0,4410.135299459486,10995977.334056096,0.00040122898033670396,-0.006992793824787902,-77434.08297635987
2024-12-10,0.3150096642471062,-10017.307323057978,0.0,0.0,0.0,0.0,-10017.307323057978,10985960.026733037,-0.0009109974510435703,-0.007897420858481441,-87451.39029941894
2024-12-11,0.3150096642471062,-15246.467749559939,0.0,0.0,0.0,0.0,-15246.467749559939,10970713.558983477,-0.0013878138744779207,-0.009274274582719455,-102697.8580489792
2024-12-12,0.3150096642471062,16317.5006080001,0.0,0.0,0.0,0.0,16317.5006080001,10987031.059591478,0.0014873691232817172,-0.007800699729092808,-86380.35744097829
2024-12-13,0.3150096642471062,-7623.2338747799695,0.0,0.0,0.0,0.0,-7623.2338747799695,10979407.825716697,-0.0006938392941125824,-0.008489126591211926,-94003.59131575935
2024-12-16,0.3150096642471062,-1575.048321235531,0.0,0.0,0.0,0.0,-1575.048321235531,10977832.777395463,-0.00014345476060615477,-0.008631363546194981,-95578.63963699341
2024-12-17,0.3150096642471062,4410.135299459486,31.50096642471062,58.120543092248084,252.00773139768495,341.6292409146436,4068.5060585448427,10981901.283454007,0.00037061104327644104,-0.008263951381567436,-91510.13357844949
2024-12-18,0.3150096642471062,5544.170090749069,0.0,0.0,0.0,0.0,5544.170090749069,10987445.453544756,0.0005048461052096916,-0.007763277300026239,-85965.96348769963
2024-12-19,0.3150096642471062,-21042.645571706693,0.0,0.0,0.0,0.0,-21042.645571706693,10966402.80797305,-0.0019151535869439006,-0.009663563018602606,-107008.60905940644
2024-12-20,0.3150096642471062,-13482.413629776145,0.0,0.0,0.0,0.0,-13482.413629776145,10952920.394343274,-0.0012294289992680048,-0.010881111353259199,-120491.02268918231
2024-12-23,0.3150096642471062,38242.17323959869,0.0,0.0,0.0,0.0,38242.17323959869,10991162.567582872,0.003491504718627297,-0.0074275980862658075,-82248.84944958426
2024-12-24,0.3150096642471062,-1638.0502540849523,0.0,0.0,0.0,0.0,-1638.0502540849523,10989524.517328788,-0.0001490333933296726,-0.007575524519448318,-83886.89970366843
2024-12-25,0.3150096642471062,7119.2184119846,0.0,0.0,0.0,0.0,7119.2184119846,10996643.735740772,0.0006478186022296678,-0.006932613482924066,-76767.68129168451
2024-12-26,0.3150096642471062,-189.00579854826373,0.0,0.0,0.0,0.0,-189.00579854826373,10996454.729942223,-1.718758951278616e-05,-0.006949681917522099,-76956.68709023297
2024-12-27,0.3150096642471062,2898.088911073377,0.0,0.0,0.0,0.0,2898.088911073377,10999352.818853296,0.00026354756894348655,-0.006687965920352923,-74058.59817915969
2024-12-30,0.3150096642471062,-12285.376905637142,0.0,0.0,0.0,0.0,-12285.376905637142,10987067.44194766,-0.0011169181594556685,-0.007797414169222305,-86343.97508479655
2024-12-31,0.3150096642471062,-8568.262867521289,0.0,0.0,0.0,0.0,-8568.262867521289,10978499.179080138,-0.0007798498473585785,-0.008571183204331256,-94912.23795231804
2025-01-02,0.3150096642471062,-12537.384637034826,0.0,0.0,0.0,0.0,-12537.384637034826,10965961.794443103,-0.0011419944049297004,-0.009703389365998016,-107449.62258935347
2025-01-03,0.3150096642471062,8505.260934671867,0.0,0.0,0.0,0.0,8505.260934671867,10974467.055377776,0.0007756055596492984,-0.008935309809088299,-98944.36165468022
2025-01-06,0.3150096642471062,39817.22156083422,0.0,0.0,0.0,0.0,39817.22156083422,11014284.27693861,0.003628169036356325,-0.00533955958711152,-59127.14009384625
2025-01-07,0.3150096642471062,9009.276397467236,0.0,0.0,0.0,0.0,9009.276397467236,11023293.553336076,0.000817962944385828,-0.00452596420460738,-50117.86369637959
2025-01-08,0.3150096642471062,-19026.583720525214,0.0,0.0,0.0,0.0,-19026.583720525214,11004266.96961555,-0.0017260343860449068,-0.00624418662080517,-69144.44741690531
2025-01-09,0.3150096642471062,-21735.666833050327,0.0,0.0,0.0,0.0,-21735.666833050327,10982531.302782502,-0.00197520351815035,-0.008207056599573992,-90880.114249954
2025-01-10,0.3150096642471062,-3528.1082395675894,0.0,0.0,0.0,0.0,-3528.1082395675894,10979003.194542933,-0.00032124727372037794,-0.008525667378736612,-94408.22248952277
2025-01-13,0.3150096642471062,-32382.993484602517,0.0,0.0,0.0,0.0,-32382.993484602517,10946620.201058332,-0.002949538579303661,-0.011450059173192195,-126791.21597412415
2025-01-14,0.3150096642471062,13545.415562625567,31.50096642471062,57.41492144433457,252.00773139768495,340.92361926673016,13204.491943358835,10959824.69300169,0.0012062619969296284,-0.010257608947505936,-113586.72403076664
2025-01-15,0.3150096642471062,-19152.587586224057,0.0,0.0,0.0,0.0,-19152.587586224057,10940672.105415465,-0.0017475268193344181,-0.011987210320102304,-132739.31161699072
2025-01-16,0.3150096642471062,32698.003148849624,0.0,0.0,0.0,0.0,32698.003148849624,10973370.108564315,0.0029886649406725765,-0.009034371134649888,-100041.30846814066
2025-01-17,0.3150096642471062,10017.307323057978,0.0,0.0,0.0,0.0,10017.307323057978,10983387.415887373,0.0009128742787268093,-0.00812974410095646,-90024.00114508346
2025-01-20,0.3150096642471062,9828.301524509714,0.0,0.0,0.0,0.0,9828.301524509714,10993215.717411883,0.000894833365368972,-0.007242185501860843,-80195.69962057285
2025-01-21,0.3150096642471062,1197.0367241390036,0.0,0.0,0.0,0.0,1197.0367241390036,10994412.754136022,0.00010888867779088939,-0.007134085416073521,-78998.66289643385
2025-01-22,0.3150096642471062,20979.643638857273,0.0,0.0,0.0,0.0,20979.643638857273,11015392.397774879,0.0019082095704443037,-0.00523948917569661,-58019.019257577136
2025-02-03,0.3150096642471062,-69302.12613436337,0.0,0.0,0.0,0.0,-69302.12613436337,10946090.271640517,-0.006291389687430696,-0.011497915194959796,-127321.14539193921
2025-02-04,0.3150096642471062,14112.432958270358,0.0,0.0,0.0,0.0,14112.432958270358,10960202.704598786,0.0012892669992712652,-0.01022347207830998,-113208.71243366972
2025-02-05,0.3150096642471062,19593.601116170004,0.0,0.0,0.0,0.0,19593.601116170004,10979796.305714956,0.001787704264625392,-0.008454044358318313,-93615.11131750047
2025-02-06,0.3150096642471062,9891.303457359134,0.0,0.0,0.0,0.0,9891.303457359134,10989687.609172314,0.0009008640216950779,-0.007560796281023463,-83723.80786014162
2025-02-07,0.3150096642471062,8883.272531768394,0.0,0.0,0.0,0.0,8883.272531768394,10998570.881704085,0.0008083280296661168,-0.006758579854917679,-74840.53532837145
2025-02-10,0.3150096642471062,-11655.35757714293,0.0,0.0,0.0,0.0,-11655.35757714293,10986915.524126941,-0.0010597156396501839,-0.0078111333217938395,-86495.89290551469
2025-02-11,0.3150096642471062,5607.17202359849,0.0,0.0,0.0,0.0,5607.17202359849,10992522.69615054,0.0005103499714078357,-0.00730476976205352,-80888.72088191658
2025-02-12,0.3150096642471062,-1260.0386569884247,0.0,0.0,0.0,0.0,-1260.0386569884247,10991262.65749355,-0.00011462688700471607,-0.007418559326040186,-82148.7595389057
2025-02-13,0.3150096642471062,5292.162359351384,0.0,0.0,0.0,0.0,5292.162359351384,10996554.819852902,0.00048148811690377797,-0.006940643157296478,-76856.5971795544
2025-02-14,0.3150096642471062,-13860.425226872672,0.0,0.0,0.0,0.0,-13860.425226872672,10982694.394626029,-0.001260433422461498,-0.008192328361149137,-90717.02240642719
2025-02-17,0.3150096642471062,20475.628176061902,0.0,0.0,0.0,0.0,20475.628176061902,11003170.022802092,0.0018643538134031014,-0.006343247946366648,-70241.39423036389
2025-02-18,0.3150096642471062,9135.28026316608,31.50096642471062,59.60108851420948,252.00773139768495,343.10978633660505,8792.170476829475,11011962.193278922,0.0007990579495372044,-0.00554925861952682,-61449.22375353426
2025-02-19,0.3150096642471062,-2709.0831125251134,0.0,0.0,0.0,0.0,-2709.0831125251134,11009253.110166397,-0.00024601275094992463,-0.005793906182097963,-64158.30686605908
2025-02-20,0.3150096642471062,-4473.137232308908,0.0,0.0,0.0,0.0,-4473.137232308908,11004779.972934088,-0.0004063070571225426,-0.006197859134250527,-68631.44409836829
2025-02-21,0.3150096642471062,13041.400099830196,0.0,0.0,0.0,0.0,13041.400099830196,11017821.373033917,0.0011850668647537808,-0.005020137146989234,-55590.04399853945
2025-02-24,0.3150096642471062,-11781.361442841771,0.0,0.0,0.0,0.0,-11781.361442841771,11006040.011591075,-0.0010693004582263983,-0.0060840695702639724,-67371.40544138104
2025-02-25,0.3150096642471062,-16317.5006080001,0.0,0.0,0.0,0.0,-16317.5006080001,10989722.510983076,-0.0014825950651474308,-0.007557644423890397,-83688.90604938008
2025-02-26,0.3150096642471062,7686.235807629391,0.0,0.0,0.0,0.0,7686.235807629391,10997408.746790705,0.0006994021732530375,-0.006863528083572157,-76002.67024175078
2025-02-27,0.3150096642471062,-14175.43489111978,0.0,0.0,0.0,0.0,-14175.43489111978,10983233.311899586,-0.001288979542135914,-0.008143660678421427,-90178.10513287038
2025-03-03,0.3150096642471062,-30114.92390202335,0.0,0.0,0.0,0.0,-30114.92390202335,10953118.387997562,-0.0027418996798871495,-0.010863231257701389,-120293.02903489396
2025-03-04,0.3150096642471062,-8190.251270424761,0.0,0.0,0.0,0.0,-8190.251270424761,10944928.136727137,-0.0007477552036139449,-0.011602863423614274,-128483.28030531853
2025-03-05,0.3150096642471062,18900.57985482637,0.0,0.0,0.0,0.0,18900.57985482637,10963828.716581963,0.0017268802150836426,-0.009896019963815283,-109582.70045049302
2025-03-06,0.3150096642471062,-7875.241606177655,0.0,0.0,0.0,0.0,-7875.241606177655,10955953.474975785,-0.0007182930169519109,-0.010607204738731557,-117457.94205667078
2025-03-07,0.3150096642471062,-15309.46968240936,0.0,0.0,0.0,0.0,-15309.46968240936,10940644.005293377,-0.0013973653427223228,-0.011989747941168694,-132767.41173907928
2025-03-10,0.3150096642471062,-4662.143030857172,0.0,0.0,0.0,0.0,-4662.143030857172,10935981.86226252,-0.0004261305850552766,-0.01241076932791918,-137429.55476993695
2025-03-11,0.3150096642471062,-26145.802132509813,0.0,0.0,0.0,0.0,-26145.802132509813,10909836.06013001,-0.002390805184373319,-0.014771902780641222,-163575.3569024466
2025-03-12,0.3150096642471062,12663.38850273367,0.0,0.0,0.0,0.0,12663.38850273367,10922499.448632743,0.001160731328403001,-0.013628317662575884,-150911.96839971282
2025-03-13,0.3150096642471062,-19656.603049019428,0.0,0.0,0.0,0.0,-19656.603049019428,10902842.845583724,-0.0017996433088838474,-0.015403434860766896,-170568.57144873217
2025-03-14,0.3150096642471062,2583.0792468262707,0.0,0.0,0.0,0.0,2583.0792468262707,10905425.92483055,0.0002369179564825669,-0.01517016625459433,-167985.4922019057
2025-03-17,0.3150096642471062,12411.380771335984,0.0,0.0,0.0,0.0,12411.380771335984,10917837.305601886,0.0011380922539739164,-0.01404933904932637,-155574.11143057048
2025-03-18,0.3150096642471062,4536.139165158329,31.50096642471062,56.05785981075803,252.00773139768495,339.56655763315365,4196.572607525176,10922033.87820941,0.00038437764642013274,-0.013670361654783858,-151377.5388230458
2025-03-19,0.3150096642471062,-14175.43489111978,0.0,0.0,0.0,0.0,-14175.43489111978,10907858.44331829,-0.0012978750156965948,-0.014950494249633128,-165552.9737141654
2025-03-20,0.3150096642471062,20853.63977315843,0.0,0.0,0.0,0.0,20853.63977315843,10928712.083091449,0.0019117996334039812,-0.013067276965654795,-144699.33394100703
2025-03-21,0.3150096642471062,-11844.363375691193,0.0,0.0,0.0,0.0,-11844.363375691193,10916867.71971576,-0.001083784007268012,-0.014136898867128767,-156543.69731669687
2025-03-24,0.3150096642471062,-1071.0328584401611,0.0,0.0,0.0,0.0,-1071.0328584401611,10915796.686857319,-9.810807329889011e-05,-0.0142336199965174,-157614.73017513752
2025-03-25,0.3150096642471062,8694.26673322013,0.0,0.0,0.0,0.0,8694.26673322013,10924490.953590538,0.0007964848542560414,-0.01344847200500987,-148920.46344191767
2025-03-26,0.3150096642471062,441.0135299459487,0.0,0.0,0.0,0.0,441.0135299459487,10924931.967120484,4.036925215275146e-05,-0.013408645657614682,-148479.4499119725
2025-03-27,0.3150096642471062,-21231.651370254956,0.0,0.0,0.0,0.0,-21231.651370254956,10903700.31575023,-0.0019434126852371646,-0.015325999810788749,-169711.10128222592
2025-03-28,0.3150096642471062,-22995.705490038752,0.0,0.0,0.0,0.0,-22995.705490038752,10880704.61026019,-0.002108981797383206,-0.01740265935354446,-192706.80677226558
2025-03-31,0.3150096642471062,-52543.61199641731,0.0,0.0,0.0,0.0,-52543.61199641731,10828160.998263773,-0.004829063362943444,-0.02214768417178592,-245250.41876868345
2025-04-01,0.3150096642471062,25956.79633396155,0.0,0.0,0.0,0.0,25956.79633396155,10854117.794597736,0.0023971564828158317,-0.01980361915366169,-219293.6224347204
2025-04-02,0.3150096642471062,7749.237740478812,0.0,0.0,0.0,0.0,7749.237740478812,10861867.032338213,0.0007139445035630375,-0.019103813335144215,-211544.38469424285
2025-04-07,0.3150096642471062,-134635.13049921318,0.0,0.0,0.0,0.0,-134635.13049921318,10727231.901839001,-0.01239521070349823,-0.03126222824711289,-346179.5151934549
2025-04-08,0.3150096642471062,-61552.88839388455,0.0,0.0,0.0,0.0,-61552.88839388455,10665679.013445117,-0.005738002958930379,-0.0368208484478586,-407732.40358733945
2025-04-09,0.3150096642471062,-62119.905789529344,0.0,0.0,0.0,0.0,-62119.905789529344,10603559.107655587,-0.005824280452395128,-0.0424306739523983,-469852.30937686935
2025-04-10,0.3150096642471062,106977.28197831726,0.0,0.0,0.0,0.0,106977.28197831726,10710536.389633903,0.010088808945392826,-0.0327699399699356,-362875.02739855275
2025-04-11,0.3150096642471062,39187.20223234001,0.0,0.0,0.0,0.0,39187.20223234001,10749723.591866244,0.0036587525411208156,-0.029231084529952156,-323687.8251662124
2025-04-14,0.3150096642471062,-2079.063784030901,0.0,0.0,0.0,0.0,-2079.063784030901,10747644.528082212,-0.00019340625517143717,-0.029418837310530077,-325766.8889502436
2025-04-15,0.3150096642471062,19341.59338477232,31.50096642471062,49.868549927630895,252.00773139768495,333.37724775002647,19008.216137022293,10766652.744219236,0.0017685936753263722,-0.02770227360480637,-306758.67281321995
2025-04-16,0.3150096642471062,-26838.823393853447,0.0,0.0,0.0,0.0,-26838.823393853447,10739813.92082538,-0.002492773198082717,-0.0301259913177212,-333597.4962070752
2025-04-17,0.3150096642471062,1008.0309255907398,0.0,0.0,0.0,0.0,1008.0309255907398,10740821.951750973,9.38592542684641e-05,-0.030034959666531802,-332589.4652814828
2025-04-18,0.3150096642471062,-2457.0753811274285,0.0,0.0,0.0,0.0,-2457.0753811274285,10738364.876369845,-0.00022876046099310632,-0.03025684931630579,-335046.5406626109
2025-04-21,0.3150096642471062,-14553.446488216307,0.0,0.0,0.0,0.0,-14553.446488216307,10723811.429881629,-0.0013552758409468544,-0.031571118780351126,-349599.9871508274
2025-04-22,0.3150096642471062,-19026.583720525214,0.0,0.0,0.0,0.0,-19026.583720525214,10704784.846161103,-0.001774237065331839,-0.033289341196548916,-368626.57087135315
2025-04-23,0.3150096642471062,47692.463167011876,0.0,0.0,0.0,0.0,47692.463167011876,10752477.309328115,0.004455247242462338,-0.028982406199655864,-320934.1077043414
2025-04-24,0.3150096642471062,-5544.170090749069,0.0,0.0,0.0,0.0,-5544.170090749069,10746933.139237367,-0.0005156179298271409,-0.02948308028119684,-326478.2777950894
2025-04-25,0.3150096642471062,25641.786669714445,0.0,0.0,0.0,0.0,25641.786669714445,10772574.925907081,0.00238596317084132,-0.02716746265406944,-300836.49112537503
2025-04-28,0.3150096642471062,5796.177822146754,0.0,0.0,0.0,0.0,5796.177822146754,10778371.103729228,0.0005380494321935476,-0.02664403065973109,-295040.31330322847
2025-04-29,0.3150096642471062,11907.365308540615,0.0,0.0,0.0,0.0,11907.365308540615,10790278.469037767,0.0011047462732490965,-0.02556871928005766,-283132.9479946885
2025-04-30,0.3150096642471062,-315.0096642471062,0.0,0.0,0.0,0.0,-315.0096642471062,10789963.45937352,-2.91938400988457e-05,-0.025597166671054272,-283447.95765893534
2025-05-02,0.3150096642471062,33265.020544494415,0.0,0.0,0.0,0.0,33265.020544494415,10823228.479918016,0.003082959517865302,-0.022593122181807868,-250182.9371144399
2025-05-05,0.3150096642471062,-17199.527667891998,0.0,0.0,0.0,0.0,-17199.527667891998,10806028.952250123,-0.0015891309787837244,-0.024146349730225114,-267382.464782333
2025-05-06,0.3150096642471062,-4221.129500911223,0.0,0.0,0.0,0.0,-4221.129500911223,10801807.822749212,-0.0003906272618335215,-0.02452754476958019,-271603.59428324364
2025-05-07,0.3150096642471062,2772.0850453745343,0.0,0.0,0.0,0.0,2772.0850453745343,10804579.907794587,0.000256631583422209,-0.02427720772880959,-268831.5092378687
2025-05-08,0.3150096642471062,12222.37497278772,0.0,0.0,0.0,0.0,12222.37497278772,10816802.282767374,0.0011312216742430045,-0.023173448958139553,-256609.13426508196
2025-05-09,0.3150096642471062,17199.527667891998,0.0,0.0,0.0,0.0,17199.527667891998,10834001.810435267,0.0015900750719362938,-0.021620221409722307,-239409.60659718886
2025-05-12,0.3150096642471062,13734.42136117383,0.0,0.0,0.0,0.0,13734.42136117383,10847736.23179644,0.001267714515973672,-0.020379915162268447,-225675.1852360163
2025-05-13,0.3150096642471062,18522.568257729843,0.0,0.0,0.0,0.0,18522.568257729843,10866258.80005417,0.0017075054059147612,-0.0187072085716653,-207152.61697828583
2025-05-14,0.3150096642471062,25704.788602563865,0.0,0.0,0.0,0.0,25704.788602563865,10891963.588656735,0.0023655601321068962,-0.01638590146633845,-181447.82837572135
2025-05-15,0.3150096642471062,-4662.143030857172,0.0,0.0,0.0,0.0,-4662.143030857172,10887301.445625877,-0.00042803512818501225,-0.016806922853088935,-186109.97140657902
2025-05-16,0.3150096642471062,8001.2454718764975,0.0,0.0,0.0,0.0,8001.2454718764975,10895302.691097753,0.0007349153977077679,-0.016084359121774083,-178108.7259347029
2025-05-19,0.3150096642471062,-17829.54699638621,0.0,0.0,0.0,0.0,-17829.54699638621,10877473.144101366,-0.0016364434749439529,-0.01769448145218455,-195938.27293108962
2025-05-20,0.3150096642471062,63.00193284942124,31.50096642471062,54.16906186393239,252.00773139768495,337.677759686328,-274.6758268369067,10877198.46827453,-2.525180464231786e-05,-0.017719286439237925,-196212.948757926
2025-05-21,0.3150096642471062,13923.427159722094,0.0,0.0,0.0,0.0,13923.427159722094,10891121.895434253,0.0012800563674858453,-0.01646191175718592,-182289.5215982031
2025-05-22,0.3150096642471062,-10647.32665155219,0.0,0.0,0.0,0.0,-10647.32665155219,10880474.5687827,-0.0009776152313579131,-0.017423433572872793,-192936.8482497558
2025-05-23,0.3150096642471062,-2079.063784030901,0.0,0.0,0.0,0.0,-2079.063784030901,10878395.504998669,-0.0001910820866211082,-0.017611186353450714,-195015.912033787
2025-05-26,0.3150096642471062,-5355.164292200805,0.0,0.0,0.0,0.0,-5355.164292200805,10873040.340706468,-0.0004922751971777533,-0.018094792000393767,-200371.0763259884
2025-05-27,0.3150096642471062,-9576.293793112029,0.0,0.0,0.0,0.0,-9576.293793112029,10863464.046913356,-0.0008807374472124709,-0.018959592686692006,-209947.37011910044
2025-05-28,0.3150096642471062,1197.0367241390036,0.0,0.0,0.0,0.0,1197.0367241390036,10864661.083637495,0.00011018922868153814,-0.018851492600904796,-208750.33339496143
2025-05-29,0.3150096642471062,4284.1314337606445,0.0,0.0,0.0,0.0,4284.1314337606445,10868945.215071255,0.0003943180004218148,-0.018464608083350265,-204466.20196120068
2025-06-02,0.3150096642471062,-28602.877513637242,0.0,0.0,0.0,0.0,-28602.877513637242,10840342.33755762,-0.0026316148391267538,-0.021047631185846072,-233069.0794748366
2025-06-03,0.3150096642471062,6615.20294918923,0.0,0.0,0.0,0.0,6615.20294918923,10846957.540506808,0.0006102393027081898,-0.020450235974916464,-226453.87652564794
2025-06-04,0.3150096642471062,32193.987686054254,0.0,0.0,0.0,0.0,32193.987686054254,10879151.528192863,0.0029680200706815006,-0.017542912615058692,-194259.88883959316
2025-06-05,0.3150096642471062,4473.137232308908,0.0,0.0,0.0,0.0,4473.137232308908,10883624.66542517,0.00041116600138503095,-0.01713895966290635,-189786.7516072858
2025-06-06,0.3150096642471062,1575.048321235531,0.0,0.0,0.0,0.0,1575.048321235531,10885199.713746406,0.0001447172582346675,-0.016996722707923073,-188211.7032860499
2025-06-09,0.3150096642471062,9387.287994563765,0.0,0.0,0.0,0.0,9387.287994563765,10894587.00174097,0.0008623900563541339,-0.016148990456222867,-178824.4152914863
2025-06-10,0.3150096642471062,24318.746079876597,0.0,0.0,0.0,0.0,24318.746079876597,10918905.747820847,0.0022321861375736805,-0.013952851871281369,-154505.6692116093
2025-06-11,0.3150096642471062,14994.460018162255,0.0,0.0,0.0,0.0,14994.460018162255,10933900.207839008,0.0013732566581733515,-0.012598756059840732,-139511.2091934476
2025-06-12,0.3150096642471062,-6237.191352092703,0.0,0.0,0.0,0.0,-6237.191352092703,10927663.016486917,-0.00057044524218549,-0.013162014401574385,-145748.40054553933
2025-06-13,0.3150096642471062,-19656.603049019428,0.0,0.0,0.0,0.0,-19656.603049019428,10908006.413437897,-0.0017987929367297361,-0.014937131599765396,-165405.0035945587
2025-06-16,0.3150096642471062,5796.177822146754,0.0,0.0,0.0,0.0,5796.177822146754,10913802.591260044,0.0005313691248848433,-0.014413699605427044,-159608.82577241212
2025-06-17,0.3150096642471062,8001.2454718764975,31.50096642471062,55.36987870404236,252.00773139768495,338.8785765264379,7662.366895350059,10921464.958155394,0.0007020804006008146,-0.013721738780819392,-151946.45887706243
2025-06-18,0.3150096642471062,9198.282196015502,0.0,0.0,0.0,0.0,9198.282196015502,10930663.240351409,0.0008422205474501716,-0.01289107496371722,-142748.1766810473
2025-06-19,0.3150096642471062,-14238.4368239692,0.0,0.0,0.0,0.0,-14238.4368239692,10916424.80352744,-0.0013026141699624303,-0.014176897036765723,-156986.61350501515
2025-06-20,0.3150096642471062,-3213.098575320483,0.0,0.0,0.0,0.0,-3213.098575320483,10913211.704952119,-0.000294336161623376,-0.014467060424931732,-160199.7120803371
2025-06-23,0.3150096642471062,-11340.347912895822,0.0,0.0,0.0,0.0,-11340.347912895822,10901871.357039224,-0.0010391393679048562,-0.01549116650081106,-171540.05999323167
2025-06-24,0.3150096642471062,30618.93936481872,0.0,0.0,0.0,0.0,30618.93936481872,10932490.296404043,0.0028085948147836466,-0.012726080095936454,-140921.1206284128
2025-06-25,0.3150096642471062,12600.386569884247,0.0,0.0,0.0,0.0,12600.386569884247,10945090.682973927,0.0011525632521282745,-0.01158818445607046,-128320.73405852914
2025-06-26,0.3150096642471062,-2646.081179675692,0.0,0.0,0.0,0.0,-2646.081179675692,10942444.60179425,-0.00024175963967040578,-0.011827142540442481,-130966.81523820572
2025-06-27,0.3150096642471062,252.00773139768495,0.0,0.0,0.0,0.0,252.00773139768495,10942696.609525649,2.303029538357113e-05,-0.011804384627645104,-130714.80750680715
2025-06-30,0.3150096642471062,1512.0463883861098,0.0,0.0,0.0,0.0,1512.0463883861098,10944208.655914035,0.0001381785900076832,-0.011667837150861171,-129202.76111842133
2025-07-01,0.3150096642471062,13104.402032679618,0.0,0.0,0.0,0.0,13104.402032679618,10957313.057946716,0.0011973823274648787,-0.010484425685400312,-116098.35908574052
2025-07-02,0.3150096642471062,2709.0831125251134,0.0,0.0,0.0,0.0,2709.0831125251134,10960022.14105924,0.0002472397291378263,-0.010239778122829168,-113389.2759732157
2025-07-03,0.3150096642471062,17577.539264988525,0.0,0.0,0.0,0.0,17577.539264988525,10977599.680324228,0.0016037868390008315,-0.008652413705216078,-95811.73670822755
2025-07-04,0.3150096642471062,-15120.463883861097,0.0,0.0,0.0,0.0,-15120.463883861097,10962479.216440367,-0.0013773925379117584,-0.010017888473055403,-110932.20059208944
2025-07-07,0.3150096642471062,-6237.191352092703,0.0,0.0,0.0,0.0,-6237.191352092703,10956242.025088275,-0.0005689581005306558,-0.010581146814789055,-117169.39194418117
2025-07-08,0.3150096642471062,-5355.164292200805,0.0,0.0,0.0,0.0,-5355.164292200805,10950886.860796073,-0.0004887774731461956,-0.011064752461732108,-122524.55623638257
2025-07-09,0.3150096642471062,11529.353711444086,0.0,0.0,0.0,0.0,11529.353711444086,10962416.214507518,0.0010528237445972446,-0.010023577951254636,-110995.20252493769
2025-07-10,0.3150096642471062,11151.342114347559,0.0,0.0,0.0,0.0,11151.342114347559,10973567.556621866,0.001017233965226573,-0.00901654030997312,-99843.86041058972
2025-07-11,0.3150096642471062,9639.295725961449,0.0,0.0,0.0,0.0,9639.295725961449,10983206.852347827,0.0008784103871620796,-0.008146050145475647,-90204.56468462944
2025-07-14,0.3150096642471062,-13419.411696926723,0.0,0.0,0.0,0.0,-13419.411696926723,10969787.4406509,-0.0012218117966209588,-0.009357909001933007,-103623.9763815552
2025-07-15,0.3150096642471062,16317.5006080001,31.50096642471062,57.31285831311851,252.00773139768495,340.8215561355141,15976.679051864587,10985764.119702764,0.0014564255814711207,-0.007915112518521505,-87647.29732969217
2025-07-16,0.3150096642471062,15435.473548108203,0.0,0.0,0.0,0.0,15435.473548108203,11001199.593250873,0.0014050432341274257,-0.006521190359685458,-72211.82378158346
2025-07-17,0.3150096642471062,14364.440689668043,0.0,0.0,0.0,0.0,14364.440689668043,11015564.03394054,0.0013057158510677768,-0.005223989330238155,-57847.3830919154
2025-07-18,0.3150096642471062,7182.2203448340215,0.0,0.0,0.0,0.0,7182.2203448340215,11022746.254285375,0.0006520065901940714,-0.004575388815514558,-50665.16274708137
2025-07-21,0.3150096642471062,-2142.0657168803223,0.0,0.0,0.0,0.0,-2142.0657168803223,11020604.188568495,-0.00019433140049355117,-0.004768831074291713,-52807.22846396081
2025-07-22,0.3150096642471062,-14994.460018162255,0.0,0.0,0.0,0.0,-14994.460018162255,11005609.728550332,-0.001360584207689428,-0.00612292688573246,-67801.68848212436
2025-07-23,0.3150096642471062,12348.378838486562,0.0,0.0,0.0,0.0,12348.378838486562,11017958.107388819,0.0011220076981698587,-0.0050077891586636225,-55453.30964363739
2025-07-24,0.3150096642471062,7812.239673328234,0.0,0.0,0.0,0.0,7812.239673328234,11025770.347062148,0.0007090460498383291,-0.004302293861946582,-47641.06997030787
2025-07-25,0.3150096642471062,-4536.139165158329,0.0,0.0,0.0,0.0,-4536.139165158329,11021234.207896989,-0.0004114124475998176,-0.004711936292298491,-52177.20913546719
2025-07-28,0.3150096642471062,9702.29765881087,0.0,0.0,0.0,0.0,9702.29765881087,11030936.5055558,0.0008803276906917496,-0.0038357566496016737,-42474.911476656795
2025-07-29,0.3150096642471062,-14427.442622517463,0.0,0.0,0.0,0.0,-14427.442622517463,11016509.062933283,-0.0013079073218534975,-0.005138647157248211,-56902.3540991731
2025-07-30,0.3150096642471062,12474.382704185406,0.0,0.0,0.0,0.0,12474.382704185406,11028983.445637468,0.0011323353553220738,-0.004012130473780795,-44427.97139498778
2025-07-31,0.3150096642471062,14364.440689668043,0.0,0.0,0.0,0.0,14364.440689668043,11043347.886327136,0.0013024265346367819,-0.0027149294443334915,-30063.530705319718
2025-08-01,0.3150096642471062,-15435.473548108203,0.0,0.0,0.0,0.0,-15435.473548108203,11027912.412779028,-0.0013977168614980422,-0.004108851603169428,-45499.00425342843
2025-08-04,0.3150096642471062,-5292.162359351384,0.0,0.0,0.0,0.0,-5292.162359351384,11022620.250419676,-0.0004798879571458042,-0.004586767771913136,-50791.16661277972
2025-08-05,0.3150096642471062,19845.60884756769,0.0,0.0,0.0,0.0,19845.60884756769,11042465.859267244,0.0018004438506181947,-0.002794582139124091,-30945.55776521191
2025-08-06,0.3150096642471062,-9450.289927413185,0.0,0.0,0.0,0.0,-9450.289927413185,11033015.56933983,-0.0008558133706596117,-0.0036480038690237526,-40395.8476926256
2025-08-07,0.3150096642471062,36037.105589868945,0.0,0.0,0.0,0.0,36037.105589868945,11069052.674929699,0.003266296994088739,-0.0003936223390068605,-4358.742102757096
2025-08-08,0.3150096642471062,-3024.0927767722196,0.0,0.0,0.0,0.0,-3024.0927767722196,11066028.582152927,-0.0002732024921718449,-0.0006667172925746145,-7382.834879528731
2025-08-11,0.3150096642471062,13419.411696926723,0.0,0.0,0.0,0.0,13419.411696926723,11079447.993849855,0.0012126673627582425,0.0,0.0
2025-08-12,0.3150096642471062,-1701.0521869343734,0.0,0.0,0.0,0.0,-1701.0521869343734,11077746.941662919,-0.0001535322145903495,-0.00015353221459046829,-1701.05218693614
2025-08-13,0.3150096642471062,13356.409764077303,0.0,0.0,0.0,0.0,13356.409764077303,11091103.351426996,0.0012056973168293305,0.0,0.0
2025-08-14,0.3150096642471062,-6111.18748639386,0.0,0.0,0.0,0.0,-6111.18748639386,11084992.163940603,-0.0005509990568799078,-0.0005509990568798306,-6111.187486393377
2025-08-15,0.3150096642471062,3906.119836664117,0.0,0.0,0.0,0.0,3906.119836664117,11088898.283777267,0.0003523791247566864,-0.00019881409268862615,-2205.06764972955
2025-08-18,0.3150096642471062,7182.2203448340215,0.0,0.0,0.0,0.0,7182.2203448340215,11096080.5041221,0.0006476946727287957,0.0,0.0
2025-08-19,0.3150096642471062,-5292.162359351384,31.50096642471062,61.27063973471915,252.00773139768495,344.7793375571147,-5636.941696908499,11090443.562425192,-0.0005080119682634262,-0.0005080119682634443,-5636.941696908325
2025-08-20,0.3150096642471062,-38872.192568092905,0.0,0.0,0.0,0.0,-38872.192568092905,11051571.369857099,-0.0035050169408727024,-0.00401124831858124,-44509.13426500186
2025-08-21,0.3150096642471062,11655.35757714293,0.0,0.0,0.0,0.0,11655.35757714293,11063226.727434242,0.0010546335165452258,-0.002960845198955897,-32853.776687858626
2025-08-22,0.3150096642471062,-6426.197150640966,0.0,0.0,0.0,0.0,-6426.197150640966,11056800.530283602,-0.0005808610190285159,-0.0035399863784248975,-39279.973838498816
2025-08-25,0.3150096642471062,31563.96835756004,0.0,0.0,0.0,0.0,31563.96835756004,11088364.498641161,0.002854710842536149,-0.0006953811733857451,-7716.005480939522
2025-08-26,0.3150096642471062,126.00386569884247,0.0,0.0,0.0,0.0,126.00386569884247,11088490.502506861,1.1363611442813211e-05,-0.0006840254639842724,-7590.001615239307
2025-08-27,0.3150096642471062,13230.40589837846,0.0,0.0,0.0,0.0,13230.40589837846,11101720.908405239,0.001193165642824635,0.0,0.0
2025-08-28,0.3150096642471062,-14805.454219613992,0.0,0.0,0.0,0.0,-14805.454219613992,11086915.454185626,-0.0013336179446201547,-0.001333617944620058,-14805.454219613224
2025-08-29,0.3150096642471062,2457.0753811274285,0.0,0.0,0.0,0.0,2457.0753811274285,11089372.529566754,0.0002216193846954802,-0.0011122941155128352,-12348.378838485107
2025-09-01,0.3150096642471062,-16317.5006080001,0.0,0.0,0.0,0.0,-16317.5006080001,11073055.028958753,-0.0014714539136000692,-0.002582111339583637,-28665.87944648601
2025-09-02,0.3150096642471062,-2709.0831125251134,0.0,0.0,0.0,0.0,-2709.0831125251134,11070345.945846228,-0.00024465543659271964,-0.0028261350485991876,-31374.962559010834
2025-09-03,0.3150096642471062,2016.0618511814796,0.0,0.0,0.0,0.0,2016.0618511814796,11072362.007697409,0.00018211371722650984,-0.0026445360093317882,-29358.900707829744
2025-09-04,0.3150096642471062,8505.260934671867,0.0,0.0,0.0,0.0,8505.260934671867,11080867.26863208,0.000768152353468852,-0.0018784150624224782,-20853.639773158357
2025-09-05,0.3150096642471062,18081.554727783896,0.0,0.0,0.0,0.0,18081.554727783896,11098948.823359866,0.001631781546465184,-0.0002496986789926048,-2772.0850453730673
2025-09-08,0.3150096642471062,8316.255136123604,0.0,0.0,0.0,0.0,8316.255136123604,11107265.078495989,0.0007492831319863779,0.0,0.0
2025-09-09,0.3150096642471062,15813.485145204731,0.0,0.0,0.0,0.0,15813.485145204731,11123078.563641192,0.0014237064690046995,0.0,0.0
2025-09-10,0.3150096642471062,23688.726751382386,0.0,0.0,0.0,0.0,23688.726751382386,11146767.290392576,0.002129691579165451,0.0,0.0
2025-09-11,0.3150096642471062,3906.119836664117,0.0,0.0,0.0,0.0,3906.119836664117,11150673.41022924,0.00035042624779928894,0.0,0.0
2025-09-12,0.3150096642471062,13797.42329402325,0.0,0.0,0.0,0.0,13797.42329402325,11164470.833523262,0.0012373623355667448,0.0,0.0
2025-09-15,0.3150096642471062,-6678.204882038652,0.0,0.0,0.0,0.0,-6678.204882038652,11157792.628641224,-0.0005981658227800804,-0.0005981658227800501,-6678.204882038757
2025-09-16,0.3150096642471062,17388.53346644026,31.50096642471062,64.59966186648256,252.00773139768495,348.1083596888782,17040.425106751383,11174833.053747974,0.0015272218864338704,0.0,0.0
2025-09-17,0.3150096642471062,-10647.32665155219,0.0,0.0,0.0,0.0,-10647.32665155219,11164185.727096424,-0.0009527951424724988,-0.0009527951424723735,-10647.32665155083
2025-09-18,0.3150096642471062,15057.461951011675,0.0,0.0,0.0,0.0,15057.461951011675,11179243.189047435,0.0013487290805693013,0.0,0.0
2025-09-19,0.3150096642471062,-2394.073448278007,0.0,0.0,0.0,0.0,-2394.073448278007,11176849.115599157,-0.00021415344561280647,-0.00021415344561281913,-2394.07344827801
2025-09-22,0.3150096642471062,13860.425226872672,0.0,0.0,0.0,0.0,13860.425226872672,11190709.54082603,0.00124010130972674,0.0,0.0
2025-09-23,0.3150096642471062,24066.738348478913,0.0,0.0,0.0,0.0,24066.738348478913,11214776.279174509,0.002150599857915931,0.0,0.0
2025-09-24,0.3150096642471062,-2268.0695825791645,0.0,0.0,0.0,0.0,-2268.0695825791645,11212508.209591929,-0.00020223939614300636,-0.00020223939614305575,-2268.0695825796574
2025-09-25,0.3150096642471062,-8820.270598918973,0.0,0.0,0.0,0.0,-8820.270598918973,11203687.93899301,-0.0007866456312935873,-0.0009887259366990753,-11088.340181497857
2025-09-26,0.3150096642471062,-26964.82725955229,0.0,0.0,0.0,0.0,-26964.82725955229,11176723.111733459,-0.0024067813568516704,-0.0033931276463992077,-38053.16744104959
2025-09-30,0.3150096642471062,17955.550862085052,0.0,0.0,0.0,0.0,17955.550862085052,11194678.662595544,0.001606512989772029,-0.0017920657602671364,-20097.616578964517
2025-10-01,0.3150096642471062,5733.175889297333,0.0,0.0,0.0,0.0,5733.175889297333,11200411.83848484,0.000512134029219921,-0.0012808495089057237,-14364.44068966806
2025-10-02,0.3150096642471062,24318.746079876597,0.0,0.0,0.0,0.0,24318.746079876597,11224730.584564717,0.002171236775090439,0.0,0.0
2025-10-03,0.3150096642471062,19782.606914718268,0.0,0.0,0.0,0.0,19782.606914718268,11244513.191479435,0.0017624126268047454,0.0,0.0
2025-10-07,0.3150096642471062,36352.115254116055,0.0,0.0,0.0,0.0,36352.115254116055,11280865.306733552,0.003232875859993831,0.0,0.0
2025-10-08,0.3150096642471062,-14427.442622517463,0.0,0.0,0.0,0.0,-14427.442622517463,11266437.864111034,-0.0012789304924956172,-0.0012789304924957223,-14427.442622518167
2025-10-09,0.3150096642471062,15246.467749559939,0.0,0.0,0.0,0.0,15246.467749559939,11281684.331860594,0.0013532642644865768,0.0,0.0
2025-10-13,0.3150096642471062,-27153.833058100554,0.0,0.0,0.0,0.0,-27153.833058100554,11254530.498802494,-0.0024068953056429207,-0.0024068953056428644,-27153.833058100194
2025-10-14,0.3150096642471062,-11718.35950999235,31.50096642471062,67.39064749171193,252.00773139768495,350.8993453141075,-12069.258855306458,11242461.239947187,-0.0010723911456449163,-0.0034767053180736474,-39223.09191340767
2025-10-15,0.3150096642471062,32950.010880247304,0.0,0.0,0.0,0.0,32950.010880247304,11275411.250827434,0.0029308538563751446,-0.0005560411768874562,-6273.08103316091
2025-10-16,0.3150096642471062,33643.03214159094,0.0,0.0,0.0,0.0,33643.03214159094,11309054.282969024,0.002983752112733102,0.0,0.0
2025-10-17,0.3150096642471062,-31122.954827614092,0.0,0.0,0.0,0.0,-31122.954827614092,11277931.32814141,-0.0027520386805892335,-0.002752038680589264,-31122.95482761413
2025-10-20,0.3150096642471062,28665.879446486662,0.0,0.0,0.0,0.0,28665.879446486662,11306597.207587898,0.0025417675114724047,-0.00021726621162532211,-2457.075381126255
2025-10-21,0.3150096642471062,3150.096642471062,0.0,0.0,0.0,0.0,3150.096642471062,11309747.30423037,0.0002786069570389419,0.0,0.0
2025-10-22,0.3150096642471062,-8127.24933757534,0.0,0.0,0.0,0.0,-8127.24933757534,11301620.054892793,-0.0007186057406017703,-0.0007186057406018964,-8127.24933757633
2025-10-23,0.3150096642471062,-9324.286061714343,0.0,0.0,0.0,0.0,-9324.286061714343,11292295.768831078,-0.0008250397745124687,-0.001543052636796216,-17451.535399291664
2025-10-27,0.3150096642471062,42148.29307626281,0.0,0.0,0.0,0.0,42148.29307626281,11334444.061907342,0.0037324822108007706,0.0,0.0
2025-10-28,0.3150096642471062,-14049.431025420936,0.0,0.0,0.0,0.0,-14049.431025420936,11320394.63088192,-0.001239534197591401,-0.0012395341975913743,-14049.431025421247
2025-10-29,0.3150096642471062,25830.79246826271,0.0,0.0,0.0,0.0,25830.79246826271,11346225.423350183,0.0022817925797212557,0.0,0.0
2025-10-30,0.3150096642471062,-882.0270598918974,0.0,0.0,0.0,0.0,-882.0270598918974,11345343.396290291,-7.77374877531265e-05,-7.773748775319334e-05,-882.0270598921925
2025-10-31,0.3150096642471062,2079.063784030901,0.0,0.0,0.0,0.0,2079.063784030901,11347422.460074322,0.00018325260958700597,0.0,0.0
2025-11-03,0.3150096642471062,-5733.175889297333,0.0,0.0,0.0,0.0,-5733.175889297333,11341689.284185026,-0.0005052403670938838,-0.0005052403670937622,-5733.175889296457
2025-11-04,0.3150096642471062,-14049.431025420936,0.0,0.0,0.0,0.0,-14049.431025420936,11327639.853159605,-0.001238742366625368,-0.0017433568710711889,-19782.606914717704
2025-11-05,0.3150096642471062,-19656.603049019428,0.0,0.0,0.0,0.0,-19656.603049019428,11307983.250110585,-0.0017352778958219294,-0.0034756095582502144,-39439.209963737056
2025-11-06,0.3150096642471062,14427.442622517463,0.0,0.0,0.0,0.0,14427.442622517463,11322410.692733102,0.0012758634588865678,-0.002204180502596409,-25011.76734122075
2025-11-07,0.3150096642471062,-19152.587586224057,0.0,0.0,0.0,0.0,-19152.587586224057,11303258.105146877,-0.001691564465023026,-0.0038920164542067814,-44164.35492744483
2025-11-10,0.3150096642471062,18018.552794934472,0.0,0.0,0.0,0.0,18018.552794934472,11321276.657941813,0.0015941025700129613,-0.0023041181576259895,-26145.80213250965
2025-11-11,0.3150096642471062,-14868.456152463412,0.0,0.0,0.0,0.0,-14868.456152463412,11306408.20178935,-0.0013133197431433913,-0.0036144118569023664,-41014.25828497298
2025-11-12,0.3150096642471062,17262.529600741418,0.0,0.0,0.0,0.0,17262.529600741418,11323670.73139009,0.0015267916470598907,-0.002093138663674665,-23751.72868423164
2025-11-13,0.3150096642471062,-4662.143030857172,0.0,0.0,0.0,0.0,-4662.143030857172,11319008.588359233,-0.0004117165839106705,-0.0025039934676851505,-28413.871715089306
2025-11-14,0.3150096642471062,-36478.119119814895,0.0,0.0,0.0,0.0,-36478.119119814895,11282530.469239417,-0.003222730933990982,-0.005718654704469306,-64891.990834904835
2025-11-17,0.3150096642471062,4914.150762254857,0.0,0.0,0.0,0.0,4914.150762254857,11287444.620001674,0.000435553954465512,-0.005285591532674494,-59977.8400726486
2025-11-18,0.3150096642471062,-42463.30274050991,31.50096642471062,67.55067240114946,252.00773139768495,351.05937022354505,-42814.36211073346,11244630.25789094,-0.0037930960950067647,-0.009058638871078828,-102792.20218338259
2025-11-19,0.3150096642471062,-13230.40589837846,0.0,0.0,0.0,0.0,-13230.40589837846,11231399.85199256,-0.0011765976821775887,-0.010224578179757082,-116022.60808176175
2025-11-20,0.3150096642471062,55882.71443743664,0.0,0.0,0.0,0.0,55882.71443743664,11287282.566429999,0.004975578750098768,-0.005299872623578117,-60139.89364432357
2025-11-21,0.3150096642471062,-62749.92511802355,0.0,0.0,0.0,0.0,-62749.92511802355,11224532.641311973,-0.005559347411453209,-0.010829756201880536,-122889.81876234896
2025-11-24,0.3150096642471062,8127.24933757534,0.0,0.0,0.0,0.0,8127.24933757534,11232659.89064955,0.000724061268053419,-0.010113536340835338,-114762.56942477264
2025-11-25,0.3150096642471062,20034.614646115955,0.0,0.0,0.0,0.0,20034.614646115955,11252694.505295666,0.0017836037805073627,-0.008347971101979712,-94727.95477865636
2025-11-26,0.3150096642471062,24948.76540837081,0.0,0.0,0.0,0.0,24948.76540837081,11277643.270704037,0.0022171370063080974,-0.006149342691329496,-69779.18937028572
2025-11-27,0.3150096642471062,16002.490943752995,0.0,0.0,0.0,0.0,16002.490943752995,11293645.761647789,0.001418957007207588,-0.004739111337023538,-53776.69842653349
2025-11-28,0.3150096642471062,10143.31118875682,0.0,0.0,0.0,0.0,10143.31118875682,11303789.072836546,0.0008981432039601062,-0.0038452245337035063,-43633.38723777607
2025-12-01,0.3150096642471062,-21420.65716880322,0.0,0.0,0.0,0.0,-21420.65716880322,11282368.415667742,-0.0018949979542946275,-0.00573293579537304,-65054.04440657981
2025-12-02,0.3150096642471062,9891.303457359134,0.0,0.0,0.0,0.0,9891.303457359134,11292259.719125101,0.0008767045262963717,-0.004861257359837445,-55162.740949220955
2025-12-03,0.3150096642471062,12411.380771335984,0.0,0.0,0.0,0.0,12411.380771335984,11304671.099896438,0.00109910514636105,-0.0037674952464582523,-42751.36017788388
2025-12-04,0.3150096642471062,2583.0792468262707,0.0,0.0,0.0,0.0,2583.0792468262707,11307254.179143265,0.00022849662975598948,-0.003539859476668683,-40168.28093105741
2025-12-05,0.3150096642471062,13671.419428324409,0.0,0.0,0.0,0.0,13671.419428324409,11320925.59857159,0.0012090839395422766,-0.0023350555243679683,-26496.86150273308
2025-12-08,0.3150096642471062,17010.521869343735,0.0,0.0,0.0,0.0,17010.521869343735,11337936.120440932,0.0015025734178034018,-0.0008359906989245935,-9486.339633390307
2025-12-09,0.3150096642471062,-4158.127568061802,0.0,0.0,0.0,0.0,-4158.127568061802,11333777.992872871,-0.0003667446635693421,-0.0012024287673662037,-13644.46720145084
2025-12-10,0.3150096642471062,11214.34404719698,0.0,0.0,0.0,0.0,11214.34404719698,11344992.336920068,0.000989462124125689,-0.0002141564009628949,-2430.12315425463
2025-12-11,0.3150096642471062,-18144.556660633316,0.0,0.0,0.0,0.0,-18144.556660633316,11326847.780259434,-0.0015993449904400014,-0.0018131588814358501,-20574.679814888164
2025-12-12,0.3150096642471062,11466.351778594666,0.0,0.0,0.0,0.0,11466.351778594666,11338314.132038029,0.0010123162243407527,-0.0008026781472481037,-9108.328036293387
2025-12-15,0.3150096642471062,-24255.744147027177,0.0,0.0,0.0,0.0,-24255.744147027177,11314058.387891002,-0.002139272546567492,-0.002940233546491422,-33364.0721833203
2025-12-16,0.3150096642471062,-17829.54699638621,31.50096642471062,69.72675916176847,252.00773139768495,353.23545698416405,-18182.782453370375,11295875.60543763,-0.00160709639547474,-0.004542604703231756,-51546.85463669151
2025-12-17,0.3150096642471062,-1323.040589837846,0.0,0.0,0.0,0.0,-1323.040589837846,11294552.564847793,-0.0001171259879314675,-0.004659198634099582,-52869.89522652887
2025-12-18,0.3150096642471062,-6363.1952177915455,0.0,0.0,0.0,0.0,-6363.1952177915455,11288189.369630001,-0.0005633862148373911,-0.005219959920654382,-59233.09044432081
2025-12-19,0.3150096642471062,19089.585653374634,0.0,0.0,0.0,0.0,19089.585653374634,11307278.955283377,0.001691111393358946,-0.0035376760609899804,-40143.50479094498
2025-12-22,0.3150096642471062,28161.863983691295,0.0,0.0,0.0,0.0,28161.863983691295,11335440.819267068,0.0024905960218247324,-0.0010558909610892675,-11981.64080725424
2025-12-23,0.3150096642471062,4536.139165158329,0.0,0.0,0.0,0.0,4536.139165158329,11339976.958432227,0.00040017315934005545,-0.0006561403409709454,-7445.501642094925
2025-12-24,0.3150096642471062,3717.114038115853,0.0,0.0,0.0,0.0,3717.114038115853,11343694.072470343,0.00032778850007731856,-0.0003285669161519067,-3728.3876039795578
2025-12-26,0.3150096642471062,12663.38850273367,0.0,0.0,0.0,0.0,12663.38850273367,11356357.460973077,0.0011163372726584765,0.0,0.0
2025-12-29,0.3150096642471062,17451.53539928968,0.0,0.0,0.0,0.0,17451.53539928968,11373808.996372366,0.0015367194506921004,0.0,0.0
2025-12-30,0.3150096642471062,-4347.133366610065,0.0,0.0,0.0,0.0,-4347.133366610065,11369461.863005755,-0.00038220558899807155,-0.0003822055889981524,-4347.133366610855
2025-12-31,0.3150096642471062,8505.260934671867,0.0,0.0,0.0,0.0,8505.260934671867,11377967.123940427,0.0007480794638439751,0.0,0.0
2026-01-02,0.3150096642471062,28791.883312185506,0.0,0.0,0.0,0.0,28791.883312185506,11406759.007252613,0.002530494507371566,0.0,0.0
2026-01-05,0.3150096642471062,52921.62359351384,0.0,0.0,0.0,0.0,52921.62359351384,11459680.630846126,0.004639496947368254,0.0,0.0
2026-01-06,0.3150096642471062,19152.587586224057,0.0,0.0,0.0,0.0,19152.587586224057,11478833.21843235,0.0016713020373945557,0.0,0.0
2026-01-07,0.3150096642471062,-6363.1952177915455,0.0,0.0,0.0,0.0,-6363.1952177915455,11472470.02321456,-0.0005543416387977243,-0.0005543416387976396,-6363.195217790082
2026-01-08,0.3150096642471062,-3654.1121052664316,0.0,0.0,0.0,0.0,-3654.1121052664316,11468815.911109293,-0.0003185113665908327,-0.0008726764412755328,-10017.307323057204
2026-01-09,0.3150096642471062,-126.00386569884247,0.0,0.0,0.0,0.0,-126.00386569884247,11468689.907243595,-1.0986649944985912e-05,-0.0008836535034298931,-10143.311188755557
2026-01-12,0.3150096642471062,15435.473548108203,0.0,0.0,0.0,0.0,15435.473548108203,11484125.380791701,0.0013458794049666647,0.0,0.0
2026-01-13,0.3150096642471062,10899.334382949874,0.0,0.0,0.0,0.0,10899.334382949874,11495024.715174653,0.0009490783165063709,0.0,0.0
2026-01-14,0.3150096642471062,6804.2087477374935,0.0,0.0,0.0,0.0,6804.2087477374935,11501828.92392239,0.0005919264130641856,0.0,0.0
2026-01-15,0.3150096642471062,4284.1314337606445,0.0,0.0,0.0,0.0,4284.1314337606445,11506113.05535615,0.0003724739310676216,0.0,0.0
2026-01-16,0.3150096642471062,26712.819528154607,0.0,0.0,0.0,0.0,26712.819528154607,11532825.874884306,0.0023216197685211916,0.0,0.0
2026-01-19,0.3150096642471062,12285.376905637142,0.0,0.0,0.0,0.0,12285.376905637142,11545111.251789942,0.0010652529604553997,0.0,0.0
2026-01-20,0.3150096642471062,189.00579854826373,31.50096642471062,79.9771736363693,252.00773139768495,363.48587145876485,-174.48007291050118,11544936.771717032,-1.511289662829797e-05,-1.5112896628255434e-05,-174.4800729099661
2026-01-21,0.3150096642471062,-19908.61078041711,0.0,0.0,0.0,0.0,-19908.61078041711,11525028.160936614,-0.0017244451982785683,-0.0017395320335448217,-20083.090853327885
2026-01-22,0.3150096642471062,23499.720952834123,0.0,0.0,0.0,0.0,23499.720952834123,11548527.88188945,0.002039016358544355,0.0,0.0
2026-01-23,0.3150096642471062,18648.572123428687,0.0,0.0,0.0,0.0,18648.572123428687,11567176.454012878,0.0016148008052761095,0.0,0.0
2026-01-26,0.3150096642471062,-567.0173956447911,0.0,0.0,0.0,0.0,-567.0173956447911,11566609.436617233,-4.901951637887237e-05,-4.90195163789231e-05,-567.01739564538
2026-01-27,0.3150096642471062,22995.705490038752,0.0,0.0,0.0,0.0,22995.705490038752,11589605.14210727,0.001988111176058182,0.0,0.0
2026-01-28,0.3150096642471062,26334.807931058076,0.0,0.0,0.0,0.0,26334.807931058076,11615939.950038329,0.0022722782707564936,0.0,0.0
2026-01-29,0.3150096642471062,-9450.289927413185,0.0,0.0,0.0,0.0,-9450.289927413185,11606489.660110917,-0.0008135622229505415,-0.0008135622229503703,-9450.289927411824
2026-01-30,0.3150096642471062,-33391.024410193255,0.0,0.0,0.0,0.0,-33391.024410193255,11573098.635700723,-0.0028769270802826144,-0.00368814874404233,-42841.31433760561
2026-02-02,0.3150096642471062,-40132.23122508133,0.0,0.0,0.0,0.0,-40132.23122508133,11532966.404475642,-0.0034677170296709752,-0.007143076317505659,-82973.5455626864
2026-02-03,0.3150096642471062,41014.25828497323,0.0,0.0,0.0,0.0,41014.25828497323,11573980.662760615,0.0035562627035015614,-0.0036122162699002702,-41959.28727771342
2026-02-04,0.3150096642471062,10206.313121606241,0.0,0.0,0.0,0.0,10206.313121606241,11584186.975882221,0.0008818325707459615,-0.002733569069113817,-31752.974156107754
2026-02-05,0.3150096642471062,-32508.99735030136,0.0,0.0,0.0,0.0,-32508.99735030136,11551677.97853192,-0.002806325331072754,-0.005532223116063606,-64261.97150640935
2026-02-06,0.3150096642471062,-6300.193284942124,0.0,0.0,0.0,0.0,-6300.193284942124,11545377.785246978,-0.0005453920457833611,-0.006074597931364001,-70562.16479135118
2026-02-09,0.3150096642471062,53173.63132491153,0.0,0.0,0.0,0.0,53173.63132491153,11598551.41657189,0.004605620735326509,-0.0014969544902289078,-17388.533466439694
2026-02-10,0.3150096642471062,41329.26794922033,0.0,0.0,0.0,0.0,41329.26794922033,11639880.684521109,0.003563312905624534,0.0,0.0
2026-02-11,0.3150096642471062,24192.742214177757,31.50096642471062,85.10301089299821,252.00773139768495,368.61170871539383,23824.13050546236,11663704.815026572,0.002046767587329658,0.0,0.0
2026-02-23,0.3150096642471062,7056.216479135179,0.0,0.0,0.0,0.0,7056.216479135179,11670761.031505708,0.0006049721414455312,0.0,0.0
2026-02-24,0.3150096642471062,54559.673847598795,0.0,0.0,0.0,0.0,54559.673847598795,11725320.705353305,0.004674902836268575,0.0,0.0
2026-02-25,0.3150096642471062,41770.28147916628,0.0,0.0,0.0,0.0,41770.28147916628,11767090.986832472,0.0035623999145793657,0.0,0.0
2026-02-26,0.3150096642471062,7182.2203448340215,0.0,0.0,0.0,0.0,7182.2203448340215,11774273.207177306,0.0006103649876482659,0.0,0.0
2026-03-02,0.3150096642471062,-23436.7190199847,0.0,0.0,0.0,0.0,-23436.7190199847,11750836.48815732,-0.0019905023951455668,-0.0019905023951455325,-23436.719019984826
2026-03-03,0.3150096642471062,-57142.75309442506,0.0,0.0,0.0,0.0,-57142.75309442506,11693693.735062897,-0.004862866839481124,-0.006843689686535259,-80579.47211440839
2026-03-04,0.3150096642471062,-93935.88187848707,0.0,0.0,0.0,0.0,-93935.88187848707,11599757.85318441,-0.008033037636074348,-0.014821751705788144,-174515.35399289615
2026-03-05,0.3150096642471062,50716.5559437841,0.0,0.0,0.0,0.0,50716.5559437841,11650474.409128193,0.004372208160350623,-0.010514347329196316,-123798.79804911278
2026-03-06,0.3150096642471062,4095.1256352123805,0.0,0.0,0.0,0.0,4095.1256352123805,11654569.534763405,0.0003514986164000183,-0.010166544491334917,-119703.6724139005
2026-03-09,0.3150096642471062,-120837.70720518993,0.0,0.0,0.0,0.0,-120837.70720518993,11533731.827558216,-0.010368268587248427,-0.02042940361469292,-240541.3796190899
2026-03-10,0.3150096642471062,57331.758892973325,0.0,0.0,0.0,0.0,57331.758892973325,11591063.58645119,0.004970790005363851,-0.015560163884632439,-183209.620726116
2026-03-11,0.3150096642471062,81209.49144290398,0.0,0.0,0.0,0.0,81209.49144290398,11672273.077894093,0.0070062156796232115,-0.008662966069195255,-102000.12928321213
2026-03-12,0.3150096642471062,-28665.879446486662,0.0,0.0,0.0,0.0,-28665.879446486662,11643607.198447607,-0.002455895201833176,-0.011097585934225385,-130666.00872969814
2026-03-13,0.3150096642471062,-13545.415562625567,0.0,0.0,0.0,0.0,-13545.415562625567,11630061.782884981,-0.0011633349813133097,-0.012248010705613321,-144211.4242923241
2026-03-16,0.3150096642471062,-4095.1256352123805,0.0,0.0,0.0,0.0,-4095.1256352123805,11625966.65724977,-0.0003521155529232738,-0.012595813543474832,-148306.5499275364
2026-03-17,0.3150096642471062,34336.05340293457,31.50096642471062,85.31091727140131,252.00773139768495,368.8196150937969,33967.23378784078,11659933.89103761,0.0029216696373939237,-0.009710944712069125,-114339.31613969617
2026-03-18,0.3150096642471062,40384.238956479014,0.0,0.0,0.0,0.0,40384.238956479014,11700318.129994089,0.003463504967855804,-0.006281073649466173,-73955.07718321681
2026-03-19,0.3150096642471062,-62875.9289837224,0.0,0.0,0.0,0.0,-62875.9289837224,11637442.201010367,-0.005373864905650575,-0.011621184913861993,-136831.0061669387
2026-03-20,0.3150096642471062,378.01159709652745,0.0,0.0,0.0,0.0,378.01159709652745,11637820.212607462,3.248236086308625e-05,-0.011589080036521038,-136452.99456984363
2026-03-23,0.3150096642471062,-64702.98503635561,0.0,0.0,0.0,0.0,-64702.98503635561,11573117.227571107,-0.0055597168416695155,-0.017084364874731972,-201155.97960619815
2026-03-24,0.3150096642471062,15057.461951011675,0.0,0.0,0.0,0.0,15057.461951011675,11588174.68952212,0.0013010722742131803,-0.015805520593979883,-186098.51765518636
2026-03-25,0.3150096642471062,54622.67578044821,0.0,0.0,0.0,0.0,54622.67578044821,11642797.365302566,0.004713656571801368,-0.011166365818197188,-131475.84187473916
2026-03-26,0.3150096642471062,-12474.382704185406,0.0,0.0,0.0,0.0,-12474.382704185406,11630322.982598381,-0.0010714248743485908,-0.01222582677045203,-143950.22457892448
2026-03-27,0.3150096642471062,-20160.618511814795,0.0,0.0,0.0,0.0,-20160.618511814795,11610162.364086566,-0.0017334530212084122,-0.0139380868953084,-164110.8430907391
2026-03-30,0.3150096642471062,-41077.260217822644,0.0,0.0,0.0,0.0,-41077.260217822644,11569085.103868743,-0.003538043563015616,-0.01742681689970338,-205188.1033085622
2026-03-31,0.3150096642471062,-30807.945163366985,0.0,0.0,0.0,0.0,-30807.945163366985,11538277.158705376,-0.0026629543206545085,-0.020043364402999586,-235996.0484719295
2026-04-01,0.3150096642471062,89651.75044472642,0.0,0.0,0.0,0.0,89651.75044472642,11627928.909150103,0.00776994253228578,-0.012429157660278745,-146344.2980272025
2026-04-02,0.3150096642471062,-57646.768557220435,0.0,0.0,0.0,0.0,-57646.768557220435,11570282.140592882,-0.004957612744936698,-0.017325151454790078,-203991.06658442318
2026-04-07,0.3150096642471062,42337.29887481107,0.0,0.0,0.0,0.0,42337.29887481107,11612619.439467695,0.0036591414418733984,-0.01372940519259147,-161653.76770961098
2026-04-08,0.3150096642471062,115734.55064438682,0.0,0.0,0.0,0.0,115734.55064438682,11728353.990112081,0.009966274297342505,-0.003899961913337746,-45919.217065224424
2026-04-09,0.3150096642471062,-4032.123702362959,0.0,0.0,0.0,0.0,-4032.123702362959,11724321.866409717,-0.0003437928038122276,-0.004242413938309153,-49951.34076758847
2026-04-10,0.3150096642471062,40006.22735938249,0.0,0.0,0.0,0.0,40006.22735938249,11764328.0937691,0.003412242329682254,-0.0008446477530471563,-9945.11340820603
2026-04-13,0.3150096642471062,-6930.212613436336,0.0,0.0,0.0,0.0,-6930.212613436336,11757397.881155664,-0.0005890869889209294,-0.0014332371709665503,-16875.326021641493
2026-04-14,0.3150096642471062,58213.785952865226,31.50096642471062,92.0080227332948,252.00773139768495,375.5167205556903,57838.26923230954,11815236.150387973,0.004919308661401231,0.0,0.0
2026-04-15,0.3150096642471062,21294.65330310438,0.0,0.0,0.0,0.0,21294.65330310438,11836530.803691078,0.0018023045017517602,0.0,0.0
2026-04-16,0.3150096642471062,42085.291143413386,0.0,0.0,0.0,0.0,42085.291143413386,11878616.094834492,0.0035555427381044453,0.0,0.0
2026-04-17,0.3150096642471062,-35407.08626137474,0.0,0.0,0.0,0.0,-35407.08626137474,11843209.008573117,-0.0029807416940405866,-0.0029807416940406117,-35407.086261374876
2026-04-20,0.3150096642471062,10773.330517251032,0.0,0.0,0.0,0.0,10773.330517251032,11853982.339090368,0.0009096631250408891,-0.0020737900398040132,-24633.75574412383
2026-04-21,0.3150096642471062,50023.53468244046,0.0,0.0,0.0,0.0,50023.53468244046,11904005.873772807,0.004219977156324926,0.0,0.0
2026-04-22,0.3150096642471062,9954.305390208556,0.0,0.0,0.0,0.0,9954.305390208556,11913960.179163016,0.0008362147579362441,0.0,0.0
2026-04-23,0.3150096642471062,-20853.63977315843,0.0,0.0,0.0,0.0,-20853.63977315843,11893106.539389858,-0.0017503533216126166,-0.0017503533216126632,-20853.639773158357
2026-04-24,0.3150096642471062,84989.60741386925,0.0,0.0,0.0,0.0,84989.60741386925,11978096.146803727,0.007146123439858582,0.0,0.0
2026-04-27,0.3150096642471062,41833.283412015706,0.0,0.0,0.0,0.0,41833.283412015706,12019929.430215744,0.0034924818518157104,0.0,0.0
2026-04-28,0.3150096642471062,-8757.268666069553,0.0,0.0,0.0,0.0,-8757.268666069553,12011172.161549674,-0.0007285624027089125,-0.0007285624027089099,-8757.268666069955
2026-04-29,0.3150096642471062,-16317.5006080001,0.0,0.0,0.0,0.0,-16317.5006080001,11994854.660941673,-0.0013585269104905433,-0.002086099541569464,-25074.76927407086
2026-04-30,0.3150096642471062,-8190.251270424761,0.0,0.0,0.0,0.0,-8190.251270424761,11986664.409671249,-0.0006828137148751224,-0.002767488839067078,-33265.02054449543
2026-05-04,0.3150096642471062,105276.2297913829,0.0,0.0,0.0,0.0,105276.2297913829,12091940.639462631,0.008782779445000766,0.0,0.0
2026-05-05,0.3150096642471062,252.00773139768495,0.0,0.0,0.0,0.0,252.00773139768495,12092192.64719403,2.084096663320076e-05,0.0,0.0
2026-05-06,0.3150096642471062,29484.90457352914,0.0,0.0,0.0,0.0,29484.90457352914,12121677.551767558,0.0024383422786744186,0.0,0.0
2026-05-07,0.3150096642471062,52732.617794965576,0.0,0.0,0.0,0.0,52732.617794965576,12174410.169562524,0.004350273926175855,0.0,0.0
2026-05-08,0.3150096642471062,-25389.77893831676,0.0,0.0,0.0,0.0,-25389.77893831676,12149020.390624207,-0.002085503821925947,-0.0020855038219260713,-25389.77893831767
2026-05-11,0.3150096642471062,504.0154627953699,0.0,0.0,0.0,0.0,504.0154627953699,12149524.406087004,4.148609900962344e-05,-0.002044104242334255,-24885.763475520536
2026-05-12,0.3150096642471062,-15750.48321235531,0.0,0.0,0.0,0.0,-15750.48321235531,12133773.922874648,-0.0012963868120190942,-0.0033378411045712486,-40636.24668787606
2026-05-13,0.3150096642471062,-14238.4368239692,0.0,0.0,0.0,0.0,-14238.4368239692,12119535.486050678,-0.001173454929560442,-0.004507379228033459,-54874.68351184577
2026-05-14,0.3150096642471062,8379.257068973026,0.0,0.0,0.0,0.0,8379.257068973026,12127914.743119651,0.000691384342132367,-0.0038191112173234787,-46495.42644287273
2026-05-15,0.3150096642471062,-37171.14038115853,0.0,0.0,0.0,0.0,-37171.14038115853,12090743.602738492,-0.0030649242815832195,-0.006872330212202682,-83666.566824032
2026-05-18,0.3150096642471062,-12915.396234131355,0.0,0.0,0.0,0.0,-12915.396234131355,12077828.206504362,-0.0010682052864975221,-0.007933194439236901,-96581.96305816248
2026-05-19,0.3150096642471062,-35218.080462826474,31.50096642471062,101.59817695163368,252.00773139768495,385.1068747740292,-35603.1873376005,12042225.01916676,-0.0029478136904138824,-0.010857622550474177,-132185.15039576404
2026-05-20,0.3150096642471062,-15687.481279505888,0.0,0.0,0.0,0.0,-15687.481279505888,12026537.537887255,-0.0013027062070786112,-0.012146184465262166,-147872.63167526945
2026-05-21,0.3150096642471062,84359.58808537504,0.0,0.0,0.0,0.0,84359.58808537504,12110897.12597263,0.0070144534800325245,-0.005216929831120987,-63513.04358989373
2026-05-22,0.3150096642471062,61048.87293108918,0.0,0.0,0.0,0.0,61048.87293108918,12171945.99890372,0.005040821691083957,-0.0002024057530906065,-2464.1706588044763
2026-05-25,0.3150096642471062,90407.77363891948,0.0,0.0,0.0,0.0,90407.77363891948,12262353.772542639,0.007427552968692283,0.0,0.0
2026-05-26,0.3150096642471062,1008.0309255907398,0.0,0.0,0.0,0.0,1008.0309255907398,12263361.80346823,8.220533710647636e-05,0.0,0.0
2026-05-27,0.3150096642471062,57016.74922872622,0.0,0.0,0.0,0.0,57016.74922872622,12320378.552696954,0.004649357178110915,0.0,0.0
2026-05-28,0.3150096642471062,-60229.8478040467,0.0,0.0,0.0,0.0,-60229.8478040467,12260148.70489291,-0.004888636136173127,-0.0048886361361729636,-60229.847804045305
2026-05-29,0.3150096642471062,90911.78910171485,0.0,0.0,0.0,0.0,90911.78910171485,12351060.493994623,0.007415227277417346,0.0,0.0
2026-06-01,0.3150096642471062,47251.449637065925,0.0,0.0,0.0,0.0,47251.449637065925,12398311.94363169,0.0038256997980084945,0.0,0.0
2026-06-02,0.3150096642471062,3276.1005081699045,0.0,0.0,0.0,0.0,3276.1005081699045,12401588.044139858,0.00026423762549809463,0.0,0.0
2026-06-03,0.3150096642471062,49204.509555397985,0.0,0.0,0.0,0.0,49204.509555397985,12450792.553695258,0.003967597486730634,0.0,0.0
2026-06-04,0.3150096642471062,-36163.10945556779,0.0,0.0,0.0,0.0,-36163.10945556779,12414629.444239689,-0.002904482529896057,-0.0029044825298961685,-36163.109455568716
2026-06-05,0.3150096642471062,-68231.0932759232,0.0,0.0,0.0,0.0,-68231.0932759232,12346398.350963766,-0.005496023347485574,-0.008384542773585024,-104394.202731492
2026-06-08,0.3150096642471062,-134257.11890211666,0.0,0.0,0.0,0.0,-134257.11890211666,12212141.23206165,-0.010874193030685462,-0.01916756066767633,-238651.32163360715
2026-06-09,0.3150096642471062,99858.06356633267,0.0,0.0,0.0,0.0,99858.06356633267,12311999.295627981,0.0081769496166787,-0.011147343228852025,-138793.25806727633
2026-06-10,0.3150096642471062,-78311.4025318306,0.0,0.0,0.0,0.0,-78311.4025318306,12233687.893096153,-0.006360575618262028,-0.017437015327564143,-217104.66059910506
2026-06-11,0.3150096642471062,-11403.349845745244,0.0,0.0,0.0,0.0,-11403.349845745244,12222284.543250406,-0.000932126922428723,-0.018352888738559336,-228508.0104448516
2026-06-12,0.3150096642471062,59662.83040840191,0.0,0.0,0.0,0.0,59662.83040840191,12281947.373658808,0.004881479415511555,-0.01356099857164017,-168845.1800364498
2026-06-15,0.3150096642471062,87698.69052639436,0.0,0.0,0.0,0.0,87698.69052639436,12369646.064185202,0.0071404548365418385,-0.006517375432937622,-81146.48951005563
2026-06-16,0.3150096642471062,12096.371107088878,31.50096642471062,115.44600179193648,252.00773139768495,398.954699614332,11697.416407474546,12381343.480592677,0.0009456548996452683,-0.0055778837213031895,-69449.07310258038
2026-06-17,0.3150096642471062,11466.351778594666,0.0,0.0,0.0,0.0,11466.351778594666,12392809.832371272,0.0009260991585095568,-0.004656950236214263,-57982.72132398561
2026-06-18,0.3150096642471062,46495.42644287287,0.0,0.0,0.0,0.0,46495.42644287287,12439305.258814145,0.003751806658198056,-0.0009226155549193482,-11487.294881112874
2026-06-22,0.3150096642471062,103575.17760444852,0.0,0.0,0.0,0.0,103575.17760444852,12542880.436418593,0.008326443917039341,0.0,0.0
2026-06-23,0.3150096642471062,-61552.88839388455,0.0,0.0,0.0,0.0,-61552.88839388455,12481327.548024708,-0.0049073965669930225,-0.004907396566993016,-61552.888393884525
2026-06-24,0.3150096642471062,-66089.02755904288,0.0,0.0,0.0,0.0,-66089.02755904288,12415238.520465665,-0.005295031903036798,-0.010176443648646782,-127641.91595292836
2026-06-25,0.3150096642471062,9891.303457359134,0.0,0.0,0.0,0.0,9891.303457359134,12425129.823923025,0.0007967066795417585,-0.009387844609733742,-117750.61249556765
2026-06-26,0.3150096642471062,-136777.19621609352,0.0,0.0,0.0,0.0,-136777.19621609352,12288352.627706932,-0.011008110028174211,-0.02029261221151668,-254527.80871166103
2026-06-29,0.3150096642471062,74153.2749637688,0.0,0.0,0.0,0.0,74153.2749637688,12362505.9026707,0.0060344357954517916,-0.014380630881577261,-180374.53374789283
2026-06-30,0.3150096642471062,74342.28076231707,0.0,0.0,0.0,0.0,74342.28076231707,12436848.183433017,0.006013528434090109,-0.008453580780193759,-106032.25298557617
2026-07-01,0.3150096642471062,31563.96835756004,0.0,0.0,0.0,0.0,31563.96835756004,12468412.151790578,0.002537939507825306,-0.005937095949012927,-74468.28462801501
2026-07-02,0.3150096642471062,-39817.22156083422,0.0,0.0,0.0,0.0,-39817.22156083422,12428594.930229742,-0.003193447656052668,-0.009111583799923606,-114285.50618885085
2026-07-03,0.3150096642471062,23121.709355737596,0.0,0.0,0.0,0.0,23121.709355737596,12451716.63958548,0.0018603639015943205,-0.007268170759917036,-91163.79683311284
2026-07-06,0.3150096642471062,-5040.154627953699,0.0,0.0,0.0,0.0,-5040.154627953699,12446676.484957527,-0.0004047758854333748,-0.007670004665095487,-96203.95146106556
2026-07-07,0.3150096642471062,-69995.147395707,0.0,0.0,0.0,0.0,-69995.147395707,12376681.33756182,-0.005623601407194914,-0.013250473023262654,-166199.09885677323
2026-07-08,0.3150096642471062,-13293.407831227882,0.0,0.0,0.0,0.0,-13293.407831227882,12363387.929730592,-0.001074068845166426,-0.014310309948171063,-179492.50668800063
2026-07-09,0.3150096642471062,7182.2203448340215,0.0,0.0,0.0,0.0,7182.2203448340215,12370570.150075426,0.0005809265539231953,-0.013737696633291607,-172310.2863431666
2026-07-13,0.3150096642471062,-3843.1179038146956,0.0,0.0,0.0,0.0,-3843.1179038146956,12366727.03217161,-0.00031066619057903836,-0.014044094985990352,-176153.4042469822
2026-07-14,0.3150096642471062,-50527.55014523584,31.50096642471062,113.34047719610881,252.00773139768495,396.84917501850435,-50924.399320254335,12315802.632851357,-0.004117855855294314,-0.01810411928251421,-227077.8035672363
2026-07-15,0.3150096642471062,57646.768557220435,0.0,0.0,0.0,0.0,57646.768557220435,12373449.401408577,0.004680715522628836,-0.013508143992034594,-169431.0350100156
2026-07-16,0.3150096642471062,-22050.676497297434,0.0,0.0,0.0,0.0,-22050.676497297434,12351398.72491128,-0.0017820961465108683,-0.01526616732719066,-191481.71150731295
2026-07-17,0.3150096642471062,-187430.75022702818,0.0,0.0,0.0,0.0,-187430.75022702818,12163967.974684251,-0.015174860305416503,-0.030209365676017952,-378912.46173434146
2026-07-20,0.3150096642471062,-5292.162359351384,0.0,0.0,0.0,0.0,-5292.162359351384,12158675.8123249,-0.000435068751444058,-0.030631291276455475,-384204.62409369275
2026-07-21,0.3150096642471062,109371.35542659527,0.0,0.0,0.0,0.0,109371.35542659527,12268047.167751495,0.008995334452106098,-0.021911495534081005,-274833.26866709813
2026-07-22,0.3150096642471062,16002.490943752995,0.0,0.0,0.0,0.0,16002.490943752995,12284049.658695249,0.0013044040934092655,-0.02063567288513901,-258830.77772334404
2026-07-23,0.3150096642471062,18837.57792197695,0.0,0.0,0.0,0.0,18837.57792197695,12302887.236617226,0.0015334990044299271,-0.01913381866453423,-239993.19980136678
2026-07-24,0.3150096642471062,-64576.98117065677,0.0,0.0,0.0,0.0,-64576.98117065677,12238310.255446568,-0.005248928965101424,-0.02428231557463445,-304570.1809720248
2026-07-27,0.3150096642471062,126.00386569884247,0.0,0.0,0.0,0.0,126.00386569884247,12238436.259312268,1.029585482544581e-05,-0.024272269727004914,-304444.1771063246
2026-07-28,0.3150096642471062,-144526.43395657232,0.0,0.0,0.0,0.0,-144526.43395657232,12093909.825355696,-0.011809223898731479,-0.03579485695799978,-448970.61106289737
2026-07-29,0.3150096642471062,-76925.36000914333,0.0,0.0,0.0,0.0,-76925.36000914333,12016984.465346552,-0.00636066922277394,-0.04192784693578733,-525895.9710720405
2026-07-30,0.3150096642471062,-7686.235807629391,0.0,0.0,0.0,0.0,-7686.235807629391,12009298.229538923,-0.0006396143583104591,-0.042540643641184595,-533582.2068796698
2026-07-31,0.3150096642471062,214710.58715082757,0.0,0.0,0.0,0.0,214710.58715082757,12224008.81668975,0.017878695577957265,-0.02542251928057848,-318871.61972884275
2026-08-03,0.3150096642471062,-28224.865916540715,0.0,0.0,0.0,0.0,-28224.865916540715,12195783.95077321,-0.002308969695604652,-0.02767278914957838,-347096.4856453836
2026-08-04,0.3150096642471062,8001.2454718764975,0.0,0.0,0.0,0.0,8001.2454718764975,12203785.196245085,0.0006560665148031932,-0.027034877825107495,-339095.2401735075
2026-08-05,0.3150096642471062,72893.23630678037,0.0,0.0,0.0,0.0,72893.23630678037,12276678.432551866,0.00597300223943703,-0.02122335497146266,-266202.00386672653
2026-08-06,0.3150096642471062,-14742.45228676457,0.0,0.0,0.0,0.0,-14742.45228676457,12261935.980265101,-0.001200850243635498,-0.022398719144109958,-280944.4561534915
2026-08-07,0.3150096642471062,4347.133366610065,0.0,0.0,0.0,0.0,4347.133366610065,12266283.113631712,0.00035452259525792115,-0.0220521374008934,-276597.32278688066
2026-08-10,0.3150096642471062,40195.23315793075,0.0,0.0,0.0,0.0,40195.23315793075,12306478.346789643,0.0032768877732213078,-0.018847512007094447,-236402.08962894976
2026-08-11,0.3150096642471062,6489.199083490387,0.0,0.0,0.0,0.0,6489.199083490387,12312967.545873133,0.0005272994353565987,-0.018330150854177107,-229912.89054545946
2026-08-12,0.3150096642471062,27594.8465880465,0.0,0.0,0.0,0.0,27594.8465880465,12340562.392461179,0.002241120711578202,-0.016130110223324667,-202318.0439574141
2026-08-13,0.3150096642471062,30051.92196917393,0.0,0.0,0.0,0.0,30051.92196917393,12370614.314430352,0.002435214945109194,-0.013734175563697604,-172266.12198824063
2026-08-14,0.3150096642471062,-10332.316987305083,0.0,0.0,0.0,0.0,-10332.316987305083,12360281.997443048,-0.0008352307108348216,-0.014557935069313466,-182598.43897554465
2026-08-17,0.3150096642471062,2961.0908439227983,0.0,0.0,0.0,0.0,2961.0908439227983,12363243.088286972,0.0002395649908744278,-0.01432185765002103,-179637.34813162126
2026-08-18,0.3150096642471062,-50590.55207808525,31.50096642471062,113.71974883186233,252.00773139768495,397.2284466542579,-50987.78052473951,12312255.307762232,-0.004124142845095856,-0.018386935108361202,-230625.12865636125
2026-08-19,0.3150096642471062,-40195.23315793075,0.0,0.0,0.0,0.0,-40195.23315793075,12272060.0746043,-0.0032646523446106385,-0.021591560502160045,-270820.36181429215
2026-08-20,0.3150096642471062,21420.65716880322,0.0,0.0,0.0,0.0,21420.65716880322,12293480.731773105,0.0017454817723008829,-0.019883766405151215,-249399.7046454884
2026-08-21,0.3150096642471062,17640.541197837945,0.0,0.0,0.0,0.0,17640.541197837945,12311121.27297094,0.0014349508965548789,-0.018477347737026473,-231759.163447652
2026-08-24,0.3150096642471062,-24318.746079876597,0.0,0.0,0.0,0.0,-24318.746079876597,12286802.526891066,-0.0019753477803251267,-0.020416196329512748,-256077.90952752717
2026-08-25,0.3150096642471062,16695.512205096627,0.0,0.0,0.0,0.0,16695.512205096627,12303498.039096162,0.0013588166789981853,-0.01908512151860886,-239382.3973224312
2026-08-26,0.3150096642471062,61993.9019238305,0.0,0.0,0.0,0.0,61993.9019238305,12365491.941019993,0.0050387216486592525,-0.01414256448491269,-177388.49539859965
2026-08-27,0.3150096642471062,4221.129500911223,0.0,0.0,0.0,0.0,4221.129500911223,12369713.070520904,0.00034136365306328717,-0.01380602858932567,-173167.36589768901
2026-08-28,0.3150096642471062,17577.539264988525,0.0,0.0,0.0,0.0,17577.539264988525,12387290.609785892,0.001421014308478888,-0.012404632845015584,-155589.82663270086
2026-08-31,0.3150096642471062,-23562.722885683543,0.0,0.0,0.0,0.0,-23562.722885683543,12363727.886900209,-0.0019021692174614132,-0.014283206351725197,-179152.54951838404
2026-09-01,0.3150096642471062,77240.36967339044,0.0,0.0,0.0,0.0,77240.36967339044,12440968.256573599,0.006247336594590475,-0.008125101754864028,-101912.1798449941
2026-09-02,0.3150096642471062,-64261.97150640966,0.0,0.0,0.0,0.0,-64261.97150640966,12376706.28506719,-0.005165351295905342,-0.013248484045890518,-166174.15135140345
2026-09-03,0.3150096642471062,-22176.680362996274,0.0,0.0,0.0,0.0,-22176.680362996274,12354529.604704194,-0.001791807921446193,-0.01501655322867601,-188350.83171439916
2026-09-04,0.3150096642471062,54622.67578044821,0.0,0.0,0.0,0.0,54622.67578044821,12409152.280484641,0.004421267140729479,-0.0106616782813036,-133728.15593395196
2026-09-07,0.3150096642471062,48259.48056265667,0.0,0.0,0.0,0.0,48259.48056265667,12457411.761047298,0.003889023155800284,-0.006814118639218991,-85468.67537129484
2026-09-08,0.3150096642471062,-30870.947096216405,0.0,0.0,0.0,0.0,-30870.947096216405,12426540.81395108,-0.00247811886516795,-0.009275351308437707,-116339.62246751226
2026-09-09,0.3150096642471062,13041.400099830196,0.0,0.0,0.0,0.0,13041.400099830196,12439582.214050911,0.001049479520896823,-0.008235606078788149,-103298.22236768156
2026-09-10,0.3150096642471062,-19971.61271326653,0.0,0.0,0.0,0.0,-19971.61271326653,12419610.601337645,-0.0016054890244390962,-0.00982787292805809,-123269.83508094773
2026-09-11,0.3150096642471062,-41077.260217822644,0.0,0.0,0.0,0.0,-41077.260217822644,12378533.341119822,-0.0033074515406625107,-0.013102819255263243,-164347.09529877082
2026-09-14,0.3150096642471062,-27594.8465880465,0.0,0.0,0.0,0.0,-27594.8465880465,12350938.494531777,-0.0022292500918812516,-0.015302859886115794,-191941.94188681617
2026-09-15,0.3150096642471062,-10899.334382949874,31.50096642471062,115.10075119992165,252.00773139768495,398.60944902231716,-11297.94383197219,12339640.550699804,-0.0009147437530333596,-0.016203605443664837,-203239.88571878895
2026-09-16,0.3150096642471062,21294.65330310438,0.0,0.0,0.0,0.0,21294.65330310438,12360935.204002907,0.0017257109893607655,-0.014505857194285543,-181945.23241568543
2026-09-17,0.3150096642471062,23121.709355737596,0.0,0.0,0.0,0.0,23121.709355737596,12384056.913358646,0.0018705469265990465,-0.012662444154278862,-158823.52305994742
2026-09-18,0.3150096642471062,61300.88066248687,0.0,0.0,0.0,0.0,61300.88066248687,12445357.794021133,0.004949983764719442,-0.007775139282544696,-97522.6423974596
2026-09-21,0.3150096642471062,41518.273747768595,0.0,0.0,0.0,0.0,41518.273747768595,12486876.067768902,0.0033360450085022355,-0.004465032488636389,-56004.36864969134
2026-09-22,0.3150096642471062,10458.320853003926,0.0,0.0,0.0,0.0,10458.320853003926,12497334.388621904,0.0008375450189658663,-0.003631227135391102,-45546.047796688974
2026-09-23,0.3150096642471062,5859.179754996175,0.0,0.0,0.0,0.0,5859.179754996175,12503193.5683769,0.0004688343588157981,-0.0031640952206209993,-39686.8680416923
2026-09-24,0.3150096642471062,-13419.411696926723,0.0,0.0,0.0,0.0,-13419.411696926723,12489774.156679975,-0.0010732787286335487,-0.004233977993158722,-53106.27973861806
2026-09-29,0.3150096642471062,-22428.68809439396,0.0,0.0,0.0,0.0,-22428.68809439396,12467345.46858558,-0.0017957641037406832,-0.006022138871203286,-75534.96783301234
2026-09-30,0.3150096642471062,35470.088194224154,0.0,0.0,0.0,0.0,35470.088194224154,12502815.556779806,0.002845039329631108,-0.003194232763509275,-40064.87963878736
2026-10-01,0.3150096642471062,22365.68616154454,0.0,0.0,0.0,0.0,22365.68616154454,12525181.24294135,0.001788851963781588,-0.0014110948092794784,-17699.193477243185
2026-10-02,0.3150096642471062,-882.0270598918974,0.0,0.0,0.0,0.0,-882.0270598918974,12524299.215881458,-7.042030313046126e-05,-0.0014814157426856767,-18581.220537135378
2026-10-05,0.3150096642471062,80516.47018156035,15.75048321235531,62.93515080060086,126.00386569884247,204.68949971179865,80311.78068184854,12604610.996563306,0.006412477001508321,0.0,0.0
